<?xml version='1.0' encoding='utf-8'?>
<COLLADA xmlns="http://www.collada.org/2005/11/COLLADASchema" version="1.4.1"><asset><created>2026-10-07T00:00:00Z</created><modified>2026-10-07T00:00:00Z</modified><unit name="meter" meter="1" /><up_axis>Z_UP</up_axis></asset><library_effects><effect id="part0-effect"><profile_COMMON><technique sid="common"><phong><diffuse><color>0.788235294117647 0.8 0.6980392156862745 1.0</color></diffuse><specular><color>0.04 0.04 0.04 1</color></specular><shininess><float>2.733727810650887</float></shininess></phong></technique></profile_COMMON></effect><effect id="part1-effect"><profile_COMMON><technique sid="common"><phong><diffuse><color>0.49019607843137253 0.1607843137254902 0.12156862745098039 1.0</color></diffuse><specular><color>0.04 0.04 0.04 1</color></specular><shininess><float>1.1249999999999996</float></shininess></phong></technique></profile_COMMON></effect><effect id="part2-effect"><profile_COMMON><technique sid="common"><phong><diffuse><color>0.07058823529411765 0.09019607843137255 0.10196078431372549 1.0</color></diffuse><specular><color>0.04 0.04 0.04 1</color></specular><shininess><float>7.876543209876543</float></shininess></phong></technique></profile_COMMON></effect><effect id="part3-effect"><profile_COMMON><technique sid="common"><phong><diffuse><color>0.4 0.27058823529411763 0.2 1.0</color></diffuse><specular><color>0.04 0.04 0.04 1</color></specular><shininess><float>0.7681660899653981</float></shininess></phong></technique></profile_COMMON></effect></library_effects><library_materials><material id="part0-material" name="cream"><instance_effect url="#part0-effect" /></material><material id="part1-material" name="red"><instance_effect url="#part1-effect" /></material><material id="part2-material" name="dark"><instance_effect url="#part2-effect" /></material><material id="part3-material" name="brown"><instance_effect url="#part3-effect" /></material></library_materials><library_geometries><geometry id="part0"><mesh><source id="part0-positions"><float_array id="part0-positions-array" count="9180">0.136346047 -0.043310554 -0.0315869413 0.140207774 -0.046121228 -0.0314452251 0.140231393 -0.0461802769 -0.0371256249 0.136346047 -0.043310554 -0.0315869413 0.140231393 -0.0461802769 -0.0371256249 0.13654681 -0.043499507 -0.0372555319 0.13654681 -0.043499507 -0.0372555319 0.140231393 -0.0461802769 -0.0371256249 0.140278632 -0.0462629442 -0.0452742232 0.13654681 -0.043499507 -0.0372555319 0.140278632 -0.0462629442 -0.0452742232 0.136842048 -0.0437593152 -0.0454041302 0.136842048 -0.0437593152 -0.0454041302 0.140278632 -0.0462629442 -0.0452742232 0.140290441 -0.0463574207 -0.0544177815 0.136842048 -0.0437593152 -0.0454041302 0.140290441 -0.0463574207 -0.0544177815 0.137160907 -0.0440781752 -0.0545358736 0.137160907 -0.0440781752 -0.0545358736 0.140290441 -0.0463574207 -0.0544177815 0.140255012 -0.0464755156 -0.0630741871 0.137160907 -0.0440781752 -0.0545358736 0.140255012 -0.0464755156 -0.0630741871 0.137467955 -0.0444560813 -0.0631686665 0.137467955 -0.0444560813 -0.0631686665 0.140255012 -0.0464755156 -0.0630741871 0.140089679 -0.046629041 -0.0717217416 0.137467955 -0.0444560813 -0.0631686665 0.140089679 -0.046629041 -0.0717217416 0.137775004 -0.044940273 -0.0718044118 0.137775004 -0.044940273 -0.0718044118 0.140089679 -0.046629041 -0.0717217416 0.139853487 -0.0468061849 -0.0808741568 0.137775004 -0.044940273 -0.0718044118 0.139853487 -0.0468061849 -0.0808741568 0.138105672 -0.0455307505 -0.0809332028 0.138105672 -0.0455307505 -0.0809332028 0.139853487 -0.0468061849 -0.0808741568 0.139617296 -0.0469833258 -0.0890345643 0.138105672 -0.0455307505 -0.0809332028 0.139617296 -0.0469833258 -0.0890345643 0.138400911 -0.0460858004 -0.0890818012 0.138400911 -0.0460858004 -0.0890818012 0.139617296 -0.0469833258 -0.0890345643 0.139451962 -0.0471014236 -0.0947267734 0.138400911 -0.0460858004 -0.0890818012 0.139451962 -0.0471014236 -0.0947267734 0.138601673 -0.0464755156 -0.0947503918 0.138601673 -0.0464755156 -0.0947503918 0.139451962 -0.0471014236 -0.0947267734 0.139251199 -0.0471722788 -0.094821247 0.138601673 -0.0464755156 -0.0947503918 0.139251199 -0.0471722788 -0.094821247 0.138601673 -0.0466998963 -0.0948448712 0.138601673 -0.0466998963 -0.0948448712 0.139251199 -0.0471722788 -0.094821247 0.139038628 -0.0472313277 -0.0949157264 0.138601673 -0.0466998963 -0.0948448712 0.139038628 -0.0472313277 -0.0949157264 0.138601673 -0.0469242798 -0.0949393448 0.138601673 -0.0469242798 -0.0949393448 0.139038628 -0.0472313277 -0.0949157264 0.138826055 -0.0473021858 -0.0950220092 0.138601673 -0.0469242798 -0.0949393448 0.138826055 -0.0473021858 -0.0950220092 0.138613484 -0.0471486604 -0.0950220092 0.138613484 -0.0471486604 -0.0950220092 0.138826055 -0.0473021858 -0.0950220092 0.138613484 -0.0473730439 -0.0951164886 0.140207774 -0.046121228 -0.0314452251 0.138731578 -0.0506590528 -0.031504274 0.138826055 -0.0505173366 -0.0371846738 0.140207774 -0.046121228 -0.0314452251 0.138826055 -0.0505173366 -0.0371846738 0.140231393 -0.0461802769 -0.0371256249 0.140231393 -0.0461802769 -0.0371256249 0.138826055 -0.0505173366 -0.0371846738 0.13896777 -0.0503047652 -0.0453214629 0.140231393 -0.0461802769 -0.0371256249 0.13896777 -0.0503047652 -0.0453214629 0.140278632 -0.0462629442 -0.0452742232 0.140278632 -0.0462629442 -0.0452742232 0.13896777 -0.0503047652 -0.0453214629 0.139097675 -0.0500449569 -0.0544650183 0.140278632 -0.0462629442 -0.0452742232 0.139097675 -0.0500449569 -0.0544650183 0.140290441 -0.0463574207 -0.0544177815 0.140290441 -0.0463574207 -0.0544177815 0.139097675 -0.0500449569 -0.0544650183 0.139192152 -0.0497497153 -0.0631096205 0.140290441 -0.0463574207 -0.0544177815 0.139192152 -0.0497497153 -0.0631096205 0.140255012 -0.0464755156 -0.0630741871 0.140255012 -0.0464755156 -0.0630741871 0.139192152 -0.0497497153 -0.0631096205 0.139203961 -0.0493481909 -0.0717571692 0.140255012 -0.0464755156 -0.0630741871 0.139203961 -0.0493481909 -0.0717571692 0.140089679 -0.046629041 -0.0717217416 0.140089679 -0.046629041 -0.0717217416 0.139203961 -0.0493481909 -0.0717571692 0.139192152 -0.048864002 -0.0808977752 0.140089679 -0.046629041 -0.0717217416 0.139192152 -0.048864002 -0.0808977752 0.139853487 -0.0468061849 -0.0808741568 0.139853487 -0.0468061849 -0.0808741568 0.139192152 -0.048864002 -0.0808977752 0.139156723 -0.048415235 -0.0890581828 0.139853487 -0.0468061849 -0.0808741568 0.139156723 -0.048415235 -0.0890581828 0.139617296 -0.0469833258 -0.0890345643 0.139617296 -0.0469833258 -0.0890345643 0.139156723 -0.048415235 -0.0890581828 0.139133104 -0.0481081899 -0.0947385826 0.139617296 -0.0469833258 -0.0890345643 0.139133104 -0.0481081899 -0.0947385826 0.139451962 -0.0471014236 -0.0947267734 0.139451962 -0.0471014236 -0.0947267734 0.139133104 -0.0481081899 -0.0947385826 0.139003199 -0.0479280909 -0.0948330562 0.139451962 -0.0471014236 -0.0947267734 0.139003199 -0.0479280909 -0.0948330562 0.139251199 -0.0471722788 -0.094821247 0.139251199 -0.0471722788 -0.094821247 0.139003199 -0.0479280909 -0.0948330562 0.138873293 -0.0477391379 -0.0949275356 0.139251199 -0.0471722788 -0.094821247 0.138873293 -0.0477391379 -0.0949275356 0.139038628 -0.0472313277 -0.0949157264 0.139038628 -0.0472313277 -0.0949157264 0.138873293 -0.0477391379 -0.0949275356 0.138743388 -0.0475619969 -0.0950220092 0.139038628 -0.0472313277 -0.0949157264 0.138743388 -0.0475619969 -0.0950220092 0.138826055 -0.0473021858 -0.0950220092 0.138826055 -0.0473021858 -0.0950220092 0.138743388 -0.0475619969 -0.0950220092 0.138613484 -0.0473730439 -0.0951164886 0.138731578 -0.0506590528 -0.031504274 0.133960515 -0.0506590528 -0.0316696057 0.134267564 -0.0505173366 -0.0373381963 0.138731578 -0.0506590528 -0.031504274 0.134267564 -0.0505173366 -0.0373381963 0.138826055 -0.0505173366 -0.0371846738 0.138826055 -0.0505173366 -0.0371846738 0.134267564 -0.0505173366 -0.0373381963 0.134716327 -0.0503047652 -0.0454749883 0.138826055 -0.0505173366 -0.0371846738 0.134716327 -0.0503047652 -0.0454749883 0.13896777 -0.0503047652 -0.0453214629 0.13896777 -0.0503047652 -0.0453214629 0.134716327 -0.0503047652 -0.0454749883 0.135224138 -0.0500449569 -0.0546067346 0.13896777 -0.0503047652 -0.0453214629 0.135224138 -0.0500449569 -0.0546067346 0.139097675 -0.0500449569 -0.0544650183 0.139097675 -0.0500449569 -0.0544650183 0.135224138 -0.0500449569 -0.0546067346 0.135755568 -0.0497497153 -0.0632277125 0.139097675 -0.0500449569 -0.0544650183 0.135755568 -0.0497497153 -0.0632277125 0.139192152 -0.0497497153 -0.0631096205 0.139192152 -0.0497497153 -0.0631096205 0.135755568 -0.0497497153 -0.0632277125 0.136346047 -0.0493481909 -0.0718634578 0.139192152 -0.0497497153 -0.0631096205 0.136346047 -0.0493481909 -0.0718634578 0.139203961 -0.0493481909 -0.0717571692 0.139203961 -0.0493481909 -0.0717571692 0.136346047 -0.0493481909 -0.0718634578 0.137019192 -0.048864002 -0.0809804396 0.139203961 -0.0493481909 -0.0717571692 0.137019192 -0.048864002 -0.0809804396 0.139192152 -0.048864002 -0.0808977752 0.139192152 -0.048864002 -0.0808977752 0.137019192 -0.048864002 -0.0809804396 0.137645099 -0.048415235 -0.0891054196 0.139192152 -0.048864002 -0.0808977752 0.137645099 -0.048415235 -0.0891054196 0.139156723 -0.048415235 -0.0890581828 0.139156723 -0.048415235 -0.0890581828 0.137645099 -0.048415235 -0.0891054196 0.138070243 -0.0481081899 -0.0947740102 0.139156723 -0.048415235 -0.0890581828 0.138070243 -0.0481081899 -0.0947740102 0.139133104 -0.0481081899 -0.0947385826 0.139133104 -0.0481081899 -0.0947385826 0.138070243 -0.0481081899 -0.0947740102 0.138200148 -0.0479280909 -0.0948566804 0.139133104 -0.0481081899 -0.0947385826 0.138200148 -0.0479280909 -0.0948566804 0.139003199 -0.0479280909 -0.0948330562 0.139003199 -0.0479280909 -0.0948330562 0.138200148 -0.0479280909 -0.0948566804 0.138341863 -0.0477391379 -0.094951154 0.139003199 -0.0479280909 -0.0948330562 0.138341863 -0.0477391379 -0.094951154 0.138873293 -0.0477391379 -0.0949275356 0.138873293 -0.0477391379 -0.0949275356 0.138341863 -0.0477391379 -0.094951154 0.138471769 -0.0475619969 -0.0950338242 0.138873293 -0.0477391379 -0.0949275356 0.138471769 -0.0475619969 -0.0950338242 0.138743388 -0.0475619969 -0.0950220092 0.138743388 -0.0475619969 -0.0950220092 0.138471769 -0.0475619969 -0.0950338242 0.138613484 -0.0473730439 -0.0951164886 0.133960515 -0.0506590528 -0.0316696057 0.13248432 -0.046121228 -0.0317286546 0.132862226 -0.0461802769 -0.0373972452 0.133960515 -0.0506590528 -0.0316696057 0.132862226 -0.0461802769 -0.0373972452 0.134267564 -0.0505173366 -0.0373381963 0.134267564 -0.0505173366 -0.0373381963 0.132862226 -0.0461802769 -0.0373972452 0.133393656 -0.0462629442 -0.0455222251 0.134267564 -0.0505173366 -0.0373381963 0.133393656 -0.0462629442 -0.0455222251 0.134716327 -0.0503047652 -0.0454749883 0.134716327 -0.0503047652 -0.0454749883 0.133393656 -0.0462629442 -0.0455222251 0.134031373 -0.0463574207 -0.0546421622 0.134716327 -0.0503047652 -0.0454749883 0.134031373 -0.0463574207 -0.0546421622 0.135224138 -0.0500449569 -0.0546067346 0.135224138 -0.0500449569 -0.0546067346 0.134031373 -0.0463574207 -0.0546421622 0.134692708 -0.0464755156 -0.0632749494 0.135224138 -0.0500449569 -0.0546067346 0.134692708 -0.0464755156 -0.0632749494 0.135755568 -0.0497497153 -0.0632277125 0.135755568 -0.0497497153 -0.0632277125 0.134692708 -0.0464755156 -0.0632749494 0.135472139 -0.046629041 -0.0718870762 0.135755568 -0.0497497153 -0.0632277125 0.135472139 -0.046629041 -0.0718870762 0.136346047 -0.0493481909 -0.0718634578 0.136346047 -0.0493481909 -0.0718634578 0.135472139 -0.046629041 -0.0718870762 0.136357857 -0.0468061849 -0.0810040581 0.136346047 -0.0493481909 -0.0718634578 0.136357857 -0.0468061849 -0.0810040581 0.137019192 -0.048864002 -0.0809804396 0.137019192 -0.048864002 -0.0809804396 0.136357857 -0.0468061849 -0.0810040581 0.137172716 -0.0469833258 -0.089129038 0.137019192 -0.048864002 -0.0809804396 0.137172716 -0.0469833258 -0.089129038 0.137645099 -0.048415235 -0.0891054196 0.137645099 -0.048415235 -0.0891054196 0.137172716 -0.0469833258 -0.089129038 0.137739575 -0.0471014236 -0.0947858194 0.137645099 -0.048415235 -0.0891054196 0.137739575 -0.0471014236 -0.0947858194 0.138070243 -0.0481081899 -0.0947740102 0.138070243 -0.0481081899 -0.0947740102 0.137739575 -0.0471014236 -0.0947858194 0.137963957 -0.0471722788 -0.0948684896 0.138070243 -0.0481081899 -0.0947740102 0.137963957 -0.0471722788 -0.0948684896 0.138200148 -0.0479280909 -0.0948566804 0.138200148 -0.0479280909 -0.0948566804 0.137963957 -0.0471722788 -0.0948684896 0.138176529 -0.0472313277 -0.094951154 0.138200148 -0.0479280909 -0.0948566804 0.138176529 -0.0472313277 -0.094951154 0.138341863 -0.0477391379 -0.094951154 0.138341863 -0.0477391379 -0.094951154 0.138176529 -0.0472313277 -0.094951154 0.138389101 -0.0473021858 -0.0950338242 0.138341863 -0.0477391379 -0.094951154 0.138389101 -0.0473021858 -0.0950338242 0.138471769 -0.0475619969 -0.0950338242 0.138471769 -0.0475619969 -0.0950338242 0.138389101 -0.0473021858 -0.0950338242 0.138613484 -0.0473730439 -0.0951164886 0.13248432 -0.046121228 -0.0317286546 0.136346047 -0.043310554 -0.0315869413 0.13654681 -0.043499507 -0.0372555319 0.13248432 -0.046121228 -0.0317286546 0.13654681 -0.043499507 -0.0372555319 0.132862226 -0.0461802769 -0.0373972452 0.132862226 -0.0461802769 -0.0373972452 0.13654681 -0.043499507 -0.0372555319 0.136842048 -0.0437593152 -0.0454041302 0.132862226 -0.0461802769 -0.0373972452 0.136842048 -0.0437593152 -0.0454041302 0.133393656 -0.0462629442 -0.0455222251 0.133393656 -0.0462629442 -0.0455222251 0.136842048 -0.0437593152 -0.0454041302 0.137160907 -0.0440781752 -0.0545358736 0.133393656 -0.0462629442 -0.0455222251 0.137160907 -0.0440781752 -0.0545358736 0.134031373 -0.0463574207 -0.0546421622 0.134031373 -0.0463574207 -0.0546421622 0.137160907 -0.0440781752 -0.0545358736 0.137467955 -0.0444560813 -0.0631686665 0.134031373 -0.0463574207 -0.0546421622 0.137467955 -0.0444560813 -0.0631686665 0.134692708 -0.0464755156 -0.0632749494 0.134692708 -0.0464755156 -0.0632749494 0.137467955 -0.0444560813 -0.0631686665 0.137775004 -0.044940273 -0.0718044118 0.134692708 -0.0464755156 -0.0632749494 0.137775004 -0.044940273 -0.0718044118 0.135472139 -0.046629041 -0.0718870762 0.135472139 -0.046629041 -0.0718870762 0.137775004 -0.044940273 -0.0718044118 0.138105672 -0.0455307505 -0.0809332028 0.135472139 -0.046629041 -0.0718870762 0.138105672 -0.0455307505 -0.0809332028 0.136357857 -0.0468061849 -0.0810040581 0.136357857 -0.0468061849 -0.0810040581 0.138105672 -0.0455307505 -0.0809332028 0.138400911 -0.0460858004 -0.0890818012 0.136357857 -0.0468061849 -0.0810040581 0.138400911 -0.0460858004 -0.0890818012 0.137172716 -0.0469833258 -0.089129038 0.137172716 -0.0469833258 -0.089129038 0.138400911 -0.0460858004 -0.0890818012 0.138601673 -0.0464755156 -0.0947503918 0.137172716 -0.0469833258 -0.089129038 0.138601673 -0.0464755156 -0.0947503918 0.137739575 -0.0471014236 -0.0947858194 0.137739575 -0.0471014236 -0.0947858194 0.138601673 -0.0464755156 -0.0947503918 0.138601673 -0.0466998963 -0.0948448712 0.137739575 -0.0471014236 -0.0947858194 0.138601673 -0.0466998963 -0.0948448712 0.137963957 -0.0471722788 -0.0948684896 0.137963957 -0.0471722788 -0.0948684896 0.138601673 -0.0466998963 -0.0948448712 0.138601673 -0.0469242798 -0.0949393448 0.137963957 -0.0471722788 -0.0948684896 0.138601673 -0.0469242798 -0.0949393448 0.138176529 -0.0472313277 -0.094951154 0.138176529 -0.0472313277 -0.094951154 0.138601673 -0.0469242798 -0.0949393448 0.138613484 -0.0471486604 -0.0950220092 0.138176529 -0.0472313277 -0.094951154 0.138613484 -0.0471486604 -0.0950220092 0.138389101 -0.0473021858 -0.0950338242 0.138389101 -0.0473021858 -0.0950338242 0.138613484 -0.0471486604 -0.0950220092 0.138613484 -0.0473730439 -0.0951164886 0.136346047 -0.0473730439 -0.0315869413 0.140207774 -0.046121228 -0.0314452251 0.136346047 -0.043310554 -0.0315869413 0.136346047 -0.0473730439 -0.0315869413 0.138731578 -0.0506590528 -0.031504274 0.140207774 -0.046121228 -0.0314452251 0.136346047 -0.0473730439 -0.0315869413 0.133960515 -0.0506590528 -0.0316696057 0.138731578 -0.0506590528 -0.031504274 0.136346047 -0.0473730439 -0.0315869413 0.13248432 -0.046121228 -0.0317286546 0.133960515 -0.0506590528 -0.0316696057 0.136346047 -0.0473730439 -0.0315869413 0.136346047 -0.043310554 -0.0315869413 0.13248432 -0.046121228 -0.0317286546 0.136346047 -0.0275211646 -0.0315869413 0.140207774 -0.0303318415 -0.0314452251 0.140231393 -0.0303908904 -0.0371256249 0.136346047 -0.0275211646 -0.0315869413 0.140231393 -0.0303908904 -0.0371256249 0.13654681 -0.0277101176 -0.0372555319 0.13654681 -0.0277101176 -0.0372555319 0.140231393 -0.0303908904 -0.0371256249 0.140278632 -0.0304617485 -0.0452742232 0.13654681 -0.0277101176 -0.0372555319 0.140278632 -0.0304617485 -0.0452742232 0.136842048 -0.0279699287 -0.0454041302 0.136842048 -0.0279699287 -0.0454041302 0.140278632 -0.0304617485 -0.0452742232 0.140290441 -0.0305680342 -0.0544177815 0.136842048 -0.0279699287 -0.0454041302 0.140290441 -0.0305680342 -0.0544177815 0.137160907 -0.0282887888 -0.0545358736 0.137160907 -0.0282887888 -0.0545358736 0.140290441 -0.0305680342 -0.0544177815 0.140255012 -0.0306861291 -0.0630741871 0.137160907 -0.0282887888 -0.0545358736 0.140255012 -0.0306861291 -0.0630741871 0.137467955 -0.0286666948 -0.0631686665 0.137467955 -0.0286666948 -0.0631686665 0.140255012 -0.0306861291 -0.0630741871 0.140089679 -0.0308278425 -0.0717217416 0.137467955 -0.0286666948 -0.0631686665 0.140089679 -0.0308278425 -0.0717217416 0.137775004 -0.0291508866 -0.0718044118 0.137775004 -0.0291508866 -0.0718044118 0.140089679 -0.0308278425 -0.0717217416 0.139853487 -0.0310167955 -0.0808741568 0.137775004 -0.0291508866 -0.0718044118 0.139853487 -0.0310167955 -0.0808741568 0.138105672 -0.029741364 -0.0809332028 0.138105672 -0.029741364 -0.0809332028 0.139853487 -0.0310167955 -0.0808741568 0.139617296 -0.0311821301 -0.0890345643 0.138105672 -0.029741364 -0.0809332028 0.139617296 -0.0311821301 -0.0890345643 0.138400911 -0.0302964139 -0.0890818012 0.138400911 -0.0302964139 -0.0890818012 0.139617296 -0.0311821301 -0.0890345643 0.139451962 -0.0313120371 -0.0947267734 0.138400911 -0.0302964139 -0.0890818012 0.139451962 -0.0313120371 -0.0947267734 0.138601673 -0.0306861291 -0.0947503918 0.138601673 -0.0306861291 -0.0947503918 0.139451962 -0.0313120371 -0.0947267734 0.139251199 -0.0313710831 -0.094821247 0.138601673 -0.0306861291 -0.0947503918 0.139251199 -0.0313710831 -0.094821247 0.138601673 -0.0309105098 -0.0948448712 0.138601673 -0.0309105098 -0.0948448712 0.139251199 -0.0313710831 -0.094821247 0.139038628 -0.0314419412 -0.0949157264 0.138601673 -0.0309105098 -0.0948448712 0.139038628 -0.0314419412 -0.0949157264 0.138601673 -0.0311348933 -0.0949393448 0.138601673 -0.0311348933 -0.0949393448 0.139038628 -0.0314419412 -0.0949157264 0.138826055 -0.0315127993 -0.0950220092 0.138601673 -0.0311348933 -0.0949393448 0.138826055 -0.0315127993 -0.0950220092 0.138613484 -0.0313592739 -0.0950220092 0.138613484 -0.0313592739 -0.0950220092 0.138826055 -0.0315127993 -0.0950220092 0.138613484 -0.0315836546 -0.0951164886 0.140207774 -0.0303318415 -0.0314452251 0.138731578 -0.034866714 -0.031504274 0.138826055 -0.0347250007 -0.0371846738 0.140207774 -0.0303318415 -0.0314452251 0.138826055 -0.0347250007 -0.0371846738 0.140231393 -0.0303908904 -0.0371256249 0.140231393 -0.0303908904 -0.0371256249 0.138826055 -0.0347250007 -0.0371846738 0.13896777 -0.0345124264 -0.0453214629 0.140231393 -0.0303908904 -0.0371256249 0.13896777 -0.0345124264 -0.0453214629 0.140278632 -0.0304617485 -0.0452742232 0.140278632 -0.0304617485 -0.0452742232 0.13896777 -0.0345124264 -0.0453214629 0.139097675 -0.0342526181 -0.0544650183 0.140278632 -0.0304617485 -0.0452742232 0.139097675 -0.0342526181 -0.0544650183 0.140290441 -0.0305680342 -0.0544177815 0.140290441 -0.0305680342 -0.0544177815 0.139097675 -0.0342526181 -0.0544650183 0.139192152 -0.0339455673 -0.0631096205 0.140290441 -0.0305680342 -0.0544177815 0.139192152 -0.0339455673 -0.0631096205 0.140255012 -0.0306861291 -0.0630741871 0.140255012 -0.0306861291 -0.0630741871 0.139192152 -0.0339455673 -0.0631096205 0.139203961 -0.0335558521 -0.0717571692 0.140255012 -0.0306861291 -0.0630741871 0.139203961 -0.0335558521 -0.0717571692 0.140089679 -0.0308278425 -0.0717217416 0.140089679 -0.0308278425 -0.0717217416 0.139203961 -0.0335558521 -0.0717571692 0.139192152 -0.0330716603 -0.0808977752 0.140089679 -0.0308278425 -0.0717217416 0.139192152 -0.0330716603 -0.0808977752 0.139853487 -0.0310167955 -0.0808741568 0.139853487 -0.0310167955 -0.0808741568 0.139192152 -0.0330716603 -0.0808977752 0.139156723 -0.0326228962 -0.0890581828 0.139853487 -0.0310167955 -0.0808741568 0.139156723 -0.0326228962 -0.0890581828 0.139617296 -0.0311821301 -0.0890345643 0.139617296 -0.0311821301 -0.0890345643 0.139156723 -0.0326228962 -0.0890581828 0.139133104 -0.0323158482 -0.0947385826 0.139617296 -0.0311821301 -0.0890345643 0.139133104 -0.0323158482 -0.0947385826 0.139451962 -0.0313120371 -0.0947267734 0.139451962 -0.0313120371 -0.0947267734 0.139133104 -0.0323158482 -0.0947385826 0.139003199 -0.0321268952 -0.0948330562 0.139451962 -0.0313120371 -0.0947267734 0.139003199 -0.0321268952 -0.0948330562 0.139251199 -0.0313710831 -0.094821247 0.139251199 -0.0313710831 -0.094821247 0.139003199 -0.0321268952 -0.0948330562 0.138873293 -0.0319497514 -0.0949275356 0.139251199 -0.0313710831 -0.094821247 0.138873293 -0.0319497514 -0.0949275356 0.139038628 -0.0314419412 -0.0949157264 0.139038628 -0.0314419412 -0.0949157264 0.138873293 -0.0319497514 -0.0949275356 0.138743388 -0.0317726076 -0.0950220092 0.139038628 -0.0314419412 -0.0949157264 0.138743388 -0.0317726076 -0.0950220092 0.138826055 -0.0315127993 -0.0950220092 0.138826055 -0.0315127993 -0.0950220092 0.138743388 -0.0317726076 -0.0950220092 0.138613484 -0.0315836546 -0.0951164886 0.138731578 -0.034866714 -0.031504274 0.133960515 -0.034866714 -0.0316696057 0.134267564 -0.0347250007 -0.0373381963 0.138731578 -0.034866714 -0.031504274 0.134267564 -0.0347250007 -0.0373381963 0.138826055 -0.0347250007 -0.0371846738 0.138826055 -0.0347250007 -0.0371846738 0.134267564 -0.0347250007 -0.0373381963 0.134716327 -0.0345124264 -0.0454749883 0.138826055 -0.0347250007 -0.0371846738 0.134716327 -0.0345124264 -0.0454749883 0.13896777 -0.0345124264 -0.0453214629 0.13896777 -0.0345124264 -0.0453214629 0.134716327 -0.0345124264 -0.0454749883 0.135224138 -0.0342526181 -0.0546067346 0.13896777 -0.0345124264 -0.0453214629 0.135224138 -0.0342526181 -0.0546067346 0.139097675 -0.0342526181 -0.0544650183 0.139097675 -0.0342526181 -0.0544650183 0.135224138 -0.0342526181 -0.0546067346 0.135755568 -0.0339455673 -0.0632277125 0.139097675 -0.0342526181 -0.0544650183 0.135755568 -0.0339455673 -0.0632277125 0.139192152 -0.0339455673 -0.0631096205 0.139192152 -0.0339455673 -0.0631096205 0.135755568 -0.0339455673 -0.0632277125 0.136346047 -0.0335558521 -0.0718634578 0.139192152 -0.0339455673 -0.0631096205 0.136346047 -0.0335558521 -0.0718634578 0.139203961 -0.0335558521 -0.0717571692 0.139203961 -0.0335558521 -0.0717571692 0.136346047 -0.0335558521 -0.0718634578 0.137019192 -0.0330716603 -0.0809804396 0.139203961 -0.0335558521 -0.0717571692 0.137019192 -0.0330716603 -0.0809804396 0.139192152 -0.0330716603 -0.0808977752 0.139192152 -0.0330716603 -0.0808977752 0.137019192 -0.0330716603 -0.0809804396 0.137645099 -0.0326228962 -0.0891054196 0.139192152 -0.0330716603 -0.0808977752 0.137645099 -0.0326228962 -0.0891054196 0.139156723 -0.0326228962 -0.0890581828 0.139156723 -0.0326228962 -0.0890581828 0.137645099 -0.0326228962 -0.0891054196 0.138070243 -0.0323158482 -0.0947740102 0.139156723 -0.0326228962 -0.0890581828 0.138070243 -0.0323158482 -0.0947740102 0.139133104 -0.0323158482 -0.0947385826 0.139133104 -0.0323158482 -0.0947385826 0.138070243 -0.0323158482 -0.0947740102 0.138200148 -0.0321268952 -0.0948566804 0.139133104 -0.0323158482 -0.0947385826 0.138200148 -0.0321268952 -0.0948566804 0.139003199 -0.0321268952 -0.0948330562 0.139003199 -0.0321268952 -0.0948330562 0.138200148 -0.0321268952 -0.0948566804 0.138341863 -0.0319497514 -0.094951154 0.139003199 -0.0321268952 -0.0948330562 0.138341863 -0.0319497514 -0.094951154 0.138873293 -0.0319497514 -0.0949275356 0.138873293 -0.0319497514 -0.0949275356 0.138341863 -0.0319497514 -0.094951154 0.138471769 -0.0317726076 -0.0950338242 0.138873293 -0.0319497514 -0.0949275356 0.138471769 -0.0317726076 -0.0950338242 0.138743388 -0.0317726076 -0.0950220092 0.138743388 -0.0317726076 -0.0950220092 0.138471769 -0.0317726076 -0.0950338242 0.138613484 -0.0315836546 -0.0951164886 0.133960515 -0.034866714 -0.0316696057 0.13248432 -0.0303318415 -0.0317286546 0.132862226 -0.0303908904 -0.0373972452 0.133960515 -0.034866714 -0.0316696057 0.132862226 -0.0303908904 -0.0373972452 0.134267564 -0.0347250007 -0.0373381963 0.134267564 -0.0347250007 -0.0373381963 0.132862226 -0.0303908904 -0.0373972452 0.133393656 -0.0304617485 -0.0455222251 0.134267564 -0.0347250007 -0.0373381963 0.133393656 -0.0304617485 -0.0455222251 0.134716327 -0.0345124264 -0.0454749883 0.134716327 -0.0345124264 -0.0454749883 0.133393656 -0.0304617485 -0.0455222251 0.134031373 -0.0305680342 -0.0546421622 0.134716327 -0.0345124264 -0.0454749883 0.134031373 -0.0305680342 -0.0546421622 0.135224138 -0.0342526181 -0.0546067346 0.135224138 -0.0342526181 -0.0546067346 0.134031373 -0.0305680342 -0.0546421622 0.134692708 -0.0306861291 -0.0632749494 0.135224138 -0.0342526181 -0.0546067346 0.134692708 -0.0306861291 -0.0632749494 0.135755568 -0.0339455673 -0.0632277125 0.135755568 -0.0339455673 -0.0632277125 0.134692708 -0.0306861291 -0.0632749494 0.135472139 -0.0308278425 -0.0718870762 0.135755568 -0.0339455673 -0.0632277125 0.135472139 -0.0308278425 -0.0718870762 0.136346047 -0.0335558521 -0.0718634578 0.136346047 -0.0335558521 -0.0718634578 0.135472139 -0.0308278425 -0.0718870762 0.136357857 -0.0310167955 -0.0810040581 0.136346047 -0.0335558521 -0.0718634578 0.136357857 -0.0310167955 -0.0810040581 0.137019192 -0.0330716603 -0.0809804396 0.137019192 -0.0330716603 -0.0809804396 0.136357857 -0.0310167955 -0.0810040581 0.137172716 -0.0311821301 -0.089129038 0.137019192 -0.0330716603 -0.0809804396 0.137172716 -0.0311821301 -0.089129038 0.137645099 -0.0326228962 -0.0891054196 0.137645099 -0.0326228962 -0.0891054196 0.137172716 -0.0311821301 -0.089129038 0.137739575 -0.0313120371 -0.0947858194 0.137645099 -0.0326228962 -0.0891054196 0.137739575 -0.0313120371 -0.0947858194 0.138070243 -0.0323158482 -0.0947740102 0.138070243 -0.0323158482 -0.0947740102 0.137739575 -0.0313120371 -0.0947858194 0.137963957 -0.0313710831 -0.0948684896 0.138070243 -0.0323158482 -0.0947740102 0.137963957 -0.0313710831 -0.0948684896 0.138200148 -0.0321268952 -0.0948566804 0.138200148 -0.0321268952 -0.0948566804 0.137963957 -0.0313710831 -0.0948684896 0.138176529 -0.0314419412 -0.094951154 0.138200148 -0.0321268952 -0.0948566804 0.138176529 -0.0314419412 -0.094951154 0.138341863 -0.0319497514 -0.094951154 0.138341863 -0.0319497514 -0.094951154 0.138176529 -0.0314419412 -0.094951154 0.138389101 -0.0315127993 -0.0950338242 0.138341863 -0.0319497514 -0.094951154 0.138389101 -0.0315127993 -0.0950338242 0.138471769 -0.0317726076 -0.0950338242 0.138471769 -0.0317726076 -0.0950338242 0.138389101 -0.0315127993 -0.0950338242 0.138613484 -0.0315836546 -0.0951164886 0.13248432 -0.0303318415 -0.0317286546 0.136346047 -0.0275211646 -0.0315869413 0.13654681 -0.0277101176 -0.0372555319 0.13248432 -0.0303318415 -0.0317286546 0.13654681 -0.0277101176 -0.0372555319 0.132862226 -0.0303908904 -0.0373972452 0.132862226 -0.0303908904 -0.0373972452 0.13654681 -0.0277101176 -0.0372555319 0.136842048 -0.0279699287 -0.0454041302 0.132862226 -0.0303908904 -0.0373972452 0.136842048 -0.0279699287 -0.0454041302 0.133393656 -0.0304617485 -0.0455222251 0.133393656 -0.0304617485 -0.0455222251 0.136842048 -0.0279699287 -0.0454041302 0.137160907 -0.0282887888 -0.0545358736 0.133393656 -0.0304617485 -0.0455222251 0.137160907 -0.0282887888 -0.0545358736 0.134031373 -0.0305680342 -0.0546421622 0.134031373 -0.0305680342 -0.0546421622 0.137160907 -0.0282887888 -0.0545358736 0.137467955 -0.0286666948 -0.0631686665 0.134031373 -0.0305680342 -0.0546421622 0.137467955 -0.0286666948 -0.0631686665 0.134692708 -0.0306861291 -0.0632749494 0.134692708 -0.0306861291 -0.0632749494 0.137467955 -0.0286666948 -0.0631686665 0.137775004 -0.0291508866 -0.0718044118 0.134692708 -0.0306861291 -0.0632749494 0.137775004 -0.0291508866 -0.0718044118 0.135472139 -0.0308278425 -0.0718870762 0.135472139 -0.0308278425 -0.0718870762 0.137775004 -0.0291508866 -0.0718044118 0.138105672 -0.029741364 -0.0809332028 0.135472139 -0.0308278425 -0.0718870762 0.138105672 -0.029741364 -0.0809332028 0.136357857 -0.0310167955 -0.0810040581 0.136357857 -0.0310167955 -0.0810040581 0.138105672 -0.029741364 -0.0809332028 0.138400911 -0.0302964139 -0.0890818012 0.136357857 -0.0310167955 -0.0810040581 0.138400911 -0.0302964139 -0.0890818012 0.137172716 -0.0311821301 -0.089129038 0.137172716 -0.0311821301 -0.089129038 0.138400911 -0.0302964139 -0.0890818012 0.138601673 -0.0306861291 -0.0947503918 0.137172716 -0.0311821301 -0.089129038 0.138601673 -0.0306861291 -0.0947503918 0.137739575 -0.0313120371 -0.0947858194 0.137739575 -0.0313120371 -0.0947858194 0.138601673 -0.0306861291 -0.0947503918 0.138601673 -0.0309105098 -0.0948448712 0.137739575 -0.0313120371 -0.0947858194 0.138601673 -0.0309105098 -0.0948448712 0.137963957 -0.0313710831 -0.0948684896 0.137963957 -0.0313710831 -0.0948684896 0.138601673 -0.0309105098 -0.0948448712 0.138601673 -0.0311348933 -0.0949393448 0.137963957 -0.0313710831 -0.0948684896 0.138601673 -0.0311348933 -0.0949393448 0.138176529 -0.0314419412 -0.094951154 0.138176529 -0.0314419412 -0.094951154 0.138601673 -0.0311348933 -0.0949393448 0.138613484 -0.0313592739 -0.0950220092 0.138176529 -0.0314419412 -0.094951154 0.138613484 -0.0313592739 -0.0950220092 0.138389101 -0.0315127993 -0.0950338242 0.138389101 -0.0315127993 -0.0950338242 0.138613484 -0.0313592739 -0.0950220092 0.138613484 -0.0315836546 -0.0951164886 0.136346047 -0.0315836546 -0.0315869413 0.140207774 -0.0303318415 -0.0314452251 0.136346047 -0.0275211646 -0.0315869413 0.136346047 -0.0315836546 -0.0315869413 0.138731578 -0.034866714 -0.031504274 0.140207774 -0.0303318415 -0.0314452251 0.136346047 -0.0315836546 -0.0315869413 0.133960515 -0.034866714 -0.0316696057 0.138731578 -0.034866714 -0.031504274 0.136346047 -0.0315836546 -0.0315869413 0.13248432 -0.0303318415 -0.0317286546 0.133960515 -0.034866714 -0.0316696057 0.136346047 -0.0315836546 -0.0315869413 0.136346047 -0.0275211646 -0.0315869413 0.13248432 -0.0303318415 -0.0317286546 0.136346047 -0.0117288273 -0.0315869413 0.140207774 -0.0145395027 -0.0314452251 0.140231393 -0.0145985502 -0.0371256249 0.136346047 -0.0117288273 -0.0315869413 0.140231393 -0.0145985502 -0.0371256249 0.13654681 -0.0119177803 -0.0372555319 0.13654681 -0.0119177803 -0.0372555319 0.140231393 -0.0145985502 -0.0371256249 0.140278632 -0.0146694083 -0.0452742232 0.13654681 -0.0119177803 -0.0372555319 0.140278632 -0.0146694083 -0.0452742232 0.136842048 -0.01217759 -0.0454041302 0.136842048 -0.01217759 -0.0454041302 0.140278632 -0.0146694083 -0.0452742232 0.140290441 -0.014775694 -0.0544177815 0.136842048 -0.01217759 -0.0454041302 0.140290441 -0.014775694 -0.0544177815 0.137160907 -0.0124964485 -0.0545358736 0.137160907 -0.0124964485 -0.0545358736 0.140290441 -0.014775694 -0.0544177815 0.140255012 -0.0148819797 -0.0630741871 0.137160907 -0.0124964485 -0.0545358736 0.140255012 -0.0148819797 -0.0630741871 0.137467955 -0.0128625454 -0.0631686665 0.137467955 -0.0128625454 -0.0631686665 0.140255012 -0.0148819797 -0.0630741871 0.140089679 -0.0150355051 -0.0717217416 0.137467955 -0.0128625454 -0.0631686665 0.140089679 -0.0150355051 -0.0717217416 0.137775004 -0.0133585463 -0.0718044118 0.137775004 -0.0133585463 -0.0718044118 0.140089679 -0.0150355051 -0.0717217416 0.139853487 -0.0152244581 -0.0808741568 0.137775004 -0.0133585463 -0.0718044118 0.139853487 -0.0152244581 -0.0808741568 0.138105672 -0.0139490253 -0.0809332028 0.138105672 -0.0139490253 -0.0809332028 0.139853487 -0.0152244581 -0.0808741568 0.139617296 -0.0153897913 -0.0890345643 0.138105672 -0.0139490253 -0.0809332028 0.139617296 -0.0153897913 -0.0890345643 0.138400911 -0.0145040737 -0.0890818012 0.138400911 -0.0145040737 -0.0890818012 0.139617296 -0.0153897913 -0.0890345643 0.139451962 -0.0155078877 -0.0947267734 0.138400911 -0.0145040737 -0.0890818012 0.139451962 -0.0155078877 -0.0947267734 0.138601673 -0.0148937904 -0.0947503918 0.138601673 -0.0148937904 -0.0947503918 0.139451962 -0.0155078877 -0.0947267734 0.139251199 -0.0155787443 -0.094821247 0.138601673 -0.0148937904 -0.0947503918 0.139251199 -0.0155787443 -0.094821247 0.138601673 -0.015118171 -0.0948448712 0.138601673 -0.015118171 -0.0948448712 0.139251199 -0.0155787443 -0.094821247 0.139038628 -0.0156496024 -0.0949157264 0.138601673 -0.015118171 -0.0948448712 0.139038628 -0.0156496024 -0.0949157264 0.138601673 -0.0153425531 -0.0949393448 0.138601673 -0.0153425531 -0.0949393448 0.139038628 -0.0156496024 -0.0949157264 0.138826055 -0.0157204591 -0.0950220092 0.138601673 -0.0153425531 -0.0949393448 0.138826055 -0.0157204591 -0.0950220092 0.138613484 -0.0155669351 -0.0950220092 0.138613484 -0.0155669351 -0.0950220092 0.138826055 -0.0157204591 -0.0950220092 0.138613484 -0.0157913172 -0.0951164886 0.140207774 -0.0145395027 -0.0314452251 0.138731578 -0.0190743752 -0.031504274 0.138826055 -0.0189326605 -0.0371846738 0.140207774 -0.0145395027 -0.0314452251 0.138826055 -0.0189326605 -0.0371846738 0.140231393 -0.0145985502 -0.0371256249 0.140231393 -0.0145985502 -0.0371256249 0.138826055 -0.0189326605 -0.0371846738 0.13896777 -0.018720089 -0.0453214629 0.140231393 -0.0145985502 -0.0371256249 0.13896777 -0.018720089 -0.0453214629 0.140278632 -0.0146694083 -0.0452742232 0.140278632 -0.0146694083 -0.0452742232 0.13896777 -0.018720089 -0.0453214629 0.139097675 -0.0184602779 -0.0544650183 0.140278632 -0.0146694083 -0.0452742232 0.139097675 -0.0184602779 -0.0544650183 0.140290441 -0.014775694 -0.0544177815 0.140290441 -0.014775694 -0.0544177815 0.139097675 -0.0184602779 -0.0544650183 0.139192152 -0.01815323 -0.0631096205 0.140290441 -0.014775694 -0.0544177815 0.139192152 -0.01815323 -0.0631096205 0.140255012 -0.0148819797 -0.0630741871 0.140255012 -0.0148819797 -0.0630741871 0.139192152 -0.01815323 -0.0631096205 0.139203961 -0.0177635133 -0.0717571692 0.140255012 -0.0148819797 -0.0630741871 0.139203961 -0.0177635133 -0.0717571692 0.140089679 -0.0150355051 -0.0717217416 0.140089679 -0.0150355051 -0.0717217416 0.139203961 -0.0177635133 -0.0717571692 0.139192152 -0.0172793215 -0.0808977752 0.140089679 -0.0150355051 -0.0717217416 0.139192152 -0.0172793215 -0.0808977752 0.139853487 -0.0152244581 -0.0808741568 0.139853487 -0.0152244581 -0.0808741568 0.139192152 -0.0172793215 -0.0808977752 0.139156723 -0.0168305588 -0.0890581828 0.139853487 -0.0152244581 -0.0808741568 0.139156723 -0.0168305588 -0.0890581828 0.139617296 -0.0153897913 -0.0890345643 0.139617296 -0.0153897913 -0.0890345643 0.139156723 -0.0168305588 -0.0890581828 0.139133104 -0.0165235094 -0.0947385826 0.139617296 -0.0153897913 -0.0890345643 0.139133104 -0.0165235094 -0.0947385826 0.139451962 -0.0155078877 -0.0947267734 0.139451962 -0.0155078877 -0.0947267734 0.139133104 -0.0165235094 -0.0947385826 0.139003199 -0.0163345564 -0.0948330562 0.139451962 -0.0155078877 -0.0947267734 0.139003199 -0.0163345564 -0.0948330562 0.139251199 -0.0155787443 -0.094821247 0.139251199 -0.0155787443 -0.094821247 0.139003199 -0.0163345564 -0.0948330562 0.138873293 -0.0161574126 -0.0949275356 0.139251199 -0.0155787443 -0.094821247 0.138873293 -0.0161574126 -0.0949275356 0.139038628 -0.0156496024 -0.0949157264 0.139038628 -0.0156496024 -0.0949157264 0.138873293 -0.0161574126 -0.0949275356 0.138743388 -0.0159684596 -0.0950220092 0.139038628 -0.0156496024 -0.0949157264 0.138743388 -0.0159684596 -0.0950220092 0.138826055 -0.0157204591 -0.0950220092 0.138826055 -0.0157204591 -0.0950220092 0.138743388 -0.0159684596 -0.0950220092 0.138613484 -0.0157913172 -0.0951164886 0.138731578 -0.0190743752 -0.031504274 0.133960515 -0.0190743752 -0.0316696057 0.134267564 -0.0189326605 -0.0373381963 0.138731578 -0.0190743752 -0.031504274 0.134267564 -0.0189326605 -0.0373381963 0.138826055 -0.0189326605 -0.0371846738 0.138826055 -0.0189326605 -0.0371846738 0.134267564 -0.0189326605 -0.0373381963 0.134716327 -0.018720089 -0.0454749883 0.138826055 -0.0189326605 -0.0371846738 0.134716327 -0.018720089 -0.0454749883 0.13896777 -0.018720089 -0.0453214629 0.13896777 -0.018720089 -0.0453214629 0.134716327 -0.018720089 -0.0454749883 0.135224138 -0.0184602779 -0.0546067346 0.13896777 -0.018720089 -0.0453214629 0.135224138 -0.0184602779 -0.0546067346 0.139097675 -0.0184602779 -0.0544650183 0.139097675 -0.0184602779 -0.0544650183 0.135224138 -0.0184602779 -0.0546067346 0.135755568 -0.01815323 -0.0632277125 0.139097675 -0.0184602779 -0.0544650183 0.135755568 -0.01815323 -0.0632277125 0.139192152 -0.01815323 -0.0631096205 0.139192152 -0.01815323 -0.0631096205 0.135755568 -0.01815323 -0.0632277125 0.136346047 -0.0177635133 -0.0718634578 0.139192152 -0.01815323 -0.0631096205 0.136346047 -0.0177635133 -0.0718634578 0.139203961 -0.0177635133 -0.0717571692 0.139203961 -0.0177635133 -0.0717571692 0.136346047 -0.0177635133 -0.0718634578 0.137019192 -0.0172793215 -0.0809804396 0.139203961 -0.0177635133 -0.0717571692 0.137019192 -0.0172793215 -0.0809804396 0.139192152 -0.0172793215 -0.0808977752 0.139192152 -0.0172793215 -0.0808977752 0.137019192 -0.0172793215 -0.0809804396 0.137645099 -0.0168305588 -0.0891054196 0.139192152 -0.0172793215 -0.0808977752 0.137645099 -0.0168305588 -0.0891054196 0.139156723 -0.0168305588 -0.0890581828 0.139156723 -0.0168305588 -0.0890581828 0.137645099 -0.0168305588 -0.0891054196 0.138070243 -0.0165235094 -0.0947740102 0.139156723 -0.0168305588 -0.0890581828 0.138070243 -0.0165235094 -0.0947740102 0.139133104 -0.0165235094 -0.0947385826 0.139133104 -0.0165235094 -0.0947385826 0.138070243 -0.0165235094 -0.0947740102 0.138200148 -0.0163345564 -0.0948566804 0.139133104 -0.0165235094 -0.0947385826 0.138200148 -0.0163345564 -0.0948566804 0.139003199 -0.0163345564 -0.0948330562 0.139003199 -0.0163345564 -0.0948330562 0.138200148 -0.0163345564 -0.0948566804 0.138341863 -0.0161574126 -0.094951154 0.139003199 -0.0163345564 -0.0948330562 0.138341863 -0.0161574126 -0.094951154 0.138873293 -0.0161574126 -0.0949275356 0.138873293 -0.0161574126 -0.0949275356 0.138341863 -0.0161574126 -0.094951154 0.138471769 -0.0159684596 -0.0950338242 0.138873293 -0.0161574126 -0.0949275356 0.138471769 -0.0159684596 -0.0950338242 0.138743388 -0.0159684596 -0.0950220092 0.138743388 -0.0159684596 -0.0950220092 0.138471769 -0.0159684596 -0.0950338242 0.138613484 -0.0157913172 -0.0951164886 0.133960515 -0.0190743752 -0.0316696057 0.13248432 -0.0145395027 -0.0317286546 0.132862226 -0.0145985502 -0.0373972452 0.133960515 -0.0190743752 -0.0316696057 0.132862226 -0.0145985502 -0.0373972452 0.134267564 -0.0189326605 -0.0373381963 0.134267564 -0.0189326605 -0.0373381963 0.132862226 -0.0145985502 -0.0373972452 0.133393656 -0.0146694083 -0.0455222251 0.134267564 -0.0189326605 -0.0373381963 0.133393656 -0.0146694083 -0.0455222251 0.134716327 -0.018720089 -0.0454749883 0.134716327 -0.018720089 -0.0454749883 0.133393656 -0.0146694083 -0.0455222251 0.134031373 -0.014775694 -0.0546421622 0.134716327 -0.018720089 -0.0454749883 0.134031373 -0.014775694 -0.0546421622 0.135224138 -0.0184602779 -0.0546067346 0.135224138 -0.0184602779 -0.0546067346 0.134031373 -0.014775694 -0.0546421622 0.134692708 -0.0148819797 -0.0632749494 0.135224138 -0.0184602779 -0.0546067346 0.134692708 -0.0148819797 -0.0632749494 0.135755568 -0.01815323 -0.0632277125 0.135755568 -0.01815323 -0.0632277125 0.134692708 -0.0148819797 -0.0632749494 0.135472139 -0.0150355051 -0.0718870762 0.135755568 -0.01815323 -0.0632277125 0.135472139 -0.0150355051 -0.0718870762 0.136346047 -0.0177635133 -0.0718634578 0.136346047 -0.0177635133 -0.0718634578 0.135472139 -0.0150355051 -0.0718870762 0.136357857 -0.0152244581 -0.0810040581 0.136346047 -0.0177635133 -0.0718634578 0.136357857 -0.0152244581 -0.0810040581 0.137019192 -0.0172793215 -0.0809804396 0.137019192 -0.0172793215 -0.0809804396 0.136357857 -0.0152244581 -0.0810040581 0.137172716 -0.0153897913 -0.089129038 0.137019192 -0.0172793215 -0.0809804396 0.137172716 -0.0153897913 -0.089129038 0.137645099 -0.0168305588 -0.0891054196 0.137645099 -0.0168305588 -0.0891054196 0.137172716 -0.0153897913 -0.089129038 0.137739575 -0.0155078877 -0.0947858194 0.137645099 -0.0168305588 -0.0891054196 0.137739575 -0.0155078877 -0.0947858194 0.138070243 -0.0165235094 -0.0947740102 0.138070243 -0.0165235094 -0.0947740102 0.137739575 -0.0155078877 -0.0947858194 0.137963957 -0.0155787443 -0.0948684896 0.138070243 -0.0165235094 -0.0947740102 0.137963957 -0.0155787443 -0.0948684896 0.138200148 -0.0163345564 -0.0948566804 0.138200148 -0.0163345564 -0.0948566804 0.137963957 -0.0155787443 -0.0948684896 0.138176529 -0.0156496024 -0.094951154 0.138200148 -0.0163345564 -0.0948566804 0.138176529 -0.0156496024 -0.094951154 0.138341863 -0.0161574126 -0.094951154 0.138341863 -0.0161574126 -0.094951154 0.138176529 -0.0156496024 -0.094951154 0.138389101 -0.0157204591 -0.0950338242 0.138341863 -0.0161574126 -0.094951154 0.138389101 -0.0157204591 -0.0950338242 0.138471769 -0.0159684596 -0.0950338242 0.138471769 -0.0159684596 -0.0950338242 0.138389101 -0.0157204591 -0.0950338242 0.138613484 -0.0157913172 -0.0951164886 0.13248432 -0.0145395027 -0.0317286546 0.136346047 -0.0117288273 -0.0315869413 0.13654681 -0.0119177803 -0.0372555319 0.13248432 -0.0145395027 -0.0317286546 0.13654681 -0.0119177803 -0.0372555319 0.132862226 -0.0145985502 -0.0373972452 0.132862226 -0.0145985502 -0.0373972452 0.13654681 -0.0119177803 -0.0372555319 0.136842048 -0.01217759 -0.0454041302 0.132862226 -0.0145985502 -0.0373972452 0.136842048 -0.01217759 -0.0454041302 0.133393656 -0.0146694083 -0.0455222251 0.133393656 -0.0146694083 -0.0455222251 0.136842048 -0.01217759 -0.0454041302 0.137160907 -0.0124964485 -0.0545358736 0.133393656 -0.0146694083 -0.0455222251 0.137160907 -0.0124964485 -0.0545358736 0.134031373 -0.014775694 -0.0546421622 0.134031373 -0.014775694 -0.0546421622 0.137160907 -0.0124964485 -0.0545358736 0.137467955 -0.0128625454 -0.0631686665 0.134031373 -0.014775694 -0.0546421622 0.137467955 -0.0128625454 -0.0631686665 0.134692708 -0.0148819797 -0.0632749494 0.134692708 -0.0148819797 -0.0632749494 0.137467955 -0.0128625454 -0.0631686665 0.137775004 -0.0133585463 -0.0718044118 0.134692708 -0.0148819797 -0.0632749494 0.137775004 -0.0133585463 -0.0718044118 0.135472139 -0.0150355051 -0.0718870762 0.135472139 -0.0150355051 -0.0718870762 0.137775004 -0.0133585463 -0.0718044118 0.138105672 -0.0139490253 -0.0809332028 0.135472139 -0.0150355051 -0.0718870762 0.138105672 -0.0139490253 -0.0809332028 0.136357857 -0.0152244581 -0.0810040581 0.136357857 -0.0152244581 -0.0810040581 0.138105672 -0.0139490253 -0.0809332028 0.138400911 -0.0145040737 -0.0890818012 0.136357857 -0.0152244581 -0.0810040581 0.138400911 -0.0145040737 -0.0890818012 0.137172716 -0.0153897913 -0.089129038 0.137172716 -0.0153897913 -0.089129038 0.138400911 -0.0145040737 -0.0890818012 0.138601673 -0.0148937904 -0.0947503918 0.137172716 -0.0153897913 -0.089129038 0.138601673 -0.0148937904 -0.0947503918 0.137739575 -0.0155078877 -0.0947858194 0.137739575 -0.0155078877 -0.0947858194 0.138601673 -0.0148937904 -0.0947503918 0.138601673 -0.015118171 -0.0948448712 0.137739575 -0.0155078877 -0.0947858194 0.138601673 -0.015118171 -0.0948448712 0.137963957 -0.0155787443 -0.0948684896 0.137963957 -0.0155787443 -0.0948684896 0.138601673 -0.015118171 -0.0948448712 0.138601673 -0.0153425531 -0.0949393448 0.137963957 -0.0155787443 -0.0948684896 0.138601673 -0.0153425531 -0.0949393448 0.138176529 -0.0156496024 -0.094951154 0.138176529 -0.0156496024 -0.094951154 0.138601673 -0.0153425531 -0.0949393448 0.138613484 -0.0155669351 -0.0950220092 0.138176529 -0.0156496024 -0.094951154 0.138613484 -0.0155669351 -0.0950220092 0.138389101 -0.0157204591 -0.0950338242 0.138389101 -0.0157204591 -0.0950338242 0.138613484 -0.0155669351 -0.0950220092 0.138613484 -0.0157913172 -0.0951164886 0.136346047 -0.0157913172 -0.0315869413 0.140207774 -0.0145395027 -0.0314452251 0.136346047 -0.0117288273 -0.0315869413 0.136346047 -0.0157913172 -0.0315869413 0.138731578 -0.0190743752 -0.031504274 0.140207774 -0.0145395027 -0.0314452251 0.136346047 -0.0157913172 -0.0315869413 0.133960515 -0.0190743752 -0.0316696057 0.138731578 -0.0190743752 -0.031504274 0.136346047 -0.0157913172 -0.0315869413 0.13248432 -0.0145395027 -0.0317286546 0.133960515 -0.0190743752 -0.0316696057 0.136346047 -0.0157913172 -0.0315869413 0.136346047 -0.0117288273 -0.0315869413 0.13248432 -0.0145395027 -0.0317286546 0.136346047 0.00406056031 -0.0315869413 0.140207774 0.00124988412 -0.0314452251 0.140231393 0.00120264586 -0.0371256249 0.136346047 0.00406056031 -0.0315869413 0.140231393 0.00120264586 -0.0371256249 0.13654681 0.00387160729 -0.0372555319 0.13654681 0.00387160729 -0.0372555319 0.140231393 0.00120264586 -0.0371256249 0.140278632 0.00111997891 -0.0452742232 0.13654681 0.00387160729 -0.0372555319 0.140278632 0.00111997891 -0.0452742232 0.136842048 0.00362360645 -0.0454041302 0.136842048 0.00362360645 -0.0454041302 0.140278632 0.00111997891 -0.0452742232 0.140290441 0.00101369284 -0.0544177815 0.136842048 0.00362360645 -0.0454041302 0.140290441 0.00101369284 -0.0544177815 0.137160907 0.00329293866 -0.0545358736 0.137160907 0.00329293866 -0.0545358736 0.140290441 0.00101369284 -0.0544177815 0.140255012 0.000907406765 -0.0630741871 0.137160907 0.00329293866 -0.0545358736 0.140255012 0.000907406765 -0.0630741871 0.137467955 0.00292684218 -0.0631686665 0.137467955 0.00292684218 -0.0631686665 0.140255012 0.000907406765 -0.0630741871 0.140089679 0.000753882435 -0.0717217416 0.137467955 0.00292684218 -0.0631686665 0.140089679 0.000753882435 -0.0717217416 0.137775004 0.0024308405 -0.0718044118 0.137775004 0.0024308405 -0.0718044118 0.140089679 0.000753882435 -0.0717217416 0.139853487 0.000564929414 -0.0808741568 0.137775004 0.0024308405 -0.0718044118 0.139853487 0.000564929414 -0.0808741568 0.138105672 0.00184036231 -0.0809332028 0.138105672 0.00184036231 -0.0809332028 0.139853487 0.000564929414 -0.0808741568 0.139617296 0.00039959552 -0.0890345643 0.138105672 0.00184036231 -0.0809332028 0.139617296 0.00039959552 -0.0890345643 0.138400911 0.00128531281 -0.0890818012 0.138400911 0.00128531281 -0.0890818012 0.139617296 0.00039959552 -0.0890345643 0.139451962 0.000281499882 -0.0947267734 0.138400911 0.00128531281 -0.0890818012 0.139451962 0.000281499882 -0.0947267734 0.138601673 0.000907406765 -0.0947503918 0.138601673 0.000907406765 -0.0947503918 0.139451962 0.000281499882 -0.0947267734 0.139251199 0.000210642499 -0.094821247 0.138601673 0.000907406765 -0.0947503918 0.139251199 0.000210642499 -0.094821247 0.138601673 0.000671215488 -0.0948448712 0.138601673 0.000671215488 -0.0948448712 0.139251199 0.000210642499 -0.094821247 0.139038628 0.000139785116 -0.0949157264 0.138601673 0.000671215488 -0.0948448712 0.139038628 0.000139785116 -0.0949157264 0.138601673 0.000446833775 -0.0949393448 0.138601673 0.000446833775 -0.0949393448 0.139038628 0.000139785116 -0.0949157264 0.138826055 6.89277328e-05 -0.0950220092 0.138601673 0.000446833775 -0.0949393448 0.138826055 6.89277328e-05 -0.0950220092 0.138613484 0.000222452063 -0.0950220092 0.138613484 0.000222452063 -0.0950220092 0.138826055 6.89277328e-05 -0.0950220092 0.138613484 -1.92965016e-06 -0.0951164886 0.140207774 0.00124988412 -0.0314452251 0.138731578 -0.0032849884 -0.031504274 0.138826055 -0.00313146407 -0.0371846738 0.140207774 0.00124988412 -0.0314452251 0.138826055 -0.00313146407 -0.0371846738 0.140231393 0.00120264586 -0.0371256249 0.140231393 0.00120264586 -0.0371256249 0.138826055 -0.00313146407 -0.0371846738 0.13896777 -0.00293070148 -0.0453214629 0.140231393 0.00120264586 -0.0371256249 0.13896777 -0.00293070148 -0.0453214629 0.140278632 0.00111997891 -0.0452742232 0.140278632 0.00111997891 -0.0452742232 0.13896777 -0.00293070148 -0.0453214629 0.139097675 -0.00267089108 -0.0544650183 0.140278632 0.00111997891 -0.0452742232 0.139097675 -0.00267089108 -0.0544650183 0.140290441 0.00101369284 -0.0544177815 0.140290441 0.00101369284 -0.0544177815 0.139097675 -0.00267089108 -0.0544650183 0.139192152 -0.00236384242 -0.0631096205 0.140290441 0.00101369284 -0.0544177815 0.139192152 -0.00236384242 -0.0631096205 0.140255012 0.000907406765 -0.0630741871 0.140255012 0.000907406765 -0.0630741871 0.139192152 -0.00236384242 -0.0631096205 0.139203961 -0.00197412681 -0.0717571692 0.140255012 0.000907406765 -0.0630741871 0.139203961 -0.00197412681 -0.0717571692 0.140089679 0.000753882435 -0.0717217416 0.140089679 0.000753882435 -0.0717217416 0.139203961 -0.00197412681 -0.0717571692 0.139192152 -0.00148993469 -0.0808977752 0.140089679 0.000753882435 -0.0717217416 0.139192152 -0.00148993469 -0.0808977752 0.139853487 0.000564929414 -0.0808741568 0.139853487 0.000564929414 -0.0808741568 0.139192152 -0.00148993469 -0.0808977752 0.139156723 -0.00104117127 -0.0890581828 0.139853487 0.000564929414 -0.0808741568 0.139156723 -0.00104117127 -0.0890581828 0.139617296 0.00039959552 -0.0890345643 0.139617296 0.00039959552 -0.0890345643 0.139156723 -0.00104117127 -0.0890581828 0.139133104 -0.000734122608 -0.0947385826 0.139617296 0.00039959552 -0.0890345643 0.139133104 -0.000734122608 -0.0947385826 0.139451962 0.000281499882 -0.0947267734 0.139451962 0.000281499882 -0.0947267734 0.139133104 -0.000734122608 -0.0947385826 0.139003199 -0.000545169586 -0.0948330562 0.139451962 0.000281499882 -0.0947267734 0.139003199 -0.000545169586 -0.0948330562 0.139251199 0.000210642499 -0.094821247 0.139251199 0.000210642499 -0.094821247 0.139003199 -0.000545169586 -0.0948330562 0.138873293 -0.000368026129 -0.0949275356 0.139251199 0.000210642499 -0.094821247 0.138873293 -0.000368026129 -0.0949275356 0.139038628 0.000139785116 -0.0949157264 0.139038628 0.000139785116 -0.0949157264 0.138873293 -0.000368026129 -0.0949275356 0.138743388 -0.000179073108 -0.0950220092 0.139038628 0.000139785116 -0.0949157264 0.138743388 -0.000179073108 -0.0950220092 0.138826055 6.89277328e-05 -0.0950220092 0.138826055 6.89277328e-05 -0.0950220092 0.138743388 -0.000179073108 -0.0950220092 0.138613484 -1.92965016e-06 -0.0951164886 0.138731578 -0.0032849884 -0.031504274 0.133960515 -0.0032849884 -0.0316696057 0.134267564 -0.00313146407 -0.0373381963 0.138731578 -0.0032849884 -0.031504274 0.134267564 -0.00313146407 -0.0373381963 0.138826055 -0.00313146407 -0.0371846738 0.138826055 -0.00313146407 -0.0371846738 0.134267564 -0.00313146407 -0.0373381963 0.134716327 -0.00293070148 -0.0454749883 0.138826055 -0.00313146407 -0.0371846738 0.134716327 -0.00293070148 -0.0454749883 0.13896777 -0.00293070148 -0.0453214629 0.13896777 -0.00293070148 -0.0453214629 0.134716327 -0.00293070148 -0.0454749883 0.135224138 -0.00267089108 -0.0546067346 0.13896777 -0.00293070148 -0.0453214629 0.135224138 -0.00267089108 -0.0546067346 0.139097675 -0.00267089108 -0.0544650183 0.139097675 -0.00267089108 -0.0544650183 0.135224138 -0.00267089108 -0.0546067346 0.135755568 -0.00236384242 -0.0632277125 0.139097675 -0.00267089108 -0.0544650183 0.135755568 -0.00236384242 -0.0632277125 0.139192152 -0.00236384242 -0.0631096205 0.139192152 -0.00236384242 -0.0631096205 0.135755568 -0.00236384242 -0.0632277125 0.136346047 -0.00197412681 -0.0718634578 0.139192152 -0.00236384242 -0.0631096205 0.136346047 -0.00197412681 -0.0718634578 0.139203961 -0.00197412681 -0.0717571692 0.139203961 -0.00197412681 -0.0717571692 0.136346047 -0.00197412681 -0.0718634578 0.137019192 -0.00148993469 -0.0809804396 0.139203961 -0.00197412681 -0.0717571692 0.137019192 -0.00148993469 -0.0809804396 0.139192152 -0.00148993469 -0.0808977752 0.139192152 -0.00148993469 -0.0808977752 0.137019192 -0.00148993469 -0.0809804396 0.137645099 -0.00104117127 -0.0891054196 0.139192152 -0.00148993469 -0.0808977752 0.137645099 -0.00104117127 -0.0891054196 0.139156723 -0.00104117127 -0.0890581828 0.139156723 -0.00104117127 -0.0890581828 0.137645099 -0.00104117127 -0.0891054196 0.138070243 -0.000734122608 -0.0947740102 0.139156723 -0.00104117127 -0.0890581828 0.138070243 -0.000734122608 -0.0947740102 0.139133104 -0.000734122608 -0.0947385826 0.139133104 -0.000734122608 -0.0947385826 0.138070243 -0.000734122608 -0.0947740102 0.138200148 -0.000545169586 -0.0948566804 0.139133104 -0.000734122608 -0.0947385826 0.138200148 -0.000545169586 -0.0948566804 0.139003199 -0.000545169586 -0.0948330562 0.139003199 -0.000545169586 -0.0948330562 0.138200148 -0.000545169586 -0.0948566804 0.138341863 -0.000368026129 -0.094951154 0.139003199 -0.000545169586 -0.0948330562 0.138341863 -0.000368026129 -0.094951154 0.138873293 -0.000368026129 -0.0949275356 0.138873293 -0.000368026129 -0.0949275356 0.138341863 -0.000368026129 -0.094951154 0.138471769 -0.000179073108 -0.0950338242 0.138873293 -0.000368026129 -0.0949275356 0.138471769 -0.000179073108 -0.0950338242 0.138743388 -0.000179073108 -0.0950220092 0.138743388 -0.000179073108 -0.0950220092 0.138471769 -0.000179073108 -0.0950338242 0.138613484 -1.92965016e-06 -0.0951164886 0.133960515 -0.0032849884 -0.0316696057 0.13248432 0.00124988412 -0.0317286546 0.132862226 0.00120264586 -0.0373972452 0.133960515 -0.0032849884 -0.0316696057 0.132862226 0.00120264586 -0.0373972452 0.134267564 -0.00313146407 -0.0373381963 0.134267564 -0.00313146407 -0.0373381963 0.132862226 0.00120264586 -0.0373972452 0.133393656 0.00111997891 -0.0455222251 0.134267564 -0.00313146407 -0.0373381963 0.133393656 0.00111997891 -0.0455222251 0.134716327 -0.00293070148 -0.0454749883 0.134716327 -0.00293070148 -0.0454749883 0.133393656 0.00111997891 -0.0455222251 0.134031373 0.00101369284 -0.0546421622 0.134716327 -0.00293070148 -0.0454749883 0.134031373 0.00101369284 -0.0546421622 0.135224138 -0.00267089108 -0.0546067346 0.135224138 -0.00267089108 -0.0546067346 0.134031373 0.00101369284 -0.0546421622 0.134692708 0.000907406765 -0.0632749494 0.135224138 -0.00267089108 -0.0546067346 0.134692708 0.000907406765 -0.0632749494 0.135755568 -0.00236384242 -0.0632277125 0.135755568 -0.00236384242 -0.0632277125 0.134692708 0.000907406765 -0.0632749494 0.135472139 0.000753882435 -0.0718870762 0.135755568 -0.00236384242 -0.0632277125 0.135472139 0.000753882435 -0.0718870762 0.136346047 -0.00197412681 -0.0718634578 0.136346047 -0.00197412681 -0.0718634578 0.135472139 0.000753882435 -0.0718870762 0.136357857 0.000564929414 -0.0810040581 0.136346047 -0.00197412681 -0.0718634578 0.136357857 0.000564929414 -0.0810040581 0.137019192 -0.00148993469 -0.0809804396 0.137019192 -0.00148993469 -0.0809804396 0.136357857 0.000564929414 -0.0810040581 0.137172716 0.00039959552 -0.089129038 0.137019192 -0.00148993469 -0.0809804396 0.137172716 0.00039959552 -0.089129038 0.137645099 -0.00104117127 -0.0891054196 0.137645099 -0.00104117127 -0.0891054196 0.137172716 0.00039959552 -0.089129038 0.137739575 0.000281499882 -0.0947858194 0.137645099 -0.00104117127 -0.0891054196 0.137739575 0.000281499882 -0.0947858194 0.138070243 -0.000734122608 -0.0947740102 0.138070243 -0.000734122608 -0.0947740102 0.137739575 0.000281499882 -0.0947858194 0.137963957 0.000210642499 -0.0948684896 0.138070243 -0.000734122608 -0.0947740102 0.137963957 0.000210642499 -0.0948684896 0.138200148 -0.000545169586 -0.0948566804 0.138200148 -0.000545169586 -0.0948566804 0.137963957 0.000210642499 -0.0948684896 0.138176529 0.000139785116 -0.094951154 0.138200148 -0.000545169586 -0.0948566804 0.138176529 0.000139785116 -0.094951154 0.138341863 -0.000368026129 -0.094951154 0.138341863 -0.000368026129 -0.094951154 0.138176529 0.000139785116 -0.094951154 0.138389101 6.89277328e-05 -0.0950338242 0.138341863 -0.000368026129 -0.094951154 0.138389101 6.89277328e-05 -0.0950338242 0.138471769 -0.000179073108 -0.0950338242 0.138471769 -0.000179073108 -0.0950338242 0.138389101 6.89277328e-05 -0.0950338242 0.138613484 -1.92965016e-06 -0.0951164886 0.13248432 0.00124988412 -0.0317286546 0.136346047 0.00406056031 -0.0315869413 0.13654681 0.00387160729 -0.0372555319 0.13248432 0.00124988412 -0.0317286546 0.13654681 0.00387160729 -0.0372555319 0.132862226 0.00120264586 -0.0373972452 0.132862226 0.00120264586 -0.0373972452 0.13654681 0.00387160729 -0.0372555319 0.136842048 0.00362360645 -0.0454041302 0.132862226 0.00120264586 -0.0373972452 0.136842048 0.00362360645 -0.0454041302 0.133393656 0.00111997891 -0.0455222251 0.133393656 0.00111997891 -0.0455222251 0.136842048 0.00362360645 -0.0454041302 0.137160907 0.00329293866 -0.0545358736 0.133393656 0.00111997891 -0.0455222251 0.137160907 0.00329293866 -0.0545358736 0.134031373 0.00101369284 -0.0546421622 0.134031373 0.00101369284 -0.0546421622 0.137160907 0.00329293866 -0.0545358736 0.137467955 0.00292684218 -0.0631686665 0.134031373 0.00101369284 -0.0546421622 0.137467955 0.00292684218 -0.0631686665 0.134692708 0.000907406765 -0.0632749494 0.134692708 0.000907406765 -0.0632749494 0.137467955 0.00292684218 -0.0631686665 0.137775004 0.0024308405 -0.0718044118 0.134692708 0.000907406765 -0.0632749494 0.137775004 0.0024308405 -0.0718044118 0.135472139 0.000753882435 -0.0718870762 0.135472139 0.000753882435 -0.0718870762 0.137775004 0.0024308405 -0.0718044118 0.138105672 0.00184036231 -0.0809332028 0.135472139 0.000753882435 -0.0718870762 0.138105672 0.00184036231 -0.0809332028 0.136357857 0.000564929414 -0.0810040581 0.136357857 0.000564929414 -0.0810040581 0.138105672 0.00184036231 -0.0809332028 0.138400911 0.00128531281 -0.0890818012 0.136357857 0.000564929414 -0.0810040581 0.138400911 0.00128531281 -0.0890818012 0.137172716 0.00039959552 -0.089129038 0.137172716 0.00039959552 -0.089129038 0.138400911 0.00128531281 -0.0890818012 0.138601673 0.000907406765 -0.0947503918 0.137172716 0.00039959552 -0.089129038 0.138601673 0.000907406765 -0.0947503918 0.137739575 0.000281499882 -0.0947858194 0.137739575 0.000281499882 -0.0947858194 0.138601673 0.000907406765 -0.0947503918 0.138601673 0.000671215488 -0.0948448712 0.137739575 0.000281499882 -0.0947858194 0.138601673 0.000671215488 -0.0948448712 0.137963957 0.000210642499 -0.0948684896 0.137963957 0.000210642499 -0.0948684896 0.138601673 0.000671215488 -0.0948448712 0.138601673 0.000446833775 -0.0949393448 0.137963957 0.000210642499 -0.0948684896 0.138601673 0.000446833775 -0.0949393448 0.138176529 0.000139785116 -0.094951154 0.138176529 0.000139785116 -0.094951154 0.138601673 0.000446833775 -0.0949393448 0.138613484 0.000222452063 -0.0950220092 0.138176529 0.000139785116 -0.094951154 0.138613484 0.000222452063 -0.0950220092 0.138389101 6.89277328e-05 -0.0950338242 0.138389101 6.89277328e-05 -0.0950338242 0.138613484 0.000222452063 -0.0950220092 0.138613484 -1.92965016e-06 -0.0951164886 0.136346047 -1.92965016e-06 -0.0315869413 0.140207774 0.00124988412 -0.0314452251 0.136346047 0.00406056031 -0.0315869413 0.136346047 -1.92965016e-06 -0.0315869413 0.138731578 -0.0032849884 -0.031504274 0.140207774 0.00124988412 -0.0314452251 0.136346047 -1.92965016e-06 -0.0315869413 0.133960515 -0.0032849884 -0.0316696057 0.138731578 -0.0032849884 -0.031504274 0.136346047 -1.92965016e-06 -0.0315869413 0.13248432 0.00124988412 -0.0317286546 0.133960515 -0.0032849884 -0.0316696057 0.136346047 -1.92965016e-06 -0.0315869413 0.136346047 0.00406056031 -0.0315869413 0.13248432 0.00124988412 -0.0317286546 0.136346047 0.0198499471 -0.0315869413 0.140207774 0.0170510809 -0.0314452251 0.140231393 0.0169920334 -0.0371256249 0.136346047 0.0198499471 -0.0315869413 0.140231393 0.0169920334 -0.0371256249 0.13654681 0.0196728033 -0.0372555319 0.13654681 0.0196728033 -0.0372555319 0.140231393 0.0169920334 -0.0371256249 0.140278632 0.0169093661 -0.0452742232 0.13654681 0.0196728033 -0.0372555319 0.140278632 0.0169093661 -0.0452742232 0.136842048 0.0194129936 -0.0454041302 0.136842048 0.0194129936 -0.0454041302 0.140278632 0.0169093661 -0.0452742232 0.140290441 0.0168148896 -0.0544177815 0.136842048 0.0194129936 -0.0454041302 0.140290441 0.0168148896 -0.0544177815 0.137160907 0.0190823259 -0.0545358736 0.137160907 0.0190823259 -0.0545358736 0.140290441 0.0168148896 -0.0544177815 0.140255012 0.0166967932 -0.0630741871 0.137160907 0.0190823259 -0.0545358736 0.140255012 0.0166967932 -0.0630741871 0.137467955 0.018716229 -0.0631686665 0.137467955 0.018716229 -0.0631686665 0.140255012 0.0166967932 -0.0630741871 0.140089679 0.0165432693 -0.0717217416 0.137467955 0.018716229 -0.0631686665 0.140089679 0.0165432693 -0.0717217416 0.137775004 0.0182202281 -0.0718044118 0.137775004 0.0182202281 -0.0718044118 0.140089679 0.0165432693 -0.0717217416 0.139853487 0.0163661255 -0.0808741568 0.137775004 0.0182202281 -0.0718044118 0.139853487 0.0163661255 -0.0808741568 0.138105672 0.0176297491 -0.0809332028 0.138105672 0.0176297491 -0.0809332028 0.139853487 0.0163661255 -0.0808741568 0.139617296 0.0161889831 -0.0890345643 0.138105672 0.0176297491 -0.0809332028 0.139617296 0.0161889831 -0.0890345643 0.138400911 0.0170746993 -0.0890818012 0.138400911 0.0170746993 -0.0890818012 0.139617296 0.0161889831 -0.0890345643 0.139451962 0.0160708867 -0.0947267734 0.138400911 0.0170746993 -0.0890818012 0.139451962 0.0160708867 -0.0947267734 0.138601673 0.0166967932 -0.0947503918 0.138601673 0.0166967932 -0.0947503918 0.139451962 0.0160708867 -0.0947267734 0.139251199 0.0160000301 -0.094821247 0.138601673 0.0166967932 -0.0947503918 0.139251199 0.0160000301 -0.094821247 0.138601673 0.0164724126 -0.0948448712 0.138601673 0.0164724126 -0.0948448712 0.139251199 0.0160000301 -0.094821247 0.139038628 0.015929172 -0.0949157264 0.138601673 0.0164724126 -0.0948448712 0.139038628 0.015929172 -0.0949157264 0.138601673 0.0162480305 -0.0949393448 0.138601673 0.0162480305 -0.0949393448 0.139038628 0.015929172 -0.0949157264 0.138826055 0.0158583153 -0.0950220092 0.138601673 0.0162480305 -0.0949393448 0.138826055 0.0158583153 -0.0950220092 0.138613484 0.0160118393 -0.0950220092 0.138613484 0.0160118393 -0.0950220092 0.138826055 0.0158583153 -0.0950220092 0.138613484 0.0157874572 -0.0951164886 0.140207774 0.0170510809 -0.0314452251 0.138731578 0.0125043992 -0.031504274 0.138826055 0.0126579231 -0.0371846738 0.140207774 0.0170510809 -0.0314452251 0.138826055 0.0126579231 -0.0371846738 0.140231393 0.0169920334 -0.0371256249 0.140231393 0.0169920334 -0.0371256249 0.138826055 0.0126579231 -0.0371846738 0.13896777 0.0128586854 -0.0453214629 0.140231393 0.0169920334 -0.0371256249 0.13896777 0.0128586854 -0.0453214629 0.140278632 0.0169093661 -0.0452742232 0.140278632 0.0169093661 -0.0452742232 0.13896777 0.0128586854 -0.0453214629 0.139097675 0.0131184965 -0.0544650183 0.140278632 0.0169093661 -0.0452742232 0.139097675 0.0131184965 -0.0544650183 0.140290441 0.0168148896 -0.0544177815 0.140290441 0.0168148896 -0.0544177815 0.139097675 0.0131184965 -0.0544650183 0.139192152 0.0134255444 -0.0631096205 0.140290441 0.0168148896 -0.0544177815 0.139192152 0.0134255444 -0.0631096205 0.140255012 0.0166967932 -0.0630741871 0.140255012 0.0166967932 -0.0630741871 0.139192152 0.0134255444 -0.0631096205 0.139203961 0.0138270703 -0.0717571692 0.140255012 0.0166967932 -0.0630741871 0.139203961 0.0138270703 -0.0717571692 0.140089679 0.0165432693 -0.0717217416 0.140089679 0.0165432693 -0.0717217416 0.139203961 0.0138270703 -0.0717571692 0.139192152 0.0142994529 -0.0808977752 0.140089679 0.0165432693 -0.0717217416 0.139192152 0.0142994529 -0.0808977752 0.139853487 0.0163661255 -0.0808741568 0.139853487 0.0163661255 -0.0808741568 0.139192152 0.0142994529 -0.0808977752 0.139156723 0.0147482156 -0.0890581828 0.139853487 0.0163661255 -0.0808741568 0.139156723 0.0147482156 -0.0890581828 0.139617296 0.0161889831 -0.0890345643 0.139617296 0.0161889831 -0.0890345643 0.139156723 0.0147482156 -0.0890581828 0.139133104 0.0150670742 -0.0947385826 0.139617296 0.0161889831 -0.0890345643 0.139133104 0.0150670742 -0.0947385826 0.139451962 0.0160708867 -0.0947267734 0.139451962 0.0160708867 -0.0947267734 0.139133104 0.0150670742 -0.0947385826 0.139003199 0.015244218 -0.0948330562 0.139451962 0.0160708867 -0.0947267734 0.139003199 0.015244218 -0.0948330562 0.139251199 0.0160000301 -0.094821247 0.139251199 0.0160000301 -0.094821247 0.139003199 0.015244218 -0.0948330562 0.138873293 0.0154213604 -0.0949275356 0.139251199 0.0160000301 -0.094821247 0.138873293 0.0154213604 -0.0949275356 0.139038628 0.015929172 -0.0949157264 0.139038628 0.015929172 -0.0949157264 0.138873293 0.0154213604 -0.0949275356 0.138743388 0.0156103134 -0.0950220092 0.139038628 0.015929172 -0.0949157264 0.138743388 0.0156103134 -0.0950220092 0.138826055 0.0158583153 -0.0950220092 0.138826055 0.0158583153 -0.0950220092 0.138743388 0.0156103134 -0.0950220092 0.138613484 0.0157874572 -0.0951164886 0.138731578 0.0125043992 -0.031504274 0.133960515 0.0125043992 -0.0316696057 0.134267564 0.0126579231 -0.0373381963 0.138731578 0.0125043992 -0.031504274 0.134267564 0.0126579231 -0.0373381963 0.138826055 0.0126579231 -0.0371846738 0.138826055 0.0126579231 -0.0371846738 0.134267564 0.0126579231 -0.0373381963 0.134716327 0.0128586854 -0.0454749883 0.138826055 0.0126579231 -0.0371846738 0.134716327 0.0128586854 -0.0454749883 0.13896777 0.0128586854 -0.0453214629 0.13896777 0.0128586854 -0.0453214629 0.134716327 0.0128586854 -0.0454749883 0.135224138 0.0131184965 -0.0546067346 0.13896777 0.0128586854 -0.0453214629 0.135224138 0.0131184965 -0.0546067346 0.139097675 0.0131184965 -0.0544650183 0.139097675 0.0131184965 -0.0544650183 0.135224138 0.0131184965 -0.0546067346 0.135755568 0.0134255444 -0.0632277125 0.139097675 0.0131184965 -0.0544650183 0.135755568 0.0134255444 -0.0632277125 0.139192152 0.0134255444 -0.0631096205 0.139192152 0.0134255444 -0.0631096205 0.135755568 0.0134255444 -0.0632277125 0.136346047 0.0138270703 -0.0718634578 0.139192152 0.0134255444 -0.0631096205 0.136346047 0.0138270703 -0.0718634578 0.139203961 0.0138270703 -0.0717571692 0.139203961 0.0138270703 -0.0717571692 0.136346047 0.0138270703 -0.0718634578 0.137019192 0.0142994529 -0.0809804396 0.139203961 0.0138270703 -0.0717571692 0.137019192 0.0142994529 -0.0809804396 0.139192152 0.0142994529 -0.0808977752 0.139192152 0.0142994529 -0.0808977752 0.137019192 0.0142994529 -0.0809804396 0.137645099 0.0147482156 -0.0891054196 0.139192152 0.0142994529 -0.0808977752 0.137645099 0.0147482156 -0.0891054196 0.139156723 0.0147482156 -0.0890581828 0.139156723 0.0147482156 -0.0890581828 0.137645099 0.0147482156 -0.0891054196 0.138070243 0.0150670742 -0.0947740102 0.139156723 0.0147482156 -0.0890581828 0.138070243 0.0150670742 -0.0947740102 0.139133104 0.0150670742 -0.0947385826 0.139133104 0.0150670742 -0.0947385826 0.138070243 0.0150670742 -0.0947740102 0.138200148 0.015244218 -0.0948566804 0.139133104 0.0150670742 -0.0947385826 0.138200148 0.015244218 -0.0948566804 0.139003199 0.015244218 -0.0948330562 0.139003199 0.015244218 -0.0948330562 0.138200148 0.015244218 -0.0948566804 0.138341863 0.0154213604 -0.094951154 0.139003199 0.015244218 -0.0948330562 0.138341863 0.0154213604 -0.094951154 0.138873293 0.0154213604 -0.0949275356 0.138873293 0.0154213604 -0.0949275356 0.138341863 0.0154213604 -0.094951154 0.138471769 0.0156103134 -0.0950338242 0.138873293 0.0154213604 -0.0949275356 0.138471769 0.0156103134 -0.0950338242 0.138743388 0.0156103134 -0.0950220092 0.138743388 0.0156103134 -0.0950220092 0.138471769 0.0156103134 -0.0950338242 0.138613484 0.0157874572 -0.0951164886 0.133960515 0.0125043992 -0.0316696057 0.13248432 0.0170510809 -0.0317286546 0.132862226 0.0169920334 -0.0373972452 0.133960515 0.0125043992 -0.0316696057 0.132862226 0.0169920334 -0.0373972452 0.134267564 0.0126579231 -0.0373381963 0.134267564 0.0126579231 -0.0373381963 0.132862226 0.0169920334 -0.0373972452 0.133393656 0.0169093661 -0.0455222251 0.134267564 0.0126579231 -0.0373381963 0.133393656 0.0169093661 -0.0455222251 0.134716327 0.0128586854 -0.0454749883 0.134716327 0.0128586854 -0.0454749883 0.133393656 0.0169093661 -0.0455222251 0.134031373 0.0168148896 -0.0546421622 0.134716327 0.0128586854 -0.0454749883 0.134031373 0.0168148896 -0.0546421622 0.135224138 0.0131184965 -0.0546067346 0.135224138 0.0131184965 -0.0546067346 0.134031373 0.0168148896 -0.0546421622 0.134692708 0.0166967932 -0.0632749494 0.135224138 0.0131184965 -0.0546067346 0.134692708 0.0166967932 -0.0632749494 0.135755568 0.0134255444 -0.0632277125 0.135755568 0.0134255444 -0.0632277125 0.134692708 0.0166967932 -0.0632749494 0.135472139 0.0165432693 -0.0718870762 0.135755568 0.0134255444 -0.0632277125 0.135472139 0.0165432693 -0.0718870762 0.136346047 0.0138270703 -0.0718634578 0.136346047 0.0138270703 -0.0718634578 0.135472139 0.0165432693 -0.0718870762 0.136357857 0.0163661255 -0.0810040581 0.136346047 0.0138270703 -0.0718634578 0.136357857 0.0163661255 -0.0810040581 0.137019192 0.0142994529 -0.0809804396 0.137019192 0.0142994529 -0.0809804396 0.136357857 0.0163661255 -0.0810040581 0.137172716 0.0161889831 -0.089129038 0.137019192 0.0142994529 -0.0809804396 0.137172716 0.0161889831 -0.089129038 0.137645099 0.0147482156 -0.0891054196 0.137645099 0.0147482156 -0.0891054196 0.137172716 0.0161889831 -0.089129038 0.137739575 0.0160708867 -0.0947858194 0.137645099 0.0147482156 -0.0891054196 0.137739575 0.0160708867 -0.0947858194 0.138070243 0.0150670742 -0.0947740102 0.138070243 0.0150670742 -0.0947740102 0.137739575 0.0160708867 -0.0947858194 0.137963957 0.0160000301 -0.0948684896 0.138070243 0.0150670742 -0.0947740102 0.137963957 0.0160000301 -0.0948684896 0.138200148 0.015244218 -0.0948566804 0.138200148 0.015244218 -0.0948566804 0.137963957 0.0160000301 -0.0948684896 0.138176529 0.015929172 -0.094951154 0.138200148 0.015244218 -0.0948566804 0.138176529 0.015929172 -0.094951154 0.138341863 0.0154213604 -0.094951154 0.138341863 0.0154213604 -0.094951154 0.138176529 0.015929172 -0.094951154 0.138389101 0.0158583153 -0.0950338242 0.138341863 0.0154213604 -0.094951154 0.138389101 0.0158583153 -0.0950338242 0.138471769 0.0156103134 -0.0950338242 0.138471769 0.0156103134 -0.0950338242 0.138389101 0.0158583153 -0.0950338242 0.138613484 0.0157874572 -0.0951164886 0.13248432 0.0170510809 -0.0317286546 0.136346047 0.0198499471 -0.0315869413 0.13654681 0.0196728033 -0.0372555319 0.13248432 0.0170510809 -0.0317286546 0.13654681 0.0196728033 -0.0372555319 0.132862226 0.0169920334 -0.0373972452 0.132862226 0.0169920334 -0.0373972452 0.13654681 0.0196728033 -0.0372555319 0.136842048 0.0194129936 -0.0454041302 0.132862226 0.0169920334 -0.0373972452 0.136842048 0.0194129936 -0.0454041302 0.133393656 0.0169093661 -0.0455222251 0.133393656 0.0169093661 -0.0455222251 0.136842048 0.0194129936 -0.0454041302 0.137160907 0.0190823259 -0.0545358736 0.133393656 0.0169093661 -0.0455222251 0.137160907 0.0190823259 -0.0545358736 0.134031373 0.0168148896 -0.0546421622 0.134031373 0.0168148896 -0.0546421622 0.137160907 0.0190823259 -0.0545358736 0.137467955 0.018716229 -0.0631686665 0.134031373 0.0168148896 -0.0546421622 0.137467955 0.018716229 -0.0631686665 0.134692708 0.0166967932 -0.0632749494 0.134692708 0.0166967932 -0.0632749494 0.137467955 0.018716229 -0.0631686665 0.137775004 0.0182202281 -0.0718044118 0.134692708 0.0166967932 -0.0632749494 0.137775004 0.0182202281 -0.0718044118 0.135472139 0.0165432693 -0.0718870762 0.135472139 0.0165432693 -0.0718870762 0.137775004 0.0182202281 -0.0718044118 0.138105672 0.0176297491 -0.0809332028 0.135472139 0.0165432693 -0.0718870762 0.138105672 0.0176297491 -0.0809332028 0.136357857 0.0163661255 -0.0810040581 0.136357857 0.0163661255 -0.0810040581 0.138105672 0.0176297491 -0.0809332028 0.138400911 0.0170746993 -0.0890818012 0.136357857 0.0163661255 -0.0810040581 0.138400911 0.0170746993 -0.0890818012 0.137172716 0.0161889831 -0.089129038 0.137172716 0.0161889831 -0.089129038 0.138400911 0.0170746993 -0.0890818012 0.138601673 0.0166967932 -0.0947503918 0.137172716 0.0161889831 -0.089129038 0.138601673 0.0166967932 -0.0947503918 0.137739575 0.0160708867 -0.0947858194 0.137739575 0.0160708867 -0.0947858194 0.138601673 0.0166967932 -0.0947503918 0.138601673 0.0164724126 -0.0948448712 0.137739575 0.0160708867 -0.0947858194 0.138601673 0.0164724126 -0.0948448712 0.137963957 0.0160000301 -0.0948684896 0.137963957 0.0160000301 -0.0948684896 0.138601673 0.0164724126 -0.0948448712 0.138601673 0.0162480305 -0.0949393448 0.137963957 0.0160000301 -0.0948684896 0.138601673 0.0162480305 -0.0949393448 0.138176529 0.015929172 -0.094951154 0.138176529 0.015929172 -0.094951154 0.138601673 0.0162480305 -0.0949393448 0.138613484 0.0160118393 -0.0950220092 0.138176529 0.015929172 -0.094951154 0.138613484 0.0160118393 -0.0950220092 0.138389101 0.0158583153 -0.0950338242 0.138389101 0.0158583153 -0.0950338242 0.138613484 0.0160118393 -0.0950220092 0.138613484 0.0157874572 -0.0951164886 0.136346047 0.0157874572 -0.0315869413 0.140207774 0.0170510809 -0.0314452251 0.136346047 0.0198499471 -0.0315869413 0.136346047 0.0157874572 -0.0315869413 0.138731578 0.0125043992 -0.031504274 0.140207774 0.0170510809 -0.0314452251 0.136346047 0.0157874572 -0.0315869413 0.133960515 0.0125043992 -0.0316696057 0.138731578 0.0125043992 -0.031504274 0.136346047 0.0157874572 -0.0315869413 0.13248432 0.0170510809 -0.0317286546 0.133960515 0.0125043992 -0.0316696057 0.136346047 0.0157874572 -0.0315869413 0.136346047 0.0198499471 -0.0315869413 0.13248432 0.0170510809 -0.0317286546 0.136346047 0.0356422859 -0.0315869413 0.140207774 0.0328434211 -0.0314452251 0.140231393 0.0327843722 -0.0371256249 0.136346047 0.0356422859 -0.0315869413 0.140231393 0.0327843722 -0.0371256249 0.13654681 0.0354651421 -0.0372555319 0.13654681 0.0354651421 -0.0372555319 0.140231393 0.0327843722 -0.0371256249 0.140278632 0.0327017049 -0.0452742232 0.13654681 0.0354651421 -0.0372555319 0.140278632 0.0327017049 -0.0452742232 0.136842048 0.0352053339 -0.0454041302 0.136842048 0.0352053339 -0.0454041302 0.140278632 0.0327017049 -0.0452742232 0.140290441 0.0326072284 -0.0544177815 0.136842048 0.0352053339 -0.0454041302 0.140290441 0.0326072284 -0.0544177815 0.137160907 0.0348864738 -0.0545358736 0.137160907 0.0348864738 -0.0545358736 0.140290441 0.0326072284 -0.0544177815 0.140255012 0.0324891335 -0.0630741871 0.137160907 0.0348864738 -0.0545358736 0.140255012 0.0324891335 -0.0630741871 0.137467955 0.0345085678 -0.0631686665 0.137467955 0.0345085678 -0.0631686665 0.140255012 0.0324891335 -0.0630741871 0.140089679 0.0323356081 -0.0717217416 0.137467955 0.0345085678 -0.0631686665 0.140089679 0.0323356081 -0.0717217416 0.137775004 0.0340125668 -0.0718044118 0.137775004 0.0340125668 -0.0718044118 0.140089679 0.0323356081 -0.0717217416 0.139853487 0.0321584642 -0.0808741568 0.137775004 0.0340125668 -0.0718044118 0.139853487 0.0321584642 -0.0808741568 0.138105672 0.0334220894 -0.0809332028 0.138105672 0.0334220894 -0.0809332028 0.139853487 0.0321584642 -0.0808741568 0.139617296 0.0319813204 -0.0890345643 0.138105672 0.0334220894 -0.0809332028 0.139617296 0.0319813204 -0.0890345643 0.138400911 0.0328670395 -0.0890818012 0.138400911 0.0328670395 -0.0890818012 0.139617296 0.0319813204 -0.0890345643 0.139451962 0.0318632255 -0.0947267734 0.138400911 0.0328670395 -0.0890818012 0.139451962 0.0318632255 -0.0947267734 0.138601673 0.0324891335 -0.0947503918 0.138601673 0.0324891335 -0.0947503918 0.139451962 0.0318632255 -0.0947267734 0.139251199 0.0317923674 -0.094821247 0.138601673 0.0324891335 -0.0947503918 0.139251199 0.0317923674 -0.094821247 0.138601673 0.03226475 -0.0948448712 0.138601673 0.03226475 -0.0948448712 0.139251199 0.0317923674 -0.094821247 0.139038628 0.0317215122 -0.0949157264 0.138601673 0.03226475 -0.0948448712 0.139038628 0.0317215122 -0.0949157264 0.138601673 0.0320403693 -0.0949393448 0.138601673 0.0320403693 -0.0949393448 0.139038628 0.0317215122 -0.0949157264 0.138826055 0.0316506541 -0.0950220092 0.138601673 0.0320403693 -0.0949393448 0.138826055 0.0316506541 -0.0950220092 0.138613484 0.0318159887 -0.0950220092 0.138613484 0.0318159887 -0.0950220092 0.138826055 0.0316506541 -0.0950220092 0.138613484 0.031579796 -0.0951164886 0.140207774 0.0328434211 -0.0314452251 0.138731578 0.0282967365 -0.031504274 0.138826055 0.0284502619 -0.0371846738 0.140207774 0.0328434211 -0.0314452251 0.138826055 0.0284502619 -0.0371846738 0.140231393 0.0327843722 -0.0371256249 0.140231393 0.0327843722 -0.0371256249 0.138826055 0.0284502619 -0.0371846738 0.13896777 0.0286628333 -0.0453214629 0.140231393 0.0327843722 -0.0371256249 0.13896777 0.0286628333 -0.0453214629 0.140278632 0.0327017049 -0.0452742232 0.140278632 0.0327017049 -0.0452742232 0.13896777 0.0286628333 -0.0453214629 0.139097675 0.0289226445 -0.0544650183 0.140278632 0.0327017049 -0.0452742232 0.139097675 0.0289226445 -0.0544650183 0.140290441 0.0326072284 -0.0544177815 0.140290441 0.0326072284 -0.0544177815 0.139097675 0.0289226445 -0.0544650183 0.139192152 0.0292178832 -0.0631096205 0.140290441 0.0326072284 -0.0544177815 0.139192152 0.0292178832 -0.0631096205 0.140255012 0.0324891335 -0.0630741871 0.140255012 0.0324891335 -0.0630741871 0.139192152 0.0292178832 -0.0631096205 0.139203961 0.0296194077 -0.0717571692 0.140255012 0.0324891335 -0.0630741871 0.139203961 0.0296194077 -0.0717571692 0.140089679 0.0323356081 -0.0717217416 0.140089679 0.0323356081 -0.0717217416 0.139203961 0.0296194077 -0.0717571692 0.139192152 0.0300917902 -0.0808977752 0.140089679 0.0323356081 -0.0717217416 0.139192152 0.0300917902 -0.0808977752 0.139853487 0.0321584642 -0.0808741568 0.139853487 0.0321584642 -0.0808741568 0.139192152 0.0300917902 -0.0808977752 0.139156723 0.0305405544 -0.0890581828 0.139853487 0.0321584642 -0.0808741568 0.139156723 0.0305405544 -0.0890581828 0.139617296 0.0319813204 -0.0890345643 0.139617296 0.0319813204 -0.0890345643 0.139156723 0.0305405544 -0.0890581828 0.139133104 0.0308594144 -0.0947385826 0.139617296 0.0319813204 -0.0890345643 0.139133104 0.0308594144 -0.0947385826 0.139451962 0.0318632255 -0.0947267734 0.139451962 0.0318632255 -0.0947267734 0.139133104 0.0308594144 -0.0947385826 0.139003199 0.0310365553 -0.0948330562 0.139451962 0.0318632255 -0.0947267734 0.139003199 0.0310365553 -0.0948330562 0.139251199 0.0317923674 -0.094821247 0.139251199 0.0317923674 -0.094821247 0.139003199 0.0310365553 -0.0948330562 0.138873293 0.0312255083 -0.0949275356 0.139251199 0.0317923674 -0.094821247 0.138873293 0.0312255083 -0.0949275356 0.139038628 0.0317215122 -0.0949157264 0.139038628 0.0317215122 -0.0949157264 0.138873293 0.0312255083 -0.0949275356 0.138743388 0.0314026522 -0.0950220092 0.139038628 0.0317215122 -0.0949157264 0.138743388 0.0314026522 -0.0950220092 0.138826055 0.0316506541 -0.0950220092 0.138826055 0.0316506541 -0.0950220092 0.138743388 0.0314026522 -0.0950220092 0.138613484 0.031579796 -0.0951164886 0.138731578 0.0282967365 -0.031504274 0.133960515 0.0282967365 -0.0316696057 0.134267564 0.0284502619 -0.0373381963 0.138731578 0.0282967365 -0.031504274 0.134267564 0.0284502619 -0.0373381963 0.138826055 0.0284502619 -0.0371846738 0.138826055 0.0284502619 -0.0371846738 0.134267564 0.0284502619 -0.0373381963 0.134716327 0.0286628333 -0.0454749883 0.138826055 0.0284502619 -0.0371846738 0.134716327 0.0286628333 -0.0454749883 0.13896777 0.0286628333 -0.0453214629 0.13896777 0.0286628333 -0.0453214629 0.134716327 0.0286628333 -0.0454749883 0.135224138 0.0289226445 -0.0546067346 0.13896777 0.0286628333 -0.0453214629 0.135224138 0.0289226445 -0.0546067346 0.139097675 0.0289226445 -0.0544650183 0.139097675 0.0289226445 -0.0544650183 0.135224138 0.0289226445 -0.0546067346 0.135755568 0.0292178832 -0.0632277125 0.139097675 0.0289226445 -0.0544650183 0.135755568 0.0292178832 -0.0632277125 0.139192152 0.0292178832 -0.0631096205 0.139192152 0.0292178832 -0.0631096205 0.135755568 0.0292178832 -0.0632277125 0.136346047 0.0296194077 -0.0718634578 0.139192152 0.0292178832 -0.0631096205 0.136346047 0.0296194077 -0.0718634578 0.139203961 0.0296194077 -0.0717571692 0.139203961 0.0296194077 -0.0717571692 0.136346047 0.0296194077 -0.0718634578 0.137019192 0.0300917902 -0.0809804396 0.139203961 0.0296194077 -0.0717571692 0.137019192 0.0300917902 -0.0809804396 0.139192152 0.0300917902 -0.0808977752 0.139192152 0.0300917902 -0.0808977752 0.137019192 0.0300917902 -0.0809804396 0.137645099 0.0305405544 -0.0891054196 0.139192152 0.0300917902 -0.0808977752 0.137645099 0.0305405544 -0.0891054196 0.139156723 0.0305405544 -0.0890581828 0.139156723 0.0305405544 -0.0890581828 0.137645099 0.0305405544 -0.0891054196 0.138070243 0.0308594144 -0.0947740102 0.139156723 0.0305405544 -0.0890581828 0.138070243 0.0308594144 -0.0947740102 0.139133104 0.0308594144 -0.0947385826 0.139133104 0.0308594144 -0.0947385826 0.138070243 0.0308594144 -0.0947740102 0.138200148 0.0310365553 -0.0948566804 0.139133104 0.0308594144 -0.0947385826 0.138200148 0.0310365553 -0.0948566804 0.139003199 0.0310365553 -0.0948330562 0.139003199 0.0310365553 -0.0948330562 0.138200148 0.0310365553 -0.0948566804 0.138341863 0.0312255083 -0.094951154 0.139003199 0.0310365553 -0.0948330562 0.138341863 0.0312255083 -0.094951154 0.138873293 0.0312255083 -0.0949275356 0.138873293 0.0312255083 -0.0949275356 0.138341863 0.0312255083 -0.094951154 0.138471769 0.0314026522 -0.0950338242 0.138873293 0.0312255083 -0.0949275356 0.138471769 0.0314026522 -0.0950338242 0.138743388 0.0314026522 -0.0950220092 0.138743388 0.0314026522 -0.0950220092 0.138471769 0.0314026522 -0.0950338242 0.138613484 0.031579796 -0.0951164886 0.133960515 0.0282967365 -0.0316696057 0.13248432 0.0328434211 -0.0317286546 0.132862226 0.0327843722 -0.0373972452 0.133960515 0.0282967365 -0.0316696057 0.132862226 0.0327843722 -0.0373972452 0.134267564 0.0284502619 -0.0373381963 0.134267564 0.0284502619 -0.0373381963 0.132862226 0.0327843722 -0.0373972452 0.133393656 0.0327017049 -0.0455222251 0.134267564 0.0284502619 -0.0373381963 0.133393656 0.0327017049 -0.0455222251 0.134716327 0.0286628333 -0.0454749883 0.134716327 0.0286628333 -0.0454749883 0.133393656 0.0327017049 -0.0455222251 0.134031373 0.0326072284 -0.0546421622 0.134716327 0.0286628333 -0.0454749883 0.134031373 0.0326072284 -0.0546421622 0.135224138 0.0289226445 -0.0546067346 0.135224138 0.0289226445 -0.0546067346 0.134031373 0.0326072284 -0.0546421622 0.134692708 0.0324891335 -0.0632749494 0.135224138 0.0289226445 -0.0546067346 0.134692708 0.0324891335 -0.0632749494 0.135755568 0.0292178832 -0.0632277125 0.135755568 0.0292178832 -0.0632277125 0.134692708 0.0324891335 -0.0632749494 0.135472139 0.0323356081 -0.0718870762 0.135755568 0.0292178832 -0.0632277125 0.135472139 0.0323356081 -0.0718870762 0.136346047 0.0296194077 -0.0718634578 0.136346047 0.0296194077 -0.0718634578 0.135472139 0.0323356081 -0.0718870762 0.136357857 0.0321584642 -0.0810040581 0.136346047 0.0296194077 -0.0718634578 0.136357857 0.0321584642 -0.0810040581 0.137019192 0.0300917902 -0.0809804396 0.137019192 0.0300917902 -0.0809804396 0.136357857 0.0321584642 -0.0810040581 0.137172716 0.0319813204 -0.089129038 0.137019192 0.0300917902 -0.0809804396 0.137172716 0.0319813204 -0.089129038 0.137645099 0.0305405544 -0.0891054196 0.137645099 0.0305405544 -0.0891054196 0.137172716 0.0319813204 -0.089129038 0.137739575 0.0318632255 -0.0947858194 0.137645099 0.0305405544 -0.0891054196 0.137739575 0.0318632255 -0.0947858194 0.138070243 0.0308594144 -0.0947740102 0.138070243 0.0308594144 -0.0947740102 0.137739575 0.0318632255 -0.0947858194 0.137963957 0.0317923674 -0.0948684896 0.138070243 0.0308594144 -0.0947740102 0.137963957 0.0317923674 -0.0948684896 0.138200148 0.0310365553 -0.0948566804 0.138200148 0.0310365553 -0.0948566804 0.137963957 0.0317923674 -0.0948684896 0.138176529 0.0317215122 -0.094951154 0.138200148 0.0310365553 -0.0948566804 0.138176529 0.0317215122 -0.094951154 0.138341863 0.0312255083 -0.094951154 0.138341863 0.0312255083 -0.094951154 0.138176529 0.0317215122 -0.094951154 0.138389101 0.0316506541 -0.0950338242 0.138341863 0.0312255083 -0.094951154 0.138389101 0.0316506541 -0.0950338242 0.138471769 0.0314026522 -0.0950338242 0.138471769 0.0314026522 -0.0950338242 0.138389101 0.0316506541 -0.0950338242 0.138613484 0.031579796 -0.0951164886 0.13248432 0.0328434211 -0.0317286546 0.136346047 0.0356422859 -0.0315869413 0.13654681 0.0354651421 -0.0372555319 0.13248432 0.0328434211 -0.0317286546 0.13654681 0.0354651421 -0.0372555319 0.132862226 0.0327843722 -0.0373972452 0.132862226 0.0327843722 -0.0373972452 0.13654681 0.0354651421 -0.0372555319 0.136842048 0.0352053339 -0.0454041302 0.132862226 0.0327843722 -0.0373972452 0.136842048 0.0352053339 -0.0454041302 0.133393656 0.0327017049 -0.0455222251 0.133393656 0.0327017049 -0.0455222251 0.136842048 0.0352053339 -0.0454041302 0.137160907 0.0348864738 -0.0545358736 0.133393656 0.0327017049 -0.0455222251 0.137160907 0.0348864738 -0.0545358736 0.134031373 0.0326072284 -0.0546421622 0.134031373 0.0326072284 -0.0546421622 0.137160907 0.0348864738 -0.0545358736 0.137467955 0.0345085678 -0.0631686665 0.134031373 0.0326072284 -0.0546421622 0.137467955 0.0345085678 -0.0631686665 0.134692708 0.0324891335 -0.0632749494 0.134692708 0.0324891335 -0.0632749494 0.137467955 0.0345085678 -0.0631686665 0.137775004 0.0340125668 -0.0718044118 0.134692708 0.0324891335 -0.0632749494 0.137775004 0.0340125668 -0.0718044118 0.135472139 0.0323356081 -0.0718870762 0.135472139 0.0323356081 -0.0718870762 0.137775004 0.0340125668 -0.0718044118 0.138105672 0.0334220894 -0.0809332028 0.135472139 0.0323356081 -0.0718870762 0.138105672 0.0334220894 -0.0809332028 0.136357857 0.0321584642 -0.0810040581 0.136357857 0.0321584642 -0.0810040581 0.138105672 0.0334220894 -0.0809332028 0.138400911 0.0328670395 -0.0890818012 0.136357857 0.0321584642 -0.0810040581 0.138400911 0.0328670395 -0.0890818012 0.137172716 0.0319813204 -0.089129038 0.137172716 0.0319813204 -0.089129038 0.138400911 0.0328670395 -0.0890818012 0.138601673 0.0324891335 -0.0947503918 0.137172716 0.0319813204 -0.089129038 0.138601673 0.0324891335 -0.0947503918 0.137739575 0.0318632255 -0.0947858194 0.137739575 0.0318632255 -0.0947858194 0.138601673 0.0324891335 -0.0947503918 0.138601673 0.03226475 -0.0948448712 0.137739575 0.0318632255 -0.0947858194 0.138601673 0.03226475 -0.0948448712 0.137963957 0.0317923674 -0.0948684896 0.137963957 0.0317923674 -0.0948684896 0.138601673 0.03226475 -0.0948448712 0.138601673 0.0320403693 -0.0949393448 0.137963957 0.0317923674 -0.0948684896 0.138601673 0.0320403693 -0.0949393448 0.138176529 0.0317215122 -0.094951154 0.138176529 0.0317215122 -0.094951154 0.138601673 0.0320403693 -0.0949393448 0.138613484 0.0318159887 -0.0950220092 0.138176529 0.0317215122 -0.094951154 0.138613484 0.0318159887 -0.0950220092 0.138389101 0.0316506541 -0.0950338242 0.138389101 0.0316506541 -0.0950338242 0.138613484 0.0318159887 -0.0950220092 0.138613484 0.031579796 -0.0951164886 0.136346047 0.031579796 -0.0315869413 0.140207774 0.0328434211 -0.0314452251 0.136346047 0.0356422859 -0.0315869413 0.136346047 0.031579796 -0.0315869413 0.138731578 0.0282967365 -0.031504274 0.140207774 0.0328434211 -0.0314452251 0.136346047 0.031579796 -0.0315869413 0.133960515 0.0282967365 -0.0316696057 0.138731578 0.0282967365 -0.031504274 0.136346047 0.031579796 -0.0315869413 0.13248432 0.0328434211 -0.0317286546 0.133960515 0.0282967365 -0.0316696057 0.136346047 0.031579796 -0.0315869413 0.136346047 0.0356422859 -0.0315869413 0.13248432 0.0328434211 -0.0317286546 0.136346047 0.0514346247 -0.0315869413 0.140207774 0.0486328076 -0.0314452251 0.140231393 0.0485737587 -0.0371256249 0.136346047 0.0514346247 -0.0315869413 0.140231393 0.0485737587 -0.0371256249 0.13654681 0.0512574809 -0.0372555319 0.13654681 0.0512574809 -0.0372555319 0.140231393 0.0485737587 -0.0371256249 0.140278632 0.0484910914 -0.0452742232 0.13654681 0.0512574809 -0.0372555319 0.140278632 0.0484910914 -0.0452742232 0.136842048 0.0509976727 -0.0454041302 0.136842048 0.0509976727 -0.0454041302 0.140278632 0.0484910914 -0.0452742232 0.140290441 0.0483966149 -0.0544177815 0.136842048 0.0509976727 -0.0454041302 0.140290441 0.0483966149 -0.0544177815 0.137160907 0.0506788126 -0.0545358736 0.137160907 0.0506788126 -0.0545358736 0.140290441 0.0483966149 -0.0544177815 0.140255012 0.04827852 -0.0630741871 0.137160907 0.0506788126 -0.0545358736 0.140255012 0.04827852 -0.0630741871 0.137467955 0.0503009066 -0.0631686665 0.137467955 0.0503009066 -0.0631686665 0.140255012 0.04827852 -0.0630741871 0.140089679 0.0481249945 -0.0717217416 0.137467955 0.0503009066 -0.0631686665 0.140089679 0.0481249945 -0.0717217416 0.137775004 0.0498167177 -0.0718044118 0.137775004 0.0498167177 -0.0718044118 0.140089679 0.0481249945 -0.0717217416 0.139853487 0.0479478507 -0.0808741568 0.137775004 0.0498167177 -0.0718044118 0.139853487 0.0479478507 -0.0808741568 0.138105672 0.0492262345 -0.0809332028 0.138105672 0.0492262345 -0.0809332028 0.139853487 0.0479478507 -0.0808741568 0.139617296 0.0477707098 -0.0890345643 0.138105672 0.0492262345 -0.0809332028 0.139617296 0.0477707098 -0.0890345643 0.138400911 0.0486682352 -0.0890818012 0.138400911 0.0486682352 -0.0890818012 0.139617296 0.0477707098 -0.0890345643 0.139451962 0.047652612 -0.0947267734 0.138400911 0.0486682352 -0.0890818012 0.139451962 0.047652612 -0.0947267734 0.138601673 0.04827852 -0.0947503918 0.138601673 0.04827852 -0.0947503918 0.139451962 0.047652612 -0.0947267734 0.139251199 0.0475817568 -0.094821247 0.138601673 0.04827852 -0.0947503918 0.139251199 0.0475817568 -0.094821247 0.138601673 0.0480541393 -0.0948448712 0.138601673 0.0480541393 -0.0948448712 0.139251199 0.0475817568 -0.094821247 0.139038628 0.0475108987 -0.0949157264 0.138601673 0.0480541393 -0.0948448712 0.139038628 0.0475108987 -0.0949157264 0.138601673 0.0478297558 -0.0949393448 0.138601673 0.0478297558 -0.0949393448 0.139038628 0.0475108987 -0.0949157264 0.138826055 0.0474518498 -0.0950220092 0.138601673 0.0478297558 -0.0949393448 0.138826055 0.0474518498 -0.0950220092 0.138613484 0.0476053752 -0.0950220092 0.138613484 0.0476053752 -0.0950220092 0.138826055 0.0474518498 -0.0950220092 0.138613484 0.0473809917 -0.0951164886 0.140207774 0.0486328076 -0.0314452251 0.138731578 0.0440861259 -0.031504274 0.138826055 0.0442396484 -0.0371846738 0.140207774 0.0486328076 -0.0314452251 0.138826055 0.0442396484 -0.0371846738 0.140231393 0.0485737587 -0.0371256249 0.140231393 0.0485737587 -0.0371256249 0.138826055 0.0442396484 -0.0371846738 0.13896777 0.0444522198 -0.0453214629 0.140231393 0.0485737587 -0.0371256249 0.13896777 0.0444522198 -0.0453214629 0.140278632 0.0484910914 -0.0452742232 0.140278632 0.0484910914 -0.0452742232 0.13896777 0.0444522198 -0.0453214629 0.139097675 0.044712031 -0.0544650183 0.140278632 0.0484910914 -0.0452742232 0.139097675 0.044712031 -0.0544650183 0.140290441 0.0483966149 -0.0544177815 0.140290441 0.0483966149 -0.0544177815 0.139097675 0.044712031 -0.0544650183 0.139192152 0.0450072697 -0.0631096205 0.140290441 0.0483966149 -0.0544177815 0.139192152 0.0450072697 -0.0631096205 0.140255012 0.04827852 -0.0630741871 0.140255012 0.04827852 -0.0630741871 0.139192152 0.0450072697 -0.0631096205 0.139203961 0.045408797 -0.0717571692 0.140255012 0.04827852 -0.0630741871 0.139203961 0.045408797 -0.0717571692 0.140089679 0.0481249945 -0.0717217416 0.140089679 0.0481249945 -0.0717217416 0.139203961 0.045408797 -0.0717571692 0.139192152 0.0458811796 -0.0808977752 0.140089679 0.0481249945 -0.0717217416 0.139192152 0.0458811796 -0.0808977752 0.139853487 0.0479478507 -0.0808741568 0.139853487 0.0479478507 -0.0808741568 0.139192152 0.0458811796 -0.0808977752 0.139156723 0.04634175 -0.0890581828 0.139853487 0.0479478507 -0.0808741568 0.139156723 0.04634175 -0.0890581828 0.139617296 0.0477707098 -0.0890345643 0.139617296 0.0477707098 -0.0890345643 0.139156723 0.04634175 -0.0890581828 0.139133104 0.0466488009 -0.0947385826 0.139617296 0.0477707098 -0.0890345643 0.139133104 0.0466488009 -0.0947385826 0.139451962 0.047652612 -0.0947267734 0.139451962 0.047652612 -0.0947267734 0.139133104 0.0466488009 -0.0947385826 0.139003199 0.0468259447 -0.0948330562 0.139451962 0.047652612 -0.0947267734 0.139003199 0.0468259447 -0.0948330562 0.139251199 0.0475817568 -0.094821247 0.139251199 0.0475817568 -0.094821247 0.139003199 0.0468259447 -0.0948330562 0.138873293 0.0470148977 -0.0949275356 0.139251199 0.0475817568 -0.094821247 0.138873293 0.0470148977 -0.0949275356 0.139038628 0.0475108987 -0.0949157264 0.139038628 0.0475108987 -0.0949157264 0.138873293 0.0470148977 -0.0949275356 0.138743388 0.0471920386 -0.0950220092 0.139038628 0.0475108987 -0.0949157264 0.138743388 0.0471920386 -0.0950220092 0.138826055 0.0474518498 -0.0950220092 0.138826055 0.0474518498 -0.0950220092 0.138743388 0.0471920386 -0.0950220092 0.138613484 0.0473809917 -0.0951164886 0.138731578 0.0440861259 -0.031504274 0.133960515 0.0440861259 -0.0316696057 0.134267564 0.0442396484 -0.0373381963 0.138731578 0.0440861259 -0.031504274 0.134267564 0.0442396484 -0.0373381963 0.138826055 0.0442396484 -0.0371846738 0.138826055 0.0442396484 -0.0371846738 0.134267564 0.0442396484 -0.0373381963 0.134716327 0.0444522198 -0.0454749883 0.138826055 0.0442396484 -0.0371846738 0.134716327 0.0444522198 -0.0454749883 0.13896777 0.0444522198 -0.0453214629 0.13896777 0.0444522198 -0.0453214629 0.134716327 0.0444522198 -0.0454749883 0.135224138 0.044712031 -0.0546067346 0.13896777 0.0444522198 -0.0453214629 0.135224138 0.044712031 -0.0546067346 0.139097675 0.044712031 -0.0544650183 0.139097675 0.044712031 -0.0544650183 0.135224138 0.044712031 -0.0546067346 0.135755568 0.0450072697 -0.0632277125 0.139097675 0.044712031 -0.0544650183 0.135755568 0.0450072697 -0.0632277125 0.139192152 0.0450072697 -0.0631096205 0.139192152 0.0450072697 -0.0631096205 0.135755568 0.0450072697 -0.0632277125 0.136346047 0.045408797 -0.0718634578 0.139192152 0.0450072697 -0.0631096205 0.136346047 0.045408797 -0.0718634578 0.139203961 0.045408797 -0.0717571692 0.139203961 0.045408797 -0.0717571692 0.136346047 0.045408797 -0.0718634578 0.137019192 0.0458811796 -0.0809804396 0.139203961 0.045408797 -0.0717571692 0.137019192 0.0458811796 -0.0809804396 0.139192152 0.0458811796 -0.0808977752 0.139192152 0.0458811796 -0.0808977752 0.137019192 0.0458811796 -0.0809804396 0.137645099 0.04634175 -0.0891054196 0.139192152 0.0458811796 -0.0808977752 0.137645099 0.04634175 -0.0891054196 0.139156723 0.04634175 -0.0890581828 0.139156723 0.04634175 -0.0890581828 0.137645099 0.04634175 -0.0891054196 0.138070243 0.0466488009 -0.0947740102 0.139156723 0.04634175 -0.0890581828 0.138070243 0.0466488009 -0.0947740102 0.139133104 0.0466488009 -0.0947385826 0.139133104 0.0466488009 -0.0947385826 0.138070243 0.0466488009 -0.0947740102 0.138200148 0.0468259447 -0.0948566804 0.139133104 0.0466488009 -0.0947385826 0.138200148 0.0468259447 -0.0948566804 0.139003199 0.0468259447 -0.0948330562 0.139003199 0.0468259447 -0.0948330562 0.138200148 0.0468259447 -0.0948566804 0.138341863 0.0470148977 -0.094951154 0.139003199 0.0468259447 -0.0948330562 0.138341863 0.0470148977 -0.094951154 0.138873293 0.0470148977 -0.0949275356 0.138873293 0.0470148977 -0.0949275356 0.138341863 0.0470148977 -0.094951154 0.138471769 0.0471920386 -0.0950338242 0.138873293 0.0470148977 -0.0949275356 0.138471769 0.0471920386 -0.0950338242 0.138743388 0.0471920386 -0.0950220092 0.138743388 0.0471920386 -0.0950220092 0.138471769 0.0471920386 -0.0950338242 0.138613484 0.0473809917 -0.0951164886 0.133960515 0.0440861259 -0.0316696057 0.13248432 0.0486328076 -0.0317286546 0.132862226 0.0485737587 -0.0373972452 0.133960515 0.0440861259 -0.0316696057 0.132862226 0.0485737587 -0.0373972452 0.134267564 0.0442396484 -0.0373381963 0.134267564 0.0442396484 -0.0373381963 0.132862226 0.0485737587 -0.0373972452 0.133393656 0.0484910914 -0.0455222251 0.134267564 0.0442396484 -0.0373381963 0.133393656 0.0484910914 -0.0455222251 0.134716327 0.0444522198 -0.0454749883 0.134716327 0.0444522198 -0.0454749883 0.133393656 0.0484910914 -0.0455222251 0.134031373 0.0483966149 -0.0546421622 0.134716327 0.0444522198 -0.0454749883 0.134031373 0.0483966149 -0.0546421622 0.135224138 0.044712031 -0.0546067346 0.135224138 0.044712031 -0.0546067346 0.134031373 0.0483966149 -0.0546421622 0.134692708 0.04827852 -0.0632749494 0.135224138 0.044712031 -0.0546067346 0.134692708 0.04827852 -0.0632749494 0.135755568 0.0450072697 -0.0632277125 0.135755568 0.0450072697 -0.0632277125 0.134692708 0.04827852 -0.0632749494 0.135472139 0.0481249945 -0.0718870762 0.135755568 0.0450072697 -0.0632277125 0.135472139 0.0481249945 -0.0718870762 0.136346047 0.045408797 -0.0718634578 0.136346047 0.045408797 -0.0718634578 0.135472139 0.0481249945 -0.0718870762 0.136357857 0.0479478507 -0.0810040581 0.136346047 0.045408797 -0.0718634578 0.136357857 0.0479478507 -0.0810040581 0.137019192 0.0458811796 -0.0809804396 0.137019192 0.0458811796 -0.0809804396 0.136357857 0.0479478507 -0.0810040581 0.137172716 0.0477707098 -0.089129038 0.137019192 0.0458811796 -0.0809804396 0.137172716 0.0477707098 -0.089129038 0.137645099 0.04634175 -0.0891054196 0.137645099 0.04634175 -0.0891054196 0.137172716 0.0477707098 -0.089129038 0.137739575 0.047652612 -0.0947858194 0.137645099 0.04634175 -0.0891054196 0.137739575 0.047652612 -0.0947858194 0.138070243 0.0466488009 -0.0947740102 0.138070243 0.0466488009 -0.0947740102 0.137739575 0.047652612 -0.0947858194 0.137963957 0.0475817568 -0.0948684896 0.138070243 0.0466488009 -0.0947740102 0.137963957 0.0475817568 -0.0948684896 0.138200148 0.0468259447 -0.0948566804 0.138200148 0.0468259447 -0.0948566804 0.137963957 0.0475817568 -0.0948684896 0.138176529 0.0475108987 -0.094951154 0.138200148 0.0468259447 -0.0948566804 0.138176529 0.0475108987 -0.094951154 0.138341863 0.0470148977 -0.094951154 0.138341863 0.0470148977 -0.094951154 0.138176529 0.0475108987 -0.094951154 0.138389101 0.0474518498 -0.0950338242 0.138341863 0.0470148977 -0.094951154 0.138389101 0.0474518498 -0.0950338242 0.138471769 0.0471920386 -0.0950338242 0.138471769 0.0471920386 -0.0950338242 0.138389101 0.0474518498 -0.0950338242 0.138613484 0.0473809917 -0.0951164886 0.13248432 0.0486328076 -0.0317286546 0.136346047 0.0514346247 -0.0315869413 0.13654681 0.0512574809 -0.0372555319 0.13248432 0.0486328076 -0.0317286546 0.13654681 0.0512574809 -0.0372555319 0.132862226 0.0485737587 -0.0373972452 0.132862226 0.0485737587 -0.0373972452 0.13654681 0.0512574809 -0.0372555319 0.136842048 0.0509976727 -0.0454041302 0.132862226 0.0485737587 -0.0373972452 0.136842048 0.0509976727 -0.0454041302 0.133393656 0.0484910914 -0.0455222251 0.133393656 0.0484910914 -0.0455222251 0.136842048 0.0509976727 -0.0454041302 0.137160907 0.0506788126 -0.0545358736 0.133393656 0.0484910914 -0.0455222251 0.137160907 0.0506788126 -0.0545358736 0.134031373 0.0483966149 -0.0546421622 0.134031373 0.0483966149 -0.0546421622 0.137160907 0.0506788126 -0.0545358736 0.137467955 0.0503009066 -0.0631686665 0.134031373 0.0483966149 -0.0546421622 0.137467955 0.0503009066 -0.0631686665 0.134692708 0.04827852 -0.0632749494 0.134692708 0.04827852 -0.0632749494 0.137467955 0.0503009066 -0.0631686665 0.137775004 0.0498167177 -0.0718044118 0.134692708 0.04827852 -0.0632749494 0.137775004 0.0498167177 -0.0718044118 0.135472139 0.0481249945 -0.0718870762 0.135472139 0.0481249945 -0.0718870762 0.137775004 0.0498167177 -0.0718044118 0.138105672 0.0492262345 -0.0809332028 0.135472139 0.0481249945 -0.0718870762 0.138105672 0.0492262345 -0.0809332028 0.136357857 0.0479478507 -0.0810040581 0.136357857 0.0479478507 -0.0810040581 0.138105672 0.0492262345 -0.0809332028 0.138400911 0.0486682352 -0.0890818012 0.136357857 0.0479478507 -0.0810040581 0.138400911 0.0486682352 -0.0890818012 0.137172716 0.0477707098 -0.089129038 0.137172716 0.0477707098 -0.089129038 0.138400911 0.0486682352 -0.0890818012 0.138601673 0.04827852 -0.0947503918 0.137172716 0.0477707098 -0.089129038 0.138601673 0.04827852 -0.0947503918 0.137739575 0.047652612 -0.0947858194 0.137739575 0.047652612 -0.0947858194 0.138601673 0.04827852 -0.0947503918 0.138601673 0.0480541393 -0.0948448712 0.137739575 0.047652612 -0.0947858194 0.138601673 0.0480541393 -0.0948448712 0.137963957 0.0475817568 -0.0948684896 0.137963957 0.0475817568 -0.0948684896 0.138601673 0.0480541393 -0.0948448712 0.138601673 0.0478297558 -0.0949393448 0.137963957 0.0475817568 -0.0948684896 0.138601673 0.0478297558 -0.0949393448 0.138176529 0.0475108987 -0.094951154 0.138176529 0.0475108987 -0.094951154 0.138601673 0.0478297558 -0.0949393448 0.138613484 0.0476053752 -0.0950220092 0.138176529 0.0475108987 -0.094951154 0.138613484 0.0476053752 -0.0950220092 0.138389101 0.0474518498 -0.0950338242 0.138389101 0.0474518498 -0.0950338242 0.138613484 0.0476053752 -0.0950220092 0.138613484 0.0473809917 -0.0951164886 0.136346047 0.0473809917 -0.0315869413 0.140207774 0.0486328076 -0.0314452251 0.136346047 0.0514346247 -0.0315869413 0.136346047 0.0473809917 -0.0315869413 0.138731578 0.0440861259 -0.031504274 0.140207774 0.0486328076 -0.0314452251 0.136346047 0.0473809917 -0.0315869413 0.133960515 0.0440861259 -0.0316696057 0.138731578 0.0440861259 -0.031504274 0.136346047 0.0473809917 -0.0315869413 0.13248432 0.0486328076 -0.0317286546 0.133960515 0.0440861259 -0.0316696057 0.136346047 0.0473809917 -0.0315869413 0.136346047 0.0514346247 -0.0315869413 0.13248432 0.0486328076 -0.0317286546 0.163413568 -1.92965016e-06 0.0983655006 0.165621956 0.00304493782 0.0976569253 0.163413568 0.00376532121 0.0976569253 0.163413568 0.00376532121 0.0976569253 0.165621956 0.00304493782 0.0976569253 0.167617772 0.00579656619 0.0956138697 0.163413568 0.00376532121 0.0976569253 0.167617772 0.00579656619 0.0956138697 0.163413568 0.00715466639 0.0956138697 0.163413568 0.00715466639 0.0956138697 0.167617772 0.00579656619 0.0956138697 0.169212064 0.00796952594 0.0924134775 0.163413568 0.00715466639 0.0956138697 0.169212064 0.00796952594 0.0924134775 0.163413568 0.00985905615 0.0924134775 0.163413568 0.00985905615 0.0924134775 0.169212064 0.00796952594 0.0924134775 0.170227686 0.00937486439 0.0883864181 0.163413568 0.00985905615 0.0924134775 0.170227686 0.00937486439 0.0883864181 0.163413568 0.0115832525 0.0883864181 0.163413568 0.0115832525 0.0883864181 0.170227686 0.00937486439 0.0883864181 0.170570163 0.00985905615 0.0839224065 0.163413568 0.0115832525 0.0883864181 0.170570163 0.00985905615 0.0839224065 0.163413568 0.0121855406 0.0839224065 0.163413568 0.0121855406 0.0839224065 0.170570163 0.00985905615 0.0839224065 0.170227686 0.00937486439 0.0794701984 0.163413568 0.0121855406 0.0839224065 0.170227686 0.00937486439 0.0794701984 0.163413568 0.0115832525 0.0794701984 0.163413568 0.0115832525 0.0794701984 0.170227686 0.00937486439 0.0794701984 0.169212064 0.00796952594 0.075443139 0.163413568 0.0115832525 0.0794701984 0.169212064 0.00796952594 0.075443139 0.163413568 0.00985905615 0.075443139 0.163413568 0.00985905615 0.075443139 0.169212064 0.00796952594 0.075443139 0.167617772 0.00579656619 0.0722397945 0.163413568 0.00985905615 0.075443139 0.167617772 0.00579656619 0.0722397945 0.163413568 0.00715466639 0.0722397945 0.163413568 0.00715466639 0.0722397945 0.167617772 0.00579656619 0.0722397945 0.165621956 0.00304493782 0.0701967389 0.163413568 0.00715466639 0.0722397945 0.165621956 0.00304493782 0.0701967389 0.163413568 0.00376532121 0.0701967389 0.163413568 0.00376532121 0.0701967389 0.165621956 0.00304493782 0.0701967389 0.163413568 -1.92965016e-06 0.0694881636 0.163413568 -1.92965016e-06 0.0983655006 0.166991866 0.00116721717 0.0976569253 0.165621956 0.00304493782 0.0976569253 0.165621956 0.00304493782 0.0976569253 0.166991866 0.00116721717 0.0976569253 0.170227686 0.00221826835 0.0956138697 0.165621956 0.00304493782 0.0976569253 0.170227686 0.00221826835 0.0956138697 0.167617772 0.00579656619 0.0956138697 0.167617772 0.00579656619 0.0956138697 0.170227686 0.00221826835 0.0956138697 0.172790361 0.00304493782 0.0924134775 0.167617772 0.00579656619 0.0956138697 0.172790361 0.00304493782 0.0924134775 0.169212064 0.00796952594 0.0924134775 0.169212064 0.00796952594 0.0924134775 0.172790361 0.00304493782 0.0924134775 0.17443189 0.00357636819 0.0883864181 0.169212064 0.00796952594 0.0924134775 0.17443189 0.00357636819 0.0883864181 0.170227686 0.00937486439 0.0883864181 0.170227686 0.00937486439 0.0883864181 0.17443189 0.00357636819 0.0883864181 0.174998749 0.00376532121 0.0839224065 0.170227686 0.00937486439 0.0883864181 0.174998749 0.00376532121 0.0839224065 0.170570163 0.00985905615 0.0839224065 0.170570163 0.00985905615 0.0839224065 0.174998749 0.00376532121 0.0839224065 0.17443189 0.00357636819 0.0794701984 0.170570163 0.00985905615 0.0839224065 0.17443189 0.00357636819 0.0794701984 0.170227686 0.00937486439 0.0794701984 0.170227686 0.00937486439 0.0794701984 0.17443189 0.00357636819 0.0794701984 0.172790361 0.00304493782 0.075443139 0.170227686 0.00937486439 0.0794701984 0.172790361 0.00304493782 0.075443139 0.169212064 0.00796952594 0.075443139 0.169212064 0.00796952594 0.075443139 0.172790361 0.00304493782 0.075443139 0.170227686 0.00221826835 0.0722397945 0.169212064 0.00796952594 0.075443139 0.170227686 0.00221826835 0.0722397945 0.167617772 0.00579656619 0.0722397945 0.167617772 0.00579656619 0.0722397945 0.170227686 0.00221826835 0.0722397945 0.166991866 0.00116721717 0.0701967389 0.167617772 0.00579656619 0.0722397945 0.166991866 0.00116721717 0.0701967389 0.165621956 0.00304493782 0.0701967389 0.165621956 0.00304493782 0.0701967389 0.166991866 0.00116721717 0.0701967389 0.163413568 -1.92965016e-06 0.0694881636 0.163413568 -1.92965016e-06 0.0983655006 0.166991866 -0.00115926691 0.0976569253 0.166991866 0.00116721717 0.0976569253 0.166991866 0.00116721717 0.0976569253 0.166991866 -0.00115926691 0.0976569253 0.170227686 -0.00221031809 0.0956138697 0.166991866 0.00116721717 0.0976569253 0.170227686 -0.00221031809 0.0956138697 0.170227686 0.00221826835 0.0956138697 0.170227686 0.00221826835 0.0956138697 0.170227686 -0.00221031809 0.0956138697 0.172790361 -0.00304879712 0.0924134775 0.170227686 0.00221826835 0.0956138697 0.172790361 -0.00304879712 0.0924134775 0.172790361 0.00304493782 0.0924134775 0.172790361 0.00304493782 0.0924134775 0.172790361 -0.00304879712 0.0924134775 0.17443189 -0.00358022749 0.0883864181 0.172790361 0.00304493782 0.0924134775 0.17443189 -0.00358022749 0.0883864181 0.17443189 0.00357636819 0.0883864181 0.17443189 0.00357636819 0.0883864181 0.17443189 -0.00358022749 0.0883864181 0.174998749 -0.00376918051 0.0839224065 0.17443189 0.00357636819 0.0883864181 0.174998749 -0.00376918051 0.0839224065 0.174998749 0.00376532121 0.0839224065 0.174998749 0.00376532121 0.0839224065 0.174998749 -0.00376918051 0.0839224065 0.17443189 -0.00358022749 0.0794701984 0.174998749 0.00376532121 0.0839224065 0.17443189 -0.00358022749 0.0794701984 0.17443189 0.00357636819 0.0794701984 0.17443189 0.00357636819 0.0794701984 0.17443189 -0.00358022749 0.0794701984 0.172790361 -0.00304879712 0.075443139 0.17443189 0.00357636819 0.0794701984 0.172790361 -0.00304879712 0.075443139 0.172790361 0.00304493782 0.075443139 0.172790361 0.00304493782 0.075443139 0.172790361 -0.00304879712 0.075443139 0.170227686 -0.00221031809 0.0722397945 0.172790361 0.00304493782 0.075443139 0.170227686 -0.00221031809 0.0722397945 0.170227686 0.00221826835 0.0722397945 0.170227686 0.00221826835 0.0722397945 0.170227686 -0.00221031809 0.0722397945 0.166991866 -0.00115926691 0.0701967389 0.170227686 0.00221826835 0.0722397945 0.166991866 -0.00115926691 0.0701967389 0.166991866 0.00116721717 0.0701967389 0.166991866 0.00116721717 0.0701967389 0.166991866 -0.00115926691 0.0701967389 0.163413568 -1.92965016e-06 0.0694881636 0.163413568 -1.92965016e-06 0.0983655006 0.165621956 -0.00304879712 0.0976569253 0.166991866 -0.00115926691 0.0976569253 0.166991866 -0.00115926691 0.0976569253 0.165621956 -0.00304879712 0.0976569253 0.167617772 -0.00578861629 0.0956138697 0.166991866 -0.00115926691 0.0976569253 0.167617772 -0.00578861629 0.0956138697 0.170227686 -0.00221031809 0.0956138697 0.170227686 -0.00221031809 0.0956138697 0.167617772 -0.00578861629 0.0956138697 0.169212064 -0.00797338524 0.0924134775 0.170227686 -0.00221031809 0.0956138697 0.169212064 -0.00797338524 0.0924134775 0.172790361 -0.00304879712 0.0924134775 0.172790361 -0.00304879712 0.0924134775 0.169212064 -0.00797338524 0.0924134775 0.170227686 -0.00937872369 0.0883864181 0.172790361 -0.00304879712 0.0924134775 0.170227686 -0.00937872369 0.0883864181 0.17443189 -0.00358022749 0.0883864181 0.17443189 -0.00358022749 0.0883864181 0.170227686 -0.00937872369 0.0883864181 0.170570163 -0.00985110625 0.0839224065 0.17443189 -0.00358022749 0.0883864181 0.170570163 -0.00985110625 0.0839224065 0.174998749 -0.00376918051 0.0839224065 0.174998749 -0.00376918051 0.0839224065 0.170570163 -0.00985110625 0.0839224065 0.170227686 -0.00937872369 0.0794701984 0.174998749 -0.00376918051 0.0839224065 0.170227686 -0.00937872369 0.0794701984 0.17443189 -0.00358022749 0.0794701984 0.17443189 -0.00358022749 0.0794701984 0.170227686 -0.00937872369 0.0794701984 0.169212064 -0.00797338524 0.075443139 0.17443189 -0.00358022749 0.0794701984 0.169212064 -0.00797338524 0.075443139 0.172790361 -0.00304879712 0.075443139 0.172790361 -0.00304879712 0.075443139 0.169212064 -0.00797338524 0.075443139 0.167617772 -0.00578861629 0.0722397945 0.172790361 -0.00304879712 0.075443139 0.167617772 -0.00578861629 0.0722397945 0.170227686 -0.00221031809 0.0722397945 0.170227686 -0.00221031809 0.0722397945 0.167617772 -0.00578861629 0.0722397945 0.165621956 -0.00304879712 0.0701967389 0.170227686 -0.00221031809 0.0722397945 0.165621956 -0.00304879712 0.0701967389 0.166991866 -0.00115926691 0.0701967389 0.166991866 -0.00115926691 0.0701967389 0.165621956 -0.00304879712 0.0701967389 0.163413568 -1.92965016e-06 0.0694881636 0.163413568 -1.92965016e-06 0.0983655006 0.163413568 -0.00376918051 0.0976569253 0.165621956 -0.00304879712 0.0976569253 0.165621956 -0.00304879712 0.0976569253 0.163413568 -0.00376918051 0.0976569253 0.163413568 -0.00715852569 0.0956138697 0.165621956 -0.00304879712 0.0976569253 0.163413568 -0.00715852569 0.0956138697 0.167617772 -0.00578861629 0.0956138697 0.167617772 -0.00578861629 0.0956138697 0.163413568 -0.00715852569 0.0956138697 0.163413568 -0.00985110625 0.0924134775 0.167617772 -0.00578861629 0.0956138697 0.163413568 -0.00985110625 0.0924134775 0.169212064 -0.00797338524 0.0924134775 0.169212064 -0.00797338524 0.0924134775 0.163413568 -0.00985110625 0.0924134775 0.163413568 -0.0115871118 0.0883864181 0.169212064 -0.00797338524 0.0924134775 0.163413568 -0.0115871118 0.0883864181 0.170227686 -0.00937872369 0.0883864181 0.170227686 -0.00937872369 0.0883864181 0.163413568 -0.0115871118 0.0883864181 0.163413568 -0.01217759 0.0839224065 0.170227686 -0.00937872369 0.0883864181 0.163413568 -0.01217759 0.0839224065 0.170570163 -0.00985110625 0.0839224065 0.170570163 -0.00985110625 0.0839224065 0.163413568 -0.01217759 0.0839224065 0.163413568 -0.0115871118 0.0794701984 0.170570163 -0.00985110625 0.0839224065 0.163413568 -0.0115871118 0.0794701984 0.170227686 -0.00937872369 0.0794701984 0.170227686 -0.00937872369 0.0794701984 0.163413568 -0.0115871118 0.0794701984 0.163413568 -0.00985110625 0.075443139 0.170227686 -0.00937872369 0.0794701984 0.163413568 -0.00985110625 0.075443139 0.169212064 -0.00797338524 0.075443139 0.169212064 -0.00797338524 0.075443139 0.163413568 -0.00985110625 0.075443139 0.163413568 -0.00715852569 0.0722397945 0.169212064 -0.00797338524 0.075443139 0.163413568 -0.00715852569 0.0722397945 0.167617772 -0.00578861629 0.0722397945 0.167617772 -0.00578861629 0.0722397945 0.163413568 -0.00715852569 0.0722397945 0.163413568 -0.00376918051 0.0701967389 0.167617772 -0.00578861629 0.0722397945 0.163413568 -0.00376918051 0.0701967389 0.165621956 -0.00304879712 0.0701967389 0.165621956 -0.00304879712 0.0701967389 0.163413568 -0.00376918051 0.0701967389 0.163413568 -1.92965016e-06 0.0694881636 0.163413568 -1.92965016e-06 0.0983655006 0.161205179 -0.00304879712 0.0976569253 0.163413568 -0.00376918051 0.0976569253 0.163413568 -0.00376918051 0.0976569253 0.161205179 -0.00304879712 0.0976569253 0.159209363 -0.00578861629 0.0956138697 0.163413568 -0.00376918051 0.0976569253 0.159209363 -0.00578861629 0.0956138697 0.163413568 -0.00715852569 0.0956138697 0.163413568 -0.00715852569 0.0956138697 0.159209363 -0.00578861629 0.0956138697 0.157626881 -0.00797338524 0.0924134775 0.163413568 -0.00715852569 0.0956138697 0.157626881 -0.00797338524 0.0924134775 0.163413568 -0.00985110625 0.0924134775 0.163413568 -0.00985110625 0.0924134775 0.157626881 -0.00797338524 0.0924134775 0.156599449 -0.00937872369 0.0883864181 0.163413568 -0.00985110625 0.0924134775 0.156599449 -0.00937872369 0.0883864181 0.163413568 -0.0115871118 0.0883864181 0.163413568 -0.0115871118 0.0883864181 0.156599449 -0.00937872369 0.0883864181 0.156256972 -0.00985110625 0.0839224065 0.163413568 -0.0115871118 0.0883864181 0.156256972 -0.00985110625 0.0839224065 0.163413568 -0.01217759 0.0839224065 0.163413568 -0.01217759 0.0839224065 0.156256972 -0.00985110625 0.0839224065 0.156599449 -0.00937872369 0.0794701984 0.163413568 -0.01217759 0.0839224065 0.156599449 -0.00937872369 0.0794701984 0.163413568 -0.0115871118 0.0794701984 0.163413568 -0.0115871118 0.0794701984 0.156599449 -0.00937872369 0.0794701984 0.157626881 -0.00797338524 0.075443139 0.163413568 -0.0115871118 0.0794701984 0.157626881 -0.00797338524 0.075443139 0.163413568 -0.00985110625 0.075443139 0.163413568 -0.00985110625 0.075443139 0.157626881 -0.00797338524 0.075443139 0.159209363 -0.00578861629 0.0722397945 0.163413568 -0.00985110625 0.075443139 0.159209363 -0.00578861629 0.0722397945 0.163413568 -0.00715852569 0.0722397945 0.163413568 -0.00715852569 0.0722397945 0.159209363 -0.00578861629 0.0722397945 0.161205179 -0.00304879712 0.0701967389 0.163413568 -0.00715852569 0.0722397945 0.161205179 -0.00304879712 0.0701967389 0.163413568 -0.00376918051 0.0701967389 0.163413568 -0.00376918051 0.0701967389 0.161205179 -0.00304879712 0.0701967389 0.163413568 -1.92965016e-06 0.0694881636 0.163413568 -1.92965016e-06 0.0983655006 0.159835269 -0.00115926691 0.0976569253 0.161205179 -0.00304879712 0.0976569253 0.161205179 -0.00304879712 0.0976569253 0.159835269 -0.00115926691 0.0976569253 0.156599449 -0.00221031809 0.0956138697 0.161205179 -0.00304879712 0.0976569253 0.156599449 -0.00221031809 0.0956138697 0.159209363 -0.00578861629 0.0956138697 0.159209363 -0.00578861629 0.0956138697 0.156599449 -0.00221031809 0.0956138697 0.154036774 -0.00304879712 0.0924134775 0.159209363 -0.00578861629 0.0956138697 0.154036774 -0.00304879712 0.0924134775 0.157626881 -0.00797338524 0.0924134775 0.157626881 -0.00797338524 0.0924134775 0.154036774 -0.00304879712 0.0924134775 0.152395244 -0.00358022749 0.0883864181 0.157626881 -0.00797338524 0.0924134775 0.152395244 -0.00358022749 0.0883864181 0.156599449 -0.00937872369 0.0883864181 0.156599449 -0.00937872369 0.0883864181 0.152395244 -0.00358022749 0.0883864181 0.151828385 -0.00376918051 0.0839224065 0.156599449 -0.00937872369 0.0883864181 0.151828385 -0.00376918051 0.0839224065 0.156256972 -0.00985110625 0.0839224065 0.156256972 -0.00985110625 0.0839224065 0.151828385 -0.00376918051 0.0839224065 0.152395244 -0.00358022749 0.0794701984 0.156256972 -0.00985110625 0.0839224065 0.152395244 -0.00358022749 0.0794701984 0.156599449 -0.00937872369 0.0794701984 0.156599449 -0.00937872369 0.0794701984 0.152395244 -0.00358022749 0.0794701984 0.154036774 -0.00304879712 0.075443139 0.156599449 -0.00937872369 0.0794701984 0.154036774 -0.00304879712 0.075443139 0.157626881 -0.00797338524 0.075443139 0.157626881 -0.00797338524 0.075443139 0.154036774 -0.00304879712 0.075443139 0.156599449 -0.00221031809 0.0722397945 0.157626881 -0.00797338524 0.075443139 0.156599449 -0.00221031809 0.0722397945 0.159209363 -0.00578861629 0.0722397945 0.159209363 -0.00578861629 0.0722397945 0.156599449 -0.00221031809 0.0722397945 0.159835269 -0.00115926691 0.0701967389 0.159209363 -0.00578861629 0.0722397945 0.159835269 -0.00115926691 0.0701967389 0.161205179 -0.00304879712 0.0701967389 0.161205179 -0.00304879712 0.0701967389 0.159835269 -0.00115926691 0.0701967389 0.163413568 -1.92965016e-06 0.0694881636 0.163413568 -1.92965016e-06 0.0983655006 0.159835269 0.00116721717 0.0976569253 0.159835269 -0.00115926691 0.0976569253 0.159835269 -0.00115926691 0.0976569253 0.159835269 0.00116721717 0.0976569253 0.156599449 0.00221826835 0.0956138697 0.159835269 -0.00115926691 0.0976569253 0.156599449 0.00221826835 0.0956138697 0.156599449 -0.00221031809 0.0956138697 0.156599449 -0.00221031809 0.0956138697 0.156599449 0.00221826835 0.0956138697 0.154036774 0.00304493782 0.0924134775 0.156599449 -0.00221031809 0.0956138697 0.154036774 0.00304493782 0.0924134775 0.154036774 -0.00304879712 0.0924134775 0.154036774 -0.00304879712 0.0924134775 0.154036774 0.00304493782 0.0924134775 0.152395244 0.00357636819 0.0883864181 0.154036774 -0.00304879712 0.0924134775 0.152395244 0.00357636819 0.0883864181 0.152395244 -0.00358022749 0.0883864181 0.152395244 -0.00358022749 0.0883864181 0.152395244 0.00357636819 0.0883864181 0.151828385 0.00376532121 0.0839224065 0.152395244 -0.00358022749 0.0883864181 0.151828385 0.00376532121 0.0839224065 0.151828385 -0.00376918051 0.0839224065 0.151828385 -0.00376918051 0.0839224065 0.151828385 0.00376532121 0.0839224065 0.152395244 0.00357636819 0.0794701984 0.151828385 -0.00376918051 0.0839224065 0.152395244 0.00357636819 0.0794701984 0.152395244 -0.00358022749 0.0794701984 0.152395244 -0.00358022749 0.0794701984 0.152395244 0.00357636819 0.0794701984 0.154036774 0.00304493782 0.075443139 0.152395244 -0.00358022749 0.0794701984 0.154036774 0.00304493782 0.075443139 0.154036774 -0.00304879712 0.075443139 0.154036774 -0.00304879712 0.075443139 0.154036774 0.00304493782 0.075443139 0.156599449 0.00221826835 0.0722397945 0.154036774 -0.00304879712 0.075443139 0.156599449 0.00221826835 0.0722397945 0.156599449 -0.00221031809 0.0722397945 0.156599449 -0.00221031809 0.0722397945 0.156599449 0.00221826835 0.0722397945 0.159835269 0.00116721717 0.0701967389 0.156599449 -0.00221031809 0.0722397945 0.159835269 0.00116721717 0.0701967389 0.159835269 -0.00115926691 0.0701967389 0.159835269 -0.00115926691 0.0701967389 0.159835269 0.00116721717 0.0701967389 0.163413568 -1.92965016e-06 0.0694881636 0.163413568 -1.92965016e-06 0.0983655006 0.161205179 0.00304493782 0.0976569253 0.159835269 0.00116721717 0.0976569253 0.159835269 0.00116721717 0.0976569253 0.161205179 0.00304493782 0.0976569253 0.159209363 0.00579656619 0.0956138697 0.159835269 0.00116721717 0.0976569253 0.159209363 0.00579656619 0.0956138697 0.156599449 0.00221826835 0.0956138697 0.156599449 0.00221826835 0.0956138697 0.159209363 0.00579656619 0.0956138697 0.157626881 0.00796952594 0.0924134775 0.156599449 0.00221826835 0.0956138697 0.157626881 0.00796952594 0.0924134775 0.154036774 0.00304493782 0.0924134775 0.154036774 0.00304493782 0.0924134775 0.157626881 0.00796952594 0.0924134775 0.156599449 0.00937486439 0.0883864181 0.154036774 0.00304493782 0.0924134775 0.156599449 0.00937486439 0.0883864181 0.152395244 0.00357636819 0.0883864181 0.152395244 0.00357636819 0.0883864181 0.156599449 0.00937486439 0.0883864181 0.156256972 0.00985905615 0.0839224065 0.152395244 0.00357636819 0.0883864181 0.156256972 0.00985905615 0.0839224065 0.151828385 0.00376532121 0.0839224065 0.151828385 0.00376532121 0.0839224065 0.156256972 0.00985905615 0.0839224065 0.156599449 0.00937486439 0.0794701984 0.151828385 0.00376532121 0.0839224065 0.156599449 0.00937486439 0.0794701984 0.152395244 0.00357636819 0.0794701984 0.152395244 0.00357636819 0.0794701984 0.156599449 0.00937486439 0.0794701984 0.157626881 0.00796952594 0.075443139 0.152395244 0.00357636819 0.0794701984 0.157626881 0.00796952594 0.075443139 0.154036774 0.00304493782 0.075443139 0.154036774 0.00304493782 0.075443139 0.157626881 0.00796952594 0.075443139 0.159209363 0.00579656619 0.0722397945 0.154036774 0.00304493782 0.075443139 0.159209363 0.00579656619 0.0722397945 0.156599449 0.00221826835 0.0722397945 0.156599449 0.00221826835 0.0722397945 0.159209363 0.00579656619 0.0722397945 0.161205179 0.00304493782 0.0701967389 0.156599449 0.00221826835 0.0722397945 0.161205179 0.00304493782 0.0701967389 0.159835269 0.00116721717 0.0701967389 0.159835269 0.00116721717 0.0701967389 0.161205179 0.00304493782 0.0701967389 0.163413568 -1.92965016e-06 0.0694881636 0.163413568 -1.92965016e-06 0.0983655006 0.163413568 0.00376532121 0.0976569253 0.161205179 0.00304493782 0.0976569253 0.161205179 0.00304493782 0.0976569253 0.163413568 0.00376532121 0.0976569253 0.163413568 0.00715466639 0.0956138697 0.161205179 0.00304493782 0.0976569253 0.163413568 0.00715466639 0.0956138697 0.159209363 0.00579656619 0.0956138697 0.159209363 0.00579656619 0.0956138697 0.163413568 0.00715466639 0.0956138697 0.163413568 0.00985905615 0.0924134775 0.159209363 0.00579656619 0.0956138697 0.163413568 0.00985905615 0.0924134775 0.157626881 0.00796952594 0.0924134775 0.157626881 0.00796952594 0.0924134775 0.163413568 0.00985905615 0.0924134775 0.163413568 0.0115832525 0.0883864181 0.157626881 0.00796952594 0.0924134775 0.163413568 0.0115832525 0.0883864181 0.156599449 0.00937486439 0.0883864181 0.156599449 0.00937486439 0.0883864181 0.163413568 0.0115832525 0.0883864181 0.163413568 0.0121855406 0.0839224065 0.156599449 0.00937486439 0.0883864181 0.163413568 0.0121855406 0.0839224065 0.156256972 0.00985905615 0.0839224065 0.156256972 0.00985905615 0.0839224065 0.163413568 0.0121855406 0.0839224065 0.163413568 0.0115832525 0.0794701984 0.156256972 0.00985905615 0.0839224065 0.163413568 0.0115832525 0.0794701984 0.156599449 0.00937486439 0.0794701984 0.156599449 0.00937486439 0.0794701984 0.163413568 0.0115832525 0.0794701984 0.163413568 0.00985905615 0.075443139 0.156599449 0.00937486439 0.0794701984 0.163413568 0.00985905615 0.075443139 0.157626881 0.00796952594 0.075443139 0.157626881 0.00796952594 0.075443139 0.163413568 0.00985905615 0.075443139 0.163413568 0.00715466639 0.0722397945 0.157626881 0.00796952594 0.075443139 0.163413568 0.00715466639 0.0722397945 0.159209363 0.00579656619 0.0722397945 0.159209363 0.00579656619 0.0722397945 0.163413568 0.00715466639 0.0722397945 0.163413568 0.00376532121 0.0701967389 0.159209363 0.00579656619 0.0722397945 0.163413568 0.00376532121 0.0701967389 0.161205179 0.00304493782 0.0701967389 0.161205179 0.00304493782 0.0701967389 0.163413568 0.00376532121 0.0701967389 0.163413568 -1.92965016e-06 0.0694881636</float_array><technique_common><accessor source="#part0-positions-array" count="3060" stride="3"><param name="X" type="float" /><param name="Y" type="float" /><param name="Z" type="float" /></accessor></technique_common></source><source id="part0-normals"><float_array id="part0-normals-array" count="9180">0.588597939 0.808403978 -0.00595605463 0.588597939 0.808403978 -0.00595605463 0.588597939 0.808403978 -0.00595605463 0.588455485 0.808506537 -0.00610912357 0.588455485 0.808506537 -0.00610912357 0.588455485 0.808506537 -0.00610912357 0.588429335 0.808534452 -0.00479137506 0.588429335 0.808534452 -0.00479137506 0.588429335 0.808534452 -0.00479137506 0.588935876 0.808167628 -0.00442921911 0.588935876 0.808167628 -0.00442921911 0.588935876 0.808167628 -0.00442921911 0.589002715 0.808095421 -0.00758899111 0.589002715 0.808095421 -0.00758899111 0.589002715 0.808095421 -0.00758899111 0.588887188 0.808178969 -0.00765727083 0.588887188 0.808178969 -0.00765727083 0.588887188 0.808178969 -0.00765727083 0.588993723 0.808025939 -0.0134341263 0.588993723 0.808025939 -0.0134341263 0.588993723 0.808025939 -0.0134341263 0.587003791 0.809453317 -0.0145560071 0.587003791 0.809453317 -0.0145560071 0.587003791 0.809453317 -0.0145560071 0.587118981 0.809096087 -0.025589553 0.587118981 0.809096087 -0.025589553 0.587118981 0.809096087 -0.025589553 0.589788559 0.807192398 -0.0242876193 0.589788559 0.807192398 -0.0242876193 0.589788559 0.807192398 -0.0242876193 0.589834703 0.806934903 -0.0308396565 0.589834703 0.806934903 -0.0308396565 0.589834703 0.806934903 -0.0308396565 0.589868695 0.806910545 -0.0308268554 0.589868695 0.806910545 -0.0308268554 0.589868695 0.806910545 -0.0308268554 0.589878995 0.806750647 -0.0345856301 0.589878995 0.806750647 -0.0345856301 0.589878995 0.806750647 -0.0345856301 0.594238353 0.803603146 -0.033207875 0.594238353 0.803603146 -0.033207875 0.594238353 0.803603146 -0.033207875 0.594242106 0.803570116 -0.0339321081 0.594242106 0.803570116 -0.0339321081 0.594242106 0.803570116 -0.0339321081 0.593087019 0.804407512 -0.0342978378 0.593087019 0.804407512 -0.0342978378 0.593087019 0.804407512 -0.0342978378 0.289970367 0.360467487 -0.886555343 0.289970367 0.360467487 -0.886555343 0.289970367 0.360467487 -0.886555343 0.301099361 0.370059457 -0.878860155 0.301099361 0.370059457 -0.878860155 0.301099361 0.370059457 -0.878860155 0.29374653 0.359609228 -0.885660307 0.29374653 0.359609228 -0.885660307 0.29374653 0.359609228 -0.885660307 0.306929151 0.369314314 -0.877155307 0.306929151 0.369314314 -0.877155307 0.306929151 0.369314314 -0.877155307 0.311202733 0.375721913 -0.872918039 0.311202733 0.375721913 -0.872918039 0.311202733 0.375721913 -0.872918039 0.250090561 0.346275626 -0.904183555 0.250090561 0.346275626 -0.904183555 0.250090561 0.346275626 -0.904183555 0.269872486 0.373665697 -0.887436076 0.269872486 0.373665697 -0.887436076 0.269872486 0.373665697 -0.887436076 0.950885511 -0.309436927 0.00809522546 0.950885511 -0.309436927 0.00809522546 0.950885511 -0.309436927 0.00809522546 0.951251905 -0.308331865 0.00716060217 0.951251905 -0.308331865 0.00716060217 0.951251905 -0.308331865 0.00716060217 0.951236435 -0.30834525 0.00851181685 0.951236435 -0.30834525 0.00851181685 0.951236435 -0.30834525 0.00851181685 0.951157548 -0.308584821 0.00864454185 0.951157548 -0.308584821 0.00864454185 0.951157548 -0.308584821 0.00864454185 0.951195746 -0.308551652 0.00474666081 0.951195746 -0.308551652 0.00474666081 0.951195746 -0.308551652 0.00474666081 0.951438438 -0.307807501 0.00440925811 0.951438438 -0.307807501 0.00440925811 0.951438438 -0.307807501 0.00440925811 0.951464643 -0.307758055 -0.000112431624 0.951464643 -0.307758055 -0.000112431624 0.951464643 -0.307758055 -0.000112431624 0.951140104 -0.308759456 0.000319408598 0.951140104 -0.308759456 0.000319408598 0.951140104 -0.308759456 0.000319408598 0.951101821 -0.308602559 -0.0130302495 0.951101821 -0.308602559 -0.0130302495 0.951101821 -0.308602559 -0.0130302495 0.950801078 -0.309542329 -0.012682932 0.950801078 -0.309542329 -0.012682932 0.950801078 -0.309542329 -0.012682932 0.950748865 -0.309460986 -0.0176208397 0.950748865 -0.309460986 -0.0176208397 0.950748865 -0.309460986 -0.0176208397 0.95193956 -0.305717659 -0.0186490476 0.95193956 -0.305717659 -0.0186490476 0.95193956 -0.305717659 -0.0186490476 0.951903981 -0.305679895 -0.0209430857 0.951903981 -0.305679895 -0.0209430857 0.951903981 -0.305679895 -0.0209430857 0.9518595 -0.305820529 -0.0209116488 0.9518595 -0.305820529 -0.0209116488 0.9518595 -0.305820529 -0.0209116488 0.951865802 -0.30582953 -0.0204888744 0.951865802 -0.30582953 -0.0204888744 0.951865802 -0.30582953 -0.0204888744 0.953182628 -0.301635088 -0.0214278219 0.953182628 -0.301635088 -0.0214278219 0.953182628 -0.301635088 -0.0214278219 0.454887643 -0.133741835 -0.88044895 0.454887643 -0.133741835 -0.88044895 0.454887643 -0.133741835 -0.88044895 0.461079518 -0.137594631 -0.876626144 0.461079518 -0.137594631 -0.876626144 0.461079518 -0.137594631 -0.876626144 0.448655579 -0.133407641 -0.883691447 0.448655579 -0.133407641 -0.883691447 0.448655579 -0.133407641 -0.883691447 0.430761034 -0.119446339 -0.894526413 0.430761034 -0.119446339 -0.894526413 0.430761034 -0.119446339 -0.894526413 0.461319314 -0.129787144 -0.87769003 0.461319314 -0.129787144 -0.87769003 0.461319314 -0.129787144 -0.87769003 0.4823572 -0.153477534 -0.862424593 0.4823572 -0.153477534 -0.862424593 0.4823572 -0.153477534 -0.862424593 0.440800972 -0.140255077 -0.886579391 0.440800972 -0.140255077 -0.886579391 0.440800972 -0.140255077 -0.886579391 0.000864441603 -0.999688435 -0.0249456411 0.000864441603 -0.999688435 -0.0249456411 0.000864441603 -0.999688435 -0.0249456411 0.000839485735 -0.999688933 -0.0249265574 0.000839485735 -0.999688933 -0.0249265574 0.000839485735 -0.999688933 -0.0249265574 0.000877907979 -0.999659802 -0.0260674157 0.000877907979 -0.999659802 -0.0260674157 0.000877907979 -0.999659802 -0.0260674157 0.000942485165 -0.999658908 -0.0260994054 0.000942485165 -0.999658908 -0.0260994054 0.000942485165 -0.999658908 -0.0260994054 0.00102493548 -0.999596607 -0.0283826287 0.00102493548 -0.999596607 -0.0283826287 0.00102493548 -0.999596607 -0.0283826287 0.00103860082 -0.999596436 -0.0283881336 0.00103860082 -0.999596436 -0.0283881336 0.00103860082 -0.999596436 -0.0283881336 0.00124939792 -0.999415942 -0.0341498625 0.00124939792 -0.999415942 -0.0341498625 0.00124939792 -0.999415942 -0.0341498625 0.00117249218 -0.999417036 -0.0341205673 0.00117249218 -0.999417036 -0.0341205673 0.00117249218 -0.999417036 -0.0341205673 0.00159227972 -0.998924606 -0.0463367588 0.00159227972 -0.998924606 -0.0463367588 0.00159227972 -0.998924606 -0.0463367588 0.00172490917 -0.99892239 -0.0463797784 0.00172490917 -0.99892239 -0.0463797784 0.00172490917 -0.99892239 -0.0463797784 0.00196698592 -0.998598471 -0.0528887971 0.00196698592 -0.998598471 -0.0528887971 0.00196698592 -0.998598471 -0.0528887971 0.00201242051 -0.998597812 -0.0528995249 0.00201242051 -0.998597812 -0.0528995249 0.00201242051 -0.998597812 -0.0528995249 0.00209187726 -0.998484815 -0.054988166 0.00209187726 -0.998484815 -0.054988166 0.00209187726 -0.998484815 -0.054988166 0.00171612237 -0.998489416 -0.0549175918 0.00171612237 -0.998489416 -0.0549175918 0.00171612237 -0.998489416 -0.0549175918 0.00168621639 -0.998541643 -0.0539605713 0.00168621639 -0.998541643 -0.0539605713 0.00168621639 -0.998541643 -0.0539605713 0.00179934394 -0.998540288 -0.053982002 0.00179934394 -0.998540288 -0.053982002 0.00179934394 -0.998540288 -0.053982002 0.030000294 -0.434779904 -0.900036898 0.030000294 -0.434779904 -0.900036898 0.030000294 -0.434779904 -0.900036898 0.0262679743 -0.449447642 -0.892920383 0.0262679743 -0.449447642 -0.892920383 0.0262679743 -0.449447642 -0.892920383 0.026069425 -0.462624122 -0.88617115 0.026069425 -0.462624122 -0.88617115 0.026069425 -0.462624122 -0.88617115 0.0401979096 -0.424617639 -0.904479955 0.0401979096 -0.424617639 -0.904479955 0.0401979096 -0.424617639 -0.904479955 0.0397311219 -0.446348191 -0.893976918 0.0397311219 -0.446348191 -0.893976918 0.0397311219 -0.446348191 -0.893976918 0.0388545383 -0.447894136 -0.893241942 0.0388545383 -0.447894136 -0.893241942 0.0388545383 -0.447894136 -0.893241942 0.0393348865 -0.425113715 -0.904284853 0.0393348865 -0.425113715 -0.904284853 0.0393348865 -0.425113715 -0.904284853 -0.949001862 -0.309500131 -0.0600427721 -0.949001862 -0.309500131 -0.0600427721 -0.949001862 -0.309500131 -0.0600427721 -0.949403588 -0.308440615 -0.0591372422 -0.949403588 -0.308440615 -0.0591372422 -0.949403588 -0.308440615 -0.0591372422 -0.949414269 -0.308441663 -0.0589600466 -0.949414269 -0.308441663 -0.0589600466 -0.949414269 -0.308441663 -0.0589600466 -0.948458235 -0.311085817 -0.0604366732 -0.948458235 -0.311085817 -0.0604366732 -0.948458235 -0.311085817 -0.0604366732 -0.948293155 -0.311062776 -0.0630875737 -0.948293155 -0.311062776 -0.0630875737 -0.948293155 -0.311062776 -0.0630875737 -0.949486628 -0.307711073 -0.0615551711 -0.949486628 -0.307711073 -0.0615551711 -0.949486628 -0.307711073 -0.0615551711 -0.9490368 -0.307632246 -0.0684949113 -0.9490368 -0.307632246 -0.0684949113 -0.9490368 -0.307632246 -0.0684949113 -0.948577759 -0.308920453 -0.0690535186 -0.948577759 -0.308920453 -0.0690535186 -0.948577759 -0.308920453 -0.0690535186 -0.947731454 -0.308807524 -0.0802683243 -0.947731454 -0.308807524 -0.0802683243 -0.947731454 -0.308807524 -0.0802683243 -0.94885656 -0.305640291 -0.0790900864 -0.94885656 -0.305640291 -0.0790900864 -0.94885656 -0.305640291 -0.0790900864 -0.948278098 -0.305516042 -0.0861893094 -0.948278098 -0.305516042 -0.0861893094 -0.948278098 -0.305516042 -0.0861893094 -0.948206558 -0.305721886 -0.0862464621 -0.948206558 -0.305721886 -0.0862464621 -0.948206558 -0.305721886 -0.0862464621 -0.948018489 -0.305686309 -0.0884128161 -0.948018489 -0.305686309 -0.0884128161 -0.948018489 -0.305686309 -0.0884128161 -0.94534919 -0.313354546 -0.0901323352 -0.94534919 -0.313354546 -0.0901323352 -0.94534919 -0.313354546 -0.0901323352 -0.945522358 -0.313379919 -0.0882071272 -0.945522358 -0.313379919 -0.0882071272 -0.945522358 -0.313379919 -0.0882071272 -0.94608859 -0.311768863 -0.0878439262 -0.94608859 -0.311768863 -0.0878439262 -0.94608859 -0.311768863 -0.0878439262 -0.379925146 -0.135517904 -0.915036492 -0.379925146 -0.135517904 -0.915036492 -0.379925146 -0.135517904 -0.915036492 -0.390501587 -0.136257293 -0.910462773 -0.390501587 -0.136257293 -0.910462773 -0.390501587 -0.136257293 -0.910462773 -0.391781155 -0.136647652 -0.909854354 -0.391781155 -0.136647652 -0.909854354 -0.391781155 -0.136647652 -0.909854354 -0.417617299 -0.135969305 -0.898391974 -0.417617299 -0.135969305 -0.898391974 -0.417617299 -0.135969305 -0.898391974 -0.396509589 -0.129096983 -0.908908199 -0.396509589 -0.129096983 -0.908908199 -0.396509589 -0.129096983 -0.908908199 -0.402325946 -0.128013004 -0.906502346 -0.402325946 -0.128013004 -0.906502346 -0.402325946 -0.128013004 -0.906502346 -0.3762799 -0.119725613 -0.918737838 -0.3762799 -0.119725613 -0.918737838 -0.3762799 -0.119725613 -0.918737838 -0.586649347 0.808433594 -0.0477249135 -0.586649347 0.808433594 -0.0477249135 -0.586649347 0.808433594 -0.0477249135 -0.586465258 0.808579186 -0.0475205379 -0.586465258 0.808579186 -0.0475205379 -0.586465258 0.808579186 -0.0475205379 -0.586491238 0.808588991 -0.0470305444 -0.586491238 0.808588991 -0.0470305444 -0.586491238 0.808588991 -0.0470305444 -0.585831347 0.809095034 -0.0465495388 -0.585831347 0.809095034 -0.0465495388 -0.585831347 0.809095034 -0.0465495388 -0.585722727 0.809046963 -0.0487021413 -0.585722727 0.809046963 -0.0487021413 -0.585722727 0.809046963 -0.0487021413 -0.586899485 0.808150683 -0.0494112112 -0.586899485 0.808150683 -0.0494112112 -0.586899485 0.808150683 -0.0494112112 -0.586535608 0.80796909 -0.0562310428 -0.586535608 0.80796909 -0.0562310428 -0.586535608 0.80796909 -0.0562310428 -0.586052524 0.808338791 -0.055953897 -0.586052524 0.808338791 -0.055953897 -0.586052524 0.808338791 -0.055953897 -0.58543186 0.808020861 -0.0661197746 -0.58543186 0.808020861 -0.0661197746 -0.58543186 0.808020861 -0.0661197746 -0.588430652 0.805715281 -0.0676184376 -0.588430652 0.805715281 -0.0676184376 -0.588430652 0.805715281 -0.0676184376 -0.588053688 0.805484338 -0.0734019175 -0.588053688 0.805484338 -0.0734019175 -0.588053688 0.805484338 -0.0734019175 -0.585991099 0.807057717 -0.0726104269 -0.585991099 0.807057717 -0.0726104269 -0.585991099 0.807057717 -0.0726104269 -0.585739104 0.806911025 -0.0761859524 -0.585739104 0.806911025 -0.0761859524 -0.585739104 0.806911025 -0.0761859524 -0.586375089 0.806429702 -0.0763897333 -0.586375089 0.806429702 -0.0763897333 -0.586375089 0.806429702 -0.0763897333 -0.586387691 0.806437507 -0.0762103874 -0.586387691 0.806437507 -0.0762103874 -0.586387691 0.806437507 -0.0762103874 -0.583811359 0.80838245 -0.0753797817 -0.583811359 0.80838245 -0.0753797817 -0.583811359 0.80838245 -0.0753797817 -0.23693101 0.377018966 -0.895388405 -0.23693101 0.377018966 -0.895388405 -0.23693101 0.377018966 -0.895388405 -0.224915683 0.349118752 -0.909686227 -0.224915683 0.349118752 -0.909686227 -0.224915683 0.349118752 -0.909686227 -0.24555136 0.376163768 -0.893423387 -0.24555136 0.376163768 -0.893423387 -0.24555136 0.376163768 -0.893423387 -0.244478339 0.372934068 -0.895070122 -0.244478339 0.372934068 -0.895070122 -0.244478339 0.372934068 -0.895070122 -0.211365971 0.328071902 -0.920702587 -0.211365971 0.328071902 -0.920702587 -0.211365971 0.328071902 -0.920702587 -0.218645564 0.388446323 -0.895155613 -0.218645564 0.388446323 -0.895155613 -0.218645564 0.388446323 -0.895155613 -0.212055253 0.379238926 -0.900672197 -0.212055253 0.379238926 -0.900672197 -0.212055253 0.379238926 -0.900672197 -0.0366729456 0 0.999327321 -0.0366729456 0 0.999327321 -0.0366729456 0 0.999327321 -0.0362843156 -0.00120040883 0.999340786 -0.0362843156 -0.00120040883 0.999340786 -0.0362843156 -0.00120040883 0.999340786 -0.0346322246 4.46027552e-07 0.999400125 -0.0346322246 4.46027552e-07 0.999400125 -0.0346322246 4.46027552e-07 0.999400125 -0.0362834675 0.00120068511 0.999340817 -0.0362834675 0.00120068511 0.999340817 -0.0362834675 0.00120068511 0.999340817 -0.0366721868 0 0.999327349 -0.0366721868 0 0.999327349 -0.0366721868 0 0.999327349 0.588598333 0.808403691 -0.00595605001 0.588598333 0.808403691 -0.00595605001 0.588598333 0.808403691 -0.00595605001 0.588455898 0.808506237 -0.00610909892 0.588455898 0.808506237 -0.00610909892 0.588455898 0.808506237 -0.00610909892 0.588405644 0.808557786 -0.0036199619 0.588405644 0.808557786 -0.0036199619 0.588405644 0.808557786 -0.0036199619 0.587119765 0.809487365 -0.0045373848 0.587119765 0.809487365 -0.0045373848 0.587119765 0.809487365 -0.0045373848 0.587205724 0.809391508 -0.00865005941 0.587205724 0.809391508 -0.00865005941 0.587205724 0.809391508 -0.00865005941 0.588887188 0.808178969 -0.00765727083 0.588887188 0.808178969 -0.00765727083 0.588887188 0.808178969 -0.00765727083 0.588993723 0.808025939 -0.0134341263 0.588993723 0.808025939 -0.0134341263 0.588993723 0.808025939 -0.0134341263 0.587003791 0.809453317 -0.0145560071 0.587003791 0.809453317 -0.0145560071 0.587003791 0.809453317 -0.0145560071 0.58711067 0.8091363 -0.0244848721 0.58711067 0.8091363 -0.0244848721 0.58711067 0.8091363 -0.0244848721 0.587093743 0.809148333 -0.0244931012 0.587093743 0.809148333 -0.0244931012 0.587093743 0.809148333 -0.0244931012 0.587144314 0.808855405 -0.0318510503 0.587144314 0.808855405 -0.0318510503 0.587144314 0.808855405 -0.0318510503 0.589867828 0.806911176 -0.0308269277 0.589867828 0.806911176 -0.0308269277 0.589867828 0.806911176 -0.0308269277 0.589875824 0.806802117 -0.0334193899 0.589875824 0.806802117 -0.0334193899 0.589875824 0.806802117 -0.0334193899 0.589157942 0.807317124 -0.0336449289 0.589157942 0.807317124 -0.0336449289 0.589157942 0.807317124 -0.0336449289 0.589167365 0.807229247 -0.0355353239 0.589167365 0.807229247 -0.0355353239 0.589167365 0.807229247 -0.0355353239 0.593087019 0.804407512 -0.0342978378 0.593087019 0.804407512 -0.0342978378 0.593087019 0.804407512 -0.0342978378 0.301482932 0.376506006 -0.875985884 0.301482932 0.376506006 -0.875985884 0.301482932 0.376506006 -0.875985884 0.294962681 0.370802997 -0.880626001 0.294962681 0.370802997 -0.880626001 0.294962681 0.370802997 -0.880626001 0.280613622 0.349892776 -0.893773484 0.280613622 0.349892776 -0.893773484 0.280613622 0.349892776 -0.893773484 0.306929151 0.369314314 -0.877155307 0.306929151 0.369314314 -0.877155307 0.306929151 0.369314314 -0.877155307 0.311202733 0.375721913 -0.872918039 0.311202733 0.375721913 -0.872918039 0.311202733 0.375721913 -0.872918039 0.250090561 0.346275626 -0.904183555 0.250090561 0.346275626 -0.904183555 0.250090561 0.346275626 -0.904183555 0.269875217 0.373669478 -0.887433653 0.269875217 0.373669478 -0.887433653 0.269875217 0.373669478 -0.887433653 0.950826279 -0.309619026 0.0080898544 0.950826279 -0.309619026 0.0080898544 0.950826279 -0.309619026 0.0080898544 0.951190325 -0.308521745 0.00716231995 0.951190325 -0.308521745 0.00716231995 0.951190325 -0.308521745 0.00716231995 0.951174942 -0.30853506 0.00850567779 0.951174942 -0.30853506 0.00850567779 0.951174942 -0.30853506 0.00850567779 0.951360613 -0.307970544 0.00819316668 0.951360613 -0.307970544 0.00819316668 0.951360613 -0.307970544 0.00819316668 0.951393446 -0.30794121 0.0047668149 0.951393446 -0.30794121 0.0047668149 0.951393446 -0.30794121 0.0047668149 0.951362928 -0.308034819 0.00480934638 0.951362928 -0.308034819 0.00480934638 0.951362928 -0.308034819 0.00480934638 0.951393893 -0.307976246 -0.000541376467 0.951393893 -0.307976246 -0.000541376467 0.951393893 -0.307976246 -0.000541376467 0.950728723 -0.310023841 0.000338341661 0.950728723 -0.310023841 0.000338341661 0.950728723 -0.310023841 0.000338341661 0.950694168 -0.309871196 -0.0126665478 0.950694168 -0.309871196 -0.0126665478 0.950694168 -0.309871196 -0.0126665478 0.95109289 -0.308626011 -0.0131263454 0.95109289 -0.308626011 -0.0131263454 0.95109289 -0.308626011 -0.0131263454 0.951044912 -0.308552684 -0.0175732056 0.951044912 -0.308552684 -0.0175732056 0.951044912 -0.308552684 -0.0175732056 0.951817399 -0.306122245 -0.0182430801 0.951817399 -0.306122245 -0.0182430801 0.951817399 -0.306122245 -0.0182430801 0.951775724 -0.306077555 -0.0209642893 0.951775724 -0.306077555 -0.0209642893 0.951775724 -0.306077555 -0.0209642893 0.952398137 -0.30410465 -0.0214044588 0.952398137 -0.30410465 -0.0214044588 0.952398137 -0.30410465 -0.0214044588 0.95241338 -0.304126002 -0.020399224 0.95241338 -0.304126002 -0.020399224 0.95241338 -0.304126002 -0.020399224 0.952937841 -0.302453 -0.0207762657 0.952937841 -0.302453 -0.0207762657 0.952937841 -0.302453 -0.0207762657 0.449711414 -0.132457843 -0.883297551 0.449711414 -0.132457843 -0.883297551 0.449711414 -0.132457843 -0.883297551 0.454165428 -0.135264028 -0.880589238 0.454165428 -0.135264028 -0.880589238 0.454165428 -0.135264028 -0.880589238 0.455142567 -0.135593327 -0.880033916 0.455142567 -0.135593327 -0.880033916 0.455142567 -0.135593327 -0.880033916 0.436667397 -0.121442328 -0.891388437 0.436667397 -0.121442328 -0.891388437 0.436667397 -0.121442328 -0.891388437 0.461317782 -0.129786625 -0.877690911 0.461317782 -0.129786625 -0.877690911 0.461317782 -0.129786625 -0.877690911 0.482357546 -0.153479348 -0.862424076 0.482357546 -0.153479348 -0.862424076 0.482357546 -0.153479348 -0.862424076 0.440799659 -0.140256216 -0.886579863 0.440799659 -0.140256216 -0.886579863 0.440799659 -0.140256216 -0.886579863 0.000864424027 -0.999688448 -0.0249451339 0.000864424027 -0.999688448 -0.0249451339 0.000864424027 -0.999688448 -0.0249451339 0.000839468667 -0.999688945 -0.0249260506 0.000839468667 -0.999688945 -0.0249260506 0.000839468667 -0.999688945 -0.0249260506 0.000877919878 -0.999659792 -0.026067769 0.000877919878 -0.999659792 -0.026067769 0.000877919878 -0.999659792 -0.026067769 0.000942497939 -0.999658899 -0.0260997591 0.000942497939 -0.999658899 -0.0260997591 0.000942497939 -0.999658899 -0.0260997591 0.00102493548 -0.999596607 -0.0283826287 0.00102493548 -0.999596607 -0.0283826287 0.00102493548 -0.999596607 -0.0283826287 0.00103860082 -0.999596436 -0.0283881336 0.00103860082 -0.999596436 -0.0283881336 0.00103860082 -0.999596436 -0.0283881336 0.00129930998 -0.99936833 -0.0355141116 0.00129930998 -0.99936833 -0.0355141116 0.00129930998 -0.99936833 -0.0355141116 0.00121933206 -0.999369513 -0.0354836494 0.00121933206 -0.999369513 -0.0354836494 0.00121933206 -0.999369513 -0.0354836494 0.00154554559 -0.998986838 -0.0449767539 0.00154554559 -0.998986838 -0.0449767539 0.00154554559 -0.998986838 -0.0449767539 0.00167428252 -0.99898475 -0.0450185167 0.00167428252 -0.99898475 -0.0450185167 0.00167428252 -0.99898475 -0.0450185167 0.0019669976 -0.998598454 -0.0528891111 0.0019669976 -0.998598454 -0.0528891111 0.0019669976 -0.998598454 -0.0528891111 0.00201243246 -0.998597795 -0.052899839 0.00201243246 -0.998597795 -0.052899839 0.00201243246 -0.998597795 -0.052899839 0.00209186386 -0.998484834 -0.0549878138 0.00209186386 -0.998484834 -0.0549878138 0.00209186386 -0.998484834 -0.0549878138 0.00171611138 -0.998489435 -0.0549172401 0.00171611138 -0.998489435 -0.0549172401 0.00171611138 -0.998489435 -0.0549172401 0.00168623218 -0.998541616 -0.0539610765 0.00168623218 -0.998541616 -0.0539610765 0.00168623218 -0.998541616 -0.0539610765 0.00179936078 -0.99854026 -0.0539825074 0.00179936078 -0.99854026 -0.0539825074 0.00179936078 -0.99854026 -0.0539825074 0.030263221 -0.418038774 -0.907924953 0.030263221 -0.418038774 -0.907924953 0.030263221 -0.418038774 -0.907924953 0.0265142086 -0.43240296 -0.901290562 0.0265142086 -0.43240296 -0.901290562 0.0265142086 -0.43240296 -0.901290562 0.0256933749 -0.486346524 -0.873388178 0.0256933749 -0.486346524 -0.873388178 0.0256933749 -0.486346524 -0.873388178 0.0397077543 -0.4474018 -0.893451131 0.0397077543 -0.4474018 -0.893451131 0.0397077543 -0.4474018 -0.893451131 0.0397312508 -0.446342373 -0.893979817 0.0397312508 -0.446342373 -0.893979817 0.0397312508 -0.446342373 -0.893979817 0.0388546652 -0.447888309 -0.893244859 0.0388546652 -0.447888309 -0.893244859 0.0388546652 -0.447888309 -0.893244859 0.0393348865 -0.425113715 -0.904284853 0.0393348865 -0.425113715 -0.904284853 0.0393348865 -0.425113715 -0.904284853 -0.948942795 -0.309682319 -0.0600369364 -0.948942795 -0.309682319 -0.0600369364 -0.948942795 -0.309682319 -0.0600369364 -0.949341802 -0.308630495 -0.0591384855 -0.949341802 -0.308630495 -0.0591384855 -0.949341802 -0.308630495 -0.0591384855 -0.949325927 -0.308628924 -0.059400938 -0.949325927 -0.308628924 -0.059400938 -0.949325927 -0.308628924 -0.059400938 -0.948659846 -0.310471397 -0.060431851 -0.948659846 -0.310471397 -0.060431851 -0.948659846 -0.310471397 -0.060431851 -0.948518545 -0.310451797 -0.0627076665 -0.948518545 -0.310451797 -0.0627076665 -0.948518545 -0.310451797 -0.0627076665 -0.949414142 -0.307934186 -0.061557488 -0.949414142 -0.307934186 -0.061557488 -0.949414142 -0.307934186 -0.061557488 -0.948965044 -0.307855427 -0.0684863611 -0.948965044 -0.307855427 -0.0684863611 -0.948965044 -0.307855427 -0.0684863611 -0.948134047 -0.310181205 -0.0694942363 -0.948134047 -0.310181205 -0.0694942363 -0.948134047 -0.310181205 -0.0694942363 -0.947289285 -0.310067139 -0.0806311287 -0.947289285 -0.310067139 -0.0806311287 -0.947289285 -0.310067139 -0.0806311287 -0.949179927 -0.304747473 -0.078653949 -0.949179927 -0.304747473 -0.078653949 -0.949179927 -0.304747473 -0.078653949 -0.948596783 -0.304622906 -0.0858430462 -0.948596783 -0.304622906 -0.0858430462 -0.948596783 -0.304622906 -0.0858430462 -0.948077167 -0.306119619 -0.0862581284 -0.948077167 -0.306119619 -0.0862581284 -0.948077167 -0.306119619 -0.0862581284 -0.94785315 -0.306077111 -0.0888324712 -0.94785315 -0.306077111 -0.0888324712 -0.94785315 -0.306077111 -0.0888324712 -0.945928187 -0.311617236 -0.0900808707 -0.945928187 -0.311617236 -0.0900808707 -0.945928187 -0.311617236 -0.0900808707 -0.946145665 -0.311648775 -0.0876551256 -0.946145665 -0.311648775 -0.0876551256 -0.946145665 -0.311648775 -0.0876551256 -0.945813264 -0.31259629 -0.0878682541 -0.945813264 -0.31259629 -0.0878682541 -0.945813264 -0.31259629 -0.0878682541 -0.373420529 -0.133808567 -0.917960988 -0.373420529 -0.133808567 -0.917960988 -0.373420529 -0.133808567 -0.917960988 -0.385174706 -0.134631821 -0.912970273 -0.385174706 -0.134631821 -0.912970273 -0.385174706 -0.134631821 -0.912970273 -0.398774025 -0.138780315 -0.906487342 -0.398774025 -0.138780315 -0.906487342 -0.398774025 -0.138780315 -0.906487342 -0.424080681 -0.138073676 -0.895037003 -0.424080681 -0.138073676 -0.895037003 -0.424080681 -0.138073676 -0.895037003 -0.396509589 -0.129096983 -0.908908199 -0.396509589 -0.129096983 -0.908908199 -0.396509589 -0.129096983 -0.908908199 -0.402323134 -0.12801353 -0.90650352 -0.402323134 -0.12801353 -0.90650352 -0.402323134 -0.12801353 -0.90650352 -0.376278791 -0.119726588 -0.918738165 -0.376278791 -0.119726588 -0.918738165 -0.376278791 -0.119726588 -0.918738165 -0.586649742 0.808433308 -0.047724918 -0.586649742 0.808433308 -0.047724918 -0.586649742 0.808433308 -0.047724918 -0.586465671 0.808578885 -0.0475205623 -0.586465671 0.808578885 -0.0475205623 -0.586465671 0.808578885 -0.0475205623 -0.586491636 0.808588685 -0.0470308352 -0.586491636 0.808588685 -0.0470308352 -0.586491636 0.808588685 -0.0470308352 -0.584074058 0.810436976 -0.0452703287 -0.584074058 0.810436976 -0.0452703287 -0.584074058 0.810436976 -0.0452703287 -0.583903127 0.810362236 -0.0486845316 -0.583903127 0.810362236 -0.0486845316 -0.583903127 0.810362236 -0.0486845316 -0.586845649 0.808125373 -0.050453608 -0.586845649 0.808125373 -0.050453608 -0.586845649 0.808125373 -0.050453608 -0.586535608 0.80796909 -0.0562310428 -0.586535608 0.80796909 -0.0562310428 -0.586535608 0.80796909 -0.0562310428 -0.586052524 0.808338791 -0.055953897 -0.586052524 0.808338791 -0.055953897 -0.586052524 0.808338791 -0.055953897 -0.58543186 0.808020861 -0.0661197746 -0.58543186 0.808020861 -0.0661197746 -0.58543186 0.808020861 -0.0661197746 -0.585811888 0.807729833 -0.0663094887 -0.585811888 0.807729833 -0.0663094887 -0.585811888 0.807729833 -0.0663094887 -0.585350959 0.807447917 -0.073431028 -0.585350959 0.807447917 -0.073431028 -0.585350959 0.807447917 -0.073431028 -0.585917897 0.80701686 -0.0736478483 -0.585917897 0.80701686 -0.0736478483 -0.585917897 0.80701686 -0.0736478483 -0.585738233 0.806911656 -0.0761859639 -0.585738233 0.806911656 -0.0761859639 -0.585738233 0.806911656 -0.0761859639 -0.581388054 0.810181321 -0.0747941074 -0.581388054 0.810181321 -0.0747941074 -0.581388054 0.810181321 -0.0747941074 -0.581284371 0.810116932 -0.0762826054 -0.581284371 0.810116932 -0.0762826054 -0.581284371 0.810116932 -0.0762826054 -0.583691057 0.808311498 -0.0770536915 -0.583691057 0.808311498 -0.0770536915 -0.583691057 0.808311498 -0.0770536915 -0.23693101 0.377018966 -0.895388405 -0.23693101 0.377018966 -0.895388405 -0.23693101 0.377018966 -0.895388405 -0.233905932 0.369976092 -0.899113845 -0.233905932 0.369976092 -0.899113845 -0.233905932 0.369976092 -0.899113845 -0.238988892 0.376799663 -0.894933698 -0.238988892 0.376799663 -0.894933698 -0.238988892 0.376799663 -0.894933698 -0.232758044 0.357072909 -0.904611867 -0.232758044 0.357072909 -0.904611867 -0.232758044 0.357072909 -0.904611867 -0.211365971 0.328071902 -0.920702587 -0.211365971 0.328071902 -0.920702587 -0.211365971 0.328071902 -0.920702587 -0.218645564 0.388446323 -0.895155613 -0.218645564 0.388446323 -0.895155613 -0.218645564 0.388446323 -0.895155613 -0.212058045 0.37924283 -0.900669896 -0.212058045 0.37924283 -0.900669896 -0.212058045 0.37924283 -0.900669896 -0.0366729456 0 0.999327321 -0.0366729456 0 0.999327321 -0.0366729456 0 0.999327321 -0.0362840337 -0.0012012822 0.999340796 -0.0362840337 -0.0012012822 0.999340796 -0.0362840337 -0.0012012822 0.999340796 -0.0346322246 4.46428252e-07 0.999400125 -0.0346322246 4.46428252e-07 0.999400125 -0.0346322246 4.46428252e-07 0.999400125 -0.0362831855 0.00120155868 0.999340826 -0.0362831855 0.00120155868 0.999340826 -0.0362831855 0.00120155868 0.999340826 -0.0366721868 0 0.999327349 -0.0366721868 0 0.999327349 -0.0366721868 0 0.999327349 0.588598132 0.808403839 -0.00595584723 0.588598132 0.808403839 -0.00595584723 0.588598132 0.808403839 -0.00595584723 0.588455485 0.808506537 -0.00610912357 0.588455485 0.808506537 -0.00610912357 0.588455485 0.808506537 -0.00610912357 0.588405231 0.808558087 -0.00361996691 0.588405231 0.808558087 -0.00361996691 0.588405231 0.808558087 -0.00361996691 0.587119539 0.809487529 -0.004537255 0.587119539 0.809487529 -0.004537255 0.587119539 0.809487529 -0.004537255 0.587205502 0.80939167 -0.00865006157 0.587205502 0.80939167 -0.00865006157 0.587205502 0.80939167 -0.00865006157 0.588887185 0.808178972 -0.00765714345 0.588887185 0.808178972 -0.00765714345 0.588887185 0.808178972 -0.00765714345 0.588974918 0.808057216 -0.0123321117 0.588974918 0.808057216 -0.0123321117 0.588974918 0.808057216 -0.0123321117 0.586988308 0.809483668 -0.0134505556 0.586988308 0.809483668 -0.0134505556 0.586988308 0.809483668 -0.0134505556 0.587118981 0.809096087 -0.025589553 0.587118981 0.809096087 -0.025589553 0.587118981 0.809096087 -0.025589553 0.587104018 0.809106713 -0.0255968391 0.587104018 0.809106713 -0.0255968391 0.587104018 0.809106713 -0.0255968391 0.587144974 0.808854925 -0.0318510575 0.587144974 0.808854925 -0.0318510575 0.587144974 0.808854925 -0.0318510575 0.589868262 0.806910855 -0.0308270186 0.589868262 0.806910855 -0.0308270186 0.589868262 0.806910855 -0.0308270186 0.589876258 0.806801806 -0.0334192536 0.589876258 0.806801806 -0.0334192536 0.589876258 0.806801806 -0.0334192536 0.589158565 0.807316677 -0.033644733 0.589158565 0.807316677 -0.033644733 0.589158565 0.807316677 -0.033644733 0.589159755 0.807306733 -0.0338618075 0.589159755 0.807306733 -0.0338618075 0.589159755 0.807306733 -0.0338618075 0.585770748 0.809724051 -0.0349226728 0.585770748 0.809724051 -0.0349226728 0.585770748 0.809724051 -0.0349226728 0.287975947 0.364679966 -0.885482002 0.287975947 0.364679966 -0.885482002 0.287975947 0.364679966 -0.885482002 0.294962681 0.370802997 -0.880626001 0.294962681 0.370802997 -0.880626001 0.294962681 0.370802997 -0.880626001 0.280613622 0.349892776 -0.893773484 0.280613622 0.349892776 -0.893773484 0.280613622 0.349892776 -0.893773484 0.306931496 0.369316036 -0.877153762 0.306931496 0.369316036 -0.877153762 0.306931496 0.369316036 -0.877153762 0.311204507 0.375722749 -0.872917047 0.311204507 0.375722749 -0.872917047 0.311204507 0.375722749 -0.872917047 0.250086919 0.346273834 -0.904185249 0.250086919 0.346273834 -0.904185249 0.250086919 0.346273834 -0.904185249 0.269871502 0.373667843 -0.887435471 0.269871502 0.373667843 -0.887435471 0.269871502 0.373667843 -0.887435471 0.95082628 -0.309619025 0.00808977586 0.95082628 -0.309619025 0.00808977586 0.95082628 -0.309619025 0.00808977586 0.951190326 -0.308521744 0.00716224165 0.951190326 -0.308521744 0.00716224165 0.951190326 -0.308521744 0.00716224165 0.951174941 -0.308535061 0.00850578706 0.951174941 -0.308535061 0.00850578706 0.951174941 -0.308535061 0.00850578706 0.951360677 -0.307970345 0.00819316533 0.951360677 -0.307970345 0.00819316533 0.951360677 -0.307970345 0.00819316533 0.951393511 -0.307941011 0.00476672439 0.951393511 -0.307941011 0.00476672439 0.951393511 -0.307941011 0.00476672439 0.951362928 -0.308034819 0.00480934638 0.951362928 -0.308034819 0.00480934638 0.951362928 -0.308034819 0.00480934638 0.951393892 -0.307976247 -0.000541273798 0.951393892 -0.307976247 -0.000541273798 0.951393892 -0.307976247 -0.000541273798 0.951059697 -0.309007188 -9.84350504e-05 0.951059697 -0.309007188 -9.84350504e-05 0.951059697 -0.309007188 -9.84350504e-05 0.951023811 -0.308859891 -0.0126205731 0.951023811 -0.308859891 -0.0126205731 0.951023811 -0.308859891 -0.0126205731 0.951096414 -0.308632794 -0.0127047261 0.951096414 -0.308632794 -0.0127047261 0.951096414 -0.308632794 -0.0127047261 0.951044864 -0.308552831 -0.0175732134 0.951044864 -0.308552831 -0.0175732134 0.951044864 -0.308552831 -0.0175732134 0.951817337 -0.30612244 -0.0182430744 0.951817337 -0.30612244 -0.0182430744 0.951817337 -0.30612244 -0.0182430744 0.951775662 -0.30607775 -0.0209642457 0.951775662 -0.30607775 -0.0209642457 0.951775662 -0.30607775 -0.0209642457 0.952398224 -0.304104373 -0.0214045207 0.952398224 -0.304104373 -0.0214045207 0.952398224 -0.304104373 -0.0214045207 0.952413467 -0.304125725 -0.0203992865 0.952413467 -0.304125725 -0.0203992865 0.952413467 -0.304125725 -0.0203992865 0.953935455 -0.299240575 -0.0214994438 0.953935455 -0.299240575 -0.0214994438 0.953935455 -0.299240575 -0.0214994438 0.451000021 -0.131327733 -0.882809157 0.451000021 -0.131327733 -0.882809157 0.451000021 -0.131327733 -0.882809157 0.461080374 -0.13759492 -0.876625648 0.461080374 -0.13759492 -0.876625648 0.461080374 -0.13759492 -0.876625648 0.455142567 -0.135593327 -0.880033916 0.455142567 -0.135593327 -0.880033916 0.455142567 -0.135593327 -0.880033916 0.436667397 -0.121442328 -0.891388437 0.436667397 -0.121442328 -0.891388437 0.436667397 -0.121442328 -0.891388437 0.455133722 -0.127691133 -0.881219762 0.455133722 -0.127691133 -0.881219762 0.455133722 -0.127691133 -0.881219762 0.483830439 -0.16127775 -0.860173002 0.483830439 -0.16127775 -0.860173002 0.483830439 -0.16127775 -0.860173002 0.442338389 -0.147446987 -0.884644638 0.442338389 -0.147446987 -0.884644638 0.442338389 -0.147446987 -0.884644638 0.000864432815 -0.999688442 -0.0249453875 0.000864432815 -0.999688442 -0.0249453875 0.000864432815 -0.999688442 -0.0249453875 0.000839477201 -0.999688939 -0.024926304 0.000839477201 -0.999688939 -0.024926304 0.000839477201 -0.999688939 -0.024926304 0.000877907979 -0.999659802 -0.0260674157 0.000877907979 -0.999659802 -0.0260674157 0.000877907979 -0.999659802 -0.0260674157 0.000942485165 -0.999658908 -0.0260994054 0.000942485165 -0.999658908 -0.0260994054 0.000942485165 -0.999658908 -0.0260994054 0.00102494684 -0.999596598 -0.0283829435 0.00102494684 -0.999596598 -0.0283829435 0.00102494684 -0.999596598 -0.0283829435 0.00103861233 -0.999596427 -0.0283884483 0.00103861233 -0.999596427 -0.0283884483 0.00103861233 -0.999596427 -0.0283884483 0.0012992978 -0.999368342 -0.0355137786 0.0012992978 -0.999368342 -0.0355137786 0.0012992978 -0.999368342 -0.0355137786 0.00121932062 -0.999369525 -0.0354833166 0.00121932062 -0.999369525 -0.0354833166 0.00121932062 -0.999369525 -0.0354833166 0.00154555129 -0.998986831 -0.0449769199 0.00154555129 -0.998986831 -0.0449769199 0.00154555129 -0.998986831 -0.0449769199 0.0016742887 -0.998984742 -0.0450186829 0.0016742887 -0.998984742 -0.0450186829 0.0016742887 -0.998984742 -0.0450186829 0.0019669976 -0.998598454 -0.0528891111 0.0019669976 -0.998598454 -0.0528891111 0.0019669976 -0.998598454 -0.0528891111 0.00201243246 -0.998597795 -0.052899839 0.00201243246 -0.998597795 -0.052899839 0.00201243246 -0.998597795 -0.052899839 0.00209185716 -0.998484844 -0.0549876377 0.00209185716 -0.998484844 -0.0549876377 0.00209185716 -0.998484844 -0.0549876377 0.00171610588 -0.998489445 -0.0549170642 0.00171610588 -0.998489445 -0.0549170642 0.00171610588 -0.998489445 -0.0549170642 0.00168624007 -0.998541602 -0.0539613291 0.00168624007 -0.998541602 -0.0539613291 0.00168624007 -0.998541602 -0.0539613291 0.00179936921 -0.998540246 -0.0539827601 0.00179936921 -0.998540246 -0.0539827601 0.00179936921 -0.998540246 -0.0539827601 0.030263221 -0.418038774 -0.907924953 0.030263221 -0.418038774 -0.907924953 0.030263221 -0.418038774 -0.907924953 0.0265142086 -0.43240296 -0.901290562 0.0265142086 -0.43240296 -0.901290562 0.0265142086 -0.43240296 -0.901290562 0.0256933749 -0.486346524 -0.873388178 0.0256933749 -0.486346524 -0.873388178 0.0256933749 -0.486346524 -0.873388178 0.0397077543 -0.4474018 -0.893451131 0.0397077543 -0.4474018 -0.893451131 0.0397077543 -0.4474018 -0.893451131 0.0402193333 -0.423587278 -0.904962001 0.0402193333 -0.423587278 -0.904962001 0.0402193333 -0.423587278 -0.904962001 0.039335353 -0.42509086 -0.904295577 0.039335353 -0.42509086 -0.904295577 0.039335353 -0.42509086 -0.904295577 0.0388540902 -0.447914718 -0.893231641 0.0388540902 -0.447914718 -0.893231641 0.0388540902 -0.447914718 -0.893231641 -0.94894279 -0.309682319 -0.0600370149 -0.94894279 -0.309682319 -0.0600370149 -0.94894279 -0.309682319 -0.0600370149 -0.949341797 -0.308630495 -0.0591385638 -0.949341797 -0.308630495 -0.0591385638 -0.949341797 -0.308630495 -0.0591385638 -0.949325927 -0.308628924 -0.059400938 -0.949325927 -0.308628924 -0.059400938 -0.949325927 -0.308628924 -0.059400938 -0.948659918 -0.310471198 -0.0604317398 -0.948659918 -0.310471198 -0.0604317398 -0.948659918 -0.310471198 -0.0604317398 -0.94851861 -0.310451597 -0.0627076734 -0.94851861 -0.310451597 -0.0627076734 -0.94851861 -0.310451597 -0.0627076734 -0.949414136 -0.307934185 -0.0615575849 -0.949414136 -0.307934185 -0.0615575849 -0.949414136 -0.307934185 -0.0615575849 -0.948936412 -0.307850187 -0.0689053624 -0.948936412 -0.307850187 -0.0689053624 -0.948936412 -0.307850187 -0.0689053624 -0.948465824 -0.309168749 -0.0694785246 -0.948465824 -0.309168749 -0.0694785246 -0.948465824 -0.309168749 -0.0694785246 -0.94765034 -0.309059425 -0.0802564927 -0.94765034 -0.309059425 -0.0802564927 -0.94765034 -0.309059425 -0.0802564927 -0.949179876 -0.304747618 -0.0786540029 -0.949179876 -0.304747618 -0.0786540029 -0.949179876 -0.304747618 -0.0786540029 -0.948596737 -0.304623052 -0.0858430386 -0.948596737 -0.304623052 -0.0858430386 -0.948596737 -0.304623052 -0.0858430386 -0.948077104 -0.306119813 -0.0862581341 -0.948077104 -0.306119813 -0.0862581341 -0.948077104 -0.306119813 -0.0862581341 -0.947853084 -0.306077304 -0.0888325149 -0.947853084 -0.306077304 -0.0888325149 -0.947853084 -0.306077304 -0.0888325149 -0.945928286 -0.311616955 -0.0900808075 -0.945928286 -0.311616955 -0.0900808075 -0.945928286 -0.311616955 -0.0900808075 -0.946088472 -0.311640287 -0.0883002548 -0.946088472 -0.311640287 -0.0883002548 -0.946088472 -0.311640287 -0.0883002548 -0.946900673 -0.309314037 -0.0877721001 -0.946900673 -0.309314037 -0.0877721001 -0.946900673 -0.309314037 -0.0877721001 -0.379637467 -0.134246193 -0.915343298 -0.379637467 -0.134246193 -0.915343298 -0.379637467 -0.134246193 -0.915343298 -0.385174706 -0.134631821 -0.912970273 -0.385174706 -0.134631821 -0.912970273 -0.385174706 -0.134631821 -0.912970273 -0.398774025 -0.138780315 -0.906487342 -0.398774025 -0.138780315 -0.906487342 -0.398774025 -0.138780315 -0.906487342 -0.424080681 -0.138073676 -0.895037003 -0.424080681 -0.138073676 -0.895037003 -0.424080681 -0.138073676 -0.895037003 -0.396508778 -0.129096719 -0.908908591 -0.396508778 -0.129096719 -0.908908591 -0.396508778 -0.129096719 -0.908908591 -0.390578199 -0.13019349 -0.911316808 -0.390578199 -0.13019349 -0.911316808 -0.390578199 -0.13019349 -0.911316808 -0.377710129 -0.125904108 -0.917323942 -0.377710129 -0.125904108 -0.917323942 -0.377710129 -0.125904108 -0.917323942 -0.586649544 0.808433451 -0.0477249158 -0.586649544 0.808433451 -0.0477249158 -0.586649544 0.808433451 -0.0477249158 -0.586465269 0.80857919 -0.0475203331 -0.586465269 0.80857919 -0.0475203331 -0.586465269 0.80857919 -0.0475203331 -0.58649123 0.808588988 -0.0470306871 -0.58649123 0.808588988 -0.0470306871 -0.58649123 0.808588988 -0.0470306871 -0.584073836 0.810437137 -0.0452703155 -0.584073836 0.810437137 -0.0452703155 -0.584073836 0.810437137 -0.0452703155 -0.583902911 0.8103624 -0.0486844019 -0.583902911 0.8103624 -0.0486844019 -0.583902911 0.8103624 -0.0486844019 -0.586845649 0.808125373 -0.050453608 -0.586845649 0.808125373 -0.050453608 -0.586845649 0.808125373 -0.050453608 -0.586596257 0.808000986 -0.0551292937 -0.586596257 0.808000986 -0.0551292937 -0.586596257 0.808000986 -0.0551292937 -0.586116046 0.808368165 -0.0548533595 -0.586116046 0.808368165 -0.0548533595 -0.586116046 0.808368165 -0.0548533595 -0.585361019 0.807981409 -0.0672199416 -0.585361019 0.807981409 -0.0672199416 -0.585361019 0.807981409 -0.0672199416 -0.585743263 0.807688473 -0.0674103939 -0.585743263 0.807688473 -0.0674103939 -0.585743263 0.807688473 -0.0674103939 -0.585351613 0.807447432 -0.0734311478 -0.585351613 0.807447432 -0.0734311478 -0.585351613 0.807447432 -0.0734311478 -0.58591833 0.807016543 -0.0736478838 -0.58591833 0.807016543 -0.0736478838 -0.58591833 0.807016543 -0.0736478838 -0.585738679 0.806911347 -0.0761858162 -0.585738679 0.806911347 -0.0761858162 -0.585738679 0.806911347 -0.0761858162 -0.581388687 0.810180875 -0.0747940181 -0.581388687 0.810180875 -0.0747940181 -0.581388687 0.810180875 -0.0747940181 -0.581284984 0.810116474 -0.0762828017 -0.581284984 0.810116474 -0.0762828017 -0.581284984 0.810116474 -0.0762828017 -0.576519001 0.813656527 -0.0747589242 -0.576519001 0.813656527 -0.0747589242 -0.576519001 0.813656527 -0.0747589242 -0.23204694 0.377476154 -0.896474189 -0.23204694 0.377476154 -0.896474189 -0.23204694 0.377476154 -0.896474189 -0.222557698 0.354723812 -0.908096409 -0.222557698 0.354723812 -0.908096409 -0.222557698 0.354723812 -0.908096409 -0.238990323 0.376801583 -0.894932507 -0.238990323 0.376801583 -0.894932507 -0.238990323 0.376801583 -0.894932507 -0.232758501 0.357071877 -0.904612157 -0.232758501 0.357071877 -0.904612157 -0.232758501 0.357071877 -0.904612157 -0.211365738 0.328070067 -0.920703294 -0.211365738 0.328070067 -0.920703294 -0.211365738 0.328070067 -0.920703294 -0.218646044 0.388450523 -0.895153673 -0.218646044 0.388450523 -0.895153673 -0.218646044 0.388450523 -0.895153673 -0.212054322 0.379241074 -0.900671512 -0.212054322 0.379241074 -0.900671512 -0.212054322 0.379241074 -0.900671512 -0.0366729456 0 0.999327321 -0.0366729456 0 0.999327321 -0.0366729456 0 0.999327321 -0.0362840332 -0.00120128236 0.999340796 -0.0362840332 -0.00120128236 0.999340796 -0.0362840332 -0.00120128236 0.999340796 -0.0346322246 4.46428448e-07 0.999400125 -0.0346322246 4.46428448e-07 0.999400125 -0.0346322246 4.46428448e-07 0.999400125 -0.036283185 0.00120155885 0.999340826 -0.036283185 0.00120155885 0.999340826 -0.036283185 0.00120155885 0.999340826 -0.0366721868 0 0.999327349 -0.0366721868 0 0.999327349 -0.0366721868 0 0.999327349 0.588562987 0.808440059 -0.0042756725 0.588562987 0.808440059 -0.0042756725 0.588562987 0.808440059 -0.0042756725 0.586759523 0.809737424 -0.00621021833 0.586759523 0.809737424 -0.00621021833 0.586759523 0.809737424 -0.00621021833 0.586731749 0.809767055 -0.00481368505 0.586731749 0.809767055 -0.00481368505 0.586731749 0.809767055 -0.00481368505 0.588909428 0.808192464 -0.00325989015 0.588909428 0.808192464 -0.00325989015 0.588909428 0.808192464 -0.00325989015 0.589023272 0.808069965 -0.00863238207 0.589023272 0.808069965 -0.00863238207 0.589023272 0.808069965 -0.00863238207 0.588907945 0.808153284 -0.00870062834 0.588907945 0.808153284 -0.00870062834 0.588907945 0.808153284 -0.00870062834 0.58897498 0.808057171 -0.0123321451 0.58897498 0.808057171 -0.0123321451 0.58897498 0.808057171 -0.0123321451 0.586988514 0.80948352 -0.0134505082 0.586988514 0.80948352 -0.0134505082 0.586988514 0.80948352 -0.0134505082 0.587119186 0.809095941 -0.0255894532 0.587119186 0.809095941 -0.0255894532 0.587119186 0.809095941 -0.0255894532 0.587103854 0.80910683 -0.0255969191 0.587103854 0.80910683 -0.0255969191 0.587103854 0.80910683 -0.0255969191 0.587144809 0.808855045 -0.0318510557 0.587144809 0.808855045 -0.0318510557 0.587144809 0.808855045 -0.0318510557 0.589868262 0.806910858 -0.0308269551 0.589868262 0.806910858 -0.0308269551 0.589868262 0.806910858 -0.0308269551 0.589876258 0.806801803 -0.0334193248 0.589876258 0.806801803 -0.0334193248 0.589876258 0.806801803 -0.0334193248 0.58915841 0.807316785 -0.0336448532 0.58915841 0.807316785 -0.0336448532 0.58915841 0.807316785 -0.0336448532 0.589159598 0.807306852 -0.0338617031 0.589159598 0.807306852 -0.0338617031 0.589159598 0.807306852 -0.0338617031 0.593089436 0.804475254 -0.0326264704 0.593089436 0.804475254 -0.0326264704 0.593089436 0.804475254 -0.0326264704 0.289968156 0.360465042 -0.886557061 0.289968156 0.360465042 -0.886557061 0.289968156 0.360465042 -0.886557061 0.284819727 0.356017448 -0.89001646 0.284819727 0.356017448 -0.89001646 0.284819727 0.356017448 -0.89001646 0.280614178 0.349893865 -0.893772883 0.280614178 0.349893865 -0.893772883 0.280614178 0.349893865 -0.893772883 0.306931255 0.36931657 -0.877153622 0.306931255 0.36931657 -0.877153622 0.306931255 0.36931657 -0.877153622 0.31120362 0.375722331 -0.872917543 0.31120362 0.375722331 -0.872917543 0.31120362 0.375722331 -0.872917543 0.250087829 0.346274282 -0.904184826 0.250087829 0.346274282 -0.904184826 0.250087829 0.346274282 -0.904184826 0.26987243 0.373668252 -0.887435017 0.26987243 0.373668252 -0.887435017 0.26987243 0.373668252 -0.887435017 0.950833499 -0.309612997 0.00744636021 0.950833499 -0.309612997 0.00744636021 0.950833499 -0.309612997 0.00744636021 0.951197057 -0.308515214 0.00652081751 0.951197057 -0.308515214 0.00652081751 0.951197057 -0.308515214 0.00652081751 0.951169427 -0.308539396 0.00895335799 0.951169427 -0.308539396 0.00895335799 0.951169427 -0.308539396 0.00895335799 0.95135557 -0.307973925 0.00863947867 0.95135557 -0.307973925 0.00863947867 0.95135557 -0.307973925 0.00863947867 0.951393502 -0.307941036 0.00476674784 0.951393502 -0.307941036 0.00476674784 0.951393502 -0.307941036 0.00476674784 0.951362928 -0.308034819 0.00480935852 0.951362928 -0.308034819 0.00480935852 0.951362928 -0.308034819 0.00480935852 0.951393892 -0.307976247 -0.000541299465 0.951393892 -0.307976247 -0.000541299465 0.951393892 -0.307976247 -0.000541299465 0.951059667 -0.309007281 -9.84209267e-05 0.951059667 -0.309007281 -9.84209267e-05 0.951059667 -0.309007281 -9.84209267e-05 0.951023781 -0.308859984 -0.0126205387 0.951023781 -0.308859984 -0.0126205387 0.951023781 -0.308859984 -0.0126205387 0.95109645 -0.308632682 -0.0127047674 0.95109645 -0.308632682 -0.0127047674 0.95109645 -0.308632682 -0.0127047674 0.951044899 -0.30855272 -0.0175732197 0.951044899 -0.30855272 -0.0175732197 0.951044899 -0.30855272 -0.0175732197 0.951817368 -0.306122342 -0.0182430773 0.951817368 -0.306122342 -0.0182430773 0.951817368 -0.306122342 -0.0182430773 0.951775693 -0.306077653 -0.0209642675 0.951775693 -0.306077653 -0.0209642675 0.951775693 -0.306077653 -0.0209642675 0.95239818 -0.304104512 -0.0214044897 0.95239818 -0.304104512 -0.0214044897 0.95239818 -0.304104512 -0.0214044897 0.952413424 -0.304125863 -0.0203992553 0.952413424 -0.304125863 -0.0203992553 0.952413424 -0.304125863 -0.0203992553 0.953935515 -0.299240381 -0.0214994874 0.953935515 -0.299240381 -0.0214994874 0.953935515 -0.299240381 -0.0214994874 0.451000099 -0.131327665 -0.882809127 0.451000099 -0.131327665 -0.882809127 0.451000099 -0.131327665 -0.882809127 0.461080803 -0.137595065 -0.8766254 0.461080803 -0.137595065 -0.8766254 0.461080803 -0.137595065 -0.8766254 0.455142768 -0.135593395 -0.880033802 0.455142768 -0.135593395 -0.880033802 0.455142768 -0.135593395 -0.880033802 0.436666968 -0.121441923 -0.891388702 0.436666968 -0.121441923 -0.891388702 0.436666968 -0.121441923 -0.891388702 0.455133946 -0.127690936 -0.881219675 0.455133946 -0.127690936 -0.881219675 0.455133946 -0.127690936 -0.881219675 0.483830847 -0.161277652 -0.860172791 0.483830847 -0.161277652 -0.860172791 0.483830847 -0.161277652 -0.860172791 0.442337899 -0.147446609 -0.884644946 0.442337899 -0.147446609 -0.884644946 0.442337899 -0.147446609 -0.884644946 0.000936418242 -0.999634381 -0.0270227084 0.000936418242 -0.999634381 -0.0270227084 0.000936418242 -0.999634381 -0.0270227084 0.000909384533 -0.999634965 -0.027002038 0.000909384533 -0.999634965 -0.027002038 0.000909384533 -0.999634965 -0.027002038 0.00082916859 -0.999696533 -0.024620214 0.00082916859 -0.999696533 -0.024620214 0.00082916859 -0.999696533 -0.024620214 0.000890160689 -0.999695736 -0.0246504301 0.000890160689 -0.999695736 -0.0246504301 0.000890160689 -0.999695736 -0.0246504301 0.001024944 -0.9995966 -0.0283828648 0.001024944 -0.9995966 -0.0283828648 0.001024944 -0.9995966 -0.0283828648 0.00103860945 -0.999596429 -0.0283883696 0.00103860945 -0.999596429 -0.0283883696 0.00103860945 -0.999596429 -0.0283883696 0.00129930085 -0.999368339 -0.0355138619 0.00129930085 -0.999368339 -0.0355138619 0.00129930085 -0.999368339 -0.0355138619 0.00121932348 -0.999369522 -0.0354833998 0.00121932348 -0.999369522 -0.0354833998 0.00121932348 -0.999369522 -0.0354833998 0.00154554702 -0.998986836 -0.0449767954 0.00154554702 -0.998986836 -0.0449767954 0.00154554702 -0.998986836 -0.0449767954 0.00167428406 -0.998984748 -0.0450185582 0.00167428406 -0.998984748 -0.0450185582 0.00167428406 -0.998984748 -0.0450185582 0.00196699906 -0.998598452 -0.0528891504 0.00196699906 -0.998598452 -0.0528891504 0.00196699906 -0.998598452 -0.0528891504 0.00201243395 -0.998597793 -0.0528998782 0.00201243395 -0.998597793 -0.0528998782 0.00201243395 -0.998597793 -0.0528998782 0.00209186051 -0.998484839 -0.0549877258 0.00209186051 -0.998484839 -0.0549877258 0.00209186051 -0.998484839 -0.0549877258 0.00171610863 -0.99848944 -0.0549171521 0.00171610863 -0.99848944 -0.0549171521 0.00171610863 -0.99848944 -0.0549171521 0.00168623613 -0.998541609 -0.0539612028 0.00168623613 -0.998541609 -0.0539612028 0.00168623613 -0.998541609 -0.0539612028 0.00179936499 -0.998540253 -0.0539826338 0.00179936499 -0.998540253 -0.0539826338 0.00179936499 -0.998540253 -0.0539826338 0.030263221 -0.418038774 -0.907924953 0.030263221 -0.418038774 -0.907924953 0.030263221 -0.418038774 -0.907924953 0.0265142086 -0.43240296 -0.901290562 0.0265142086 -0.43240296 -0.901290562 0.0265142086 -0.43240296 -0.901290562 0.0256933626 -0.486347279 -0.873387758 0.0256933626 -0.486347279 -0.873387758 0.0256933626 -0.486347279 -0.873387758 0.0397077381 -0.447402528 -0.893450767 0.0397077381 -0.447402528 -0.893450767 0.0397077381 -0.447402528 -0.893450767 0.0402193333 -0.423587278 -0.904962001 0.0402193333 -0.423587278 -0.904962001 0.0402193333 -0.423587278 -0.904962001 0.039335353 -0.42509086 -0.904295577 0.039335353 -0.42509086 -0.904295577 0.039335353 -0.42509086 -0.904295577 0.0388541378 -0.447912533 -0.893232735 0.0388541378 -0.447912533 -0.893232735 0.0388541378 -0.447912533 -0.893232735 -0.948903375 -0.309677855 -0.0606795762 -0.948903375 -0.309677855 -0.0606795762 -0.948903375 -0.309677855 -0.0606795762 -0.949302916 -0.308626643 -0.0597793336 -0.949302916 -0.308626643 -0.0597793336 -0.949302916 -0.308626643 -0.0597793336 -0.949352907 -0.30863161 -0.0589541142 -0.949352907 -0.30863161 -0.0589541142 -0.949352907 -0.30863161 -0.0589541142 -0.948687202 -0.310474899 -0.0599827521 -0.948687202 -0.310474899 -0.0599827521 -0.948687202 -0.310474899 -0.0599827521 -0.948518603 -0.310451622 -0.0627076603 -0.948518603 -0.310451622 -0.0627076603 -0.948518603 -0.310451622 -0.0627076603 -0.949414137 -0.307934186 -0.0615575607 -0.949414137 -0.307934186 -0.0615575607 -0.949414137 -0.307934186 -0.0615575607 -0.948936412 -0.307850187 -0.0689053496 -0.948936412 -0.307850187 -0.0689053496 -0.948936412 -0.307850187 -0.0689053496 -0.948465792 -0.309168842 -0.0694785517 -0.948465792 -0.309168842 -0.0694785517 -0.948465792 -0.309168842 -0.0694785517 -0.947650307 -0.309059517 -0.0802565268 -0.947650307 -0.309059517 -0.0802565268 -0.947650307 -0.309059517 -0.0802565268 -0.949179914 -0.30474751 -0.0786539625 -0.949179914 -0.30474751 -0.0786539625 -0.949179914 -0.30474751 -0.0786539625 -0.948596771 -0.304622943 -0.0858430443 -0.948596771 -0.304622943 -0.0858430443 -0.948596771 -0.304622943 -0.0858430443 -0.948077134 -0.306119716 -0.0862581433 -0.948077134 -0.306119716 -0.0862581433 -0.948077134 -0.306119716 -0.0862581433 -0.947853117 -0.306077208 -0.0888324931 -0.947853117 -0.306077208 -0.0888324931 -0.947853117 -0.306077208 -0.0888324931 -0.945928236 -0.311617095 -0.0900808391 -0.945928236 -0.311617095 -0.0900808391 -0.945928236 -0.311617095 -0.0900808391 -0.946088423 -0.311640427 -0.0883002867 -0.946088423 -0.311640427 -0.0883002867 -0.946088423 -0.311640427 -0.0883002867 -0.946900742 -0.309313839 -0.0877720553 -0.946900742 -0.309313839 -0.0877720553 -0.946900742 -0.309313839 -0.0877720553 -0.379637847 -0.13424622 -0.915343137 -0.379637847 -0.13424622 -0.915343137 -0.379637847 -0.13424622 -0.915343137 -0.385174706 -0.134631821 -0.912970273 -0.385174706 -0.134631821 -0.912970273 -0.385174706 -0.134631821 -0.912970273 -0.398773592 -0.138780183 -0.906487552 -0.398773592 -0.138780183 -0.906487552 -0.398773592 -0.138780183 -0.906487552 -0.424081107 -0.13807352 -0.895036825 -0.424081107 -0.13807352 -0.895036825 -0.424081107 -0.13807352 -0.895036825 -0.396509113 -0.129096553 -0.908908468 -0.396509113 -0.129096553 -0.908908468 -0.396509113 -0.129096553 -0.908908468 -0.390578363 -0.130193355 -0.911316758 -0.390578363 -0.130193355 -0.911316758 -0.390578363 -0.130193355 -0.911316758 -0.377709703 -0.125903783 -0.917324162 -0.377709703 -0.125903783 -0.917324162 -0.377709703 -0.125903783 -0.917324162 -0.586649643 0.808433379 -0.0477249169 -0.586649643 0.808433379 -0.0477249169 -0.586649643 0.808433379 -0.0477249169 -0.584858892 0.809844426 -0.0457392963 -0.584858892 0.809844426 -0.0457392963 -0.584858892 0.809844426 -0.0457392963 -0.58485376 0.809842567 -0.0458377143 -0.58485376 0.809842567 -0.0458377143 -0.58485376 0.809842567 -0.0458377143 -0.585831128 0.809095195 -0.0465494902 -0.585831128 0.809095195 -0.0465494902 -0.585831128 0.809095195 -0.0465494902 -0.585668874 0.809022468 -0.0497455086 -0.585668874 0.809022468 -0.0497455086 -0.585668874 0.809022468 -0.0497455086 -0.586845708 0.808125328 -0.0504536435 -0.586845708 0.808125328 -0.0504536435 -0.586845708 0.808125328 -0.0504536435 -0.586596319 0.808000942 -0.0551292603 -0.586596319 0.808000942 -0.0551292603 -0.586596319 0.808000942 -0.0551292603 -0.586116249 0.808368014 -0.054853407 -0.586116249 0.808368014 -0.054853407 -0.586116249 0.808368014 -0.054853407 -0.585361221 0.807981257 -0.0672200075 -0.585361221 0.807981257 -0.0672200075 -0.585361221 0.807981257 -0.0672200075 -0.585743104 0.807688597 -0.0674102804 -0.585743104 0.807688597 -0.0674102804 -0.585743104 0.807688597 -0.0674102804 -0.585351451 0.807447555 -0.0734310861 -0.585351451 0.807447555 -0.0734310861 -0.585351451 0.807447555 -0.0734310861 -0.58591833 0.807016543 -0.0736478838 -0.58591833 0.807016543 -0.0736478838 -0.58591833 0.807016543 -0.0736478838 -0.585738671 0.806911342 -0.0761859227 -0.585738671 0.806911342 -0.0761859227 -0.585738671 0.806911342 -0.0761859227 -0.581388526 0.810180985 -0.0747940761 -0.581388526 0.810180985 -0.0747940761 -0.581388526 0.810180985 -0.0747940761 -0.58140168 0.810189082 -0.074603878 -0.58140168 0.810189082 -0.074603878 -0.58140168 0.810189082 -0.074603878 -0.58381072 0.808382945 -0.075379419 -0.58381072 0.808382945 -0.075379419 -0.58381072 0.808382945 -0.075379419 -0.225527763 0.361831961 -0.904552298 -0.225527763 0.361831961 -0.904552298 -0.225527763 0.361831961 -0.904552298 -0.222556958 0.354723089 -0.908096873 -0.222556958 0.354723089 -0.908096873 -0.222556958 0.354723089 -0.908096873 -0.23899048 0.376802082 -0.894932255 -0.23899048 0.376802082 -0.894932255 -0.23899048 0.376802082 -0.894932255 -0.232758961 0.357073325 -0.904611467 -0.232758961 0.357073325 -0.904611467 -0.232758961 0.357073325 -0.904611467 -0.211365539 0.328070557 -0.920703165 -0.211365539 0.328070557 -0.920703165 -0.211365539 0.328070557 -0.920703165 -0.218645557 0.388448961 -0.89515447 -0.218645557 0.388448961 -0.89515447 -0.218645557 0.388448961 -0.89515447 -0.212055253 0.379241513 -0.900671108 -0.212055253 0.379241513 -0.900671108 -0.212055253 0.379241513 -0.900671108 -0.0366729456 0 0.999327321 -0.0366729456 0 0.999327321 -0.0366729456 0 0.999327321 -0.0362840334 -0.00120128228 0.999340796 -0.0362840334 -0.00120128228 0.999340796 -0.0362840334 -0.00120128228 0.999340796 -0.0346322246 4.4642835e-07 0.999400125 -0.0346322246 4.4642835e-07 0.999400125 -0.0346322246 4.4642835e-07 0.999400125 -0.0362831853 0.00120155876 0.999340826 -0.0362831853 0.00120155876 0.999340826 -0.0362831853 0.00120155876 0.999340826 -0.0366721868 0 0.999327349 -0.0366721868 0 0.999327349 -0.0366721868 0 0.999327349 0.586979162 0.809579993 -0.00597480519 0.586979162 0.809579993 -0.00597480519 0.586979162 0.809579993 -0.00597480519 0.588421925 0.808541921 -0.00442708067 0.588421925 0.808541921 -0.00442708067 0.588421925 0.808541921 -0.00442708067 0.588429335 0.808534452 -0.00479137506 0.588429335 0.808534452 -0.00479137506 0.588429335 0.808534452 -0.00479137506 0.588935658 0.808167786 -0.00442937502 0.588935658 0.808167786 -0.00442937502 0.588935658 0.808167786 -0.00442937502 0.589002493 0.808095582 -0.00758899307 0.589002493 0.808095582 -0.00758899307 0.589002493 0.808095582 -0.00758899307 0.586912676 0.809602168 -0.0088227636 0.586912676 0.809602168 -0.0088227636 0.586912676 0.809602168 -0.0088227636 0.586996843 0.809477556 -0.0134458919 0.586996843 0.809477556 -0.0134458919 0.586996843 0.809477556 -0.0134458919 0.586988583 0.809483469 -0.0134505374 0.586988583 0.809483469 -0.0134505374 0.586988583 0.809483469 -0.0134505374 0.587119254 0.809095893 -0.0255894199 0.587119254 0.809095893 -0.0255894199 0.587119254 0.809095893 -0.0255894199 0.587104018 0.809106713 -0.0255968391 0.587104018 0.809106713 -0.0255968391 0.587104018 0.809106713 -0.0255968391 0.587139742 0.808899118 -0.0308081262 0.587139742 0.808899118 -0.0308081262 0.587139742 0.808899118 -0.0308081262 0.586296899 0.809498153 -0.0311237369 0.586296899 0.809498153 -0.0311237369 0.586296899 0.809498153 -0.0311237369 0.586306891 0.809352394 -0.0345388608 0.586306891 0.809352394 -0.0345388608 0.586306891 0.809352394 -0.0345388608 0.589157942 0.807317124 -0.0336449289 0.589157942 0.807317124 -0.0336449289 0.589157942 0.807317124 -0.0336449289 0.58915913 0.807307189 -0.0338617988 0.58915913 0.807307189 -0.0338617988 0.58915913 0.807307189 -0.0338617988 0.593089215 0.804475416 -0.0326264891 0.593089215 0.804475416 -0.0326264891 0.593089215 0.804475416 -0.0326264891 0.289968773 0.360466111 -0.886556424 0.289968773 0.360466111 -0.886556424 0.289968773 0.360466111 -0.886556424 0.301099361 0.370059457 -0.878860155 0.301099361 0.370059457 -0.878860155 0.301099361 0.370059457 -0.878860155 0.283042841 0.344417913 -0.89513298 0.283042841 0.344417913 -0.89513298 0.283042841 0.344417913 -0.89513298 0.315930605 0.368171567 -0.874435561 0.315930605 0.368171567 -0.874435561 0.315930605 0.368171567 -0.874435561 0.315192398 0.367107088 -0.875149209 0.315192398 0.367107088 -0.875149209 0.315192398 0.367107088 -0.875149209 0.239330999 0.331381037 -0.912637541 0.239330999 0.331381037 -0.912637541 0.239330999 0.331381037 -0.912637541 0.269871502 0.373667843 -0.887435471 0.269871502 0.373667843 -0.887435471 0.269871502 0.373667843 -0.887435471 0.951069781 -0.308885853 0.00746996218 0.951069781 -0.308885853 0.00746996218 0.951069781 -0.308885853 0.00746996218 0.951190326 -0.308521744 0.00716224165 0.951190326 -0.308521744 0.00716224165 0.951190326 -0.308521744 0.00716224165 0.951169434 -0.308539373 0.00895337236 0.951169434 -0.308539373 0.00895337236 0.951169434 -0.308539373 0.00895337236 0.951355578 -0.3079739 0.00863949209 0.951355578 -0.3079739 0.00863949209 0.951355578 -0.3079739 0.00863949209 0.951393511 -0.307941011 0.00476672439 0.951393511 -0.307941011 0.00476672439 0.951393511 -0.307941011 0.00476672439 0.951654308 -0.307139538 0.00440263514 0.951654308 -0.307139538 0.00440263514 0.951654308 -0.307139538 0.00440263514 0.951681744 -0.307085657 -0.000506494971 0.951681744 -0.307085657 -0.000506494971 0.951681744 -0.307085657 -0.000506494971 0.95105827 -0.309011428 0.000323232515 0.95105827 -0.309011428 0.000323232515 0.95105827 -0.309011428 0.000323232515 0.951019968 -0.308854213 -0.0130420977 0.951019968 -0.308854213 -0.0130420977 0.951019968 -0.308854213 -0.0130420977 0.950702115 -0.309846438 -0.0126756926 0.950702115 -0.309846438 -0.0126756926 0.950702115 -0.309846438 -0.0126756926 0.950654773 -0.309771506 -0.0172370552 0.950654773 -0.309771506 -0.0172370552 0.950654773 -0.309771506 -0.0172370552 0.952319837 -0.304529007 -0.0186818674 0.952319837 -0.304529007 -0.0186818674 0.952319837 -0.304529007 -0.0186818674 0.952285715 -0.304492975 -0.0208793091 0.952285715 -0.304492975 -0.0208793091 0.952285715 -0.304492975 -0.0208793091 0.952405016 -0.304113759 -0.0209644337 0.952405016 -0.304113759 -0.0209644337 0.952405016 -0.304113759 -0.0209644337 0.952404004 -0.304112348 -0.0210307551 0.952404004 -0.304112348 -0.0210307551 0.952404004 -0.304112348 -0.0210307551 0.95292748 -0.302441892 -0.0214037485 0.95292748 -0.302441892 -0.0214037485 0.95292748 -0.302441892 -0.0214037485 0.456214645 -0.13456645 -0.879636327 0.456214645 -0.13456645 -0.879636327 0.456214645 -0.13456645 -0.879636327 0.461080374 -0.13759492 -0.876625648 0.461080374 -0.13759492 -0.876625648 0.461080374 -0.13759492 -0.876625648 0.45514337 -0.135593598 -0.880033459 0.45514337 -0.135593598 -0.880033459 0.45514337 -0.135593598 -0.880033459 0.436667313 -0.121441953 -0.891388529 0.436667313 -0.121441953 -0.891388529 0.436667313 -0.121441953 -0.891388529 0.45513402 -0.12769087 -0.881219646 0.45513402 -0.12769087 -0.881219646 0.45513402 -0.12769087 -0.881219646 0.483830252 -0.161276751 -0.860173295 0.483830252 -0.161276751 -0.860173295 0.483830252 -0.161276751 -0.860173295 0.442338193 -0.147446064 -0.88464489 0.442338193 -0.147446064 -0.88464489 0.442338193 -0.147446064 -0.88464489 0.000936416045 -0.999634383 -0.027022645 0.000936416045 -0.999634383 -0.027022645 0.000936416045 -0.999634383 -0.027022645 0.0009093824 -0.999634967 -0.0270019747 0.0009093824 -0.999634967 -0.0270019747 0.0009093824 -0.999634967 -0.0270019747 0.000829167103 -0.999696534 -0.0246201698 0.000829167103 -0.999696534 -0.0246201698 0.000829167103 -0.999696534 -0.0246201698 0.000890159092 -0.999695737 -0.0246503859 0.000890159092 -0.999695737 -0.0246503859 0.000890159092 -0.999695737 -0.0246503859 0.00102494684 -0.999596598 -0.0283829435 0.00102494684 -0.999596598 -0.0283829435 0.00102494684 -0.999596598 -0.0283829435 0.00103861233 -0.999596427 -0.0283884483 0.00103861233 -0.999596427 -0.0283884483 0.00103861233 -0.999596427 -0.0283884483 0.0012992978 -0.999368342 -0.0355137786 0.0012992978 -0.999368342 -0.0355137786 0.0012992978 -0.999368342 -0.0355137786 0.00121932062 -0.999369525 -0.0354833166 0.00121932062 -0.999369525 -0.0354833166 0.00121932062 -0.999369525 -0.0354833166 0.00159228542 -0.998924599 -0.0463369248 0.00159228542 -0.998924599 -0.0463369248 0.00159228542 -0.998924599 -0.0463369248 0.00172491535 -0.998922382 -0.0463799446 0.00172491535 -0.998922382 -0.0463799446 0.00172491535 -0.998922382 -0.0463799446 0.00191915299 -0.998665852 -0.0516026538 0.00191915299 -0.998665852 -0.0516026538 0.00191915299 -0.998665852 -0.0516026538 0.00196348277 -0.998665224 -0.0516131223 0.00196348277 -0.998665224 -0.0516131223 0.00196348277 -0.998665224 -0.0516131223 0.00209185716 -0.998484844 -0.0549876377 0.00209185716 -0.998484844 -0.0549876377 0.00209185716 -0.998484844 -0.0549876377 0.00171610588 -0.998489445 -0.0549170642 0.00171610588 -0.998489445 -0.0549170642 0.00171610588 -0.998489445 -0.0549170642 0.00175089329 -0.998427534 -0.0560302953 0.00175089329 -0.998427534 -0.0560302953 0.00175089329 -0.998427534 -0.0560302953 0.00186835978 -0.998426072 -0.0560525421 0.00186835978 -0.998426072 -0.0560525421 0.00186835978 -0.998426072 -0.0560525421 0.0299053506 -0.440634152 -0.897188506 0.0299053506 -0.440634152 -0.897188506 0.0299053506 -0.440634152 -0.897188506 0.0261791679 -0.455400673 -0.889901612 0.0261791679 -0.455400673 -0.889901612 0.0261791679 -0.455400673 -0.889901612 0.0256933255 -0.486349545 -0.873386497 0.0256933255 -0.486349545 -0.873386497 0.0256933255 -0.486349545 -0.873386497 0.0397076896 -0.447404712 -0.893449675 0.0397076896 -0.447404712 -0.893449675 0.0397076896 -0.447404712 -0.893449675 0.0402193333 -0.423587278 -0.904962001 0.0402193333 -0.423587278 -0.904962001 0.0402193333 -0.423587278 -0.904962001 0.039335353 -0.42509086 -0.904295577 0.039335353 -0.42509086 -0.904295577 0.039335353 -0.42509086 -0.904295577 0.0388541537 -0.447911804 -0.8932331 0.0388541537 -0.447911804 -0.8932331 0.0388541537 -0.447911804 -0.8932331 -0.949178435 -0.308954784 -0.060060303 -0.949178435 -0.308954784 -0.060060303 -0.949178435 -0.308954784 -0.060060303 -0.949302925 -0.30862662 -0.0597793138 -0.949302925 -0.30862662 -0.0597793138 -0.949302925 -0.30862662 -0.0597793138 -0.949352915 -0.308631587 -0.0589541013 -0.949352915 -0.308631587 -0.0589541013 -0.949352915 -0.308631587 -0.0589541013 -0.948687211 -0.310474874 -0.0599827383 -0.948687211 -0.310474874 -0.0599827383 -0.948687211 -0.310474874 -0.0599827383 -0.948493246 -0.310447983 -0.0631079341 -0.948493246 -0.310447983 -0.0631079341 -0.948493246 -0.310447983 -0.0631079341 -0.949703139 -0.307043568 -0.0615483169 -0.949703139 -0.307043568 -0.0615483169 -0.949703139 -0.307043568 -0.0615483169 -0.949251139 -0.306964538 -0.0685204141 -0.949251139 -0.306964538 -0.0685204141 -0.949251139 -0.306964538 -0.0685204141 -0.948465784 -0.309168873 -0.0694785265 -0.948465784 -0.309168873 -0.0694785265 -0.948465784 -0.309168873 -0.0694785265 -0.947650296 -0.309059547 -0.0802565382 -0.947650296 -0.309059547 -0.0802565382 -0.947650296 -0.309059547 -0.0802565382 -0.948759024 -0.305941019 -0.0790974509 -0.948759024 -0.305941019 -0.0790974509 -0.948759024 -0.305941019 -0.0790974509 -0.948182444 -0.305817046 -0.0861741681 -0.948182444 -0.305817046 -0.0861741681 -0.948182444 -0.305817046 -0.0861741681 -0.948625148 -0.30454098 -0.0858202774 -0.948625148 -0.30454098 -0.0858202774 -0.948625148 -0.30454098 -0.0858202774 -0.948395001 -0.304497688 -0.088476437 -0.948395001 -0.304497688 -0.088476437 -0.948395001 -0.304497688 -0.088476437 -0.945928286 -0.311616955 -0.0900808075 -0.945928286 -0.311616955 -0.0900808075 -0.945928286 -0.311616955 -0.0900808075 -0.946088472 -0.311640287 -0.0883002548 -0.946088472 -0.311640287 -0.0883002548 -0.946088472 -0.311640287 -0.0883002548 -0.945756772 -0.312584837 -0.0885146749 -0.945756772 -0.312584837 -0.0885146749 -0.945756772 -0.312584837 -0.0885146749 -0.380023253 -0.135947757 -0.914931983 -0.380023253 -0.135947757 -0.914931983 -0.380023253 -0.135947757 -0.914931983 -0.392304949 -0.136807435 -0.909604613 -0.392304949 -0.136807435 -0.909604613 -0.392304949 -0.136807435 -0.909604613 -0.398774025 -0.138780315 -0.906487342 -0.398774025 -0.138780315 -0.906487342 -0.398774025 -0.138780315 -0.906487342 -0.424081782 -0.138073642 -0.895036486 -0.424081782 -0.138073642 -0.895036486 -0.424081782 -0.138073642 -0.895036486 -0.396508683 -0.129096322 -0.908908688 -0.396508683 -0.129096322 -0.908908688 -0.396508683 -0.129096322 -0.908908688 -0.390578854 -0.130192951 -0.911316605 -0.390578854 -0.130192951 -0.911316605 -0.390578854 -0.130192951 -0.911316605 -0.377709946 -0.125903315 -0.917324126 -0.377709946 -0.125903315 -0.917324126 -0.377709946 -0.125903315 -0.917324126 -0.585116044 0.809642506 -0.0460242025 -0.585116044 0.809642506 -0.0460242025 -0.585116044 0.809642506 -0.0460242025 -0.586465269 0.80857919 -0.0475203331 -0.586465269 0.80857919 -0.0475203331 -0.586465269 0.80857919 -0.0475203331 -0.58649123 0.808588988 -0.0470306871 -0.58649123 0.808588988 -0.0470306871 -0.58649123 0.808588988 -0.0470306871 -0.585831126 0.809095194 -0.0465495259 -0.585831126 0.809095194 -0.0465495259 -0.585831126 0.809095194 -0.0465495259 -0.585668874 0.809022468 -0.0497455086 -0.585668874 0.809022468 -0.0497455086 -0.585668874 0.809022468 -0.0497455086 -0.584905913 0.809602298 -0.0492868472 -0.584905913 0.809602298 -0.0492868472 -0.584905913 0.809602298 -0.0492868472 -0.584596978 0.809449321 -0.0551196046 -0.584596978 0.809449321 -0.0551196046 -0.584596978 0.809449321 -0.0551196046 -0.58605279 0.808338587 -0.0559540496 -0.58605279 0.808338587 -0.0559540496 -0.58605279 0.808338587 -0.0559540496 -0.585361294 0.80798121 -0.06721994 -0.585361294 0.80798121 -0.06721994 -0.585361294 0.80798121 -0.06721994 -0.585743271 0.807688478 -0.0674102596 -0.585743271 0.807688478 -0.0674102596 -0.585743271 0.807688478 -0.0674102596 -0.585351613 0.807447432 -0.0734311478 -0.585351613 0.807447432 -0.0734311478 -0.585351613 0.807447432 -0.0734311478 -0.58242955 0.809658179 -0.0723149485 -0.58242955 0.809658179 -0.0723149485 -0.58242955 0.809658179 -0.0723149485 -0.582154138 0.809496888 -0.0762322011 -0.582154138 0.809496888 -0.0762322011 -0.582154138 0.809496888 -0.0762322011 -0.581306795 0.810130942 -0.075962269 -0.581306795 0.810130942 -0.075962269 -0.581306795 0.810130942 -0.075962269 -0.58140121 0.810189419 -0.0746038838 -0.58140121 0.810189419 -0.0746038838 -0.58140121 0.810189419 -0.0746038838 -0.583810492 0.808383102 -0.0753795025 -0.583810492 0.808383102 -0.0753795025 -0.583810492 0.808383102 -0.0753795025 -0.236930414 0.377019022 -0.895388539 -0.236930414 0.377019022 -0.895388539 -0.236930414 0.377019022 -0.895388539 -0.224914357 0.349117012 -0.909687223 -0.224914357 0.349117012 -0.909687223 -0.224914357 0.349117012 -0.909687223 -0.245552819 0.376165677 -0.893422183 -0.245552819 0.376165677 -0.893422183 -0.245552819 0.376165677 -0.893422183 -0.236404979 0.348793861 -0.906893339 -0.236404979 0.348793861 -0.906893339 -0.236404979 0.348793861 -0.906893339 -0.209519562 0.31365918 -0.926131455 -0.209519562 0.31365918 -0.926131455 -0.209519562 0.31365918 -0.926131455 -0.218646044 0.388450523 -0.895153673 -0.218646044 0.388450523 -0.895153673 -0.218646044 0.388450523 -0.895153673 -0.212054322 0.379241074 -0.900671512 -0.212054322 0.379241074 -0.900671512 -0.212054322 0.379241074 -0.900671512 -0.0366729456 0 0.999327321 -0.0366729456 0 0.999327321 -0.0366729456 0 0.999327321 -0.0362810693 -0.00119912597 0.999340906 -0.0362810693 -0.00119912597 0.999340906 -0.0362810693 -0.00119912597 0.999340906 -0.0346322246 4.46428448e-07 0.999400125 -0.0346322246 4.46428448e-07 0.999400125 -0.0346322246 4.46428448e-07 0.999400125 -0.0362802205 0.00119940196 0.999340936 -0.0362802205 0.00119940196 0.999340936 -0.0362802205 0.00119940196 0.999340936 -0.0366721868 0 0.999327349 -0.0366721868 0 0.999327349 -0.0366721868 0 0.999327349 0.586978968 0.809580132 -0.00597501289 0.586978968 0.809580132 -0.00597501289 0.586978968 0.809580132 -0.00597501289 0.588421925 0.808541921 -0.00442708067 0.588421925 0.808541921 -0.00442708067 0.588421925 0.808541921 -0.00442708067 0.588429335 0.808534452 -0.00479137506 0.588429335 0.808534452 -0.00479137506 0.588429335 0.808534452 -0.00479137506 0.588935876 0.808167628 -0.00442921911 0.588935876 0.808167628 -0.00442921911 0.588935876 0.808167628 -0.00442921911 0.589002715 0.808095421 -0.00758899111 0.589002715 0.808095421 -0.00758899111 0.589002715 0.808095421 -0.00758899111 0.588887188 0.808178969 -0.00765727083 0.588887188 0.808178969 -0.00765727083 0.588887188 0.808178969 -0.00765727083 0.588993723 0.808025939 -0.0134341263 0.588993723 0.808025939 -0.0134341263 0.588993723 0.808025939 -0.0134341263 0.587003791 0.809453317 -0.0145560071 0.587003791 0.809453317 -0.0145560071 0.587003791 0.809453317 -0.0145560071 0.587118981 0.809096087 -0.025589553 0.587118981 0.809096087 -0.025589553 0.587118981 0.809096087 -0.025589553 0.587104018 0.809106713 -0.0255968391 0.587104018 0.809106713 -0.0255968391 0.587104018 0.809106713 -0.0255968391 0.587139742 0.808899118 -0.0308081262 0.587139742 0.808899118 -0.0308081262 0.587139742 0.808899118 -0.0308081262 0.586297336 0.809497842 -0.0311235731 0.586297336 0.809497842 -0.0311235731 0.586297336 0.809497842 -0.0311235731 0.586307329 0.80935207 -0.0345390094 0.586307329 0.80935207 -0.0345390094 0.586307329 0.80935207 -0.0345390094 0.589159191 0.807316217 -0.0336448219 0.589159191 0.807316217 -0.0336448219 0.589159191 0.807316217 -0.0336448219 0.589160378 0.807306286 -0.0338616119 0.589160378 0.807306286 -0.0338616119 0.589160378 0.807306286 -0.0338616119 0.593090099 0.804474767 -0.0326264145 0.593090099 0.804474767 -0.0326264145 0.593090099 0.804474767 -0.0326264145 0.289967659 0.360463717 -0.886557762 0.289967659 0.360463717 -0.886557762 0.289967659 0.360463717 -0.886557762 0.301096747 0.370055738 -0.878862617 0.301096747 0.370055738 -0.878862617 0.301096747 0.370055738 -0.878862617 0.283045359 0.344421483 -0.89513081 0.283045359 0.344421483 -0.89513081 0.283045359 0.344421483 -0.89513081 0.31593079 0.368173552 -0.874434658 0.31593079 0.368173552 -0.874434658 0.31593079 0.368173552 -0.874434658 0.315190656 0.367106289 -0.875150172 0.315190656 0.367106289 -0.875150172 0.315190656 0.367106289 -0.875150172 0.268652848 0.345408127 -0.899176775 0.268652848 0.345408127 -0.899176775 0.268652848 0.345408127 -0.899176775 0.277520893 0.356809812 -0.892002753 0.277520893 0.356809812 -0.892002753 0.277520893 0.356809812 -0.892002753 0.95106984 -0.308885676 0.00746988957 0.95106984 -0.308885676 0.00746988957 0.95106984 -0.308885676 0.00746988957 0.951190325 -0.308521745 0.00716231995 0.951190325 -0.308521745 0.00716231995 0.951190325 -0.308521745 0.00716231995 0.951174941 -0.308535061 0.00850578706 0.951174941 -0.308535061 0.00850578706 0.951174941 -0.308535061 0.00850578706 0.951091362 -0.308788705 0.00864622657 0.951091362 -0.308788705 0.00864622657 0.951091362 -0.308788705 0.00864622657 0.95112965 -0.308755442 0.00473983384 0.95112965 -0.308755442 0.00473983384 0.95112965 -0.308755442 0.00473983384 0.951366168 -0.308030767 0.00441147169 0.951366168 -0.308030767 0.00441147169 0.951366168 -0.308030767 0.00441147169 0.951392445 -0.30798117 -0.000120738076 0.951392445 -0.30798117 -0.000120738076 0.951392445 -0.30798117 -0.000120738076 0.95105831 -0.309011304 0.000323179203 0.95105831 -0.309011304 0.000323179203 0.95105831 -0.309011304 0.000323179203 0.951020008 -0.308854091 -0.0130420405 0.951020008 -0.308854091 -0.0130420405 0.951020008 -0.308854091 -0.0130420405 0.950702164 -0.30984629 -0.0126756445 0.950702164 -0.30984629 -0.0126756445 0.950702164 -0.30984629 -0.0126756445 0.950654822 -0.309771357 -0.0172370476 0.950654822 -0.309771357 -0.0172370476 0.950654822 -0.309771357 -0.0172370476 0.952319899 -0.304528814 -0.0186818727 0.952319899 -0.304528814 -0.0186818727 0.952319899 -0.304528814 -0.0186818727 0.952285776 -0.304492781 -0.0208793525 0.952285776 -0.304492781 -0.0208793525 0.952285776 -0.304492781 -0.0208793525 0.952404929 -0.304114036 -0.0209643715 0.952404929 -0.304114036 -0.0209643715 0.952404929 -0.304114036 -0.0209643715 0.952403915 -0.304112622 -0.0210308473 0.952403915 -0.304112622 -0.0210308473 0.952403915 -0.304112622 -0.0210308473 0.952927353 -0.302442286 -0.0214038133 0.952927353 -0.302442286 -0.0214038133 0.952927353 -0.302442286 -0.0214038133 0.4562161 -0.134567116 -0.879635471 0.4562161 -0.134567116 -0.879635471 0.4562161 -0.134567116 -0.879635471 0.461081231 -0.137595209 -0.876625152 0.461081231 -0.137595209 -0.876625152 0.461081231 -0.137595209 -0.876625152 0.448655579 -0.133407641 -0.883691447 0.448655579 -0.133407641 -0.883691447 0.448655579 -0.133407641 -0.883691447 0.437367749 -0.124584964 -0.890611048 0.437367749 -0.124584964 -0.890611048 0.437367749 -0.124584964 -0.890611048 0.458905498 -0.132049766 -0.878617438 0.458905498 -0.132049766 -0.878617438 0.458905498 -0.132049766 -0.878617438 0.483831162 -0.161277054 -0.860172726 0.483831162 -0.161277054 -0.860172726 0.483831162 -0.161277054 -0.860172726 0.442338193 -0.147446064 -0.88464489 0.442338193 -0.147446064 -0.88464489 0.442338193 -0.147446064 -0.88464489 0.000936424831 -0.999634376 -0.0270228986 0.000936424831 -0.999634376 -0.0270228986 0.000936424831 -0.999634376 -0.0270228986 0.000909390933 -0.99963496 -0.027002228 0.000909390933 -0.99963496 -0.027002228 0.000909390933 -0.99963496 -0.027002228 0.000877907979 -0.999659802 -0.0260674157 0.000877907979 -0.999659802 -0.0260674157 0.000877907979 -0.999659802 -0.0260674157 0.000942485165 -0.999658908 -0.0260994054 0.000942485165 -0.999658908 -0.0260994054 0.000942485165 -0.999658908 -0.0260994054 0.00102494684 -0.999596598 -0.0283829435 0.00102494684 -0.999596598 -0.0283829435 0.00102494684 -0.999596598 -0.0283829435 0.00103861233 -0.999596427 -0.0283884483 0.00103861233 -0.999596427 -0.0283884483 0.00103861233 -0.999596427 -0.0283884483 0.00124938573 -0.999415954 -0.0341495294 0.00124938573 -0.999415954 -0.0341495294 0.00124938573 -0.999415954 -0.0341495294 0.00117248075 -0.999417048 -0.0341202345 0.00117248075 -0.999417048 -0.0341202345 0.00117248075 -0.999417048 -0.0341202345 0.00159227972 -0.998924606 -0.0463367588 0.00159227972 -0.998924606 -0.0463367588 0.00159227972 -0.998924606 -0.0463367588 0.00172490917 -0.99892239 -0.0463797784 0.00172490917 -0.99892239 -0.0463797784 0.00172490917 -0.99892239 -0.0463797784 0.00191915299 -0.998665852 -0.0516026538 0.00191915299 -0.998665852 -0.0516026538 0.00191915299 -0.998665852 -0.0516026538 0.00196348277 -0.998665224 -0.0516131223 0.00196348277 -0.998665224 -0.0516131223 0.00196348277 -0.998665224 -0.0516131223 0.00209186386 -0.998484834 -0.0549878138 0.00209186386 -0.998484834 -0.0549878138 0.00209186386 -0.998484834 -0.0549878138 0.00171611138 -0.998489435 -0.0549172401 0.00171611138 -0.998489435 -0.0549172401 0.00171611138 -0.998489435 -0.0549172401 0.00175090118 -0.99842752 -0.0560305478 0.00175090118 -0.99842752 -0.0560305478 0.00175090118 -0.99842752 -0.0560305478 0.0018683682 -0.998426058 -0.0560527947 0.0018683682 -0.998426058 -0.0560527947 0.0018683682 -0.998426058 -0.0560527947 0.0299052561 -0.440639931 -0.89718567 0.0299052561 -0.440639931 -0.89718567 0.0299052561 -0.440639931 -0.89718567 0.0261790796 -0.455406548 -0.889898608 0.0261790796 -0.455406548 -0.889898608 0.0261790796 -0.455406548 -0.889898608 0.026069425 -0.462624122 -0.88617115 0.026069425 -0.462624122 -0.88617115 0.026069425 -0.462624122 -0.88617115 0.0401979096 -0.424617639 -0.904479955 0.0401979096 -0.424617639 -0.904479955 0.0401979096 -0.424617639 -0.904479955 0.0397312508 -0.446342373 -0.893979817 0.0397312508 -0.446342373 -0.893979817 0.0397312508 -0.446342373 -0.893979817 0.0388546652 -0.447888309 -0.893244859 0.0388546652 -0.447888309 -0.893244859 0.0388546652 -0.447888309 -0.893244859 0.0388541537 -0.447911804 -0.8932331 0.0388541537 -0.447911804 -0.8932331 0.0388541537 -0.447911804 -0.8932331 -0.949178497 -0.308954607 -0.0600602304 -0.949178497 -0.308954607 -0.0600602304 -0.949178497 -0.308954607 -0.0600602304 -0.94930292 -0.30862662 -0.059779392 -0.94930292 -0.30862662 -0.059779392 -0.94930292 -0.30862662 -0.059779392 -0.949352915 -0.308631587 -0.0589541013 -0.949352915 -0.308631587 -0.0589541013 -0.949352915 -0.308631587 -0.0589541013 -0.948390829 -0.311290935 -0.0604383143 -0.948390829 -0.311290935 -0.0604383143 -0.948390829 -0.311290935 -0.0604383143 -0.94822628 -0.311267952 -0.063080772 -0.94822628 -0.311267952 -0.063080772 -0.94822628 -0.311267952 -0.063080772 -0.949414136 -0.307934185 -0.0615575849 -0.949414136 -0.307934185 -0.0615575849 -0.949414136 -0.307934185 -0.0615575849 -0.948965044 -0.307855427 -0.0684863611 -0.948965044 -0.307855427 -0.0684863611 -0.948965044 -0.307855427 -0.0684863611 -0.948495456 -0.30917229 -0.0690569664 -0.948495456 -0.30917229 -0.0690569664 -0.948495456 -0.30917229 -0.0690569664 -0.94765034 -0.309059425 -0.0802564927 -0.94765034 -0.309059425 -0.0802564927 -0.94765034 -0.309059425 -0.0802564927 -0.948759076 -0.305940873 -0.0790973966 -0.948759076 -0.305940873 -0.0790973966 -0.948759076 -0.305940873 -0.0790973966 -0.948182491 -0.305816898 -0.0861741755 -0.948182491 -0.305816898 -0.0861741755 -0.948182491 -0.305816898 -0.0861741755 -0.94862521 -0.304540787 -0.085820272 -0.94862521 -0.304540787 -0.085820272 -0.94862521 -0.304540787 -0.085820272 -0.948395067 -0.304497496 -0.0884763938 -0.948395067 -0.304497496 -0.0884763938 -0.948395067 -0.304497496 -0.0884763938 -0.945928187 -0.311617236 -0.0900808707 -0.945928187 -0.311617236 -0.0900808707 -0.945928187 -0.311617236 -0.0900808707 -0.946088374 -0.311640567 -0.0883003185 -0.946088374 -0.311640567 -0.0883003185 -0.946088374 -0.311640567 -0.0883003185 -0.94575663 -0.31258524 -0.0885147664 -0.94575663 -0.31258524 -0.0885147664 -0.94575663 -0.31258524 -0.0885147664 -0.380024118 -0.135948232 -0.914931554 -0.380024118 -0.135948232 -0.914931554 -0.380024118 -0.135948232 -0.914931554 -0.392306715 -0.136807974 -0.909603771 -0.392306715 -0.136807974 -0.909603771 -0.392306715 -0.136807974 -0.909603771 -0.398772294 -0.138779788 -0.906488184 -0.398772294 -0.138779788 -0.906488184 -0.398772294 -0.138779788 -0.906488184 -0.415018437 -0.138339479 -0.899234055 -0.415018437 -0.138339479 -0.899234055 -0.415018437 -0.138339479 -0.899234055 -0.397300612 -0.132433537 -0.908082365 -0.397300612 -0.132433537 -0.908082365 -0.397300612 -0.132433537 -0.908082365 -0.397300612 -0.132433537 -0.908082365 -0.397300612 -0.132433537 -0.908082365 -0.397300612 -0.132433537 -0.908082365 -0.377709946 -0.125903315 -0.917324126 -0.377709946 -0.125903315 -0.917324126 -0.377709946 -0.125903315 -0.917324126 -0.585115846 0.809642649 -0.0460242 -0.585115846 0.809642649 -0.0460242 -0.585115846 0.809642649 -0.0460242 -0.586465258 0.808579186 -0.0475205379 -0.586465258 0.808579186 -0.0475205379 -0.586465258 0.808579186 -0.0475205379 -0.586491238 0.808588991 -0.0470305444 -0.586491238 0.808588991 -0.0470305444 -0.586491238 0.808588991 -0.0470305444 -0.585831347 0.809095034 -0.0465495388 -0.585831347 0.809095034 -0.0465495388 -0.585831347 0.809095034 -0.0465495388 -0.585722727 0.809046963 -0.0487021413 -0.585722727 0.809046963 -0.0487021413 -0.585722727 0.809046963 -0.0487021413 -0.586899485 0.808150683 -0.0494112112 -0.586899485 0.808150683 -0.0494112112 -0.586899485 0.808150683 -0.0494112112 -0.586535608 0.80796909 -0.0562310428 -0.586535608 0.80796909 -0.0562310428 -0.586535608 0.80796909 -0.0562310428 -0.586052524 0.808338791 -0.055953897 -0.586052524 0.808338791 -0.055953897 -0.586052524 0.808338791 -0.055953897 -0.585361019 0.807981409 -0.0672199416 -0.585361019 0.807981409 -0.0672199416 -0.585361019 0.807981409 -0.0672199416 -0.585743263 0.807688473 -0.0674103939 -0.585743263 0.807688473 -0.0674103939 -0.585743263 0.807688473 -0.0674103939 -0.585351621 0.807447438 -0.073431021 -0.585351621 0.807447438 -0.073431021 -0.585351621 0.807447438 -0.073431021 -0.582429987 0.809657862 -0.0723149848 -0.582429987 0.809657862 -0.0723149848 -0.582429987 0.809657862 -0.0723149848 -0.582154578 0.809496572 -0.0762321955 -0.582154578 0.809496572 -0.0762321955 -0.582154578 0.809496572 -0.0762321955 -0.581308031 0.810130032 -0.0759625169 -0.581308031 0.810130032 -0.0759625169 -0.581308031 0.810130032 -0.0759625169 -0.581402464 0.81018852 -0.0746038683 -0.581402464 0.81018852 -0.0746038683 -0.581402464 0.81018852 -0.0746038683 -0.583811388 0.808382467 -0.075379373 -0.583811388 0.808382467 -0.075379373 -0.583811388 0.808382467 -0.075379373 -0.236928123 0.377015124 -0.895390787 -0.236928123 0.377015124 -0.895390787 -0.236928123 0.377015124 -0.895390787 -0.224913031 0.349115271 -0.909688219 -0.224913031 0.349115271 -0.909688219 -0.224913031 0.349115271 -0.909688219 -0.245554278 0.376167587 -0.893420978 -0.245554278 0.376167587 -0.893420978 -0.245554278 0.376167587 -0.893420978 -0.236407277 0.348798416 -0.906890988 -0.236407277 0.348798416 -0.906890988 -0.236407277 0.348798416 -0.906890988 -0.219750649 0.327041847 -0.919104609 -0.219750649 0.327041847 -0.919104609 -0.219750649 0.327041847 -0.919104609 -0.226335743 0.371513708 -0.900416402 -0.226335743 0.371513708 -0.900416402 -0.226335743 0.371513708 -0.900416402 -0.219301834 0.362357563 -0.905871791 -0.219301834 0.362357563 -0.905871791 -0.219301834 0.362357563 -0.905871791 -0.0366729456 0 0.999327321 -0.0366729456 0 0.999327321 -0.0366729456 0 0.999327321 -0.0362810691 -0.00119912529 0.999340906 -0.0362810691 -0.00119912529 0.999340906 -0.0362810691 -0.00119912529 0.999340906 -0.0346322246 4.46428252e-07 0.999400125 -0.0346322246 4.46428252e-07 0.999400125 -0.0346322246 4.46428252e-07 0.999400125 -0.0362802203 0.00119940127 0.999340936 -0.0362802203 0.00119940127 0.999340936 -0.0362802203 0.00119940127 0.999340936 -0.0366721868 0 0.999327349 -0.0366721868 0 0.999327349 -0.0366721868 0 0.999327349 0.587384373 0.809286077 -0.0059702704 0.587384373 0.809286077 -0.0059702704 0.587384373 0.809286077 -0.0059702704 0.588844754 0.80823417 -0.00440248829 0.588844754 0.80823417 -0.00440248829 0.588844754 0.80823417 -0.00440248829 0.588852546 0.808226315 -0.00478579562 0.588852546 0.808226315 -0.00478579562 0.588852546 0.808226315 -0.00478579562 0.589388517 0.807837729 -0.00440230066 0.589388517 0.807837729 -0.00440230066 0.589388517 0.807837729 -0.00440230066 0.589455796 0.807765023 -0.00758499208 0.589455796 0.807765023 -0.00758499208 0.589455796 0.807765023 -0.00758499208 0.589384333 0.807816769 -0.00762726451 0.589384333 0.807816769 -0.00762726451 0.589384333 0.807816769 -0.00762726451 0.589491266 0.80766308 -0.0134312123 0.589491266 0.80766308 -0.0134312123 0.589491266 0.80766308 -0.0134312123 0.587564944 0.809046758 -0.0145182509 0.587564944 0.809046758 -0.0145182509 0.587564944 0.809046758 -0.0145182509 0.587680303 0.808688356 -0.0255930462 0.587680303 0.808688356 -0.0255930462 0.587680303 0.808688356 -0.0255930462 0.590459694 0.806703145 -0.0242360558 0.590459694 0.806703145 -0.0242360558 0.590459694 0.806703145 -0.0242360558 0.590506032 0.806443464 -0.0308474693 0.590506032 0.806443464 -0.0308474693 0.590506032 0.806443464 -0.0308474693 0.590755312 0.806264464 -0.0307534587 0.590755312 0.806264464 -0.0307534587 0.590755312 0.806264464 -0.0307534587 0.590765667 0.806101086 -0.0345971933 0.590765667 0.806101086 -0.0345971933 0.590765667 0.806101086 -0.0345971933 0.594239893 0.803589975 -0.0334977846 0.594239893 0.803589975 -0.0334977846 0.594239893 0.803589975 -0.0334977846 0.594242106 0.803570116 -0.0339321081 0.594242106 0.803570116 -0.0339321081 0.594242106 0.803570116 -0.0339321081 0.593087019 0.804407512 -0.0342978378 0.593087019 0.804407512 -0.0342978378 0.593087019 0.804407512 -0.0342978378 0.289970367 0.360467487 -0.886555343 0.289970367 0.360467487 -0.886555343 0.289970367 0.360467487 -0.886555343 0.301099361 0.370059457 -0.878860155 0.301099361 0.370059457 -0.878860155 0.301099361 0.370059457 -0.878860155 0.283042841 0.344417913 -0.89513298 0.283042841 0.344417913 -0.89513298 0.283042841 0.344417913 -0.89513298 0.315928233 0.368169864 -0.874437135 0.315928233 0.368169864 -0.874437135 0.315928233 0.368169864 -0.874437135 0.325944663 0.382632565 -0.864495458 0.325944663 0.382632565 -0.864495458 0.325944663 0.382632565 -0.864495458 0.250090561 0.346275626 -0.904183555 0.250090561 0.346275626 -0.904183555 0.250090561 0.346275626 -0.904183555 0.269872486 0.373665697 -0.887436076 0.269872486 0.373665697 -0.887436076 0.269872486 0.373665697 -0.887436076 0.951069781 -0.308885854 0.00747004054 0.951069781 -0.308885854 0.00747004054 0.951069781 -0.308885854 0.00747004054 0.951190325 -0.308521745 0.00716231995 0.951190325 -0.308521745 0.00716231995 0.951190325 -0.308521745 0.00716231995 0.951174941 -0.308535061 0.00850578706 0.951174941 -0.308535061 0.00850578706 0.951174941 -0.308535061 0.00850578706 0.951091362 -0.308788705 0.00864622657 0.951091362 -0.308788705 0.00864622657 0.951091362 -0.308788705 0.00864622657 0.95112965 -0.308755442 0.00473983384 0.95112965 -0.308755442 0.00473983384 0.95112965 -0.308755442 0.00473983384 0.951366168 -0.308030767 0.00441147169 0.951366168 -0.308030767 0.00441147169 0.951366168 -0.308030767 0.00441147169 0.951392445 -0.30798117 -0.000120738076 0.951392445 -0.30798117 -0.000120738076 0.951392445 -0.30798117 -0.000120738076 0.95105831 -0.309011304 0.000323179203 0.95105831 -0.309011304 0.000323179203 0.95105831 -0.309011304 0.000323179203 0.951020007 -0.308854089 -0.0130421434 0.951020007 -0.308854089 -0.0130421434 0.951020007 -0.308854089 -0.0130421434 0.950702067 -0.309846587 -0.0126756374 0.950702067 -0.309846587 -0.0126756374 0.950702067 -0.309846587 -0.0126756374 0.950654725 -0.309771654 -0.0172370628 0.950654725 -0.309771654 -0.0172370628 0.950654725 -0.309771654 -0.0172370628 0.952319775 -0.304529199 -0.0186818621 0.952319775 -0.304529199 -0.0186818621 0.952319775 -0.304529199 -0.0186818621 0.952278265 -0.304485773 -0.0213194586 0.952278265 -0.304485773 -0.0213194586 0.952278265 -0.304485773 -0.0213194586 0.951675822 -0.306392844 -0.020893909 0.951675822 -0.306392844 -0.020893909 0.951675822 -0.306392844 -0.020893909 0.9516814 -0.306400833 -0.0205192996 0.9516814 -0.306400833 -0.0205192996 0.9516814 -0.306400833 -0.0205192996 0.952927356 -0.302442288 -0.0214036601 0.952927356 -0.302442288 -0.0214036601 0.952927356 -0.302442288 -0.0214036601 0.456214491 -0.134566594 -0.879636385 0.456214491 -0.134566594 -0.879636385 0.456214491 -0.134566594 -0.879636385 0.461079518 -0.137594631 -0.876626144 0.461079518 -0.137594631 -0.876626144 0.461079518 -0.137594631 -0.876626144 0.448655579 -0.133407641 -0.883691447 0.448655579 -0.133407641 -0.883691447 0.448655579 -0.133407641 -0.883691447 0.437369427 -0.124586272 -0.890610041 0.437369427 -0.124586272 -0.890610041 0.437369427 -0.124586272 -0.890610041 0.458906448 -0.132050866 -0.878616777 0.458906448 -0.132050866 -0.878616777 0.458906448 -0.132050866 -0.878616777 0.475348803 -0.151247586 -0.866699304 0.475348803 -0.151247586 -0.866699304 0.475348803 -0.151247586 -0.866699304 0.440800972 -0.140255077 -0.886579391 0.440800972 -0.140255077 -0.886579391 0.440800972 -0.140255077 -0.886579391 0.000936407259 -0.99963439 -0.0270223914 0.000936407259 -0.99963439 -0.0270223914 0.000936407259 -0.99963439 -0.0270223914 0.000909373867 -0.999634973 -0.0270017213 0.000909373867 -0.999634973 -0.0270017213 0.000909373867 -0.999634973 -0.0270017213 0.000877907979 -0.999659802 -0.0260674157 0.000877907979 -0.999659802 -0.0260674157 0.000877907979 -0.999659802 -0.0260674157 0.000942485165 -0.999658908 -0.0260994054 0.000942485165 -0.999658908 -0.0260994054 0.000942485165 -0.999658908 -0.0260994054 0.00102494684 -0.999596598 -0.0283829435 0.00102494684 -0.999596598 -0.0283829435 0.00102494684 -0.999596598 -0.0283829435 0.00103861233 -0.999596427 -0.0283884483 0.00103861233 -0.999596427 -0.0283884483 0.00103861233 -0.999596427 -0.0283884483 0.00124938573 -0.999415954 -0.0341495294 0.00124938573 -0.999415954 -0.0341495294 0.00124938573 -0.999415954 -0.0341495294 0.00117248075 -0.999417048 -0.0341202345 0.00117248075 -0.999417048 -0.0341202345 0.00117248075 -0.999417048 -0.0341202345 0.00159229113 -0.998924591 -0.0463370908 0.00159229113 -0.998924591 -0.0463370908 0.00159229113 -0.998924591 -0.0463370908 0.00172492153 -0.998922374 -0.0463801108 0.00172492153 -0.998922374 -0.0463801108 0.00172492153 -0.998922374 -0.0463801108 0.00191915299 -0.998665852 -0.0516026538 0.00191915299 -0.998665852 -0.0516026538 0.00191915299 -0.998665852 -0.0516026538 0.00196348277 -0.998665224 -0.0516131223 0.00196348277 -0.998665224 -0.0516131223 0.00196348277 -0.998665224 -0.0516131223 0.00214672445 -0.998404255 -0.0564299075 0.00214672445 -0.998404255 -0.0564299075 0.00214672445 -0.998404255 -0.0564299075 0.00176111803 -0.9984091 -0.0563574967 0.00176111803 -0.9984091 -0.0563574967 0.00176111803 -0.9984091 -0.0563574967 0.00168624797 -0.998541589 -0.0539615817 0.00168624797 -0.998541589 -0.0539615817 0.00168624797 -0.998541589 -0.0539615817 0.00179937763 -0.998540233 -0.0539830128 0.00179937763 -0.998540233 -0.0539830128 0.00179937763 -0.998540233 -0.0539830128 0.0299053506 -0.440634152 -0.897188506 0.0299053506 -0.440634152 -0.897188506 0.0299053506 -0.440634152 -0.897188506 0.0261791679 -0.455400673 -0.889901612 0.0261791679 -0.455400673 -0.889901612 0.0261791679 -0.455400673 -0.889901612 0.026069425 -0.462624122 -0.88617115 0.026069425 -0.462624122 -0.88617115 0.026069425 -0.462624122 -0.88617115 0.0401979096 -0.424617639 -0.904479955 0.0401979096 -0.424617639 -0.904479955 0.0401979096 -0.424617639 -0.904479955 0.0397311219 -0.446348191 -0.893976918 0.0397311219 -0.446348191 -0.893976918 0.0397311219 -0.446348191 -0.893976918 0.0388545383 -0.447894136 -0.893241942 0.0388545383 -0.447894136 -0.893241942 0.0388545383 -0.447894136 -0.893241942 0.0393348865 -0.425113715 -0.904284853 0.0393348865 -0.425113715 -0.904284853 0.0393348865 -0.425113715 -0.904284853 -0.94917844 -0.308954785 -0.0600602247 -0.94917844 -0.308954785 -0.0600602247 -0.94917844 -0.308954785 -0.0600602247 -0.94930293 -0.308626621 -0.0597792356 -0.94930293 -0.308626621 -0.0597792356 -0.94930293 -0.308626621 -0.0597792356 -0.949352915 -0.308631587 -0.0589541013 -0.949352915 -0.308631587 -0.0589541013 -0.949352915 -0.308631587 -0.0589541013 -0.948390829 -0.311290935 -0.0604383143 -0.948390829 -0.311290935 -0.0604383143 -0.948390829 -0.311290935 -0.0604383143 -0.94822628 -0.311267952 -0.063080772 -0.94822628 -0.311267952 -0.063080772 -0.94822628 -0.311267952 -0.063080772 -0.949414136 -0.307934185 -0.0615575849 -0.949414136 -0.307934185 -0.0615575849 -0.949414136 -0.307934185 -0.0615575849 -0.948965044 -0.307855427 -0.0684863611 -0.948965044 -0.307855427 -0.0684863611 -0.948965044 -0.307855427 -0.0684863611 -0.948495456 -0.30917229 -0.0690569664 -0.948495456 -0.30917229 -0.0690569664 -0.948495456 -0.30917229 -0.0690569664 -0.94765034 -0.309059425 -0.0802564927 -0.94765034 -0.309059425 -0.0802564927 -0.94765034 -0.309059425 -0.0802564927 -0.948758972 -0.305941166 -0.0790975052 -0.948758972 -0.305941166 -0.0790975052 -0.948758972 -0.305941166 -0.0790975052 -0.948182397 -0.305817193 -0.0861741607 -0.948182397 -0.305817193 -0.0861741607 -0.948182397 -0.305817193 -0.0861741607 -0.948625086 -0.304541172 -0.0858202828 -0.948625086 -0.304541172 -0.0858202828 -0.948625086 -0.304541172 -0.0858202828 -0.948394935 -0.30449788 -0.0884764803 -0.948394935 -0.30449788 -0.0884764803 -0.948394935 -0.30449788 -0.0884764803 -0.945113006 -0.313931006 -0.0906020387 -0.945113006 -0.313931006 -0.0906020387 -0.945113006 -0.313931006 -0.0906020387 -0.94533175 -0.313963217 -0.088175849 -0.94533175 -0.313963217 -0.088175849 -0.94533175 -0.313963217 -0.088175849 -0.94581325 -0.312596287 -0.0878684119 -0.94581325 -0.312596287 -0.0878684119 -0.94581325 -0.312596287 -0.0878684119 -0.380022484 -0.135947702 -0.914932311 -0.380022484 -0.135947702 -0.914932311 -0.380022484 -0.135947702 -0.914932311 -0.392304949 -0.136807435 -0.909604613 -0.392304949 -0.136807435 -0.909604613 -0.392304949 -0.136807435 -0.909604613 -0.398774025 -0.138780315 -0.906487342 -0.398774025 -0.138780315 -0.906487342 -0.398774025 -0.138780315 -0.906487342 -0.415017791 -0.138340068 -0.899234263 -0.415017791 -0.138340068 -0.899234263 -0.415017791 -0.138340068 -0.899234263 -0.390579008 -0.130193759 -0.911316424 -0.390579008 -0.130193759 -0.911316424 -0.390579008 -0.130193759 -0.911316424 -0.402325946 -0.128013004 -0.906502346 -0.402325946 -0.128013004 -0.906502346 -0.402325946 -0.128013004 -0.906502346 -0.3762799 -0.119725613 -0.918737838 -0.3762799 -0.119725613 -0.918737838 -0.3762799 -0.119725613 -0.918737838 -0.585521569 0.80934899 -0.0460293924 -0.585521569 0.80934899 -0.0460293924 -0.585521569 0.80934899 -0.0460293924 -0.586887776 0.808271096 -0.0475454965 -0.586887776 0.808271096 -0.0475454965 -0.586887776 0.808271096 -0.0475454965 -0.586914791 0.808281285 -0.0470360797 -0.586914791 0.808281285 -0.0470360797 -0.586914791 0.808281285 -0.0470360797 -0.586283786 0.808765738 -0.046575781 -0.586283786 0.808765738 -0.046575781 -0.586283786 0.808765738 -0.046575781 -0.586176244 0.808718176 -0.0487064965 -0.586176244 0.808718176 -0.0487064965 -0.586176244 0.808718176 -0.0487064965 -0.587396204 0.807787825 -0.0494421856 -0.587396204 0.807787825 -0.0494421856 -0.587396204 0.807787825 -0.0494421856 -0.58703377 0.80760709 -0.0562329145 -0.58703377 0.80760709 -0.0562329145 -0.58703377 0.80760709 -0.0562329145 -0.58661286 0.80792966 -0.0559912261 -0.58661286 0.80792966 -0.0559912261 -0.58661286 0.80792966 -0.0559912261 -0.585994472 0.807613192 -0.0661166516 -0.585994472 0.807613192 -0.0661166516 -0.585994472 0.807613192 -0.0661166516 -0.589100079 0.805221608 -0.0676702227 -0.589100079 0.805221608 -0.0676702227 -0.589100079 0.805221608 -0.0676702227 -0.588726753 0.804993155 -0.0733950349 -0.588726753 0.804993155 -0.0733950349 -0.588726753 0.804993155 -0.0733950349 -0.586875161 0.806408473 -0.0726836989 -0.586875161 0.806408473 -0.0726836989 -0.586875161 0.806408473 -0.0726836989 -0.586608216 0.806253055 -0.0764644502 -0.586608216 0.806253055 -0.0764644502 -0.586608216 0.806253055 -0.0764644502 -0.586375089 0.806429702 -0.0763897333 -0.586375089 0.806429702 -0.0763897333 -0.586375089 0.806429702 -0.0763897333 -0.586387691 0.806437507 -0.0762103874 -0.586387691 0.806437507 -0.0762103874 -0.586387691 0.806437507 -0.0762103874 -0.583811359 0.80838245 -0.0753797817 -0.583811359 0.80838245 -0.0753797817 -0.583811359 0.80838245 -0.0753797817 -0.23693101 0.377018966 -0.895388405 -0.23693101 0.377018966 -0.895388405 -0.23693101 0.377018966 -0.895388405 -0.224915683 0.349118752 -0.909686227 -0.224915683 0.349118752 -0.909686227 -0.224915683 0.349118752 -0.909686227 -0.24555136 0.376163768 -0.893423387 -0.24555136 0.376163768 -0.893423387 -0.24555136 0.376163768 -0.893423387 -0.236404545 0.34879485 -0.906893072 -0.236404545 0.34879485 -0.906893072 -0.236404545 0.34879485 -0.906893072 -0.219750649 0.327041847 -0.919104609 -0.219750649 0.327041847 -0.919104609 -0.219750649 0.327041847 -0.919104609 -0.231136519 0.405860992 -0.884224386 -0.231136519 0.405860992 -0.884224386 -0.231136519 0.405860992 -0.884224386 -0.212055253 0.379238926 -0.900672197 -0.212055253 0.379238926 -0.900672197 -0.212055253 0.379238926 -0.900672197 -0.0366729456 0 0.999327321 -0.0366729456 0 0.999327321 -0.0366729456 0 0.999327321 -0.0362851617 -0.00119779535 0.999340759 -0.0362851617 -0.00119779535 0.999340759 -0.0362851617 -0.00119779535 0.999340759 -0.0346322246 4.44828589e-07 0.999400125 -0.0346322246 4.44828589e-07 0.999400125 -0.0346322246 4.44828589e-07 0.999400125 -0.0362843139 0.00119807104 0.999340789 -0.0362843139 0.00119807104 0.999340789 -0.0362843139 0.00119807104 0.999340789 -0.0366721868 0 0.999327349 -0.0366721868 0 0.999327349 -0.0366721868 0 0.999327349 0.060188343 0.184511775 0.980985611 0.060188343 0.184511775 0.980985611 0.060188343 0.184511775 0.980985611 0.165599591 0.50765768 0.845494208 0.165599591 0.50765768 0.845494208 0.165599591 0.50765768 0.845494208 0.164494567 0.509217827 0.844771414 0.164494567 0.509217827 0.844771414 0.164494567 0.509217827 0.844771414 0.240124912 0.743343008 0.624324594 0.240124912 0.743343008 0.624324594 0.240124912 0.743343008 0.624324594 0.241531421 0.741199594 0.626327178 0.241531421 0.741199594 0.626327178 0.241531421 0.741199594 0.626327178 0.286677083 0.879740354 0.379306154 0.286677083 0.879740354 0.379306154 0.286677083 0.879740354 0.379306154 0.285528172 0.881014832 0.377208865 0.285528172 0.881014832 0.377208865 0.285528172 0.881014832 0.377208865 0.305852744 0.943727554 0.125826877 0.305852744 0.943727554 0.125826877 0.305852744 0.943727554 0.125826877 0.306643168 0.943277728 0.127267809 0.306643168 0.943277728 0.127267809 0.306643168 0.943277728 0.127267809 0.306685744 0.943408699 -0.126189862 0.306685744 0.943408699 -0.126189862 0.306685744 0.943408699 -0.126189862 0.305781471 0.943507638 -0.127636316 0.305781471 0.943507638 -0.127636316 0.305781471 0.943507638 -0.127636316 0.285285178 0.880265059 -0.379138225 0.285285178 0.880265059 -0.379138225 0.285285178 0.880265059 -0.379138225 0.286963903 0.880620533 -0.377040045 0.286963903 0.880620533 -0.377040045 0.286963903 0.880620533 -0.377040045 0.242035702 0.742747108 -0.624295966 0.242035702 0.742747108 -0.624295966 0.242035702 0.742747108 -0.624295966 0.239640165 0.741842401 -0.626292619 0.239640165 0.741842401 -0.626292619 0.239640165 0.741842401 -0.626292619 0.164252428 0.50846825 -0.845269885 0.164252428 0.50846825 -0.845269885 0.164252428 0.50846825 -0.845269885 0.166064218 0.509082028 -0.844546129 0.166064218 0.509082028 -0.844546129 0.166064218 0.509082028 -0.844546129 0.060188343 0.184511775 -0.980985611 0.060188343 0.184511775 -0.980985611 0.060188343 0.184511775 -0.980985611 0.156860483 0.114439155 0.980968128 0.156860483 0.114439155 0.980968128 0.156860483 0.114439155 0.980968128 0.431512818 0.314814549 0.845392505 0.431512818 0.314814549 0.845392505 0.431512818 0.314814549 0.845392505 0.431511866 0.314733034 0.845423342 0.431511866 0.314733034 0.845423342 0.431511866 0.314733034 0.845423342 0.631147121 0.460341566 0.624290762 0.631147121 0.460341566 0.624290762 0.631147121 0.460341566 0.624290762 0.631061643 0.458541055 0.62570065 0.631061643 0.458541055 0.62570065 0.631061643 0.458541055 0.62570065 0.74921612 0.544394283 0.37724007 0.74921612 0.544394283 0.37724007 0.74921612 0.544394283 0.37724007 0.749331924 0.543303764 0.37857983 0.749331924 0.543303764 0.37857983 0.749331924 0.543303764 0.37857983 0.803074288 0.582269713 0.126624127 0.803074288 0.582269713 0.126624127 0.803074288 0.582269713 0.126624127 0.802610649 0.58329267 0.124843133 0.802610649 0.58329267 0.124843133 0.802610649 0.58329267 0.124843133 0.802398433 0.583138443 -0.126910644 0.802398433 0.583138443 -0.126910644 0.802398433 0.583138443 -0.126910644 0.803228534 0.582381549 -0.125122552 0.803228534 0.582381549 -0.125122552 0.803228534 0.582381549 -0.125122552 0.749738982 0.543598902 -0.377348239 0.749738982 0.543598902 -0.377348239 0.749738982 0.543598902 -0.377348239 0.74873754 0.544046537 -0.378689135 0.74873754 0.544046537 -0.378689135 0.74873754 0.544046537 -0.378689135 0.632056347 0.459263826 -0.624164651 0.632056347 0.459263826 -0.624164651 0.632056347 0.459263826 -0.624164651 0.63032105 0.459739052 -0.625568045 0.63032105 0.459739052 -0.625568045 0.63032105 0.459739052 -0.625568045 0.431538966 0.3147528 -0.845402151 0.431538966 0.3147528 -0.845402151 0.431538966 0.3147528 -0.845402151 0.431461185 0.314776879 -0.845432884 0.431461185 0.314776879 -0.845432884 0.431461185 0.314776879 -0.845432884 0.156860483 0.114439155 -0.980968128 0.156860483 0.114439155 -0.980968128 0.156860483 0.114439155 -0.980968128 0.194248371 -0 0.980952379 0.194248371 -0 0.980952379 0.194248371 -0 0.980952379 0.533877167 0 0.845562044 0.533877167 0 0.845562044 0.533877167 0 0.845562044 0.533877167 -0 0.845562044 0.533877167 -0 0.845562044 0.533877167 -0 0.845562044 0.780587793 0 0.625046156 0.780587793 0 0.625046156 0.780587793 0 0.625046156 0.780587793 -0 0.625046156 0.780587793 -0 0.625046156 0.780587793 -0 0.625046156 0.926021969 0 0.377469618 0.926021969 0 0.377469618 0.926021969 0 0.377469618 0.926021969 -0 0.377469618 0.926021969 -0 0.377469618 0.926021969 -0 0.377469618 0.992033717 0 0.125972637 0.992033717 0 0.125972637 0.992033717 0 0.125972637 0.992033717 -0 0.125972637 0.992033717 -0 0.125972637 0.992033717 -0 0.125972637 0.991991928 0 -0.126301288 0.991991928 0 -0.126301288 0.991991928 0 -0.126301288 0.991991928 0 -0.126301288 0.991991928 0 -0.126301288 0.991991928 0 -0.126301288 0.926021969 0 -0.377469618 0.926021969 0 -0.377469618 0.926021969 0 -0.377469618 0.926021969 0 -0.377469618 0.926021969 0 -0.377469618 0.926021969 0 -0.377469618 0.780868878 0 -0.624694962 0.780868878 0 -0.624694962 0.780868878 0 -0.624694962 0.780868878 0 -0.624694962 0.780868878 0 -0.624694962 0.780868878 0 -0.624694962 0.533877167 0 -0.845562044 0.533877167 0 -0.845562044 0.533877167 0 -0.845562044 0.533877167 0 -0.845562044 0.533877167 0 -0.845562044 0.533877167 0 -0.845562044 0.194248371 0 -0.980952379 0.194248371 0 -0.980952379 0.194248371 0 -0.980952379 0.157348054 -0.114077399 0.980932177 0.157348054 -0.114077399 0.980932177 0.157348054 -0.114077399 0.980932177 0.433361809 -0.314187477 0.844679686 0.433361809 -0.314187477 0.844679686 0.433361809 -0.314187477 0.844679686 0.431538976 -0.314752775 0.845402154 0.431538976 -0.314752775 0.845402154 0.431538976 -0.314752775 0.845402154 0.62942491 -0.459085385 0.626948875 0.62942491 -0.459085385 0.626948875 0.62942491 -0.459085385 0.626948875 0.631160904 -0.45861318 0.625547652 0.631160904 -0.45861318 0.625547652 0.631160904 -0.45861318 0.625547652 0.74873754 -0.544046537 0.378689135 0.74873754 -0.544046537 0.378689135 0.74873754 -0.544046537 0.378689135 0.749738982 -0.543598902 0.377348239 0.749738982 -0.543598902 0.377348239 0.749738982 -0.543598902 0.377348239 0.803415281 -0.58251695 0.12327972 0.803415281 -0.58251695 0.12327972 0.803415281 -0.58251695 0.12327972 0.801897844 -0.58390621 0.126544007 0.801897844 -0.58390621 0.126544007 0.801897844 -0.58390621 0.126544007 0.802189582 -0.58411864 -0.123682208 0.802189582 -0.58411864 -0.123682208 0.802189582 -0.58411864 -0.123682208 0.803040108 -0.58224493 -0.126954422 0.803040108 -0.58224493 -0.126954422 0.803040108 -0.58224493 -0.126954422 0.749331924 -0.543303764 -0.37857983 0.749331924 -0.543303764 -0.37857983 0.749331924 -0.543303764 -0.37857983 0.74921612 -0.544394283 -0.37724007 0.74921612 -0.544394283 -0.37724007 0.74921612 -0.544394283 -0.37724007 0.630621938 -0.458221558 -0.626377662 0.630621938 -0.458221558 -0.626377662 0.630621938 -0.458221558 -0.626377662 0.630705217 -0.460019207 -0.624974607 0.630705217 -0.460019207 -0.624974607 0.630705217 -0.460019207 -0.624974607 0.43217637 -0.315217673 -0.844903192 0.43217637 -0.315217673 -0.844903192 0.43217637 -0.315217673 -0.844903192 0.432149718 -0.313308711 -0.845626556 0.432149718 -0.313308711 -0.845626556 0.432149718 -0.313308711 -0.845626556 0.157348054 -0.114077399 -0.980932177 0.157348054 -0.114077399 -0.980932177 0.157348054 -0.114077399 -0.980932177 0.060188343 -0.184511775 0.980985611 0.060188343 -0.184511775 0.980985611 0.060188343 -0.184511775 0.980985611 0.166064218 -0.509082028 0.844546129 0.166064218 -0.509082028 0.844546129 0.166064218 -0.509082028 0.844546129 0.16585792 -0.509012236 0.844628731 0.16585792 -0.509012236 0.844628731 0.16585792 -0.509012236 0.844628731 0.241929337 -0.742472793 0.624663387 0.241929337 -0.742472793 0.624663387 0.241929337 -0.742472793 0.624663387 0.240225714 -0.741828996 0.626084137 0.240225714 -0.741828996 0.626084137 0.240225714 -0.741828996 0.626084137 0.285038222 -0.880212257 0.379446431 0.285038222 -0.880212257 0.379446431 0.285038222 -0.880212257 0.379446431 0.285285178 -0.880265059 0.379138225 0.285285178 -0.880265059 0.379138225 0.285285178 -0.880265059 0.379138225 0.305890895 -0.943845272 0.124847359 0.305890895 -0.943845272 0.124847359 0.305890895 -0.943845272 0.124847359 0.306793987 -0.943741961 0.123404054 0.306793987 -0.943741961 0.123404054 0.306793987 -0.943741961 0.123404054 0.306726878 -0.943535525 -0.125137267 0.306726878 -0.943535525 -0.125137267 0.306726878 -0.943535525 -0.125137267 0.305935553 -0.943983068 -0.123690764 0.305935553 -0.943983068 -0.123690764 0.305935553 -0.943983068 -0.123690764 0.285249371 -0.880154573 -0.379421564 0.285249371 -0.880154573 -0.379421564 0.285249371 -0.880154573 -0.379421564 0.285080274 -0.880342114 -0.379113438 0.285080274 -0.880342114 -0.379113438 0.285080274 -0.880342114 -0.379113438 0.240607509 -0.743007996 -0.624537544 0.240607509 -0.743007996 -0.624537544 0.240607509 -0.743007996 -0.624537544 0.24160743 -0.741484871 -0.625960091 0.24160743 -0.741484871 -0.625960091 0.24160743 -0.741484871 -0.625960091 0.165885715 -0.509097538 -0.84457186 0.165885715 -0.509097538 -0.84457186 0.165885715 -0.509097538 -0.84457186 0.166011256 -0.508919669 -0.844654387 0.166011256 -0.508919669 -0.844654387 0.166011256 -0.508919669 -0.844654387 0.060188343 -0.184511775 -0.980985611 0.060188343 -0.184511775 -0.980985611 0.060188343 -0.184511775 -0.980985611 -0.0601883234 -0.184511776 0.980985612 -0.0601883234 -0.184511776 0.980985612 -0.0601883234 -0.184511776 0.980985612 -0.166011215 -0.508919709 0.844654371 -0.166011215 -0.508919709 0.844654371 -0.166011215 -0.508919709 0.844654371 -0.165885701 -0.50909754 0.844571862 -0.165885701 -0.50909754 0.844571862 -0.165885701 -0.50909754 0.844571862 -0.241654922 -0.741630687 0.625768985 -0.241654922 -0.741630687 0.625768985 -0.241654922 -0.741630687 0.625768985 -0.240983323 -0.742652912 0.624814925 -0.240983323 -0.742652912 0.624814925 -0.240983323 -0.742652912 0.624814925 -0.285508009 -0.879867335 0.379892946 -0.285508009 -0.879867335 0.379892946 -0.285508009 -0.879867335 0.379892946 -0.285249343 -0.880154581 0.379421567 -0.285249343 -0.880154581 0.379421567 -0.285249343 -0.880154581 0.379421567 -0.305947884 -0.944021214 0.123368716 -0.305947884 -0.944021214 0.123368716 -0.305947884 -0.944021214 0.123368716 -0.306739521 -0.943574556 0.12481155 -0.306739521 -0.943574556 0.12481155 -0.306739521 -0.943574556 0.12481155 -0.306781543 -0.943703822 -0.123726237 -0.306781543 -0.943703822 -0.123726237 -0.306781543 -0.943703822 -0.123726237 -0.305878209 -0.943806229 -0.125173169 -0.305878209 -0.943806229 -0.125173169 -0.305878209 -0.943806229 -0.125173169 -0.285194599 -0.879985664 -0.379854278 -0.285194599 -0.879985664 -0.379854278 -0.285194599 -0.879985664 -0.379854278 -0.285572538 -0.880066197 -0.379383466 -0.285572538 -0.880066197 -0.379383466 -0.285572538 -0.880066197 -0.379383466 -0.2408715 -0.7423083 -0.62526739 -0.2408715 -0.7423083 -0.62526739 -0.2408715 -0.7423083 -0.62526739 -0.242016328 -0.742739829 -0.624312136 -0.242016328 -0.742739829 -0.624312136 -0.242016328 -0.742739829 -0.624312136 -0.165857912 -0.509012256 -0.844628721 -0.165857912 -0.509012256 -0.844628721 -0.165857912 -0.509012256 -0.844628721 -0.166064165 -0.509082033 -0.844546137 -0.166064165 -0.509082033 -0.844546137 -0.166064165 -0.509082033 -0.844546137 -0.0601883234 -0.184511776 -0.980985612 -0.0601883234 -0.184511776 -0.980985612 -0.0601883234 -0.184511776 -0.980985612 -0.15734807 -0.114077351 0.98093218 -0.15734807 -0.114077351 0.98093218 -0.15734807 -0.114077351 0.98093218 -0.432149716 -0.313308544 0.845626619 -0.432149716 -0.313308544 0.845626619 -0.432149716 -0.313308544 0.845626619 -0.432176371 -0.315217717 0.844903175 -0.432176371 -0.315217717 0.844903175 -0.432176371 -0.315217717 0.844903175 -0.630477929 -0.459853493 0.625325792 -0.630477929 -0.459853493 0.625325792 -0.630477929 -0.459853493 0.625325792 -0.630467218 -0.459621186 0.625507356 -0.630467218 -0.459621186 0.625507356 -0.630467218 -0.459621186 0.625507356 -0.748416295 -0.545608043 0.377074148 -0.748416295 -0.545608043 0.377074148 -0.748416295 -0.545608043 0.377074148 -0.748707479 -0.54285101 0.380460104 -0.748707479 -0.54285101 0.380460104 -0.748707479 -0.54285101 0.380460104 -0.803074288 -0.582269713 0.126624127 -0.803074288 -0.582269713 0.126624127 -0.803074288 -0.582269713 0.126624127 -0.802222004 -0.584142201 0.123360222 -0.802222004 -0.584142201 0.123360222 -0.802222004 -0.584142201 0.123360222 -0.80186378 -0.583881359 -0.126874101 -0.80186378 -0.583881359 -0.126874101 -0.80186378 -0.583881359 -0.126874101 -0.803382863 -0.582493445 -0.12360163 -0.803382863 -0.582493445 -0.12360163 -0.803382863 -0.582493445 -0.12360163 -0.749739001 -0.543598916 -0.377348181 -0.749739001 -0.543598916 -0.377348181 -0.749739001 -0.543598916 -0.377348181 -0.747206299 -0.544725935 -0.380731405 -0.747206299 -0.544725935 -0.380731405 -0.747206299 -0.544725935 -0.380731405 -0.630793495 -0.459859047 -0.625003379 -0.630793495 -0.459859047 -0.625003379 -0.630793495 -0.459859047 -0.625003379 -0.63056908 -0.459919976 -0.625184973 -0.63056908 -0.459919976 -0.625184973 -0.63056908 -0.459919976 -0.625184973 -0.431538906 -0.314752768 -0.845402193 -0.431538906 -0.314752768 -0.845402193 -0.431538906 -0.314752768 -0.845402193 -0.43336194 -0.314187407 -0.844679645 -0.43336194 -0.314187407 -0.844679645 -0.43336194 -0.314187407 -0.844679645 -0.15734807 -0.114077351 -0.98093218 -0.15734807 -0.114077351 -0.98093218 -0.15734807 -0.114077351 -0.98093218 -0.194248371 0 0.980952379 -0.194248371 0 0.980952379 -0.194248371 0 0.980952379 -0.533877082 0 0.845562098 -0.533877082 0 0.845562098 -0.533877082 0 0.845562098 -0.533877082 0 0.845562098 -0.533877082 0 0.845562098 -0.533877082 0 0.845562098 -0.78058775 0 0.625046209 -0.78058775 0 0.625046209 -0.78058775 0 0.625046209 -0.78058775 0 0.625046209 -0.78058775 0 0.625046209 -0.78058775 0 0.625046209 -0.926021998 0 0.377469547 -0.926021998 0 0.377469547 -0.926021998 0 0.377469547 -0.926021998 0 0.377469547 -0.926021998 0 0.377469547 -0.926021998 0 0.377469547 -0.992033717 0 0.125972637 -0.992033717 0 0.125972637 -0.992033717 0 0.125972637 -0.992033717 0 0.125972637 -0.992033717 0 0.125972637 -0.992033717 0 0.125972637 -0.991991928 0 -0.126301288 -0.991991928 0 -0.126301288 -0.991991928 0 -0.126301288 -0.991991928 -0 -0.126301288 -0.991991928 -0 -0.126301288 -0.991991928 -0 -0.126301288 -0.926021998 0 -0.377469547 -0.926021998 0 -0.377469547 -0.926021998 0 -0.377469547 -0.926021998 -0 -0.377469547 -0.926021998 -0 -0.377469547 -0.926021998 -0 -0.377469547 -0.780868835 0 -0.624695015 -0.780868835 0 -0.624695015 -0.780868835 0 -0.624695015 -0.780868835 -0 -0.624695015 -0.780868835 -0 -0.624695015 -0.780868835 -0 -0.624695015 -0.533877082 0 -0.845562098 -0.533877082 0 -0.845562098 -0.533877082 0 -0.845562098 -0.533877082 -0 -0.845562098 -0.533877082 -0 -0.845562098 -0.533877082 -0 -0.845562098 -0.194248371 0 -0.980952379 -0.194248371 0 -0.980952379 -0.194248371 0 -0.980952379 -0.156860499 0.114439106 0.980968131 -0.156860499 0.114439106 0.980968131 -0.156860499 0.114439106 0.980968131 -0.431461317 0.31477681 0.845432843 -0.431461317 0.31477681 0.845432843 -0.431461317 0.31477681 0.845432843 -0.431538896 0.314752792 0.845402189 -0.431538896 0.314752792 0.845402189 -0.431538896 0.314752792 0.845402189 -0.631010789 0.460242193 0.624501808 -0.631010789 0.460242193 0.624501808 -0.631010789 0.460242193 0.624501808 -0.631235256 0.460181098 0.624319957 -0.631235256 0.460181098 0.624319957 -0.631235256 0.460181098 0.624319957 -0.747206299 0.544725935 0.380731405 -0.747206299 0.544725935 0.380731405 -0.747206299 0.544725935 0.380731405 -0.749739001 0.543598916 0.377348181 -0.749739001 0.543598916 0.377348181 -0.749739001 0.543598916 0.377348181 -0.803261736 0.582405622 0.124796934 -0.803261736 0.582405622 0.124796934 -0.803261736 0.582405622 0.124796934 -0.802432584 0.583163215 0.126580461 -0.802432584 0.583163215 0.126580461 -0.802432584 0.583163215 0.126580461 -0.802577459 0.583268502 -0.125168993 -0.802577459 0.583268502 -0.125168993 -0.802577459 0.583268502 -0.125168993 -0.803040108 0.58224493 -0.126954422 -0.803040108 0.58224493 -0.126954422 -0.803040108 0.58224493 -0.126954422 -0.748707479 0.54285101 -0.380460104 -0.748707479 0.54285101 -0.380460104 -0.748707479 0.54285101 -0.380460104 -0.748416295 0.545608043 -0.377074148 -0.748416295 0.545608043 -0.377074148 -0.748416295 0.545608043 -0.377074148 -0.631363051 0.460274263 -0.624122024 -0.631363051 0.460274263 -0.624122024 -0.631363051 0.460274263 -0.624122024 -0.63137379 0.460506956 -0.623939484 -0.63137379 0.460506956 -0.623939484 -0.63137379 0.460506956 -0.623939484 -0.431511867 0.314733078 -0.845423325 -0.431511867 0.314733078 -0.845423325 -0.431511867 0.314733078 -0.845423325 -0.431512816 0.314814382 -0.845392568 -0.431512816 0.314814382 -0.845392568 -0.431512816 0.314814382 -0.845392568 -0.156860499 0.114439106 -0.980968131 -0.156860499 0.114439106 -0.980968131 -0.156860499 0.114439106 -0.980968131 -0.0601883234 0.184511776 0.980985612 -0.0601883234 0.184511776 0.980985612 -0.0601883234 0.184511776 0.980985612 -0.166064165 0.509082033 0.844546137 -0.166064165 0.509082033 0.844546137 -0.166064165 0.509082033 0.844546137 -0.16425242 0.508468269 0.845269875 -0.16425242 0.508468269 0.845269875 -0.16425242 0.508468269 0.845269875 -0.239553442 0.741574001 0.626643559 -0.239553442 0.741574001 0.626643559 -0.239553442 0.741574001 0.626643559 -0.242511683 0.742692075 0.62417671 -0.242511683 0.742692075 0.62417671 -0.242511683 0.742692075 0.62417671 -0.287501182 0.880472424 0.376976632 -0.287501182 0.880472424 0.376976632 -0.287501182 0.880472424 0.376976632 -0.285194599 0.879985664 0.379854278 -0.285194599 0.879985664 0.379854278 -0.285194599 0.879985664 0.379854278 -0.305794597 0.943548238 0.127304306 -0.305794597 0.943548238 0.127304306 -0.305794597 0.943548238 0.127304306 -0.306698598 0.943448382 0.125861515 -0.306698598 0.943448382 0.125861515 -0.306698598 0.943448382 0.125861515 -0.306629942 0.943237185 -0.127599729 -0.306629942 0.943237185 -0.127599729 -0.306629942 0.943237185 -0.127599729 -0.305839859 0.943687899 -0.126155183 -0.305839859 0.943687899 -0.126155183 -0.305839859 0.943687899 -0.126155183 -0.285528145 0.88101484 -0.377208869 -0.285528145 0.88101484 -0.377208869 -0.285528145 0.88101484 -0.377208869 -0.287106024 0.879262253 -0.380089493 -0.287106024 0.879262253 -0.380089493 -0.287106024 0.879262253 -0.380089493 -0.242082981 0.741379177 -0.625901547 -0.242082981 0.741379177 -0.625901547 -0.242082981 0.741379177 -0.625901547 -0.240343916 0.744021032 -0.623432038 -0.240343916 0.744021032 -0.623432038 -0.240343916 0.744021032 -0.623432038 -0.164494553 0.509217828 -0.844771416 -0.164494553 0.509217828 -0.844771416 -0.164494553 0.509217828 -0.844771416 -0.16559955 0.50765772 -0.845494192 -0.16559955 0.50765772 -0.845494192 -0.16559955 0.50765772 -0.845494192 -0.0601883234 0.184511776 -0.980985612 -0.0601883234 0.184511776 -0.980985612 -0.0601883234 0.184511776 -0.980985612</float_array><technique_common><accessor source="#part0-normals-array" count="3060" stride="3"><param name="X" type="float" /><param name="Y" type="float" /><param name="Z" type="float" /></accessor></technique_common></source><vertices id="part0-vertices"><input semantic="POSITION" source="#part0-positions" /></vertices><triangles count="1020" material="material"><input semantic="VERTEX" source="#part0-vertices" offset="0" /><input semantic="NORMAL" source="#part0-normals" offset="0" /><p>0 1 2 3 4 5 6 7 8 9 10 11 12 13 14 15 16 17 18 19 20 21 22 23 24 25 26 27 28 29 30 31 32 33 34 35 36 37 38 39 40 41 42 43 44 45 46 47 48 49 50 51 52 53 54 55 56 57 58 59 60 61 62 63 64 65 66 67 68 69 70 71 72 73 74 75 76 77 78 79 80 81 82 83 84 85 86 87 88 89 90 91 92 93 94 95 96 97 98 99 100 101 102 103 104 105 106 107 108 109 110 111 112 113 114 115 116 117 118 119 120 121 122 123 124 125 126 127 128 129 130 131 132 133 134 135 136 137 138 139 140 141 142 143 144 145 146 147 148 149 150 151 152 153 154 155 156 157 158 159 160 161 162 163 164 165 166 167 168 169 170 171 172 173 174 175 176 177 178 179 180 181 182 183 184 185 186 187 188 189 190 191 192 193 194 195 196 197 198 199 200 201 202 203 204 205 206 207 208 209 210 211 212 213 214 215 216 217 218 219 220 221 222 223 224 225 226 227 228 229 230 231 232 233 234 235 236 237 238 239 240 241 242 243 244 245 246 247 248 249 250 251 252 253 254 255 256 257 258 259 260 261 262 263 264 265 266 267 268 269 270 271 272 273 274 275 276 277 278 279 280 281 282 283 284 285 286 287 288 289 290 291 292 293 294 295 296 297 298 299 300 301 302 303 304 305 306 307 308 309 310 311 312 313 314 315 316 317 318 319 320 321 322 323 324 325 326 327 328 329 330 331 332 333 334 335 336 337 338 339 340 341 342 343 344 345 346 347 348 349 350 351 352 353 354 355 356 357 358 359 360 361 362 363 364 365 366 367 368 369 370 371 372 373 374 375 376 377 378 379 380 381 382 383 384 385 386 387 388 389 390 391 392 393 394 395 396 397 398 399 400 401 402 403 404 405 406 407 408 409 410 411 412 413 414 415 416 417 418 419 420 421 422 423 424 425 426 427 428 429 430 431 432 433 434 435 436 437 438 439 440 441 442 443 444 445 446 447 448 449 450 451 452 453 454 455 456 457 458 459 460 461 462 463 464 465 466 467 468 469 470 471 472 473 474 475 476 477 478 479 480 481 482 483 484 485 486 487 488 489 490 491 492 493 494 495 496 497 498 499 500 501 502 503 504 505 506 507 508 509 510 511 512 513 514 515 516 517 518 519 520 521 522 523 524 525 526 527 528 529 530 531 532 533 534 535 536 537 538 539 540 541 542 543 544 545 546 547 548 549 550 551 552 553 554 555 556 557 558 559 560 561 562 563 564 565 566 567 568 569 570 571 572 573 574 575 576 577 578 579 580 581 582 583 584 585 586 587 588 589 590 591 592 593 594 595 596 597 598 599 600 601 602 603 604 605 606 607 608 609 610 611 612 613 614 615 616 617 618 619 620 621 622 623 624 625 626 627 628 629 630 631 632 633 634 635 636 637 638 639 640 641 642 643 644 645 646 647 648 649 650 651 652 653 654 655 656 657 658 659 660 661 662 663 664 665 666 667 668 669 670 671 672 673 674 675 676 677 678 679 680 681 682 683 684 685 686 687 688 689 690 691 692 693 694 695 696 697 698 699 700 701 702 703 704 705 706 707 708 709 710 711 712 713 714 715 716 717 718 719 720 721 722 723 724 725 726 727 728 729 730 731 732 733 734 735 736 737 738 739 740 741 742 743 744 745 746 747 748 749 750 751 752 753 754 755 756 757 758 759 760 761 762 763 764 765 766 767 768 769 770 771 772 773 774 775 776 777 778 779 780 781 782 783 784 785 786 787 788 789 790 791 792 793 794 795 796 797 798 799 800 801 802 803 804 805 806 807 808 809 810 811 812 813 814 815 816 817 818 819 820 821 822 823 824 825 826 827 828 829 830 831 832 833 834 835 836 837 838 839 840 841 842 843 844 845 846 847 848 849 850 851 852 853 854 855 856 857 858 859 860 861 862 863 864 865 866 867 868 869 870 871 872 873 874 875 876 877 878 879 880 881 882 883 884 885 886 887 888 889 890 891 892 893 894 895 896 897 898 899 900 901 902 903 904 905 906 907 908 909 910 911 912 913 914 915 916 917 918 919 920 921 922 923 924 925 926 927 928 929 930 931 932 933 934 935 936 937 938 939 940 941 942 943 944 945 946 947 948 949 950 951 952 953 954 955 956 957 958 959 960 961 962 963 964 965 966 967 968 969 970 971 972 973 974 975 976 977 978 979 980 981 982 983 984 985 986 987 988 989 990 991 992 993 994 995 996 997 998 999 1000 1001 1002 1003 1004 1005 1006 1007 1008 1009 1010 1011 1012 1013 1014 1015 1016 1017 1018 1019 1020 1021 1022 1023 1024 1025 1026 1027 1028 1029 1030 1031 1032 1033 1034 1035 1036 1037 1038 1039 1040 1041 1042 1043 1044 1045 1046 1047 1048 1049 1050 1051 1052 1053 1054 1055 1056 1057 1058 1059 1060 1061 1062 1063 1064 1065 1066 1067 1068 1069 1070 1071 1072 1073 1074 1075 1076 1077 1078 1079 1080 1081 1082 1083 1084 1085 1086 1087 1088 1089 1090 1091 1092 1093 1094 1095 1096 1097 1098 1099 1100 1101 1102 1103 1104 1105 1106 1107 1108 1109 1110 1111 1112 1113 1114 1115 1116 1117 1118 1119 1120 1121 1122 1123 1124 1125 1126 1127 1128 1129 1130 1131 1132 1133 1134 1135 1136 1137 1138 1139 1140 1141 1142 1143 1144 1145 1146 1147 1148 1149 1150 1151 1152 1153 1154 1155 1156 1157 1158 1159 1160 1161 1162 1163 1164 1165 1166 1167 1168 1169 1170 1171 1172 1173 1174 1175 1176 1177 1178 1179 1180 1181 1182 1183 1184 1185 1186 1187 1188 1189 1190 1191 1192 1193 1194 1195 1196 1197 1198 1199 1200 1201 1202 1203 1204 1205 1206 1207 1208 1209 1210 1211 1212 1213 1214 1215 1216 1217 1218 1219 1220 1221 1222 1223 1224 1225 1226 1227 1228 1229 1230 1231 1232 1233 1234 1235 1236 1237 1238 1239 1240 1241 1242 1243 1244 1245 1246 1247 1248 1249 1250 1251 1252 1253 1254 1255 1256 1257 1258 1259 1260 1261 1262 1263 1264 1265 1266 1267 1268 1269 1270 1271 1272 1273 1274 1275 1276 1277 1278 1279 1280 1281 1282 1283 1284 1285 1286 1287 1288 1289 1290 1291 1292 1293 1294 1295 1296 1297 1298 1299 1300 1301 1302 1303 1304 1305 1306 1307 1308 1309 1310 1311 1312 1313 1314 1315 1316 1317 1318 1319 1320 1321 1322 1323 1324 1325 1326 1327 1328 1329 1330 1331 1332 1333 1334 1335 1336 1337 1338 1339 1340 1341 1342 1343 1344 1345 1346 1347 1348 1349 1350 1351 1352 1353 1354 1355 1356 1357 1358 1359 1360 1361 1362 1363 1364 1365 1366 1367 1368 1369 1370 1371 1372 1373 1374 1375 1376 1377 1378 1379 1380 1381 1382 1383 1384 1385 1386 1387 1388 1389 1390 1391 1392 1393 1394 1395 1396 1397 1398 1399 1400 1401 1402 1403 1404 1405 1406 1407 1408 1409 1410 1411 1412 1413 1414 1415 1416 1417 1418 1419 1420 1421 1422 1423 1424 1425 1426 1427 1428 1429 1430 1431 1432 1433 1434 1435 1436 1437 1438 1439 1440 1441 1442 1443 1444 1445 1446 1447 1448 1449 1450 1451 1452 1453 1454 1455 1456 1457 1458 1459 1460 1461 1462 1463 1464 1465 1466 1467 1468 1469 1470 1471 1472 1473 1474 1475 1476 1477 1478 1479 1480 1481 1482 1483 1484 1485 1486 1487 1488 1489 1490 1491 1492 1493 1494 1495 1496 1497 1498 1499 1500 1501 1502 1503 1504 1505 1506 1507 1508 1509 1510 1511 1512 1513 1514 1515 1516 1517 1518 1519 1520 1521 1522 1523 1524 1525 1526 1527 1528 1529 1530 1531 1532 1533 1534 1535 1536 1537 1538 1539 1540 1541 1542 1543 1544 1545 1546 1547 1548 1549 1550 1551 1552 1553 1554 1555 1556 1557 1558 1559 1560 1561 1562 1563 1564 1565 1566 1567 1568 1569 1570 1571 1572 1573 1574 1575 1576 1577 1578 1579 1580 1581 1582 1583 1584 1585 1586 1587 1588 1589 1590 1591 1592 1593 1594 1595 1596 1597 1598 1599 1600 1601 1602 1603 1604 1605 1606 1607 1608 1609 1610 1611 1612 1613 1614 1615 1616 1617 1618 1619 1620 1621 1622 1623 1624 1625 1626 1627 1628 1629 1630 1631 1632 1633 1634 1635 1636 1637 1638 1639 1640 1641 1642 1643 1644 1645 1646 1647 1648 1649 1650 1651 1652 1653 1654 1655 1656 1657 1658 1659 1660 1661 1662 1663 1664 1665 1666 1667 1668 1669 1670 1671 1672 1673 1674 1675 1676 1677 1678 1679 1680 1681 1682 1683 1684 1685 1686 1687 1688 1689 1690 1691 1692 1693 1694 1695 1696 1697 1698 1699 1700 1701 1702 1703 1704 1705 1706 1707 1708 1709 1710 1711 1712 1713 1714 1715 1716 1717 1718 1719 1720 1721 1722 1723 1724 1725 1726 1727 1728 1729 1730 1731 1732 1733 1734 1735 1736 1737 1738 1739 1740 1741 1742 1743 1744 1745 1746 1747 1748 1749 1750 1751 1752 1753 1754 1755 1756 1757 1758 1759 1760 1761 1762 1763 1764 1765 1766 1767 1768 1769 1770 1771 1772 1773 1774 1775 1776 1777 1778 1779 1780 1781 1782 1783 1784 1785 1786 1787 1788 1789 1790 1791 1792 1793 1794 1795 1796 1797 1798 1799 1800 1801 1802 1803 1804 1805 1806 1807 1808 1809 1810 1811 1812 1813 1814 1815 1816 1817 1818 1819 1820 1821 1822 1823 1824 1825 1826 1827 1828 1829 1830 1831 1832 1833 1834 1835 1836 1837 1838 1839 1840 1841 1842 1843 1844 1845 1846 1847 1848 1849 1850 1851 1852 1853 1854 1855 1856 1857 1858 1859 1860 1861 1862 1863 1864 1865 1866 1867 1868 1869 1870 1871 1872 1873 1874 1875 1876 1877 1878 1879 1880 1881 1882 1883 1884 1885 1886 1887 1888 1889 1890 1891 1892 1893 1894 1895 1896 1897 1898 1899 1900 1901 1902 1903 1904 1905 1906 1907 1908 1909 1910 1911 1912 1913 1914 1915 1916 1917 1918 1919 1920 1921 1922 1923 1924 1925 1926 1927 1928 1929 1930 1931 1932 1933 1934 1935 1936 1937 1938 1939 1940 1941 1942 1943 1944 1945 1946 1947 1948 1949 1950 1951 1952 1953 1954 1955 1956 1957 1958 1959 1960 1961 1962 1963 1964 1965 1966 1967 1968 1969 1970 1971 1972 1973 1974 1975 1976 1977 1978 1979 1980 1981 1982 1983 1984 1985 1986 1987 1988 1989 1990 1991 1992 1993 1994 1995 1996 1997 1998 1999 2000 2001 2002 2003 2004 2005 2006 2007 2008 2009 2010 2011 2012 2013 2014 2015 2016 2017 2018 2019 2020 2021 2022 2023 2024 2025 2026 2027 2028 2029 2030 2031 2032 2033 2034 2035 2036 2037 2038 2039 2040 2041 2042 2043 2044 2045 2046 2047 2048 2049 2050 2051 2052 2053 2054 2055 2056 2057 2058 2059 2060 2061 2062 2063 2064 2065 2066 2067 2068 2069 2070 2071 2072 2073 2074 2075 2076 2077 2078 2079 2080 2081 2082 2083 2084 2085 2086 2087 2088 2089 2090 2091 2092 2093 2094 2095 2096 2097 2098 2099 2100 2101 2102 2103 2104 2105 2106 2107 2108 2109 2110 2111 2112 2113 2114 2115 2116 2117 2118 2119 2120 2121 2122 2123 2124 2125 2126 2127 2128 2129 2130 2131 2132 2133 2134 2135 2136 2137 2138 2139 2140 2141 2142 2143 2144 2145 2146 2147 2148 2149 2150 2151 2152 2153 2154 2155 2156 2157 2158 2159 2160 2161 2162 2163 2164 2165 2166 2167 2168 2169 2170 2171 2172 2173 2174 2175 2176 2177 2178 2179 2180 2181 2182 2183 2184 2185 2186 2187 2188 2189 2190 2191 2192 2193 2194 2195 2196 2197 2198 2199 2200 2201 2202 2203 2204 2205 2206 2207 2208 2209 2210 2211 2212 2213 2214 2215 2216 2217 2218 2219 2220 2221 2222 2223 2224 2225 2226 2227 2228 2229 2230 2231 2232 2233 2234 2235 2236 2237 2238 2239 2240 2241 2242 2243 2244 2245 2246 2247 2248 2249 2250 2251 2252 2253 2254 2255 2256 2257 2258 2259 2260 2261 2262 2263 2264 2265 2266 2267 2268 2269 2270 2271 2272 2273 2274 2275 2276 2277 2278 2279 2280 2281 2282 2283 2284 2285 2286 2287 2288 2289 2290 2291 2292 2293 2294 2295 2296 2297 2298 2299 2300 2301 2302 2303 2304 2305 2306 2307 2308 2309 2310 2311 2312 2313 2314 2315 2316 2317 2318 2319 2320 2321 2322 2323 2324 2325 2326 2327 2328 2329 2330 2331 2332 2333 2334 2335 2336 2337 2338 2339 2340 2341 2342 2343 2344 2345 2346 2347 2348 2349 2350 2351 2352 2353 2354 2355 2356 2357 2358 2359 2360 2361 2362 2363 2364 2365 2366 2367 2368 2369 2370 2371 2372 2373 2374 2375 2376 2377 2378 2379 2380 2381 2382 2383 2384 2385 2386 2387 2388 2389 2390 2391 2392 2393 2394 2395 2396 2397 2398 2399 2400 2401 2402 2403 2404 2405 2406 2407 2408 2409 2410 2411 2412 2413 2414 2415 2416 2417 2418 2419 2420 2421 2422 2423 2424 2425 2426 2427 2428 2429 2430 2431 2432 2433 2434 2435 2436 2437 2438 2439 2440 2441 2442 2443 2444 2445 2446 2447 2448 2449 2450 2451 2452 2453 2454 2455 2456 2457 2458 2459 2460 2461 2462 2463 2464 2465 2466 2467 2468 2469 2470 2471 2472 2473 2474 2475 2476 2477 2478 2479 2480 2481 2482 2483 2484 2485 2486 2487 2488 2489 2490 2491 2492 2493 2494 2495 2496 2497 2498 2499 2500 2501 2502 2503 2504 2505 2506 2507 2508 2509 2510 2511 2512 2513 2514 2515 2516 2517 2518 2519 2520 2521 2522 2523 2524 2525 2526 2527 2528 2529 2530 2531 2532 2533 2534 2535 2536 2537 2538 2539 2540 2541 2542 2543 2544 2545 2546 2547 2548 2549 2550 2551 2552 2553 2554 2555 2556 2557 2558 2559 2560 2561 2562 2563 2564 2565 2566 2567 2568 2569 2570 2571 2572 2573 2574 2575 2576 2577 2578 2579 2580 2581 2582 2583 2584 2585 2586 2587 2588 2589 2590 2591 2592 2593 2594 2595 2596 2597 2598 2599 2600 2601 2602 2603 2604 2605 2606 2607 2608 2609 2610 2611 2612 2613 2614 2615 2616 2617 2618 2619 2620 2621 2622 2623 2624 2625 2626 2627 2628 2629 2630 2631 2632 2633 2634 2635 2636 2637 2638 2639 2640 2641 2642 2643 2644 2645 2646 2647 2648 2649 2650 2651 2652 2653 2654 2655 2656 2657 2658 2659 2660 2661 2662 2663 2664 2665 2666 2667 2668 2669 2670 2671 2672 2673 2674 2675 2676 2677 2678 2679 2680 2681 2682 2683 2684 2685 2686 2687 2688 2689 2690 2691 2692 2693 2694 2695 2696 2697 2698 2699 2700 2701 2702 2703 2704 2705 2706 2707 2708 2709 2710 2711 2712 2713 2714 2715 2716 2717 2718 2719 2720 2721 2722 2723 2724 2725 2726 2727 2728 2729 2730 2731 2732 2733 2734 2735 2736 2737 2738 2739 2740 2741 2742 2743 2744 2745 2746 2747 2748 2749 2750 2751 2752 2753 2754 2755 2756 2757 2758 2759 2760 2761 2762 2763 2764 2765 2766 2767 2768 2769 2770 2771 2772 2773 2774 2775 2776 2777 2778 2779 2780 2781 2782 2783 2784 2785 2786 2787 2788 2789 2790 2791 2792 2793 2794 2795 2796 2797 2798 2799 2800 2801 2802 2803 2804 2805 2806 2807 2808 2809 2810 2811 2812 2813 2814 2815 2816 2817 2818 2819 2820 2821 2822 2823 2824 2825 2826 2827 2828 2829 2830 2831 2832 2833 2834 2835 2836 2837 2838 2839 2840 2841 2842 2843 2844 2845 2846 2847 2848 2849 2850 2851 2852 2853 2854 2855 2856 2857 2858 2859 2860 2861 2862 2863 2864 2865 2866 2867 2868 2869 2870 2871 2872 2873 2874 2875 2876 2877 2878 2879 2880 2881 2882 2883 2884 2885 2886 2887 2888 2889 2890 2891 2892 2893 2894 2895 2896 2897 2898 2899 2900 2901 2902 2903 2904 2905 2906 2907 2908 2909 2910 2911 2912 2913 2914 2915 2916 2917 2918 2919 2920 2921 2922 2923 2924 2925 2926 2927 2928 2929 2930 2931 2932 2933 2934 2935 2936 2937 2938 2939 2940 2941 2942 2943 2944 2945 2946 2947 2948 2949 2950 2951 2952 2953 2954 2955 2956 2957 2958 2959 2960 2961 2962 2963 2964 2965 2966 2967 2968 2969 2970 2971 2972 2973 2974 2975 2976 2977 2978 2979 2980 2981 2982 2983 2984 2985 2986 2987 2988 2989 2990 2991 2992 2993 2994 2995 2996 2997 2998 2999 3000 3001 3002 3003 3004 3005 3006 3007 3008 3009 3010 3011 3012 3013 3014 3015 3016 3017 3018 3019 3020 3021 3022 3023 3024 3025 3026 3027 3028 3029 3030 3031 3032 3033 3034 3035 3036 3037 3038 3039 3040 3041 3042 3043 3044 3045 3046 3047 3048 3049 3050 3051 3052 3053 3054 3055 3056 3057 3058 3059</p></triangles></mesh></geometry><geometry id="part1"><mesh><source id="part1-positions"><float_array id="part1-positions-array" count="2268">0.128670863 0 -0.0180458192 0.129881566 0.0175840977 -0.0204768599 0.128670863 0.019519678 -0.0204768599 0.128670863 0.019519678 -0.0204768599 0.129881566 0.0175840977 -0.0204768599 0.130968884 0.0334562468 -0.0275251541 0.128670863 0.019519678 -0.0204768599 0.130968884 0.0334562468 -0.0275251541 0.128670863 0.0371346225 -0.0275251541 0.128670863 0.0371346225 -0.0275251541 0.130968884 0.0334562468 -0.0275251541 0.131840281 0.0460413789 -0.0385082248 0.128670863 0.0371346225 -0.0275251541 0.131840281 0.0460413789 -0.0385082248 0.128670863 0.0511097475 -0.0385082248 0.128670863 0.0511097475 -0.0385082248 0.131840281 0.0460413789 -0.0385082248 0.132395507 0.0541326488 -0.0523445446 0.128670863 0.0511097475 -0.0385082248 0.132395507 0.0541326488 -0.0523445446 0.128670863 0.0600781977 -0.0523445446 0.128670863 0.0600781977 -0.0523445446 0.132395507 0.0541326488 -0.0523445446 0.132588294 0.0569164903 -0.0676826742 0.128670863 0.0600781977 -0.0523445446 0.132588294 0.0569164903 -0.0676826742 0.128670863 0.0631705001 -0.0676826742 0.128670863 0.0631705001 -0.0676826742 0.132588294 0.0569164903 -0.0676826742 0.132395507 0.0541326488 -0.0830208037 0.128670863 0.0631705001 -0.0676826742 0.132395507 0.0541326488 -0.0830208037 0.128670863 0.0600781977 -0.0830208037 0.128670863 0.0600781977 -0.0830208037 0.132395507 0.0541326488 -0.0830208037 0.131840281 0.0460413789 -0.0968571235 0.128670863 0.0600781977 -0.0830208037 0.131840281 0.0460413789 -0.0968571235 0.128670863 0.0511097475 -0.0968571235 0.128670863 0.0511097475 -0.0968571235 0.131840281 0.0460413789 -0.0968571235 0.130968884 0.0334562468 -0.107840194 0.128670863 0.0511097475 -0.0968571235 0.130968884 0.0334562468 -0.107840194 0.128670863 0.0371346225 -0.107840194 0.128670863 0.0371346225 -0.107840194 0.130968884 0.0334562468 -0.107840194 0.129881566 0.0175840977 -0.114888488 0.128670863 0.0371346225 -0.107840194 0.129881566 0.0175840977 -0.114888488 0.128670863 0.019519678 -0.114888488 0.128670863 0.019519678 -0.114888488 0.129881566 0.0175840977 -0.114888488 0.128670863 0 -0.117319529 0.128670863 0 -0.0180458192 0.130853212 0.0121687128 -0.0204768599 0.129881566 0.0175840977 -0.0204768599 0.129881566 0.0175840977 -0.0204768599 0.130853212 0.0121687128 -0.0204768599 0.132819639 0.0231517843 -0.0275251541 0.129881566 0.0175840977 -0.0204768599 0.132819639 0.0231517843 -0.0275251541 0.130968884 0.0334562468 -0.0275251541 0.130968884 0.0334562468 -0.0275251541 0.132819639 0.0231517843 -0.0275251541 0.134377357 0.0318676818 -0.0385082248 0.130968884 0.0334562468 -0.0275251541 0.134377357 0.0318676818 -0.0385082248 0.131840281 0.0460413789 -0.0385082248 0.131840281 0.0460413789 -0.0385082248 0.134377357 0.0318676818 -0.0385082248 0.135379849 0.037458506 -0.0523445446 0.131840281 0.0460413789 -0.0385082248 0.135379849 0.037458506 -0.0523445446 0.132395507 0.0541326488 -0.0523445446 0.132395507 0.0541326488 -0.0523445446 0.135379849 0.037458506 -0.0523445446 0.135726866 0.0393863731 -0.0676826742 0.132395507 0.0541326488 -0.0523445446 0.135726866 0.0393863731 -0.0676826742 0.132588294 0.0569164903 -0.0676826742 0.132588294 0.0569164903 -0.0676826742 0.135726866 0.0393863731 -0.0676826742 0.135379849 0.037458506 -0.0830208037 0.132588294 0.0569164903 -0.0676826742 0.135379849 0.037458506 -0.0830208037 0.132395507 0.0541326488 -0.0830208037 0.132395507 0.0541326488 -0.0830208037 0.135379849 0.037458506 -0.0830208037 0.134377357 0.0318676818 -0.0968571235 0.132395507 0.0541326488 -0.0830208037 0.134377357 0.0318676818 -0.0968571235 0.131840281 0.0460413789 -0.0968571235 0.131840281 0.0460413789 -0.0968571235 0.134377357 0.0318676818 -0.0968571235 0.132819639 0.0231517843 -0.107840194 0.131840281 0.0460413789 -0.0968571235 0.132819639 0.0231517843 -0.107840194 0.130968884 0.0334562468 -0.107840194 0.130968884 0.0334562468 -0.107840194 0.132819639 0.0231517843 -0.107840194 0.130853212 0.0121687128 -0.114888488 0.130968884 0.0334562468 -0.107840194 0.130853212 0.0121687128 -0.114888488 0.129881566 0.0175840977 -0.114888488 0.129881566 0.0175840977 -0.114888488 0.130853212 0.0121687128 -0.114888488 0.128670863 0 -0.117319529 0.128670863 0 -0.0180458192 0.131393015 0.00434156236 -0.0204768599 0.130853212 0.0121687128 -0.0204768599 0.130853212 0.0121687128 -0.0204768599 0.131393015 0.00434156236 -0.0204768599 0.133845265 0.00825899319 -0.0275251541 0.130853212 0.0121687128 -0.0204768599 0.133845265 0.00825899319 -0.0275251541 0.132819639 0.0231517843 -0.0275251541 0.132819639 0.0231517843 -0.0275251541 0.133845265 0.00825899319 -0.0275251541 0.135788558 0.0113744303 -0.0385082248 0.132819639 0.0231517843 -0.0275251541 0.135788558 0.0113744303 -0.0385082248 0.134377357 0.0318676818 -0.0385082248 0.134377357 0.0318676818 -0.0385082248 0.135788558 0.0113744303 -0.0385082248 0.137037817 0.0133639912 -0.0523445446 0.134377357 0.0318676818 -0.0385082248 0.137037817 0.0133639912 -0.0523445446 0.135379849 0.037458506 -0.0523445446 0.135379849 0.037458506 -0.0523445446 0.137037817 0.0133639912 -0.0523445446 0.13746966 0.0140580247 -0.0676826742 0.135379849 0.037458506 -0.0523445446 0.13746966 0.0140580247 -0.0676826742 0.135726866 0.0393863731 -0.0676826742 0.135726866 0.0393863731 -0.0676826742 0.13746966 0.0140580247 -0.0676826742 0.137037817 0.0133639912 -0.0830208037 0.135726866 0.0393863731 -0.0676826742 0.137037817 0.0133639912 -0.0830208037 0.135379849 0.037458506 -0.0830208037 0.135379849 0.037458506 -0.0830208037 0.137037817 0.0133639912 -0.0830208037 0.135788558 0.0113744303 -0.0968571235 0.135379849 0.037458506 -0.0830208037 0.135788558 0.0113744303 -0.0968571235 0.134377357 0.0318676818 -0.0968571235 0.134377357 0.0318676818 -0.0968571235 0.135788558 0.0113744303 -0.0968571235 0.133845265 0.00825899319 -0.107840194 0.134377357 0.0318676818 -0.0968571235 0.133845265 0.00825899319 -0.107840194 0.132819639 0.0231517843 -0.107840194 0.132819639 0.0231517843 -0.107840194 0.133845265 0.00825899319 -0.107840194 0.131393015 0.00434156236 -0.114888488 0.132819639 0.0231517843 -0.107840194 0.131393015 0.00434156236 -0.114888488 0.130853212 0.0121687128 -0.114888488 0.130853212 0.0121687128 -0.114888488 0.131393015 0.00434156236 -0.114888488 0.128670863 0 -0.117319529 0.128670863 0 -0.0180458192 0.131393015 -0.00434156236 -0.0204768599 0.131393015 0.00434156236 -0.0204768599 0.131393015 0.00434156236 -0.0204768599 0.131393015 -0.00434156236 -0.0204768599 0.133845265 -0.00825899319 -0.0275251541 0.131393015 0.00434156236 -0.0204768599 0.133845265 -0.00825899319 -0.0275251541 0.133845265 0.00825899319 -0.0275251541 0.133845265 0.00825899319 -0.0275251541 0.133845265 -0.00825899319 -0.0275251541 0.135788558 -0.0113744303 -0.0385082248 0.133845265 0.00825899319 -0.0275251541 0.135788558 -0.0113744303 -0.0385082248 0.135788558 0.0113744303 -0.0385082248 0.135788558 0.0113744303 -0.0385082248 0.135788558 -0.0113744303 -0.0385082248 0.137037817 -0.0133639912 -0.0523445446 0.135788558 0.0113744303 -0.0385082248 0.137037817 -0.0133639912 -0.0523445446 0.137037817 0.0133639912 -0.0523445446 0.137037817 0.0133639912 -0.0523445446 0.137037817 -0.0133639912 -0.0523445446 0.13746966 -0.0140580247 -0.0676826742 0.137037817 0.0133639912 -0.0523445446 0.13746966 -0.0140580247 -0.0676826742 0.13746966 0.0140580247 -0.0676826742 0.13746966 0.0140580247 -0.0676826742 0.13746966 -0.0140580247 -0.0676826742 0.137037817 -0.0133639912 -0.0830208037 0.13746966 0.0140580247 -0.0676826742 0.137037817 -0.0133639912 -0.0830208037 0.137037817 0.0133639912 -0.0830208037 0.137037817 0.0133639912 -0.0830208037 0.137037817 -0.0133639912 -0.0830208037 0.135788558 -0.0113744303 -0.0968571235 0.137037817 0.0133639912 -0.0830208037 0.135788558 -0.0113744303 -0.0968571235 0.135788558 0.0113744303 -0.0968571235 0.135788558 0.0113744303 -0.0968571235 0.135788558 -0.0113744303 -0.0968571235 0.133845265 -0.00825899319 -0.107840194 0.135788558 0.0113744303 -0.0968571235 0.133845265 -0.00825899319 -0.107840194 0.133845265 0.00825899319 -0.107840194 0.133845265 0.00825899319 -0.107840194 0.133845265 -0.00825899319 -0.107840194 0.131393015 -0.00434156236 -0.114888488 0.133845265 0.00825899319 -0.107840194 0.131393015 -0.00434156236 -0.114888488 0.131393015 0.00434156236 -0.114888488 0.131393015 0.00434156236 -0.114888488 0.131393015 -0.00434156236 -0.114888488 0.128670863 0 -0.117319529 0.128670863 0 -0.0180458192 0.130853212 -0.0121687128 -0.0204768599 0.131393015 -0.00434156236 -0.0204768599 0.131393015 -0.00434156236 -0.0204768599 0.130853212 -0.0121687128 -0.0204768599 0.132819639 -0.0231517843 -0.0275251541 0.131393015 -0.00434156236 -0.0204768599 0.132819639 -0.0231517843 -0.0275251541 0.133845265 -0.00825899319 -0.0275251541 0.133845265 -0.00825899319 -0.0275251541 0.132819639 -0.0231517843 -0.0275251541 0.134377357 -0.0318676818 -0.0385082248 0.133845265 -0.00825899319 -0.0275251541 0.134377357 -0.0318676818 -0.0385082248 0.135788558 -0.0113744303 -0.0385082248 0.135788558 -0.0113744303 -0.0385082248 0.134377357 -0.0318676818 -0.0385082248 0.135379849 -0.037458506 -0.0523445446 0.135788558 -0.0113744303 -0.0385082248 0.135379849 -0.037458506 -0.0523445446 0.137037817 -0.0133639912 -0.0523445446 0.137037817 -0.0133639912 -0.0523445446 0.135379849 -0.037458506 -0.0523445446 0.135726866 -0.0393863731 -0.0676826742 0.137037817 -0.0133639912 -0.0523445446 0.135726866 -0.0393863731 -0.0676826742 0.13746966 -0.0140580247 -0.0676826742 0.13746966 -0.0140580247 -0.0676826742 0.135726866 -0.0393863731 -0.0676826742 0.135379849 -0.037458506 -0.0830208037 0.13746966 -0.0140580247 -0.0676826742 0.135379849 -0.037458506 -0.0830208037 0.137037817 -0.0133639912 -0.0830208037 0.137037817 -0.0133639912 -0.0830208037 0.135379849 -0.037458506 -0.0830208037 0.134377357 -0.0318676818 -0.0968571235 0.137037817 -0.0133639912 -0.0830208037 0.134377357 -0.0318676818 -0.0968571235 0.135788558 -0.0113744303 -0.0968571235 0.135788558 -0.0113744303 -0.0968571235 0.134377357 -0.0318676818 -0.0968571235 0.132819639 -0.0231517843 -0.107840194 0.135788558 -0.0113744303 -0.0968571235 0.132819639 -0.0231517843 -0.107840194 0.133845265 -0.00825899319 -0.107840194 0.133845265 -0.00825899319 -0.107840194 0.132819639 -0.0231517843 -0.107840194 0.130853212 -0.0121687128 -0.114888488 0.133845265 -0.00825899319 -0.107840194 0.130853212 -0.0121687128 -0.114888488 0.131393015 -0.00434156236 -0.114888488 0.131393015 -0.00434156236 -0.114888488 0.130853212 -0.0121687128 -0.114888488 0.128670863 0 -0.117319529 0.128670863 0 -0.0180458192 0.129881566 -0.0175840977 -0.0204768599 0.130853212 -0.0121687128 -0.0204768599 0.130853212 -0.0121687128 -0.0204768599 0.129881566 -0.0175840977 -0.0204768599 0.130968884 -0.0334562468 -0.0275251541 0.130853212 -0.0121687128 -0.0204768599 0.130968884 -0.0334562468 -0.0275251541 0.132819639 -0.0231517843 -0.0275251541 0.132819639 -0.0231517843 -0.0275251541 0.130968884 -0.0334562468 -0.0275251541 0.131840281 -0.0460413789 -0.0385082248 0.132819639 -0.0231517843 -0.0275251541 0.131840281 -0.0460413789 -0.0385082248 0.134377357 -0.0318676818 -0.0385082248 0.134377357 -0.0318676818 -0.0385082248 0.131840281 -0.0460413789 -0.0385082248 0.132395507 -0.0541326488 -0.0523445446 0.134377357 -0.0318676818 -0.0385082248 0.132395507 -0.0541326488 -0.0523445446 0.135379849 -0.037458506 -0.0523445446 0.135379849 -0.037458506 -0.0523445446 0.132395507 -0.0541326488 -0.0523445446 0.132588294 -0.0569164903 -0.0676826742 0.135379849 -0.037458506 -0.0523445446 0.132588294 -0.0569164903 -0.0676826742 0.135726866 -0.0393863731 -0.0676826742 0.135726866 -0.0393863731 -0.0676826742 0.132588294 -0.0569164903 -0.0676826742 0.132395507 -0.0541326488 -0.0830208037 0.135726866 -0.0393863731 -0.0676826742 0.132395507 -0.0541326488 -0.0830208037 0.135379849 -0.037458506 -0.0830208037 0.135379849 -0.037458506 -0.0830208037 0.132395507 -0.0541326488 -0.0830208037 0.131840281 -0.0460413789 -0.0968571235 0.135379849 -0.037458506 -0.0830208037 0.131840281 -0.0460413789 -0.0968571235 0.134377357 -0.0318676818 -0.0968571235 0.134377357 -0.0318676818 -0.0968571235 0.131840281 -0.0460413789 -0.0968571235 0.130968884 -0.0334562468 -0.107840194 0.134377357 -0.0318676818 -0.0968571235 0.130968884 -0.0334562468 -0.107840194 0.132819639 -0.0231517843 -0.107840194 0.132819639 -0.0231517843 -0.107840194 0.130968884 -0.0334562468 -0.107840194 0.129881566 -0.0175840977 -0.114888488 0.132819639 -0.0231517843 -0.107840194 0.129881566 -0.0175840977 -0.114888488 0.130853212 -0.0121687128 -0.114888488 0.130853212 -0.0121687128 -0.114888488 0.129881566 -0.0175840977 -0.114888488 0.128670863 0 -0.117319529 0.128670863 0 -0.0180458192 0.128670863 -0.019519678 -0.0204768599 0.129881566 -0.0175840977 -0.0204768599 0.129881566 -0.0175840977 -0.0204768599 0.128670863 -0.019519678 -0.0204768599 0.128670863 -0.0371346225 -0.0275251541 0.129881566 -0.0175840977 -0.0204768599 0.128670863 -0.0371346225 -0.0275251541 0.130968884 -0.0334562468 -0.0275251541 0.130968884 -0.0334562468 -0.0275251541 0.128670863 -0.0371346225 -0.0275251541 0.128670863 -0.0511097475 -0.0385082248 0.130968884 -0.0334562468 -0.0275251541 0.128670863 -0.0511097475 -0.0385082248 0.131840281 -0.0460413789 -0.0385082248 0.131840281 -0.0460413789 -0.0385082248 0.128670863 -0.0511097475 -0.0385082248 0.128670863 -0.0600781977 -0.0523445446 0.131840281 -0.0460413789 -0.0385082248 0.128670863 -0.0600781977 -0.0523445446 0.132395507 -0.0541326488 -0.0523445446 0.132395507 -0.0541326488 -0.0523445446 0.128670863 -0.0600781977 -0.0523445446 0.128670863 -0.0631705001 -0.0676826742 0.132395507 -0.0541326488 -0.0523445446 0.128670863 -0.0631705001 -0.0676826742 0.132588294 -0.0569164903 -0.0676826742 0.132588294 -0.0569164903 -0.0676826742 0.128670863 -0.0631705001 -0.0676826742 0.128670863 -0.0600781977 -0.0830208037 0.132588294 -0.0569164903 -0.0676826742 0.128670863 -0.0600781977 -0.0830208037 0.132395507 -0.0541326488 -0.0830208037 0.132395507 -0.0541326488 -0.0830208037 0.128670863 -0.0600781977 -0.0830208037 0.128670863 -0.0511097475 -0.0968571235 0.132395507 -0.0541326488 -0.0830208037 0.128670863 -0.0511097475 -0.0968571235 0.131840281 -0.0460413789 -0.0968571235 0.131840281 -0.0460413789 -0.0968571235 0.128670863 -0.0511097475 -0.0968571235 0.128670863 -0.0371346225 -0.107840194 0.131840281 -0.0460413789 -0.0968571235 0.128670863 -0.0371346225 -0.107840194 0.130968884 -0.0334562468 -0.107840194 0.130968884 -0.0334562468 -0.107840194 0.128670863 -0.0371346225 -0.107840194 0.128670863 -0.019519678 -0.114888488 0.130968884 -0.0334562468 -0.107840194 0.128670863 -0.019519678 -0.114888488 0.129881566 -0.0175840977 -0.114888488 0.129881566 -0.0175840977 -0.114888488 0.128670863 -0.019519678 -0.114888488 0.128670863 0 -0.117319529 0.128670863 0 -0.0180458192 0.127460161 -0.0175840977 -0.0204768599 0.128670863 -0.019519678 -0.0204768599 0.128670863 -0.019519678 -0.0204768599 0.127460161 -0.0175840977 -0.0204768599 0.126372843 -0.0334562468 -0.0275251541 0.128670863 -0.019519678 -0.0204768599 0.126372843 -0.0334562468 -0.0275251541 0.128670863 -0.0371346225 -0.0275251541 0.128670863 -0.0371346225 -0.0275251541 0.126372843 -0.0334562468 -0.0275251541 0.125501446 -0.0460413789 -0.0385082248 0.128670863 -0.0371346225 -0.0275251541 0.125501446 -0.0460413789 -0.0385082248 0.128670863 -0.0511097475 -0.0385082248 0.128670863 -0.0511097475 -0.0385082248 0.125501446 -0.0460413789 -0.0385082248 0.12494622 -0.0541326488 -0.0523445446 0.128670863 -0.0511097475 -0.0385082248 0.12494622 -0.0541326488 -0.0523445446 0.128670863 -0.0600781977 -0.0523445446 0.128670863 -0.0600781977 -0.0523445446 0.12494622 -0.0541326488 -0.0523445446 0.124753433 -0.0569164903 -0.0676826742 0.128670863 -0.0600781977 -0.0523445446 0.124753433 -0.0569164903 -0.0676826742 0.128670863 -0.0631705001 -0.0676826742 0.128670863 -0.0631705001 -0.0676826742 0.124753433 -0.0569164903 -0.0676826742 0.12494622 -0.0541326488 -0.0830208037 0.128670863 -0.0631705001 -0.0676826742 0.12494622 -0.0541326488 -0.0830208037 0.128670863 -0.0600781977 -0.0830208037 0.128670863 -0.0600781977 -0.0830208037 0.12494622 -0.0541326488 -0.0830208037 0.125501446 -0.0460413789 -0.0968571235 0.128670863 -0.0600781977 -0.0830208037 0.125501446 -0.0460413789 -0.0968571235 0.128670863 -0.0511097475 -0.0968571235 0.128670863 -0.0511097475 -0.0968571235 0.125501446 -0.0460413789 -0.0968571235 0.126372843 -0.0334562468 -0.107840194 0.128670863 -0.0511097475 -0.0968571235 0.126372843 -0.0334562468 -0.107840194 0.128670863 -0.0371346225 -0.107840194 0.128670863 -0.0371346225 -0.107840194 0.126372843 -0.0334562468 -0.107840194 0.127460161 -0.0175840977 -0.114888488 0.128670863 -0.0371346225 -0.107840194 0.127460161 -0.0175840977 -0.114888488 0.128670863 -0.019519678 -0.114888488 0.128670863 -0.019519678 -0.114888488 0.127460161 -0.0175840977 -0.114888488 0.128670863 0 -0.117319529 0.128670863 0 -0.0180458192 0.126488515 -0.0121687128 -0.0204768599 0.127460161 -0.0175840977 -0.0204768599 0.127460161 -0.0175840977 -0.0204768599 0.126488515 -0.0121687128 -0.0204768599 0.124522088 -0.0231517843 -0.0275251541 0.127460161 -0.0175840977 -0.0204768599 0.124522088 -0.0231517843 -0.0275251541 0.126372843 -0.0334562468 -0.0275251541 0.126372843 -0.0334562468 -0.0275251541 0.124522088 -0.0231517843 -0.0275251541 0.12296437 -0.0318676818 -0.0385082248 0.126372843 -0.0334562468 -0.0275251541 0.12296437 -0.0318676818 -0.0385082248 0.125501446 -0.0460413789 -0.0385082248 0.125501446 -0.0460413789 -0.0385082248 0.12296437 -0.0318676818 -0.0385082248 0.121961878 -0.037458506 -0.0523445446 0.125501446 -0.0460413789 -0.0385082248 0.121961878 -0.037458506 -0.0523445446 0.12494622 -0.0541326488 -0.0523445446 0.12494622 -0.0541326488 -0.0523445446 0.121961878 -0.037458506 -0.0523445446 0.121614861 -0.0393863731 -0.0676826742 0.12494622 -0.0541326488 -0.0523445446 0.121614861 -0.0393863731 -0.0676826742 0.124753433 -0.0569164903 -0.0676826742 0.124753433 -0.0569164903 -0.0676826742 0.121614861 -0.0393863731 -0.0676826742 0.121961878 -0.037458506 -0.0830208037 0.124753433 -0.0569164903 -0.0676826742 0.121961878 -0.037458506 -0.0830208037 0.12494622 -0.0541326488 -0.0830208037 0.12494622 -0.0541326488 -0.0830208037 0.121961878 -0.037458506 -0.0830208037 0.12296437 -0.0318676818 -0.0968571235 0.12494622 -0.0541326488 -0.0830208037 0.12296437 -0.0318676818 -0.0968571235 0.125501446 -0.0460413789 -0.0968571235 0.125501446 -0.0460413789 -0.0968571235 0.12296437 -0.0318676818 -0.0968571235 0.124522088 -0.0231517843 -0.107840194 0.125501446 -0.0460413789 -0.0968571235 0.124522088 -0.0231517843 -0.107840194 0.126372843 -0.0334562468 -0.107840194 0.126372843 -0.0334562468 -0.107840194 0.124522088 -0.0231517843 -0.107840194 0.126488515 -0.0121687128 -0.114888488 0.126372843 -0.0334562468 -0.107840194 0.126488515 -0.0121687128 -0.114888488 0.127460161 -0.0175840977 -0.114888488 0.127460161 -0.0175840977 -0.114888488 0.126488515 -0.0121687128 -0.114888488 0.128670863 0 -0.117319529 0.128670863 0 -0.0180458192 0.125948712 -0.00434156236 -0.0204768599 0.126488515 -0.0121687128 -0.0204768599 0.126488515 -0.0121687128 -0.0204768599 0.125948712 -0.00434156236 -0.0204768599 0.123496461 -0.00825899319 -0.0275251541 0.126488515 -0.0121687128 -0.0204768599 0.123496461 -0.00825899319 -0.0275251541 0.124522088 -0.0231517843 -0.0275251541 0.124522088 -0.0231517843 -0.0275251541 0.123496461 -0.00825899319 -0.0275251541 0.121553169 -0.0113744303 -0.0385082248 0.124522088 -0.0231517843 -0.0275251541 0.121553169 -0.0113744303 -0.0385082248 0.12296437 -0.0318676818 -0.0385082248 0.12296437 -0.0318676818 -0.0385082248 0.121553169 -0.0113744303 -0.0385082248 0.12030391 -0.0133639912 -0.0523445446 0.12296437 -0.0318676818 -0.0385082248 0.12030391 -0.0133639912 -0.0523445446 0.121961878 -0.037458506 -0.0523445446 0.121961878 -0.037458506 -0.0523445446 0.12030391 -0.0133639912 -0.0523445446 0.119872067 -0.0140580247 -0.0676826742 0.121961878 -0.037458506 -0.0523445446 0.119872067 -0.0140580247 -0.0676826742 0.121614861 -0.0393863731 -0.0676826742 0.121614861 -0.0393863731 -0.0676826742 0.119872067 -0.0140580247 -0.0676826742 0.12030391 -0.0133639912 -0.0830208037 0.121614861 -0.0393863731 -0.0676826742 0.12030391 -0.0133639912 -0.0830208037 0.121961878 -0.037458506 -0.0830208037 0.121961878 -0.037458506 -0.0830208037 0.12030391 -0.0133639912 -0.0830208037 0.121553169 -0.0113744303 -0.0968571235 0.121961878 -0.037458506 -0.0830208037 0.121553169 -0.0113744303 -0.0968571235 0.12296437 -0.0318676818 -0.0968571235 0.12296437 -0.0318676818 -0.0968571235 0.121553169 -0.0113744303 -0.0968571235 0.123496461 -0.00825899319 -0.107840194 0.12296437 -0.0318676818 -0.0968571235 0.123496461 -0.00825899319 -0.107840194 0.124522088 -0.0231517843 -0.107840194 0.124522088 -0.0231517843 -0.107840194 0.123496461 -0.00825899319 -0.107840194 0.125948712 -0.00434156236 -0.114888488 0.124522088 -0.0231517843 -0.107840194 0.125948712 -0.00434156236 -0.114888488 0.126488515 -0.0121687128 -0.114888488 0.126488515 -0.0121687128 -0.114888488 0.125948712 -0.00434156236 -0.114888488 0.128670863 0 -0.117319529 0.128670863 0 -0.0180458192 0.125948712 0.00434156236 -0.0204768599 0.125948712 -0.00434156236 -0.0204768599 0.125948712 -0.00434156236 -0.0204768599 0.125948712 0.00434156236 -0.0204768599 0.123496461 0.00825899319 -0.0275251541 0.125948712 -0.00434156236 -0.0204768599 0.123496461 0.00825899319 -0.0275251541 0.123496461 -0.00825899319 -0.0275251541 0.123496461 -0.00825899319 -0.0275251541 0.123496461 0.00825899319 -0.0275251541 0.121553169 0.0113744303 -0.0385082248 0.123496461 -0.00825899319 -0.0275251541 0.121553169 0.0113744303 -0.0385082248 0.121553169 -0.0113744303 -0.0385082248 0.121553169 -0.0113744303 -0.0385082248 0.121553169 0.0113744303 -0.0385082248 0.12030391 0.0133639912 -0.0523445446 0.121553169 -0.0113744303 -0.0385082248 0.12030391 0.0133639912 -0.0523445446 0.12030391 -0.0133639912 -0.0523445446 0.12030391 -0.0133639912 -0.0523445446 0.12030391 0.0133639912 -0.0523445446 0.119872067 0.0140580247 -0.0676826742 0.12030391 -0.0133639912 -0.0523445446 0.119872067 0.0140580247 -0.0676826742 0.119872067 -0.0140580247 -0.0676826742 0.119872067 -0.0140580247 -0.0676826742 0.119872067 0.0140580247 -0.0676826742 0.12030391 0.0133639912 -0.0830208037 0.119872067 -0.0140580247 -0.0676826742 0.12030391 0.0133639912 -0.0830208037 0.12030391 -0.0133639912 -0.0830208037 0.12030391 -0.0133639912 -0.0830208037 0.12030391 0.0133639912 -0.0830208037 0.121553169 0.0113744303 -0.0968571235 0.12030391 -0.0133639912 -0.0830208037 0.121553169 0.0113744303 -0.0968571235 0.121553169 -0.0113744303 -0.0968571235 0.121553169 -0.0113744303 -0.0968571235 0.121553169 0.0113744303 -0.0968571235 0.123496461 0.00825899319 -0.107840194 0.121553169 -0.0113744303 -0.0968571235 0.123496461 0.00825899319 -0.107840194 0.123496461 -0.00825899319 -0.107840194 0.123496461 -0.00825899319 -0.107840194 0.123496461 0.00825899319 -0.107840194 0.125948712 0.00434156236 -0.114888488 0.123496461 -0.00825899319 -0.107840194 0.125948712 0.00434156236 -0.114888488 0.125948712 -0.00434156236 -0.114888488 0.125948712 -0.00434156236 -0.114888488 0.125948712 0.00434156236 -0.114888488 0.128670863 0 -0.117319529 0.128670863 0 -0.0180458192 0.126488515 0.0121687128 -0.0204768599 0.125948712 0.00434156236 -0.0204768599 0.125948712 0.00434156236 -0.0204768599 0.126488515 0.0121687128 -0.0204768599 0.124522088 0.0231517843 -0.0275251541 0.125948712 0.00434156236 -0.0204768599 0.124522088 0.0231517843 -0.0275251541 0.123496461 0.00825899319 -0.0275251541 0.123496461 0.00825899319 -0.0275251541 0.124522088 0.0231517843 -0.0275251541 0.12296437 0.0318676818 -0.0385082248 0.123496461 0.00825899319 -0.0275251541 0.12296437 0.0318676818 -0.0385082248 0.121553169 0.0113744303 -0.0385082248 0.121553169 0.0113744303 -0.0385082248 0.12296437 0.0318676818 -0.0385082248 0.121961878 0.037458506 -0.0523445446 0.121553169 0.0113744303 -0.0385082248 0.121961878 0.037458506 -0.0523445446 0.12030391 0.0133639912 -0.0523445446 0.12030391 0.0133639912 -0.0523445446 0.121961878 0.037458506 -0.0523445446 0.121614861 0.0393863731 -0.0676826742 0.12030391 0.0133639912 -0.0523445446 0.121614861 0.0393863731 -0.0676826742 0.119872067 0.0140580247 -0.0676826742 0.119872067 0.0140580247 -0.0676826742 0.121614861 0.0393863731 -0.0676826742 0.121961878 0.037458506 -0.0830208037 0.119872067 0.0140580247 -0.0676826742 0.121961878 0.037458506 -0.0830208037 0.12030391 0.0133639912 -0.0830208037 0.12030391 0.0133639912 -0.0830208037 0.121961878 0.037458506 -0.0830208037 0.12296437 0.0318676818 -0.0968571235 0.12030391 0.0133639912 -0.0830208037 0.12296437 0.0318676818 -0.0968571235 0.121553169 0.0113744303 -0.0968571235 0.121553169 0.0113744303 -0.0968571235 0.12296437 0.0318676818 -0.0968571235 0.124522088 0.0231517843 -0.107840194 0.121553169 0.0113744303 -0.0968571235 0.124522088 0.0231517843 -0.107840194 0.123496461 0.00825899319 -0.107840194 0.123496461 0.00825899319 -0.107840194 0.124522088 0.0231517843 -0.107840194 0.126488515 0.0121687128 -0.114888488 0.123496461 0.00825899319 -0.107840194 0.126488515 0.0121687128 -0.114888488 0.125948712 0.00434156236 -0.114888488 0.125948712 0.00434156236 -0.114888488 0.126488515 0.0121687128 -0.114888488 0.128670863 0 -0.117319529 0.128670863 0 -0.0180458192 0.127460161 0.0175840977 -0.0204768599 0.126488515 0.0121687128 -0.0204768599 0.126488515 0.0121687128 -0.0204768599 0.127460161 0.0175840977 -0.0204768599 0.126372843 0.0334562468 -0.0275251541 0.126488515 0.0121687128 -0.0204768599 0.126372843 0.0334562468 -0.0275251541 0.124522088 0.0231517843 -0.0275251541 0.124522088 0.0231517843 -0.0275251541 0.126372843 0.0334562468 -0.0275251541 0.125501446 0.0460413789 -0.0385082248 0.124522088 0.0231517843 -0.0275251541 0.125501446 0.0460413789 -0.0385082248 0.12296437 0.0318676818 -0.0385082248 0.12296437 0.0318676818 -0.0385082248 0.125501446 0.0460413789 -0.0385082248 0.12494622 0.0541326488 -0.0523445446 0.12296437 0.0318676818 -0.0385082248 0.12494622 0.0541326488 -0.0523445446 0.121961878 0.037458506 -0.0523445446 0.121961878 0.037458506 -0.0523445446 0.12494622 0.0541326488 -0.0523445446 0.124753433 0.0569164903 -0.0676826742 0.121961878 0.037458506 -0.0523445446 0.124753433 0.0569164903 -0.0676826742 0.121614861 0.0393863731 -0.0676826742 0.121614861 0.0393863731 -0.0676826742 0.124753433 0.0569164903 -0.0676826742 0.12494622 0.0541326488 -0.0830208037 0.121614861 0.0393863731 -0.0676826742 0.12494622 0.0541326488 -0.0830208037 0.121961878 0.037458506 -0.0830208037 0.121961878 0.037458506 -0.0830208037 0.12494622 0.0541326488 -0.0830208037 0.125501446 0.0460413789 -0.0968571235 0.121961878 0.037458506 -0.0830208037 0.125501446 0.0460413789 -0.0968571235 0.12296437 0.0318676818 -0.0968571235 0.12296437 0.0318676818 -0.0968571235 0.125501446 0.0460413789 -0.0968571235 0.126372843 0.0334562468 -0.107840194 0.12296437 0.0318676818 -0.0968571235 0.126372843 0.0334562468 -0.107840194 0.124522088 0.0231517843 -0.107840194 0.124522088 0.0231517843 -0.107840194 0.126372843 0.0334562468 -0.107840194 0.127460161 0.0175840977 -0.114888488 0.124522088 0.0231517843 -0.107840194 0.127460161 0.0175840977 -0.114888488 0.126488515 0.0121687128 -0.114888488 0.126488515 0.0121687128 -0.114888488 0.127460161 0.0175840977 -0.114888488 0.128670863 0 -0.117319529 0.128670863 0 -0.0180458192 0.128670863 0.019519678 -0.0204768599 0.127460161 0.0175840977 -0.0204768599 0.127460161 0.0175840977 -0.0204768599 0.128670863 0.019519678 -0.0204768599 0.128670863 0.0371346225 -0.0275251541 0.127460161 0.0175840977 -0.0204768599 0.128670863 0.0371346225 -0.0275251541 0.126372843 0.0334562468 -0.0275251541 0.126372843 0.0334562468 -0.0275251541 0.128670863 0.0371346225 -0.0275251541 0.128670863 0.0511097475 -0.0385082248 0.126372843 0.0334562468 -0.0275251541 0.128670863 0.0511097475 -0.0385082248 0.125501446 0.0460413789 -0.0385082248 0.125501446 0.0460413789 -0.0385082248 0.128670863 0.0511097475 -0.0385082248 0.128670863 0.0600781977 -0.0523445446 0.125501446 0.0460413789 -0.0385082248 0.128670863 0.0600781977 -0.0523445446 0.12494622 0.0541326488 -0.0523445446 0.12494622 0.0541326488 -0.0523445446 0.128670863 0.0600781977 -0.0523445446 0.128670863 0.0631705001 -0.0676826742 0.12494622 0.0541326488 -0.0523445446 0.128670863 0.0631705001 -0.0676826742 0.124753433 0.0569164903 -0.0676826742 0.124753433 0.0569164903 -0.0676826742 0.128670863 0.0631705001 -0.0676826742 0.128670863 0.0600781977 -0.0830208037 0.124753433 0.0569164903 -0.0676826742 0.128670863 0.0600781977 -0.0830208037 0.12494622 0.0541326488 -0.0830208037 0.12494622 0.0541326488 -0.0830208037 0.128670863 0.0600781977 -0.0830208037 0.128670863 0.0511097475 -0.0968571235 0.12494622 0.0541326488 -0.0830208037 0.128670863 0.0511097475 -0.0968571235 0.125501446 0.0460413789 -0.0968571235 0.125501446 0.0460413789 -0.0968571235 0.128670863 0.0511097475 -0.0968571235 0.128670863 0.0371346225 -0.107840194 0.125501446 0.0460413789 -0.0968571235 0.128670863 0.0371346225 -0.107840194 0.126372843 0.0334562468 -0.107840194 0.126372843 0.0334562468 -0.107840194 0.128670863 0.0371346225 -0.107840194 0.128670863 0.019519678 -0.114888488 0.126372843 0.0334562468 -0.107840194 0.128670863 0.019519678 -0.114888488 0.127460161 0.0175840977 -0.114888488 0.127460161 0.0175840977 -0.114888488 0.128670863 0.019519678 -0.114888488 0.128670863 0 -0.117319529</float_array><technique_common><accessor source="#part1-positions-array" count="756" stride="3"><param name="X" type="float" /><param name="Y" type="float" /><param name="Z" type="float" /></accessor></technique_common></source><source id="part1-normals"><float_array id="part1-normals-array" count="2268">0.193836341 0.12124429 0.973512863 0.193836341 0.12124429 0.973512863 0.193836341 0.12124429 0.973512863 0.510729443 0.319460366 0.798185762 0.510729443 0.319460366 0.798185762 0.510729443 0.319460366 0.798185762 0.511106079 0.319307301 0.798005905 0.511106079 0.319307301 0.798005905 0.511106079 0.319307301 0.798005905 0.703136456 0.43927594 0.55913842 0.703136456 0.43927594 0.55913842 0.703136456 0.43927594 0.55913842 0.702873877 0.439530133 0.559268786 0.702873877 0.439530133 0.559268786 0.702873877 0.439530133 0.559268786 0.801739889 0.501354299 0.325356754 0.801739889 0.501354299 0.325356754 0.801739889 0.501354299 0.325356754 0.801325419 0.501997696 0.325385749 0.801325419 0.501997696 0.325385749 0.801325419 0.501997696 0.325385749 0.842631539 0.527874295 0.10639933 0.842631539 0.527874295 0.10639933 0.842631539 0.527874295 0.10639933 0.842657461 0.527829728 0.106415137 0.842657461 0.527829728 0.106415137 0.842657461 0.527829728 0.106415137 0.842659574 0.527831052 -0.106391834 0.842659574 0.527831052 -0.106391834 0.842659574 0.527831052 -0.106391834 0.842629316 0.527872903 -0.106423842 0.842629316 0.527872903 -0.106423842 0.842629316 0.527872903 -0.106423842 0.801239183 0.501943672 -0.325681318 0.801239183 0.501943672 -0.325681318 0.801239183 0.501943672 -0.325681318 0.801841069 0.501417571 -0.325009722 0.801841069 0.501417571 -0.325009722 0.801841069 0.501417571 -0.325009722 0.702818815 0.439495701 -0.559365035 0.702818815 0.439495701 -0.559365035 0.702818815 0.439495701 -0.559365035 0.703212363 0.439323362 -0.559005685 0.703212363 0.439323362 -0.559005685 0.703212363 0.439323362 -0.559005685 0.511149613 0.319334498 -0.797967137 0.511149613 0.319334498 -0.797967137 0.511149613 0.319334498 -0.797967137 0.510646829 0.319408691 -0.798259297 0.510646829 0.319408691 -0.798259297 0.510646829 0.319408691 -0.798259297 0.193836341 0.12124429 -0.973512863 0.193836341 0.12124429 -0.973512863 0.193836341 0.12124429 -0.973512863 0.484664116 0.0869600351 0.870366961 0.484664116 0.0869600351 0.870366961 0.484664116 0.0869600351 0.870366961 0.862515893 0.154755448 0.48178531 0.862515893 0.154755448 0.48178531 0.862515893 0.154755448 0.48178531 0.862442682 0.154900838 0.481869641 0.862442682 0.154900838 0.481869641 0.862442682 0.154900838 0.481869641 0.947826922 0.170236455 0.269524906 0.947826922 0.170236455 0.269524906 0.947826922 0.170236455 0.269524906 0.947898486 0.169672792 0.269628642 0.947898486 0.169672792 0.269628642 0.947898486 0.169672792 0.269628642 0.974507846 0.174435838 0.141090736 0.974507846 0.174435838 0.141090736 0.974507846 0.174435838 0.141090736 0.974509387 0.174417919 0.141102246 0.974509387 0.174417919 0.141102246 0.974509387 0.174417919 0.141102246 0.983388381 0.176007083 0.0443711541 0.983388381 0.176007083 0.0443711541 0.983388381 0.176007083 0.0443711541 0.983380821 0.176063359 0.0443154078 0.983380821 0.176063359 0.0443154078 0.983380821 0.176063359 0.0443154078 0.983378088 0.17606287 -0.0443779332 0.983378088 0.17606287 -0.0443779332 0.983378088 0.17606287 -0.0443779332 0.983391253 0.176007597 -0.0443054182 0.983391253 0.176007597 -0.0443054182 0.983391253 0.176007597 -0.0443054182 0.97451195 0.174418377 -0.141083978 0.97451195 0.174418377 -0.141083978 0.97451195 0.174418377 -0.141083978 0.974504831 0.174435299 -0.141112227 0.974504831 0.174435299 -0.141112227 0.974504831 0.174435299 -0.141112227 0.94803662 0.169697518 -0.26912696 0.94803662 0.169697518 -0.26912696 0.94803662 0.169697518 -0.26912696 0.947636668 0.170202284 -0.270214596 0.947636668 0.170202284 -0.270214596 0.947636668 0.170202284 -0.270214596 0.862392062 0.154891746 -0.48196315 0.862392062 0.154891746 -0.48196315 0.862392062 0.154891746 -0.48196315 0.862612203 0.154772728 -0.481607299 0.862612203 0.154772728 -0.481607299 0.862612203 0.154772728 -0.481607299 0.484664116 0.0869600351 -0.870366961 0.484664116 0.0869600351 -0.870366961 0.484664116 0.0869600351 -0.870366961 0.626275067 0.0431913826 0.778404808 0.626275067 0.0431913826 0.778404808 0.626275067 0.0431913826 0.778404808 0.93090871 0.0642005988 0.359565371 0.93090871 0.0642005988 0.359565371 0.93090871 0.0642005988 0.359565371 0.930897198 0.0641084076 0.359611623 0.930897198 0.0641084076 0.359611623 0.930897198 0.0641084076 0.359611623 0.979008377 0.0674216962 0.192345813 0.979008377 0.0674216962 0.192345813 0.979008377 0.0674216962 0.192345813 0.979007631 0.0674161572 0.192351551 0.979007631 0.0674161572 0.192351551 0.979007631 0.0674161572 0.192351551 0.992690916 0.0683584118 0.0994578953 0.992690916 0.0683584118 0.0994578953 0.992690916 0.0683584118 0.0994578953 0.99268768 0.068307827 0.0995249216 0.99268768 0.068307827 0.0995249216 0.99268768 0.068307827 0.0995249216 0.997155845 0.0686152858 0.0311795416 0.997155845 0.0686152858 0.0311795416 0.997155845 0.0686152858 0.0311795416 0.997155907 0.0686123256 0.0311840662 0.997155907 0.0686123256 0.0311840662 0.997155907 0.0686123256 0.0311840662 0.997156052 0.0686123356 -0.0311794139 0.997156052 0.0686123356 -0.0311794139 0.997156052 0.0686123356 -0.0311794139 0.997155693 0.0686152753 -0.0311844321 0.997155693 0.0686152753 -0.0311844321 0.997155693 0.0686152753 -0.0311844321 0.992695047 0.0683083339 -0.0994510674 0.992695047 0.0683083339 -0.0994510674 0.992695047 0.0683083339 -0.0994510674 0.992682253 0.0683578153 -0.0995447271 0.992682253 0.0683578153 -0.0995447271 0.992682253 0.0683578153 -0.0995447271 0.979009033 0.0674162537 -0.192344386 0.979009033 0.0674162537 -0.192344386 0.979009033 0.0674162537 -0.192344386 0.979006449 0.0674215634 -0.192355674 0.979006449 0.0674215634 -0.192355674 0.979006449 0.0674215634 -0.192355674 0.930931172 0.0641107473 -0.359523246 0.930931172 0.0641107473 -0.359523246 0.930931172 0.0641107473 -0.359523246 0.930844058 0.06419614 -0.359733507 0.930844058 0.06419614 -0.359733507 0.930844058 0.06419614 -0.359733507 0.626275067 0.0431913826 -0.778404808 0.626275067 0.0431913826 -0.778404808 0.626275067 0.0431913826 -0.778404808 0.666099339 -0 0.745863038 0.666099339 -0 0.745863038 0.666099339 -0 0.745863038 0.94446895 0 0.328600672 0.94446895 0 0.328600672 0.94446895 0 0.328600672 0.94446895 -0 0.328600672 0.94446895 -0 0.328600672 0.94446895 -0 0.328600672 0.984705151 0 0.174229062 0.984705151 0 0.174229062 0.984705151 0 0.174229062 0.984705151 -0 0.174229062 0.984705151 -0 0.174229062 0.984705151 -0 0.174229062 0.995948756 0 0.0899226044 0.995948756 0 0.0899226044 0.995948756 0 0.0899226044 0.995948756 -0 0.0899226044 0.995948756 -0 0.0899226044 0.995948756 -0 0.0899226044 0.999603888 0 0.0281436996 0.999603888 0 0.0281436996 0.999603888 0 0.0281436996 0.999603888 -0 0.0281436996 0.999603888 -0 0.0281436996 0.999603888 -0 0.0281436996 0.999603888 0 -0.0281436996 0.999603888 0 -0.0281436996 0.999603888 0 -0.0281436996 0.999603888 0 -0.0281436996 0.999603888 0 -0.0281436996 0.999603888 0 -0.0281436996 0.995948756 0 -0.0899226044 0.995948756 0 -0.0899226044 0.995948756 0 -0.0899226044 0.995948756 0 -0.0899226044 0.995948756 0 -0.0899226044 0.995948756 0 -0.0899226044 0.984705151 0 -0.174229062 0.984705151 0 -0.174229062 0.984705151 0 -0.174229062 0.984705151 0 -0.174229062 0.984705151 0 -0.174229062 0.984705151 0 -0.174229062 0.94446895 0 -0.328600672 0.94446895 0 -0.328600672 0.94446895 0 -0.328600672 0.94446895 0 -0.328600672 0.94446895 0 -0.328600672 0.94446895 0 -0.328600672 0.666099339 0 -0.745863038 0.666099339 0 -0.745863038 0.666099339 0 -0.745863038 0.626275067 -0.0431913826 0.778404808 0.626275067 -0.0431913826 0.778404808 0.626275067 -0.0431913826 0.778404808 0.930844058 -0.06419614 0.359733507 0.930844058 -0.06419614 0.359733507 0.930844058 -0.06419614 0.359733507 0.930931172 -0.0641107473 0.359523246 0.930931172 -0.0641107473 0.359523246 0.930931172 -0.0641107473 0.359523246 0.979006449 -0.0674215634 0.192355674 0.979006449 -0.0674215634 0.192355674 0.979006449 -0.0674215634 0.192355674 0.979009033 -0.0674162537 0.192344386 0.979009033 -0.0674162537 0.192344386 0.979009033 -0.0674162537 0.192344386 0.992682253 -0.0683578153 0.0995447271 0.992682253 -0.0683578153 0.0995447271 0.992682253 -0.0683578153 0.0995447271 0.992695047 -0.0683083339 0.0994510674 0.992695047 -0.0683083339 0.0994510674 0.992695047 -0.0683083339 0.0994510674 0.997155693 -0.0686152753 0.0311844321 0.997155693 -0.0686152753 0.0311844321 0.997155693 -0.0686152753 0.0311844321 0.997156052 -0.0686123356 0.0311794139 0.997156052 -0.0686123356 0.0311794139 0.997156052 -0.0686123356 0.0311794139 0.997155907 -0.0686123256 -0.0311840662 0.997155907 -0.0686123256 -0.0311840662 0.997155907 -0.0686123256 -0.0311840662 0.997155845 -0.0686152858 -0.0311795416 0.997155845 -0.0686152858 -0.0311795416 0.997155845 -0.0686152858 -0.0311795416 0.99268768 -0.068307827 -0.0995249216 0.99268768 -0.068307827 -0.0995249216 0.99268768 -0.068307827 -0.0995249216 0.992690916 -0.0683584118 -0.0994578953 0.992690916 -0.0683584118 -0.0994578953 0.992690916 -0.0683584118 -0.0994578953 0.979007631 -0.0674161572 -0.192351551 0.979007631 -0.0674161572 -0.192351551 0.979007631 -0.0674161572 -0.192351551 0.979008377 -0.0674216962 -0.192345813 0.979008377 -0.0674216962 -0.192345813 0.979008377 -0.0674216962 -0.192345813 0.930897198 -0.0641084076 -0.359611623 0.930897198 -0.0641084076 -0.359611623 0.930897198 -0.0641084076 -0.359611623 0.93090871 -0.0642005988 -0.359565371 0.93090871 -0.0642005988 -0.359565371 0.93090871 -0.0642005988 -0.359565371 0.626275067 -0.0431913826 -0.778404808 0.626275067 -0.0431913826 -0.778404808 0.626275067 -0.0431913826 -0.778404808 0.484664116 -0.0869600351 0.870366961 0.484664116 -0.0869600351 0.870366961 0.484664116 -0.0869600351 0.870366961 0.862612203 -0.154772728 0.481607299 0.862612203 -0.154772728 0.481607299 0.862612203 -0.154772728 0.481607299 0.862392062 -0.154891746 0.48196315 0.862392062 -0.154891746 0.48196315 0.862392062 -0.154891746 0.48196315 0.947636668 -0.170202284 0.270214596 0.947636668 -0.170202284 0.270214596 0.947636668 -0.170202284 0.270214596 0.94803662 -0.169697518 0.26912696 0.94803662 -0.169697518 0.26912696 0.94803662 -0.169697518 0.26912696 0.974504831 -0.174435299 0.141112227 0.974504831 -0.174435299 0.141112227 0.974504831 -0.174435299 0.141112227 0.97451195 -0.174418377 0.141083978 0.97451195 -0.174418377 0.141083978 0.97451195 -0.174418377 0.141083978 0.983391253 -0.176007597 0.0443054182 0.983391253 -0.176007597 0.0443054182 0.983391253 -0.176007597 0.0443054182 0.983378088 -0.17606287 0.0443779332 0.983378088 -0.17606287 0.0443779332 0.983378088 -0.17606287 0.0443779332 0.983380821 -0.176063359 -0.0443154078 0.983380821 -0.176063359 -0.0443154078 0.983380821 -0.176063359 -0.0443154078 0.983388381 -0.176007083 -0.0443711541 0.983388381 -0.176007083 -0.0443711541 0.983388381 -0.176007083 -0.0443711541 0.974509387 -0.174417919 -0.141102246 0.974509387 -0.174417919 -0.141102246 0.974509387 -0.174417919 -0.141102246 0.974507846 -0.174435838 -0.141090736 0.974507846 -0.174435838 -0.141090736 0.974507846 -0.174435838 -0.141090736 0.947898486 -0.169672792 -0.269628642 0.947898486 -0.169672792 -0.269628642 0.947898486 -0.169672792 -0.269628642 0.947826922 -0.170236455 -0.269524906 0.947826922 -0.170236455 -0.269524906 0.947826922 -0.170236455 -0.269524906 0.862442682 -0.154900838 -0.481869641 0.862442682 -0.154900838 -0.481869641 0.862442682 -0.154900838 -0.481869641 0.862515893 -0.154755448 -0.48178531 0.862515893 -0.154755448 -0.48178531 0.862515893 -0.154755448 -0.48178531 0.484664116 -0.0869600351 -0.870366961 0.484664116 -0.0869600351 -0.870366961 0.484664116 -0.0869600351 -0.870366961 0.193836341 -0.12124429 0.973512863 0.193836341 -0.12124429 0.973512863 0.193836341 -0.12124429 0.973512863 0.510646829 -0.319408691 0.798259297 0.510646829 -0.319408691 0.798259297 0.510646829 -0.319408691 0.798259297 0.511149613 -0.319334498 0.797967137 0.511149613 -0.319334498 0.797967137 0.511149613 -0.319334498 0.797967137 0.703212363 -0.439323362 0.559005685 0.703212363 -0.439323362 0.559005685 0.703212363 -0.439323362 0.559005685 0.702818815 -0.439495701 0.559365035 0.702818815 -0.439495701 0.559365035 0.702818815 -0.439495701 0.559365035 0.801841069 -0.501417571 0.325009722 0.801841069 -0.501417571 0.325009722 0.801841069 -0.501417571 0.325009722 0.801239183 -0.501943672 0.325681318 0.801239183 -0.501943672 0.325681318 0.801239183 -0.501943672 0.325681318 0.842629316 -0.527872903 0.106423842 0.842629316 -0.527872903 0.106423842 0.842629316 -0.527872903 0.106423842 0.842659574 -0.527831052 0.106391834 0.842659574 -0.527831052 0.106391834 0.842659574 -0.527831052 0.106391834 0.842657461 -0.527829728 -0.106415137 0.842657461 -0.527829728 -0.106415137 0.842657461 -0.527829728 -0.106415137 0.842631539 -0.527874295 -0.10639933 0.842631539 -0.527874295 -0.10639933 0.842631539 -0.527874295 -0.10639933 0.801325419 -0.501997696 -0.325385749 0.801325419 -0.501997696 -0.325385749 0.801325419 -0.501997696 -0.325385749 0.801739889 -0.501354299 -0.325356754 0.801739889 -0.501354299 -0.325356754 0.801739889 -0.501354299 -0.325356754 0.702873877 -0.439530133 -0.559268786 0.702873877 -0.439530133 -0.559268786 0.702873877 -0.439530133 -0.559268786 0.703136456 -0.43927594 -0.55913842 0.703136456 -0.43927594 -0.55913842 0.703136456 -0.43927594 -0.55913842 0.511106079 -0.319307301 -0.798005905 0.511106079 -0.319307301 -0.798005905 0.511106079 -0.319307301 -0.798005905 0.510729443 -0.319460366 -0.798185762 0.510729443 -0.319460366 -0.798185762 0.510729443 -0.319460366 -0.798185762 0.193836341 -0.12124429 -0.973512863 0.193836341 -0.12124429 -0.973512863 0.193836341 -0.12124429 -0.973512863 -0.193836341 -0.12124429 0.973512863 -0.193836341 -0.12124429 0.973512863 -0.193836341 -0.12124429 0.973512863 -0.510729443 -0.319460366 0.798185762 -0.510729443 -0.319460366 0.798185762 -0.510729443 -0.319460366 0.798185762 -0.511106079 -0.319307301 0.798005905 -0.511106079 -0.319307301 0.798005905 -0.511106079 -0.319307301 0.798005905 -0.703136456 -0.43927594 0.55913842 -0.703136456 -0.43927594 0.55913842 -0.703136456 -0.43927594 0.55913842 -0.702873877 -0.439530133 0.559268786 -0.702873877 -0.439530133 0.559268786 -0.702873877 -0.439530133 0.559268786 -0.801739889 -0.501354299 0.325356754 -0.801739889 -0.501354299 0.325356754 -0.801739889 -0.501354299 0.325356754 -0.801325419 -0.501997696 0.325385749 -0.801325419 -0.501997696 0.325385749 -0.801325419 -0.501997696 0.325385749 -0.842631539 -0.527874295 0.10639933 -0.842631539 -0.527874295 0.10639933 -0.842631539 -0.527874295 0.10639933 -0.842657461 -0.527829728 0.106415137 -0.842657461 -0.527829728 0.106415137 -0.842657461 -0.527829728 0.106415137 -0.842659574 -0.527831052 -0.106391834 -0.842659574 -0.527831052 -0.106391834 -0.842659574 -0.527831052 -0.106391834 -0.842629316 -0.527872903 -0.106423842 -0.842629316 -0.527872903 -0.106423842 -0.842629316 -0.527872903 -0.106423842 -0.801239183 -0.501943672 -0.325681318 -0.801239183 -0.501943672 -0.325681318 -0.801239183 -0.501943672 -0.325681318 -0.801841069 -0.501417571 -0.325009722 -0.801841069 -0.501417571 -0.325009722 -0.801841069 -0.501417571 -0.325009722 -0.702818815 -0.439495701 -0.559365035 -0.702818815 -0.439495701 -0.559365035 -0.702818815 -0.439495701 -0.559365035 -0.703212363 -0.439323362 -0.559005685 -0.703212363 -0.439323362 -0.559005685 -0.703212363 -0.439323362 -0.559005685 -0.511149613 -0.319334498 -0.797967137 -0.511149613 -0.319334498 -0.797967137 -0.511149613 -0.319334498 -0.797967137 -0.510646829 -0.319408691 -0.798259297 -0.510646829 -0.319408691 -0.798259297 -0.510646829 -0.319408691 -0.798259297 -0.193836341 -0.12124429 -0.973512863 -0.193836341 -0.12124429 -0.973512863 -0.193836341 -0.12124429 -0.973512863 -0.484664116 -0.0869600351 0.870366961 -0.484664116 -0.0869600351 0.870366961 -0.484664116 -0.0869600351 0.870366961 -0.862515893 -0.154755448 0.48178531 -0.862515893 -0.154755448 0.48178531 -0.862515893 -0.154755448 0.48178531 -0.862442682 -0.154900838 0.481869641 -0.862442682 -0.154900838 0.481869641 -0.862442682 -0.154900838 0.481869641 -0.947826922 -0.170236455 0.269524906 -0.947826922 -0.170236455 0.269524906 -0.947826922 -0.170236455 0.269524906 -0.947898486 -0.169672792 0.269628642 -0.947898486 -0.169672792 0.269628642 -0.947898486 -0.169672792 0.269628642 -0.974507846 -0.174435838 0.141090736 -0.974507846 -0.174435838 0.141090736 -0.974507846 -0.174435838 0.141090736 -0.974509387 -0.174417919 0.141102246 -0.974509387 -0.174417919 0.141102246 -0.974509387 -0.174417919 0.141102246 -0.983388381 -0.176007083 0.0443711541 -0.983388381 -0.176007083 0.0443711541 -0.983388381 -0.176007083 0.0443711541 -0.983380821 -0.176063359 0.0443154078 -0.983380821 -0.176063359 0.0443154078 -0.983380821 -0.176063359 0.0443154078 -0.983378088 -0.17606287 -0.0443779332 -0.983378088 -0.17606287 -0.0443779332 -0.983378088 -0.17606287 -0.0443779332 -0.983391253 -0.176007597 -0.0443054182 -0.983391253 -0.176007597 -0.0443054182 -0.983391253 -0.176007597 -0.0443054182 -0.97451195 -0.174418377 -0.141083978 -0.97451195 -0.174418377 -0.141083978 -0.97451195 -0.174418377 -0.141083978 -0.974504831 -0.174435299 -0.141112227 -0.974504831 -0.174435299 -0.141112227 -0.974504831 -0.174435299 -0.141112227 -0.94803662 -0.169697518 -0.26912696 -0.94803662 -0.169697518 -0.26912696 -0.94803662 -0.169697518 -0.26912696 -0.947636668 -0.170202284 -0.270214596 -0.947636668 -0.170202284 -0.270214596 -0.947636668 -0.170202284 -0.270214596 -0.862392062 -0.154891746 -0.48196315 -0.862392062 -0.154891746 -0.48196315 -0.862392062 -0.154891746 -0.48196315 -0.862612203 -0.154772728 -0.481607299 -0.862612203 -0.154772728 -0.481607299 -0.862612203 -0.154772728 -0.481607299 -0.484664116 -0.0869600351 -0.870366961 -0.484664116 -0.0869600351 -0.870366961 -0.484664116 -0.0869600351 -0.870366961 -0.626275067 -0.0431913826 0.778404808 -0.626275067 -0.0431913826 0.778404808 -0.626275067 -0.0431913826 0.778404808 -0.93090871 -0.0642005988 0.359565371 -0.93090871 -0.0642005988 0.359565371 -0.93090871 -0.0642005988 0.359565371 -0.930897198 -0.0641084076 0.359611623 -0.930897198 -0.0641084076 0.359611623 -0.930897198 -0.0641084076 0.359611623 -0.979008377 -0.0674216962 0.192345813 -0.979008377 -0.0674216962 0.192345813 -0.979008377 -0.0674216962 0.192345813 -0.979007631 -0.0674161572 0.192351551 -0.979007631 -0.0674161572 0.192351551 -0.979007631 -0.0674161572 0.192351551 -0.992690916 -0.0683584118 0.0994578953 -0.992690916 -0.0683584118 0.0994578953 -0.992690916 -0.0683584118 0.0994578953 -0.99268768 -0.068307827 0.0995249216 -0.99268768 -0.068307827 0.0995249216 -0.99268768 -0.068307827 0.0995249216 -0.997155845 -0.0686152858 0.0311795416 -0.997155845 -0.0686152858 0.0311795416 -0.997155845 -0.0686152858 0.0311795416 -0.997155907 -0.0686123256 0.0311840662 -0.997155907 -0.0686123256 0.0311840662 -0.997155907 -0.0686123256 0.0311840662 -0.997156052 -0.0686123356 -0.0311794139 -0.997156052 -0.0686123356 -0.0311794139 -0.997156052 -0.0686123356 -0.0311794139 -0.997155693 -0.0686152753 -0.0311844321 -0.997155693 -0.0686152753 -0.0311844321 -0.997155693 -0.0686152753 -0.0311844321 -0.992695047 -0.0683083339 -0.0994510674 -0.992695047 -0.0683083339 -0.0994510674 -0.992695047 -0.0683083339 -0.0994510674 -0.992682253 -0.0683578153 -0.0995447271 -0.992682253 -0.0683578153 -0.0995447271 -0.992682253 -0.0683578153 -0.0995447271 -0.979009033 -0.0674162537 -0.192344386 -0.979009033 -0.0674162537 -0.192344386 -0.979009033 -0.0674162537 -0.192344386 -0.979006449 -0.0674215634 -0.192355674 -0.979006449 -0.0674215634 -0.192355674 -0.979006449 -0.0674215634 -0.192355674 -0.930931172 -0.0641107473 -0.359523246 -0.930931172 -0.0641107473 -0.359523246 -0.930931172 -0.0641107473 -0.359523246 -0.930844058 -0.06419614 -0.359733507 -0.930844058 -0.06419614 -0.359733507 -0.930844058 -0.06419614 -0.359733507 -0.626275067 -0.0431913826 -0.778404808 -0.626275067 -0.0431913826 -0.778404808 -0.626275067 -0.0431913826 -0.778404808 -0.666099339 0 0.745863038 -0.666099339 0 0.745863038 -0.666099339 0 0.745863038 -0.94446895 0 0.328600672 -0.94446895 0 0.328600672 -0.94446895 0 0.328600672 -0.94446895 0 0.328600672 -0.94446895 0 0.328600672 -0.94446895 0 0.328600672 -0.984705151 0 0.174229062 -0.984705151 0 0.174229062 -0.984705151 0 0.174229062 -0.984705151 0 0.174229062 -0.984705151 0 0.174229062 -0.984705151 0 0.174229062 -0.995948756 0 0.0899226044 -0.995948756 0 0.0899226044 -0.995948756 0 0.0899226044 -0.995948756 0 0.0899226044 -0.995948756 0 0.0899226044 -0.995948756 0 0.0899226044 -0.999603888 0 0.0281436996 -0.999603888 0 0.0281436996 -0.999603888 0 0.0281436996 -0.999603888 0 0.0281436996 -0.999603888 0 0.0281436996 -0.999603888 0 0.0281436996 -0.999603888 0 -0.0281436996 -0.999603888 0 -0.0281436996 -0.999603888 0 -0.0281436996 -0.999603888 -0 -0.0281436996 -0.999603888 -0 -0.0281436996 -0.999603888 -0 -0.0281436996 -0.995948756 0 -0.0899226044 -0.995948756 0 -0.0899226044 -0.995948756 0 -0.0899226044 -0.995948756 -0 -0.0899226044 -0.995948756 -0 -0.0899226044 -0.995948756 -0 -0.0899226044 -0.984705151 0 -0.174229062 -0.984705151 0 -0.174229062 -0.984705151 0 -0.174229062 -0.984705151 -0 -0.174229062 -0.984705151 -0 -0.174229062 -0.984705151 -0 -0.174229062 -0.94446895 0 -0.328600672 -0.94446895 0 -0.328600672 -0.94446895 0 -0.328600672 -0.94446895 -0 -0.328600672 -0.94446895 -0 -0.328600672 -0.94446895 -0 -0.328600672 -0.666099339 0 -0.745863038 -0.666099339 0 -0.745863038 -0.666099339 0 -0.745863038 -0.626275067 0.0431913826 0.778404808 -0.626275067 0.0431913826 0.778404808 -0.626275067 0.0431913826 0.778404808 -0.930844058 0.06419614 0.359733507 -0.930844058 0.06419614 0.359733507 -0.930844058 0.06419614 0.359733507 -0.930931172 0.0641107473 0.359523246 -0.930931172 0.0641107473 0.359523246 -0.930931172 0.0641107473 0.359523246 -0.979006449 0.0674215634 0.192355674 -0.979006449 0.0674215634 0.192355674 -0.979006449 0.0674215634 0.192355674 -0.979009033 0.0674162537 0.192344386 -0.979009033 0.0674162537 0.192344386 -0.979009033 0.0674162537 0.192344386 -0.992682253 0.0683578153 0.0995447271 -0.992682253 0.0683578153 0.0995447271 -0.992682253 0.0683578153 0.0995447271 -0.992695047 0.0683083339 0.0994510674 -0.992695047 0.0683083339 0.0994510674 -0.992695047 0.0683083339 0.0994510674 -0.997155693 0.0686152753 0.0311844321 -0.997155693 0.0686152753 0.0311844321 -0.997155693 0.0686152753 0.0311844321 -0.997156052 0.0686123356 0.0311794139 -0.997156052 0.0686123356 0.0311794139 -0.997156052 0.0686123356 0.0311794139 -0.997155907 0.0686123256 -0.0311840662 -0.997155907 0.0686123256 -0.0311840662 -0.997155907 0.0686123256 -0.0311840662 -0.997155845 0.0686152858 -0.0311795416 -0.997155845 0.0686152858 -0.0311795416 -0.997155845 0.0686152858 -0.0311795416 -0.99268768 0.068307827 -0.0995249216 -0.99268768 0.068307827 -0.0995249216 -0.99268768 0.068307827 -0.0995249216 -0.992690916 0.0683584118 -0.0994578953 -0.992690916 0.0683584118 -0.0994578953 -0.992690916 0.0683584118 -0.0994578953 -0.979007631 0.0674161572 -0.192351551 -0.979007631 0.0674161572 -0.192351551 -0.979007631 0.0674161572 -0.192351551 -0.979008377 0.0674216962 -0.192345813 -0.979008377 0.0674216962 -0.192345813 -0.979008377 0.0674216962 -0.192345813 -0.930897198 0.0641084076 -0.359611623 -0.930897198 0.0641084076 -0.359611623 -0.930897198 0.0641084076 -0.359611623 -0.93090871 0.0642005988 -0.359565371 -0.93090871 0.0642005988 -0.359565371 -0.93090871 0.0642005988 -0.359565371 -0.626275067 0.0431913826 -0.778404808 -0.626275067 0.0431913826 -0.778404808 -0.626275067 0.0431913826 -0.778404808 -0.484664116 0.0869600351 0.870366961 -0.484664116 0.0869600351 0.870366961 -0.484664116 0.0869600351 0.870366961 -0.862612203 0.154772728 0.481607299 -0.862612203 0.154772728 0.481607299 -0.862612203 0.154772728 0.481607299 -0.862392062 0.154891746 0.48196315 -0.862392062 0.154891746 0.48196315 -0.862392062 0.154891746 0.48196315 -0.947636668 0.170202284 0.270214596 -0.947636668 0.170202284 0.270214596 -0.947636668 0.170202284 0.270214596 -0.94803662 0.169697518 0.26912696 -0.94803662 0.169697518 0.26912696 -0.94803662 0.169697518 0.26912696 -0.974504831 0.174435299 0.141112227 -0.974504831 0.174435299 0.141112227 -0.974504831 0.174435299 0.141112227 -0.97451195 0.174418377 0.141083978 -0.97451195 0.174418377 0.141083978 -0.97451195 0.174418377 0.141083978 -0.983391253 0.176007597 0.0443054182 -0.983391253 0.176007597 0.0443054182 -0.983391253 0.176007597 0.0443054182 -0.983378088 0.17606287 0.0443779332 -0.983378088 0.17606287 0.0443779332 -0.983378088 0.17606287 0.0443779332 -0.983380821 0.176063359 -0.0443154078 -0.983380821 0.176063359 -0.0443154078 -0.983380821 0.176063359 -0.0443154078 -0.983388381 0.176007083 -0.0443711541 -0.983388381 0.176007083 -0.0443711541 -0.983388381 0.176007083 -0.0443711541 -0.974509387 0.174417919 -0.141102246 -0.974509387 0.174417919 -0.141102246 -0.974509387 0.174417919 -0.141102246 -0.974507846 0.174435838 -0.141090736 -0.974507846 0.174435838 -0.141090736 -0.974507846 0.174435838 -0.141090736 -0.947898486 0.169672792 -0.269628642 -0.947898486 0.169672792 -0.269628642 -0.947898486 0.169672792 -0.269628642 -0.947826922 0.170236455 -0.269524906 -0.947826922 0.170236455 -0.269524906 -0.947826922 0.170236455 -0.269524906 -0.862442682 0.154900838 -0.481869641 -0.862442682 0.154900838 -0.481869641 -0.862442682 0.154900838 -0.481869641 -0.862515893 0.154755448 -0.48178531 -0.862515893 0.154755448 -0.48178531 -0.862515893 0.154755448 -0.48178531 -0.484664116 0.0869600351 -0.870366961 -0.484664116 0.0869600351 -0.870366961 -0.484664116 0.0869600351 -0.870366961 -0.193836341 0.12124429 0.973512863 -0.193836341 0.12124429 0.973512863 -0.193836341 0.12124429 0.973512863 -0.510646829 0.319408691 0.798259297 -0.510646829 0.319408691 0.798259297 -0.510646829 0.319408691 0.798259297 -0.511149613 0.319334498 0.797967137 -0.511149613 0.319334498 0.797967137 -0.511149613 0.319334498 0.797967137 -0.703212363 0.439323362 0.559005685 -0.703212363 0.439323362 0.559005685 -0.703212363 0.439323362 0.559005685 -0.702818815 0.439495701 0.559365035 -0.702818815 0.439495701 0.559365035 -0.702818815 0.439495701 0.559365035 -0.801841069 0.501417571 0.325009722 -0.801841069 0.501417571 0.325009722 -0.801841069 0.501417571 0.325009722 -0.801239183 0.501943672 0.325681318 -0.801239183 0.501943672 0.325681318 -0.801239183 0.501943672 0.325681318 -0.842629316 0.527872903 0.106423842 -0.842629316 0.527872903 0.106423842 -0.842629316 0.527872903 0.106423842 -0.842659574 0.527831052 0.106391834 -0.842659574 0.527831052 0.106391834 -0.842659574 0.527831052 0.106391834 -0.842657461 0.527829728 -0.106415137 -0.842657461 0.527829728 -0.106415137 -0.842657461 0.527829728 -0.106415137 -0.842631539 0.527874295 -0.10639933 -0.842631539 0.527874295 -0.10639933 -0.842631539 0.527874295 -0.10639933 -0.801325419 0.501997696 -0.325385749 -0.801325419 0.501997696 -0.325385749 -0.801325419 0.501997696 -0.325385749 -0.801739889 0.501354299 -0.325356754 -0.801739889 0.501354299 -0.325356754 -0.801739889 0.501354299 -0.325356754 -0.702873877 0.439530133 -0.559268786 -0.702873877 0.439530133 -0.559268786 -0.702873877 0.439530133 -0.559268786 -0.703136456 0.43927594 -0.55913842 -0.703136456 0.43927594 -0.55913842 -0.703136456 0.43927594 -0.55913842 -0.511106079 0.319307301 -0.798005905 -0.511106079 0.319307301 -0.798005905 -0.511106079 0.319307301 -0.798005905 -0.510729443 0.319460366 -0.798185762 -0.510729443 0.319460366 -0.798185762 -0.510729443 0.319460366 -0.798185762 -0.193836341 0.12124429 -0.973512863 -0.193836341 0.12124429 -0.973512863 -0.193836341 0.12124429 -0.973512863</float_array><technique_common><accessor source="#part1-normals-array" count="756" stride="3"><param name="X" type="float" /><param name="Y" type="float" /><param name="Z" type="float" /></accessor></technique_common></source><vertices id="part1-vertices"><input semantic="POSITION" source="#part1-positions" /></vertices><triangles count="252" material="material"><input semantic="VERTEX" source="#part1-vertices" offset="0" /><input semantic="NORMAL" source="#part1-normals" offset="0" /><p>0 1 2 3 4 5 6 7 8 9 10 11 12 13 14 15 16 17 18 19 20 21 22 23 24 25 26 27 28 29 30 31 32 33 34 35 36 37 38 39 40 41 42 43 44 45 46 47 48 49 50 51 52 53 54 55 56 57 58 59 60 61 62 63 64 65 66 67 68 69 70 71 72 73 74 75 76 77 78 79 80 81 82 83 84 85 86 87 88 89 90 91 92 93 94 95 96 97 98 99 100 101 102 103 104 105 106 107 108 109 110 111 112 113 114 115 116 117 118 119 120 121 122 123 124 125 126 127 128 129 130 131 132 133 134 135 136 137 138 139 140 141 142 143 144 145 146 147 148 149 150 151 152 153 154 155 156 157 158 159 160 161 162 163 164 165 166 167 168 169 170 171 172 173 174 175 176 177 178 179 180 181 182 183 184 185 186 187 188 189 190 191 192 193 194 195 196 197 198 199 200 201 202 203 204 205 206 207 208 209 210 211 212 213 214 215 216 217 218 219 220 221 222 223 224 225 226 227 228 229 230 231 232 233 234 235 236 237 238 239 240 241 242 243 244 245 246 247 248 249 250 251 252 253 254 255 256 257 258 259 260 261 262 263 264 265 266 267 268 269 270 271 272 273 274 275 276 277 278 279 280 281 282 283 284 285 286 287 288 289 290 291 292 293 294 295 296 297 298 299 300 301 302 303 304 305 306 307 308 309 310 311 312 313 314 315 316 317 318 319 320 321 322 323 324 325 326 327 328 329 330 331 332 333 334 335 336 337 338 339 340 341 342 343 344 345 346 347 348 349 350 351 352 353 354 355 356 357 358 359 360 361 362 363 364 365 366 367 368 369 370 371 372 373 374 375 376 377 378 379 380 381 382 383 384 385 386 387 388 389 390 391 392 393 394 395 396 397 398 399 400 401 402 403 404 405 406 407 408 409 410 411 412 413 414 415 416 417 418 419 420 421 422 423 424 425 426 427 428 429 430 431 432 433 434 435 436 437 438 439 440 441 442 443 444 445 446 447 448 449 450 451 452 453 454 455 456 457 458 459 460 461 462 463 464 465 466 467 468 469 470 471 472 473 474 475 476 477 478 479 480 481 482 483 484 485 486 487 488 489 490 491 492 493 494 495 496 497 498 499 500 501 502 503 504 505 506 507 508 509 510 511 512 513 514 515 516 517 518 519 520 521 522 523 524 525 526 527 528 529 530 531 532 533 534 535 536 537 538 539 540 541 542 543 544 545 546 547 548 549 550 551 552 553 554 555 556 557 558 559 560 561 562 563 564 565 566 567 568 569 570 571 572 573 574 575 576 577 578 579 580 581 582 583 584 585 586 587 588 589 590 591 592 593 594 595 596 597 598 599 600 601 602 603 604 605 606 607 608 609 610 611 612 613 614 615 616 617 618 619 620 621 622 623 624 625 626 627 628 629 630 631 632 633 634 635 636 637 638 639 640 641 642 643 644 645 646 647 648 649 650 651 652 653 654 655 656 657 658 659 660 661 662 663 664 665 666 667 668 669 670 671 672 673 674 675 676 677 678 679 680 681 682 683 684 685 686 687 688 689 690 691 692 693 694 695 696 697 698 699 700 701 702 703 704 705 706 707 708 709 710 711 712 713 714 715 716 717 718 719 720 721 722 723 724 725 726 727 728 729 730 731 732 733 734 735 736 737 738 739 740 741 742 743 744 745 746 747 748 749 750 751 752 753 754 755</p></triangles></mesh></geometry><geometry id="part2"><mesh><source id="part2-positions"><float_array id="part2-positions-array" count="3240">0.0957319584 0.0676884205 0.00315278386 0.0977793558 0.0707302657 0.00255806396 0.0957319584 0.0714517313 0.00255806396 0.0957319584 0.0714517313 0.00255806396 0.0977793558 0.0707302657 0.00255806396 0.099631763 0.0734796297 0.000832400744 0.0957319584 0.0714517313 0.00255806396 0.099631763 0.0734796297 0.000832400744 0.0957319584 0.0748445625 0.000832400744 0.0957319584 0.0748445625 0.000832400744 0.099631763 0.0734796297 0.000832400744 0.10109419 0.075653771 -0.00186821421 0.0957319584 0.0748445625 0.000832400744 0.10109419 0.075653771 -0.00186821421 0.0957319584 0.0775354264 -0.00186821421 0.0957319584 0.0775354264 -0.00186821421 0.10109419 0.075653771 -0.00186821421 0.102039893 0.0770577007 -0.00526104417 0.0957319584 0.0775354264 -0.00186821421 0.102039893 0.0770577007 -0.00526104417 0.0957319584 0.0792708388 -0.00526104417 0.0957319584 0.0792708388 -0.00526104417 0.102039893 0.0770577007 -0.00526104417 0.102361626 0.0775354264 -0.00902435556 0.0957319584 0.0792708388 -0.00526104417 0.102361626 0.0775354264 -0.00902435556 0.0957319584 0.0798655599 -0.00902435556 0.0957319584 0.0798655599 -0.00902435556 0.102361626 0.0775354264 -0.00902435556 0.102039893 0.0770577007 -0.012787667 0.0957319584 0.0798655599 -0.00902435556 0.102039893 0.0770577007 -0.012787667 0.0957319584 0.0792708388 -0.012787667 0.0957319584 0.0792708388 -0.012787667 0.102039893 0.0770577007 -0.012787667 0.10109419 0.075653771 -0.0161804969 0.0957319584 0.0792708388 -0.012787667 0.10109419 0.075653771 -0.0161804969 0.0957319584 0.0775354264 -0.0161804969 0.0957319584 0.0775354264 -0.0161804969 0.10109419 0.075653771 -0.0161804969 0.099631763 0.0734796297 -0.0188811119 0.0957319584 0.0775354264 -0.0161804969 0.099631763 0.0734796297 -0.0188811119 0.0957319584 0.0748445625 -0.0188811119 0.0957319584 0.0748445625 -0.0188811119 0.099631763 0.0734796297 -0.0188811119 0.0977793558 0.0707302657 -0.0206067751 0.0957319584 0.0748445625 -0.0188811119 0.0977793558 0.0707302657 -0.0206067751 0.0957319584 0.0714517313 -0.0206067751 0.0957319584 0.0714517313 -0.0206067751 0.0977793558 0.0707302657 -0.0206067751 0.0957319584 0.0676884205 -0.021201495 0.0957319584 0.0676884205 0.00315278386 0.0990467923 0.0688486103 0.00255806396 0.0977793558 0.0707302657 0.00255806396 0.0977793558 0.0707302657 0.00255806396 0.0990467923 0.0688486103 0.00255806396 0.102039893 0.0698918095 0.000832400744 0.0977793558 0.0707302657 0.00255806396 0.102039893 0.0698918095 0.000832400744 0.099631763 0.0734796297 0.000832400744 0.099631763 0.0734796297 0.000832400744 0.102039893 0.0698918095 0.000832400744 0.104409024 0.0707302657 -0.00186821421 0.099631763 0.0734796297 0.000832400744 0.104409024 0.0707302657 -0.00186821421 0.10109419 0.075653771 -0.00186821421 0.10109419 0.075653771 -0.00186821421 0.104409024 0.0707302657 -0.00186821421 0.105929948 0.0712664915 -0.00526104417 0.10109419 0.075653771 -0.00186821421 0.105929948 0.0712664915 -0.00526104417 0.102039893 0.0770577007 -0.00526104417 0.102039893 0.0770577007 -0.00526104417 0.105929948 0.0712664915 -0.00526104417 0.106456421 0.0714517313 -0.00902435556 0.102039893 0.0770577007 -0.00526104417 0.106456421 0.0714517313 -0.00902435556 0.102361626 0.0775354264 -0.00902435556 0.102361626 0.0775354264 -0.00902435556 0.106456421 0.0714517313 -0.00902435556 0.105929948 0.0712664915 -0.012787667 0.102361626 0.0775354264 -0.00902435556 0.105929948 0.0712664915 -0.012787667 0.102039893 0.0770577007 -0.012787667 0.102039893 0.0770577007 -0.012787667 0.105929948 0.0712664915 -0.012787667 0.104409024 0.0707302657 -0.0161804969 0.102039893 0.0770577007 -0.012787667 0.104409024 0.0707302657 -0.0161804969 0.10109419 0.075653771 -0.0161804969 0.10109419 0.075653771 -0.0161804969 0.104409024 0.0707302657 -0.0161804969 0.102039893 0.0698918095 -0.0188811119 0.10109419 0.075653771 -0.0161804969 0.102039893 0.0698918095 -0.0188811119 0.099631763 0.0734796297 -0.0188811119 0.099631763 0.0734796297 -0.0188811119 0.102039893 0.0698918095 -0.0188811119 0.0990467923 0.0688486103 -0.0206067751 0.099631763 0.0734796297 -0.0188811119 0.0990467923 0.0688486103 -0.0206067751 0.0977793558 0.0707302657 -0.0206067751 0.0977793558 0.0707302657 -0.0206067751 0.0990467923 0.0688486103 -0.0206067751 0.0957319584 0.0676884205 -0.021201495 0.0957319584 0.0676884205 0.00315278386 0.0990467923 0.0665184768 0.00255806396 0.0990467923 0.0688486103 0.00255806396 0.0990467923 0.0688486103 0.00255806396 0.0990467923 0.0665184768 0.00255806396 0.102039893 0.0654752823 0.000832400744 0.0990467923 0.0688486103 0.00255806396 0.102039893 0.0654752823 0.000832400744 0.102039893 0.0698918095 0.000832400744 0.102039893 0.0698918095 0.000832400744 0.102039893 0.0654752823 0.000832400744 0.104409024 0.0646368214 -0.00186821421 0.102039893 0.0698918095 0.000832400744 0.104409024 0.0646368214 -0.00186821421 0.104409024 0.0707302657 -0.00186821421 0.104409024 0.0707302657 -0.00186821421 0.104409024 0.0646368214 -0.00186821421 0.105929948 0.0641006003 -0.00526104417 0.104409024 0.0707302657 -0.00186821421 0.105929948 0.0641006003 -0.00526104417 0.105929948 0.0712664915 -0.00526104417 0.105929948 0.0712664915 -0.00526104417 0.105929948 0.0641006003 -0.00526104417 0.106456421 0.0639153605 -0.00902435556 0.105929948 0.0712664915 -0.00526104417 0.106456421 0.0639153605 -0.00902435556 0.106456421 0.0714517313 -0.00902435556 0.106456421 0.0714517313 -0.00902435556 0.106456421 0.0639153605 -0.00902435556 0.105929948 0.0641006003 -0.012787667 0.106456421 0.0714517313 -0.00902435556 0.105929948 0.0641006003 -0.012787667 0.105929948 0.0712664915 -0.012787667 0.105929948 0.0712664915 -0.012787667 0.105929948 0.0641006003 -0.012787667 0.104409024 0.0646368214 -0.0161804969 0.105929948 0.0712664915 -0.012787667 0.104409024 0.0646368214 -0.0161804969 0.104409024 0.0707302657 -0.0161804969 0.104409024 0.0707302657 -0.0161804969 0.104409024 0.0646368214 -0.0161804969 0.102039893 0.0654752823 -0.0188811119 0.104409024 0.0707302657 -0.0161804969 0.102039893 0.0654752823 -0.0188811119 0.102039893 0.0698918095 -0.0188811119 0.102039893 0.0698918095 -0.0188811119 0.102039893 0.0654752823 -0.0188811119 0.0990467923 0.0665184768 -0.0206067751 0.102039893 0.0698918095 -0.0188811119 0.0990467923 0.0665184768 -0.0206067751 0.0990467923 0.0688486103 -0.0206067751 0.0990467923 0.0688486103 -0.0206067751 0.0990467923 0.0665184768 -0.0206067751 0.0957319584 0.0676884205 -0.021201495 0.0957319584 0.0676884205 0.00315278386 0.0977793558 0.0646368214 0.00255806396 0.0990467923 0.0665184768 0.00255806396 0.0990467923 0.0665184768 0.00255806396 0.0977793558 0.0646368214 0.00255806396 0.099631763 0.0618874621 0.000832400744 0.0990467923 0.0665184768 0.00255806396 0.099631763 0.0618874621 0.000832400744 0.102039893 0.0654752823 0.000832400744 0.102039893 0.0654752823 0.000832400744 0.099631763 0.0618874621 0.000832400744 0.10109419 0.0597108835 -0.00186821421 0.102039893 0.0654752823 0.000832400744 0.10109419 0.0597108835 -0.00186821421 0.104409024 0.0646368214 -0.00186821421 0.104409024 0.0646368214 -0.00186821421 0.10109419 0.0597108835 -0.00186821421 0.102039893 0.0583069539 -0.00526104417 0.104409024 0.0646368214 -0.00186821421 0.102039893 0.0583069539 -0.00526104417 0.105929948 0.0641006003 -0.00526104417 0.105929948 0.0641006003 -0.00526104417 0.102039893 0.0583069539 -0.00526104417 0.102361626 0.0578292281 -0.00902435556 0.105929948 0.0641006003 -0.00526104417 0.102361626 0.0578292281 -0.00902435556 0.106456421 0.0639153605 -0.00902435556 0.106456421 0.0639153605 -0.00902435556 0.102361626 0.0578292281 -0.00902435556 0.102039893 0.0583069539 -0.012787667 0.106456421 0.0639153605 -0.00902435556 0.102039893 0.0583069539 -0.012787667 0.105929948 0.0641006003 -0.012787667 0.105929948 0.0641006003 -0.012787667 0.102039893 0.0583069539 -0.012787667 0.10109419 0.0597108835 -0.0161804969 0.105929948 0.0641006003 -0.012787667 0.10109419 0.0597108835 -0.0161804969 0.104409024 0.0646368214 -0.0161804969 0.104409024 0.0646368214 -0.0161804969 0.10109419 0.0597108835 -0.0161804969 0.099631763 0.0618874621 -0.0188811119 0.104409024 0.0646368214 -0.0161804969 0.099631763 0.0618874621 -0.0188811119 0.102039893 0.0654752823 -0.0188811119 0.102039893 0.0654752823 -0.0188811119 0.099631763 0.0618874621 -0.0188811119 0.0977793558 0.0646368214 -0.0206067751 0.102039893 0.0654752823 -0.0188811119 0.0977793558 0.0646368214 -0.0206067751 0.0990467923 0.0665184768 -0.0206067751 0.0990467923 0.0665184768 -0.0206067751 0.0977793558 0.0646368214 -0.0206067751 0.0957319584 0.0676884205 -0.021201495 0.0957319584 0.0676884205 0.00315278386 0.0957319584 0.0639153605 0.00255806396 0.0977793558 0.0646368214 0.00255806396 0.0977793558 0.0646368214 0.00255806396 0.0957319584 0.0639153605 0.00255806396 0.0957319584 0.0605225294 0.000832400744 0.0977793558 0.0646368214 0.00255806396 0.0957319584 0.0605225294 0.000832400744 0.099631763 0.0618874621 0.000832400744 0.099631763 0.0618874621 0.000832400744 0.0957319584 0.0605225294 0.000832400744 0.0957319584 0.0578292281 -0.00186821421 0.099631763 0.0618874621 0.000832400744 0.0957319584 0.0578292281 -0.00186821421 0.10109419 0.0597108835 -0.00186821421 0.10109419 0.0597108835 -0.00186821421 0.0957319584 0.0578292281 -0.00186821421 0.0957319584 0.0560938157 -0.00526104417 0.10109419 0.0597108835 -0.00186821421 0.0957319584 0.0560938157 -0.00526104417 0.102039893 0.0583069539 -0.00526104417 0.102039893 0.0583069539 -0.00526104417 0.0957319584 0.0560938157 -0.00526104417 0.0957319584 0.0554990946 -0.00902435556 0.102039893 0.0583069539 -0.00526104417 0.0957319584 0.0554990946 -0.00902435556 0.102361626 0.0578292281 -0.00902435556 0.102361626 0.0578292281 -0.00902435556 0.0957319584 0.0554990946 -0.00902435556 0.0957319584 0.0560938157 -0.012787667 0.102361626 0.0578292281 -0.00902435556 0.0957319584 0.0560938157 -0.012787667 0.102039893 0.0583069539 -0.012787667 0.102039893 0.0583069539 -0.012787667 0.0957319584 0.0560938157 -0.012787667 0.0957319584 0.0578292281 -0.0161804969 0.102039893 0.0583069539 -0.012787667 0.0957319584 0.0578292281 -0.0161804969 0.10109419 0.0597108835 -0.0161804969 0.10109419 0.0597108835 -0.0161804969 0.0957319584 0.0578292281 -0.0161804969 0.0957319584 0.0605225294 -0.0188811119 0.10109419 0.0597108835 -0.0161804969 0.0957319584 0.0605225294 -0.0188811119 0.099631763 0.0618874621 -0.0188811119 0.099631763 0.0618874621 -0.0188811119 0.0957319584 0.0605225294 -0.0188811119 0.0957319584 0.0639153605 -0.0206067751 0.099631763 0.0618874621 -0.0188811119 0.0957319584 0.0639153605 -0.0206067751 0.0977793558 0.0646368214 -0.0206067751 0.0977793558 0.0646368214 -0.0206067751 0.0957319584 0.0639153605 -0.0206067751 0.0957319584 0.0676884205 -0.021201495 0.0957319584 0.0676884205 0.00315278386 0.093684561 0.0646368214 0.00255806396 0.0957319584 0.0639153605 0.00255806396 0.0957319584 0.0639153605 0.00255806396 0.093684561 0.0646368214 0.00255806396 0.0918321539 0.0618874621 0.000832400744 0.0957319584 0.0639153605 0.00255806396 0.0918321539 0.0618874621 0.000832400744 0.0957319584 0.0605225294 0.000832400744 0.0957319584 0.0605225294 0.000832400744 0.0918321539 0.0618874621 0.000832400744 0.0903697272 0.0597108835 -0.00186821421 0.0957319584 0.0605225294 0.000832400744 0.0903697272 0.0597108835 -0.00186821421 0.0957319584 0.0578292281 -0.00186821421 0.0957319584 0.0578292281 -0.00186821421 0.0903697272 0.0597108835 -0.00186821421 0.0894240243 0.0583069539 -0.00526104417 0.0957319584 0.0578292281 -0.00186821421 0.0894240243 0.0583069539 -0.00526104417 0.0957319584 0.0560938157 -0.00526104417 0.0957319584 0.0560938157 -0.00526104417 0.0894240243 0.0583069539 -0.00526104417 0.0891022907 0.0578292281 -0.00902435556 0.0957319584 0.0560938157 -0.00526104417 0.0891022907 0.0578292281 -0.00902435556 0.0957319584 0.0554990946 -0.00902435556 0.0957319584 0.0554990946 -0.00902435556 0.0891022907 0.0578292281 -0.00902435556 0.0894240243 0.0583069539 -0.012787667 0.0957319584 0.0554990946 -0.00902435556 0.0894240243 0.0583069539 -0.012787667 0.0957319584 0.0560938157 -0.012787667 0.0957319584 0.0560938157 -0.012787667 0.0894240243 0.0583069539 -0.012787667 0.0903697272 0.0597108835 -0.0161804969 0.0957319584 0.0560938157 -0.012787667 0.0903697272 0.0597108835 -0.0161804969 0.0957319584 0.0578292281 -0.0161804969 0.0957319584 0.0578292281 -0.0161804969 0.0903697272 0.0597108835 -0.0161804969 0.0918321539 0.0618874621 -0.0188811119 0.0957319584 0.0578292281 -0.0161804969 0.0918321539 0.0618874621 -0.0188811119 0.0957319584 0.0605225294 -0.0188811119 0.0957319584 0.0605225294 -0.0188811119 0.0918321539 0.0618874621 -0.0188811119 0.093684561 0.0646368214 -0.0206067751 0.0957319584 0.0605225294 -0.0188811119 0.093684561 0.0646368214 -0.0206067751 0.0957319584 0.0639153605 -0.0206067751 0.0957319584 0.0639153605 -0.0206067751 0.093684561 0.0646368214 -0.0206067751 0.0957319584 0.0676884205 -0.021201495 0.0957319584 0.0676884205 0.00315278386 0.0924171246 0.0665184768 0.00255806396 0.093684561 0.0646368214 0.00255806396 0.093684561 0.0646368214 0.00255806396 0.0924171246 0.0665184768 0.00255806396 0.0894240243 0.0654752823 0.000832400744 0.093684561 0.0646368214 0.00255806396 0.0894240243 0.0654752823 0.000832400744 0.0918321539 0.0618874621 0.000832400744 0.0918321539 0.0618874621 0.000832400744 0.0894240243 0.0654752823 0.000832400744 0.0870548933 0.0646368214 -0.00186821421 0.0918321539 0.0618874621 0.000832400744 0.0870548933 0.0646368214 -0.00186821421 0.0903697272 0.0597108835 -0.00186821421 0.0903697272 0.0597108835 -0.00186821421 0.0870548933 0.0646368214 -0.00186821421 0.0855339689 0.0641006003 -0.00526104417 0.0903697272 0.0597108835 -0.00186821421 0.0855339689 0.0641006003 -0.00526104417 0.0894240243 0.0583069539 -0.00526104417 0.0894240243 0.0583069539 -0.00526104417 0.0855339689 0.0641006003 -0.00526104417 0.0850074959 0.0639153605 -0.00902435556 0.0894240243 0.0583069539 -0.00526104417 0.0850074959 0.0639153605 -0.00902435556 0.0891022907 0.0578292281 -0.00902435556 0.0891022907 0.0578292281 -0.00902435556 0.0850074959 0.0639153605 -0.00902435556 0.0855339689 0.0641006003 -0.012787667 0.0891022907 0.0578292281 -0.00902435556 0.0855339689 0.0641006003 -0.012787667 0.0894240243 0.0583069539 -0.012787667 0.0894240243 0.0583069539 -0.012787667 0.0855339689 0.0641006003 -0.012787667 0.0870548933 0.0646368214 -0.0161804969 0.0894240243 0.0583069539 -0.012787667 0.0870548933 0.0646368214 -0.0161804969 0.0903697272 0.0597108835 -0.0161804969 0.0903697272 0.0597108835 -0.0161804969 0.0870548933 0.0646368214 -0.0161804969 0.0894240243 0.0654752823 -0.0188811119 0.0903697272 0.0597108835 -0.0161804969 0.0894240243 0.0654752823 -0.0188811119 0.0918321539 0.0618874621 -0.0188811119 0.0918321539 0.0618874621 -0.0188811119 0.0894240243 0.0654752823 -0.0188811119 0.0924171246 0.0665184768 -0.0206067751 0.0918321539 0.0618874621 -0.0188811119 0.0924171246 0.0665184768 -0.0206067751 0.093684561 0.0646368214 -0.0206067751 0.093684561 0.0646368214 -0.0206067751 0.0924171246 0.0665184768 -0.0206067751 0.0957319584 0.0676884205 -0.021201495 0.0957319584 0.0676884205 0.00315278386 0.0924171246 0.0688486103 0.00255806396 0.0924171246 0.0665184768 0.00255806396 0.0924171246 0.0665184768 0.00255806396 0.0924171246 0.0688486103 0.00255806396 0.0894240243 0.0698918095 0.000832400744 0.0924171246 0.0665184768 0.00255806396 0.0894240243 0.0698918095 0.000832400744 0.0894240243 0.0654752823 0.000832400744 0.0894240243 0.0654752823 0.000832400744 0.0894240243 0.0698918095 0.000832400744 0.0870548933 0.0707302657 -0.00186821421 0.0894240243 0.0654752823 0.000832400744 0.0870548933 0.0707302657 -0.00186821421 0.0870548933 0.0646368214 -0.00186821421 0.0870548933 0.0646368214 -0.00186821421 0.0870548933 0.0707302657 -0.00186821421 0.0855339689 0.0712664915 -0.00526104417 0.0870548933 0.0646368214 -0.00186821421 0.0855339689 0.0712664915 -0.00526104417 0.0855339689 0.0641006003 -0.00526104417 0.0855339689 0.0641006003 -0.00526104417 0.0855339689 0.0712664915 -0.00526104417 0.0850074959 0.0714517313 -0.00902435556 0.0855339689 0.0641006003 -0.00526104417 0.0850074959 0.0714517313 -0.00902435556 0.0850074959 0.0639153605 -0.00902435556 0.0850074959 0.0639153605 -0.00902435556 0.0850074959 0.0714517313 -0.00902435556 0.0855339689 0.0712664915 -0.012787667 0.0850074959 0.0639153605 -0.00902435556 0.0855339689 0.0712664915 -0.012787667 0.0855339689 0.0641006003 -0.012787667 0.0855339689 0.0641006003 -0.012787667 0.0855339689 0.0712664915 -0.012787667 0.0870548933 0.0707302657 -0.0161804969 0.0855339689 0.0641006003 -0.012787667 0.0870548933 0.0707302657 -0.0161804969 0.0870548933 0.0646368214 -0.0161804969 0.0870548933 0.0646368214 -0.0161804969 0.0870548933 0.0707302657 -0.0161804969 0.0894240243 0.0698918095 -0.0188811119 0.0870548933 0.0646368214 -0.0161804969 0.0894240243 0.0698918095 -0.0188811119 0.0894240243 0.0654752823 -0.0188811119 0.0894240243 0.0654752823 -0.0188811119 0.0894240243 0.0698918095 -0.0188811119 0.0924171246 0.0688486103 -0.0206067751 0.0894240243 0.0654752823 -0.0188811119 0.0924171246 0.0688486103 -0.0206067751 0.0924171246 0.0665184768 -0.0206067751 0.0924171246 0.0665184768 -0.0206067751 0.0924171246 0.0688486103 -0.0206067751 0.0957319584 0.0676884205 -0.021201495 0.0957319584 0.0676884205 0.00315278386 0.093684561 0.0707302657 0.00255806396 0.0924171246 0.0688486103 0.00255806396 0.0924171246 0.0688486103 0.00255806396 0.093684561 0.0707302657 0.00255806396 0.0918321539 0.0734796297 0.000832400744 0.0924171246 0.0688486103 0.00255806396 0.0918321539 0.0734796297 0.000832400744 0.0894240243 0.0698918095 0.000832400744 0.0894240243 0.0698918095 0.000832400744 0.0918321539 0.0734796297 0.000832400744 0.0903697272 0.075653771 -0.00186821421 0.0894240243 0.0698918095 0.000832400744 0.0903697272 0.075653771 -0.00186821421 0.0870548933 0.0707302657 -0.00186821421 0.0870548933 0.0707302657 -0.00186821421 0.0903697272 0.075653771 -0.00186821421 0.0894240243 0.0770577007 -0.00526104417 0.0870548933 0.0707302657 -0.00186821421 0.0894240243 0.0770577007 -0.00526104417 0.0855339689 0.0712664915 -0.00526104417 0.0855339689 0.0712664915 -0.00526104417 0.0894240243 0.0770577007 -0.00526104417 0.0891022907 0.0775354264 -0.00902435556 0.0855339689 0.0712664915 -0.00526104417 0.0891022907 0.0775354264 -0.00902435556 0.0850074959 0.0714517313 -0.00902435556 0.0850074959 0.0714517313 -0.00902435556 0.0891022907 0.0775354264 -0.00902435556 0.0894240243 0.0770577007 -0.012787667 0.0850074959 0.0714517313 -0.00902435556 0.0894240243 0.0770577007 -0.012787667 0.0855339689 0.0712664915 -0.012787667 0.0855339689 0.0712664915 -0.012787667 0.0894240243 0.0770577007 -0.012787667 0.0903697272 0.075653771 -0.0161804969 0.0855339689 0.0712664915 -0.012787667 0.0903697272 0.075653771 -0.0161804969 0.0870548933 0.0707302657 -0.0161804969 0.0870548933 0.0707302657 -0.0161804969 0.0903697272 0.075653771 -0.0161804969 0.0918321539 0.0734796297 -0.0188811119 0.0870548933 0.0707302657 -0.0161804969 0.0918321539 0.0734796297 -0.0188811119 0.0894240243 0.0698918095 -0.0188811119 0.0894240243 0.0698918095 -0.0188811119 0.0918321539 0.0734796297 -0.0188811119 0.093684561 0.0707302657 -0.0206067751 0.0894240243 0.0698918095 -0.0188811119 0.093684561 0.0707302657 -0.0206067751 0.0924171246 0.0688486103 -0.0206067751 0.0924171246 0.0688486103 -0.0206067751 0.093684561 0.0707302657 -0.0206067751 0.0957319584 0.0676884205 -0.021201495 0.0957319584 0.0676884205 0.00315278386 0.0957319584 0.0714517313 0.00255806396 0.093684561 0.0707302657 0.00255806396 0.093684561 0.0707302657 0.00255806396 0.0957319584 0.0714517313 0.00255806396 0.0957319584 0.0748445625 0.000832400744 0.093684561 0.0707302657 0.00255806396 0.0957319584 0.0748445625 0.000832400744 0.0918321539 0.0734796297 0.000832400744 0.0918321539 0.0734796297 0.000832400744 0.0957319584 0.0748445625 0.000832400744 0.0957319584 0.0775354264 -0.00186821421 0.0918321539 0.0734796297 0.000832400744 0.0957319584 0.0775354264 -0.00186821421 0.0903697272 0.075653771 -0.00186821421 0.0903697272 0.075653771 -0.00186821421 0.0957319584 0.0775354264 -0.00186821421 0.0957319584 0.0792708388 -0.00526104417 0.0903697272 0.075653771 -0.00186821421 0.0957319584 0.0792708388 -0.00526104417 0.0894240243 0.0770577007 -0.00526104417 0.0894240243 0.0770577007 -0.00526104417 0.0957319584 0.0792708388 -0.00526104417 0.0957319584 0.0798655599 -0.00902435556 0.0894240243 0.0770577007 -0.00526104417 0.0957319584 0.0798655599 -0.00902435556 0.0891022907 0.0775354264 -0.00902435556 0.0891022907 0.0775354264 -0.00902435556 0.0957319584 0.0798655599 -0.00902435556 0.0957319584 0.0792708388 -0.012787667 0.0891022907 0.0775354264 -0.00902435556 0.0957319584 0.0792708388 -0.012787667 0.0894240243 0.0770577007 -0.012787667 0.0894240243 0.0770577007 -0.012787667 0.0957319584 0.0792708388 -0.012787667 0.0957319584 0.0775354264 -0.0161804969 0.0894240243 0.0770577007 -0.012787667 0.0957319584 0.0775354264 -0.0161804969 0.0903697272 0.075653771 -0.0161804969 0.0903697272 0.075653771 -0.0161804969 0.0957319584 0.0775354264 -0.0161804969 0.0957319584 0.0748445625 -0.0188811119 0.0903697272 0.075653771 -0.0161804969 0.0957319584 0.0748445625 -0.0188811119 0.0918321539 0.0734796297 -0.0188811119 0.0918321539 0.0734796297 -0.0188811119 0.0957319584 0.0748445625 -0.0188811119 0.0957319584 0.0714517313 -0.0206067751 0.0918321539 0.0734796297 -0.0188811119 0.0957319584 0.0714517313 -0.0206067751 0.093684561 0.0707302657 -0.0206067751 0.093684561 0.0707302657 -0.0206067751 0.0957319584 0.0714517313 -0.0206067751 0.0957319584 0.0676884205 -0.021201495 0.0957319584 -0.0676884205 0.00315278386 0.0957319584 -0.0714517313 0.00255806396 0.0977793558 -0.0707302657 0.00255806396 0.0957319584 -0.0714517313 0.00255806396 0.099631763 -0.0734796297 0.000832400744 0.0977793558 -0.0707302657 0.00255806396 0.0957319584 -0.0714517313 0.00255806396 0.0957319584 -0.0748445625 0.000832400744 0.099631763 -0.0734796297 0.000832400744 0.0957319584 -0.0748445625 0.000832400744 0.10109419 -0.075653771 -0.00186821421 0.099631763 -0.0734796297 0.000832400744 0.0957319584 -0.0748445625 0.000832400744 0.0957319584 -0.0775354264 -0.00186821421 0.10109419 -0.075653771 -0.00186821421 0.0957319584 -0.0775354264 -0.00186821421 0.102039893 -0.0770577007 -0.00526104417 0.10109419 -0.075653771 -0.00186821421 0.0957319584 -0.0775354264 -0.00186821421 0.0957319584 -0.0792708388 -0.00526104417 0.102039893 -0.0770577007 -0.00526104417 0.0957319584 -0.0792708388 -0.00526104417 0.102361626 -0.0775354264 -0.00902435556 0.102039893 -0.0770577007 -0.00526104417 0.0957319584 -0.0792708388 -0.00526104417 0.0957319584 -0.0798655599 -0.00902435556 0.102361626 -0.0775354264 -0.00902435556 0.0957319584 -0.0798655599 -0.00902435556 0.102039893 -0.0770577007 -0.012787667 0.102361626 -0.0775354264 -0.00902435556 0.0957319584 -0.0798655599 -0.00902435556 0.0957319584 -0.0792708388 -0.012787667 0.102039893 -0.0770577007 -0.012787667 0.0957319584 -0.0792708388 -0.012787667 0.10109419 -0.075653771 -0.0161804969 0.102039893 -0.0770577007 -0.012787667 0.0957319584 -0.0792708388 -0.012787667 0.0957319584 -0.0775354264 -0.0161804969 0.10109419 -0.075653771 -0.0161804969 0.0957319584 -0.0775354264 -0.0161804969 0.099631763 -0.0734796297 -0.0188811119 0.10109419 -0.075653771 -0.0161804969 0.0957319584 -0.0775354264 -0.0161804969 0.0957319584 -0.0748445625 -0.0188811119 0.099631763 -0.0734796297 -0.0188811119 0.0957319584 -0.0748445625 -0.0188811119 0.0977793558 -0.0707302657 -0.0206067751 0.099631763 -0.0734796297 -0.0188811119 0.0957319584 -0.0748445625 -0.0188811119 0.0957319584 -0.0714517313 -0.0206067751 0.0977793558 -0.0707302657 -0.0206067751 0.0957319584 -0.0714517313 -0.0206067751 0.0957319584 -0.0676884205 -0.021201495 0.0977793558 -0.0707302657 -0.0206067751 0.0957319584 -0.0676884205 0.00315278386 0.0977793558 -0.0707302657 0.00255806396 0.0990467923 -0.0688486103 0.00255806396 0.0977793558 -0.0707302657 0.00255806396 0.102039893 -0.0698918095 0.000832400744 0.0990467923 -0.0688486103 0.00255806396 0.0977793558 -0.0707302657 0.00255806396 0.099631763 -0.0734796297 0.000832400744 0.102039893 -0.0698918095 0.000832400744 0.099631763 -0.0734796297 0.000832400744 0.104409024 -0.0707302657 -0.00186821421 0.102039893 -0.0698918095 0.000832400744 0.099631763 -0.0734796297 0.000832400744 0.10109419 -0.075653771 -0.00186821421 0.104409024 -0.0707302657 -0.00186821421 0.10109419 -0.075653771 -0.00186821421 0.105929948 -0.0712664915 -0.00526104417 0.104409024 -0.0707302657 -0.00186821421 0.10109419 -0.075653771 -0.00186821421 0.102039893 -0.0770577007 -0.00526104417 0.105929948 -0.0712664915 -0.00526104417 0.102039893 -0.0770577007 -0.00526104417 0.106456421 -0.0714517313 -0.00902435556 0.105929948 -0.0712664915 -0.00526104417 0.102039893 -0.0770577007 -0.00526104417 0.102361626 -0.0775354264 -0.00902435556 0.106456421 -0.0714517313 -0.00902435556 0.102361626 -0.0775354264 -0.00902435556 0.105929948 -0.0712664915 -0.012787667 0.106456421 -0.0714517313 -0.00902435556 0.102361626 -0.0775354264 -0.00902435556 0.102039893 -0.0770577007 -0.012787667 0.105929948 -0.0712664915 -0.012787667 0.102039893 -0.0770577007 -0.012787667 0.104409024 -0.0707302657 -0.0161804969 0.105929948 -0.0712664915 -0.012787667 0.102039893 -0.0770577007 -0.012787667 0.10109419 -0.075653771 -0.0161804969 0.104409024 -0.0707302657 -0.0161804969 0.10109419 -0.075653771 -0.0161804969 0.102039893 -0.0698918095 -0.0188811119 0.104409024 -0.0707302657 -0.0161804969 0.10109419 -0.075653771 -0.0161804969 0.099631763 -0.0734796297 -0.0188811119 0.102039893 -0.0698918095 -0.0188811119 0.099631763 -0.0734796297 -0.0188811119 0.0990467923 -0.0688486103 -0.0206067751 0.102039893 -0.0698918095 -0.0188811119 0.099631763 -0.0734796297 -0.0188811119 0.0977793558 -0.0707302657 -0.0206067751 0.0990467923 -0.0688486103 -0.0206067751 0.0977793558 -0.0707302657 -0.0206067751 0.0957319584 -0.0676884205 -0.021201495 0.0990467923 -0.0688486103 -0.0206067751 0.0957319584 -0.0676884205 0.00315278386 0.0990467923 -0.0688486103 0.00255806396 0.0990467923 -0.0665184768 0.00255806396 0.0990467923 -0.0688486103 0.00255806396 0.102039893 -0.0654752823 0.000832400744 0.0990467923 -0.0665184768 0.00255806396 0.0990467923 -0.0688486103 0.00255806396 0.102039893 -0.0698918095 0.000832400744 0.102039893 -0.0654752823 0.000832400744 0.102039893 -0.0698918095 0.000832400744 0.104409024 -0.0646368214 -0.00186821421 0.102039893 -0.0654752823 0.000832400744 0.102039893 -0.0698918095 0.000832400744 0.104409024 -0.0707302657 -0.00186821421 0.104409024 -0.0646368214 -0.00186821421 0.104409024 -0.0707302657 -0.00186821421 0.105929948 -0.0641006003 -0.00526104417 0.104409024 -0.0646368214 -0.00186821421 0.104409024 -0.0707302657 -0.00186821421 0.105929948 -0.0712664915 -0.00526104417 0.105929948 -0.0641006003 -0.00526104417 0.105929948 -0.0712664915 -0.00526104417 0.106456421 -0.0639153605 -0.00902435556 0.105929948 -0.0641006003 -0.00526104417 0.105929948 -0.0712664915 -0.00526104417 0.106456421 -0.0714517313 -0.00902435556 0.106456421 -0.0639153605 -0.00902435556 0.106456421 -0.0714517313 -0.00902435556 0.105929948 -0.0641006003 -0.012787667 0.106456421 -0.0639153605 -0.00902435556 0.106456421 -0.0714517313 -0.00902435556 0.105929948 -0.0712664915 -0.012787667 0.105929948 -0.0641006003 -0.012787667 0.105929948 -0.0712664915 -0.012787667 0.104409024 -0.0646368214 -0.0161804969 0.105929948 -0.0641006003 -0.012787667 0.105929948 -0.0712664915 -0.012787667 0.104409024 -0.0707302657 -0.0161804969 0.104409024 -0.0646368214 -0.0161804969 0.104409024 -0.0707302657 -0.0161804969 0.102039893 -0.0654752823 -0.0188811119 0.104409024 -0.0646368214 -0.0161804969 0.104409024 -0.0707302657 -0.0161804969 0.102039893 -0.0698918095 -0.0188811119 0.102039893 -0.0654752823 -0.0188811119 0.102039893 -0.0698918095 -0.0188811119 0.0990467923 -0.0665184768 -0.0206067751 0.102039893 -0.0654752823 -0.0188811119 0.102039893 -0.0698918095 -0.0188811119 0.0990467923 -0.0688486103 -0.0206067751 0.0990467923 -0.0665184768 -0.0206067751 0.0990467923 -0.0688486103 -0.0206067751 0.0957319584 -0.0676884205 -0.021201495 0.0990467923 -0.0665184768 -0.0206067751 0.0957319584 -0.0676884205 0.00315278386 0.0990467923 -0.0665184768 0.00255806396 0.0977793558 -0.0646368214 0.00255806396 0.0990467923 -0.0665184768 0.00255806396 0.099631763 -0.0618874621 0.000832400744 0.0977793558 -0.0646368214 0.00255806396 0.0990467923 -0.0665184768 0.00255806396 0.102039893 -0.0654752823 0.000832400744 0.099631763 -0.0618874621 0.000832400744 0.102039893 -0.0654752823 0.000832400744 0.10109419 -0.0597108835 -0.00186821421 0.099631763 -0.0618874621 0.000832400744 0.102039893 -0.0654752823 0.000832400744 0.104409024 -0.0646368214 -0.00186821421 0.10109419 -0.0597108835 -0.00186821421 0.104409024 -0.0646368214 -0.00186821421 0.102039893 -0.0583069539 -0.00526104417 0.10109419 -0.0597108835 -0.00186821421 0.104409024 -0.0646368214 -0.00186821421 0.105929948 -0.0641006003 -0.00526104417 0.102039893 -0.0583069539 -0.00526104417 0.105929948 -0.0641006003 -0.00526104417 0.102361626 -0.0578292281 -0.00902435556 0.102039893 -0.0583069539 -0.00526104417 0.105929948 -0.0641006003 -0.00526104417 0.106456421 -0.0639153605 -0.00902435556 0.102361626 -0.0578292281 -0.00902435556 0.106456421 -0.0639153605 -0.00902435556 0.102039893 -0.0583069539 -0.012787667 0.102361626 -0.0578292281 -0.00902435556 0.106456421 -0.0639153605 -0.00902435556 0.105929948 -0.0641006003 -0.012787667 0.102039893 -0.0583069539 -0.012787667 0.105929948 -0.0641006003 -0.012787667 0.10109419 -0.0597108835 -0.0161804969 0.102039893 -0.0583069539 -0.012787667 0.105929948 -0.0641006003 -0.012787667 0.104409024 -0.0646368214 -0.0161804969 0.10109419 -0.0597108835 -0.0161804969 0.104409024 -0.0646368214 -0.0161804969 0.099631763 -0.0618874621 -0.0188811119 0.10109419 -0.0597108835 -0.0161804969 0.104409024 -0.0646368214 -0.0161804969 0.102039893 -0.0654752823 -0.0188811119 0.099631763 -0.0618874621 -0.0188811119 0.102039893 -0.0654752823 -0.0188811119 0.0977793558 -0.0646368214 -0.0206067751 0.099631763 -0.0618874621 -0.0188811119 0.102039893 -0.0654752823 -0.0188811119 0.0990467923 -0.0665184768 -0.0206067751 0.0977793558 -0.0646368214 -0.0206067751 0.0990467923 -0.0665184768 -0.0206067751 0.0957319584 -0.0676884205 -0.021201495 0.0977793558 -0.0646368214 -0.0206067751 0.0957319584 -0.0676884205 0.00315278386 0.0977793558 -0.0646368214 0.00255806396 0.0957319584 -0.0639153605 0.00255806396 0.0977793558 -0.0646368214 0.00255806396 0.0957319584 -0.0605225294 0.000832400744 0.0957319584 -0.0639153605 0.00255806396 0.0977793558 -0.0646368214 0.00255806396 0.099631763 -0.0618874621 0.000832400744 0.0957319584 -0.0605225294 0.000832400744 0.099631763 -0.0618874621 0.000832400744 0.0957319584 -0.0578292281 -0.00186821421 0.0957319584 -0.0605225294 0.000832400744 0.099631763 -0.0618874621 0.000832400744 0.10109419 -0.0597108835 -0.00186821421 0.0957319584 -0.0578292281 -0.00186821421 0.10109419 -0.0597108835 -0.00186821421 0.0957319584 -0.0560938157 -0.00526104417 0.0957319584 -0.0578292281 -0.00186821421 0.10109419 -0.0597108835 -0.00186821421 0.102039893 -0.0583069539 -0.00526104417 0.0957319584 -0.0560938157 -0.00526104417 0.102039893 -0.0583069539 -0.00526104417 0.0957319584 -0.0554990946 -0.00902435556 0.0957319584 -0.0560938157 -0.00526104417 0.102039893 -0.0583069539 -0.00526104417 0.102361626 -0.0578292281 -0.00902435556 0.0957319584 -0.0554990946 -0.00902435556 0.102361626 -0.0578292281 -0.00902435556 0.0957319584 -0.0560938157 -0.012787667 0.0957319584 -0.0554990946 -0.00902435556 0.102361626 -0.0578292281 -0.00902435556 0.102039893 -0.0583069539 -0.012787667 0.0957319584 -0.0560938157 -0.012787667 0.102039893 -0.0583069539 -0.012787667 0.0957319584 -0.0578292281 -0.0161804969 0.0957319584 -0.0560938157 -0.012787667 0.102039893 -0.0583069539 -0.012787667 0.10109419 -0.0597108835 -0.0161804969 0.0957319584 -0.0578292281 -0.0161804969 0.10109419 -0.0597108835 -0.0161804969 0.0957319584 -0.0605225294 -0.0188811119 0.0957319584 -0.0578292281 -0.0161804969 0.10109419 -0.0597108835 -0.0161804969 0.099631763 -0.0618874621 -0.0188811119 0.0957319584 -0.0605225294 -0.0188811119 0.099631763 -0.0618874621 -0.0188811119 0.0957319584 -0.0639153605 -0.0206067751 0.0957319584 -0.0605225294 -0.0188811119 0.099631763 -0.0618874621 -0.0188811119 0.0977793558 -0.0646368214 -0.0206067751 0.0957319584 -0.0639153605 -0.0206067751 0.0977793558 -0.0646368214 -0.0206067751 0.0957319584 -0.0676884205 -0.021201495 0.0957319584 -0.0639153605 -0.0206067751 0.0957319584 -0.0676884205 0.00315278386 0.0957319584 -0.0639153605 0.00255806396 0.093684561 -0.0646368214 0.00255806396 0.0957319584 -0.0639153605 0.00255806396 0.0918321539 -0.0618874621 0.000832400744 0.093684561 -0.0646368214 0.00255806396 0.0957319584 -0.0639153605 0.00255806396 0.0957319584 -0.0605225294 0.000832400744 0.0918321539 -0.0618874621 0.000832400744 0.0957319584 -0.0605225294 0.000832400744 0.0903697272 -0.0597108835 -0.00186821421 0.0918321539 -0.0618874621 0.000832400744 0.0957319584 -0.0605225294 0.000832400744 0.0957319584 -0.0578292281 -0.00186821421 0.0903697272 -0.0597108835 -0.00186821421 0.0957319584 -0.0578292281 -0.00186821421 0.0894240243 -0.0583069539 -0.00526104417 0.0903697272 -0.0597108835 -0.00186821421 0.0957319584 -0.0578292281 -0.00186821421 0.0957319584 -0.0560938157 -0.00526104417 0.0894240243 -0.0583069539 -0.00526104417 0.0957319584 -0.0560938157 -0.00526104417 0.0891022907 -0.0578292281 -0.00902435556 0.0894240243 -0.0583069539 -0.00526104417 0.0957319584 -0.0560938157 -0.00526104417 0.0957319584 -0.0554990946 -0.00902435556 0.0891022907 -0.0578292281 -0.00902435556 0.0957319584 -0.0554990946 -0.00902435556 0.0894240243 -0.0583069539 -0.012787667 0.0891022907 -0.0578292281 -0.00902435556 0.0957319584 -0.0554990946 -0.00902435556 0.0957319584 -0.0560938157 -0.012787667 0.0894240243 -0.0583069539 -0.012787667 0.0957319584 -0.0560938157 -0.012787667 0.0903697272 -0.0597108835 -0.0161804969 0.0894240243 -0.0583069539 -0.012787667 0.0957319584 -0.0560938157 -0.012787667 0.0957319584 -0.0578292281 -0.0161804969 0.0903697272 -0.0597108835 -0.0161804969 0.0957319584 -0.0578292281 -0.0161804969 0.0918321539 -0.0618874621 -0.0188811119 0.0903697272 -0.0597108835 -0.0161804969 0.0957319584 -0.0578292281 -0.0161804969 0.0957319584 -0.0605225294 -0.0188811119 0.0918321539 -0.0618874621 -0.0188811119 0.0957319584 -0.0605225294 -0.0188811119 0.093684561 -0.0646368214 -0.0206067751 0.0918321539 -0.0618874621 -0.0188811119 0.0957319584 -0.0605225294 -0.0188811119 0.0957319584 -0.0639153605 -0.0206067751 0.093684561 -0.0646368214 -0.0206067751 0.0957319584 -0.0639153605 -0.0206067751 0.0957319584 -0.0676884205 -0.021201495 0.093684561 -0.0646368214 -0.0206067751 0.0957319584 -0.0676884205 0.00315278386 0.093684561 -0.0646368214 0.00255806396 0.0924171246 -0.0665184768 0.00255806396 0.093684561 -0.0646368214 0.00255806396 0.0894240243 -0.0654752823 0.000832400744 0.0924171246 -0.0665184768 0.00255806396 0.093684561 -0.0646368214 0.00255806396 0.0918321539 -0.0618874621 0.000832400744 0.0894240243 -0.0654752823 0.000832400744 0.0918321539 -0.0618874621 0.000832400744 0.0870548933 -0.0646368214 -0.00186821421 0.0894240243 -0.0654752823 0.000832400744 0.0918321539 -0.0618874621 0.000832400744 0.0903697272 -0.0597108835 -0.00186821421 0.0870548933 -0.0646368214 -0.00186821421 0.0903697272 -0.0597108835 -0.00186821421 0.0855339689 -0.0641006003 -0.00526104417 0.0870548933 -0.0646368214 -0.00186821421 0.0903697272 -0.0597108835 -0.00186821421 0.0894240243 -0.0583069539 -0.00526104417 0.0855339689 -0.0641006003 -0.00526104417 0.0894240243 -0.0583069539 -0.00526104417 0.0850074959 -0.0639153605 -0.00902435556 0.0855339689 -0.0641006003 -0.00526104417 0.0894240243 -0.0583069539 -0.00526104417 0.0891022907 -0.0578292281 -0.00902435556 0.0850074959 -0.0639153605 -0.00902435556 0.0891022907 -0.0578292281 -0.00902435556 0.0855339689 -0.0641006003 -0.012787667 0.0850074959 -0.0639153605 -0.00902435556 0.0891022907 -0.0578292281 -0.00902435556 0.0894240243 -0.0583069539 -0.012787667 0.0855339689 -0.0641006003 -0.012787667 0.0894240243 -0.0583069539 -0.012787667 0.0870548933 -0.0646368214 -0.0161804969 0.0855339689 -0.0641006003 -0.012787667 0.0894240243 -0.0583069539 -0.012787667 0.0903697272 -0.0597108835 -0.0161804969 0.0870548933 -0.0646368214 -0.0161804969 0.0903697272 -0.0597108835 -0.0161804969 0.0894240243 -0.0654752823 -0.0188811119 0.0870548933 -0.0646368214 -0.0161804969 0.0903697272 -0.0597108835 -0.0161804969 0.0918321539 -0.0618874621 -0.0188811119 0.0894240243 -0.0654752823 -0.0188811119 0.0918321539 -0.0618874621 -0.0188811119 0.0924171246 -0.0665184768 -0.0206067751 0.0894240243 -0.0654752823 -0.0188811119 0.0918321539 -0.0618874621 -0.0188811119 0.093684561 -0.0646368214 -0.0206067751 0.0924171246 -0.0665184768 -0.0206067751 0.093684561 -0.0646368214 -0.0206067751 0.0957319584 -0.0676884205 -0.021201495 0.0924171246 -0.0665184768 -0.0206067751 0.0957319584 -0.0676884205 0.00315278386 0.0924171246 -0.0665184768 0.00255806396 0.0924171246 -0.0688486103 0.00255806396 0.0924171246 -0.0665184768 0.00255806396 0.0894240243 -0.0698918095 0.000832400744 0.0924171246 -0.0688486103 0.00255806396 0.0924171246 -0.0665184768 0.00255806396 0.0894240243 -0.0654752823 0.000832400744 0.0894240243 -0.0698918095 0.000832400744 0.0894240243 -0.0654752823 0.000832400744 0.0870548933 -0.0707302657 -0.00186821421 0.0894240243 -0.0698918095 0.000832400744 0.0894240243 -0.0654752823 0.000832400744 0.0870548933 -0.0646368214 -0.00186821421 0.0870548933 -0.0707302657 -0.00186821421 0.0870548933 -0.0646368214 -0.00186821421 0.0855339689 -0.0712664915 -0.00526104417 0.0870548933 -0.0707302657 -0.00186821421 0.0870548933 -0.0646368214 -0.00186821421 0.0855339689 -0.0641006003 -0.00526104417 0.0855339689 -0.0712664915 -0.00526104417 0.0855339689 -0.0641006003 -0.00526104417 0.0850074959 -0.0714517313 -0.00902435556 0.0855339689 -0.0712664915 -0.00526104417 0.0855339689 -0.0641006003 -0.00526104417 0.0850074959 -0.0639153605 -0.00902435556 0.0850074959 -0.0714517313 -0.00902435556 0.0850074959 -0.0639153605 -0.00902435556 0.0855339689 -0.0712664915 -0.012787667 0.0850074959 -0.0714517313 -0.00902435556 0.0850074959 -0.0639153605 -0.00902435556 0.0855339689 -0.0641006003 -0.012787667 0.0855339689 -0.0712664915 -0.012787667 0.0855339689 -0.0641006003 -0.012787667 0.0870548933 -0.0707302657 -0.0161804969 0.0855339689 -0.0712664915 -0.012787667 0.0855339689 -0.0641006003 -0.012787667 0.0870548933 -0.0646368214 -0.0161804969 0.0870548933 -0.0707302657 -0.0161804969 0.0870548933 -0.0646368214 -0.0161804969 0.0894240243 -0.0698918095 -0.0188811119 0.0870548933 -0.0707302657 -0.0161804969 0.0870548933 -0.0646368214 -0.0161804969 0.0894240243 -0.0654752823 -0.0188811119 0.0894240243 -0.0698918095 -0.0188811119 0.0894240243 -0.0654752823 -0.0188811119 0.0924171246 -0.0688486103 -0.0206067751 0.0894240243 -0.0698918095 -0.0188811119 0.0894240243 -0.0654752823 -0.0188811119 0.0924171246 -0.0665184768 -0.0206067751 0.0924171246 -0.0688486103 -0.0206067751 0.0924171246 -0.0665184768 -0.0206067751 0.0957319584 -0.0676884205 -0.021201495 0.0924171246 -0.0688486103 -0.0206067751 0.0957319584 -0.0676884205 0.00315278386 0.0924171246 -0.0688486103 0.00255806396 0.093684561 -0.0707302657 0.00255806396 0.0924171246 -0.0688486103 0.00255806396 0.0918321539 -0.0734796297 0.000832400744 0.093684561 -0.0707302657 0.00255806396 0.0924171246 -0.0688486103 0.00255806396 0.0894240243 -0.0698918095 0.000832400744 0.0918321539 -0.0734796297 0.000832400744 0.0894240243 -0.0698918095 0.000832400744 0.0903697272 -0.075653771 -0.00186821421 0.0918321539 -0.0734796297 0.000832400744 0.0894240243 -0.0698918095 0.000832400744 0.0870548933 -0.0707302657 -0.00186821421 0.0903697272 -0.075653771 -0.00186821421 0.0870548933 -0.0707302657 -0.00186821421 0.0894240243 -0.0770577007 -0.00526104417 0.0903697272 -0.075653771 -0.00186821421 0.0870548933 -0.0707302657 -0.00186821421 0.0855339689 -0.0712664915 -0.00526104417 0.0894240243 -0.0770577007 -0.00526104417 0.0855339689 -0.0712664915 -0.00526104417 0.0891022907 -0.0775354264 -0.00902435556 0.0894240243 -0.0770577007 -0.00526104417 0.0855339689 -0.0712664915 -0.00526104417 0.0850074959 -0.0714517313 -0.00902435556 0.0891022907 -0.0775354264 -0.00902435556 0.0850074959 -0.0714517313 -0.00902435556 0.0894240243 -0.0770577007 -0.012787667 0.0891022907 -0.0775354264 -0.00902435556 0.0850074959 -0.0714517313 -0.00902435556 0.0855339689 -0.0712664915 -0.012787667 0.0894240243 -0.0770577007 -0.012787667 0.0855339689 -0.0712664915 -0.012787667 0.0903697272 -0.075653771 -0.0161804969 0.0894240243 -0.0770577007 -0.012787667 0.0855339689 -0.0712664915 -0.012787667 0.0870548933 -0.0707302657 -0.0161804969 0.0903697272 -0.075653771 -0.0161804969 0.0870548933 -0.0707302657 -0.0161804969 0.0918321539 -0.0734796297 -0.0188811119 0.0903697272 -0.075653771 -0.0161804969 0.0870548933 -0.0707302657 -0.0161804969 0.0894240243 -0.0698918095 -0.0188811119 0.0918321539 -0.0734796297 -0.0188811119 0.0894240243 -0.0698918095 -0.0188811119 0.093684561 -0.0707302657 -0.0206067751 0.0918321539 -0.0734796297 -0.0188811119 0.0894240243 -0.0698918095 -0.0188811119 0.0924171246 -0.0688486103 -0.0206067751 0.093684561 -0.0707302657 -0.0206067751 0.0924171246 -0.0688486103 -0.0206067751 0.0957319584 -0.0676884205 -0.021201495 0.093684561 -0.0707302657 -0.0206067751 0.0957319584 -0.0676884205 0.00315278386 0.093684561 -0.0707302657 0.00255806396 0.0957319584 -0.0714517313 0.00255806396 0.093684561 -0.0707302657 0.00255806396 0.0957319584 -0.0748445625 0.000832400744 0.0957319584 -0.0714517313 0.00255806396 0.093684561 -0.0707302657 0.00255806396 0.0918321539 -0.0734796297 0.000832400744 0.0957319584 -0.0748445625 0.000832400744 0.0918321539 -0.0734796297 0.000832400744 0.0957319584 -0.0775354264 -0.00186821421 0.0957319584 -0.0748445625 0.000832400744 0.0918321539 -0.0734796297 0.000832400744 0.0903697272 -0.075653771 -0.00186821421 0.0957319584 -0.0775354264 -0.00186821421 0.0903697272 -0.075653771 -0.00186821421 0.0957319584 -0.0792708388 -0.00526104417 0.0957319584 -0.0775354264 -0.00186821421 0.0903697272 -0.075653771 -0.00186821421 0.0894240243 -0.0770577007 -0.00526104417 0.0957319584 -0.0792708388 -0.00526104417 0.0894240243 -0.0770577007 -0.00526104417 0.0957319584 -0.0798655599 -0.00902435556 0.0957319584 -0.0792708388 -0.00526104417 0.0894240243 -0.0770577007 -0.00526104417 0.0891022907 -0.0775354264 -0.00902435556 0.0957319584 -0.0798655599 -0.00902435556 0.0891022907 -0.0775354264 -0.00902435556 0.0957319584 -0.0792708388 -0.012787667 0.0957319584 -0.0798655599 -0.00902435556 0.0891022907 -0.0775354264 -0.00902435556 0.0894240243 -0.0770577007 -0.012787667 0.0957319584 -0.0792708388 -0.012787667 0.0894240243 -0.0770577007 -0.012787667 0.0957319584 -0.0775354264 -0.0161804969 0.0957319584 -0.0792708388 -0.012787667 0.0894240243 -0.0770577007 -0.012787667 0.0903697272 -0.075653771 -0.0161804969 0.0957319584 -0.0775354264 -0.0161804969 0.0903697272 -0.075653771 -0.0161804969 0.0957319584 -0.0748445625 -0.0188811119 0.0957319584 -0.0775354264 -0.0161804969 0.0903697272 -0.075653771 -0.0161804969 0.0918321539 -0.0734796297 -0.0188811119 0.0957319584 -0.0748445625 -0.0188811119 0.0918321539 -0.0734796297 -0.0188811119 0.0957319584 -0.0714517313 -0.0206067751 0.0957319584 -0.0748445625 -0.0188811119 0.0918321539 -0.0734796297 -0.0188811119 0.093684561 -0.0707302657 -0.0206067751 0.0957319584 -0.0714517313 -0.0206067751 0.093684561 -0.0707302657 -0.0206067751 0.0957319584 -0.0676884205 -0.021201495 0.0957319584 -0.0714517313 -0.0206067751</float_array><technique_common><accessor source="#part2-positions-array" count="1080" stride="3"><param name="X" type="float" /><param name="Y" type="float" /><param name="Z" type="float" /></accessor></technique_common></source><source id="part2-normals"><float_array id="part2-normals-array" count="3240">0.0549216413 0.155858326 0.986251386 0.0549216413 0.155858326 0.986251386 0.0549216413 0.155858326 0.986251386 0.15741806 0.446725822 0.880713117 0.15741806 0.446725822 0.880713117 0.15741806 0.446725822 0.880713117 0.156712119 0.447748521 0.880319586 0.156712119 0.447748521 0.880319586 0.156712119 0.447748521 0.880319586 0.240853166 0.688151304 0.684424967 0.240853166 0.688151304 0.684424967 0.240853166 0.688151304 0.684424967 0.241237055 0.68746322 0.684981025 0.241237055 0.68746322 0.684981025 0.241237055 0.68746322 0.684981025 0.298187298 0.849756682 0.434738906 0.298187298 0.849756682 0.434738906 0.298187298 0.849756682 0.434738906 0.298153634 0.849803913 0.434669668 0.298153634 0.849803913 0.434669668 0.298153634 0.849803913 0.434669668 0.327493309 0.933428486 0.14649025 0.327493309 0.933428486 0.14649025 0.327493309 0.933428486 0.14649025 0.327961227 0.933111323 0.147460819 0.327961227 0.933111323 0.147460819 0.327961227 0.933111323 0.147460819 0.328008033 0.933244495 -0.146510899 0.328008033 0.933244495 -0.146510899 0.328008033 0.933244495 -0.146510899 0.327444182 0.933288464 -0.147488813 0.327444182 0.933288464 -0.147488813 0.327444182 0.933288464 -0.147488813 0.298143344 0.849774583 -0.434734062 0.298143344 0.849774583 -0.434734062 0.298143344 0.849774583 -0.434734062 0.298199404 0.849791183 -0.434663157 0.298199404 0.849791183 -0.434663157 0.298199404 0.849791183 -0.434663157 0.241386164 0.687888142 -0.684501734 0.241386164 0.687888142 -0.684501734 0.241386164 0.687888142 -0.684501734 0.24064856 0.687566713 -0.685084145 0.24064856 0.687566713 -0.685084145 0.24064856 0.687566713 -0.685084145 0.156537752 0.44725033 -0.880603812 0.156537752 0.44725033 -0.880603812 0.156537752 0.44725033 -0.880603812 0.157751992 0.447673464 -0.880172017 0.157751992 0.447673464 -0.880172017 0.157751992 0.447673464 -0.880172017 0.0549216413 0.155858326 -0.986251386 0.0549216413 0.155858326 -0.986251386 0.0549216413 0.155858326 -0.986251386 0.143009823 0.0963278753 0.985022401 0.143009823 0.0963278753 0.985022401 0.143009823 0.0963278753 0.985022401 0.406881254 0.274065137 0.871398844 0.406881254 0.274065137 0.871398844 0.406881254 0.274065137 0.871398844 0.406822207 0.27305733 0.871742729 0.406822207 0.27305733 0.871742729 0.406822207 0.27305733 0.871742729 0.61672951 0.413946217 0.669547042 0.61672951 0.413946217 0.669547042 0.61672951 0.413946217 0.669547042 0.616939485 0.415365022 0.668474061 0.616939485 0.415365022 0.668474061 0.616939485 0.415365022 0.668474061 0.753572327 0.507355412 0.417994299 0.753572327 0.507355412 0.417994299 0.753572327 0.507355412 0.417994299 0.753541778 0.506167043 0.419487441 0.753541778 0.506167043 0.419487441 0.753541778 0.506167043 0.419487441 0.8216843 0.551939553 0.142118402 0.8216843 0.551939553 0.142118402 0.8216843 0.551939553 0.142118402 0.821370503 0.552845531 0.140400559 0.821370503 0.552845531 0.140400559 0.821370503 0.552845531 0.140400559 0.821171179 0.55271137 -0.142084609 0.821171179 0.55271137 -0.142084609 0.821171179 0.55271137 -0.142084609 0.821893942 0.552080373 -0.140348177 0.821893942 0.552080373 -0.140348177 0.821893942 0.552080373 -0.140348177 0.754076948 0.506526526 -0.418089506 0.754076948 0.506526526 -0.418089506 0.754076948 0.506526526 -0.418089506 0.75294372 0.506932191 -0.419637354 0.75294372 0.506932191 -0.419637354 0.75294372 0.506932191 -0.419637354 0.616239653 0.414893848 -0.669411521 0.616239653 0.414893848 -0.669411521 0.616239653 0.414893848 -0.669411521 0.617691756 0.414592072 -0.668259162 0.617691756 0.414592072 -0.668259162 0.617691756 0.414592072 -0.668259162 0.407196838 0.273308781 -0.871488981 0.407196838 0.273308781 -0.871488981 0.407196838 0.273308781 -0.871488981 0.406168611 0.273585118 -0.871882012 0.406168611 0.273585118 -0.871882012 0.406168611 0.273585118 -0.871882012 0.143009823 0.0963278753 -0.985022401 0.143009823 0.0963278753 -0.985022401 0.143009823 0.0963278753 -0.985022401 0.176592064 -0 0.984284127 0.176592064 -0 0.984284127 0.176592064 -0 0.984284127 0.499478038 0 0.866326549 0.499478038 0 0.866326549 0.499478038 0 0.866326549 0.499478038 -0 0.866326549 0.499478038 -0 0.866326549 0.499478038 -0 0.866326549 0.751735587 0 0.659464637 0.751735587 0 0.659464637 0.751735587 0 0.659464637 0.751735587 -0 0.659464637 0.751735587 -0 0.659464637 0.751735587 -0 0.659464637 0.912509265 0 0.409056037 0.912509265 0 0.409056037 0.912509265 0 0.409056037 0.912509265 -0 0.409056037 0.912509265 -0 0.409056037 0.912509265 -0 0.409056037 0.990355855 0 0.138547036 0.990355855 0 0.138547036 0.990355855 0 0.138547036 0.990355855 -0 0.138547036 0.990355855 -0 0.138547036 0.990355855 -0 0.138547036 0.990355855 0 -0.138547036 0.990355855 0 -0.138547036 0.990355855 0 -0.138547036 0.990355855 0 -0.138547036 0.990355855 0 -0.138547036 0.990355855 0 -0.138547036 0.912509265 0 -0.409056037 0.912509265 0 -0.409056037 0.912509265 0 -0.409056037 0.912509265 0 -0.409056037 0.912509265 0 -0.409056037 0.912509265 0 -0.409056037 0.751735587 0 -0.659464637 0.751735587 0 -0.659464637 0.751735587 0 -0.659464637 0.751735587 0 -0.659464637 0.751735587 0 -0.659464637 0.751735587 0 -0.659464637 0.499478038 0 -0.866326549 0.499478038 0 -0.866326549 0.499478038 0 -0.866326549 0.499478038 0 -0.866326549 0.499478038 0 -0.866326549 0.499478038 0 -0.866326549 0.176592064 0 -0.984284127 0.176592064 0 -0.984284127 0.176592064 0 -0.984284127 0.142787611 -0.0961781986 0.985069263 0.142787611 -0.0961781986 0.985069263 0.142787611 -0.0961781986 0.985069263 0.406168878 -0.273585298 0.871881831 0.406168878 -0.273585298 0.871881831 0.406168878 -0.273585298 0.871881831 0.407197106 -0.273308961 0.8714888 0.407197106 -0.273308961 0.8714888 0.407197106 -0.273308961 0.8714888 0.617537322 -0.414488417 0.668466161 0.617537322 -0.414488417 0.668466161 0.617537322 -0.414488417 0.668466161 0.616317976 -0.41474167 0.669433715 0.616317976 -0.41474167 0.669433715 0.616317976 -0.41474167 0.669433715 0.753072005 -0.506768184 0.419605247 0.753072005 -0.506768184 0.419605247 0.753072005 -0.506768184 0.419605247 0.754169181 -0.506375365 0.41810625 0.754169181 -0.506375365 0.41810625 0.754169181 -0.506375365 0.41810625 0.822002726 -0.551921162 0.140337267 0.822002726 -0.551921162 0.140337267 0.822002726 -0.551921162 0.140337267 0.82127291 -0.552558472 0.142091315 0.82127291 -0.552558472 0.142091315 0.82127291 -0.552558472 0.142091315 0.821474277 -0.552693954 -0.140390189 0.821474277 -0.552693954 -0.140390189 0.821474277 -0.552693954 -0.140390189 0.821790938 -0.55177896 -0.142125415 0.821790938 -0.55177896 -0.142125415 0.821790938 -0.55177896 -0.142125415 0.753650852 -0.506027342 -0.419460037 0.753650852 -0.506027342 -0.419460037 0.753650852 -0.506027342 -0.419460037 0.753680814 -0.507177872 -0.41801416 0.753680814 -0.507177872 -0.41801416 0.753680814 -0.507177872 -0.41801416 0.616905603 -0.415137105 -0.668646889 0.616905603 -0.415137105 -0.668646889 0.616905603 -0.415137105 -0.668646889 0.616729209 -0.413946015 -0.669547444 0.616729209 -0.413946015 -0.669547444 0.616729209 -0.413946015 -0.669547444 0.406822474 -0.27305751 -0.871742549 0.406822474 -0.27305751 -0.871742549 0.406822474 -0.27305751 -0.871742549 0.406881522 -0.274065317 -0.871398662 0.406881522 -0.274065317 -0.871398662 0.406881522 -0.274065317 -0.871398662 0.142787611 -0.0961781986 -0.985069263 0.142787611 -0.0961781986 -0.985069263 0.142787611 -0.0961781986 -0.985069263 0.0547832296 -0.155466563 0.986320914 0.0547832296 -0.155466563 0.986320914 0.0547832296 -0.155466563 0.986320914 0.157750977 -0.447673537 0.880172161 0.157750977 -0.447673537 0.880172161 0.157750977 -0.447673537 0.880172161 0.156537922 -0.447250816 0.880603535 0.156537922 -0.447250816 0.880603535 0.156537922 -0.447250816 0.880603535 0.240546275 -0.687274473 0.685413224 0.240546275 -0.687274473 0.685413224 0.240546275 -0.687274473 0.685413224 0.241283606 -0.687595877 0.684831463 0.241283606 -0.687595877 0.684831463 0.241283606 -0.687595877 0.684831463 0.298199404 -0.849791183 0.434663157 0.298199404 -0.849791183 0.434663157 0.298199404 -0.849791183 0.434663157 0.298143344 -0.849774583 0.434734062 0.298143344 -0.849774583 0.434734062 0.298143344 -0.849774583 0.434734062 0.327444182 -0.933288464 0.147488813 0.327444182 -0.933288464 0.147488813 0.327444182 -0.933288464 0.147488813 0.328008033 -0.933244495 0.146510899 0.328008033 -0.933244495 0.146510899 0.328008033 -0.933244495 0.146510899 0.327961227 -0.933111323 -0.147460819 0.327961227 -0.933111323 -0.147460819 0.327961227 -0.933111323 -0.147460819 0.327493309 -0.933428486 -0.14649025 0.327493309 -0.933428486 -0.14649025 0.327493309 -0.933428486 -0.14649025 0.298153634 -0.849803913 -0.434669668 0.298153634 -0.849803913 -0.434669668 0.298153634 -0.849803913 -0.434669668 0.298187298 -0.849756682 -0.434738906 0.298187298 -0.849756682 -0.434738906 0.298187298 -0.849756682 -0.434738906 0.241134552 -0.687171111 -0.685310143 0.241134552 -0.687171111 -0.685310143 0.241134552 -0.687171111 -0.685310143 0.240750807 -0.687858848 -0.684754887 0.240750807 -0.687858848 -0.684754887 0.240750807 -0.687858848 -0.684754887 0.156712119 -0.447748521 -0.880319586 0.156712119 -0.447748521 -0.880319586 0.156712119 -0.447748521 -0.880319586 0.157417372 -0.446726818 -0.880712735 0.157417372 -0.446726818 -0.880712735 0.157417372 -0.446726818 -0.880712735 0.0547832296 -0.155466563 -0.986320914 0.0547832296 -0.155466563 -0.986320914 0.0547832296 -0.155466563 -0.986320914 -0.0547832296 -0.155466563 0.986320914 -0.0547832296 -0.155466563 0.986320914 -0.0547832296 -0.155466563 0.986320914 -0.157417372 -0.446726818 0.880712735 -0.157417372 -0.446726818 0.880712735 -0.157417372 -0.446726818 0.880712735 -0.156712119 -0.447748521 0.880319586 -0.156712119 -0.447748521 0.880319586 -0.156712119 -0.447748521 0.880319586 -0.240750807 -0.687858848 0.684754887 -0.240750807 -0.687858848 0.684754887 -0.240750807 -0.687858848 0.684754887 -0.241134552 -0.687171111 0.685310143 -0.241134552 -0.687171111 0.685310143 -0.241134552 -0.687171111 0.685310143 -0.298187298 -0.849756682 0.434738906 -0.298187298 -0.849756682 0.434738906 -0.298187298 -0.849756682 0.434738906 -0.298153634 -0.849803913 0.434669668 -0.298153634 -0.849803913 0.434669668 -0.298153634 -0.849803913 0.434669668 -0.327493309 -0.933428486 0.14649025 -0.327493309 -0.933428486 0.14649025 -0.327493309 -0.933428486 0.14649025 -0.327961227 -0.933111323 0.147460819 -0.327961227 -0.933111323 0.147460819 -0.327961227 -0.933111323 0.147460819 -0.328008033 -0.933244495 -0.146510899 -0.328008033 -0.933244495 -0.146510899 -0.328008033 -0.933244495 -0.146510899 -0.327444182 -0.933288464 -0.147488813 -0.327444182 -0.933288464 -0.147488813 -0.327444182 -0.933288464 -0.147488813 -0.298143344 -0.849774583 -0.434734062 -0.298143344 -0.849774583 -0.434734062 -0.298143344 -0.849774583 -0.434734062 -0.298199404 -0.849791183 -0.434663157 -0.298199404 -0.849791183 -0.434663157 -0.298199404 -0.849791183 -0.434663157 -0.241283606 -0.687595877 -0.684831463 -0.241283606 -0.687595877 -0.684831463 -0.241283606 -0.687595877 -0.684831463 -0.240546275 -0.687274473 -0.685413224 -0.240546275 -0.687274473 -0.685413224 -0.240546275 -0.687274473 -0.685413224 -0.156537922 -0.447250816 -0.880603535 -0.156537922 -0.447250816 -0.880603535 -0.156537922 -0.447250816 -0.880603535 -0.157750977 -0.447673537 -0.880172161 -0.157750977 -0.447673537 -0.880172161 -0.157750977 -0.447673537 -0.880172161 -0.0547832296 -0.155466563 -0.986320914 -0.0547832296 -0.155466563 -0.986320914 -0.0547832296 -0.155466563 -0.986320914 -0.142787611 -0.0961781986 0.985069263 -0.142787611 -0.0961781986 0.985069263 -0.142787611 -0.0961781986 0.985069263 -0.406881522 -0.274065317 0.871398662 -0.406881522 -0.274065317 0.871398662 -0.406881522 -0.274065317 0.871398662 -0.406822474 -0.27305751 0.871742549 -0.406822474 -0.27305751 0.871742549 -0.406822474 -0.27305751 0.871742549 -0.616729209 -0.413946015 0.669547444 -0.616729209 -0.413946015 0.669547444 -0.616729209 -0.413946015 0.669547444 -0.616905603 -0.415137105 0.668646889 -0.616905603 -0.415137105 0.668646889 -0.616905603 -0.415137105 0.668646889 -0.753680814 -0.507177872 0.41801416 -0.753680814 -0.507177872 0.41801416 -0.753680814 -0.507177872 0.41801416 -0.753650852 -0.506027342 0.419460037 -0.753650852 -0.506027342 0.419460037 -0.753650852 -0.506027342 0.419460037 -0.821790938 -0.55177896 0.142125415 -0.821790938 -0.55177896 0.142125415 -0.821790938 -0.55177896 0.142125415 -0.821474277 -0.552693954 0.140390189 -0.821474277 -0.552693954 0.140390189 -0.821474277 -0.552693954 0.140390189 -0.82127291 -0.552558472 -0.142091315 -0.82127291 -0.552558472 -0.142091315 -0.82127291 -0.552558472 -0.142091315 -0.822002726 -0.551921162 -0.140337267 -0.822002726 -0.551921162 -0.140337267 -0.822002726 -0.551921162 -0.140337267 -0.754169181 -0.506375365 -0.41810625 -0.754169181 -0.506375365 -0.41810625 -0.754169181 -0.506375365 -0.41810625 -0.753072005 -0.506768184 -0.419605247 -0.753072005 -0.506768184 -0.419605247 -0.753072005 -0.506768184 -0.419605247 -0.616317976 -0.41474167 -0.669433715 -0.616317976 -0.41474167 -0.669433715 -0.616317976 -0.41474167 -0.669433715 -0.617537322 -0.414488417 -0.668466161 -0.617537322 -0.414488417 -0.668466161 -0.617537322 -0.414488417 -0.668466161 -0.407197106 -0.273308961 -0.8714888 -0.407197106 -0.273308961 -0.8714888 -0.407197106 -0.273308961 -0.8714888 -0.406168878 -0.273585298 -0.871881831 -0.406168878 -0.273585298 -0.871881831 -0.406168878 -0.273585298 -0.871881831 -0.142787611 -0.0961781986 -0.985069263 -0.142787611 -0.0961781986 -0.985069263 -0.142787611 -0.0961781986 -0.985069263 -0.176592064 0 0.984284127 -0.176592064 0 0.984284127 -0.176592064 0 0.984284127 -0.499478038 0 0.866326549 -0.499478038 0 0.866326549 -0.499478038 0 0.866326549 -0.499478038 0 0.866326549 -0.499478038 0 0.866326549 -0.499478038 0 0.866326549 -0.751735587 0 0.659464637 -0.751735587 0 0.659464637 -0.751735587 0 0.659464637 -0.751735587 0 0.659464637 -0.751735587 0 0.659464637 -0.751735587 0 0.659464637 -0.912509265 0 0.409056037 -0.912509265 0 0.409056037 -0.912509265 0 0.409056037 -0.912509265 0 0.409056037 -0.912509265 0 0.409056037 -0.912509265 0 0.409056037 -0.990355855 0 0.138547036 -0.990355855 0 0.138547036 -0.990355855 0 0.138547036 -0.990355855 0 0.138547036 -0.990355855 0 0.138547036 -0.990355855 0 0.138547036 -0.990355855 0 -0.138547036 -0.990355855 0 -0.138547036 -0.990355855 0 -0.138547036 -0.990355855 -0 -0.138547036 -0.990355855 -0 -0.138547036 -0.990355855 -0 -0.138547036 -0.912509265 0 -0.409056037 -0.912509265 0 -0.409056037 -0.912509265 0 -0.409056037 -0.912509265 -0 -0.409056037 -0.912509265 -0 -0.409056037 -0.912509265 -0 -0.409056037 -0.751735587 0 -0.659464637 -0.751735587 0 -0.659464637 -0.751735587 0 -0.659464637 -0.751735587 -0 -0.659464637 -0.751735587 -0 -0.659464637 -0.751735587 -0 -0.659464637 -0.499478038 0 -0.866326549 -0.499478038 0 -0.866326549 -0.499478038 0 -0.866326549 -0.499478038 -0 -0.866326549 -0.499478038 -0 -0.866326549 -0.499478038 -0 -0.866326549 -0.176592064 0 -0.984284127 -0.176592064 0 -0.984284127 -0.176592064 0 -0.984284127 -0.143009823 0.0963278753 0.985022401 -0.143009823 0.0963278753 0.985022401 -0.143009823 0.0963278753 0.985022401 -0.406168611 0.273585118 0.871882012 -0.406168611 0.273585118 0.871882012 -0.406168611 0.273585118 0.871882012 -0.407196838 0.273308781 0.871488981 -0.407196838 0.273308781 0.871488981 -0.407196838 0.273308781 0.871488981 -0.617691756 0.414592072 0.668259162 -0.617691756 0.414592072 0.668259162 -0.617691756 0.414592072 0.668259162 -0.616239653 0.414893848 0.669411521 -0.616239653 0.414893848 0.669411521 -0.616239653 0.414893848 0.669411521 -0.75294372 0.506932191 0.419637354 -0.75294372 0.506932191 0.419637354 -0.75294372 0.506932191 0.419637354 -0.754076948 0.506526526 0.418089506 -0.754076948 0.506526526 0.418089506 -0.754076948 0.506526526 0.418089506 -0.821893942 0.552080373 0.140348177 -0.821893942 0.552080373 0.140348177 -0.821893942 0.552080373 0.140348177 -0.821171179 0.55271137 0.142084609 -0.821171179 0.55271137 0.142084609 -0.821171179 0.55271137 0.142084609 -0.821370503 0.552845531 -0.140400559 -0.821370503 0.552845531 -0.140400559 -0.821370503 0.552845531 -0.140400559 -0.8216843 0.551939553 -0.142118402 -0.8216843 0.551939553 -0.142118402 -0.8216843 0.551939553 -0.142118402 -0.753541778 0.506167043 -0.419487441 -0.753541778 0.506167043 -0.419487441 -0.753541778 0.506167043 -0.419487441 -0.753572327 0.507355412 -0.417994299 -0.753572327 0.507355412 -0.417994299 -0.753572327 0.507355412 -0.417994299 -0.616939485 0.415365022 -0.668474061 -0.616939485 0.415365022 -0.668474061 -0.616939485 0.415365022 -0.668474061 -0.61672951 0.413946217 -0.669547042 -0.61672951 0.413946217 -0.669547042 -0.61672951 0.413946217 -0.669547042 -0.406822207 0.27305733 -0.871742729 -0.406822207 0.27305733 -0.871742729 -0.406822207 0.27305733 -0.871742729 -0.406881254 0.274065137 -0.871398844 -0.406881254 0.274065137 -0.871398844 -0.406881254 0.274065137 -0.871398844 -0.143009823 0.0963278753 -0.985022401 -0.143009823 0.0963278753 -0.985022401 -0.143009823 0.0963278753 -0.985022401 -0.0549216413 0.155858326 0.986251386 -0.0549216413 0.155858326 0.986251386 -0.0549216413 0.155858326 0.986251386 -0.157751992 0.447673464 0.880172017 -0.157751992 0.447673464 0.880172017 -0.157751992 0.447673464 0.880172017 -0.156537752 0.44725033 0.880603812 -0.156537752 0.44725033 0.880603812 -0.156537752 0.44725033 0.880603812 -0.24064856 0.687566713 0.685084145 -0.24064856 0.687566713 0.685084145 -0.24064856 0.687566713 0.685084145 -0.241386164 0.687888142 0.684501734 -0.241386164 0.687888142 0.684501734 -0.241386164 0.687888142 0.684501734 -0.298199404 0.849791183 0.434663157 -0.298199404 0.849791183 0.434663157 -0.298199404 0.849791183 0.434663157 -0.298143344 0.849774583 0.434734062 -0.298143344 0.849774583 0.434734062 -0.298143344 0.849774583 0.434734062 -0.327444182 0.933288464 0.147488813 -0.327444182 0.933288464 0.147488813 -0.327444182 0.933288464 0.147488813 -0.328008033 0.933244495 0.146510899 -0.328008033 0.933244495 0.146510899 -0.328008033 0.933244495 0.146510899 -0.327961227 0.933111323 -0.147460819 -0.327961227 0.933111323 -0.147460819 -0.327961227 0.933111323 -0.147460819 -0.327493309 0.933428486 -0.14649025 -0.327493309 0.933428486 -0.14649025 -0.327493309 0.933428486 -0.14649025 -0.298153634 0.849803913 -0.434669668 -0.298153634 0.849803913 -0.434669668 -0.298153634 0.849803913 -0.434669668 -0.298187298 0.849756682 -0.434738906 -0.298187298 0.849756682 -0.434738906 -0.298187298 0.849756682 -0.434738906 -0.241237055 0.68746322 -0.684981025 -0.241237055 0.68746322 -0.684981025 -0.241237055 0.68746322 -0.684981025 -0.240853166 0.688151304 -0.684424967 -0.240853166 0.688151304 -0.684424967 -0.240853166 0.688151304 -0.684424967 -0.156712119 0.447748521 -0.880319586 -0.156712119 0.447748521 -0.880319586 -0.156712119 0.447748521 -0.880319586 -0.15741806 0.446725822 -0.880713117 -0.15741806 0.446725822 -0.880713117 -0.15741806 0.446725822 -0.880713117 -0.0549216413 0.155858326 -0.986251386 -0.0549216413 0.155858326 -0.986251386 -0.0549216413 0.155858326 -0.986251386 0.0549216413 -0.155858326 0.986251386 0.0549216413 -0.155858326 0.986251386 0.0549216413 -0.155858326 0.986251386 0.15741806 -0.446725822 0.880713117 0.15741806 -0.446725822 0.880713117 0.15741806 -0.446725822 0.880713117 0.156712119 -0.447748521 0.880319586 0.156712119 -0.447748521 0.880319586 0.156712119 -0.447748521 0.880319586 0.240853166 -0.688151304 0.684424967 0.240853166 -0.688151304 0.684424967 0.240853166 -0.688151304 0.684424967 0.241237055 -0.68746322 0.684981025 0.241237055 -0.68746322 0.684981025 0.241237055 -0.68746322 0.684981025 0.298187298 -0.849756682 0.434738906 0.298187298 -0.849756682 0.434738906 0.298187298 -0.849756682 0.434738906 0.298153634 -0.849803913 0.434669668 0.298153634 -0.849803913 0.434669668 0.298153634 -0.849803913 0.434669668 0.327493309 -0.933428486 0.14649025 0.327493309 -0.933428486 0.14649025 0.327493309 -0.933428486 0.14649025 0.327961227 -0.933111323 0.147460819 0.327961227 -0.933111323 0.147460819 0.327961227 -0.933111323 0.147460819 0.328008033 -0.933244495 -0.146510899 0.328008033 -0.933244495 -0.146510899 0.328008033 -0.933244495 -0.146510899 0.327444182 -0.933288464 -0.147488813 0.327444182 -0.933288464 -0.147488813 0.327444182 -0.933288464 -0.147488813 0.298143344 -0.849774583 -0.434734062 0.298143344 -0.849774583 -0.434734062 0.298143344 -0.849774583 -0.434734062 0.298199404 -0.849791183 -0.434663157 0.298199404 -0.849791183 -0.434663157 0.298199404 -0.849791183 -0.434663157 0.241386164 -0.687888142 -0.684501734 0.241386164 -0.687888142 -0.684501734 0.241386164 -0.687888142 -0.684501734 0.24064856 -0.687566713 -0.685084145 0.24064856 -0.687566713 -0.685084145 0.24064856 -0.687566713 -0.685084145 0.156537752 -0.44725033 -0.880603812 0.156537752 -0.44725033 -0.880603812 0.156537752 -0.44725033 -0.880603812 0.157751992 -0.447673464 -0.880172017 0.157751992 -0.447673464 -0.880172017 0.157751992 -0.447673464 -0.880172017 0.0549216413 -0.155858326 -0.986251386 0.0549216413 -0.155858326 -0.986251386 0.0549216413 -0.155858326 -0.986251386 0.143009823 -0.0963278753 0.985022401 0.143009823 -0.0963278753 0.985022401 0.143009823 -0.0963278753 0.985022401 0.406881254 -0.274065137 0.871398844 0.406881254 -0.274065137 0.871398844 0.406881254 -0.274065137 0.871398844 0.406822207 -0.27305733 0.871742729 0.406822207 -0.27305733 0.871742729 0.406822207 -0.27305733 0.871742729 0.61672951 -0.413946217 0.669547042 0.61672951 -0.413946217 0.669547042 0.61672951 -0.413946217 0.669547042 0.616939485 -0.415365022 0.668474061 0.616939485 -0.415365022 0.668474061 0.616939485 -0.415365022 0.668474061 0.753572327 -0.507355412 0.417994299 0.753572327 -0.507355412 0.417994299 0.753572327 -0.507355412 0.417994299 0.753541778 -0.506167043 0.419487441 0.753541778 -0.506167043 0.419487441 0.753541778 -0.506167043 0.419487441 0.8216843 -0.551939553 0.142118402 0.8216843 -0.551939553 0.142118402 0.8216843 -0.551939553 0.142118402 0.821370503 -0.552845531 0.140400559 0.821370503 -0.552845531 0.140400559 0.821370503 -0.552845531 0.140400559 0.821171179 -0.55271137 -0.142084609 0.821171179 -0.55271137 -0.142084609 0.821171179 -0.55271137 -0.142084609 0.821893942 -0.552080373 -0.140348177 0.821893942 -0.552080373 -0.140348177 0.821893942 -0.552080373 -0.140348177 0.754076948 -0.506526526 -0.418089506 0.754076948 -0.506526526 -0.418089506 0.754076948 -0.506526526 -0.418089506 0.75294372 -0.506932191 -0.419637354 0.75294372 -0.506932191 -0.419637354 0.75294372 -0.506932191 -0.419637354 0.616239653 -0.414893848 -0.669411521 0.616239653 -0.414893848 -0.669411521 0.616239653 -0.414893848 -0.669411521 0.617691756 -0.414592072 -0.668259162 0.617691756 -0.414592072 -0.668259162 0.617691756 -0.414592072 -0.668259162 0.407196838 -0.273308781 -0.871488981 0.407196838 -0.273308781 -0.871488981 0.407196838 -0.273308781 -0.871488981 0.406168611 -0.273585118 -0.871882012 0.406168611 -0.273585118 -0.871882012 0.406168611 -0.273585118 -0.871882012 0.143009823 -0.0963278753 -0.985022401 0.143009823 -0.0963278753 -0.985022401 0.143009823 -0.0963278753 -0.985022401 0.176592064 -0 0.984284127 0.176592064 -0 0.984284127 0.176592064 -0 0.984284127 0.499478038 0 0.866326549 0.499478038 0 0.866326549 0.499478038 0 0.866326549 0.499478038 -0 0.866326549 0.499478038 -0 0.866326549 0.499478038 -0 0.866326549 0.751735587 0 0.659464637 0.751735587 0 0.659464637 0.751735587 0 0.659464637 0.751735587 -0 0.659464637 0.751735587 -0 0.659464637 0.751735587 -0 0.659464637 0.912509265 0 0.409056037 0.912509265 0 0.409056037 0.912509265 0 0.409056037 0.912509265 -0 0.409056037 0.912509265 -0 0.409056037 0.912509265 -0 0.409056037 0.990355855 0 0.138547036 0.990355855 0 0.138547036 0.990355855 0 0.138547036 0.990355855 -0 0.138547036 0.990355855 -0 0.138547036 0.990355855 -0 0.138547036 0.990355855 0 -0.138547036 0.990355855 0 -0.138547036 0.990355855 0 -0.138547036 0.990355855 0 -0.138547036 0.990355855 0 -0.138547036 0.990355855 0 -0.138547036 0.912509265 0 -0.409056037 0.912509265 0 -0.409056037 0.912509265 0 -0.409056037 0.912509265 0 -0.409056037 0.912509265 0 -0.409056037 0.912509265 0 -0.409056037 0.751735587 0 -0.659464637 0.751735587 0 -0.659464637 0.751735587 0 -0.659464637 0.751735587 0 -0.659464637 0.751735587 0 -0.659464637 0.751735587 0 -0.659464637 0.499478038 0 -0.866326549 0.499478038 0 -0.866326549 0.499478038 0 -0.866326549 0.499478038 0 -0.866326549 0.499478038 0 -0.866326549 0.499478038 0 -0.866326549 0.176592064 0 -0.984284127 0.176592064 0 -0.984284127 0.176592064 0 -0.984284127 0.142787611 0.0961781986 0.985069263 0.142787611 0.0961781986 0.985069263 0.142787611 0.0961781986 0.985069263 0.406168878 0.273585298 0.871881831 0.406168878 0.273585298 0.871881831 0.406168878 0.273585298 0.871881831 0.407197106 0.273308961 0.8714888 0.407197106 0.273308961 0.8714888 0.407197106 0.273308961 0.8714888 0.617537322 0.414488417 0.668466161 0.617537322 0.414488417 0.668466161 0.617537322 0.414488417 0.668466161 0.616317976 0.41474167 0.669433715 0.616317976 0.41474167 0.669433715 0.616317976 0.41474167 0.669433715 0.753072005 0.506768184 0.419605247 0.753072005 0.506768184 0.419605247 0.753072005 0.506768184 0.419605247 0.754169181 0.506375365 0.41810625 0.754169181 0.506375365 0.41810625 0.754169181 0.506375365 0.41810625 0.822002726 0.551921162 0.140337267 0.822002726 0.551921162 0.140337267 0.822002726 0.551921162 0.140337267 0.82127291 0.552558472 0.142091315 0.82127291 0.552558472 0.142091315 0.82127291 0.552558472 0.142091315 0.821474277 0.552693954 -0.140390189 0.821474277 0.552693954 -0.140390189 0.821474277 0.552693954 -0.140390189 0.821790938 0.55177896 -0.142125415 0.821790938 0.55177896 -0.142125415 0.821790938 0.55177896 -0.142125415 0.753650852 0.506027342 -0.419460037 0.753650852 0.506027342 -0.419460037 0.753650852 0.506027342 -0.419460037 0.753680814 0.507177872 -0.41801416 0.753680814 0.507177872 -0.41801416 0.753680814 0.507177872 -0.41801416 0.616905603 0.415137105 -0.668646889 0.616905603 0.415137105 -0.668646889 0.616905603 0.415137105 -0.668646889 0.616729209 0.413946015 -0.669547444 0.616729209 0.413946015 -0.669547444 0.616729209 0.413946015 -0.669547444 0.406822474 0.27305751 -0.871742549 0.406822474 0.27305751 -0.871742549 0.406822474 0.27305751 -0.871742549 0.406881522 0.274065317 -0.871398662 0.406881522 0.274065317 -0.871398662 0.406881522 0.274065317 -0.871398662 0.142787611 0.0961781986 -0.985069263 0.142787611 0.0961781986 -0.985069263 0.142787611 0.0961781986 -0.985069263 0.0547832296 0.155466563 0.986320914 0.0547832296 0.155466563 0.986320914 0.0547832296 0.155466563 0.986320914 0.157750977 0.447673537 0.880172161 0.157750977 0.447673537 0.880172161 0.157750977 0.447673537 0.880172161 0.156537922 0.447250816 0.880603535 0.156537922 0.447250816 0.880603535 0.156537922 0.447250816 0.880603535 0.240546275 0.687274473 0.685413224 0.240546275 0.687274473 0.685413224 0.240546275 0.687274473 0.685413224 0.241283606 0.687595877 0.684831463 0.241283606 0.687595877 0.684831463 0.241283606 0.687595877 0.684831463 0.298199404 0.849791183 0.434663157 0.298199404 0.849791183 0.434663157 0.298199404 0.849791183 0.434663157 0.298143344 0.849774583 0.434734062 0.298143344 0.849774583 0.434734062 0.298143344 0.849774583 0.434734062 0.327444182 0.933288464 0.147488813 0.327444182 0.933288464 0.147488813 0.327444182 0.933288464 0.147488813 0.328008033 0.933244495 0.146510899 0.328008033 0.933244495 0.146510899 0.328008033 0.933244495 0.146510899 0.327961227 0.933111323 -0.147460819 0.327961227 0.933111323 -0.147460819 0.327961227 0.933111323 -0.147460819 0.327493309 0.933428486 -0.14649025 0.327493309 0.933428486 -0.14649025 0.327493309 0.933428486 -0.14649025 0.298153634 0.849803913 -0.434669668 0.298153634 0.849803913 -0.434669668 0.298153634 0.849803913 -0.434669668 0.298187298 0.849756682 -0.434738906 0.298187298 0.849756682 -0.434738906 0.298187298 0.849756682 -0.434738906 0.241134552 0.687171111 -0.685310143 0.241134552 0.687171111 -0.685310143 0.241134552 0.687171111 -0.685310143 0.240750807 0.687858848 -0.684754887 0.240750807 0.687858848 -0.684754887 0.240750807 0.687858848 -0.684754887 0.156712119 0.447748521 -0.880319586 0.156712119 0.447748521 -0.880319586 0.156712119 0.447748521 -0.880319586 0.157417372 0.446726818 -0.880712735 0.157417372 0.446726818 -0.880712735 0.157417372 0.446726818 -0.880712735 0.0547832296 0.155466563 -0.986320914 0.0547832296 0.155466563 -0.986320914 0.0547832296 0.155466563 -0.986320914 -0.0547832296 0.155466563 0.986320914 -0.0547832296 0.155466563 0.986320914 -0.0547832296 0.155466563 0.986320914 -0.157417372 0.446726818 0.880712735 -0.157417372 0.446726818 0.880712735 -0.157417372 0.446726818 0.880712735 -0.156712119 0.447748521 0.880319586 -0.156712119 0.447748521 0.880319586 -0.156712119 0.447748521 0.880319586 -0.240750807 0.687858848 0.684754887 -0.240750807 0.687858848 0.684754887 -0.240750807 0.687858848 0.684754887 -0.241134552 0.687171111 0.685310143 -0.241134552 0.687171111 0.685310143 -0.241134552 0.687171111 0.685310143 -0.298187298 0.849756682 0.434738906 -0.298187298 0.849756682 0.434738906 -0.298187298 0.849756682 0.434738906 -0.298153634 0.849803913 0.434669668 -0.298153634 0.849803913 0.434669668 -0.298153634 0.849803913 0.434669668 -0.327493309 0.933428486 0.14649025 -0.327493309 0.933428486 0.14649025 -0.327493309 0.933428486 0.14649025 -0.327961227 0.933111323 0.147460819 -0.327961227 0.933111323 0.147460819 -0.327961227 0.933111323 0.147460819 -0.328008033 0.933244495 -0.146510899 -0.328008033 0.933244495 -0.146510899 -0.328008033 0.933244495 -0.146510899 -0.327444182 0.933288464 -0.147488813 -0.327444182 0.933288464 -0.147488813 -0.327444182 0.933288464 -0.147488813 -0.298143344 0.849774583 -0.434734062 -0.298143344 0.849774583 -0.434734062 -0.298143344 0.849774583 -0.434734062 -0.298199404 0.849791183 -0.434663157 -0.298199404 0.849791183 -0.434663157 -0.298199404 0.849791183 -0.434663157 -0.241283606 0.687595877 -0.684831463 -0.241283606 0.687595877 -0.684831463 -0.241283606 0.687595877 -0.684831463 -0.240546275 0.687274473 -0.685413224 -0.240546275 0.687274473 -0.685413224 -0.240546275 0.687274473 -0.685413224 -0.156537922 0.447250816 -0.880603535 -0.156537922 0.447250816 -0.880603535 -0.156537922 0.447250816 -0.880603535 -0.157750977 0.447673537 -0.880172161 -0.157750977 0.447673537 -0.880172161 -0.157750977 0.447673537 -0.880172161 -0.0547832296 0.155466563 -0.986320914 -0.0547832296 0.155466563 -0.986320914 -0.0547832296 0.155466563 -0.986320914 -0.142787611 0.0961781986 0.985069263 -0.142787611 0.0961781986 0.985069263 -0.142787611 0.0961781986 0.985069263 -0.406881522 0.274065317 0.871398662 -0.406881522 0.274065317 0.871398662 -0.406881522 0.274065317 0.871398662 -0.406822474 0.27305751 0.871742549 -0.406822474 0.27305751 0.871742549 -0.406822474 0.27305751 0.871742549 -0.616729209 0.413946015 0.669547444 -0.616729209 0.413946015 0.669547444 -0.616729209 0.413946015 0.669547444 -0.616905603 0.415137105 0.668646889 -0.616905603 0.415137105 0.668646889 -0.616905603 0.415137105 0.668646889 -0.753680814 0.507177872 0.41801416 -0.753680814 0.507177872 0.41801416 -0.753680814 0.507177872 0.41801416 -0.753650852 0.506027342 0.419460037 -0.753650852 0.506027342 0.419460037 -0.753650852 0.506027342 0.419460037 -0.821790938 0.55177896 0.142125415 -0.821790938 0.55177896 0.142125415 -0.821790938 0.55177896 0.142125415 -0.821474277 0.552693954 0.140390189 -0.821474277 0.552693954 0.140390189 -0.821474277 0.552693954 0.140390189 -0.82127291 0.552558472 -0.142091315 -0.82127291 0.552558472 -0.142091315 -0.82127291 0.552558472 -0.142091315 -0.822002726 0.551921162 -0.140337267 -0.822002726 0.551921162 -0.140337267 -0.822002726 0.551921162 -0.140337267 -0.754169181 0.506375365 -0.41810625 -0.754169181 0.506375365 -0.41810625 -0.754169181 0.506375365 -0.41810625 -0.753072005 0.506768184 -0.419605247 -0.753072005 0.506768184 -0.419605247 -0.753072005 0.506768184 -0.419605247 -0.616317976 0.41474167 -0.669433715 -0.616317976 0.41474167 -0.669433715 -0.616317976 0.41474167 -0.669433715 -0.617537322 0.414488417 -0.668466161 -0.617537322 0.414488417 -0.668466161 -0.617537322 0.414488417 -0.668466161 -0.407197106 0.273308961 -0.8714888 -0.407197106 0.273308961 -0.8714888 -0.407197106 0.273308961 -0.8714888 -0.406168878 0.273585298 -0.871881831 -0.406168878 0.273585298 -0.871881831 -0.406168878 0.273585298 -0.871881831 -0.142787611 0.0961781986 -0.985069263 -0.142787611 0.0961781986 -0.985069263 -0.142787611 0.0961781986 -0.985069263 -0.176592064 0 0.984284127 -0.176592064 0 0.984284127 -0.176592064 0 0.984284127 -0.499478038 0 0.866326549 -0.499478038 0 0.866326549 -0.499478038 0 0.866326549 -0.499478038 0 0.866326549 -0.499478038 0 0.866326549 -0.499478038 0 0.866326549 -0.751735587 0 0.659464637 -0.751735587 0 0.659464637 -0.751735587 0 0.659464637 -0.751735587 0 0.659464637 -0.751735587 0 0.659464637 -0.751735587 0 0.659464637 -0.912509265 0 0.409056037 -0.912509265 0 0.409056037 -0.912509265 0 0.409056037 -0.912509265 0 0.409056037 -0.912509265 0 0.409056037 -0.912509265 0 0.409056037 -0.990355855 0 0.138547036 -0.990355855 0 0.138547036 -0.990355855 0 0.138547036 -0.990355855 0 0.138547036 -0.990355855 0 0.138547036 -0.990355855 0 0.138547036 -0.990355855 0 -0.138547036 -0.990355855 0 -0.138547036 -0.990355855 0 -0.138547036 -0.990355855 -0 -0.138547036 -0.990355855 -0 -0.138547036 -0.990355855 -0 -0.138547036 -0.912509265 0 -0.409056037 -0.912509265 0 -0.409056037 -0.912509265 0 -0.409056037 -0.912509265 -0 -0.409056037 -0.912509265 -0 -0.409056037 -0.912509265 -0 -0.409056037 -0.751735587 0 -0.659464637 -0.751735587 0 -0.659464637 -0.751735587 0 -0.659464637 -0.751735587 -0 -0.659464637 -0.751735587 -0 -0.659464637 -0.751735587 -0 -0.659464637 -0.499478038 0 -0.866326549 -0.499478038 0 -0.866326549 -0.499478038 0 -0.866326549 -0.499478038 -0 -0.866326549 -0.499478038 -0 -0.866326549 -0.499478038 -0 -0.866326549 -0.176592064 0 -0.984284127 -0.176592064 0 -0.984284127 -0.176592064 0 -0.984284127 -0.143009823 -0.0963278753 0.985022401 -0.143009823 -0.0963278753 0.985022401 -0.143009823 -0.0963278753 0.985022401 -0.406168611 -0.273585118 0.871882012 -0.406168611 -0.273585118 0.871882012 -0.406168611 -0.273585118 0.871882012 -0.407196838 -0.273308781 0.871488981 -0.407196838 -0.273308781 0.871488981 -0.407196838 -0.273308781 0.871488981 -0.617691756 -0.414592072 0.668259162 -0.617691756 -0.414592072 0.668259162 -0.617691756 -0.414592072 0.668259162 -0.616239653 -0.414893848 0.669411521 -0.616239653 -0.414893848 0.669411521 -0.616239653 -0.414893848 0.669411521 -0.75294372 -0.506932191 0.419637354 -0.75294372 -0.506932191 0.419637354 -0.75294372 -0.506932191 0.419637354 -0.754076948 -0.506526526 0.418089506 -0.754076948 -0.506526526 0.418089506 -0.754076948 -0.506526526 0.418089506 -0.821893942 -0.552080373 0.140348177 -0.821893942 -0.552080373 0.140348177 -0.821893942 -0.552080373 0.140348177 -0.821171179 -0.55271137 0.142084609 -0.821171179 -0.55271137 0.142084609 -0.821171179 -0.55271137 0.142084609 -0.821370503 -0.552845531 -0.140400559 -0.821370503 -0.552845531 -0.140400559 -0.821370503 -0.552845531 -0.140400559 -0.8216843 -0.551939553 -0.142118402 -0.8216843 -0.551939553 -0.142118402 -0.8216843 -0.551939553 -0.142118402 -0.753541778 -0.506167043 -0.419487441 -0.753541778 -0.506167043 -0.419487441 -0.753541778 -0.506167043 -0.419487441 -0.753572327 -0.507355412 -0.417994299 -0.753572327 -0.507355412 -0.417994299 -0.753572327 -0.507355412 -0.417994299 -0.616939485 -0.415365022 -0.668474061 -0.616939485 -0.415365022 -0.668474061 -0.616939485 -0.415365022 -0.668474061 -0.61672951 -0.413946217 -0.669547042 -0.61672951 -0.413946217 -0.669547042 -0.61672951 -0.413946217 -0.669547042 -0.406822207 -0.27305733 -0.871742729 -0.406822207 -0.27305733 -0.871742729 -0.406822207 -0.27305733 -0.871742729 -0.406881254 -0.274065137 -0.871398844 -0.406881254 -0.274065137 -0.871398844 -0.406881254 -0.274065137 -0.871398844 -0.143009823 -0.0963278753 -0.985022401 -0.143009823 -0.0963278753 -0.985022401 -0.143009823 -0.0963278753 -0.985022401 -0.0549216413 -0.155858326 0.986251386 -0.0549216413 -0.155858326 0.986251386 -0.0549216413 -0.155858326 0.986251386 -0.157751992 -0.447673464 0.880172017 -0.157751992 -0.447673464 0.880172017 -0.157751992 -0.447673464 0.880172017 -0.156537752 -0.44725033 0.880603812 -0.156537752 -0.44725033 0.880603812 -0.156537752 -0.44725033 0.880603812 -0.24064856 -0.687566713 0.685084145 -0.24064856 -0.687566713 0.685084145 -0.24064856 -0.687566713 0.685084145 -0.241386164 -0.687888142 0.684501734 -0.241386164 -0.687888142 0.684501734 -0.241386164 -0.687888142 0.684501734 -0.298199404 -0.849791183 0.434663157 -0.298199404 -0.849791183 0.434663157 -0.298199404 -0.849791183 0.434663157 -0.298143344 -0.849774583 0.434734062 -0.298143344 -0.849774583 0.434734062 -0.298143344 -0.849774583 0.434734062 -0.327444182 -0.933288464 0.147488813 -0.327444182 -0.933288464 0.147488813 -0.327444182 -0.933288464 0.147488813 -0.328008033 -0.933244495 0.146510899 -0.328008033 -0.933244495 0.146510899 -0.328008033 -0.933244495 0.146510899 -0.327961227 -0.933111323 -0.147460819 -0.327961227 -0.933111323 -0.147460819 -0.327961227 -0.933111323 -0.147460819 -0.327493309 -0.933428486 -0.14649025 -0.327493309 -0.933428486 -0.14649025 -0.327493309 -0.933428486 -0.14649025 -0.298153634 -0.849803913 -0.434669668 -0.298153634 -0.849803913 -0.434669668 -0.298153634 -0.849803913 -0.434669668 -0.298187298 -0.849756682 -0.434738906 -0.298187298 -0.849756682 -0.434738906 -0.298187298 -0.849756682 -0.434738906 -0.241237055 -0.68746322 -0.684981025 -0.241237055 -0.68746322 -0.684981025 -0.241237055 -0.68746322 -0.684981025 -0.240853166 -0.688151304 -0.684424967 -0.240853166 -0.688151304 -0.684424967 -0.240853166 -0.688151304 -0.684424967 -0.156712119 -0.447748521 -0.880319586 -0.156712119 -0.447748521 -0.880319586 -0.156712119 -0.447748521 -0.880319586 -0.15741806 -0.446725822 -0.880713117 -0.15741806 -0.446725822 -0.880713117 -0.15741806 -0.446725822 -0.880713117 -0.0549216413 -0.155858326 -0.986251386 -0.0549216413 -0.155858326 -0.986251386 -0.0549216413 -0.155858326 -0.986251386</float_array><technique_common><accessor source="#part2-normals-array" count="1080" stride="3"><param name="X" type="float" /><param name="Y" type="float" /><param name="Z" type="float" /></accessor></technique_common></source><vertices id="part2-vertices"><input semantic="POSITION" source="#part2-positions" /></vertices><triangles count="360" material="material"><input semantic="VERTEX" source="#part2-vertices" offset="0" /><input semantic="NORMAL" source="#part2-normals" offset="0" /><p>0 1 2 3 4 5 6 7 8 9 10 11 12 13 14 15 16 17 18 19 20 21 22 23 24 25 26 27 28 29 30 31 32 33 34 35 36 37 38 39 40 41 42 43 44 45 46 47 48 49 50 51 52 53 54 55 56 57 58 59 60 61 62 63 64 65 66 67 68 69 70 71 72 73 74 75 76 77 78 79 80 81 82 83 84 85 86 87 88 89 90 91 92 93 94 95 96 97 98 99 100 101 102 103 104 105 106 107 108 109 110 111 112 113 114 115 116 117 118 119 120 121 122 123 124 125 126 127 128 129 130 131 132 133 134 135 136 137 138 139 140 141 142 143 144 145 146 147 148 149 150 151 152 153 154 155 156 157 158 159 160 161 162 163 164 165 166 167 168 169 170 171 172 173 174 175 176 177 178 179 180 181 182 183 184 185 186 187 188 189 190 191 192 193 194 195 196 197 198 199 200 201 202 203 204 205 206 207 208 209 210 211 212 213 214 215 216 217 218 219 220 221 222 223 224 225 226 227 228 229 230 231 232 233 234 235 236 237 238 239 240 241 242 243 244 245 246 247 248 249 250 251 252 253 254 255 256 257 258 259 260 261 262 263 264 265 266 267 268 269 270 271 272 273 274 275 276 277 278 279 280 281 282 283 284 285 286 287 288 289 290 291 292 293 294 295 296 297 298 299 300 301 302 303 304 305 306 307 308 309 310 311 312 313 314 315 316 317 318 319 320 321 322 323 324 325 326 327 328 329 330 331 332 333 334 335 336 337 338 339 340 341 342 343 344 345 346 347 348 349 350 351 352 353 354 355 356 357 358 359 360 361 362 363 364 365 366 367 368 369 370 371 372 373 374 375 376 377 378 379 380 381 382 383 384 385 386 387 388 389 390 391 392 393 394 395 396 397 398 399 400 401 402 403 404 405 406 407 408 409 410 411 412 413 414 415 416 417 418 419 420 421 422 423 424 425 426 427 428 429 430 431 432 433 434 435 436 437 438 439 440 441 442 443 444 445 446 447 448 449 450 451 452 453 454 455 456 457 458 459 460 461 462 463 464 465 466 467 468 469 470 471 472 473 474 475 476 477 478 479 480 481 482 483 484 485 486 487 488 489 490 491 492 493 494 495 496 497 498 499 500 501 502 503 504 505 506 507 508 509 510 511 512 513 514 515 516 517 518 519 520 521 522 523 524 525 526 527 528 529 530 531 532 533 534 535 536 537 538 539 540 541 542 543 544 545 546 547 548 549 550 551 552 553 554 555 556 557 558 559 560 561 562 563 564 565 566 567 568 569 570 571 572 573 574 575 576 577 578 579 580 581 582 583 584 585 586 587 588 589 590 591 592 593 594 595 596 597 598 599 600 601 602 603 604 605 606 607 608 609 610 611 612 613 614 615 616 617 618 619 620 621 622 623 624 625 626 627 628 629 630 631 632 633 634 635 636 637 638 639 640 641 642 643 644 645 646 647 648 649 650 651 652 653 654 655 656 657 658 659 660 661 662 663 664 665 666 667 668 669 670 671 672 673 674 675 676 677 678 679 680 681 682 683 684 685 686 687 688 689 690 691 692 693 694 695 696 697 698 699 700 701 702 703 704 705 706 707 708 709 710 711 712 713 714 715 716 717 718 719 720 721 722 723 724 725 726 727 728 729 730 731 732 733 734 735 736 737 738 739 740 741 742 743 744 745 746 747 748 749 750 751 752 753 754 755 756 757 758 759 760 761 762 763 764 765 766 767 768 769 770 771 772 773 774 775 776 777 778 779 780 781 782 783 784 785 786 787 788 789 790 791 792 793 794 795 796 797 798 799 800 801 802 803 804 805 806 807 808 809 810 811 812 813 814 815 816 817 818 819 820 821 822 823 824 825 826 827 828 829 830 831 832 833 834 835 836 837 838 839 840 841 842 843 844 845 846 847 848 849 850 851 852 853 854 855 856 857 858 859 860 861 862 863 864 865 866 867 868 869 870 871 872 873 874 875 876 877 878 879 880 881 882 883 884 885 886 887 888 889 890 891 892 893 894 895 896 897 898 899 900 901 902 903 904 905 906 907 908 909 910 911 912 913 914 915 916 917 918 919 920 921 922 923 924 925 926 927 928 929 930 931 932 933 934 935 936 937 938 939 940 941 942 943 944 945 946 947 948 949 950 951 952 953 954 955 956 957 958 959 960 961 962 963 964 965 966 967 968 969 970 971 972 973 974 975 976 977 978 979 980 981 982 983 984 985 986 987 988 989 990 991 992 993 994 995 996 997 998 999 1000 1001 1002 1003 1004 1005 1006 1007 1008 1009 1010 1011 1012 1013 1014 1015 1016 1017 1018 1019 1020 1021 1022 1023 1024 1025 1026 1027 1028 1029 1030 1031 1032 1033 1034 1035 1036 1037 1038 1039 1040 1041 1042 1043 1044 1045 1046 1047 1048 1049 1050 1051 1052 1053 1054 1055 1056 1057 1058 1059 1060 1061 1062 1063 1064 1065 1066 1067 1068 1069 1070 1071 1072 1073 1074 1075 1076 1077 1078 1079</p></triangles></mesh></geometry><geometry id="part3"><mesh><source id="part3-positions"><float_array id="part3-positions-array" count="5346">0.0100043203 0 0.0496369796 0.0281532729 0.0276349723 0.0452129142 0.0100043203 0.030680375 0.0452129142 0.0100043203 0.030680375 0.0452129142 0.0281532729 0.0276349723 0.0452129142 0.044517171 0.0525794926 0.0323882704 0.0100043203 0.030680375 0.0452129142 0.044517171 0.0525794926 0.0323882704 0.0100043203 0.0583410653 0.0323882704 0.0100043203 0.0583410653 0.0323882704 0.044517171 0.0525794926 0.0323882704 0.0575218636 0.0723540374 0.0124285353 0.0100043203 0.0583410653 0.0323882704 0.0575218636 0.0723540374 0.0124285353 0.0100043203 0.080317352 0.0124285353 0.0100043203 0.080317352 0.0124285353 0.0575218636 0.0723540374 0.0124285353 0.0658555637 0.0850552128 -0.0127166139 0.0100043203 0.080317352 0.0124285353 0.0658555637 0.0850552128 -0.0127166139 0.0100043203 0.094417774 -0.0127166139 0.0100043203 0.094417774 -0.0127166139 0.0658555637 0.0850552128 -0.0127166139 0.0687363526 0.0894381303 -0.0405985095 0.0100043203 0.094417774 -0.0127166139 0.0687363526 0.0894381303 -0.0405985095 0.0100043203 0.0992739591 -0.0405985095 0.0100043203 0.0992739591 -0.0405985095 0.0687363526 0.0894381303 -0.0405985095 0.0658555637 0.0850552128 -0.0684855504 0.0100043203 0.0992739591 -0.0405985095 0.0658555637 0.0850552128 -0.0684855504 0.0100043203 0.094417774 -0.0684855504 0.0100043203 0.094417774 -0.0684855504 0.0658555637 0.0850552128 -0.0684855504 0.0575218636 0.0723540374 -0.0936564164 0.0100043203 0.094417774 -0.0684855504 0.0575218636 0.0723540374 -0.0936564164 0.0100043203 0.080317352 -0.0936564164 0.0100043203 0.080317352 -0.0936564164 0.0575218636 0.0723540374 -0.0936564164 0.044517171 0.0525794926 -0.113616154 0.0100043203 0.080317352 -0.0936564164 0.044517171 0.0525794926 -0.113616154 0.0100043203 0.0583410653 -0.113616154 0.0100043203 0.0583410653 -0.113616154 0.044517171 0.0525794926 -0.113616154 0.0281532729 0.0276349723 -0.126440798 0.0100043203 0.0583410653 -0.113616154 0.0281532729 0.0276349723 -0.126440798 0.0100043203 0.030680375 -0.126440798 0.0100043203 0.030680375 -0.126440798 0.0281532729 0.0276349723 -0.126440798 0.0100043203 0 -0.130864858 0.0100043203 0 0.0496369796 0.042706391 0.0191160756 0.0452129142 0.0281532729 0.0276349723 0.0452129142 0.0281532729 0.0276349723 0.0452129142 0.042706391 0.0191160756 0.0452129142 0.0722138726 0.0363802159 0.0323882704 0.0281532729 0.0276349723 0.0452129142 0.0722138726 0.0363802159 0.0323882704 0.044517171 0.0525794926 0.0323882704 0.044517171 0.0525794926 0.0323882704 0.0722138726 0.0363802159 0.0323882704 0.0956151164 0.0500690944 0.0124285353 0.044517171 0.0525794926 0.0323882704 0.0956151164 0.0500690944 0.0124285353 0.0575218636 0.0723540374 0.0124285353 0.0575218636 0.0723540374 0.0124285353 0.0956151164 0.0500690944 0.0124285353 0.11065694 0.0588554958 -0.0127166139 0.0575218636 0.0723540374 0.0124285353 0.11065694 0.0588554958 -0.0127166139 0.0658555637 0.0850552128 -0.0127166139 0.0658555637 0.0850552128 -0.0127166139 0.11065694 0.0588554958 -0.0127166139 0.115842347 0.061900896 -0.0405985095 0.0658555637 0.0850552128 -0.0127166139 0.115842347 0.061900896 -0.0405985095 0.0687363526 0.0894381303 -0.0405985095 0.0687363526 0.0894381303 -0.0405985095 0.115842347 0.061900896 -0.0405985095 0.11065694 0.0588554958 -0.0684855504 0.0687363526 0.0894381303 -0.0405985095 0.11065694 0.0588554958 -0.0684855504 0.0658555637 0.0850552128 -0.0684855504 0.0658555637 0.0850552128 -0.0684855504 0.11065694 0.0588554958 -0.0684855504 0.0956151164 0.0500690944 -0.0936564164 0.0658555637 0.0850552128 -0.0684855504 0.0956151164 0.0500690944 -0.0936564164 0.0575218636 0.0723540374 -0.0936564164 0.0575218636 0.0723540374 -0.0936564164 0.0956151164 0.0500690944 -0.0936564164 0.0722138726 0.0363802159 -0.113616154 0.0575218636 0.0723540374 -0.0936564164 0.0722138726 0.0363802159 -0.113616154 0.044517171 0.0525794926 -0.113616154 0.044517171 0.0525794926 -0.113616154 0.0722138726 0.0363802159 -0.113616154 0.042706391 0.0191160756 -0.126440798 0.044517171 0.0525794926 -0.113616154 0.042706391 0.0191160756 -0.126440798 0.0281532729 0.0276349723 -0.126440798 0.0281532729 0.0276349723 -0.126440798 0.042706391 0.0191160756 -0.126440798 0.0100043203 0 -0.130864858 0.0100043203 0 0.0496369796 0.0507725927 0.006831579 0.0452129142 0.042706391 0.0191160756 0.0452129142 0.042706391 0.0191160756 0.0452129142 0.0507725927 0.006831579 0.0452129142 0.0875694961 0.0129841161 0.0323882704 0.042706391 0.0191160756 0.0452129142 0.0875694961 0.0129841161 0.0323882704 0.0722138726 0.0363802159 0.0323882704 0.0722138726 0.0363802159 0.0323882704 0.0875694961 0.0129841161 0.0323882704 0.116768316 0.0178608752 0.0124285353 0.0722138726 0.0363802159 0.0323882704 0.116768316 0.0178608752 0.0124285353 0.0956151164 0.0500690944 0.0124285353 0.0956151164 0.0500690944 0.0124285353 0.116768316 0.0178608752 0.0124285353 0.135519149 0.0210091637 -0.0127166139 0.0956151164 0.0500690944 0.0124285353 0.135519149 0.0210091637 -0.0127166139 0.11065694 0.0588554958 -0.0127166139 0.11065694 0.0588554958 -0.0127166139 0.135519149 0.0210091637 -0.0127166139 0.141980345 0.0220791688 -0.0405985095 0.11065694 0.0588554958 -0.0127166139 0.141980345 0.0220791688 -0.0405985095 0.115842347 0.061900896 -0.0405985095 0.115842347 0.061900896 -0.0405985095 0.141980345 0.0220791688 -0.0405985095 0.135519149 0.0210091637 -0.0684855504 0.115842347 0.061900896 -0.0405985095 0.135519149 0.0210091637 -0.0684855504 0.11065694 0.0588554958 -0.0684855504 0.11065694 0.0588554958 -0.0684855504 0.135519149 0.0210091637 -0.0684855504 0.116768316 0.0178608752 -0.0936564164 0.11065694 0.0588554958 -0.0684855504 0.116768316 0.0178608752 -0.0936564164 0.0956151164 0.0500690944 -0.0936564164 0.0956151164 0.0500690944 -0.0936564164 0.116768316 0.0178608752 -0.0936564164 0.0875694961 0.0129841161 -0.113616154 0.0956151164 0.0500690944 -0.0936564164 0.0875694961 0.0129841161 -0.113616154 0.0722138726 0.0363802159 -0.113616154 0.0722138726 0.0363802159 -0.113616154 0.0875694961 0.0129841161 -0.113616154 0.0507725927 0.006831579 -0.126440798 0.0722138726 0.0363802159 -0.113616154 0.0507725927 0.006831579 -0.126440798 0.042706391 0.0191160756 -0.126440798 0.042706391 0.0191160756 -0.126440798 0.0507725927 0.006831579 -0.126440798 0.0100043203 0 -0.130864858 0.0100043203 0 0.0496369796 0.0507725927 -0.006831579 0.0452129142 0.0507725927 0.006831579 0.0452129142 0.0507725927 0.006831579 0.0452129142 0.0507725927 -0.006831579 0.0452129142 0.0875694961 -0.0129841161 0.0323882704 0.0507725927 0.006831579 0.0452129142 0.0875694961 -0.0129841161 0.0323882704 0.0875694961 0.0129841161 0.0323882704 0.0875694961 0.0129841161 0.0323882704 0.0875694961 -0.0129841161 0.0323882704 0.116768316 -0.0178608752 0.0124285353 0.0875694961 0.0129841161 0.0323882704 0.116768316 -0.0178608752 0.0124285353 0.116768316 0.0178608752 0.0124285353 0.116768316 0.0178608752 0.0124285353 0.116768316 -0.0178608752 0.0124285353 0.135519149 -0.0210091637 -0.0127166139 0.116768316 0.0178608752 0.0124285353 0.135519149 -0.0210091637 -0.0127166139 0.135519149 0.0210091637 -0.0127166139 0.135519149 0.0210091637 -0.0127166139 0.135519149 -0.0210091637 -0.0127166139 0.141980345 -0.0220791688 -0.0405985095 0.135519149 0.0210091637 -0.0127166139 0.141980345 -0.0220791688 -0.0405985095 0.141980345 0.0220791688 -0.0405985095 0.141980345 0.0220791688 -0.0405985095 0.141980345 -0.0220791688 -0.0405985095 0.135519149 -0.0210091637 -0.0684855504 0.141980345 0.0220791688 -0.0405985095 0.135519149 -0.0210091637 -0.0684855504 0.135519149 0.0210091637 -0.0684855504 0.135519149 0.0210091637 -0.0684855504 0.135519149 -0.0210091637 -0.0684855504 0.116768316 -0.0178608752 -0.0936564164 0.135519149 0.0210091637 -0.0684855504 0.116768316 -0.0178608752 -0.0936564164 0.116768316 0.0178608752 -0.0936564164 0.116768316 0.0178608752 -0.0936564164 0.116768316 -0.0178608752 -0.0936564164 0.0875694961 -0.0129841161 -0.113616154 0.116768316 0.0178608752 -0.0936564164 0.0875694961 -0.0129841161 -0.113616154 0.0875694961 0.0129841161 -0.113616154 0.0875694961 0.0129841161 -0.113616154 0.0875694961 -0.0129841161 -0.113616154 0.0507725927 -0.006831579 -0.126440798 0.0875694961 0.0129841161 -0.113616154 0.0507725927 -0.006831579 -0.126440798 0.0507725927 0.006831579 -0.126440798 0.0507725927 0.006831579 -0.126440798 0.0507725927 -0.006831579 -0.126440798 0.0100043203 0 -0.130864858 0.0100043203 0 0.0496369796 0.042706391 -0.0191160756 0.0452129142 0.0507725927 -0.006831579 0.0452129142 0.0507725927 -0.006831579 0.0452129142 0.042706391 -0.0191160756 0.0452129142 0.0722138726 -0.0363802159 0.0323882704 0.0507725927 -0.006831579 0.0452129142 0.0722138726 -0.0363802159 0.0323882704 0.0875694961 -0.0129841161 0.0323882704 0.0875694961 -0.0129841161 0.0323882704 0.0722138726 -0.0363802159 0.0323882704 0.0956151164 -0.0500690944 0.0124285353 0.0875694961 -0.0129841161 0.0323882704 0.0956151164 -0.0500690944 0.0124285353 0.116768316 -0.0178608752 0.0124285353 0.116768316 -0.0178608752 0.0124285353 0.0956151164 -0.0500690944 0.0124285353 0.11065694 -0.0588554958 -0.0127166139 0.116768316 -0.0178608752 0.0124285353 0.11065694 -0.0588554958 -0.0127166139 0.135519149 -0.0210091637 -0.0127166139 0.135519149 -0.0210091637 -0.0127166139 0.11065694 -0.0588554958 -0.0127166139 0.115842347 -0.061900896 -0.0405985095 0.135519149 -0.0210091637 -0.0127166139 0.115842347 -0.061900896 -0.0405985095 0.141980345 -0.0220791688 -0.0405985095 0.141980345 -0.0220791688 -0.0405985095 0.115842347 -0.061900896 -0.0405985095 0.11065694 -0.0588554958 -0.0684855504 0.141980345 -0.0220791688 -0.0405985095 0.11065694 -0.0588554958 -0.0684855504 0.135519149 -0.0210091637 -0.0684855504 0.135519149 -0.0210091637 -0.0684855504 0.11065694 -0.0588554958 -0.0684855504 0.0956151164 -0.0500690944 -0.0936564164 0.135519149 -0.0210091637 -0.0684855504 0.0956151164 -0.0500690944 -0.0936564164 0.116768316 -0.0178608752 -0.0936564164 0.116768316 -0.0178608752 -0.0936564164 0.0956151164 -0.0500690944 -0.0936564164 0.0722138726 -0.0363802159 -0.113616154 0.116768316 -0.0178608752 -0.0936564164 0.0722138726 -0.0363802159 -0.113616154 0.0875694961 -0.0129841161 -0.113616154 0.0875694961 -0.0129841161 -0.113616154 0.0722138726 -0.0363802159 -0.113616154 0.042706391 -0.0191160756 -0.126440798 0.0875694961 -0.0129841161 -0.113616154 0.042706391 -0.0191160756 -0.126440798 0.0507725927 -0.006831579 -0.126440798 0.0507725927 -0.006831579 -0.126440798 0.042706391 -0.0191160756 -0.126440798 0.0100043203 0 -0.130864858 0.0100043203 0 0.0496369796 0.0281532729 -0.0276349723 0.0452129142 0.042706391 -0.0191160756 0.0452129142 0.042706391 -0.0191160756 0.0452129142 0.0281532729 -0.0276349723 0.0452129142 0.044517171 -0.0525794926 0.0323882704 0.042706391 -0.0191160756 0.0452129142 0.044517171 -0.0525794926 0.0323882704 0.0722138726 -0.0363802159 0.0323882704 0.0722138726 -0.0363802159 0.0323882704 0.044517171 -0.0525794926 0.0323882704 0.0575218636 -0.0723540374 0.0124285353 0.0722138726 -0.0363802159 0.0323882704 0.0575218636 -0.0723540374 0.0124285353 0.0956151164 -0.0500690944 0.0124285353 0.0956151164 -0.0500690944 0.0124285353 0.0575218636 -0.0723540374 0.0124285353 0.0658555637 -0.0850552128 -0.0127166139 0.0956151164 -0.0500690944 0.0124285353 0.0658555637 -0.0850552128 -0.0127166139 0.11065694 -0.0588554958 -0.0127166139 0.11065694 -0.0588554958 -0.0127166139 0.0658555637 -0.0850552128 -0.0127166139 0.0687363526 -0.0894381303 -0.0405985095 0.11065694 -0.0588554958 -0.0127166139 0.0687363526 -0.0894381303 -0.0405985095 0.115842347 -0.061900896 -0.0405985095 0.115842347 -0.061900896 -0.0405985095 0.0687363526 -0.0894381303 -0.0405985095 0.0658555637 -0.0850552128 -0.0684855504 0.115842347 -0.061900896 -0.0405985095 0.0658555637 -0.0850552128 -0.0684855504 0.11065694 -0.0588554958 -0.0684855504 0.11065694 -0.0588554958 -0.0684855504 0.0658555637 -0.0850552128 -0.0684855504 0.0575218636 -0.0723540374 -0.0936564164 0.11065694 -0.0588554958 -0.0684855504 0.0575218636 -0.0723540374 -0.0936564164 0.0956151164 -0.0500690944 -0.0936564164 0.0956151164 -0.0500690944 -0.0936564164 0.0575218636 -0.0723540374 -0.0936564164 0.044517171 -0.0525794926 -0.113616154 0.0956151164 -0.0500690944 -0.0936564164 0.044517171 -0.0525794926 -0.113616154 0.0722138726 -0.0363802159 -0.113616154 0.0722138726 -0.0363802159 -0.113616154 0.044517171 -0.0525794926 -0.113616154 0.0281532729 -0.0276349723 -0.126440798 0.0722138726 -0.0363802159 -0.113616154 0.0281532729 -0.0276349723 -0.126440798 0.042706391 -0.0191160756 -0.126440798 0.042706391 -0.0191160756 -0.126440798 0.0281532729 -0.0276349723 -0.126440798 0.0100043203 0 -0.130864858 0.0100043203 0 0.0496369796 0.0100043203 -0.030680375 0.0452129142 0.0281532729 -0.0276349723 0.0452129142 0.0281532729 -0.0276349723 0.0452129142 0.0100043203 -0.030680375 0.0452129142 0.0100043203 -0.0583410653 0.0323882704 0.0281532729 -0.0276349723 0.0452129142 0.0100043203 -0.0583410653 0.0323882704 0.044517171 -0.0525794926 0.0323882704 0.044517171 -0.0525794926 0.0323882704 0.0100043203 -0.0583410653 0.0323882704 0.0100043203 -0.080317352 0.0124285353 0.044517171 -0.0525794926 0.0323882704 0.0100043203 -0.080317352 0.0124285353 0.0575218636 -0.0723540374 0.0124285353 0.0575218636 -0.0723540374 0.0124285353 0.0100043203 -0.080317352 0.0124285353 0.0100043203 -0.094417774 -0.0127166139 0.0575218636 -0.0723540374 0.0124285353 0.0100043203 -0.094417774 -0.0127166139 0.0658555637 -0.0850552128 -0.0127166139 0.0658555637 -0.0850552128 -0.0127166139 0.0100043203 -0.094417774 -0.0127166139 0.0100043203 -0.0992739591 -0.0405985095 0.0658555637 -0.0850552128 -0.0127166139 0.0100043203 -0.0992739591 -0.0405985095 0.0687363526 -0.0894381303 -0.0405985095 0.0687363526 -0.0894381303 -0.0405985095 0.0100043203 -0.0992739591 -0.0405985095 0.0100043203 -0.094417774 -0.0684855504 0.0687363526 -0.0894381303 -0.0405985095 0.0100043203 -0.094417774 -0.0684855504 0.0658555637 -0.0850552128 -0.0684855504 0.0658555637 -0.0850552128 -0.0684855504 0.0100043203 -0.094417774 -0.0684855504 0.0100043203 -0.080317352 -0.0936564164 0.0658555637 -0.0850552128 -0.0684855504 0.0100043203 -0.080317352 -0.0936564164 0.0575218636 -0.0723540374 -0.0936564164 0.0575218636 -0.0723540374 -0.0936564164 0.0100043203 -0.080317352 -0.0936564164 0.0100043203 -0.0583410653 -0.113616154 0.0575218636 -0.0723540374 -0.0936564164 0.0100043203 -0.0583410653 -0.113616154 0.044517171 -0.0525794926 -0.113616154 0.044517171 -0.0525794926 -0.113616154 0.0100043203 -0.0583410653 -0.113616154 0.0100043203 -0.030680375 -0.126440798 0.044517171 -0.0525794926 -0.113616154 0.0100043203 -0.030680375 -0.126440798 0.0281532729 -0.0276349723 -0.126440798 0.0281532729 -0.0276349723 -0.126440798 0.0100043203 -0.030680375 -0.126440798 0.0100043203 0 -0.130864858 0.0100043203 0 0.0496369796 -0.00814463419 -0.0276349723 0.0452129142 0.0100043203 -0.030680375 0.0452129142 0.0100043203 -0.030680375 0.0452129142 -0.00814463419 -0.0276349723 0.0452129142 -0.0245239628 -0.0525794926 0.0323882704 0.0100043203 -0.030680375 0.0452129142 -0.0245239628 -0.0525794926 0.0323882704 0.0100043203 -0.0583410653 0.0323882704 0.0100043203 -0.0583410653 0.0323882704 -0.0245239628 -0.0525794926 0.0323882704 -0.0375080789 -0.0723540374 0.0124285353 0.0100043203 -0.0583410653 0.0323882704 -0.0375080789 -0.0723540374 0.0124285353 0.0100043203 -0.080317352 0.0124285353 0.0100043203 -0.080317352 0.0124285353 -0.0375080789 -0.0723540374 0.0124285353 -0.045862358 -0.0850552128 -0.0127166139 0.0100043203 -0.080317352 0.0124285353 -0.045862358 -0.0850552128 -0.0127166139 0.0100043203 -0.094417774 -0.0127166139 0.0100043203 -0.094417774 -0.0127166139 -0.045862358 -0.0850552128 -0.0127166139 -0.048727712 -0.0894381303 -0.0405985095 0.0100043203 -0.094417774 -0.0127166139 -0.048727712 -0.0894381303 -0.0405985095 0.0100043203 -0.0992739591 -0.0405985095 0.0100043203 -0.0992739591 -0.0405985095 -0.048727712 -0.0894381303 -0.0405985095 -0.045862358 -0.0850552128 -0.0684855504 0.0100043203 -0.0992739591 -0.0405985095 -0.045862358 -0.0850552128 -0.0684855504 0.0100043203 -0.094417774 -0.0684855504 0.0100043203 -0.094417774 -0.0684855504 -0.045862358 -0.0850552128 -0.0684855504 -0.0375080789 -0.0723540374 -0.0936564164 0.0100043203 -0.094417774 -0.0684855504 -0.0375080789 -0.0723540374 -0.0936564164 0.0100043203 -0.080317352 -0.0936564164 0.0100043203 -0.080317352 -0.0936564164 -0.0375080789 -0.0723540374 -0.0936564164 -0.0245239628 -0.0525794926 -0.113616154 0.0100043203 -0.080317352 -0.0936564164 -0.0245239628 -0.0525794926 -0.113616154 0.0100043203 -0.0583410653 -0.113616154 0.0100043203 -0.0583410653 -0.113616154 -0.0245239628 -0.0525794926 -0.113616154 -0.00814463419 -0.0276349723 -0.126440798 0.0100043203 -0.0583410653 -0.113616154 -0.00814463419 -0.0276349723 -0.126440798 0.0100043203 -0.030680375 -0.126440798 0.0100043203 -0.030680375 -0.126440798 -0.00814463419 -0.0276349723 -0.126440798 0.0100043203 0 -0.130864858 0.0100043203 0 0.0496369796 -0.0226926051 -0.0191160756 0.0452129142 -0.00814463419 -0.0276349723 0.0452129142 -0.00814463419 -0.0276349723 0.0452129142 -0.0226926051 -0.0191160756 0.0452129142 -0.052205232 -0.0363802159 0.0323882704 -0.00814463419 -0.0276349723 0.0452129142 -0.052205232 -0.0363802159 0.0323882704 -0.0245239628 -0.0525794926 0.0323882704 -0.0245239628 -0.0525794926 0.0323882704 -0.052205232 -0.0363802159 0.0323882704 -0.0756219082 -0.0500690944 0.0124285353 -0.0245239628 -0.0525794926 0.0323882704 -0.0756219082 -0.0500690944 0.0124285353 -0.0375080789 -0.0723540374 0.0124285353 -0.0375080789 -0.0723540374 0.0124285353 -0.0756219082 -0.0500690944 0.0124285353 -0.0906431549 -0.0588554958 -0.0127166139 -0.0375080789 -0.0723540374 0.0124285353 -0.0906431549 -0.0588554958 -0.0127166139 -0.045862358 -0.0850552128 -0.0127166139 -0.045862358 -0.0850552128 -0.0127166139 -0.0906431549 -0.0588554958 -0.0127166139 -0.0958337169 -0.061900896 -0.0405985095 -0.045862358 -0.0850552128 -0.0127166139 -0.0958337169 -0.061900896 -0.0405985095 -0.048727712 -0.0894381303 -0.0405985095 -0.048727712 -0.0894381303 -0.0405985095 -0.0958337169 -0.061900896 -0.0405985095 -0.0906431549 -0.0588554958 -0.0684855504 -0.048727712 -0.0894381303 -0.0405985095 -0.0906431549 -0.0588554958 -0.0684855504 -0.045862358 -0.0850552128 -0.0684855504 -0.045862358 -0.0850552128 -0.0684855504 -0.0906431549 -0.0588554958 -0.0684855504 -0.0756219082 -0.0500690944 -0.0936564164 -0.045862358 -0.0850552128 -0.0684855504 -0.0756219082 -0.0500690944 -0.0936564164 -0.0375080789 -0.0723540374 -0.0936564164 -0.0375080789 -0.0723540374 -0.0936564164 -0.0756219082 -0.0500690944 -0.0936564164 -0.052205232 -0.0363802159 -0.113616154 -0.0375080789 -0.0723540374 -0.0936564164 -0.052205232 -0.0363802159 -0.113616154 -0.0245239628 -0.0525794926 -0.113616154 -0.0245239628 -0.0525794926 -0.113616154 -0.052205232 -0.0363802159 -0.113616154 -0.0226926051 -0.0191160756 -0.126440798 -0.0245239628 -0.0525794926 -0.113616154 -0.0226926051 -0.0191160756 -0.126440798 -0.00814463419 -0.0276349723 -0.126440798 -0.00814463419 -0.0276349723 -0.126440798 -0.0226926051 -0.0191160756 -0.126440798 0.0100043203 0 -0.130864858 0.0100043203 0 0.0496369796 -0.0307793845 -0.006831579 0.0452129142 -0.0226926051 -0.0191160756 0.0452129142 -0.0226926051 -0.0191160756 0.0452129142 -0.0307793845 -0.006831579 0.0452129142 -0.0675762829 -0.0129841161 0.0323882704 -0.0226926051 -0.0191160756 0.0452129142 -0.0675762829 -0.0129841161 0.0323882704 -0.052205232 -0.0363802159 0.0323882704 -0.052205232 -0.0363802159 0.0323882704 -0.0675762829 -0.0129841161 0.0323882704 -0.0967596758 -0.0178608752 0.0124285353 -0.052205232 -0.0363802159 0.0323882704 -0.0967596758 -0.0178608752 0.0124285353 -0.0756219082 -0.0500690944 0.0124285353 -0.0756219082 -0.0500690944 0.0124285353 -0.0967596758 -0.0178608752 0.0124285353 -0.115505365 -0.0210091637 -0.0127166139 -0.0756219082 -0.0500690944 0.0124285353 -0.115505365 -0.0210091637 -0.0127166139 -0.0906431549 -0.0588554958 -0.0127166139 -0.0906431549 -0.0588554958 -0.0127166139 -0.115505365 -0.0210091637 -0.0127166139 -0.12196656 -0.0220791688 -0.0405985095 -0.0906431549 -0.0588554958 -0.0127166139 -0.12196656 -0.0220791688 -0.0405985095 -0.0958337169 -0.061900896 -0.0405985095 -0.0958337169 -0.061900896 -0.0405985095 -0.12196656 -0.0220791688 -0.0405985095 -0.115505365 -0.0210091637 -0.0684855504 -0.0958337169 -0.061900896 -0.0405985095 -0.115505365 -0.0210091637 -0.0684855504 -0.0906431549 -0.0588554958 -0.0684855504 -0.0906431549 -0.0588554958 -0.0684855504 -0.115505365 -0.0210091637 -0.0684855504 -0.0967596758 -0.0178608752 -0.0936564164 -0.0906431549 -0.0588554958 -0.0684855504 -0.0967596758 -0.0178608752 -0.0936564164 -0.0756219082 -0.0500690944 -0.0936564164 -0.0756219082 -0.0500690944 -0.0936564164 -0.0967596758 -0.0178608752 -0.0936564164 -0.0675762829 -0.0129841161 -0.113616154 -0.0756219082 -0.0500690944 -0.0936564164 -0.0675762829 -0.0129841161 -0.113616154 -0.052205232 -0.0363802159 -0.113616154 -0.052205232 -0.0363802159 -0.113616154 -0.0675762829 -0.0129841161 -0.113616154 -0.0307793845 -0.006831579 -0.126440798 -0.052205232 -0.0363802159 -0.113616154 -0.0307793845 -0.006831579 -0.126440798 -0.0226926051 -0.0191160756 -0.126440798 -0.0226926051 -0.0191160756 -0.126440798 -0.0307793845 -0.006831579 -0.126440798 0.0100043203 0 -0.130864858 0.0100043203 0 0.0496369796 -0.0307793845 0.006831579 0.0452129142 -0.0307793845 -0.006831579 0.0452129142 -0.0307793845 -0.006831579 0.0452129142 -0.0307793845 0.006831579 0.0452129142 -0.0675762829 0.0129841161 0.0323882704 -0.0307793845 -0.006831579 0.0452129142 -0.0675762829 0.0129841161 0.0323882704 -0.0675762829 -0.0129841161 0.0323882704 -0.0675762829 -0.0129841161 0.0323882704 -0.0675762829 0.0129841161 0.0323882704 -0.0967596758 0.0178608752 0.0124285353 -0.0675762829 -0.0129841161 0.0323882704 -0.0967596758 0.0178608752 0.0124285353 -0.0967596758 -0.0178608752 0.0124285353 -0.0967596758 -0.0178608752 0.0124285353 -0.0967596758 0.0178608752 0.0124285353 -0.115505365 0.0210091637 -0.0127166139 -0.0967596758 -0.0178608752 0.0124285353 -0.115505365 0.0210091637 -0.0127166139 -0.115505365 -0.0210091637 -0.0127166139 -0.115505365 -0.0210091637 -0.0127166139 -0.115505365 0.0210091637 -0.0127166139 -0.12196656 0.0220791688 -0.0405985095 -0.115505365 -0.0210091637 -0.0127166139 -0.12196656 0.0220791688 -0.0405985095 -0.12196656 -0.0220791688 -0.0405985095 -0.12196656 -0.0220791688 -0.0405985095 -0.12196656 0.0220791688 -0.0405985095 -0.115505365 0.0210091637 -0.0684855504 -0.12196656 -0.0220791688 -0.0405985095 -0.115505365 0.0210091637 -0.0684855504 -0.115505365 -0.0210091637 -0.0684855504 -0.115505365 -0.0210091637 -0.0684855504 -0.115505365 0.0210091637 -0.0684855504 -0.0967596758 0.0178608752 -0.0936564164 -0.115505365 -0.0210091637 -0.0684855504 -0.0967596758 0.0178608752 -0.0936564164 -0.0967596758 -0.0178608752 -0.0936564164 -0.0967596758 -0.0178608752 -0.0936564164 -0.0967596758 0.0178608752 -0.0936564164 -0.0675762829 0.0129841161 -0.113616154 -0.0967596758 -0.0178608752 -0.0936564164 -0.0675762829 0.0129841161 -0.113616154 -0.0675762829 -0.0129841161 -0.113616154 -0.0675762829 -0.0129841161 -0.113616154 -0.0675762829 0.0129841161 -0.113616154 -0.0307793845 0.006831579 -0.126440798 -0.0675762829 -0.0129841161 -0.113616154 -0.0307793845 0.006831579 -0.126440798 -0.0307793845 -0.006831579 -0.126440798 -0.0307793845 -0.006831579 -0.126440798 -0.0307793845 0.006831579 -0.126440798 0.0100043203 0 -0.130864858 0.0100043203 0 0.0496369796 -0.0226926051 0.0191160756 0.0452129142 -0.0307793845 0.006831579 0.0452129142 -0.0307793845 0.006831579 0.0452129142 -0.0226926051 0.0191160756 0.0452129142 -0.052205232 0.0363802159 0.0323882704 -0.0307793845 0.006831579 0.0452129142 -0.052205232 0.0363802159 0.0323882704 -0.0675762829 0.0129841161 0.0323882704 -0.0675762829 0.0129841161 0.0323882704 -0.052205232 0.0363802159 0.0323882704 -0.0756219082 0.0500690944 0.0124285353 -0.0675762829 0.0129841161 0.0323882704 -0.0756219082 0.0500690944 0.0124285353 -0.0967596758 0.0178608752 0.0124285353 -0.0967596758 0.0178608752 0.0124285353 -0.0756219082 0.0500690944 0.0124285353 -0.0906431549 0.0588554958 -0.0127166139 -0.0967596758 0.0178608752 0.0124285353 -0.0906431549 0.0588554958 -0.0127166139 -0.115505365 0.0210091637 -0.0127166139 -0.115505365 0.0210091637 -0.0127166139 -0.0906431549 0.0588554958 -0.0127166139 -0.0958337169 0.061900896 -0.0405985095 -0.115505365 0.0210091637 -0.0127166139 -0.0958337169 0.061900896 -0.0405985095 -0.12196656 0.0220791688 -0.0405985095 -0.12196656 0.0220791688 -0.0405985095 -0.0958337169 0.061900896 -0.0405985095 -0.0906431549 0.0588554958 -0.0684855504 -0.12196656 0.0220791688 -0.0405985095 -0.0906431549 0.0588554958 -0.0684855504 -0.115505365 0.0210091637 -0.0684855504 -0.115505365 0.0210091637 -0.0684855504 -0.0906431549 0.0588554958 -0.0684855504 -0.0756219082 0.0500690944 -0.0936564164 -0.115505365 0.0210091637 -0.0684855504 -0.0756219082 0.0500690944 -0.0936564164 -0.0967596758 0.0178608752 -0.0936564164 -0.0967596758 0.0178608752 -0.0936564164 -0.0756219082 0.0500690944 -0.0936564164 -0.052205232 0.0363802159 -0.113616154 -0.0967596758 0.0178608752 -0.0936564164 -0.052205232 0.0363802159 -0.113616154 -0.0675762829 0.0129841161 -0.113616154 -0.0675762829 0.0129841161 -0.113616154 -0.052205232 0.0363802159 -0.113616154 -0.0226926051 0.0191160756 -0.126440798 -0.0675762829 0.0129841161 -0.113616154 -0.0226926051 0.0191160756 -0.126440798 -0.0307793845 0.006831579 -0.126440798 -0.0307793845 0.006831579 -0.126440798 -0.0226926051 0.0191160756 -0.126440798 0.0100043203 0 -0.130864858 0.0100043203 0 0.0496369796 -0.00814463419 0.0276349723 0.0452129142 -0.0226926051 0.0191160756 0.0452129142 -0.0226926051 0.0191160756 0.0452129142 -0.00814463419 0.0276349723 0.0452129142 -0.0245239628 0.0525794926 0.0323882704 -0.0226926051 0.0191160756 0.0452129142 -0.0245239628 0.0525794926 0.0323882704 -0.052205232 0.0363802159 0.0323882704 -0.052205232 0.0363802159 0.0323882704 -0.0245239628 0.0525794926 0.0323882704 -0.0375080789 0.0723540374 0.0124285353 -0.052205232 0.0363802159 0.0323882704 -0.0375080789 0.0723540374 0.0124285353 -0.0756219082 0.0500690944 0.0124285353 -0.0756219082 0.0500690944 0.0124285353 -0.0375080789 0.0723540374 0.0124285353 -0.045862358 0.0850552128 -0.0127166139 -0.0756219082 0.0500690944 0.0124285353 -0.045862358 0.0850552128 -0.0127166139 -0.0906431549 0.0588554958 -0.0127166139 -0.0906431549 0.0588554958 -0.0127166139 -0.045862358 0.0850552128 -0.0127166139 -0.048727712 0.0894381303 -0.0405985095 -0.0906431549 0.0588554958 -0.0127166139 -0.048727712 0.0894381303 -0.0405985095 -0.0958337169 0.061900896 -0.0405985095 -0.0958337169 0.061900896 -0.0405985095 -0.048727712 0.0894381303 -0.0405985095 -0.045862358 0.0850552128 -0.0684855504 -0.0958337169 0.061900896 -0.0405985095 -0.045862358 0.0850552128 -0.0684855504 -0.0906431549 0.0588554958 -0.0684855504 -0.0906431549 0.0588554958 -0.0684855504 -0.045862358 0.0850552128 -0.0684855504 -0.0375080789 0.0723540374 -0.0936564164 -0.0906431549 0.0588554958 -0.0684855504 -0.0375080789 0.0723540374 -0.0936564164 -0.0756219082 0.0500690944 -0.0936564164 -0.0756219082 0.0500690944 -0.0936564164 -0.0375080789 0.0723540374 -0.0936564164 -0.0245239628 0.0525794926 -0.113616154 -0.0756219082 0.0500690944 -0.0936564164 -0.0245239628 0.0525794926 -0.113616154 -0.052205232 0.0363802159 -0.113616154 -0.052205232 0.0363802159 -0.113616154 -0.0245239628 0.0525794926 -0.113616154 -0.00814463419 0.0276349723 -0.126440798 -0.052205232 0.0363802159 -0.113616154 -0.00814463419 0.0276349723 -0.126440798 -0.0226926051 0.0191160756 -0.126440798 -0.0226926051 0.0191160756 -0.126440798 -0.00814463419 0.0276349723 -0.126440798 0.0100043203 0 -0.130864858 0.0100043203 0 0.0496369796 0.0100043203 0.030680375 0.0452129142 -0.00814463419 0.0276349723 0.0452129142 -0.00814463419 0.0276349723 0.0452129142 0.0100043203 0.030680375 0.0452129142 0.0100043203 0.0583410653 0.0323882704 -0.00814463419 0.0276349723 0.0452129142 0.0100043203 0.0583410653 0.0323882704 -0.0245239628 0.0525794926 0.0323882704 -0.0245239628 0.0525794926 0.0323882704 0.0100043203 0.0583410653 0.0323882704 0.0100043203 0.080317352 0.0124285353 -0.0245239628 0.0525794926 0.0323882704 0.0100043203 0.080317352 0.0124285353 -0.0375080789 0.0723540374 0.0124285353 -0.0375080789 0.0723540374 0.0124285353 0.0100043203 0.080317352 0.0124285353 0.0100043203 0.094417774 -0.0127166139 -0.0375080789 0.0723540374 0.0124285353 0.0100043203 0.094417774 -0.0127166139 -0.045862358 0.0850552128 -0.0127166139 -0.045862358 0.0850552128 -0.0127166139 0.0100043203 0.094417774 -0.0127166139 0.0100043203 0.0992739591 -0.0405985095 -0.045862358 0.0850552128 -0.0127166139 0.0100043203 0.0992739591 -0.0405985095 -0.048727712 0.0894381303 -0.0405985095 -0.048727712 0.0894381303 -0.0405985095 0.0100043203 0.0992739591 -0.0405985095 0.0100043203 0.094417774 -0.0684855504 -0.048727712 0.0894381303 -0.0405985095 0.0100043203 0.094417774 -0.0684855504 -0.045862358 0.0850552128 -0.0684855504 -0.045862358 0.0850552128 -0.0684855504 0.0100043203 0.094417774 -0.0684855504 0.0100043203 0.080317352 -0.0936564164 -0.045862358 0.0850552128 -0.0684855504 0.0100043203 0.080317352 -0.0936564164 -0.0375080789 0.0723540374 -0.0936564164 -0.0375080789 0.0723540374 -0.0936564164 0.0100043203 0.080317352 -0.0936564164 0.0100043203 0.0583410653 -0.113616154 -0.0375080789 0.0723540374 -0.0936564164 0.0100043203 0.0583410653 -0.113616154 -0.0245239628 0.0525794926 -0.113616154 -0.0245239628 0.0525794926 -0.113616154 0.0100043203 0.0583410653 -0.113616154 0.0100043203 0.030680375 -0.126440798 -0.0245239628 0.0525794926 -0.113616154 0.0100043203 0.030680375 -0.126440798 -0.00814463419 0.0276349723 -0.126440798 -0.00814463419 0.0276349723 -0.126440798 0.0100043203 0.030680375 -0.126440798 0.0100043203 0 -0.130864858 -0.0411296389 0.00450637289 0.0601518453 0.0235440147 0.00450637289 0.0225524415 -0.0621851008 0.00450637289 0.135371234 -0.0411296389 -0.00450637289 0.0601518453 -0.0621851008 -0.00450637289 0.135371234 0.0235440147 -0.00450637289 0.0225524415 -0.0411296389 0.00450637289 0.0601518453 -0.0621851008 0.00450637289 0.135371234 -0.0847581187 0.00450637289 0.0225524415 -0.0411296389 -0.00450637289 0.0601518453 -0.0847581187 -0.00450637289 0.0225524415 -0.0621851008 -0.00450637289 0.135371234 -0.0411296389 0.00450637289 0.0601518453 -0.0847581187 0.00450637289 0.0225524415 0.0235440147 0.00450637289 0.0225524415 -0.0411296389 -0.00450637289 0.0601518453 0.0235440147 -0.00450637289 0.0225524415 -0.0847581187 -0.00450637289 0.0225524415 0.0235440147 -0.00450637289 0.0225524415 -0.0621851008 0.00450637289 0.135371234 0.0235440147 0.00450637289 0.0225524415 0.0235440147 -0.00450637289 0.0225524415 -0.0621851008 -0.00450637289 0.135371234 -0.0621851008 0.00450637289 0.135371234 -0.0621851008 -0.00450637289 0.135371234 -0.0847581187 0.00450637289 0.0225524415 -0.0621851008 0.00450637289 0.135371234 -0.0621851008 -0.00450637289 0.135371234 -0.0847581187 -0.00450637289 0.0225524415 -0.0847581187 0.00450637289 0.0225524415 -0.0847581187 -0.00450637289 0.0225524415 0.0235440147 0.00450637289 0.0225524415 -0.0847581187 0.00450637289 0.0225524415 -0.0847581187 -0.00450637289 0.0225524415 0.0235440147 -0.00450637289 0.0225524415 0.0235440147 0.00450637289 0.0225524415 -0.153948432 0.0040536779 -0.0405985095 -0.120855404 0.0040536779 -0.0451306035 -0.174998749 0.0040536779 0.0586497216 -0.153948432 -0.0040536779 -0.0405985095 -0.174998749 -0.0040536779 0.0586497216 -0.120855404 -0.0040536779 -0.0451306035 -0.153948432 0.0040536779 -0.0405985095 -0.174998749 0.0040536779 0.0586497216 -0.165965431 0.0040536779 -0.135371234 -0.153948432 -0.0040536779 -0.0405985095 -0.165965431 -0.0040536779 -0.135371234 -0.174998749 -0.0040536779 0.0586497216 -0.153948432 0.0040536779 -0.0405985095 -0.165965431 0.0040536779 -0.135371234 -0.120855404 0.0040536779 -0.0451306035 -0.153948432 -0.0040536779 -0.0405985095 -0.120855404 -0.0040536779 -0.0451306035 -0.165965431 -0.0040536779 -0.135371234 -0.120855404 -0.0040536779 -0.0451306035 -0.174998749 0.0040536779 0.0586497216 -0.120855404 0.0040536779 -0.0451306035 -0.120855404 -0.0040536779 -0.0451306035 -0.174998749 -0.0040536779 0.0586497216 -0.174998749 0.0040536779 0.0586497216 -0.174998749 -0.0040536779 0.0586497216 -0.165965431 0.0040536779 -0.135371234 -0.174998749 0.0040536779 0.0586497216 -0.174998749 -0.0040536779 0.0586497216 -0.165965431 -0.0040536779 -0.135371234 -0.165965431 0.0040536779 -0.135371234 -0.165965431 -0.0040536779 -0.135371234 -0.120855404 0.0040536779 -0.0451306035 -0.165965431 0.0040536779 -0.135371234 -0.165965431 -0.0040536779 -0.135371234 -0.120855404 -0.0040536779 -0.0451306035 -0.120855404 0.0040536779 -0.0451306035 -0.00804174896 0.108286701 -0.0485052415 0.0415952293 0.0766957921 -0.0485052415 -0.0215814447 0.153417305 -0.0485052415 -0.00804174896 0.108286701 -0.0417302476 -0.0215814447 0.153417305 -0.0417302476 0.0415952293 0.0766957921 -0.0417302476 -0.00804174896 0.108286701 -0.0485052415 -0.0215814447 0.153417305 -0.0485052415 -0.0441338862 0.0947675831 -0.0485052415 -0.00804174896 0.108286701 -0.0417302476 -0.0441338862 0.0947675831 -0.0417302476 -0.0215814447 0.153417305 -0.0417302476 -0.00804174896 0.108286701 -0.0485052415 -0.0441338862 0.0947675831 -0.0485052415 0.0415952293 0.0766957921 -0.0485052415 -0.00804174896 0.108286701 -0.0417302476 0.0415952293 0.0766957921 -0.0417302476 -0.0441338862 0.0947675831 -0.0417302476 0.0415952293 0.0766957921 -0.0417302476 -0.0215814447 0.153417305 -0.0485052415 0.0415952293 0.0766957921 -0.0485052415 0.0415952293 0.0766957921 -0.0417302476 -0.0215814447 0.153417305 -0.0417302476 -0.0215814447 0.153417305 -0.0485052415 -0.0215814447 0.153417305 -0.0417302476 -0.0441338862 0.0947675831 -0.0485052415 -0.0215814447 0.153417305 -0.0485052415 -0.0215814447 0.153417305 -0.0417302476 -0.0441338862 0.0947675831 -0.0417302476 -0.0441338862 0.0947675831 -0.0485052415 -0.0441338862 0.0947675831 -0.0417302476 0.0415952293 0.0766957921 -0.0485052415 -0.0441338862 0.0947675831 -0.0485052415 -0.0441338862 0.0947675831 -0.0417302476 0.0415952293 0.0766957921 -0.0417302476 0.0415952293 0.0766957921 -0.0485052415 -0.00804174896 -0.108286701 -0.0485052415 -0.0215814447 -0.153417305 -0.0485052415 0.0415952293 -0.0766957921 -0.0485052415 -0.00804174896 -0.108286701 -0.0417302476 0.0415952293 -0.0766957921 -0.0417302476 -0.0215814447 -0.153417305 -0.0417302476 -0.00804174896 -0.108286701 -0.0485052415 -0.0441338862 -0.0947675831 -0.0485052415 -0.0215814447 -0.153417305 -0.0485052415 -0.00804174896 -0.108286701 -0.0417302476 -0.0215814447 -0.153417305 -0.0417302476 -0.0441338862 -0.0947675831 -0.0417302476 -0.00804174896 -0.108286701 -0.0485052415 0.0415952293 -0.0766957921 -0.0485052415 -0.0441338862 -0.0947675831 -0.0485052415 -0.00804174896 -0.108286701 -0.0417302476 -0.0441338862 -0.0947675831 -0.0417302476 0.0415952293 -0.0766957921 -0.0417302476 0.0415952293 -0.0766957921 -0.0417302476 0.0415952293 -0.0766957921 -0.0485052415 -0.0215814447 -0.153417305 -0.0485052415 0.0415952293 -0.0766957921 -0.0417302476 -0.0215814447 -0.153417305 -0.0485052415 -0.0215814447 -0.153417305 -0.0417302476 -0.0215814447 -0.153417305 -0.0417302476 -0.0215814447 -0.153417305 -0.0485052415 -0.0441338862 -0.0947675831 -0.0485052415 -0.0215814447 -0.153417305 -0.0417302476 -0.0441338862 -0.0947675831 -0.0485052415 -0.0441338862 -0.0947675831 -0.0417302476 -0.0441338862 -0.0947675831 -0.0417302476 -0.0441338862 -0.0947675831 -0.0485052415 0.0415952293 -0.0766957921 -0.0485052415 -0.0441338862 -0.0947675831 -0.0417302476 0.0415952293 -0.0766957921 -0.0485052415 0.0415952293 -0.0766957921 -0.0417302476 0.0329477263 0 0.0210503178 0.0304990573 0.00335405836 0.0249188023 0.0339765773 0.00537060879 0.0225524415 0.0339765773 0.00537060879 0.0225524415 0.0304990573 0.00335405836 0.0249188023 0.0304579019 0.00438291062 0.0271616996 0.0339765773 0.00537060879 0.0225524415 0.0304579019 0.00438291062 0.0271616996 0.0350054308 0.00703734945 0.0240545652 0.0350054308 0.00703734945 0.0240545652 0.0304579019 0.00438291062 0.0271616996 0.0309723299 0.00489733675 0.0290342114 0.0350054308 0.00703734945 0.0240545652 0.0309723299 0.00489733675 0.0290342114 0.0360394259 0.00786043126 0.0255566914 0.0360394259 0.00786043126 0.0255566914 0.0309723299 0.00489733675 0.0290342114 0.0318365646 0.00506195311 0.0306597986 0.0360394259 0.00786043126 0.0255566914 0.0318365646 0.00506195311 0.0306597986 0.0370682769 0.00812793284 0.0270793914 0.0370682769 0.00812793284 0.0270793914 0.0318365646 0.00506195311 0.0306597986 0.0359776966 0.00489733675 0.0372650294 0.0370682769 0.00812793284 0.0270793914 0.0359776966 0.00489733675 0.0372650294 0.0413688787 0.00786043126 0.0343019349 0.0413688787 0.00786043126 0.0343019349 0.0359776966 0.00489733675 0.0372650294 0.0417804221 0.0046915663 0.0475586961 0.0413688787 0.00786043126 0.0343019349 0.0417804221 0.0046915663 0.0475586961 0.0469864164 0.00751062149 0.0448013708 0.0469864164 0.00751062149 0.0448013708 0.0417804221 0.0046915663 0.0475586961 0.0488383492 0.00442406471 0.0599254996 0.0469864164 0.00751062149 0.0448013708 0.0488383492 0.00442406471 0.0599254996 0.0536945294 0.00709908058 0.0572299086 0.0536945294 0.00709908058 0.0572299086 0.0488383492 0.00442406471 0.0599254996 0.0568222403 0.00415656312 0.0729507686 0.0536945294 0.00709908058 0.0572299086 0.0568222403 0.00415656312 0.0729507686 0.0612463056 0.00664638559 0.0702140247 0.0612463056 0.00664638559 0.0702140247 0.0568222403 0.00415656312 0.0729507686 0.065526331 0.00386848449 0.0853432926 0.0612463056 0.00664638559 0.0702140247 0.065526331 0.00386848449 0.0853432926 0.0694359708 0.0061936906 0.0824573647 0.0694359708 0.0061936906 0.0824573647 0.065526331 0.00386848449 0.0853432926 0.0748065815 0.0036009829 0.0957964341 0.0694359708 0.0061936906 0.0824573647 0.0748065815 0.0036009829 0.0957964341 0.0780011607 0.00578214969 0.0925864125 0.0780011607 0.00578214969 0.0925864125 0.0748065815 0.0036009829 0.0957964341 0.084771013 0.00337463541 0.103018978 0.0780011607 0.00578214969 0.0925864125 0.084771013 0.00337463541 0.103018978 0.0867052565 0.00541176288 0.0992739591 0.0867052565 0.00541176288 0.0992739591 0.084771013 0.00337463541 0.103018978 0.0959443491 0.00316886496 0.106105531 0.0867052565 0.00541176288 0.0992739591 0.0959443491 0.00316886496 0.106105531 0.0964793561 0.0051031072 0.102154738 0.0964793561 0.0051031072 0.102154738 0.0959443491 0.00316886496 0.106105531 0.108084807 0.00298367155 0.106064378 0.0964793561 0.0051031072 0.102154738 0.108084807 0.00298367155 0.106064378 0.107796727 0.00477387448 0.102339936 0.107796727 0.00477387448 0.102339936 0.108084807 0.00298367155 0.106064378 0.120559642 0.00279847814 0.104047829 0.107796727 0.00477387448 0.102339936 0.120559642 0.00279847814 0.104047829 0.119854879 0.00448579585 0.100611466 0.119854879 0.00448579585 0.100611466 0.120559642 0.00279847814 0.104047829 0.1327001 0.00263386178 0.100920123 0.119854879 0.00448579585 0.100611466 0.1327001 0.00263386178 0.100920123 0.13183586 0.00421829426 0.097751254 0.13183586 0.00421829426 0.097751254 0.1327001 0.00263386178 0.100920123 0.143770544 0.00246924542 0.097504327 0.13183586 0.00421829426 0.097751254 0.143770544 0.00246924542 0.097504327 0.142885738 0.00397136972 0.0945412325 0.142885738 0.00397136972 0.0945412325 0.143770544 0.00246924542 0.097504327 0.152968484 0.00234578315 0.0946029617 0.142885738 0.00397136972 0.0945412325 0.152968484 0.00234578315 0.0946029617 0.15218656 0.00376559927 0.0917633358 0.15218656 0.00376559927 0.0917633358 0.152968484 0.00234578315 0.0946029617 0.159265058 0.00224289792 0.0930391138 0.15218656 0.00376559927 0.0917633358 0.159265058 0.00224289792 0.0930391138 0.158894673 0.0036009829 0.0902406307 0.158894673 0.0036009829 0.0902406307 0.159265058 0.00224289792 0.0930391138 0.160046992 0.00218116679 0.092853916 0.158894673 0.0036009829 0.0902406307 0.160046992 0.00218116679 0.092853916 0.159717759 0.00349809768 0.0901377486 0.159717759 0.00349809768 0.0901377486 0.160046992 0.00218116679 0.092853916 0.160828916 0.00195481929 0.092462954 0.159717759 0.00349809768 0.0901377486 0.160828916 0.00195481929 0.092462954 0.16052026 0.00312771087 0.0900348564 0.16052026 0.00312771087 0.0900348564 0.160828916 0.00195481929 0.092462954 0.161549111 0.00148154725 0.0917839122 0.16052026 0.00312771087 0.0900348564 0.161549111 0.00148154725 0.0917839122 0.16132277 0.00238693724 0.0899319743 0.16132277 0.00238693724 0.0899319743 0.161549111 0.00148154725 0.0917839122 0.16212527 0 0.0898290923 0.0329477263 0 0.0210503178 0.029655399 -0.00119346862 0.025515536 0.0304990573 0.00335405836 0.0249188023 0.0304990573 0.00335405836 0.0249188023 0.029655399 -0.00119346862 0.025515536 0.0293467427 -0.00156385543 0.0279230497 0.0304990573 0.00335405836 0.0249188023 0.0293467427 -0.00156385543 0.0279230497 0.0304579019 0.00438291062 0.0271616996 0.0304579019 0.00438291062 0.0271616996 0.0293467427 -0.00156385543 0.0279230497 0.0297171283 -0.00174904884 0.029898446 0.0304579019 0.00438291062 0.0271616996 0.0297171283 -0.00174904884 0.029898446 0.0309723299 0.00489733675 0.0290342114 0.0309723299 0.00489733675 0.0290342114 0.0297171283 -0.00174904884 0.029898446 0.0305402101 -0.00181077997 0.0315446096 0.0309723299 0.00489733675 0.0290342114 0.0305402101 -0.00181077997 0.0315446096 0.0318365646 0.00506195311 0.0306597986 0.0318365646 0.00506195311 0.0306597986 0.0305402101 -0.00181077997 0.0315446096 0.0346350427 -0.00174904884 0.0380058031 0.0318365646 0.00506195311 0.0306597986 0.0346350427 -0.00174904884 0.0380058031 0.0359776966 0.00489733675 0.0372650294 0.0359776966 0.00489733675 0.0372650294 0.0346350427 -0.00174904884 0.0380058031 0.0405046441 -0.00166674066 0.048237738 0.0359776966 0.00489733675 0.0372650294 0.0405046441 -0.00166674066 0.048237738 0.0417804221 0.0046915663 0.0475586961 0.0417804221 0.0046915663 0.0475586961 0.0405046441 -0.00166674066 0.048237738 0.0476243004 -0.00158443248 0.0605839651 0.0417804221 0.0046915663 0.0475586961 0.0476243004 -0.00158443248 0.0605839651 0.0488383492 0.00442406471 0.0599254996 0.0488383492 0.00442406471 0.0599254996 0.0476243004 -0.00158443248 0.0605839651 0.05573166 -0.00148154725 0.0736298105 0.0488383492 0.00442406471 0.0599254996 0.05573166 -0.00148154725 0.0736298105 0.0568222403 0.00415656312 0.0729507686 0.0568222403 0.00415656312 0.0729507686 0.05573166 -0.00148154725 0.0736298105 0.0645592092 -0.00137866203 0.0860429109 0.0568222403 0.00415656312 0.0729507686 0.0645592092 -0.00137866203 0.0860429109 0.065526331 0.00386848449 0.0853432926 0.065526331 0.00386848449 0.0853432926 0.0645592092 -0.00137866203 0.0860429109 0.0740246525 -0.0012757768 0.0965783581 0.065526331 0.00386848449 0.0853432926 0.0740246525 -0.0012757768 0.0965783581 0.0748065815 0.0036009829 0.0957964341 0.0748065815 0.0036009829 0.0957964341 0.0740246525 -0.0012757768 0.0965783581 0.0842771689 -0.00121404567 0.103944947 0.0748065815 0.0036009829 0.0957964341 0.0842771689 -0.00121404567 0.103944947 0.084771013 0.00337463541 0.103018978 0.084771013 0.00337463541 0.103018978 0.0842771689 -0.00121404567 0.103944947 0.0958208906 -0.00113173748 0.107093229 0.084771013 0.00337463541 0.103018978 0.0958208906 -0.00113173748 0.107093229 0.0959443491 0.00316886496 0.106105531 0.0959443491 0.00316886496 0.106105531 0.0958208906 -0.00113173748 0.107093229 0.108146536 -0.00107000635 0.106990347 0.0959443491 0.00316886496 0.106105531 0.108146536 -0.00107000635 0.106990347 0.108084807 0.00298367155 0.106064378 0.108084807 0.00298367155 0.106064378 0.108146536 -0.00107000635 0.106990347 0.120724253 -0.000987698168 0.104891492 0.108084807 0.00298367155 0.106064378 0.120724253 -0.000987698168 0.104891492 0.120559642 0.00279847814 0.104047829 0.120559642 0.00279847814 0.104047829 0.120724253 -0.000987698168 0.104891492 0.132905864 -0.000946544078 0.101702047 0.120559642 0.00279847814 0.104047829 0.132905864 -0.000946544078 0.101702047 0.1327001 0.00263386178 0.100920123 0.1327001 0.00263386178 0.100920123 0.132905864 -0.000946544078 0.101702047 0.143996894 -0.000884812942 0.0982450981 0.1327001 0.00263386178 0.100920123 0.143996894 -0.000884812942 0.0982450981 0.143770544 0.00246924542 0.097504327 0.143770544 0.00246924542 0.097504327 0.143996894 -0.000884812942 0.0982450981 0.153174258 -0.000843658852 0.09530258 0.143770544 0.00246924542 0.097504327 0.153174258 -0.000843658852 0.09530258 0.152968484 0.00234578315 0.0946029617 0.152968484 0.00234578315 0.0946029617 0.153174258 -0.000843658852 0.09530258 0.159347374 -0.000802504762 0.0937387321 0.152968484 0.00234578315 0.0946029617 0.159347374 -0.000802504762 0.0937387321 0.159265058 0.00224289792 0.0930391138 0.159265058 0.00224289792 0.0930391138 0.159347374 -0.000802504762 0.0937387321 0.160129298 -0.000781927716 0.0935329579 0.159265058 0.00224289792 0.0930391138 0.160129298 -0.000781927716 0.0935329579 0.160046992 0.00218116679 0.092853916 0.160046992 0.00218116679 0.092853916 0.160129298 -0.000781927716 0.0935329579 0.160890645 -0.000699619536 0.0930596902 0.160046992 0.00218116679 0.092853916 0.160890645 -0.000699619536 0.0930596902 0.160828916 0.00195481929 0.092462954 0.160828916 0.00195481929 0.092462954 0.160890645 -0.000699619536 0.0930596902 0.16161084 -0.000535003174 0.0922571798 0.160828916 0.00195481929 0.092462954 0.16161084 -0.000535003174 0.0922571798 0.161549111 0.00148154725 0.0917839122 0.161549111 0.00148154725 0.0917839122 0.16161084 -0.000535003174 0.0922571798 0.16212527 0 0.0898290923 0.0329477263 0 0.0210503178 0.0320423363 -0.00483560562 0.0238693724 0.029655399 -0.00119346862 0.025515536 0.029655399 -0.00119346862 0.025515536 0.0320423363 -0.00483560562 0.0238693724 0.03249503 -0.00633772991 0.025783037 0.029655399 -0.00119346862 0.025515536 0.03249503 -0.00633772991 0.025783037 0.0293467427 -0.00156385543 0.0279230497 0.0293467427 -0.00156385543 0.0279230497 0.03249503 -0.00633772991 0.025783037 0.0332152272 -0.00707850354 0.0274909323 0.0293467427 -0.00156385543 0.0279230497 0.0332152272 -0.00707850354 0.0274909323 0.0297171283 -0.00174904884 0.029898446 0.0297171283 -0.00174904884 0.029898446 0.0332152272 -0.00707850354 0.0274909323 0.0341617701 -0.00732542808 0.0290547878 0.0297171283 -0.00174904884 0.029898446 0.0341617701 -0.00732542808 0.0290547878 0.0305402101 -0.00181077997 0.0315446096 0.0305402101 -0.00181077997 0.0315446096 0.0341617701 -0.00732542808 0.0290547878 0.0383646314 -0.00709908058 0.0359480985 0.0305402101 -0.00181077997 0.0315446096 0.0383646314 -0.00709908058 0.0359480985 0.0346350427 -0.00174904884 0.0380058031 0.0346350427 -0.00174904884 0.0380058031 0.0383646314 -0.00709908058 0.0359480985 0.0441056276 -0.00676984786 0.0463446523 0.0346350427 -0.00174904884 0.0380058031 0.0441056276 -0.00676984786 0.0463446523 0.0405046441 -0.00166674066 0.048237738 0.0405046441 -0.00166674066 0.048237738 0.0441056276 -0.00676984786 0.0463446523 0.0509989384 -0.00639946105 0.0587114559 0.0405046441 -0.00166674066 0.048237738 0.0509989384 -0.00639946105 0.0587114559 0.0476243004 -0.00158443248 0.0605839651 0.0476243004 -0.00158443248 0.0605839651 0.0509989384 -0.00639946105 0.0587114559 0.0587976366 -0.00598792014 0.0717367248 0.0476243004 -0.00158443248 0.0605839651 0.0587976366 -0.00598792014 0.0717367248 0.05573166 -0.00148154725 0.0736298105 0.05573166 -0.00148154725 0.0736298105 0.0587976366 -0.00598792014 0.0717367248 0.0672753817 -0.00557637924 0.0840417991 0.05573166 -0.00148154725 0.0736298105 0.0672753817 -0.00557637924 0.0840417991 0.0645592092 -0.00137866203 0.0860429109 0.0645592092 -0.00137866203 0.0860429109 0.0672753817 -0.00557637924 0.0840417991 0.0762263945 -0.00520599243 0.0943560447 0.0645592092 -0.00137866203 0.0860429109 0.0762263945 -0.00520599243 0.0943560447 0.0740246525 -0.0012757768 0.0965783581 0.0740246525 -0.0012757768 0.0965783581 0.0762263945 -0.00520599243 0.0943560447 0.0856352526 -0.00487675971 0.101352238 0.0740246525 -0.0012757768 0.0965783581 0.0856352526 -0.00487675971 0.101352238 0.0842771689 -0.00121404567 0.103944947 0.0842771689 -0.00121404567 0.103944947 0.0856352526 -0.00487675971 0.101352238 0.0961706998 -0.00458868107 0.104356485 0.0842771689 -0.00121404567 0.103944947 0.0961706998 -0.00458868107 0.104356485 0.0958208906 -0.00113173748 0.107093229 0.0958208906 -0.00113173748 0.107093229 0.0961706998 -0.00458868107 0.104356485 0.107961338 -0.00430060244 0.104418214 0.0958208906 -0.00113173748 0.107093229 0.107961338 -0.00430060244 0.104418214 0.108146536 -0.00107000635 0.106990347 0.108146536 -0.00107000635 0.106990347 0.107961338 -0.00430060244 0.104418214 0.120250985 -0.00403310085 0.102525123 0.108146536 -0.00107000635 0.106990347 0.120250985 -0.00403310085 0.102525123 0.120724253 -0.000987698168 0.104891492 0.120724253 -0.000987698168 0.104891492 0.120250985 -0.00403310085 0.102525123 0.132309128 -0.00378617631 0.0995002997 0.120724253 -0.000987698168 0.104891492 0.132309128 -0.00378617631 0.0995002997 0.132905864 -0.000946544078 0.101702047 0.132905864 -0.000946544078 0.101702047 0.132309128 -0.00378617631 0.0995002997 0.143379582 -0.00358040586 0.0961873961 0.132905864 -0.000946544078 0.101702047 0.143379582 -0.00358040586 0.0961873961 0.143996894 -0.000884812942 0.0982450981 0.143996894 -0.000884812942 0.0982450981 0.143379582 -0.00358040586 0.0961873961 0.152618674 -0.00339521245 0.0933477701 0.143996894 -0.000884812942 0.0982450981 0.152618674 -0.00339521245 0.0933477701 0.153174258 -0.000843658852 0.09530258 0.153174258 -0.000843658852 0.09530258 0.152618674 -0.00339521245 0.0933477701 0.159100447 -0.00325117314 0.0918044886 0.153174258 -0.000843658852 0.09530258 0.159100447 -0.00325117314 0.0918044886 0.159347374 -0.000802504762 0.0937387321 0.159347374 -0.000802504762 0.0937387321 0.159100447 -0.00325117314 0.0918044886 0.159902947 -0.00314828791 0.0916398672 0.159347374 -0.000802504762 0.0937387321 0.159902947 -0.00314828791 0.0916398672 0.160129298 -0.000781927716 0.0935329579 0.160129298 -0.000781927716 0.0935329579 0.159902947 -0.00314828791 0.0916398672 0.160684881 -0.00281905519 0.0913929502 0.160129298 -0.000781927716 0.0935329579 0.160684881 -0.00281905519 0.0913929502 0.160890645 -0.000699619536 0.0930596902 0.160890645 -0.000699619536 0.0930596902 0.160684881 -0.00281905519 0.0913929502 0.161446229 -0.00216058974 0.0909608253 0.160890645 -0.000699619536 0.0930596902 0.161446229 -0.00216058974 0.0909608253 0.16161084 -0.000535003174 0.0922571798 0.16161084 -0.000535003174 0.0922571798 0.161446229 -0.00216058974 0.0909608253 0.16212527 0 0.0898290923 0.0329477263 0 0.0210503178 0.035895386 -0.00483560562 0.0212355106 0.0320423363 -0.00483560562 0.0238693724 0.0320423363 -0.00483560562 0.0238693724 0.035895386 -0.00483560562 0.0212355106 0.0375209731 -0.00633772991 0.0223260934 0.0320423363 -0.00483560562 0.0238693724 0.0375209731 -0.00633772991 0.0223260934 0.03249503 -0.00633772991 0.025783037 0.03249503 -0.00633772991 0.025783037 0.0375209731 -0.00633772991 0.0223260934 0.0388584805 -0.00707850354 0.0236430243 0.03249503 -0.00633772991 0.025783037 0.0388584805 -0.00707850354 0.0236430243 0.0332152272 -0.00707850354 0.0274909323 0.0332152272 -0.00707850354 0.0274909323 0.0388584805 -0.00707850354 0.0236430243 0.0399902186 -0.00732542808 0.0250834187 0.0332152272 -0.00707850354 0.0274909323 0.0399902186 -0.00732542808 0.0250834187 0.0341617701 -0.00732542808 0.0290547878 0.0341617701 -0.00732542808 0.0290547878 0.0399902186 -0.00732542808 0.0250834187 0.0443525547 -0.00709908058 0.0326557713 0.0341617701 -0.00732542808 0.0290547878 0.0443525547 -0.00709908058 0.0326557713 0.0383646314 -0.00709908058 0.0359480985 0.0383646314 -0.00709908058 0.0359480985 0.0443525547 -0.00709908058 0.0326557713 0.0498672002 -0.00676984786 0.0432786707 0.0383646314 -0.00709908058 0.0359480985 0.0498672002 -0.00676984786 0.0432786707 0.0441056276 -0.00676984786 0.0463446523 0.0441056276 -0.00676984786 0.0463446523 0.0498672002 -0.00676984786 0.0432786707 0.0563901255 -0.00639946105 0.0557277849 0.0441056276 -0.00676984786 0.0463446523 0.0563901255 -0.00639946105 0.0557277849 0.0509989384 -0.00639946105 0.0587114559 0.0509989384 -0.00639946105 0.0587114559 0.0563901255 -0.00639946105 0.0557277849 0.063715551 -0.00598792014 0.068711896 0.0509989384 -0.00639946105 0.0587114559 0.063715551 -0.00598792014 0.068711896 0.0587976366 -0.00598792014 0.0717367248 0.0587976366 -0.00598792014 0.0717367248 0.063715551 -0.00598792014 0.068711896 0.0715965599 -0.00557637924 0.080852354 0.0587976366 -0.00598792014 0.0717367248 0.0715965599 -0.00557637924 0.080852354 0.0672753817 -0.00557637924 0.0840417991 0.0672753817 -0.00557637924 0.0840417991 0.0715965599 -0.00557637924 0.080852354 0.0797707929 -0.00520599243 0.0908167904 0.0672753817 -0.00557637924 0.0840417991 0.0797707929 -0.00520599243 0.0908167904 0.0762263945 -0.00520599243 0.0943560447 0.0762263945 -0.00520599243 0.0943560447 0.0797707929 -0.00520599243 0.0908167904 0.0877958367 -0.00487675971 0.0971750942 0.0762263945 -0.00520599243 0.0943560447 0.0877958367 -0.00487675971 0.0971750942 0.0856352526 -0.00487675971 0.101352238 0.0856352526 -0.00487675971 0.101352238 0.0877958367 -0.00487675971 0.0971750942 0.0967674259 -0.00458868107 0.0999735774 0.0856352526 -0.00487675971 0.101352238 0.0967674259 -0.00458868107 0.0999735774 0.0961706998 -0.00458868107 0.104356485 0.0961706998 -0.00458868107 0.104356485 0.0967674259 -0.00458868107 0.0999735774 0.107632106 -0.00430060244 0.100282234 0.0961706998 -0.00458868107 0.104356485 0.107632106 -0.00430060244 0.100282234 0.107961338 -0.00430060244 0.104418214 0.107961338 -0.00430060244 0.104418214 0.107632106 -0.00430060244 0.100282234 0.119484484 -0.00403310085 0.0986977994 0.107961338 -0.00430060244 0.104418214 0.119484484 -0.00403310085 0.0986977994 0.120250985 -0.00403310085 0.102525123 0.120250985 -0.00403310085 0.102525123 0.119484484 -0.00403310085 0.0986977994 0.131362592 -0.00378617631 0.0959816319 0.120250985 -0.00403310085 0.102525123 0.131362592 -0.00378617631 0.0959816319 0.132309128 -0.00378617631 0.0995002997 0.132309128 -0.00378617631 0.0995002997 0.131362592 -0.00378617631 0.0959816319 0.142391884 -0.00358040586 0.0928950689 0.132309128 -0.00378617631 0.0995002997 0.142391884 -0.00358040586 0.0928950689 0.143379582 -0.00358040586 0.0961873961 0.143379582 -0.00358040586 0.0961873961 0.142391884 -0.00358040586 0.0928950689 0.151733858 -0.00339521245 0.0901994778 0.143379582 -0.00358040586 0.0961873961 0.151733858 -0.00339521245 0.0901994778 0.152618674 -0.00339521245 0.0933477701 0.152618674 -0.00339521245 0.0933477701 0.151733858 -0.00339521245 0.0901994778 0.158709485 -0.00325117314 0.0886973491 0.152618674 -0.00339521245 0.0933477701 0.158709485 -0.00325117314 0.0886973491 0.159100447 -0.00325117314 0.0918044886 0.159100447 -0.00325117314 0.0918044886 0.158709485 -0.00325117314 0.0886973491 0.159511985 -0.00314828791 0.0886356199 0.159100447 -0.00325117314 0.0918044886 0.159511985 -0.00314828791 0.0886356199 0.159902947 -0.00314828791 0.0916398672 0.159902947 -0.00314828791 0.0916398672 0.159511985 -0.00314828791 0.0886356199 0.160335072 -0.00281905519 0.0886973491 0.159902947 -0.00314828791 0.0916398672 0.160335072 -0.00281905519 0.0886973491 0.160684881 -0.00281905519 0.0913929502 0.160684881 -0.00281905519 0.0913929502 0.160335072 -0.00281905519 0.0886973491 0.161178725 -0.00216058974 0.0889031233 0.160684881 -0.00281905519 0.0913929502 0.161178725 -0.00216058974 0.0889031233 0.161446229 -0.00216058974 0.0909608253 0.161446229 -0.00216058974 0.0909608253 0.161178725 -0.00216058974 0.0889031233 0.16212527 0 0.0898290923 0.0329477263 0 0.0210503178 0.0383029021 -0.00119346862 0.019589347 0.035895386 -0.00483560562 0.0212355106 0.035895386 -0.00483560562 0.0212355106 0.0383029021 -0.00119346862 0.019589347 0.0406692604 -0.00156385543 0.0201860819 0.035895386 -0.00483560562 0.0212355106 0.0406692604 -0.00156385543 0.0201860819 0.0375209731 -0.00633772991 0.0223260934 0.0375209731 -0.00633772991 0.0223260934 0.0406692604 -0.00156385543 0.0201860819 0.0423565769 -0.00174904884 0.0212355106 0.0375209731 -0.00633772991 0.0223260934 0.0423565769 -0.00174904884 0.0212355106 0.0388584805 -0.00707850354 0.0236430243 0.0388584805 -0.00707850354 0.0236430243 0.0423565769 -0.00174904884 0.0212355106 0.0436117785 -0.00181077997 0.0225935969 0.0388584805 -0.00707850354 0.0236430243 0.0436117785 -0.00181077997 0.0225935969 0.0399902186 -0.00732542808 0.0250834187 0.0399902186 -0.00732542808 0.0250834187 0.0436117785 -0.00181077997 0.0225935969 0.0480769967 -0.00174904884 0.0306186432 0.0399902186 -0.00732542808 0.0250834187 0.0480769967 -0.00174904884 0.0306186432 0.0443525547 -0.00709908058 0.0326557713 0.0443525547 -0.00709908058 0.0326557713 0.0480769967 -0.00174904884 0.0306186432 0.0534476074 -0.00166674066 0.041359862 0.0443525547 -0.00709908058 0.0326557713 0.0534476074 -0.00166674066 0.041359862 0.0498672002 -0.00676984786 0.0432786707 0.0498672002 -0.00676984786 0.0432786707 0.0534476074 -0.00166674066 0.041359862 0.0597441819 -0.00158443248 0.0538552707 0.0498672002 -0.00676984786 0.0432786707 0.0597441819 -0.00158443248 0.0538552707 0.0563901255 -0.00639946105 0.0557277849 0.0563901255 -0.00639946105 0.0557277849 0.0597441819 -0.00158443248 0.0538552707 0.0667815326 -0.00148154725 0.0668188104 0.0563901255 -0.00639946105 0.0557277849 0.0667815326 -0.00148154725 0.0668188104 0.063715551 -0.00598792014 0.068711896 0.063715551 -0.00598792014 0.068711896 0.0667815326 -0.00148154725 0.0668188104 0.074292151 -0.00137866203 0.0788563812 0.063715551 -0.00598792014 0.068711896 0.074292151 -0.00137866203 0.0788563812 0.0715965599 -0.00557637924 0.080852354 0.0715965599 -0.00557637924 0.080852354 0.074292151 -0.00137866203 0.0788563812 0.0819725398 -0.0012757768 0.088594467 0.0715965599 -0.00557637924 0.080852354 0.0819725398 -0.0012757768 0.088594467 0.0797707929 -0.00520599243 0.0908167904 0.0797707929 -0.00520599243 0.0908167904 0.0819725398 -0.0012757768 0.088594467 0.089133344 -0.00121404567 0.0945823853 0.0797707929 -0.00520599243 0.0908167904 0.089133344 -0.00121404567 0.0945823853 0.0877958367 -0.00487675971 0.0971750942 0.0877958367 -0.00487675971 0.0971750942 0.089133344 -0.00121404567 0.0945823853 0.0971172451 -0.00113173748 0.0972368235 0.0877958367 -0.00487675971 0.0971750942 0.0971172451 -0.00113173748 0.0972368235 0.0967674259 -0.00458868107 0.0999735774 0.0967674259 -0.00458868107 0.0999735774 0.0971172451 -0.00113173748 0.0972368235 0.107446918 -0.00107000635 0.0977101012 0.0967674259 -0.00458868107 0.0999735774 0.107446918 -0.00107000635 0.0977101012 0.107632106 -0.00430060244 0.100282234 0.107632106 -0.00430060244 0.100282234 0.107446918 -0.00107000635 0.0977101012 0.11899064 -0.000987698168 0.096331441 0.107632106 -0.00430060244 0.100282234 0.11899064 -0.000987698168 0.096331441 0.119484484 -0.00403310085 0.0986977994 0.119484484 -0.00403310085 0.0986977994 0.11899064 -0.000987698168 0.096331441 0.13074528 -0.000946544078 0.0937798849 0.119484484 -0.00403310085 0.0986977994 0.13074528 -0.000946544078 0.0937798849 0.131362592 -0.00378617631 0.0959816319 0.131362592 -0.00378617631 0.0959816319 0.13074528 -0.000946544078 0.0937798849 0.141753995 -0.000884812942 0.0908373668 0.131362592 -0.00378617631 0.0959816319 0.141753995 -0.000884812942 0.0908373668 0.142391884 -0.00358040586 0.0928950689 0.142391884 -0.00358040586 0.0928950689 0.141753995 -0.000884812942 0.0908373668 0.151198861 -0.000843658852 0.0882446579 0.142391884 -0.00358040586 0.0928950689 0.151198861 -0.000843658852 0.0882446579 0.151733858 -0.00339521245 0.0901994778 0.151733858 -0.00339521245 0.0901994778 0.151198861 -0.000843658852 0.0882446579 0.158462558 -0.000802504762 0.0867631157 0.151733858 -0.00339521245 0.0901994778 0.158462558 -0.000802504762 0.0867631157 0.158709485 -0.00325117314 0.0886973491 0.158709485 -0.00325117314 0.0886973491 0.158462558 -0.000802504762 0.0867631157 0.159285634 -0.000781927716 0.0867631157 0.158709485 -0.00325117314 0.0886973491 0.159285634 -0.000781927716 0.0867631157 0.159511985 -0.00314828791 0.0886356199 0.159511985 -0.00314828791 0.0886356199 0.159285634 -0.000781927716 0.0867631157 0.160129298 -0.000699619536 0.0870100327 0.159511985 -0.00314828791 0.0886356199 0.160129298 -0.000699619536 0.0870100327 0.160335072 -0.00281905519 0.0886973491 0.160335072 -0.00281905519 0.0886973491 0.160129298 -0.000699619536 0.0870100327 0.16103469 -0.000535003174 0.0876273453 0.160335072 -0.00281905519 0.0886973491 0.16103469 -0.000535003174 0.0876273453 0.161178725 -0.00216058974 0.0889031233 0.161178725 -0.00216058974 0.0889031233 0.16103469 -0.000535003174 0.0876273453 0.16212527 0 0.0898290923 0.0329477263 0 0.0210503178 0.0374386675 0.00335405836 0.0201655043 0.0383029021 -0.00119346862 0.019589347 0.0383029021 -0.00119346862 0.019589347 0.0374386675 0.00335405836 0.0201655043 0.0395375223 0.00438291062 0.020947432 0.0383029021 -0.00119346862 0.019589347 0.0395375223 0.00438291062 0.020947432 0.0406692604 -0.00156385543 0.0201860819 0.0406692604 -0.00156385543 0.0201860819 0.0395375223 0.00438291062 0.020947432 0.0411219567 0.00489733675 0.0220791688 0.0406692604 -0.00156385543 0.0201860819 0.0411219567 0.00489733675 0.0220791688 0.0423565769 -0.00174904884 0.0212355106 0.0423565769 -0.00174904884 0.0212355106 0.0411219567 0.00489733675 0.0220791688 0.042315424 0.00506195311 0.0234784079 0.0423565769 -0.00174904884 0.0212355106 0.042315424 0.00506195311 0.0234784079 0.0436117785 -0.00181077997 0.0225935969 0.0436117785 -0.00181077997 0.0225935969 0.042315424 0.00506195311 0.0234784079 0.0467600658 0.00489733675 0.0313388404 0.0436117785 -0.00181077997 0.0225935969 0.0467600658 0.00489733675 0.0313388404 0.0480769967 -0.00174904884 0.0306186432 0.0480769967 -0.00174904884 0.0306186432 0.0467600658 0.00489733675 0.0313388404 0.0521718293 0.0046915663 0.0420389039 0.0480769967 -0.00174904884 0.0306186432 0.0521718293 0.0046915663 0.0420389039 0.0534476074 -0.00166674066 0.041359862 0.0534476074 -0.00166674066 0.041359862 0.0521718293 0.0046915663 0.0420389039 0.0585507146 0.00442406471 0.0545343125 0.0534476074 -0.00166674066 0.041359862 0.0585507146 0.00442406471 0.0545343125 0.0597441819 -0.00158443248 0.0538552707 0.0597441819 -0.00158443248 0.0538552707 0.0585507146 0.00442406471 0.0545343125 0.0656703709 0.00415656312 0.0674978523 0.0597441819 -0.00158443248 0.0538552707 0.0656703709 0.00415656312 0.0674978523 0.0667815326 -0.00148154725 0.0668188104 0.0667815326 -0.00148154725 0.0668188104 0.0656703709 0.00415656312 0.0674978523 0.0733250343 0.00386848449 0.0795765759 0.0667815326 -0.00148154725 0.0668188104 0.0733250343 0.00386848449 0.0795765759 0.074292151 -0.00137866203 0.0788563812 0.074292151 -0.00137866203 0.0788563812 0.0733250343 0.00386848449 0.0795765759 0.0811906058 0.0036009829 0.089376391 0.074292151 -0.00137866203 0.0788563812 0.0811906058 0.0036009829 0.089376391 0.0819725398 -0.0012757768 0.088594467 0.0819725398 -0.0012757768 0.088594467 0.0811906058 0.0036009829 0.089376391 0.0886600764 0.00337463541 0.0955083542 0.0819725398 -0.0012757768 0.088594467 0.0886600764 0.00337463541 0.0955083542 0.089133344 -0.00121404567 0.0945823853 0.089133344 -0.00121404567 0.0945823853 0.0886600764 0.00337463541 0.0955083542 0.0969937765 0.00316886496 0.0982245217 0.089133344 -0.00121404567 0.0945823853 0.0969937765 0.00316886496 0.0982245217 0.0971172451 -0.00113173748 0.0972368235 0.0971172451 -0.00113173748 0.0972368235 0.0969937765 0.00316886496 0.0982245217 0.107508647 0.00298367155 0.0986154937 0.0971172451 -0.00113173748 0.0972368235 0.107508647 0.00298367155 0.0986154937 0.107446918 -0.00107000635 0.0977101012 0.107446918 -0.00107000635 0.0977101012 0.107508647 0.00298367155 0.0986154937 0.119175838 0.00279847814 0.0971750942 0.107446918 -0.00107000635 0.0977101012 0.119175838 0.00279847814 0.0971750942 0.11899064 -0.000987698168 0.096331441 0.11899064 -0.000987698168 0.096331441 0.119175838 0.00279847814 0.0971750942 0.13097162 0.00263386178 0.0945618089 0.11899064 -0.000987698168 0.096331441 0.13097162 0.00263386178 0.0945618089 0.13074528 -0.000946544078 0.0937798849 0.13074528 -0.000946544078 0.0937798849 0.13097162 0.00263386178 0.0945618089 0.141980345 0.00246924542 0.0915575615 0.13074528 -0.000946544078 0.0937798849 0.141980345 0.00246924542 0.0915575615 0.141753995 -0.000884812942 0.0908373668 0.141753995 -0.000884812942 0.0908373668 0.141980345 0.00246924542 0.0915575615 0.151384049 0.00234578315 0.0889442762 0.141753995 -0.000884812942 0.0908373668 0.151384049 0.00234578315 0.0889442762 0.151198861 -0.000843658852 0.0882446579 0.151198861 -0.000843658852 0.0882446579 0.151384049 0.00234578315 0.0889442762 0.158544863 0.00224289792 0.0874421575 0.151198861 -0.000843658852 0.0882446579 0.158544863 0.00224289792 0.0874421575 0.158462558 -0.000802504762 0.0867631157 0.158462558 -0.000802504762 0.0867631157 0.158544863 0.00224289792 0.0874421575 0.15936795 0.00218116679 0.0874421575 0.158462558 -0.000802504762 0.0867631157 0.15936795 0.00218116679 0.0874421575 0.159285634 -0.000781927716 0.0867631157 0.159285634 -0.000781927716 0.0867631157 0.15936795 0.00218116679 0.0874421575 0.160211603 0.00195481929 0.0876067689 0.159285634 -0.000781927716 0.0867631157 0.160211603 0.00195481929 0.0876067689 0.160129298 -0.000699619536 0.0870100327 0.160129298 -0.000699619536 0.0870100327 0.160211603 0.00195481929 0.0876067689 0.161075843 0.00148154725 0.0880800466 0.160129298 -0.000699619536 0.0870100327 0.161075843 0.00148154725 0.0880800466 0.16103469 -0.000535003174 0.0876273453 0.16103469 -0.000535003174 0.0876273453 0.161075843 0.00148154725 0.0880800466 0.16212527 0 0.0898290923 0.0329477263 0 0.0210503178 0.0339765773 0.00537060879 0.0225524415 0.0374386675 0.00335405836 0.0201655043 0.0374386675 0.00335405836 0.0201655043 0.0339765773 0.00537060879 0.0225524415 0.0350054308 0.00703734945 0.0240545652 0.0374386675 0.00335405836 0.0201655043 0.0350054308 0.00703734945 0.0240545652 0.0395375223 0.00438291062 0.020947432 0.0395375223 0.00438291062 0.020947432 0.0350054308 0.00703734945 0.0240545652 0.0360394259 0.00786043126 0.0255566914 0.0395375223 0.00438291062 0.020947432 0.0360394259 0.00786043126 0.0255566914 0.0411219567 0.00489733675 0.0220791688 0.0411219567 0.00489733675 0.0220791688 0.0360394259 0.00786043126 0.0255566914 0.0370682769 0.00812793284 0.0270793914 0.0411219567 0.00489733675 0.0220791688 0.0370682769 0.00812793284 0.0270793914 0.042315424 0.00506195311 0.0234784079 0.042315424 0.00506195311 0.0234784079 0.0370682769 0.00812793284 0.0270793914 0.0413688787 0.00786043126 0.0343019349 0.042315424 0.00506195311 0.0234784079 0.0413688787 0.00786043126 0.0343019349 0.0467600658 0.00489733675 0.0313388404 0.0467600658 0.00489733675 0.0313388404 0.0413688787 0.00786043126 0.0343019349 0.0469864164 0.00751062149 0.0448013708 0.0467600658 0.00489733675 0.0313388404 0.0469864164 0.00751062149 0.0448013708 0.0521718293 0.0046915663 0.0420389039 0.0521718293 0.0046915663 0.0420389039 0.0469864164 0.00751062149 0.0448013708 0.0536945294 0.00709908058 0.0572299086 0.0521718293 0.0046915663 0.0420389039 0.0536945294 0.00709908058 0.0572299086 0.0585507146 0.00442406471 0.0545343125 0.0585507146 0.00442406471 0.0545343125 0.0536945294 0.00709908058 0.0572299086 0.0612463056 0.00664638559 0.0702140247 0.0585507146 0.00442406471 0.0545343125 0.0612463056 0.00664638559 0.0702140247 0.0656703709 0.00415656312 0.0674978523 0.0656703709 0.00415656312 0.0674978523 0.0612463056 0.00664638559 0.0702140247 0.0694359708 0.0061936906 0.0824573647 0.0656703709 0.00415656312 0.0674978523 0.0694359708 0.0061936906 0.0824573647 0.0733250343 0.00386848449 0.0795765759 0.0733250343 0.00386848449 0.0795765759 0.0694359708 0.0061936906 0.0824573647 0.0780011607 0.00578214969 0.0925864125 0.0733250343 0.00386848449 0.0795765759 0.0780011607 0.00578214969 0.0925864125 0.0811906058 0.0036009829 0.089376391 0.0811906058 0.0036009829 0.089376391 0.0780011607 0.00578214969 0.0925864125 0.0867052565 0.00541176288 0.0992739591 0.0811906058 0.0036009829 0.089376391 0.0867052565 0.00541176288 0.0992739591 0.0886600764 0.00337463541 0.0955083542 0.0886600764 0.00337463541 0.0955083542 0.0867052565 0.00541176288 0.0992739591 0.0964793561 0.0051031072 0.102154738 0.0886600764 0.00337463541 0.0955083542 0.0964793561 0.0051031072 0.102154738 0.0969937765 0.00316886496 0.0982245217 0.0969937765 0.00316886496 0.0982245217 0.0964793561 0.0051031072 0.102154738 0.107796727 0.00477387448 0.102339936 0.0969937765 0.00316886496 0.0982245217 0.107796727 0.00477387448 0.102339936 0.107508647 0.00298367155 0.0986154937 0.107508647 0.00298367155 0.0986154937 0.107796727 0.00477387448 0.102339936 0.119854879 0.00448579585 0.100611466 0.107508647 0.00298367155 0.0986154937 0.119854879 0.00448579585 0.100611466 0.119175838 0.00279847814 0.0971750942 0.119175838 0.00279847814 0.0971750942 0.119854879 0.00448579585 0.100611466 0.13183586 0.00421829426 0.097751254 0.119175838 0.00279847814 0.0971750942 0.13183586 0.00421829426 0.097751254 0.13097162 0.00263386178 0.0945618089 0.13097162 0.00263386178 0.0945618089 0.13183586 0.00421829426 0.097751254 0.142885738 0.00397136972 0.0945412325 0.13097162 0.00263386178 0.0945618089 0.142885738 0.00397136972 0.0945412325 0.141980345 0.00246924542 0.0915575615 0.141980345 0.00246924542 0.0915575615 0.142885738 0.00397136972 0.0945412325 0.15218656 0.00376559927 0.0917633358 0.141980345 0.00246924542 0.0915575615 0.15218656 0.00376559927 0.0917633358 0.151384049 0.00234578315 0.0889442762 0.151384049 0.00234578315 0.0889442762 0.15218656 0.00376559927 0.0917633358 0.158894673 0.0036009829 0.0902406307 0.151384049 0.00234578315 0.0889442762 0.158894673 0.0036009829 0.0902406307 0.158544863 0.00224289792 0.0874421575 0.158544863 0.00224289792 0.0874421575 0.158894673 0.0036009829 0.0902406307 0.159717759 0.00349809768 0.0901377486 0.158544863 0.00224289792 0.0874421575 0.159717759 0.00349809768 0.0901377486 0.15936795 0.00218116679 0.0874421575 0.15936795 0.00218116679 0.0874421575 0.159717759 0.00349809768 0.0901377486 0.16052026 0.00312771087 0.0900348564 0.15936795 0.00218116679 0.0874421575 0.16052026 0.00312771087 0.0900348564 0.160211603 0.00195481929 0.0876067689 0.160211603 0.00195481929 0.0876067689 0.16052026 0.00312771087 0.0900348564 0.16132277 0.00238693724 0.0899319743 0.160211603 0.00195481929 0.0876067689 0.16132277 0.00238693724 0.0899319743 0.161075843 0.00148154725 0.0880800466 0.161075843 0.00148154725 0.0880800466 0.16132277 0.00238693724 0.0899319743 0.16212527 0 0.0898290923</float_array><technique_common><accessor source="#part3-positions-array" count="1782" stride="3"><param name="X" type="float" /><param name="Y" type="float" /><param name="Z" type="float" /></accessor></technique_common></source><source id="part3-normals"><float_array id="part3-normals-array" count="5346">0.0239420114 0.142681436 0.989479049 0.0239420114 0.142681436 0.989479049 0.0239420114 0.142681436 0.989479049 0.0703449591 0.419217903 0.905156305 0.0703449591 0.419217903 0.905156305 0.0703449591 0.419217903 0.905156305 0.0700475283 0.419597224 0.905003599 0.0700475283 0.419597224 0.905003599 0.0700475283 0.419597224 0.905003599 0.111622454 0.668638463 0.735161909 0.111622454 0.668638463 0.735161909 0.111622454 0.668638463 0.735161909 0.111964802 0.668100229 0.735599053 0.111964802 0.668100229 0.735599053 0.111964802 0.668100229 0.735599053 0.14464236 0.863089046 0.483896566 0.14464236 0.863089046 0.483896566 0.14464236 0.863089046 0.483896566 0.144675808 0.863046298 0.483962806 0.144675808 0.863046298 0.483962806 0.144675808 0.863046298 0.483962806 0.162931371 0.971947683 0.169620369 0.162931371 0.971947683 0.169620369 0.162931371 0.971947683 0.169620369 0.162785185 0.972028376 0.169298022 0.162785185 0.972028376 0.169298022 0.162785185 0.972028376 0.169298022 0.162777224 0.971980841 -0.16957836 0.162777224 0.971980841 -0.16957836 0.162777224 0.971980841 -0.16957836 0.162941521 0.972008232 -0.169263278 0.162941521 0.972008232 -0.169263278 0.162941521 0.972008232 -0.169263278 0.14471579 0.863284806 -0.483525267 0.14471579 0.863284806 -0.483525267 0.14471579 0.863284806 -0.483525267 0.144670652 0.863257868 -0.483586865 0.144670652 0.863257868 -0.483586865 0.144670652 0.863257868 -0.483586865 0.11202638 0.668467669 -0.735255783 0.11202638 0.668467669 -0.735255783 0.11202638 0.668467669 -0.735255783 0.111537996 0.668132545 -0.735634541 0.111537996 0.668132545 -0.735634541 0.111537996 0.668132545 -0.735634541 0.0700151484 0.419403262 -0.905096007 0.0700151484 0.419403262 -0.905096007 0.0700151484 0.419403262 -0.905096007 0.070406824 0.419586584 -0.90498065 0.070406824 0.419586584 -0.90498065 0.070406824 0.419586584 -0.90498065 0.0239419847 0.142681278 -0.989479072 0.0239419847 0.142681278 -0.989479072 0.0239419847 0.142681278 -0.989479072 0.0670894368 0.114611145 0.991142418 0.0670894368 0.114611145 0.991142418 0.0670894368 0.114611145 0.991142418 0.199667038 0.341097926 0.918577857 0.199667038 0.341097926 0.918577857 0.199667038 0.341097926 0.918577857 0.199612449 0.341287238 0.918519402 0.199612449 0.341287238 0.918519402 0.199612449 0.341287238 0.918519402 0.325777525 0.556997884 0.763951806 0.325777525 0.556997884 0.763951806 0.325777525 0.556997884 0.763951806 0.325795989 0.556906471 0.764010573 0.325795989 0.556906471 0.764010573 0.325795989 0.556906471 0.764010573 0.432290256 0.738944766 0.516803413 0.432290256 0.738944766 0.516803413 0.432290256 0.738944766 0.516803413 0.432236527 0.739122148 0.516594652 0.432236527 0.739122148 0.516594652 0.432236527 0.739122148 0.516594652 0.496106848 0.848340055 0.184924704 0.496106848 0.848340055 0.184924704 0.496106848 0.848340055 0.184924704 0.495998349 0.848469218 0.184622925 0.495998349 0.848469218 0.184622925 0.495998349 0.848469218 0.184622925 0.495974379 0.848428215 -0.18487558 0.495974379 0.848428215 -0.18487558 0.495974379 0.848428215 -0.18487558 0.496138466 0.848394123 -0.184591533 0.496138466 0.848394123 -0.184591533 0.496138466 0.848394123 -0.184591533 0.432301152 0.739232658 -0.516382408 0.432301152 0.739232658 -0.516382408 0.432301152 0.739232658 -0.516382408 0.432470805 0.73925339 -0.516210644 0.432470805 0.73925339 -0.516210644 0.432470805 0.73925339 -0.516210644 0.325820859 0.556948982 -0.763968978 0.325820859 0.556948982 -0.763968978 0.325820859 0.556948982 -0.763968978 0.32574338 0.556939504 -0.764008926 0.32574338 0.556939504 -0.764008926 0.32574338 0.556939504 -0.764008926 0.19957804 0.341228407 -0.918548736 0.19957804 0.341228407 -0.918548736 0.19957804 0.341228407 -0.918548736 0.199732538 0.341209823 -0.918522057 0.199732538 0.341209823 -0.918522057 0.199732538 0.341209823 -0.918522057 0.067089362 0.114611017 -0.991142438 0.067089362 0.114611017 -0.991142438 0.067089362 0.114611017 -0.991142438 0.0970989701 0.0637567745 0.993230519 0.0970989701 0.0637567745 0.993230519 0.0970989701 0.0637567745 0.993230519 0.293983688 0.193034506 0.936114988 0.293983688 0.193034506 0.936114988 0.293983688 0.193034506 0.936114988 0.293977445 0.192946988 0.936134991 0.293977445 0.192946988 0.936134991 0.293977445 0.192946988 0.936134991 0.495943287 0.32550376 0.805038855 0.495943287 0.32550376 0.805038855 0.495943287 0.32550376 0.805038855 0.49598799 0.325747073 0.804912888 0.49598799 0.325747073 0.804912888 0.49598799 0.325747073 0.804912888 0.687319614 0.451406802 0.569055048 0.687319614 0.451406802 0.569055048 0.687319614 0.451406802 0.569055048 0.687335308 0.451527892 0.568940011 0.687335308 0.451527892 0.568940011 0.687335308 0.451527892 0.568940011 0.81715837 0.536811934 0.209964629 0.81715837 0.536811934 0.209964629 0.81715837 0.536811934 0.209964629 0.817253586 0.536425061 0.210581885 0.817253586 0.536425061 0.210581885 0.817253586 0.536425061 0.210581885 0.817365091 0.53649825 -0.209961749 0.817365091 0.53649825 -0.209961749 0.817365091 0.53649825 -0.209961749 0.817054791 0.536743891 -0.210540884 0.817054791 0.536743891 -0.210540884 0.817054791 0.536743891 -0.210540884 0.687507183 0.451640801 -0.568642647 0.687507183 0.451640801 -0.568642647 0.687507183 0.451640801 -0.568642647 0.687612154 0.451598931 -0.56854897 0.687612154 0.451598931 -0.56854897 0.687612154 0.451598931 -0.56854897 0.495887915 0.325681347 -0.805001141 0.495887915 0.325681347 -0.805001141 0.495887915 0.325681347 -0.805001141 0.496081197 0.325594275 -0.804917272 0.496081197 0.325594275 -0.804917272 0.496081197 0.325594275 -0.804917272 0.293999436 0.192961422 -0.93612511 0.293999436 0.192961422 -0.93612511 0.293999436 0.192961422 -0.93612511 0.293941813 0.19300701 -0.936133807 0.293941813 0.19300701 -0.936133807 0.293941813 0.19300701 -0.936133807 0.0970988614 0.063756703 -0.993230534 0.0970988614 0.063756703 -0.993230534 0.0970988614 0.063756703 -0.993230534 0.107883998 -0 0.994163489 0.107883998 -0 0.994163489 0.107883998 -0 0.994163489 0.329109382 0 0.944291806 0.329109382 0 0.944291806 0.329109382 0 0.944291806 0.329109382 -0 0.944291806 0.329109382 -0 0.944291806 0.329109382 -0 0.944291806 0.56432942 0 0.825549699 0.56432942 0 0.825549699 0.56432942 0 0.825549699 0.56432942 -0 0.825549699 0.56432942 -0 0.825549699 0.56432942 -0 0.825549699 0.801650114 0 0.597793522 0.801650114 0 0.597793522 0.801650114 0 0.597793522 0.801650114 -0 0.597793522 0.801650114 -0 0.597793522 0.801650114 -0 0.597793522 0.974184764 0 0.225752178 0.974184764 0 0.225752178 0.974184764 0 0.225752178 0.974184764 -0 0.225752178 0.974184764 -0 0.225752178 0.974184764 -0 0.225752178 0.974193924 0 -0.225712647 0.974193924 0 -0.225712647 0.974193924 0 -0.225712647 0.974193924 0 -0.225712647 0.974193924 0 -0.225712647 0.974193924 0 -0.225712647 0.801942813 0 -0.597400808 0.801942813 0 -0.597400808 0.801942813 0 -0.597400808 0.801942813 0 -0.597400808 0.801942813 0 -0.597400808 0.801942813 0 -0.597400808 0.564329469 0 -0.825549666 0.564329469 0 -0.825549666 0.564329469 0 -0.825549666 0.564329469 0 -0.825549666 0.564329469 0 -0.825549666 0.564329469 0 -0.825549666 0.329109382 0 -0.944291806 0.329109382 0 -0.944291806 0.329109382 0 -0.944291806 0.329109382 0 -0.944291806 0.329109382 0 -0.944291806 0.329109382 0 -0.944291806 0.107883877 0 -0.994163502 0.107883877 0 -0.994163502 0.107883877 0 -0.994163502 0.0970989701 -0.0637567745 0.993230519 0.0970989701 -0.0637567745 0.993230519 0.0970989701 -0.0637567745 0.993230519 0.293941813 -0.19300701 0.936133807 0.293941813 -0.19300701 0.936133807 0.293941813 -0.19300701 0.936133807 0.293999436 -0.192961422 0.93612511 0.293999436 -0.192961422 0.93612511 0.293999436 -0.192961422 0.93612511 0.496081156 -0.325594248 0.804917307 0.496081156 -0.325594248 0.804917307 0.496081156 -0.325594248 0.804917307 0.495887874 -0.32568132 0.805001176 0.495887874 -0.32568132 0.805001176 0.495887874 -0.32568132 0.805001176 0.687384828 -0.451449632 0.568942288 0.687384828 -0.451449632 0.568942288 0.687384828 -0.451449632 0.568942288 0.687279817 -0.451491439 0.569035968 0.687279817 -0.451491439 0.569035968 0.687279817 -0.451491439 0.569035968 0.817048107 -0.5367395 0.210578015 0.817048107 -0.5367395 0.210578015 0.817048107 -0.5367395 0.210578015 0.817358441 -0.536493885 0.209998787 0.817358441 -0.536493885 0.209998787 0.817358441 -0.536493885 0.209998787 0.817260272 -0.536429449 -0.210544754 0.817260272 -0.536429449 -0.210544754 0.817260272 -0.536429449 -0.210544754 0.817165016 -0.5368163 -0.209927596 0.817165016 -0.5368163 -0.209927596 0.817165016 -0.5368163 -0.209927596 0.687562615 -0.451677216 -0.568546693 0.687562615 -0.451677216 -0.568546693 0.687562615 -0.451677216 -0.568546693 0.687547008 -0.451556146 -0.568661726 0.687547008 -0.451556146 -0.568661726 0.687547008 -0.451556146 -0.568661726 0.495988031 -0.325747099 -0.804912853 0.495988031 -0.325747099 -0.804912853 0.495988031 -0.325747099 -0.804912853 0.495943327 -0.325503786 -0.80503882 0.495943327 -0.325503786 -0.80503882 0.495943327 -0.325503786 -0.80503882 0.293977445 -0.192946988 -0.936134991 0.293977445 -0.192946988 -0.936134991 0.293977445 -0.192946988 -0.936134991 0.293983688 -0.193034506 -0.936114988 0.293983688 -0.193034506 -0.936114988 0.293983688 -0.193034506 -0.936114988 0.0970988614 -0.063756703 -0.993230534 0.0970988614 -0.063756703 -0.993230534 0.0970988614 -0.063756703 -0.993230534 0.0670894368 -0.114611145 0.991142418 0.0670894368 -0.114611145 0.991142418 0.0670894368 -0.114611145 0.991142418 0.199732538 -0.341209823 0.918522057 0.199732538 -0.341209823 0.918522057 0.199732538 -0.341209823 0.918522057 0.19957804 -0.341228407 0.918548736 0.19957804 -0.341228407 0.918548736 0.19957804 -0.341228407 0.918548736 0.325743356 -0.556939463 0.764008966 0.325743356 -0.556939463 0.764008966 0.325743356 -0.556939463 0.764008966 0.325820835 -0.556948941 0.763969018 0.325820835 -0.556948941 0.763969018 0.325820835 -0.556948941 0.763969018 0.432352931 -0.7390519 0.516597748 0.432352931 -0.7390519 0.516597748 0.432352931 -0.7390519 0.516597748 0.432183246 -0.739031039 0.516769546 0.432183246 -0.739031039 0.516769546 0.432183246 -0.739031039 0.516769546 0.496135346 -0.848388788 0.184624436 0.496135346 -0.848388788 0.184624436 0.496135346 -0.848388788 0.184624436 0.49597125 -0.848422863 0.184908531 0.49597125 -0.848422863 0.184908531 0.49597125 -0.848422863 0.184908531 0.496001468 -0.848474554 -0.184590021 0.496001468 -0.848474554 -0.184590021 0.496001468 -0.848474554 -0.184590021 0.496109978 -0.848345408 -0.184891751 0.496109978 -0.848345408 -0.184891751 0.496109978 -0.848345408 -0.184891751 0.432354367 -0.739323655 -0.516207549 0.432354367 -0.739323655 -0.516207549 0.432354367 -0.739323655 -0.516207549 0.432408207 -0.739146387 -0.516416268 0.432408207 -0.739146387 -0.516416268 0.432408207 -0.739146387 -0.516416268 0.325796013 -0.556906512 -0.764010533 0.325796013 -0.556906512 -0.764010533 0.325796013 -0.556906512 -0.764010533 0.325777549 -0.556997924 -0.763951766 0.325777549 -0.556997924 -0.763951766 0.325777549 -0.556997924 -0.763951766 0.199612449 -0.341287238 -0.918519402 0.199612449 -0.341287238 -0.918519402 0.199612449 -0.341287238 -0.918519402 0.199667038 -0.341097926 -0.918577857 0.199667038 -0.341097926 -0.918577857 0.199667038 -0.341097926 -0.918577857 0.067089362 -0.114611017 -0.991142438 0.067089362 -0.114611017 -0.991142438 0.067089362 -0.114611017 -0.991142438 0.0239420114 -0.142681436 0.989479049 0.0239420114 -0.142681436 0.989479049 0.0239420114 -0.142681436 0.989479049 0.070406824 -0.419586584 0.90498065 0.070406824 -0.419586584 0.90498065 0.070406824 -0.419586584 0.90498065 0.0700151484 -0.419403262 0.905096007 0.0700151484 -0.419403262 0.905096007 0.0700151484 -0.419403262 0.905096007 0.111537988 -0.668132499 0.735634584 0.111537988 -0.668132499 0.735634584 0.111537988 -0.668132499 0.735634584 0.112026372 -0.668467623 0.735255826 0.112026372 -0.668467623 0.735255826 0.112026372 -0.668467623 0.735255826 0.144636046 -0.863051369 0.483965649 0.144636046 -0.863051369 0.483965649 0.144636046 -0.863051369 0.483965649 0.144681182 -0.863078353 0.483904032 0.144681182 -0.863078353 0.483904032 0.144681182 -0.863078353 0.483904032 0.16294066 -0.972003093 0.169293619 0.16294066 -0.972003093 0.169293619 0.16294066 -0.972003093 0.169293619 0.16277636 -0.971975682 0.169608754 0.16277636 -0.971975682 0.169608754 0.16277636 -0.971975682 0.169608754 0.162786046 -0.972033516 -0.169267681 0.162786046 -0.972033516 -0.169267681 0.162786046 -0.972033516 -0.169267681 0.162932236 -0.971952842 -0.169589973 0.162932236 -0.971952842 -0.169589973 0.162932236 -0.971952842 -0.169589973 0.144710424 -0.863252794 -0.483584023 0.144710424 -0.863252794 -0.483584023 0.144710424 -0.863252794 -0.483584023 0.144676958 -0.863295495 -0.483517804 0.144676958 -0.863295495 -0.483517804 0.144676958 -0.863295495 -0.483517804 0.111964809 -0.668100275 -0.735599011 0.111964809 -0.668100275 -0.735599011 0.111964809 -0.668100275 -0.735599011 0.111622461 -0.668638509 -0.735161867 0.111622461 -0.668638509 -0.735161867 0.111622461 -0.668638509 -0.735161867 0.0700475283 -0.419597224 -0.905003599 0.0700475283 -0.419597224 -0.905003599 0.0700475283 -0.419597224 -0.905003599 0.0703449591 -0.419217903 -0.905156305 0.0703449591 -0.419217903 -0.905156305 0.0703449591 -0.419217903 -0.905156305 0.0239419847 -0.142681278 -0.989479072 0.0239419847 -0.142681278 -0.989479072 0.0239419847 -0.142681278 -0.989479072 -0.0239420089 -0.142681436 0.989479049 -0.0239420089 -0.142681436 0.989479049 -0.0239420089 -0.142681436 0.989479049 -0.0703395637 -0.419185793 0.905171595 -0.0703395637 -0.419185793 0.905171595 -0.0703395637 -0.419185793 0.905171595 -0.0700163742 -0.419598144 0.905005583 -0.0700163742 -0.419598144 0.905005583 -0.0700163742 -0.419598144 0.905005583 -0.111585287 -0.668714709 0.735098199 -0.111585287 -0.668714709 0.735098199 -0.111585287 -0.668714709 0.735098199 -0.111976772 -0.668099322 0.735598055 -0.111976772 -0.668099322 0.735598055 -0.111976772 -0.668099322 0.735598055 -0.144649042 -0.863035477 0.483990104 -0.144649042 -0.863035477 0.483990104 -0.144649042 -0.863035477 0.483990104 -0.144636674 -0.863051289 0.483965604 -0.144636674 -0.863051289 0.483965604 -0.144636674 -0.863051289 0.483965604 -0.16289017 -0.97197044 0.169529517 -0.16289017 -0.97197044 0.169529517 -0.16289017 -0.97197044 0.169529517 -0.162785185 -0.972028376 0.169298022 -0.162785185 -0.972028376 0.169298022 -0.162785185 -0.972028376 0.169298022 -0.162779711 -0.971995687 -0.169490856 -0.162779711 -0.971995687 -0.169490856 -0.162779711 -0.971995687 -0.169490856 -0.162897698 -0.972015361 -0.169264519 -0.162897698 -0.972015361 -0.169264519 -0.162897698 -0.972015361 -0.169264519 -0.144669297 -0.86324595 -0.483608544 -0.144669297 -0.86324595 -0.483608544 -0.144669297 -0.86324595 -0.483608544 -0.144685988 -0.863255911 -0.48358577 -0.144685988 -0.863255911 -0.48358577 -0.144685988 -0.863255911 -0.48358577 -0.11204722 -0.668519646 -0.735205348 -0.11204722 -0.668519646 -0.735205348 -0.11204722 -0.668519646 -0.735205348 -0.111488764 -0.668136259 -0.735638631 -0.111488764 -0.668136259 -0.735638631 -0.111488764 -0.668136259 -0.735638631 -0.0699812042 -0.419387375 -0.905105994 -0.0699812042 -0.419387375 -0.905105994 -0.0699812042 -0.419387375 -0.905105994 -0.0704068167 -0.419586584 -0.904980651 -0.0704068167 -0.419586584 -0.904980651 -0.0704068167 -0.419586584 -0.904980651 -0.0239419823 -0.142681278 -0.989479072 -0.0239419823 -0.142681278 -0.989479072 -0.0239419823 -0.142681278 -0.989479072 -0.0671065883 -0.114599898 0.991142557 -0.0671065883 -0.114599898 0.991142557 -0.0671065883 -0.114599898 0.991142557 -0.19969035 -0.341017096 0.9186028 -0.19969035 -0.341017096 0.9186028 -0.19969035 -0.341017096 0.9186028 -0.199649189 -0.341159858 0.918558737 -0.199649189 -0.341159858 0.918558737 -0.199649189 -0.341159858 0.918558737 -0.32582412 -0.556767152 0.764100112 -0.32582412 -0.556767152 0.764100112 -0.32582412 -0.556767152 0.764100112 -0.325750821 -0.557130039 0.763866822 -0.325750821 -0.557130039 0.763866822 -0.325750821 -0.557130039 0.763866822 -0.432210601 -0.73920768 0.516493952 -0.432210601 -0.73920768 0.516493952 -0.432210601 -0.73920768 0.516493952 -0.432304279 -0.738898444 0.516857911 -0.432304279 -0.738898444 0.516857911 -0.432304279 -0.738898444 0.516857911 -0.496266378 -0.848223053 0.185033332 -0.496266378 -0.848223053 0.185033332 -0.496266378 -0.848223053 0.185033332 -0.496023397 -0.848512247 0.184357689 -0.496023397 -0.848512247 0.184357689 -0.496023397 -0.848512247 0.184357689 -0.495965894 -0.848413881 -0.184964103 -0.495965894 -0.848413881 -0.184964103 -0.495965894 -0.848413881 -0.184964103 -0.496333306 -0.848337446 -0.184328043 -0.496333306 -0.848337446 -0.184328043 -0.496333306 -0.848337446 -0.184328043 -0.432515099 -0.739258781 -0.516165811 -0.432515099 -0.739258781 -0.516165811 -0.432515099 -0.739258781 -0.516165811 -0.432219343 -0.739222631 -0.516465237 -0.432219343 -0.739222631 -0.516465237 -0.432219343 -0.739222631 -0.516465237 -0.325652285 -0.556961512 -0.764031716 -0.325652285 -0.556961512 -0.764031716 -0.325652285 -0.556961512 -0.764031716 -0.325959897 -0.556999166 -0.763873075 -0.325959897 -0.556999166 -0.763873075 -0.325959897 -0.556999166 -0.763873075 -0.199623238 -0.341115513 -0.918580845 -0.199623238 -0.341115513 -0.918580845 -0.199623238 -0.341115513 -0.918580845 -0.199739737 -0.341101435 -0.918560748 -0.199739737 -0.341101435 -0.918560748 -0.199739737 -0.341101435 -0.918560748 -0.0671065135 -0.114599771 -0.991142577 -0.0671065135 -0.114599771 -0.991142577 -0.0671065135 -0.114599771 -0.991142577 -0.0970411089 -0.0638813347 0.99322817 -0.0970411089 -0.0638813347 0.99322817 -0.0970411089 -0.0638813347 0.99322817 -0.293890758 -0.19346578 0.936055134 -0.293890758 -0.19346578 0.936055134 -0.293890758 -0.19346578 0.936055134 -0.293862217 -0.193065132 0.936146811 -0.293862217 -0.193065132 0.936146811 -0.293862217 -0.193065132 0.936146811 -0.496011603 -0.325875666 0.804846284 -0.496011603 -0.325875666 0.804846284 -0.496011603 -0.325875666 0.804846284 -0.495938339 -0.325476839 0.805052788 -0.495938339 -0.325476839 0.805052788 -0.495938339 -0.325476839 0.805052788 -0.68749293 -0.451191223 0.569016654 -0.68749293 -0.451191223 0.569016654 -0.68749293 -0.451191223 0.569016654 -0.687555253 -0.451672379 0.56855944 -0.687555253 -0.451672379 0.56855944 -0.687555253 -0.451672379 0.56855944 -0.81715837 -0.536811934 0.209964629 -0.81715837 -0.536811934 0.209964629 -0.81715837 -0.536811934 0.209964629 -0.817275935 -0.53633395 0.210727169 -0.817275935 -0.53633395 0.210727169 -0.817275935 -0.53633395 0.210727169 -0.817412179 -0.536423359 -0.209969785 -0.817412179 -0.536423359 -0.209969785 -0.817412179 -0.536423359 -0.209969785 -0.817028806 -0.53672682 -0.210685194 -0.817028806 -0.53672682 -0.210685194 -0.817028806 -0.53672682 -0.210685194 -0.687562112 -0.451676885 -0.568547565 -0.687562112 -0.451676885 -0.568547565 -0.687562112 -0.451676885 -0.568547565 -0.687979269 -0.451510399 -0.568175048 -0.687979269 -0.451510399 -0.568175048 -0.687979269 -0.451510399 -0.568175048 -0.496102541 -0.325584602 -0.804908029 -0.496102541 -0.325584602 -0.804908029 -0.496102541 -0.325584602 -0.804908029 -0.49578577 -0.325727296 -0.805045464 -0.49578577 -0.325727296 -0.805045464 -0.49578577 -0.325727296 -0.805045464 -0.293962873 -0.193131262 -0.936101567 -0.293962873 -0.193131262 -0.936101567 -0.293962873 -0.193131262 -0.936101567 -0.293699214 -0.193339688 -0.936141302 -0.293699214 -0.193339688 -0.936141302 -0.293699214 -0.193339688 -0.936141302 -0.0970410002 -0.0638812631 -0.993228186 -0.0970410002 -0.0638812631 -0.993228186 -0.0970410002 -0.0638812631 -0.993228186 -0.10784365 0 0.994167867 -0.10784365 0 0.994167867 -0.10784365 0 0.994167867 -0.329109422 0 0.944291792 -0.329109422 0 0.944291792 -0.329109422 0 0.944291792 -0.329109422 0 0.944291792 -0.329109422 0 0.944291792 -0.329109422 0 0.944291792 -0.564532686 0 0.825410714 -0.564532686 0 0.825410714 -0.564532686 0 0.825410714 -0.564532686 0 0.825410714 -0.564532686 0 0.825410714 -0.564532686 0 0.825410714 -0.801728706 0 0.597688114 -0.801728706 0 0.597688114 -0.801728706 0 0.597688114 -0.801728706 0 0.597688114 -0.801728706 0 0.597688114 -0.801728706 0 0.597688114 -0.974184764 0 0.225752178 -0.974184764 0 0.225752178 -0.974184764 0 0.225752178 -0.974184764 0 0.225752178 -0.974184764 0 0.225752178 -0.974184764 0 0.225752178 -0.974193924 0 -0.225712647 -0.974193924 0 -0.225712647 -0.974193924 0 -0.225712647 -0.974193924 -0 -0.225712647 -0.974193924 -0 -0.225712647 -0.974193924 -0 -0.225712647 -0.80202133 0 -0.597295392 -0.80202133 0 -0.597295392 -0.80202133 0 -0.597295392 -0.80202133 -0 -0.597295392 -0.80202133 -0 -0.597295392 -0.80202133 -0 -0.597295392 -0.564532734 0 -0.825410681 -0.564532734 0 -0.825410681 -0.564532734 0 -0.825410681 -0.564532734 -0 -0.825410681 -0.564532734 -0 -0.825410681 -0.564532734 -0 -0.825410681 -0.329109422 0 -0.944291792 -0.329109422 0 -0.944291792 -0.329109422 0 -0.944291792 -0.329109422 -0 -0.944291792 -0.329109422 -0 -0.944291792 -0.329109422 -0 -0.944291792 -0.107843529 0 -0.99416788 -0.107843529 0 -0.99416788 -0.107843529 0 -0.99416788 -0.0970411089 0.0638813347 0.99322817 -0.0970411089 0.0638813347 0.99322817 -0.0970411089 0.0638813347 0.99322817 -0.293699214 0.193339688 0.936141302 -0.293699214 0.193339688 0.936141302 -0.293699214 0.193339688 0.936141302 -0.293962873 0.193131262 0.936101567 -0.293962873 0.193131262 0.936101567 -0.293962873 0.193131262 0.936101567 -0.49578573 0.325727269 0.805045499 -0.49578573 0.325727269 0.805045499 -0.49578573 0.325727269 0.805045499 -0.496102501 0.325584576 0.804908065 -0.496102501 0.325584576 0.804908065 -0.496102501 0.325584576 0.804908065 -0.687752121 0.451361326 0.568568354 -0.687752121 0.451361326 0.568568354 -0.687752121 0.451361326 0.568568354 -0.687334805 0.451527561 0.568940883 -0.687334805 0.451527561 0.568940883 -0.687334805 0.451527561 0.568940883 -0.817022113 0.536722423 0.210722348 -0.817022113 0.536722423 0.210722348 -0.817022113 0.536722423 0.210722348 -0.817405528 0.536418994 0.210006824 -0.817405528 0.536418994 0.210006824 -0.817405528 0.536418994 0.210006824 -0.817282631 0.536338344 -0.210690014 -0.817282631 0.536338344 -0.210690014 -0.817282631 0.536338344 -0.210690014 -0.817165016 0.5368163 -0.209927596 -0.817165016 0.5368163 -0.209927596 -0.817165016 0.5368163 -0.209927596 -0.687782328 0.451821551 -0.568166133 -0.687782328 0.451821551 -0.568166133 -0.687782328 0.451821551 -0.568166133 -0.68772035 0.451340475 -0.568623333 -0.68772035 0.451340475 -0.568623333 -0.68772035 0.451340475 -0.568623333 -0.495938379 0.325476865 -0.805052753 -0.495938379 0.325476865 -0.805052753 -0.495938379 0.325476865 -0.805052753 -0.496011643 0.325875692 -0.804846248 -0.496011643 0.325875692 -0.804846248 -0.496011643 0.325875692 -0.804846248 -0.293862217 0.193065132 -0.936146811 -0.293862217 0.193065132 -0.936146811 -0.293862217 0.193065132 -0.936146811 -0.293890758 0.19346578 -0.936055134 -0.293890758 0.19346578 -0.936055134 -0.293890758 0.19346578 -0.936055134 -0.0970410002 0.0638812631 -0.993228186 -0.0970410002 0.0638812631 -0.993228186 -0.0970410002 0.0638812631 -0.993228186 -0.0671065883 0.114599898 0.991142557 -0.0671065883 0.114599898 0.991142557 -0.0671065883 0.114599898 0.991142557 -0.199739737 0.341101435 0.918560748 -0.199739737 0.341101435 0.918560748 -0.199739737 0.341101435 0.918560748 -0.199623238 0.341115513 0.918580845 -0.199623238 0.341115513 0.918580845 -0.199623238 0.341115513 0.918580845 -0.325959873 0.556999125 0.763873115 -0.325959873 0.556999125 0.763873115 -0.325959873 0.556999125 0.763873115 -0.325652261 0.556961471 0.764031756 -0.325652261 0.556961471 0.764031756 -0.325652261 0.556961471 0.764031756 -0.432101422 0.739020951 0.516852393 -0.432101422 0.739020951 0.516852393 -0.432101422 0.739020951 0.516852393 -0.432397234 0.739057324 0.516552905 -0.432397234 0.739057324 0.516552905 -0.432397234 0.739057324 0.516552905 -0.496330193 0.848332126 0.184360903 -0.496330193 0.848332126 0.184360903 -0.496330193 0.848332126 0.184360903 -0.495962762 0.848408524 0.184997068 -0.495962762 0.848408524 0.184997068 -0.495962762 0.848408524 0.184997068 -0.496026507 0.848517567 -0.184324829 -0.496026507 0.848517567 -0.184324829 -0.496026507 0.848517567 -0.184324829 -0.496269513 0.848228411 -0.18500036 -0.496269513 0.848228411 -0.18500036 -0.496269513 0.848228411 -0.18500036 -0.432422258 0.739100096 -0.516470754 -0.432422258 0.739100096 -0.516470754 -0.432422258 0.739100096 -0.516470754 -0.432328389 0.739409131 -0.51610687 -0.432328389 0.739409131 -0.51610687 -0.432328389 0.739409131 -0.51610687 -0.325750845 0.55713008 -0.763866782 -0.325750845 0.55713008 -0.763866782 -0.325750845 0.55713008 -0.763866782 -0.325824144 0.556767193 -0.764100072 -0.325824144 0.556767193 -0.764100072 -0.325824144 0.556767193 -0.764100072 -0.199649189 0.341159858 -0.918558737 -0.199649189 0.341159858 -0.918558737 -0.199649189 0.341159858 -0.918558737 -0.19969035 0.341017096 -0.9186028 -0.19969035 0.341017096 -0.9186028 -0.19969035 0.341017096 -0.9186028 -0.0671065135 0.114599771 -0.991142577 -0.0671065135 0.114599771 -0.991142577 -0.0671065135 0.114599771 -0.991142577 -0.0239420089 0.142681436 0.989479049 -0.0239420089 0.142681436 0.989479049 -0.0239420089 0.142681436 0.989479049 -0.0704068167 0.419586584 0.904980651 -0.0704068167 0.419586584 0.904980651 -0.0704068167 0.419586584 0.904980651 -0.0699812042 0.419387375 0.905105994 -0.0699812042 0.419387375 0.905105994 -0.0699812042 0.419387375 0.905105994 -0.111488756 0.668136214 0.735638673 -0.111488756 0.668136214 0.735638673 -0.111488756 0.668136214 0.735638673 -0.112047213 0.6685196 0.73520539 -0.112047213 0.6685196 0.73520539 -0.112047213 0.6685196 0.73520539 -0.144651378 0.863049414 0.483964553 -0.144651378 0.863049414 0.483964553 -0.144651378 0.863049414 0.483964553 -0.144634687 0.863039436 0.483987334 -0.144634687 0.863039436 0.483987334 -0.144634687 0.863039436 0.483987334 -0.162896837 0.972010221 0.169294861 -0.162896837 0.972010221 0.169294861 -0.162896837 0.972010221 0.169294861 -0.162778848 0.971990534 0.169521235 -0.162778848 0.971990534 0.169521235 -0.162778848 0.971990534 0.169521235 -0.162786046 0.972033516 -0.169267681 -0.162786046 0.972033516 -0.169267681 -0.162786046 0.972033516 -0.169267681 -0.162891034 0.971975593 -0.169499136 -0.162891034 0.971975593 -0.169499136 -0.162891034 0.971975593 -0.169499136 -0.14467128 0.863257787 -0.483586821 -0.14467128 0.863257787 -0.483586821 -0.14467128 0.863257787 -0.483586821 -0.144683655 0.863241993 -0.483611313 -0.144683655 0.863241993 -0.483611313 -0.144683655 0.863241993 -0.483611313 -0.11197678 0.668099368 -0.735598012 -0.11197678 0.668099368 -0.735598012 -0.11197678 0.668099368 -0.735598012 -0.111585295 0.668714754 -0.735098156 -0.111585295 0.668714754 -0.735098156 -0.111585295 0.668714754 -0.735098156 -0.0700163742 0.419598144 -0.905005583 -0.0700163742 0.419598144 -0.905005583 -0.0700163742 0.419598144 -0.905005583 -0.0703395637 0.419185793 -0.905171595 -0.0703395637 0.419185793 -0.905171595 -0.0703395637 0.419185793 -0.905171595 -0.0239419823 0.142681278 -0.989479072 -0.0239419823 0.142681278 -0.989479072 -0.0239419823 0.142681278 -0.989479072 0 -1 0 0 -1 0 0 -1 0 -0 1 -0 -0 1 -0 -0 1 -0 -0 -1 0 -0 -1 0 -0 -1 0 0 1 -0 0 1 -0 0 1 -0 0 -1 -0 0 -1 -0 0 -1 -0 0 1 0 0 1 0 0 1 0 -0.796206958 0 -0.605024364 -0.796206958 0 -0.605024364 -0.796206958 0 -0.605024364 -0.796206958 0 -0.605024364 -0.796206958 0 -0.605024364 -0.796206958 0 -0.605024364 0.980565196 0 -0.196193517 0.980565196 0 -0.196193517 0.980565196 0 -0.196193517 0.980565196 0 -0.196193517 0.980565196 0 -0.196193517 0.980565196 0 -0.196193517 0 -0 1 0 -0 1 0 -0 1 0 0 1 0 0 1 0 0 1 0 -1 0 0 -1 0 0 -1 0 -0 1 -0 -0 1 -0 -0 1 -0 -0 -1 -0 -0 -1 -0 -0 -1 -0 0 1 0 0 1 0 0 1 0 0 -1 -0 0 -1 -0 0 -1 -0 0 1 0 0 1 0 0 1 0 -0.886595045 0 -0.462546459 -0.886595045 0 -0.462546459 -0.886595045 0 -0.462546459 -0.886595045 0 -0.462546459 -0.886595045 0 -0.462546459 -0.886595045 0 -0.462546459 0.998917913 0 0.0465080876 0.998917913 0 0.0465080876 0.998917913 0 0.0465080876 0.998917913 -0 0.0465080876 0.998917913 -0 0.0465080876 0.998917913 -0 0.0465080876 -0.894467978 0 0.447132012 -0.894467978 0 0.447132012 -0.894467978 0 0.447132012 -0.894467978 0 0.447132012 -0.894467978 0 0.447132012 -0.894467978 0 0.447132012 -0 -0 1 -0 -0 1 -0 -0 1 0 0 -1 0 0 -1 0 0 -1 0 0 1 0 0 1 0 0 1 -0 0 -1 -0 0 -1 -0 0 -1 0 0 1 0 0 1 0 0 1 -0 -0 -1 -0 -0 -1 -0 -0 -1 -0.771958616 -0.635672789 0 -0.771958616 -0.635672789 0 -0.771958616 -0.635672789 0 -0.771958616 -0.635672789 -0 -0.771958616 -0.635672789 -0 -0.771958616 -0.635672789 -0 0.93337303 -0.358907768 0 0.93337303 -0.358907768 0 0.93337303 -0.358907768 0 0.93337303 -0.358907768 0 0.93337303 -0.358907768 0 0.93337303 -0.358907768 0 0.206267929 0.97849555 0 0.206267929 0.97849555 0 0.206267929 0.97849555 0 0.206267929 0.97849555 0 0.206267929 0.97849555 0 0.206267929 0.97849555 0 -0 0 1 -0 0 1 -0 0 1 0 -0 -1 0 -0 -1 0 -0 -1 0 0 1 0 0 1 0 0 1 -0 0 -1 -0 0 -1 -0 0 -1 0 -0 1 0 -0 1 0 -0 1 0 0 -1 0 0 -1 0 0 -1 -0.771958616 0.635672789 0 -0.771958616 0.635672789 0 -0.771958616 0.635672789 0 -0.771958616 0.635672789 0 -0.771958616 0.635672789 0 -0.771958616 0.635672789 0 0.93337303 0.358907768 0 0.93337303 0.358907768 0 0.93337303 0.358907768 0 0.93337303 0.358907768 -0 0.93337303 0.358907768 -0 0.93337303 0.358907768 -0 0.206267929 -0.97849555 0 0.206267929 -0.97849555 0 0.206267929 -0.97849555 0 0.206267929 -0.97849555 0 0.206267929 -0.97849555 0 0.206267929 -0.97849555 0 -0.652387106 0.317461207 -0.688192884 -0.652387106 0.317461207 -0.688192884 -0.652387106 0.317461207 -0.688192884 -0.632151508 0.699821036 -0.332618381 -0.632151508 0.699821036 -0.332618381 -0.632151508 0.699821036 -0.332618381 -0.635430151 0.695163529 -0.336119312 -0.635430151 0.695163529 -0.336119312 -0.635430151 0.695163529 -0.336119312 -0.542926925 0.835913672 -0.0804902914 -0.542926925 0.835913672 -0.0804902914 -0.542926925 0.835913672 -0.0804902914 -0.5446289 0.834616862 -0.0824260565 -0.5446289 0.834616862 -0.0824260565 -0.5446289 0.834616862 -0.0824260565 -0.428179442 0.893220123 0.137186649 -0.428179442 0.893220123 0.137186649 -0.428179442 0.893220123 0.137186649 -0.430938929 0.892313699 0.134416896 -0.430938929 0.892313699 0.134416896 -0.430938929 0.892313699 0.134416896 -0.358432915 0.900244667 0.247154577 -0.358432915 0.900244667 0.247154577 -0.358432915 0.900244667 0.247154577 -0.358917316 0.900080211 0.247050551 -0.358917316 0.900080211 0.247050551 -0.358917316 0.900080211 0.247050551 -0.370409402 0.900751338 0.226812481 -0.370409402 0.900751338 0.226812481 -0.370409402 0.900751338 0.226812481 -0.368052388 0.901679575 0.226961194 -0.368052388 0.901679575 0.226961194 -0.368052388 0.901679575 0.226961194 -0.366972254 0.901619727 0.228939364 -0.366972254 0.901619727 0.228939364 -0.366972254 0.901619727 0.228939364 -0.369052709 0.900750488 0.229016718 -0.369052709 0.900750488 0.229016718 -0.369052709 0.900750488 0.229016718 -0.362417555 0.900415036 0.240637235 -0.362417555 0.900415036 0.240637235 -0.362417555 0.900415036 0.240637235 -0.358974342 0.901901737 0.240230468 -0.358974342 0.901901737 0.240230468 -0.358974342 0.901901737 0.240230468 -0.344532633 0.901199822 0.262937534 -0.344532633 0.901199822 0.262937534 -0.344532633 0.901199822 0.262937534 -0.342657726 0.902024759 0.262558596 -0.342657726 0.902024759 0.262558596 -0.342657726 0.902024759 0.262558596 -0.313303174 0.900622988 0.301196538 -0.313303174 0.900622988 0.301196538 -0.313303174 0.900622988 0.301196538 -0.312665594 0.900911581 0.300995928 -0.312665594 0.900911581 0.300995928 -0.312665594 0.900911581 0.300995928 -0.245010062 0.897718981 0.366156662 -0.245010062 0.897718981 0.366156662 -0.245010062 0.897718981 0.366156662 -0.241687764 0.899342825 0.364375505 -0.241687764 0.899342825 0.364375505 -0.241687764 0.899342825 0.364375505 -0.103289675 0.895172207 0.433587319 -0.103289675 0.895172207 0.433587319 -0.103289675 0.895172207 0.433587319 -0.097446276 0.899011691 0.426945198 -0.097446276 0.899011691 0.426945198 -0.097446276 0.899011691 0.426945198 0.0151823782 0.897221121 0.441320469 0.0151823782 0.897221121 0.441320469 0.0151823782 0.897221121 0.441320469 0.0191631791 0.901702112 0.43193295 0.0191631791 0.901702112 0.43193295 0.0191631791 0.901702112 0.43193295 0.0823254564 0.900701662 0.426566565 0.0823254564 0.900701662 0.426566565 0.0823254564 0.900701662 0.426566565 0.0825310004 0.901159065 0.4255596 0.0825310004 0.901159065 0.4255596 0.0825310004 0.901159065 0.4255596 0.119815329 0.900664233 0.417669997 0.119815329 0.900664233 0.417669997 0.119815329 0.900664233 0.417669997 0.119816474 0.900670034 0.417657158 0.119816474 0.900670034 0.417657158 0.119816474 0.900670034 0.417657158 0.140469708 0.900352638 0.411865742 0.140469708 0.900352638 0.411865742 0.140469708 0.900352638 0.411865742 0.140371676 0.899379675 0.414019315 0.140371676 0.899379675 0.414019315 0.140371676 0.899379675 0.414019315 0.142465872 0.899345904 0.41337685 0.142465872 0.899345904 0.41337685 0.142465872 0.899345904 0.41337685 0.142656205 0.900433756 0.410935833 0.142656205 0.900433756 0.410935833 0.142656205 0.900433756 0.410935833 0.118478991 0.900793215 0.417773039 0.118478991 0.900793215 0.417773039 0.118478991 0.900793215 0.417773039 0.117619556 0.899437969 0.420923959 0.117619556 0.899437969 0.420923959 0.117619556 0.899437969 0.420923959 0.168326883 0.895387337 0.412246985 0.168326883 0.895387337 0.412246985 0.168326883 0.895387337 0.412246985 0.163694124 0.895320275 0.41425335 0.163694124 0.895320275 0.41425335 0.163694124 0.895320275 0.41425335 0.419184185 0.835852023 0.35445171 0.419184185 0.835852023 0.35445171 0.419184185 0.835852023 0.35445171 0.429281739 0.833427432 0.348017104 0.429281739 0.833427432 0.348017104 0.429281739 0.833427432 0.348017104 0.683260392 0.68772056 0.245348054 0.683260392 0.68772056 0.245348054 0.683260392 0.68772056 0.245348054 0.67310216 0.69353424 0.25679513 0.67310216 0.69353424 0.25679513 0.67310216 0.69353424 0.25679513 0.947646138 0.316917378 0.0391174227 0.947646138 0.316917378 0.0391174227 0.947646138 0.316917378 0.0391174227 -0.812053291 0.0747035938 -0.578782192 -0.812053291 0.0747035938 -0.578782192 -0.812053291 0.0747035938 -0.578782192 -0.980585458 0.168830064 -0.0997425102 -0.980585458 0.168830064 -0.0997425102 -0.980585458 0.168830064 -0.0997425102 -0.980566663 0.170880781 -0.0963783042 -0.980566663 0.170880781 -0.0963783042 -0.980566663 0.170880781 -0.0963783042 -0.958439196 0.204547843 0.1988831 -0.958439196 0.204547843 0.1988831 -0.958439196 0.204547843 0.1988831 -0.956375896 0.207372714 0.205770998 -0.956375896 0.207372714 0.205770998 -0.956375896 0.207372714 0.205770998 -0.868829233 0.221650617 0.442726515 -0.868829233 0.221650617 0.442726515 -0.868829233 0.221650617 0.442726515 -0.870264093 0.220837912 0.440307874 -0.870264093 0.220837912 0.440307874 -0.870264093 0.220837912 0.440307874 -0.824442948 0.22250256 0.520371441 -0.824442948 0.22250256 0.520371441 -0.824442948 0.22250256 0.520371441 -0.82311765 0.224420113 0.521644464 -0.82311765 0.224420113 0.521644464 -0.82311765 0.224420113 0.521644464 -0.845990132 0.224789055 0.483498271 -0.845990132 0.224789055 0.483498271 -0.845990132 0.224789055 0.483498271 -0.847569903 0.221561855 0.482219457 -0.847569903 0.221561855 0.482219457 -0.847569903 0.221561855 0.482219457 -0.845395548 0.221533003 0.48603446 -0.845395548 0.221533003 0.48603446 -0.845395548 0.221533003 0.48603446 -0.844357435 0.223947407 0.486732042 -0.844357435 0.223947407 0.486732042 -0.844357435 0.223947407 0.486732042 -0.828622196 0.223666921 0.513184533 -0.828622196 0.223666921 0.513184533 -0.828622196 0.223666921 0.513184533 -0.829235601 0.222165184 0.512845932 -0.829235601 0.222165184 0.512845932 -0.829235601 0.222165184 0.512845932 -0.795512017 0.221789466 0.563888343 -0.795512017 0.221789466 0.563888343 -0.795512017 0.221789466 0.563888343 -0.795504495 0.221807917 0.563891698 -0.795504495 0.221807917 0.563891698 -0.795504495 0.221807917 0.563891698 -0.726603461 0.220676645 0.650652925 -0.726603461 0.220676645 0.650652925 -0.726603461 0.220676645 0.650652925 -0.726542881 0.220818993 0.650672279 -0.726542881 0.220818993 0.650672279 -0.726542881 0.220818993 0.650672279 -0.570290132 0.21840596 0.791876254 -0.570290132 0.21840596 0.791876254 -0.570290132 0.21840596 0.791876254 -0.569061151 0.221068904 0.792021431 -0.569061151 0.221068904 0.792021431 -0.569061151 0.221068904 0.792021431 -0.25824938 0.217726818 0.941223826 -0.25824938 0.217726818 0.941223826 -0.25824938 0.217726818 0.941223826 -0.255718773 0.223362573 0.940593998 -0.255718773 0.223362573 0.940593998 -0.255718773 0.223362573 0.940593998 0.00701529574 0.22364084 0.974646377 0.00701529574 0.22364084 0.974646377 0.00701529574 0.22364084 0.974646377 0.00670284063 0.222782864 0.974845048 0.00670284063 0.222782864 0.974845048 0.00670284063 0.222782864 0.974845048 0.159067324 0.22215702 0.961947943 0.159067324 0.22215702 0.961947943 0.159067324 0.22215702 0.961947943 0.158821905 0.22130604 0.962184618 0.158821905 0.22130604 0.962184618 0.158821905 0.22130604 0.962184618 0.246326274 0.220982204 0.9436579 0.246326274 0.220982204 0.9436579 0.246326274 0.220982204 0.9436579 0.246152399 0.220277366 0.943868041 0.246152399 0.220277366 0.943868041 0.246152399 0.220277366 0.943868041 0.289156834 0.220078416 0.93164039 0.289156834 0.220078416 0.93164039 0.289156834 0.220078416 0.93164039 0.290327986 0.225012303 0.930096298 0.290327986 0.225012303 0.930096298 0.290327986 0.225012303 0.930096298 0.296574291 0.224998841 0.928126722 0.296574291 0.224998841 0.928126722 0.296574291 0.224998841 0.928126722 0.295980129 0.22284034 0.928836878 0.295980129 0.22284034 0.928836878 0.295980129 0.22284034 0.928836878 0.238010105 0.222729033 0.945379801 0.238010105 0.222729033 0.945379801 0.238010105 0.222729033 0.945379801 0.238380251 0.223558351 0.945090747 0.238380251 0.223558351 0.945090747 0.238380251 0.223558351 0.945090747 0.242561614 0.223433606 0.944055765 0.242561614 0.223433606 0.944055765 0.242561614 0.223433606 0.944055765 0.241304533 0.223138419 0.944447653 0.241304533 0.223138419 0.944447653 0.241304533 0.223138419 0.944447653 0.500337659 0.206586402 0.840823576 0.500337659 0.206586402 0.840823576 0.500337659 0.206586402 0.840823576 0.484229415 0.202607299 0.851159301 0.484229415 0.202607299 0.851159301 0.484229415 0.202607299 0.851159301 0.716077972 0.168908696 0.677275565 0.716077972 0.168908696 0.677275565 0.716077972 0.168908696 0.677275565 0.734131233 0.176361071 0.655704282 0.734131233 0.176361071 0.655704282 0.734131233 0.176361071 0.655704282 0.971138361 0.0822703919 0.223879133 0.971138361 0.0822703919 0.223879133 0.971138361 0.0822703919 0.223879133 -0.756919567 -0.21753368 -0.616240106 -0.756919567 -0.21753368 -0.616240106 -0.756919567 -0.21753368 -0.616240106 -0.857915854 -0.482719318 -0.175961496 -0.857915854 -0.482719318 -0.175961496 -0.857915854 -0.482719318 -0.175961496 -0.856447625 -0.48232714 -0.184005424 -0.856447625 -0.48232714 -0.184005424 -0.856447625 -0.48232714 -0.184005424 -0.811760795 -0.57666782 0.0921880514 -0.811760795 -0.57666782 0.0921880514 -0.811760795 -0.57666782 0.0921880514 -0.811088248 -0.576652804 0.0980173304 -0.811088248 -0.576652804 0.0980173304 -0.811088248 -0.576652804 0.0980173304 -0.712025253 -0.617957304 0.333389876 -0.712025253 -0.617957304 0.333389876 -0.712025253 -0.617957304 0.333389876 -0.712191628 -0.618018841 0.332920107 -0.712191628 -0.618018841 0.332920107 -0.712191628 -0.618018841 0.332920107 -0.65858962 -0.623036847 0.422000947 -0.65858962 -0.623036847 0.422000947 -0.65858962 -0.623036847 0.422000947 -0.658673275 -0.622010481 0.423382189 -0.658673275 -0.622010481 0.423382189 -0.658673275 -0.622010481 0.423382189 -0.676402786 -0.622773979 0.393232555 -0.676402786 -0.622773979 0.393232555 -0.676402786 -0.622773979 0.393232555 -0.676316772 -0.623024046 0.392984303 -0.676316772 -0.623024046 0.392984303 -0.676316772 -0.623024046 0.392984303 -0.675182636 -0.622974443 0.395007913 -0.675182636 -0.622974443 0.395007913 -0.675182636 -0.622974443 0.395007913 -0.674199028 -0.625332336 0.39295692 -0.674199028 -0.625332336 0.39295692 -0.674199028 -0.625332336 0.39295692 -0.660997958 -0.624849293 0.415505789 -0.660997958 -0.624849293 0.415505789 -0.660997958 -0.624849293 0.415505789 -0.66114932 -0.624495177 0.415797247 -0.66114932 -0.624495177 0.415797247 -0.66114932 -0.624495177 0.415797247 -0.633905896 -0.623517027 0.457591337 -0.633905896 -0.623517027 0.457591337 -0.633905896 -0.623517027 0.457591337 -0.632766906 -0.62643 0.455182928 -0.632766906 -0.62643 0.455182928 -0.632766906 -0.62643 0.455182928 -0.578638105 -0.624490482 0.524585152 -0.578638105 -0.624490482 0.524585152 -0.578638105 -0.624490482 0.524585152 -0.579288347 -0.622245914 0.526531133 -0.579288347 -0.622245914 0.526531133 -0.579288347 -0.622245914 0.526531133 -0.455241675 -0.617648806 0.641299438 -0.455241675 -0.617648806 0.641299438 -0.455241675 -0.617648806 0.641299438 -0.455035092 -0.620693244 0.638500557 -0.455035092 -0.620693244 0.638500557 -0.455035092 -0.620693244 0.638500557 -0.200755908 -0.614500494 0.762945744 -0.200755908 -0.614500494 0.762945744 -0.200755908 -0.614500494 0.762945744 -0.202243941 -0.620374697 0.757781383 -0.202243941 -0.620374697 0.757781383 -0.202243941 -0.620374697 0.757781383 0.0110403811 -0.619977677 0.784541771 0.0110403811 -0.619977677 0.784541771 0.0110403811 -0.619977677 0.784541771 0.00964860981 -0.623180063 0.78201887 0.00964860981 -0.623180063 0.78201887 0.00964860981 -0.623180063 0.78201887 0.132414987 -0.622020582 0.77172318 0.132414987 -0.622020582 0.77172318 0.132414987 -0.622020582 0.77172318 0.132972454 -0.62092626 0.772508191 0.132972454 -0.62092626 0.772508191 0.132972454 -0.62092626 0.772508191 0.202777502 -0.620280312 0.757716055 0.202777502 -0.620280312 0.757716055 0.202777502 -0.620280312 0.757716055 0.199442721 -0.626273057 0.753660838 0.199442721 -0.626273057 0.753660838 0.199442721 -0.626273057 0.753660838 0.234233797 -0.625969129 0.743839484 0.234233797 -0.625969129 0.743839484 0.234233797 -0.625969129 0.743839484 0.235875706 -0.623206323 0.745638337 0.235875706 -0.623206323 0.745638337 0.235875706 -0.623206323 0.745638337 0.241155255 -0.62315656 0.743989277 0.241155255 -0.62315656 0.743989277 0.241155255 -0.62315656 0.743989277 0.241417831 -0.622751006 0.744243654 0.241417831 -0.622751006 0.744243654 0.241417831 -0.622751006 0.744243654 0.194273341 -0.622880208 0.757811398 0.194273341 -0.622880208 0.757811398 0.194273341 -0.622880208 0.757811398 0.196579619 -0.619893807 0.759663163 0.196579619 -0.619893807 0.759663163 0.196579619 -0.619893807 0.759663163 0.233276254 -0.617133568 0.751484098 0.233276254 -0.617133568 0.751484098 0.233276254 -0.617133568 0.751484098 0.214439844 -0.622588594 0.752594842 0.214439844 -0.622588594 0.752594842 0.214439844 -0.622588594 0.752594842 0.457346866 -0.581799352 0.672564761 0.457346866 -0.581799352 0.672564761 0.457346866 -0.581799352 0.672564761 0.47690714 -0.571474632 0.667814588 0.47690714 -0.571474632 0.667814588 0.47690714 -0.571474632 0.667814588 0.708192611 -0.477633216 0.519932434 0.708192611 -0.477633216 0.519932434 0.708192611 -0.477633216 0.519932434 0.696639932 -0.489100028 0.52485614 0.696639932 -0.489100028 0.52485614 0.696639932 -0.489100028 0.52485614 0.962777704 -0.221279617 0.155223785 0.962777704 -0.221279617 0.155223785 0.962777704 -0.221279617 0.155223785 -0.528290007 -0.351629525 -0.772830089 -0.528290007 -0.351629525 -0.772830089 -0.528290007 -0.351629525 -0.772830089 -0.359488445 -0.770847369 -0.525891997 -0.359488445 -0.770847369 -0.525891997 -0.359488445 -0.770847369 -0.525891997 -0.359174785 -0.773503623 -0.522193086 -0.359174785 -0.773503623 -0.522193086 -0.359174785 -0.773503623 -0.522193086 -0.211346668 -0.927856404 -0.307270369 -0.211346668 -0.927856404 -0.307270369 -0.211346668 -0.927856404 -0.307270369 -0.212699526 -0.925987155 -0.311940219 -0.212699526 -0.925987155 -0.311940219 -0.212699526 -0.925987155 -0.311940219 -0.0754276182 -0.990996367 -0.110620405 -0.0754276182 -0.990996367 -0.110620405 -0.0754276182 -0.990996367 -0.110620405 -0.0754841751 -0.990974026 -0.110781853 -0.0754841751 -0.990974026 -0.110781853 -0.0754841751 -0.990974026 -0.110781853 0.0146211108 -0.999662828 0.0214581898 0.0146211108 -0.999662828 0.0214581898 0.0146211108 -0.999662828 0.0214581898 0.0135159723 -0.99960644 0.0245821876 0.0135159723 -0.99960644 0.0245821876 0.0135159723 -0.99960644 0.0245821876 0.0132517597 -0.999621679 0.0241016505 0.0132517597 -0.999621679 0.0241016505 0.0132517597 -0.999621679 0.0241016505 0.0130194056 -0.999615882 0.0244659821 0.0130194056 -0.999615882 0.0244659821 0.0130194056 -0.999615882 0.0244659821 0.0123760919 -0.99965291 0.0232570711 0.0123760919 -0.99965291 0.0232570711 0.0123760919 -0.99965291 0.0232570711 0.0126632911 -0.999657986 0.0228812671 0.0126632911 -0.999657986 0.0228812671 0.0126632911 -0.999657986 0.0228812671 0.0133625374 -0.999619165 0.0241447334 0.0133625374 -0.999619165 0.0241447334 0.0133625374 -0.999619165 0.0241447334 0.0141976931 -0.999632726 0.0230833031 0.0141976931 -0.999632726 0.0230833031 0.0141976931 -0.999632726 0.0230833031 0.0148943204 -0.999595793 0.0242159139 0.0148943204 -0.999595793 0.0242159139 0.0148943204 -0.999595793 0.0242159139 0.0163578222 -0.999620558 0.0221621824 0.0163578222 -0.999620558 0.0221621824 0.0163578222 -0.999620558 0.0221621824 0.0170815901 -0.99958623 0.02314277 0.0170815901 -0.99958623 0.02314277 0.0170815901 -0.99958623 0.02314277 0.0192035895 -0.999630618 0.0192315009 0.0192035895 -0.999630618 0.0192315009 0.0192035895 -0.999630618 0.0192315009 0.0228631782 -0.999476378 0.0228964085 0.0228631782 -0.999476378 0.0228964085 0.0228631782 -0.999476378 0.0228964085 0.0252617818 -0.999595474 0.0130663949 0.0252617818 -0.999595474 0.0130663949 0.0252617818 -0.999595474 0.0130663949 0.0276357683 -0.999515851 0.0142943148 0.0276357683 -0.999515851 0.0142943148 0.0276357683 -0.999515851 0.0142943148 0.0263125596 -0.999647346 0.00358241472 0.0263125596 -0.999647346 0.00358241472 0.0263125596 -0.999647346 0.00358241472 0.0264036105 -0.9996449 0.00359481116 0.0264036105 -0.9996449 0.00359481116 0.0264036105 -0.9996449 0.00359481116 0.0244356685 -0.999699512 -0.0019451305 0.0244356685 -0.999699512 -0.0019451305 0.0244356685 -0.999699512 -0.0019451305 0.0223262041 -0.99974916 -0.0017772127 0.0223262041 -0.99974916 -0.0017772127 0.0223262041 -0.99974916 -0.0017772127 0.0211101328 -0.999768217 -0.00422774549 0.0211101328 -0.999768217 -0.00422774549 0.0211101328 -0.999768217 -0.00422774549 0.019873794 -0.999794574 -0.0039801428 0.019873794 -0.999794574 -0.0039801428 0.019873794 -0.999794574 -0.0039801428 0.0191795421 -0.999802744 -0.0051593712 0.0191795421 -0.999802744 -0.0051593712 0.0191795421 -0.999802744 -0.0051593712 0.0173477557 -0.999838626 -0.00466661354 0.0173477557 -0.999838626 -0.00466661354 0.0173477557 -0.999838626 -0.00466661354 0.017053406 -0.999841491 -0.0051160218 0.017053406 -0.999841491 -0.0051160218 0.017053406 -0.999841491 -0.0051160218 0.0182411749 -0.99981864 -0.00547235248 0.0182411749 -0.99981864 -0.00547235248 0.0182411749 -0.99981864 -0.00547235248 0.0184473913 -0.99981639 -0.00518457212 0.0184473913 -0.99981639 -0.00518457212 0.0184473913 -0.99981639 -0.00518457212 0.0194665951 -0.999795539 -0.00547101563 0.0194665951 -0.999795539 -0.00547101563 0.0194665951 -0.999795539 -0.00547101563 0.0215707249 -0.999763641 -0.00271417916 0.0215707249 -0.999763641 -0.00271417916 0.0215707249 -0.999763641 -0.00271417916 0.125949616 -0.991910046 -0.0158478597 0.125949616 -0.991910046 -0.0158478597 0.125949616 -0.991910046 -0.0158478597 0.123893849 -0.992164482 -0.0161231012 0.123893849 -0.992164482 -0.0161231012 0.123893849 -0.992164482 -0.0161231012 0.374093731 -0.92611221 -0.0486832165 0.374093731 -0.92611221 -0.0486832165 0.374093731 -0.92611221 -0.0486832165 0.374520682 -0.925943916 -0.0486016862 0.374520682 -0.925943916 -0.0486016862 0.374520682 -0.925943916 -0.0486016862 0.625471032 -0.776014051 -0.0811676051 0.625471032 -0.776014051 -0.0811676051 0.625471032 -0.776014051 -0.0811676051 0.625198945 -0.776221878 -0.0812765345 0.625198945 -0.776221878 -0.0812765345 0.625198945 -0.776221878 -0.0812765345 0.927232366 -0.354556002 -0.120541204 0.927232366 -0.354556002 -0.120541204 0.927232366 -0.354556002 -0.120541204 -0.302025814 -0.219634137 -0.927653628 -0.302025814 -0.219634137 -0.927653628 -0.302025814 -0.219634137 -0.927653628 0.141963321 -0.484089177 -0.863425784 0.141963321 -0.484089177 -0.863425784 0.141963321 -0.484089177 -0.863425784 0.138191202 -0.479585787 -0.866545247 0.138191202 -0.479585787 -0.866545247 0.138191202 -0.479585787 -0.866545247 0.384841158 -0.576802309 -0.720552829 0.384841158 -0.576802309 -0.720552829 0.384841158 -0.576802309 -0.720552829 0.386848503 -0.578363821 -0.718222476 0.386848503 -0.578363821 -0.718222476 0.386848503 -0.578363821 -0.718222476 0.563353939 -0.617660336 -0.548751354 0.563353939 -0.617660336 -0.548751354 0.563353939 -0.617660336 -0.548751354 0.563444742 -0.617712089 -0.548599852 0.563444742 -0.617712089 -0.548599852 0.563444742 -0.617712089 -0.548599852 0.686715532 -0.621332719 -0.377316088 0.686715532 -0.621332719 -0.377316088 0.686715532 -0.621332719 -0.377316088 0.686667959 -0.621576543 -0.377000949 0.686667959 -0.621576543 -0.377000949 0.686667959 -0.621576543 -0.377000949 0.702788151 -0.621235762 -0.346633731 0.702788151 -0.621235762 -0.346633731 0.702788151 -0.621235762 -0.346633731 0.702283198 -0.622559187 -0.34528013 0.702283198 -0.622559187 -0.34528013 0.702283198 -0.622559187 -0.34528013 0.70045288 -0.622622833 -0.348864688 0.70045288 -0.622622833 -0.348864688 0.70045288 -0.622622833 -0.348864688 0.700195301 -0.623207431 -0.348337535 0.700195301 -0.623207431 -0.348337535 0.700195301 -0.623207431 -0.348337535 0.689116041 -0.623580681 -0.369142543 0.689116041 -0.623580681 -0.369142543 0.689116041 -0.623580681 -0.369142543 0.689024223 -0.623787221 -0.368964935 0.689024223 -0.623787221 -0.368964935 0.689024223 -0.623787221 -0.368964935 0.66500611 -0.624508349 -0.409580512 0.66500611 -0.624508349 -0.409580512 0.66500611 -0.624508349 -0.409580512 0.665656926 -0.622881443 -0.410998253 0.665656926 -0.622881443 -0.410998253 0.665656926 -0.622881443 -0.410998253 0.616671793 -0.624126793 -0.479772495 0.616671793 -0.624126793 -0.479772495 0.616671793 -0.624126793 -0.479772495 0.617900552 -0.619746483 -0.483852461 0.617900552 -0.619746483 -0.483852461 0.617900552 -0.619746483 -0.483852461 0.50565597 -0.62157613 -0.598293535 0.50565597 -0.62157613 -0.598293535 0.50565597 -0.62157613 -0.598293535 0.505575306 -0.613814185 -0.606321496 0.505575306 -0.613814185 -0.606321496 0.505575306 -0.613814185 -0.606321496 0.253558943 -0.618857103 -0.743453932 0.253558943 -0.618857103 -0.743453932 0.253558943 -0.618857103 -0.743453932 0.252496442 -0.616169847 -0.746043073 0.252496442 -0.616169847 -0.746043073 0.252496442 -0.616169847 -0.746043073 0.0395265541 -0.62267458 -0.781481937 0.0395265541 -0.62267458 -0.781481937 0.0395265541 -0.62267458 -0.781481937 0.0387063115 -0.621044934 -0.782818633 0.0387063115 -0.621044934 -0.782818633 0.0387063115 -0.621044934 -0.782818633 -0.0883262068 -0.623530058 -0.776793891 -0.0883262068 -0.623530058 -0.776793891 -0.0883262068 -0.623530058 -0.776793891 -0.0901789005 -0.620148024 -0.779284412 -0.0901789005 -0.620148024 -0.779284412 -0.0901789005 -0.620148024 -0.779284412 -0.164069631 -0.62170836 -0.765871968 -0.164069631 -0.62170836 -0.765871968 -0.164069631 -0.62170836 -0.765871968 -0.16136769 -0.626390673 -0.762623887 -0.16136769 -0.626390673 -0.762623887 -0.16136769 -0.626390673 -0.762623887 -0.197849024 -0.627139076 -0.753360699 -0.197849024 -0.627139076 -0.753360699 -0.197849024 -0.627139076 -0.753360699 -0.19977969 -0.623974589 -0.755475869 -0.19977969 -0.623974589 -0.755475869 -0.19977969 -0.623974589 -0.755475869 -0.204312861 -0.624064395 -0.754188229 -0.204312861 -0.624064395 -0.754188229 -0.204312861 -0.624064395 -0.754188229 -0.205679747 -0.621970921 -0.755544847 -0.205679747 -0.621970921 -0.755544847 -0.205679747 -0.621970921 -0.755544847 -0.153261185 -0.621027065 -0.768658827 -0.153261185 -0.621027065 -0.768658827 -0.153261185 -0.621027065 -0.768658827 -0.152535049 -0.622028927 -0.767992886 -0.152535049 -0.622028927 -0.767992886 -0.152535049 -0.622028927 -0.767992886 0.0154706201 -0.618821028 -0.785379651 0.0154706201 -0.618821028 -0.785379651 0.0154706201 -0.618821028 -0.785379651 0.0190197049 -0.61929521 -0.784927827 0.0190197049 -0.61929521 -0.784927827 0.0190197049 -0.61929521 -0.784927827 0.280545107 -0.578961702 -0.765570239 0.280545107 -0.578961702 -0.765570239 0.280545107 -0.578961702 -0.765570239 0.288777833 -0.578987762 -0.762483137 0.288777833 -0.578987762 -0.762483137 0.288777833 -0.578987762 -0.762483137 0.550846843 -0.486438657 -0.67819259 0.550846843 -0.486438657 -0.67819259 0.550846843 -0.486438657 -0.67819259 0.546154537 -0.48669018 -0.681797543 0.546154537 -0.48669018 -0.681797543 0.546154537 -0.48669018 -0.681797543 0.893727582 -0.225275481 -0.38794583 0.893727582 -0.225275481 -0.38794583 0.893727582 -0.225275481 -0.38794583 -0.246746394 0.0755131454 -0.966133522 -0.246746394 0.0755131454 -0.966133522 -0.246746394 0.0755131454 -0.966133522 0.269150211 0.17122817 -0.947754756 0.269150211 0.17122817 -0.947754756 0.269150211 0.17122817 -0.947754756 0.266110453 0.172072905 -0.948459879 0.266110453 0.172072905 -0.948459879 0.266110453 0.172072905 -0.948459879 0.523769555 0.205519343 -0.826696591 0.523769555 0.205519343 -0.826696591 0.523769555 0.205519343 -0.826696591 0.53310024 0.203275433 -0.821269281 0.53310024 0.203275433 -0.821269281 0.53310024 0.203275433 -0.821269281 0.729764546 0.21782262 -0.648071766 0.729764546 0.21782262 -0.648071766 0.729764546 0.21782262 -0.648071766 0.721265389 0.220579047 -0.656598144 0.721265389 0.220579047 -0.656598144 0.721265389 0.220579047 -0.656598144 0.850776958 0.22181164 -0.476422253 0.850776958 0.22181164 -0.476422253 0.850776958 0.22181164 -0.476422253 0.851654571 0.220280621 -0.475563812 0.851654571 0.220280621 -0.475563812 0.851654571 0.220280621 -0.475563812 0.872163377 0.22015251 -0.43687975 0.872163377 0.22015251 -0.43687975 0.872163377 0.22015251 -0.43687975 0.871512372 0.221585105 -0.437454258 0.871512372 0.221585105 -0.437454258 0.871512372 0.221585105 -0.437454258 0.870425544 0.221596923 -0.439606843 0.870425544 0.221596923 -0.439606843 0.870425544 0.221596923 -0.439606843 0.87004396 0.222530386 -0.439890595 0.87004396 0.222530386 -0.439890595 0.87004396 0.222530386 -0.439890595 0.856420387 0.222747368 -0.465755012 0.856420387 0.222747368 -0.465755012 0.856420387 0.222747368 -0.465755012 0.855613992 0.224780217 -0.466260175 0.855613992 0.224780217 -0.466260175 0.855613992 0.224780217 -0.466260175 0.825421018 0.22502845 -0.517728055 0.825421018 0.22502845 -0.517728055 0.825421018 0.22502845 -0.517728055 0.826129595 0.223275866 -0.517356532 0.826129595 0.223275866 -0.517356532 0.826129595 0.223275866 -0.517356532 0.763050828 0.223862007 -0.606332611 0.763050828 0.223862007 -0.606332611 0.763050828 0.223862007 -0.606332611 0.764860146 0.219730908 -0.605563609 0.764860146 0.219730908 -0.605563609 0.764860146 0.219730908 -0.605563609 0.622911503 0.220234013 -0.750651876 0.622911503 0.220234013 -0.750651876 0.622911503 0.220234013 -0.750651876 0.625270101 0.215828723 -0.749970175 0.625270101 0.215828723 -0.749970175 0.625270101 0.215828723 -0.749970175 0.307263021 0.218588121 -0.92617961 0.307263021 0.218588121 -0.92617961 0.307263021 0.218588121 -0.92617961 0.305603591 0.221454564 -0.926047688 0.305603591 0.221454564 -0.926047688 0.305603591 0.221454564 -0.926047688 0.0401591535 0.224752126 -0.973588067 0.0401591535 0.224752126 -0.973588067 0.0401591535 0.224752126 -0.973588067 0.0433821887 0.217145512 -0.97517476 0.0433821887 0.217145512 -0.97517476 0.0433821887 0.217145512 -0.97517476 -0.116162881 0.218188867 -0.968968422 -0.116162881 0.218188867 -0.968968422 -0.116162881 0.218188867 -0.968968422 -0.117199013 0.221449957 -0.968103459 -0.117199013 0.221449957 -0.968103459 -0.117199013 0.221449957 -0.968103459 -0.207921821 0.22241584 -0.952522814 -0.207921821 0.22241584 -0.952522814 -0.207921821 0.22241584 -0.952522814 -0.207611785 0.221221214 -0.952868575 -0.207611785 0.221221214 -0.952868575 -0.207611785 0.221221214 -0.952868575 -0.253634399 0.221661012 -0.9415604 -0.253634399 0.221661012 -0.9415604 -0.253634399 0.221661012 -0.9415604 -0.253081128 0.219399976 -0.942238607 -0.253081128 0.219399976 -0.942238607 -0.253081128 0.219399976 -0.942238607 -0.258550488 0.219447595 -0.940741409 -0.258550488 0.219447595 -0.940741409 -0.258550488 0.219447595 -0.940741409 -0.259051661 0.221272987 -0.940175783 -0.259051661 0.221272987 -0.940175783 -0.259051661 0.221272987 -0.940175783 -0.197184362 0.220963394 -0.955140568 -0.197184362 0.220963394 -0.955140568 -0.197184362 0.220963394 -0.955140568 -0.196212066 0.218446849 -0.955919348 -0.196212066 0.218446849 -0.955919348 -0.196212066 0.218446849 -0.955919348 0.0162884177 0.217180228 -0.975995613 0.0162884177 0.217180228 -0.975995613 0.0162884177 0.217180228 -0.975995613 -0.00558803314 0.223519961 -0.974683334 -0.00558803314 0.223519961 -0.974683334 -0.00558803314 0.223519961 -0.974683334 0.241297555 0.210401701 -0.947368257 0.241297555 0.210401701 -0.947368257 0.241297555 0.210401701 -0.947368257 0.256536526 0.204414254 -0.944671278 0.256536526 0.204414254 -0.944671278 0.256536526 0.204414254 -0.944671278 0.542729519 0.168165389 -0.822900402 0.542729519 0.168165389 -0.822900402 0.542729519 0.168165389 -0.822900402 0.532723177 0.175007786 -0.827996553 0.532723177 0.175007786 -0.827996553 0.532723177 0.175007786 -0.827996553 0.884495846 0.0849360795 -0.458751523 0.884495846 0.0849360795 -0.458751523 0.884495846 0.0849360795 -0.458751523 -0.405941001 0.317460607 -0.856989304 -0.405941001 0.317460607 -0.856989304 -0.405941001 0.317460607 -0.856989304 -0.0862761191 0.695836379 -0.712999414 -0.0862761191 0.695836379 -0.712999414 -0.0862761191 0.695836379 -0.712999414 -0.0778720013 0.699068189 -0.710802095 -0.0778720013 0.699068189 -0.710802095 -0.0778720013 0.699068189 -0.710802095 0.118999223 0.833942733 -0.538867983 0.118999223 0.833942733 -0.538867983 0.118999223 0.833942733 -0.538867983 0.115744719 0.833176054 -0.540759487 0.115744719 0.833176054 -0.540759487 0.115744719 0.833176054 -0.540759487 0.282859024 0.893753357 -0.348131741 0.282859024 0.893753357 -0.348131741 0.282859024 0.893753357 -0.348131741 0.283893926 0.893751982 -0.347291856 0.283893926 0.893751982 -0.347291856 0.283893926 0.893751982 -0.347291856 0.389330151 0.89945301 -0.198510241 0.389330151 0.89945301 -0.198510241 0.389330151 0.89945301 -0.198510241 0.38565657 0.900881791 -0.199200923 0.38565657 0.900881791 -0.199200923 0.38565657 0.900881791 -0.199200923 0.395203355 0.900495478 -0.181444762 0.395203355 0.900495478 -0.181444762 0.395203355 0.900495478 -0.181444762 0.393271101 0.90131551 -0.181571455 0.393271101 0.90131551 -0.181571455 0.393271101 0.90131551 -0.181571455 0.392928273 0.901331801 -0.182231601 0.392928273 0.901331801 -0.182231601 0.392928273 0.901331801 -0.182231601 0.394842702 0.900483181 -0.182289005 0.394842702 0.900483181 -0.182289005 0.394842702 0.900483181 -0.182289005 0.388280497 0.900798347 -0.194423747 0.388280497 0.900798347 -0.194423747 0.388280497 0.900798347 -0.194423747 0.387760734 0.901034272 -0.19436783 0.387760734 0.901034272 -0.19436783 0.387760734 0.901034272 -0.19436783 0.37420486 0.901606316 -0.216971829 0.37420486 0.901606316 -0.216971829 0.37420486 0.901606316 -0.216971829 0.377121273 0.900257522 -0.217522273 0.377121273 0.900257522 -0.217522273 0.377121273 0.900257522 -0.217522273 0.348039066 0.901370608 -0.257681656 0.348039066 0.901370608 -0.257681656 0.348039066 0.901370608 -0.257681656 0.353634256 0.898723847 -0.259303413 0.353634256 0.898723847 -0.259303413 0.353634256 0.898723847 -0.259303413 0.288340781 0.900537356 -0.325410609 0.288340781 0.900537356 -0.325410609 0.288340781 0.900537356 -0.325410609 0.297973166 0.895754618 -0.329902495 0.297973166 0.895754618 -0.329902495 0.297973166 0.895754618 -0.329902495 0.149116036 0.900042319 -0.409497536 0.149116036 0.900042319 -0.409497536 0.149116036 0.900042319 -0.409497536 0.158691784 0.893929805 -0.419173497 0.158691784 0.893929805 -0.419173497 0.158691784 0.893929805 -0.419173497 0.0333010899 0.898450346 -0.437810477 0.0333010899 0.898450346 -0.437810477 0.0333010899 0.898450346 -0.437810477 0.0320234904 0.899858028 -0.435005777 0.0320234904 0.899858028 -0.435005777 0.0320234904 0.899858028 -0.435005777 -0.0401433584 0.901772009 -0.430343762 -0.0401433584 0.901772009 -0.430343762 -0.0401433584 0.901772009 -0.430343762 -0.0393123276 0.899986879 -0.434140714 -0.0393123276 0.899986879 -0.434140714 -0.0393123276 0.899986879 -0.434140714 -0.081639856 0.900920896 -0.426235232 -0.081639856 0.900920896 -0.426235232 -0.081639856 0.900920896 -0.426235232 -0.0817049232 0.901230342 -0.425568062 -0.0817049232 0.901230342 -0.425568062 -0.0817049232 0.901230342 -0.425568062 -0.101946747 0.901645082 -0.420289195 -0.101946747 0.901645082 -0.420289195 -0.101946747 0.901645082 -0.420289195 -0.101835269 0.900617861 -0.422512776 -0.101835269 0.900617861 -0.422512776 -0.101835269 0.900617861 -0.422512776 -0.105909698 0.900706291 -0.421320914 -0.105909698 0.900706291 -0.421320914 -0.105909698 0.900706291 -0.421320914 -0.105768777 0.899881569 -0.423114792 -0.105768777 0.899881569 -0.423114792 -0.105768777 0.899881569 -0.423114792 -0.0758225441 0.899053856 -0.431222802 -0.0758225441 0.899053856 -0.431222802 -0.0758225441 0.899053856 -0.431222802 -0.0767411869 0.900737593 -0.427530792 -0.0767411869 0.900737593 -0.427530792 -0.0767411869 0.900737593 -0.427530792 0.0567236754 0.895404446 -0.44162575 0.0567236754 0.895404446 -0.44162575 0.0567236754 0.895404446 -0.44162575 0.0669769438 0.893031368 -0.444982094 0.0669769438 0.893031368 -0.444982094 0.0669769438 0.893031368 -0.444982094 0.326413478 0.831895173 -0.448781308 0.326413478 0.831895173 -0.448781308 0.326413478 0.831895173 -0.448781308 0.312041651 0.839346917 -0.445114323 0.312041651 0.839346917 -0.445114323 0.312041651 0.839346917 -0.445114323 0.58936849 0.695556042 -0.410909449 0.58936849 0.695556042 -0.410909449 0.58936849 0.695556042 -0.410909449 0.601108846 0.683413519 -0.414263342 0.601108846 0.683413519 -0.414263342 0.601108846 0.683413519 -0.414263342 0.907404055 0.316967927 -0.275951471 0.907404055 0.316967927 -0.275951471 0.907404055 0.316967927 -0.275951471</float_array><technique_common><accessor source="#part3-normals-array" count="1782" stride="3"><param name="X" type="float" /><param name="Y" type="float" /><param name="Z" type="float" /></accessor></technique_common></source><vertices id="part3-vertices"><input semantic="POSITION" source="#part3-positions" /></vertices><triangles count="594" material="material"><input semantic="VERTEX" source="#part3-vertices" offset="0" /><input semantic="NORMAL" source="#part3-normals" offset="0" /><p>0 1 2 3 4 5 6 7 8 9 10 11 12 13 14 15 16 17 18 19 20 21 22 23 24 25 26 27 28 29 30 31 32 33 34 35 36 37 38 39 40 41 42 43 44 45 46 47 48 49 50 51 52 53 54 55 56 57 58 59 60 61 62 63 64 65 66 67 68 69 70 71 72 73 74 75 76 77 78 79 80 81 82 83 84 85 86 87 88 89 90 91 92 93 94 95 96 97 98 99 100 101 102 103 104 105 106 107 108 109 110 111 112 113 114 115 116 117 118 119 120 121 122 123 124 125 126 127 128 129 130 131 132 133 134 135 136 137 138 139 140 141 142 143 144 145 146 147 148 149 150 151 152 153 154 155 156 157 158 159 160 161 162 163 164 165 166 167 168 169 170 171 172 173 174 175 176 177 178 179 180 181 182 183 184 185 186 187 188 189 190 191 192 193 194 195 196 197 198 199 200 201 202 203 204 205 206 207 208 209 210 211 212 213 214 215 216 217 218 219 220 221 222 223 224 225 226 227 228 229 230 231 232 233 234 235 236 237 238 239 240 241 242 243 244 245 246 247 248 249 250 251 252 253 254 255 256 257 258 259 260 261 262 263 264 265 266 267 268 269 270 271 272 273 274 275 276 277 278 279 280 281 282 283 284 285 286 287 288 289 290 291 292 293 294 295 296 297 298 299 300 301 302 303 304 305 306 307 308 309 310 311 312 313 314 315 316 317 318 319 320 321 322 323 324 325 326 327 328 329 330 331 332 333 334 335 336 337 338 339 340 341 342 343 344 345 346 347 348 349 350 351 352 353 354 355 356 357 358 359 360 361 362 363 364 365 366 367 368 369 370 371 372 373 374 375 376 377 378 379 380 381 382 383 384 385 386 387 388 389 390 391 392 393 394 395 396 397 398 399 400 401 402 403 404 405 406 407 408 409 410 411 412 413 414 415 416 417 418 419 420 421 422 423 424 425 426 427 428 429 430 431 432 433 434 435 436 437 438 439 440 441 442 443 444 445 446 447 448 449 450 451 452 453 454 455 456 457 458 459 460 461 462 463 464 465 466 467 468 469 470 471 472 473 474 475 476 477 478 479 480 481 482 483 484 485 486 487 488 489 490 491 492 493 494 495 496 497 498 499 500 501 502 503 504 505 506 507 508 509 510 511 512 513 514 515 516 517 518 519 520 521 522 523 524 525 526 527 528 529 530 531 532 533 534 535 536 537 538 539 540 541 542 543 544 545 546 547 548 549 550 551 552 553 554 555 556 557 558 559 560 561 562 563 564 565 566 567 568 569 570 571 572 573 574 575 576 577 578 579 580 581 582 583 584 585 586 587 588 589 590 591 592 593 594 595 596 597 598 599 600 601 602 603 604 605 606 607 608 609 610 611 612 613 614 615 616 617 618 619 620 621 622 623 624 625 626 627 628 629 630 631 632 633 634 635 636 637 638 639 640 641 642 643 644 645 646 647 648 649 650 651 652 653 654 655 656 657 658 659 660 661 662 663 664 665 666 667 668 669 670 671 672 673 674 675 676 677 678 679 680 681 682 683 684 685 686 687 688 689 690 691 692 693 694 695 696 697 698 699 700 701 702 703 704 705 706 707 708 709 710 711 712 713 714 715 716 717 718 719 720 721 722 723 724 725 726 727 728 729 730 731 732 733 734 735 736 737 738 739 740 741 742 743 744 745 746 747 748 749 750 751 752 753 754 755 756 757 758 759 760 761 762 763 764 765 766 767 768 769 770 771 772 773 774 775 776 777 778 779 780 781 782 783 784 785 786 787 788 789 790 791 792 793 794 795 796 797 798 799 800 801 802 803 804 805 806 807 808 809 810 811 812 813 814 815 816 817 818 819 820 821 822 823 824 825 826 827 828 829 830 831 832 833 834 835 836 837 838 839 840 841 842 843 844 845 846 847 848 849 850 851 852 853 854 855 856 857 858 859 860 861 862 863 864 865 866 867 868 869 870 871 872 873 874 875 876 877 878 879 880 881 882 883 884 885 886 887 888 889 890 891 892 893 894 895 896 897 898 899 900 901 902 903 904 905 906 907 908 909 910 911 912 913 914 915 916 917 918 919 920 921 922 923 924 925 926 927 928 929 930 931 932 933 934 935 936 937 938 939 940 941 942 943 944 945 946 947 948 949 950 951 952 953 954 955 956 957 958 959 960 961 962 963 964 965 966 967 968 969 970 971 972 973 974 975 976 977 978 979 980 981 982 983 984 985 986 987 988 989 990 991 992 993 994 995 996 997 998 999 1000 1001 1002 1003 1004 1005 1006 1007 1008 1009 1010 1011 1012 1013 1014 1015 1016 1017 1018 1019 1020 1021 1022 1023 1024 1025 1026 1027 1028 1029 1030 1031 1032 1033 1034 1035 1036 1037 1038 1039 1040 1041 1042 1043 1044 1045 1046 1047 1048 1049 1050 1051 1052 1053 1054 1055 1056 1057 1058 1059 1060 1061 1062 1063 1064 1065 1066 1067 1068 1069 1070 1071 1072 1073 1074 1075 1076 1077 1078 1079 1080 1081 1082 1083 1084 1085 1086 1087 1088 1089 1090 1091 1092 1093 1094 1095 1096 1097 1098 1099 1100 1101 1102 1103 1104 1105 1106 1107 1108 1109 1110 1111 1112 1113 1114 1115 1116 1117 1118 1119 1120 1121 1122 1123 1124 1125 1126 1127 1128 1129 1130 1131 1132 1133 1134 1135 1136 1137 1138 1139 1140 1141 1142 1143 1144 1145 1146 1147 1148 1149 1150 1151 1152 1153 1154 1155 1156 1157 1158 1159 1160 1161 1162 1163 1164 1165 1166 1167 1168 1169 1170 1171 1172 1173 1174 1175 1176 1177 1178 1179 1180 1181 1182 1183 1184 1185 1186 1187 1188 1189 1190 1191 1192 1193 1194 1195 1196 1197 1198 1199 1200 1201 1202 1203 1204 1205 1206 1207 1208 1209 1210 1211 1212 1213 1214 1215 1216 1217 1218 1219 1220 1221 1222 1223 1224 1225 1226 1227 1228 1229 1230 1231 1232 1233 1234 1235 1236 1237 1238 1239 1240 1241 1242 1243 1244 1245 1246 1247 1248 1249 1250 1251 1252 1253 1254 1255 1256 1257 1258 1259 1260 1261 1262 1263 1264 1265 1266 1267 1268 1269 1270 1271 1272 1273 1274 1275 1276 1277 1278 1279 1280 1281 1282 1283 1284 1285 1286 1287 1288 1289 1290 1291 1292 1293 1294 1295 1296 1297 1298 1299 1300 1301 1302 1303 1304 1305 1306 1307 1308 1309 1310 1311 1312 1313 1314 1315 1316 1317 1318 1319 1320 1321 1322 1323 1324 1325 1326 1327 1328 1329 1330 1331 1332 1333 1334 1335 1336 1337 1338 1339 1340 1341 1342 1343 1344 1345 1346 1347 1348 1349 1350 1351 1352 1353 1354 1355 1356 1357 1358 1359 1360 1361 1362 1363 1364 1365 1366 1367 1368 1369 1370 1371 1372 1373 1374 1375 1376 1377 1378 1379 1380 1381 1382 1383 1384 1385 1386 1387 1388 1389 1390 1391 1392 1393 1394 1395 1396 1397 1398 1399 1400 1401 1402 1403 1404 1405 1406 1407 1408 1409 1410 1411 1412 1413 1414 1415 1416 1417 1418 1419 1420 1421 1422 1423 1424 1425 1426 1427 1428 1429 1430 1431 1432 1433 1434 1435 1436 1437 1438 1439 1440 1441 1442 1443 1444 1445 1446 1447 1448 1449 1450 1451 1452 1453 1454 1455 1456 1457 1458 1459 1460 1461 1462 1463 1464 1465 1466 1467 1468 1469 1470 1471 1472 1473 1474 1475 1476 1477 1478 1479 1480 1481 1482 1483 1484 1485 1486 1487 1488 1489 1490 1491 1492 1493 1494 1495 1496 1497 1498 1499 1500 1501 1502 1503 1504 1505 1506 1507 1508 1509 1510 1511 1512 1513 1514 1515 1516 1517 1518 1519 1520 1521 1522 1523 1524 1525 1526 1527 1528 1529 1530 1531 1532 1533 1534 1535 1536 1537 1538 1539 1540 1541 1542 1543 1544 1545 1546 1547 1548 1549 1550 1551 1552 1553 1554 1555 1556 1557 1558 1559 1560 1561 1562 1563 1564 1565 1566 1567 1568 1569 1570 1571 1572 1573 1574 1575 1576 1577 1578 1579 1580 1581 1582 1583 1584 1585 1586 1587 1588 1589 1590 1591 1592 1593 1594 1595 1596 1597 1598 1599 1600 1601 1602 1603 1604 1605 1606 1607 1608 1609 1610 1611 1612 1613 1614 1615 1616 1617 1618 1619 1620 1621 1622 1623 1624 1625 1626 1627 1628 1629 1630 1631 1632 1633 1634 1635 1636 1637 1638 1639 1640 1641 1642 1643 1644 1645 1646 1647 1648 1649 1650 1651 1652 1653 1654 1655 1656 1657 1658 1659 1660 1661 1662 1663 1664 1665 1666 1667 1668 1669 1670 1671 1672 1673 1674 1675 1676 1677 1678 1679 1680 1681 1682 1683 1684 1685 1686 1687 1688 1689 1690 1691 1692 1693 1694 1695 1696 1697 1698 1699 1700 1701 1702 1703 1704 1705 1706 1707 1708 1709 1710 1711 1712 1713 1714 1715 1716 1717 1718 1719 1720 1721 1722 1723 1724 1725 1726 1727 1728 1729 1730 1731 1732 1733 1734 1735 1736 1737 1738 1739 1740 1741 1742 1743 1744 1745 1746 1747 1748 1749 1750 1751 1752 1753 1754 1755 1756 1757 1758 1759 1760 1761 1762 1763 1764 1765 1766 1767 1768 1769 1770 1771 1772 1773 1774 1775 1776 1777 1778 1779 1780 1781</p></triangles></mesh></geometry></library_geometries><library_visual_scenes><visual_scene id="scene"><node id="part0-node"><instance_geometry url="#part0"><bind_material><technique_common><instance_material symbol="material" target="#part0-material" /></technique_common></bind_material></instance_geometry></node><node id="part1-node"><instance_geometry url="#part1"><bind_material><technique_common><instance_material symbol="material" target="#part1-material" /></technique_common></bind_material></instance_geometry></node><node id="part2-node"><instance_geometry url="#part2"><bind_material><technique_common><instance_material symbol="material" target="#part2-material" /></technique_common></bind_material></instance_geometry></node><node id="part3-node"><instance_geometry url="#part3"><bind_material><technique_common><instance_material symbol="material" target="#part3-material" /></technique_common></bind_material></instance_geometry></node></visual_scene></library_visual_scenes><scene><instance_visual_scene url="#scene" /></scene></COLLADA>