<?xml version='1.0' encoding='utf-8'?>
<COLLADA xmlns="http://www.collada.org/2005/11/COLLADASchema" version="1.4.1"><asset><created>2026-10-07T00:00:00Z</created><modified>2026-10-07T00:00:00Z</modified><unit name="meter" meter="1" /><up_axis>Z_UP</up_axis></asset><library_effects><effect id="part0-effect"><profile_COMMON><technique sid="common"><phong><diffuse><color>0.49019607843137253 0.1607843137254902 0.12156862745098039 1.0</color></diffuse><specular><color>0.04 0.04 0.04 1</color></specular><shininess><float>1.1249999999999996</float></shininess></phong></technique></profile_COMMON></effect><effect id="part1-effect"><profile_COMMON><technique sid="common"><phong><diffuse><color>0.07058823529411765 0.09019607843137255 0.10196078431372549 1.0</color></diffuse><specular><color>0.04 0.04 0.04 1</color></specular><shininess><float>7.876543209876543</float></shininess></phong></technique></profile_COMMON></effect></library_effects><library_materials><material id="part0-material" name="red"><instance_effect url="#part0-effect" /></material><material id="part1-material" name="dark"><instance_effect url="#part1-effect" /></material></library_materials><library_geometries><geometry id="part0"><mesh><source id="part0-positions"><float_array id="part0-positions-array" count="2268">0.433991045 -0.0280220713 0.0500625075 0.43506084 -0.0038696002 0.0474462789 0.433991045 -0.00121100221 0.0474462789 0.433991045 -0.00121100221 0.0474462789 0.43506084 -0.0038696002 0.0474462789 0.436035306 0.0179314401 0.0398597378 0.433991045 -0.00121100221 0.0474462789 0.436035306 0.0179314401 0.0398597378 0.433991045 0.0229838383 0.0398597378 0.433991045 0.0229838383 0.0398597378 0.436035306 0.0179314401 0.0398597378 0.436797932 0.0352176294 0.0280496253 0.433991045 0.0229838383 0.0398597378 0.436797932 0.0352176294 0.0280496253 0.433991045 0.0421792392 0.0280496253 0.433991045 0.0421792392 0.0280496253 0.436797932 0.0352176294 0.0280496253 0.437295757 0.0463313167 0.01316518 0.433991045 0.0421792392 0.0280496253 0.437295757 0.0463313167 0.01316518 0.433991045 0.0544977691 0.01316518 0.433991045 0.0544977691 0.01316518 0.437295757 0.0463313167 0.01316518 0.43746523 0.0501550358 -0.0033371998 0.433991045 0.0544977691 0.01316518 0.43746523 0.0501550358 -0.0033371998 0.433991045 0.0587451719 -0.0033371998 0.433991045 0.0587451719 -0.0033371998 0.43746523 0.0501550358 -0.0033371998 0.437295757 0.0463313167 -0.0198395796 0.433991045 0.0587451719 -0.0033371998 0.437295757 0.0463313167 -0.0198395796 0.433991045 0.0544977691 -0.0198395796 0.433991045 0.0544977691 -0.0198395796 0.437295757 0.0463313167 -0.0198395796 0.436797932 0.0352176294 -0.0347240249 0.433991045 0.0544977691 -0.0198395796 0.436797932 0.0352176294 -0.0347240249 0.433991045 0.0421792392 -0.0347240249 0.433991045 0.0421792392 -0.0347240249 0.436797932 0.0352176294 -0.0347240249 0.436035306 0.0179314401 -0.0465341374 0.433991045 0.0421792392 -0.0347240249 0.436035306 0.0179314401 -0.0465341374 0.433991045 0.0229838383 -0.0465341374 0.433991045 0.0229838383 -0.0465341374 0.436035306 0.0179314401 -0.0465341374 0.43506084 -0.0038696002 -0.0541206785 0.433991045 0.0229838383 -0.0465341374 0.43506084 -0.0038696002 -0.0541206785 0.433991045 -0.00121100221 -0.0541206785 0.433991045 -0.00121100221 -0.0541206785 0.43506084 -0.0038696002 -0.0541206785 0.433991045 -0.0280220713 -0.0567369071 0.433991045 -0.0280220713 0.0500625075 0.435929386 -0.0113078509 0.0474462789 0.43506084 -0.0038696002 0.0474462789 0.43506084 -0.0038696002 0.0474462789 0.435929386 -0.0113078509 0.0474462789 0.437666478 0.00377784317 0.0398597378 0.43506084 -0.0038696002 0.0474462789 0.437666478 0.00377784317 0.0398597378 0.436035306 0.0179314401 0.0398597378 0.436035306 0.0179314401 0.0398597378 0.437666478 0.00377784317 0.0398597378 0.439054034 0.0157494818 0.0280496253 0.436035306 0.0179314401 0.0398597378 0.439054034 0.0157494818 0.0280496253 0.436797932 0.0352176294 0.0280496253 0.436797932 0.0352176294 0.0280496253 0.439054034 0.0157494818 0.0280496253 0.439943764 0.0234287054 0.01316518 0.436797932 0.0352176294 0.0280496253 0.439943764 0.0234287054 0.01316518 0.437295757 0.0463313167 0.01316518 0.437295757 0.0463313167 0.01316518 0.439943764 0.0234287054 0.01316518 0.440250933 0.0260767091 -0.0033371998 0.437295757 0.0463313167 0.01316518 0.440250933 0.0260767091 -0.0033371998 0.43746523 0.0501550358 -0.0033371998 0.43746523 0.0501550358 -0.0033371998 0.440250933 0.0260767091 -0.0033371998 0.439943764 0.0234287054 -0.0198395796 0.43746523 0.0501550358 -0.0033371998 0.439943764 0.0234287054 -0.0198395796 0.437295757 0.0463313167 -0.0198395796 0.437295757 0.0463313167 -0.0198395796 0.439943764 0.0234287054 -0.0198395796 0.439054034 0.0157494818 -0.0347240249 0.437295757 0.0463313167 -0.0198395796 0.439054034 0.0157494818 -0.0347240249 0.436797932 0.0352176294 -0.0347240249 0.436797932 0.0352176294 -0.0347240249 0.439054034 0.0157494818 -0.0347240249 0.437666478 0.00377784317 -0.0465341374 0.436797932 0.0352176294 -0.0347240249 0.437666478 0.00377784317 -0.0465341374 0.436035306 0.0179314401 -0.0465341374 0.436035306 0.0179314401 -0.0465341374 0.437666478 0.00377784317 -0.0465341374 0.435929386 -0.0113078509 -0.0541206785 0.436035306 0.0179314401 -0.0465341374 0.435929386 -0.0113078509 -0.0541206785 0.43506084 -0.0038696002 -0.0541206785 0.43506084 -0.0038696002 -0.0541206785 0.435929386 -0.0113078509 -0.0541206785 0.433991045 -0.0280220713 -0.0567369071 0.433991045 -0.0280220713 0.0500625075 0.436406027 -0.0220587594 0.0474462789 0.435929386 -0.0113078509 0.0474462789 0.435929386 -0.0113078509 0.0474462789 0.436406027 -0.0220587594 0.0474462789 0.438577393 -0.0166780093 0.0398597378 0.435929386 -0.0113078509 0.0474462789 0.438577393 -0.0166780093 0.0398597378 0.437666478 0.00377784317 0.0398597378 0.437666478 0.00377784317 0.0398597378 0.438577393 -0.0166780093 0.0398597378 0.440303893 -0.0123988301 0.0280496253 0.437666478 0.00377784317 0.0398597378 0.440303893 -0.0123988301 0.0280496253 0.439054034 0.0157494818 0.0280496253 0.439054034 0.0157494818 0.0280496253 0.440303893 -0.0123988301 0.0280496253 0.441416057 -0.00966608762 0.01316518 0.439054034 0.0157494818 0.0280496253 0.441416057 -0.00966608762 0.01316518 0.439943764 0.0234287054 0.01316518 0.439943764 0.0234287054 0.01316518 0.441416057 -0.00966608762 0.01316518 0.44179737 -0.00871280448 -0.0033371998 0.439943764 0.0234287054 0.01316518 0.44179737 -0.00871280448 -0.0033371998 0.440250933 0.0260767091 -0.0033371998 0.440250933 0.0260767091 -0.0033371998 0.44179737 -0.00871280448 -0.0033371998 0.441416057 -0.00966608762 -0.0198395796 0.440250933 0.0260767091 -0.0033371998 0.441416057 -0.00966608762 -0.0198395796 0.439943764 0.0234287054 -0.0198395796 0.439943764 0.0234287054 -0.0198395796 0.441416057 -0.00966608762 -0.0198395796 0.440303893 -0.0123988301 -0.0347240249 0.439943764 0.0234287054 -0.0198395796 0.440303893 -0.0123988301 -0.0347240249 0.439054034 0.0157494818 -0.0347240249 0.439054034 0.0157494818 -0.0347240249 0.440303893 -0.0123988301 -0.0347240249 0.438577393 -0.0166780093 -0.0465341374 0.439054034 0.0157494818 -0.0347240249 0.438577393 -0.0166780093 -0.0465341374 0.437666478 0.00377784317 -0.0465341374 0.437666478 0.00377784317 -0.0465341374 0.438577393 -0.0166780093 -0.0465341374 0.436406027 -0.0220587594 -0.0541206785 0.437666478 0.00377784317 -0.0465341374 0.436406027 -0.0220587594 -0.0541206785 0.435929386 -0.0113078509 -0.0541206785 0.435929386 -0.0113078509 -0.0541206785 0.436406027 -0.0220587594 -0.0541206785 0.433991045 -0.0280220713 -0.0567369071 0.433991045 -0.0280220713 0.0500625075 0.436406027 -0.0339853833 0.0474462789 0.436406027 -0.0220587594 0.0474462789 0.436406027 -0.0220587594 0.0474462789 0.436406027 -0.0339853833 0.0474462789 0.438577393 -0.0393661334 0.0398597378 0.436406027 -0.0220587594 0.0474462789 0.438577393 -0.0393661334 0.0398597378 0.438577393 -0.0166780093 0.0398597378 0.438577393 -0.0166780093 0.0398597378 0.438577393 -0.0393661334 0.0398597378 0.440303893 -0.0436453126 0.0280496253 0.438577393 -0.0166780093 0.0398597378 0.440303893 -0.0436453126 0.0280496253 0.440303893 -0.0123988301 0.0280496253 0.440303893 -0.0123988301 0.0280496253 0.440303893 -0.0436453126 0.0280496253 0.441416057 -0.0463780551 0.01316518 0.440303893 -0.0123988301 0.0280496253 0.441416057 -0.0463780551 0.01316518 0.441416057 -0.00966608762 0.01316518 0.441416057 -0.00966608762 0.01316518 0.441416057 -0.0463780551 0.01316518 0.44179737 -0.0473313382 -0.0033371998 0.441416057 -0.00966608762 0.01316518 0.44179737 -0.0473313382 -0.0033371998 0.44179737 -0.00871280448 -0.0033371998 0.44179737 -0.00871280448 -0.0033371998 0.44179737 -0.0473313382 -0.0033371998 0.441416057 -0.0463780551 -0.0198395796 0.44179737 -0.00871280448 -0.0033371998 0.441416057 -0.0463780551 -0.0198395796 0.441416057 -0.00966608762 -0.0198395796 0.441416057 -0.00966608762 -0.0198395796 0.441416057 -0.0463780551 -0.0198395796 0.440303893 -0.0436453126 -0.0347240249 0.441416057 -0.00966608762 -0.0198395796 0.440303893 -0.0436453126 -0.0347240249 0.440303893 -0.0123988301 -0.0347240249 0.440303893 -0.0123988301 -0.0347240249 0.440303893 -0.0436453126 -0.0347240249 0.438577393 -0.0393661334 -0.0465341374 0.440303893 -0.0123988301 -0.0347240249 0.438577393 -0.0393661334 -0.0465341374 0.438577393 -0.0166780093 -0.0465341374 0.438577393 -0.0166780093 -0.0465341374 0.438577393 -0.0393661334 -0.0465341374 0.436406027 -0.0339853833 -0.0541206785 0.438577393 -0.0166780093 -0.0465341374 0.436406027 -0.0339853833 -0.0541206785 0.436406027 -0.0220587594 -0.0541206785 0.436406027 -0.0220587594 -0.0541206785 0.436406027 -0.0339853833 -0.0541206785 0.433991045 -0.0280220713 -0.0567369071 0.433991045 -0.0280220713 0.0500625075 0.435929386 -0.0447362917 0.0474462789 0.436406027 -0.0339853833 0.0474462789 0.436406027 -0.0339853833 0.0474462789 0.435929386 -0.0447362917 0.0474462789 0.437666478 -0.0598219859 0.0398597378 0.436406027 -0.0339853833 0.0474462789 0.437666478 -0.0598219859 0.0398597378 0.438577393 -0.0393661334 0.0398597378 0.438577393 -0.0393661334 0.0398597378 0.437666478 -0.0598219859 0.0398597378 0.439054034 -0.0717936245 0.0280496253 0.438577393 -0.0393661334 0.0398597378 0.439054034 -0.0717936245 0.0280496253 0.440303893 -0.0436453126 0.0280496253 0.440303893 -0.0436453126 0.0280496253 0.439054034 -0.0717936245 0.0280496253 0.439943764 -0.0794728481 0.01316518 0.440303893 -0.0436453126 0.0280496253 0.439943764 -0.0794728481 0.01316518 0.441416057 -0.0463780551 0.01316518 0.441416057 -0.0463780551 0.01316518 0.439943764 -0.0794728481 0.01316518 0.440250933 -0.0821208518 -0.0033371998 0.441416057 -0.0463780551 0.01316518 0.440250933 -0.0821208518 -0.0033371998 0.44179737 -0.0473313382 -0.0033371998 0.44179737 -0.0473313382 -0.0033371998 0.440250933 -0.0821208518 -0.0033371998 0.439943764 -0.0794728481 -0.0198395796 0.44179737 -0.0473313382 -0.0033371998 0.439943764 -0.0794728481 -0.0198395796 0.441416057 -0.0463780551 -0.0198395796 0.441416057 -0.0463780551 -0.0198395796 0.439943764 -0.0794728481 -0.0198395796 0.439054034 -0.0717936245 -0.0347240249 0.441416057 -0.0463780551 -0.0198395796 0.439054034 -0.0717936245 -0.0347240249 0.440303893 -0.0436453126 -0.0347240249 0.440303893 -0.0436453126 -0.0347240249 0.439054034 -0.0717936245 -0.0347240249 0.437666478 -0.0598219859 -0.0465341374 0.440303893 -0.0436453126 -0.0347240249 0.437666478 -0.0598219859 -0.0465341374 0.438577393 -0.0393661334 -0.0465341374 0.438577393 -0.0393661334 -0.0465341374 0.437666478 -0.0598219859 -0.0465341374 0.435929386 -0.0447362917 -0.0541206785 0.438577393 -0.0393661334 -0.0465341374 0.435929386 -0.0447362917 -0.0541206785 0.436406027 -0.0339853833 -0.0541206785 0.436406027 -0.0339853833 -0.0541206785 0.435929386 -0.0447362917 -0.0541206785 0.433991045 -0.0280220713 -0.0567369071 0.433991045 -0.0280220713 0.0500625075 0.43506084 -0.0521745425 0.0474462789 0.435929386 -0.0447362917 0.0474462789 0.435929386 -0.0447362917 0.0474462789 0.43506084 -0.0521745425 0.0474462789 0.436035306 -0.0739755828 0.0398597378 0.435929386 -0.0447362917 0.0474462789 0.436035306 -0.0739755828 0.0398597378 0.437666478 -0.0598219859 0.0398597378 0.437666478 -0.0598219859 0.0398597378 0.436035306 -0.0739755828 0.0398597378 0.436797932 -0.0912617721 0.0280496253 0.437666478 -0.0598219859 0.0398597378 0.436797932 -0.0912617721 0.0280496253 0.439054034 -0.0717936245 0.0280496253 0.439054034 -0.0717936245 0.0280496253 0.436797932 -0.0912617721 0.0280496253 0.437295757 -0.102375459 0.01316518 0.439054034 -0.0717936245 0.0280496253 0.437295757 -0.102375459 0.01316518 0.439943764 -0.0794728481 0.01316518 0.439943764 -0.0794728481 0.01316518 0.437295757 -0.102375459 0.01316518 0.43746523 -0.106199178 -0.0033371998 0.439943764 -0.0794728481 0.01316518 0.43746523 -0.106199178 -0.0033371998 0.440250933 -0.0821208518 -0.0033371998 0.440250933 -0.0821208518 -0.0033371998 0.43746523 -0.106199178 -0.0033371998 0.437295757 -0.102375459 -0.0198395796 0.440250933 -0.0821208518 -0.0033371998 0.437295757 -0.102375459 -0.0198395796 0.439943764 -0.0794728481 -0.0198395796 0.439943764 -0.0794728481 -0.0198395796 0.437295757 -0.102375459 -0.0198395796 0.436797932 -0.0912617721 -0.0347240249 0.439943764 -0.0794728481 -0.0198395796 0.436797932 -0.0912617721 -0.0347240249 0.439054034 -0.0717936245 -0.0347240249 0.439054034 -0.0717936245 -0.0347240249 0.436797932 -0.0912617721 -0.0347240249 0.436035306 -0.0739755828 -0.0465341374 0.439054034 -0.0717936245 -0.0347240249 0.436035306 -0.0739755828 -0.0465341374 0.437666478 -0.0598219859 -0.0465341374 0.437666478 -0.0598219859 -0.0465341374 0.436035306 -0.0739755828 -0.0465341374 0.43506084 -0.0521745425 -0.0541206785 0.437666478 -0.0598219859 -0.0465341374 0.43506084 -0.0521745425 -0.0541206785 0.435929386 -0.0447362917 -0.0541206785 0.435929386 -0.0447362917 -0.0541206785 0.43506084 -0.0521745425 -0.0541206785 0.433991045 -0.0280220713 -0.0567369071 0.433991045 -0.0280220713 0.0500625075 0.433991045 -0.0548331405 0.0474462789 0.43506084 -0.0521745425 0.0474462789 0.43506084 -0.0521745425 0.0474462789 0.433991045 -0.0548331405 0.0474462789 0.433991045 -0.079027981 0.0398597378 0.43506084 -0.0521745425 0.0474462789 0.433991045 -0.079027981 0.0398597378 0.436035306 -0.0739755828 0.0398597378 0.436035306 -0.0739755828 0.0398597378 0.433991045 -0.079027981 0.0398597378 0.433991045 -0.0982233819 0.0280496253 0.436035306 -0.0739755828 0.0398597378 0.433991045 -0.0982233819 0.0280496253 0.436797932 -0.0912617721 0.0280496253 0.436797932 -0.0912617721 0.0280496253 0.433991045 -0.0982233819 0.0280496253 0.433991045 -0.110541912 0.01316518 0.436797932 -0.0912617721 0.0280496253 0.433991045 -0.110541912 0.01316518 0.437295757 -0.102375459 0.01316518 0.437295757 -0.102375459 0.01316518 0.433991045 -0.110541912 0.01316518 0.433991045 -0.114789315 -0.0033371998 0.437295757 -0.102375459 0.01316518 0.433991045 -0.114789315 -0.0033371998 0.43746523 -0.106199178 -0.0033371998 0.43746523 -0.106199178 -0.0033371998 0.433991045 -0.114789315 -0.0033371998 0.433991045 -0.110541912 -0.0198395796 0.43746523 -0.106199178 -0.0033371998 0.433991045 -0.110541912 -0.0198395796 0.437295757 -0.102375459 -0.0198395796 0.437295757 -0.102375459 -0.0198395796 0.433991045 -0.110541912 -0.0198395796 0.433991045 -0.0982233819 -0.0347240249 0.437295757 -0.102375459 -0.0198395796 0.433991045 -0.0982233819 -0.0347240249 0.436797932 -0.0912617721 -0.0347240249 0.436797932 -0.0912617721 -0.0347240249 0.433991045 -0.0982233819 -0.0347240249 0.433991045 -0.079027981 -0.0465341374 0.436797932 -0.0912617721 -0.0347240249 0.433991045 -0.079027981 -0.0465341374 0.436035306 -0.0739755828 -0.0465341374 0.436035306 -0.0739755828 -0.0465341374 0.433991045 -0.079027981 -0.0465341374 0.433991045 -0.0548331405 -0.0541206785 0.436035306 -0.0739755828 -0.0465341374 0.433991045 -0.0548331405 -0.0541206785 0.43506084 -0.0521745425 -0.0541206785 0.43506084 -0.0521745425 -0.0541206785 0.433991045 -0.0548331405 -0.0541206785 0.433991045 -0.0280220713 -0.0567369071 0.433991045 -0.0280220713 0.0500625075 0.43292125 -0.0521745425 0.0474462789 0.433991045 -0.0548331405 0.0474462789 0.433991045 -0.0548331405 0.0474462789 0.43292125 -0.0521745425 0.0474462789 0.431946783 -0.0739755828 0.0398597378 0.433991045 -0.0548331405 0.0474462789 0.431946783 -0.0739755828 0.0398597378 0.433991045 -0.079027981 0.0398597378 0.433991045 -0.079027981 0.0398597378 0.431946783 -0.0739755828 0.0398597378 0.431184157 -0.0912617721 0.0280496253 0.433991045 -0.079027981 0.0398597378 0.431184157 -0.0912617721 0.0280496253 0.433991045 -0.0982233819 0.0280496253 0.433991045 -0.0982233819 0.0280496253 0.431184157 -0.0912617721 0.0280496253 0.430686332 -0.102375459 0.01316518 0.433991045 -0.0982233819 0.0280496253 0.430686332 -0.102375459 0.01316518 0.433991045 -0.110541912 0.01316518 0.433991045 -0.110541912 0.01316518 0.430686332 -0.102375459 0.01316518 0.43051686 -0.106199178 -0.0033371998 0.433991045 -0.110541912 0.01316518 0.43051686 -0.106199178 -0.0033371998 0.433991045 -0.114789315 -0.0033371998 0.433991045 -0.114789315 -0.0033371998 0.43051686 -0.106199178 -0.0033371998 0.430686332 -0.102375459 -0.0198395796 0.433991045 -0.114789315 -0.0033371998 0.430686332 -0.102375459 -0.0198395796 0.433991045 -0.110541912 -0.0198395796 0.433991045 -0.110541912 -0.0198395796 0.430686332 -0.102375459 -0.0198395796 0.431184157 -0.0912617721 -0.0347240249 0.433991045 -0.110541912 -0.0198395796 0.431184157 -0.0912617721 -0.0347240249 0.433991045 -0.0982233819 -0.0347240249 0.433991045 -0.0982233819 -0.0347240249 0.431184157 -0.0912617721 -0.0347240249 0.431946783 -0.0739755828 -0.0465341374 0.433991045 -0.0982233819 -0.0347240249 0.431946783 -0.0739755828 -0.0465341374 0.433991045 -0.079027981 -0.0465341374 0.433991045 -0.079027981 -0.0465341374 0.431946783 -0.0739755828 -0.0465341374 0.43292125 -0.0521745425 -0.0541206785 0.433991045 -0.079027981 -0.0465341374 0.43292125 -0.0521745425 -0.0541206785 0.433991045 -0.0548331405 -0.0541206785 0.433991045 -0.0548331405 -0.0541206785 0.43292125 -0.0521745425 -0.0541206785 0.433991045 -0.0280220713 -0.0567369071 0.433991045 -0.0280220713 0.0500625075 0.432052704 -0.0447362917 0.0474462789 0.43292125 -0.0521745425 0.0474462789 0.43292125 -0.0521745425 0.0474462789 0.432052704 -0.0447362917 0.0474462789 0.430315611 -0.0598219859 0.0398597378 0.43292125 -0.0521745425 0.0474462789 0.430315611 -0.0598219859 0.0398597378 0.431946783 -0.0739755828 0.0398597378 0.431946783 -0.0739755828 0.0398597378 0.430315611 -0.0598219859 0.0398597378 0.428928056 -0.0717936245 0.0280496253 0.431946783 -0.0739755828 0.0398597378 0.428928056 -0.0717936245 0.0280496253 0.431184157 -0.0912617721 0.0280496253 0.431184157 -0.0912617721 0.0280496253 0.428928056 -0.0717936245 0.0280496253 0.428038325 -0.0794728481 0.01316518 0.431184157 -0.0912617721 0.0280496253 0.428038325 -0.0794728481 0.01316518 0.430686332 -0.102375459 0.01316518 0.430686332 -0.102375459 0.01316518 0.428038325 -0.0794728481 0.01316518 0.427731156 -0.0821208518 -0.0033371998 0.430686332 -0.102375459 0.01316518 0.427731156 -0.0821208518 -0.0033371998 0.43051686 -0.106199178 -0.0033371998 0.43051686 -0.106199178 -0.0033371998 0.427731156 -0.0821208518 -0.0033371998 0.428038325 -0.0794728481 -0.0198395796 0.43051686 -0.106199178 -0.0033371998 0.428038325 -0.0794728481 -0.0198395796 0.430686332 -0.102375459 -0.0198395796 0.430686332 -0.102375459 -0.0198395796 0.428038325 -0.0794728481 -0.0198395796 0.428928056 -0.0717936245 -0.0347240249 0.430686332 -0.102375459 -0.0198395796 0.428928056 -0.0717936245 -0.0347240249 0.431184157 -0.0912617721 -0.0347240249 0.431184157 -0.0912617721 -0.0347240249 0.428928056 -0.0717936245 -0.0347240249 0.430315611 -0.0598219859 -0.0465341374 0.431184157 -0.0912617721 -0.0347240249 0.430315611 -0.0598219859 -0.0465341374 0.431946783 -0.0739755828 -0.0465341374 0.431946783 -0.0739755828 -0.0465341374 0.430315611 -0.0598219859 -0.0465341374 0.432052704 -0.0447362917 -0.0541206785 0.431946783 -0.0739755828 -0.0465341374 0.432052704 -0.0447362917 -0.0541206785 0.43292125 -0.0521745425 -0.0541206785 0.43292125 -0.0521745425 -0.0541206785 0.432052704 -0.0447362917 -0.0541206785 0.433991045 -0.0280220713 -0.0567369071 0.433991045 -0.0280220713 0.0500625075 0.431576062 -0.0339853833 0.0474462789 0.432052704 -0.0447362917 0.0474462789 0.432052704 -0.0447362917 0.0474462789 0.431576062 -0.0339853833 0.0474462789 0.429404697 -0.0393661334 0.0398597378 0.432052704 -0.0447362917 0.0474462789 0.429404697 -0.0393661334 0.0398597378 0.430315611 -0.0598219859 0.0398597378 0.430315611 -0.0598219859 0.0398597378 0.429404697 -0.0393661334 0.0398597378 0.427678196 -0.0436453126 0.0280496253 0.430315611 -0.0598219859 0.0398597378 0.427678196 -0.0436453126 0.0280496253 0.428928056 -0.0717936245 0.0280496253 0.428928056 -0.0717936245 0.0280496253 0.427678196 -0.0436453126 0.0280496253 0.426566033 -0.0463780551 0.01316518 0.428928056 -0.0717936245 0.0280496253 0.426566033 -0.0463780551 0.01316518 0.428038325 -0.0794728481 0.01316518 0.428038325 -0.0794728481 0.01316518 0.426566033 -0.0463780551 0.01316518 0.42618472 -0.0473313382 -0.0033371998 0.428038325 -0.0794728481 0.01316518 0.42618472 -0.0473313382 -0.0033371998 0.427731156 -0.0821208518 -0.0033371998 0.427731156 -0.0821208518 -0.0033371998 0.42618472 -0.0473313382 -0.0033371998 0.426566033 -0.0463780551 -0.0198395796 0.427731156 -0.0821208518 -0.0033371998 0.426566033 -0.0463780551 -0.0198395796 0.428038325 -0.0794728481 -0.0198395796 0.428038325 -0.0794728481 -0.0198395796 0.426566033 -0.0463780551 -0.0198395796 0.427678196 -0.0436453126 -0.0347240249 0.428038325 -0.0794728481 -0.0198395796 0.427678196 -0.0436453126 -0.0347240249 0.428928056 -0.0717936245 -0.0347240249 0.428928056 -0.0717936245 -0.0347240249 0.427678196 -0.0436453126 -0.0347240249 0.429404697 -0.0393661334 -0.0465341374 0.428928056 -0.0717936245 -0.0347240249 0.429404697 -0.0393661334 -0.0465341374 0.430315611 -0.0598219859 -0.0465341374 0.430315611 -0.0598219859 -0.0465341374 0.429404697 -0.0393661334 -0.0465341374 0.431576062 -0.0339853833 -0.0541206785 0.430315611 -0.0598219859 -0.0465341374 0.431576062 -0.0339853833 -0.0541206785 0.432052704 -0.0447362917 -0.0541206785 0.432052704 -0.0447362917 -0.0541206785 0.431576062 -0.0339853833 -0.0541206785 0.433991045 -0.0280220713 -0.0567369071 0.433991045 -0.0280220713 0.0500625075 0.431576062 -0.0220587594 0.0474462789 0.431576062 -0.0339853833 0.0474462789 0.431576062 -0.0339853833 0.0474462789 0.431576062 -0.0220587594 0.0474462789 0.429404697 -0.0166780093 0.0398597378 0.431576062 -0.0339853833 0.0474462789 0.429404697 -0.0166780093 0.0398597378 0.429404697 -0.0393661334 0.0398597378 0.429404697 -0.0393661334 0.0398597378 0.429404697 -0.0166780093 0.0398597378 0.427678196 -0.0123988301 0.0280496253 0.429404697 -0.0393661334 0.0398597378 0.427678196 -0.0123988301 0.0280496253 0.427678196 -0.0436453126 0.0280496253 0.427678196 -0.0436453126 0.0280496253 0.427678196 -0.0123988301 0.0280496253 0.426566033 -0.00966608762 0.01316518 0.427678196 -0.0436453126 0.0280496253 0.426566033 -0.00966608762 0.01316518 0.426566033 -0.0463780551 0.01316518 0.426566033 -0.0463780551 0.01316518 0.426566033 -0.00966608762 0.01316518 0.42618472 -0.00871280448 -0.0033371998 0.426566033 -0.0463780551 0.01316518 0.42618472 -0.00871280448 -0.0033371998 0.42618472 -0.0473313382 -0.0033371998 0.42618472 -0.0473313382 -0.0033371998 0.42618472 -0.00871280448 -0.0033371998 0.426566033 -0.00966608762 -0.0198395796 0.42618472 -0.0473313382 -0.0033371998 0.426566033 -0.00966608762 -0.0198395796 0.426566033 -0.0463780551 -0.0198395796 0.426566033 -0.0463780551 -0.0198395796 0.426566033 -0.00966608762 -0.0198395796 0.427678196 -0.0123988301 -0.0347240249 0.426566033 -0.0463780551 -0.0198395796 0.427678196 -0.0123988301 -0.0347240249 0.427678196 -0.0436453126 -0.0347240249 0.427678196 -0.0436453126 -0.0347240249 0.427678196 -0.0123988301 -0.0347240249 0.429404697 -0.0166780093 -0.0465341374 0.427678196 -0.0436453126 -0.0347240249 0.429404697 -0.0166780093 -0.0465341374 0.429404697 -0.0393661334 -0.0465341374 0.429404697 -0.0393661334 -0.0465341374 0.429404697 -0.0166780093 -0.0465341374 0.431576062 -0.0220587594 -0.0541206785 0.429404697 -0.0393661334 -0.0465341374 0.431576062 -0.0220587594 -0.0541206785 0.431576062 -0.0339853833 -0.0541206785 0.431576062 -0.0339853833 -0.0541206785 0.431576062 -0.0220587594 -0.0541206785 0.433991045 -0.0280220713 -0.0567369071 0.433991045 -0.0280220713 0.0500625075 0.432052704 -0.0113078509 0.0474462789 0.431576062 -0.0220587594 0.0474462789 0.431576062 -0.0220587594 0.0474462789 0.432052704 -0.0113078509 0.0474462789 0.430315611 0.00377784317 0.0398597378 0.431576062 -0.0220587594 0.0474462789 0.430315611 0.00377784317 0.0398597378 0.429404697 -0.0166780093 0.0398597378 0.429404697 -0.0166780093 0.0398597378 0.430315611 0.00377784317 0.0398597378 0.428928056 0.0157494818 0.0280496253 0.429404697 -0.0166780093 0.0398597378 0.428928056 0.0157494818 0.0280496253 0.427678196 -0.0123988301 0.0280496253 0.427678196 -0.0123988301 0.0280496253 0.428928056 0.0157494818 0.0280496253 0.428038325 0.0234287054 0.01316518 0.427678196 -0.0123988301 0.0280496253 0.428038325 0.0234287054 0.01316518 0.426566033 -0.00966608762 0.01316518 0.426566033 -0.00966608762 0.01316518 0.428038325 0.0234287054 0.01316518 0.427731156 0.0260767091 -0.0033371998 0.426566033 -0.00966608762 0.01316518 0.427731156 0.0260767091 -0.0033371998 0.42618472 -0.00871280448 -0.0033371998 0.42618472 -0.00871280448 -0.0033371998 0.427731156 0.0260767091 -0.0033371998 0.428038325 0.0234287054 -0.0198395796 0.42618472 -0.00871280448 -0.0033371998 0.428038325 0.0234287054 -0.0198395796 0.426566033 -0.00966608762 -0.0198395796 0.426566033 -0.00966608762 -0.0198395796 0.428038325 0.0234287054 -0.0198395796 0.428928056 0.0157494818 -0.0347240249 0.426566033 -0.00966608762 -0.0198395796 0.428928056 0.0157494818 -0.0347240249 0.427678196 -0.0123988301 -0.0347240249 0.427678196 -0.0123988301 -0.0347240249 0.428928056 0.0157494818 -0.0347240249 0.430315611 0.00377784317 -0.0465341374 0.427678196 -0.0123988301 -0.0347240249 0.430315611 0.00377784317 -0.0465341374 0.429404697 -0.0166780093 -0.0465341374 0.429404697 -0.0166780093 -0.0465341374 0.430315611 0.00377784317 -0.0465341374 0.432052704 -0.0113078509 -0.0541206785 0.429404697 -0.0166780093 -0.0465341374 0.432052704 -0.0113078509 -0.0541206785 0.431576062 -0.0220587594 -0.0541206785 0.431576062 -0.0220587594 -0.0541206785 0.432052704 -0.0113078509 -0.0541206785 0.433991045 -0.0280220713 -0.0567369071 0.433991045 -0.0280220713 0.0500625075 0.43292125 -0.0038696002 0.0474462789 0.432052704 -0.0113078509 0.0474462789 0.432052704 -0.0113078509 0.0474462789 0.43292125 -0.0038696002 0.0474462789 0.431946783 0.0179314401 0.0398597378 0.432052704 -0.0113078509 0.0474462789 0.431946783 0.0179314401 0.0398597378 0.430315611 0.00377784317 0.0398597378 0.430315611 0.00377784317 0.0398597378 0.431946783 0.0179314401 0.0398597378 0.431184157 0.0352176294 0.0280496253 0.430315611 0.00377784317 0.0398597378 0.431184157 0.0352176294 0.0280496253 0.428928056 0.0157494818 0.0280496253 0.428928056 0.0157494818 0.0280496253 0.431184157 0.0352176294 0.0280496253 0.430686332 0.0463313167 0.01316518 0.428928056 0.0157494818 0.0280496253 0.430686332 0.0463313167 0.01316518 0.428038325 0.0234287054 0.01316518 0.428038325 0.0234287054 0.01316518 0.430686332 0.0463313167 0.01316518 0.43051686 0.0501550358 -0.0033371998 0.428038325 0.0234287054 0.01316518 0.43051686 0.0501550358 -0.0033371998 0.427731156 0.0260767091 -0.0033371998 0.427731156 0.0260767091 -0.0033371998 0.43051686 0.0501550358 -0.0033371998 0.430686332 0.0463313167 -0.0198395796 0.427731156 0.0260767091 -0.0033371998 0.430686332 0.0463313167 -0.0198395796 0.428038325 0.0234287054 -0.0198395796 0.428038325 0.0234287054 -0.0198395796 0.430686332 0.0463313167 -0.0198395796 0.431184157 0.0352176294 -0.0347240249 0.428038325 0.0234287054 -0.0198395796 0.431184157 0.0352176294 -0.0347240249 0.428928056 0.0157494818 -0.0347240249 0.428928056 0.0157494818 -0.0347240249 0.431184157 0.0352176294 -0.0347240249 0.431946783 0.0179314401 -0.0465341374 0.428928056 0.0157494818 -0.0347240249 0.431946783 0.0179314401 -0.0465341374 0.430315611 0.00377784317 -0.0465341374 0.430315611 0.00377784317 -0.0465341374 0.431946783 0.0179314401 -0.0465341374 0.43292125 -0.0038696002 -0.0541206785 0.430315611 0.00377784317 -0.0465341374 0.43292125 -0.0038696002 -0.0541206785 0.432052704 -0.0113078509 -0.0541206785 0.432052704 -0.0113078509 -0.0541206785 0.43292125 -0.0038696002 -0.0541206785 0.433991045 -0.0280220713 -0.0567369071 0.433991045 -0.0280220713 0.0500625075 0.433991045 -0.00121100221 0.0474462789 0.43292125 -0.0038696002 0.0474462789 0.43292125 -0.0038696002 0.0474462789 0.433991045 -0.00121100221 0.0474462789 0.433991045 0.0229838383 0.0398597378 0.43292125 -0.0038696002 0.0474462789 0.433991045 0.0229838383 0.0398597378 0.431946783 0.0179314401 0.0398597378 0.431946783 0.0179314401 0.0398597378 0.433991045 0.0229838383 0.0398597378 0.433991045 0.0421792392 0.0280496253 0.431946783 0.0179314401 0.0398597378 0.433991045 0.0421792392 0.0280496253 0.431184157 0.0352176294 0.0280496253 0.431184157 0.0352176294 0.0280496253 0.433991045 0.0421792392 0.0280496253 0.433991045 0.0544977691 0.01316518 0.431184157 0.0352176294 0.0280496253 0.433991045 0.0544977691 0.01316518 0.430686332 0.0463313167 0.01316518 0.430686332 0.0463313167 0.01316518 0.433991045 0.0544977691 0.01316518 0.433991045 0.0587451719 -0.0033371998 0.430686332 0.0463313167 0.01316518 0.433991045 0.0587451719 -0.0033371998 0.43051686 0.0501550358 -0.0033371998 0.43051686 0.0501550358 -0.0033371998 0.433991045 0.0587451719 -0.0033371998 0.433991045 0.0544977691 -0.0198395796 0.43051686 0.0501550358 -0.0033371998 0.433991045 0.0544977691 -0.0198395796 0.430686332 0.0463313167 -0.0198395796 0.430686332 0.0463313167 -0.0198395796 0.433991045 0.0544977691 -0.0198395796 0.433991045 0.0421792392 -0.0347240249 0.430686332 0.0463313167 -0.0198395796 0.433991045 0.0421792392 -0.0347240249 0.431184157 0.0352176294 -0.0347240249 0.431184157 0.0352176294 -0.0347240249 0.433991045 0.0421792392 -0.0347240249 0.433991045 0.0229838383 -0.0465341374 0.431184157 0.0352176294 -0.0347240249 0.433991045 0.0229838383 -0.0465341374 0.431946783 0.0179314401 -0.0465341374 0.431946783 0.0179314401 -0.0465341374 0.433991045 0.0229838383 -0.0465341374 0.433991045 -0.00121100221 -0.0541206785 0.431946783 0.0179314401 -0.0465341374 0.433991045 -0.00121100221 -0.0541206785 0.43292125 -0.0038696002 -0.0541206785 0.43292125 -0.0038696002 -0.0541206785 0.433991045 -0.00121100221 -0.0541206785 0.433991045 -0.0280220713 -0.0567369071</float_array><technique_common><accessor source="#part0-positions-array" count="756" stride="3"><param name="X" type="float" /><param name="Y" type="float" /><param name="Z" type="float" /></accessor></technique_common></source><source id="part0-normals"><float_array id="part0-normals-array" count="2268">0.234617984 0.094408068 0.967492387 0.234617984 0.094408068 0.967492387 0.234617984 0.094408068 0.967492387 0.596277847 0.239936592 0.766082999 0.596277847 0.239936592 0.766082999 0.596277847 0.239936592 0.766082999 0.594565122 0.240568232 0.767215251 0.594565122 0.240568232 0.767215251 0.594565122 0.240568232 0.767215251 0.791784978 0.320365768 0.520040693 0.791784978 0.320365768 0.520040693 0.791784978 0.320365768 0.520040693 0.792548157 0.319551577 0.519378676 0.792548157 0.319551577 0.519378676 0.792548157 0.319551577 0.519378676 0.885804249 0.357151981 0.296299333 0.885804249 0.357151981 0.296299333 0.885804249 0.357151981 0.296299333 0.885295154 0.358251778 0.296493094 0.885295154 0.358251778 0.296493094 0.885295154 0.358251778 0.296493094 0.922695976 0.373386743 0.0959920676 0.922695976 0.373386743 0.0959920676 0.922695976 0.373386743 0.0959920676 0.922764254 0.373201749 0.0960551245 0.922764254 0.373201749 0.0960551245 0.922764254 0.373201749 0.0960551245 0.922773575 0.373205519 -0.0959508736 0.922773575 0.373205519 -0.0959508736 0.922773575 0.373205519 -0.0959508736 0.922686168 0.373382774 -0.0961017169 0.922686168 0.373382774 -0.0961017169 0.922686168 0.373382774 -0.0961017169 0.885134815 0.358186894 -0.297049675 0.885134815 0.358186894 -0.297049675 0.885134815 0.358186894 -0.297049675 0.885992121 0.35722773 -0.295645581 0.885992121 0.35722773 -0.295645581 0.885992121 0.35722773 -0.295645581 0.792745894 0.319631303 -0.519027724 0.792745894 0.319631303 -0.519027724 0.792745894 0.319631303 -0.519027724 0.791512641 0.320255577 -0.520522914 0.791512641 0.320255577 -0.520522914 0.791512641 0.320255577 -0.520522914 0.594354031 0.240482822 -0.767405563 0.594354031 0.240482822 -0.767405563 0.594354031 0.240482822 -0.767405563 0.596680994 0.240098814 -0.765718193 0.596680994 0.240098814 -0.765718193 0.596680994 0.240098814 -0.765718193 0.234617984 0.094408068 -0.967492387 0.234617984 0.094408068 -0.967492387 0.234617984 0.094408068 -0.967492387 0.556893657 0.0650271048 0.828034378 0.556893657 0.0650271048 0.828034378 0.556893657 0.0650271048 0.828034378 0.90302757 0.105444312 0.416440518 0.90302757 0.105444312 0.416440518 0.90302757 0.105444312 0.416440518 0.903677424 0.104146922 0.415355909 0.903677424 0.104146922 0.415355909 0.903677424 0.104146922 0.415355909 0.967557627 0.111508981 0.22671124 0.967557627 0.111508981 0.22671124 0.967557627 0.111508981 0.22671124 0.967515793 0.112122338 0.226587227 0.967515793 0.112122338 0.226587227 0.967515793 0.112122338 0.226587227 0.986419047 0.114312976 0.117940697 0.986419047 0.114312976 0.117940697 0.986419047 0.114312976 0.117940697 0.986424411 0.114050693 0.118149567 0.986424411 0.114050693 0.118149567 0.986424411 0.114050693 0.118149567 0.992705895 0.11477696 0.0368951887 0.992705895 0.11477696 0.0368951887 0.992705895 0.11477696 0.0368951887 0.992700883 0.114848946 0.036805937 0.992700883 0.114848946 0.036805937 0.992700883 0.114848946 0.036805937 0.992697198 0.11484852 -0.0369065094 0.992697198 0.11484852 -0.0369065094 0.992697198 0.11484852 -0.0369065094 0.992709768 0.114777408 -0.0367894523 0.992709768 0.114777408 -0.0367894523 0.992709768 0.114777408 -0.0367894523 0.986464432 0.11405532 -0.11781048 0.986464432 0.11405532 -0.11781048 0.986464432 0.11405532 -0.11781048 0.986371907 0.114307513 -0.11833957 0.986371907 0.114307513 -0.11833957 0.986371907 0.114307513 -0.11833957 0.967353156 0.11210349 -0.227289857 0.967353156 0.11210349 -0.227289857 0.967353156 0.11210349 -0.227289857 0.96778074 0.111534694 -0.225744215 0.96778074 0.111534694 -0.225744215 0.96778074 0.111534694 -0.225744215 0.904182407 0.10420512 -0.414240832 0.904182407 0.10420512 -0.414240832 0.904182407 0.10420512 -0.414240832 0.90206339 0.105331727 -0.418553303 0.90206339 0.105331727 -0.418553303 0.90206339 0.105331727 -0.418553303 0.556893657 0.0650271048 -0.828034378 0.556893657 0.0650271048 -0.828034378 0.556893657 0.0650271048 -0.828034378 0.698291732 0.0309587458 0.715143492 0.698291732 0.0309587458 0.715143492 0.698291732 0.0309587458 0.715143492 0.952220393 0.0422166664 0.302479878 0.952220393 0.0422166664 0.302479878 0.952220393 0.0422166664 0.302479878 0.952250883 0.0424044428 0.302357602 0.952250883 0.0424044428 0.302357602 0.952250883 0.0424044428 0.302357602 0.986128166 0.0439130235 0.160071505 0.986128166 0.0439130235 0.160071505 0.986128166 0.0439130235 0.160071505 0.9861063 0.0437857199 0.160240994 0.9861063 0.0437857199 0.160240994 0.9861063 0.0437857199 0.160240994 0.995609402 0.0442076827 0.0825081731 0.995609402 0.0442076827 0.0825081731 0.995609402 0.0442076827 0.0825081731 0.995617485 0.044292159 0.0823652105 0.995617485 0.044292159 0.0823652105 0.995617485 0.044292159 0.0823652105 0.998683414 0.0444285533 0.0256426019 0.998683414 0.0444285533 0.0256426019 0.998683414 0.0444285533 0.0256426019 0.998683213 0.0443926793 0.0257124508 0.998683213 0.0443926793 0.0257124508 0.998683213 0.0443926793 0.0257124508 0.998685057 0.0443927613 -0.0256405724 0.998685057 0.0443927613 -0.0256405724 0.998685057 0.0443927613 -0.0256405724 0.998681475 0.044428467 -0.025718161 0.998681475 0.044428467 -0.025718161 0.998681475 0.044428467 -0.025718161 0.995604428 0.0442915781 -0.0825232044 0.995604428 0.0442915781 -0.0825232044 0.995604428 0.0442915781 -0.0825232044 0.995624749 0.0442083642 -0.0823224131 0.995624749 0.0442083642 -0.0823224131 0.995624749 0.0442083642 -0.0823224131 0.986140853 0.0437872542 -0.16002779 0.986140853 0.0437872542 -0.16002779 0.986140853 0.0437872542 -0.16002779 0.986080595 0.0439109051 -0.160364871 0.986080595 0.0439109051 -0.160364871 0.986080595 0.0439109051 -0.160364871 0.952174795 0.0424010545 -0.302597604 0.952174795 0.0424010545 -0.302597604 0.952174795 0.0424010545 -0.302597604 0.952365082 0.0422230812 -0.302023116 0.952365082 0.0422230812 -0.302023116 0.952365082 0.0422230812 -0.302023116 0.698291732 0.0309587458 -0.715143492 0.698291732 0.0309587458 -0.715143492 0.698291732 0.0309587458 -0.715143492 0.734803152 -0 0.678280419 0.734803152 -0 0.678280419 0.734803152 -0 0.678280419 0.961397228 0 0.275164259 0.961397228 0 0.275164259 0.961397228 0 0.275164259 0.961397228 -0 0.275164259 0.961397228 -0 0.275164259 0.961397228 -0 0.275164259 0.989482763 0 0.144650824 0.989482763 0 0.144650824 0.989482763 0 0.144650824 0.989482763 -0 0.144650824 0.989482763 -0 0.144650824 0.989482763 -0 0.144650824 0.997220108 0 0.0745121179 0.997220108 0 0.0745121179 0.997220108 0 0.0745121179 0.997220108 -0 0.0745121179 0.997220108 -0 0.0745121179 0.997220108 -0 0.0745121179 0.999733151 0 0.02310038 0.999733151 0 0.02310038 0.999733151 0 0.02310038 0.999733151 -0 0.02310038 0.999733151 -0 0.02310038 0.999733151 -0 0.02310038 0.999733151 0 -0.02310038 0.999733151 0 -0.02310038 0.999733151 0 -0.02310038 0.999733151 0 -0.02310038 0.999733151 0 -0.02310038 0.999733151 0 -0.02310038 0.997220108 0 -0.0745121179 0.997220108 0 -0.0745121179 0.997220108 0 -0.0745121179 0.997220108 0 -0.0745121179 0.997220108 0 -0.0745121179 0.997220108 0 -0.0745121179 0.989482763 0 -0.144650824 0.989482763 0 -0.144650824 0.989482763 0 -0.144650824 0.989482763 0 -0.144650824 0.989482763 0 -0.144650824 0.989482763 0 -0.144650824 0.961397228 0 -0.275164259 0.961397228 0 -0.275164259 0.961397228 0 -0.275164259 0.961397228 0 -0.275164259 0.961397228 0 -0.275164259 0.961397228 0 -0.275164259 0.734803152 0 -0.678280419 0.734803152 0 -0.678280419 0.734803152 0 -0.678280419 0.698291732 -0.0309587458 0.715143492 0.698291732 -0.0309587458 0.715143492 0.698291732 -0.0309587458 0.715143492 0.952365082 -0.0422230812 0.302023116 0.952365082 -0.0422230812 0.302023116 0.952365082 -0.0422230812 0.302023116 0.952174795 -0.0424010545 0.302597604 0.952174795 -0.0424010545 0.302597604 0.952174795 -0.0424010545 0.302597604 0.986080595 -0.0439109051 0.160364871 0.986080595 -0.0439109051 0.160364871 0.986080595 -0.0439109051 0.160364871 0.986140853 -0.0437872542 0.16002779 0.986140853 -0.0437872542 0.16002779 0.986140853 -0.0437872542 0.16002779 0.995624749 -0.0442083642 0.0823224131 0.995624749 -0.0442083642 0.0823224131 0.995624749 -0.0442083642 0.0823224131 0.995604428 -0.0442915781 0.0825232044 0.995604428 -0.0442915781 0.0825232044 0.995604428 -0.0442915781 0.0825232044 0.998681475 -0.044428467 0.025718161 0.998681475 -0.044428467 0.025718161 0.998681475 -0.044428467 0.025718161 0.998685057 -0.0443927613 0.0256405724 0.998685057 -0.0443927613 0.0256405724 0.998685057 -0.0443927613 0.0256405724 0.998683213 -0.0443926793 -0.0257124508 0.998683213 -0.0443926793 -0.0257124508 0.998683213 -0.0443926793 -0.0257124508 0.998683414 -0.0444285533 -0.0256426019 0.998683414 -0.0444285533 -0.0256426019 0.998683414 -0.0444285533 -0.0256426019 0.995617485 -0.044292159 -0.0823652105 0.995617485 -0.044292159 -0.0823652105 0.995617485 -0.044292159 -0.0823652105 0.995609402 -0.0442076827 -0.0825081731 0.995609402 -0.0442076827 -0.0825081731 0.995609402 -0.0442076827 -0.0825081731 0.9861063 -0.0437857199 -0.160240994 0.9861063 -0.0437857199 -0.160240994 0.9861063 -0.0437857199 -0.160240994 0.986128166 -0.0439130235 -0.160071505 0.986128166 -0.0439130235 -0.160071505 0.986128166 -0.0439130235 -0.160071505 0.952250883 -0.0424044428 -0.302357602 0.952250883 -0.0424044428 -0.302357602 0.952250883 -0.0424044428 -0.302357602 0.952220393 -0.0422166664 -0.302479878 0.952220393 -0.0422166664 -0.302479878 0.952220393 -0.0422166664 -0.302479878 0.698291732 -0.0309587458 -0.715143492 0.698291732 -0.0309587458 -0.715143492 0.698291732 -0.0309587458 -0.715143492 0.556893657 -0.0650271048 0.828034378 0.556893657 -0.0650271048 0.828034378 0.556893657 -0.0650271048 0.828034378 0.90206339 -0.105331727 0.418553303 0.90206339 -0.105331727 0.418553303 0.90206339 -0.105331727 0.418553303 0.904182407 -0.10420512 0.414240832 0.904182407 -0.10420512 0.414240832 0.904182407 -0.10420512 0.414240832 0.96778074 -0.111534694 0.225744215 0.96778074 -0.111534694 0.225744215 0.96778074 -0.111534694 0.225744215 0.967353156 -0.11210349 0.227289857 0.967353156 -0.11210349 0.227289857 0.967353156 -0.11210349 0.227289857 0.986371907 -0.114307513 0.11833957 0.986371907 -0.114307513 0.11833957 0.986371907 -0.114307513 0.11833957 0.986464432 -0.11405532 0.11781048 0.986464432 -0.11405532 0.11781048 0.986464432 -0.11405532 0.11781048 0.992709768 -0.114777408 0.0367894523 0.992709768 -0.114777408 0.0367894523 0.992709768 -0.114777408 0.0367894523 0.992697198 -0.11484852 0.0369065094 0.992697198 -0.11484852 0.0369065094 0.992697198 -0.11484852 0.0369065094 0.992700883 -0.114848946 -0.036805937 0.992700883 -0.114848946 -0.036805937 0.992700883 -0.114848946 -0.036805937 0.992705895 -0.11477696 -0.0368951887 0.992705895 -0.11477696 -0.0368951887 0.992705895 -0.11477696 -0.0368951887 0.986424411 -0.114050693 -0.118149567 0.986424411 -0.114050693 -0.118149567 0.986424411 -0.114050693 -0.118149567 0.986419047 -0.114312976 -0.117940697 0.986419047 -0.114312976 -0.117940697 0.986419047 -0.114312976 -0.117940697 0.967515793 -0.112122338 -0.226587227 0.967515793 -0.112122338 -0.226587227 0.967515793 -0.112122338 -0.226587227 0.967557627 -0.111508981 -0.22671124 0.967557627 -0.111508981 -0.22671124 0.967557627 -0.111508981 -0.22671124 0.903677424 -0.104146922 -0.415355909 0.903677424 -0.104146922 -0.415355909 0.903677424 -0.104146922 -0.415355909 0.90302757 -0.105444312 -0.416440518 0.90302757 -0.105444312 -0.416440518 0.90302757 -0.105444312 -0.416440518 0.556893657 -0.0650271048 -0.828034378 0.556893657 -0.0650271048 -0.828034378 0.556893657 -0.0650271048 -0.828034378 0.234617984 -0.094408068 0.967492387 0.234617984 -0.094408068 0.967492387 0.234617984 -0.094408068 0.967492387 0.596680994 -0.240098814 0.765718193 0.596680994 -0.240098814 0.765718193 0.596680994 -0.240098814 0.765718193 0.594354031 -0.240482822 0.767405563 0.594354031 -0.240482822 0.767405563 0.594354031 -0.240482822 0.767405563 0.791512641 -0.320255577 0.520522914 0.791512641 -0.320255577 0.520522914 0.791512641 -0.320255577 0.520522914 0.792745894 -0.319631303 0.519027724 0.792745894 -0.319631303 0.519027724 0.792745894 -0.319631303 0.519027724 0.885992121 -0.35722773 0.295645581 0.885992121 -0.35722773 0.295645581 0.885992121 -0.35722773 0.295645581 0.885134815 -0.358186894 0.297049675 0.885134815 -0.358186894 0.297049675 0.885134815 -0.358186894 0.297049675 0.922686168 -0.373382774 0.0961017169 0.922686168 -0.373382774 0.0961017169 0.922686168 -0.373382774 0.0961017169 0.922773575 -0.373205519 0.0959508736 0.922773575 -0.373205519 0.0959508736 0.922773575 -0.373205519 0.0959508736 0.922764254 -0.373201749 -0.0960551245 0.922764254 -0.373201749 -0.0960551245 0.922764254 -0.373201749 -0.0960551245 0.922695976 -0.373386743 -0.0959920676 0.922695976 -0.373386743 -0.0959920676 0.922695976 -0.373386743 -0.0959920676 0.885295154 -0.358251778 -0.296493094 0.885295154 -0.358251778 -0.296493094 0.885295154 -0.358251778 -0.296493094 0.885804249 -0.357151981 -0.296299333 0.885804249 -0.357151981 -0.296299333 0.885804249 -0.357151981 -0.296299333 0.792548157 -0.319551577 -0.519378676 0.792548157 -0.319551577 -0.519378676 0.792548157 -0.319551577 -0.519378676 0.791784978 -0.320365768 -0.520040693 0.791784978 -0.320365768 -0.520040693 0.791784978 -0.320365768 -0.520040693 0.594565122 -0.240568232 -0.767215251 0.594565122 -0.240568232 -0.767215251 0.594565122 -0.240568232 -0.767215251 0.596277847 -0.239936592 -0.766082999 0.596277847 -0.239936592 -0.766082999 0.596277847 -0.239936592 -0.766082999 0.234617984 -0.094408068 -0.967492387 0.234617984 -0.094408068 -0.967492387 0.234617984 -0.094408068 -0.967492387 -0.234617984 -0.094408068 0.967492387 -0.234617984 -0.094408068 0.967492387 -0.234617984 -0.094408068 0.967492387 -0.596277847 -0.239936592 0.766082999 -0.596277847 -0.239936592 0.766082999 -0.596277847 -0.239936592 0.766082999 -0.594565122 -0.240568232 0.767215251 -0.594565122 -0.240568232 0.767215251 -0.594565122 -0.240568232 0.767215251 -0.791784978 -0.320365768 0.520040693 -0.791784978 -0.320365768 0.520040693 -0.791784978 -0.320365768 0.520040693 -0.792548157 -0.319551577 0.519378676 -0.792548157 -0.319551577 0.519378676 -0.792548157 -0.319551577 0.519378676 -0.885804249 -0.357151981 0.296299333 -0.885804249 -0.357151981 0.296299333 -0.885804249 -0.357151981 0.296299333 -0.885295154 -0.358251778 0.296493094 -0.885295154 -0.358251778 0.296493094 -0.885295154 -0.358251778 0.296493094 -0.922695976 -0.373386743 0.0959920676 -0.922695976 -0.373386743 0.0959920676 -0.922695976 -0.373386743 0.0959920676 -0.922764254 -0.373201749 0.0960551245 -0.922764254 -0.373201749 0.0960551245 -0.922764254 -0.373201749 0.0960551245 -0.922773575 -0.373205519 -0.0959508736 -0.922773575 -0.373205519 -0.0959508736 -0.922773575 -0.373205519 -0.0959508736 -0.922686168 -0.373382774 -0.0961017169 -0.922686168 -0.373382774 -0.0961017169 -0.922686168 -0.373382774 -0.0961017169 -0.885134815 -0.358186894 -0.297049675 -0.885134815 -0.358186894 -0.297049675 -0.885134815 -0.358186894 -0.297049675 -0.885992121 -0.35722773 -0.295645581 -0.885992121 -0.35722773 -0.295645581 -0.885992121 -0.35722773 -0.295645581 -0.792745894 -0.319631303 -0.519027724 -0.792745894 -0.319631303 -0.519027724 -0.792745894 -0.319631303 -0.519027724 -0.791512641 -0.320255577 -0.520522914 -0.791512641 -0.320255577 -0.520522914 -0.791512641 -0.320255577 -0.520522914 -0.594354031 -0.240482822 -0.767405563 -0.594354031 -0.240482822 -0.767405563 -0.594354031 -0.240482822 -0.767405563 -0.596680994 -0.240098814 -0.765718193 -0.596680994 -0.240098814 -0.765718193 -0.596680994 -0.240098814 -0.765718193 -0.234617984 -0.094408068 -0.967492387 -0.234617984 -0.094408068 -0.967492387 -0.234617984 -0.094408068 -0.967492387 -0.556893657 -0.0650271048 0.828034378 -0.556893657 -0.0650271048 0.828034378 -0.556893657 -0.0650271048 0.828034378 -0.90302757 -0.105444312 0.416440518 -0.90302757 -0.105444312 0.416440518 -0.90302757 -0.105444312 0.416440518 -0.903677424 -0.104146922 0.415355909 -0.903677424 -0.104146922 0.415355909 -0.903677424 -0.104146922 0.415355909 -0.967557627 -0.111508981 0.22671124 -0.967557627 -0.111508981 0.22671124 -0.967557627 -0.111508981 0.22671124 -0.967515793 -0.112122338 0.226587227 -0.967515793 -0.112122338 0.226587227 -0.967515793 -0.112122338 0.226587227 -0.986419047 -0.114312976 0.117940697 -0.986419047 -0.114312976 0.117940697 -0.986419047 -0.114312976 0.117940697 -0.986424411 -0.114050693 0.118149567 -0.986424411 -0.114050693 0.118149567 -0.986424411 -0.114050693 0.118149567 -0.992705895 -0.11477696 0.0368951887 -0.992705895 -0.11477696 0.0368951887 -0.992705895 -0.11477696 0.0368951887 -0.992700883 -0.114848946 0.036805937 -0.992700883 -0.114848946 0.036805937 -0.992700883 -0.114848946 0.036805937 -0.992697198 -0.11484852 -0.0369065094 -0.992697198 -0.11484852 -0.0369065094 -0.992697198 -0.11484852 -0.0369065094 -0.992709768 -0.114777408 -0.0367894523 -0.992709768 -0.114777408 -0.0367894523 -0.992709768 -0.114777408 -0.0367894523 -0.986464432 -0.11405532 -0.11781048 -0.986464432 -0.11405532 -0.11781048 -0.986464432 -0.11405532 -0.11781048 -0.986371907 -0.114307513 -0.11833957 -0.986371907 -0.114307513 -0.11833957 -0.986371907 -0.114307513 -0.11833957 -0.967353156 -0.11210349 -0.227289857 -0.967353156 -0.11210349 -0.227289857 -0.967353156 -0.11210349 -0.227289857 -0.96778074 -0.111534694 -0.225744215 -0.96778074 -0.111534694 -0.225744215 -0.96778074 -0.111534694 -0.225744215 -0.904182407 -0.10420512 -0.414240832 -0.904182407 -0.10420512 -0.414240832 -0.904182407 -0.10420512 -0.414240832 -0.90206339 -0.105331727 -0.418553303 -0.90206339 -0.105331727 -0.418553303 -0.90206339 -0.105331727 -0.418553303 -0.556893657 -0.0650271048 -0.828034378 -0.556893657 -0.0650271048 -0.828034378 -0.556893657 -0.0650271048 -0.828034378 -0.698291732 -0.0309587458 0.715143492 -0.698291732 -0.0309587458 0.715143492 -0.698291732 -0.0309587458 0.715143492 -0.952220393 -0.0422166664 0.302479878 -0.952220393 -0.0422166664 0.302479878 -0.952220393 -0.0422166664 0.302479878 -0.952250883 -0.0424044428 0.302357602 -0.952250883 -0.0424044428 0.302357602 -0.952250883 -0.0424044428 0.302357602 -0.986128166 -0.0439130235 0.160071505 -0.986128166 -0.0439130235 0.160071505 -0.986128166 -0.0439130235 0.160071505 -0.9861063 -0.0437857199 0.160240994 -0.9861063 -0.0437857199 0.160240994 -0.9861063 -0.0437857199 0.160240994 -0.995609402 -0.0442076827 0.0825081731 -0.995609402 -0.0442076827 0.0825081731 -0.995609402 -0.0442076827 0.0825081731 -0.995617485 -0.044292159 0.0823652105 -0.995617485 -0.044292159 0.0823652105 -0.995617485 -0.044292159 0.0823652105 -0.998683414 -0.0444285533 0.0256426019 -0.998683414 -0.0444285533 0.0256426019 -0.998683414 -0.0444285533 0.0256426019 -0.998683213 -0.0443926793 0.0257124508 -0.998683213 -0.0443926793 0.0257124508 -0.998683213 -0.0443926793 0.0257124508 -0.998685057 -0.0443927613 -0.0256405724 -0.998685057 -0.0443927613 -0.0256405724 -0.998685057 -0.0443927613 -0.0256405724 -0.998681475 -0.044428467 -0.025718161 -0.998681475 -0.044428467 -0.025718161 -0.998681475 -0.044428467 -0.025718161 -0.995604428 -0.0442915781 -0.0825232044 -0.995604428 -0.0442915781 -0.0825232044 -0.995604428 -0.0442915781 -0.0825232044 -0.995624749 -0.0442083642 -0.0823224131 -0.995624749 -0.0442083642 -0.0823224131 -0.995624749 -0.0442083642 -0.0823224131 -0.986140853 -0.0437872542 -0.16002779 -0.986140853 -0.0437872542 -0.16002779 -0.986140853 -0.0437872542 -0.16002779 -0.986080595 -0.0439109051 -0.160364871 -0.986080595 -0.0439109051 -0.160364871 -0.986080595 -0.0439109051 -0.160364871 -0.952174795 -0.0424010545 -0.302597604 -0.952174795 -0.0424010545 -0.302597604 -0.952174795 -0.0424010545 -0.302597604 -0.952365082 -0.0422230812 -0.302023116 -0.952365082 -0.0422230812 -0.302023116 -0.952365082 -0.0422230812 -0.302023116 -0.698291732 -0.0309587458 -0.715143492 -0.698291732 -0.0309587458 -0.715143492 -0.698291732 -0.0309587458 -0.715143492 -0.734803152 0 0.678280419 -0.734803152 0 0.678280419 -0.734803152 0 0.678280419 -0.961397228 0 0.275164259 -0.961397228 0 0.275164259 -0.961397228 0 0.275164259 -0.961397228 0 0.275164259 -0.961397228 0 0.275164259 -0.961397228 0 0.275164259 -0.989482763 0 0.144650824 -0.989482763 0 0.144650824 -0.989482763 0 0.144650824 -0.989482763 0 0.144650824 -0.989482763 0 0.144650824 -0.989482763 0 0.144650824 -0.997220108 0 0.0745121179 -0.997220108 0 0.0745121179 -0.997220108 0 0.0745121179 -0.997220108 0 0.0745121179 -0.997220108 0 0.0745121179 -0.997220108 0 0.0745121179 -0.999733151 0 0.02310038 -0.999733151 0 0.02310038 -0.999733151 0 0.02310038 -0.999733151 0 0.02310038 -0.999733151 0 0.02310038 -0.999733151 0 0.02310038 -0.999733151 0 -0.02310038 -0.999733151 0 -0.02310038 -0.999733151 0 -0.02310038 -0.999733151 -0 -0.02310038 -0.999733151 -0 -0.02310038 -0.999733151 -0 -0.02310038 -0.997220108 0 -0.0745121179 -0.997220108 0 -0.0745121179 -0.997220108 0 -0.0745121179 -0.997220108 -0 -0.0745121179 -0.997220108 -0 -0.0745121179 -0.997220108 -0 -0.0745121179 -0.989482763 0 -0.144650824 -0.989482763 0 -0.144650824 -0.989482763 0 -0.144650824 -0.989482763 -0 -0.144650824 -0.989482763 -0 -0.144650824 -0.989482763 -0 -0.144650824 -0.961397228 0 -0.275164259 -0.961397228 0 -0.275164259 -0.961397228 0 -0.275164259 -0.961397228 -0 -0.275164259 -0.961397228 -0 -0.275164259 -0.961397228 -0 -0.275164259 -0.734803152 0 -0.678280419 -0.734803152 0 -0.678280419 -0.734803152 0 -0.678280419 -0.698291732 0.0309587458 0.715143492 -0.698291732 0.0309587458 0.715143492 -0.698291732 0.0309587458 0.715143492 -0.952365082 0.0422230812 0.302023116 -0.952365082 0.0422230812 0.302023116 -0.952365082 0.0422230812 0.302023116 -0.952174795 0.0424010545 0.302597604 -0.952174795 0.0424010545 0.302597604 -0.952174795 0.0424010545 0.302597604 -0.986080595 0.0439109051 0.160364871 -0.986080595 0.0439109051 0.160364871 -0.986080595 0.0439109051 0.160364871 -0.986140853 0.0437872542 0.16002779 -0.986140853 0.0437872542 0.16002779 -0.986140853 0.0437872542 0.16002779 -0.995624749 0.0442083642 0.0823224131 -0.995624749 0.0442083642 0.0823224131 -0.995624749 0.0442083642 0.0823224131 -0.995604428 0.0442915781 0.0825232044 -0.995604428 0.0442915781 0.0825232044 -0.995604428 0.0442915781 0.0825232044 -0.998681475 0.044428467 0.025718161 -0.998681475 0.044428467 0.025718161 -0.998681475 0.044428467 0.025718161 -0.998685057 0.0443927613 0.0256405724 -0.998685057 0.0443927613 0.0256405724 -0.998685057 0.0443927613 0.0256405724 -0.998683213 0.0443926793 -0.0257124508 -0.998683213 0.0443926793 -0.0257124508 -0.998683213 0.0443926793 -0.0257124508 -0.998683414 0.0444285533 -0.0256426019 -0.998683414 0.0444285533 -0.0256426019 -0.998683414 0.0444285533 -0.0256426019 -0.995617485 0.044292159 -0.0823652105 -0.995617485 0.044292159 -0.0823652105 -0.995617485 0.044292159 -0.0823652105 -0.995609402 0.0442076827 -0.0825081731 -0.995609402 0.0442076827 -0.0825081731 -0.995609402 0.0442076827 -0.0825081731 -0.9861063 0.0437857199 -0.160240994 -0.9861063 0.0437857199 -0.160240994 -0.9861063 0.0437857199 -0.160240994 -0.986128166 0.0439130235 -0.160071505 -0.986128166 0.0439130235 -0.160071505 -0.986128166 0.0439130235 -0.160071505 -0.952250883 0.0424044428 -0.302357602 -0.952250883 0.0424044428 -0.302357602 -0.952250883 0.0424044428 -0.302357602 -0.952220393 0.0422166664 -0.302479878 -0.952220393 0.0422166664 -0.302479878 -0.952220393 0.0422166664 -0.302479878 -0.698291732 0.0309587458 -0.715143492 -0.698291732 0.0309587458 -0.715143492 -0.698291732 0.0309587458 -0.715143492 -0.556893657 0.0650271048 0.828034378 -0.556893657 0.0650271048 0.828034378 -0.556893657 0.0650271048 0.828034378 -0.90206339 0.105331727 0.418553303 -0.90206339 0.105331727 0.418553303 -0.90206339 0.105331727 0.418553303 -0.904182407 0.10420512 0.414240832 -0.904182407 0.10420512 0.414240832 -0.904182407 0.10420512 0.414240832 -0.96778074 0.111534694 0.225744215 -0.96778074 0.111534694 0.225744215 -0.96778074 0.111534694 0.225744215 -0.967353156 0.11210349 0.227289857 -0.967353156 0.11210349 0.227289857 -0.967353156 0.11210349 0.227289857 -0.986371907 0.114307513 0.11833957 -0.986371907 0.114307513 0.11833957 -0.986371907 0.114307513 0.11833957 -0.986464432 0.11405532 0.11781048 -0.986464432 0.11405532 0.11781048 -0.986464432 0.11405532 0.11781048 -0.992709768 0.114777408 0.0367894523 -0.992709768 0.114777408 0.0367894523 -0.992709768 0.114777408 0.0367894523 -0.992697198 0.11484852 0.0369065094 -0.992697198 0.11484852 0.0369065094 -0.992697198 0.11484852 0.0369065094 -0.992700883 0.114848946 -0.036805937 -0.992700883 0.114848946 -0.036805937 -0.992700883 0.114848946 -0.036805937 -0.992705895 0.11477696 -0.0368951887 -0.992705895 0.11477696 -0.0368951887 -0.992705895 0.11477696 -0.0368951887 -0.986424411 0.114050693 -0.118149567 -0.986424411 0.114050693 -0.118149567 -0.986424411 0.114050693 -0.118149567 -0.986419047 0.114312976 -0.117940697 -0.986419047 0.114312976 -0.117940697 -0.986419047 0.114312976 -0.117940697 -0.967515793 0.112122338 -0.226587227 -0.967515793 0.112122338 -0.226587227 -0.967515793 0.112122338 -0.226587227 -0.967557627 0.111508981 -0.22671124 -0.967557627 0.111508981 -0.22671124 -0.967557627 0.111508981 -0.22671124 -0.903677424 0.104146922 -0.415355909 -0.903677424 0.104146922 -0.415355909 -0.903677424 0.104146922 -0.415355909 -0.90302757 0.105444312 -0.416440518 -0.90302757 0.105444312 -0.416440518 -0.90302757 0.105444312 -0.416440518 -0.556893657 0.0650271048 -0.828034378 -0.556893657 0.0650271048 -0.828034378 -0.556893657 0.0650271048 -0.828034378 -0.234617984 0.094408068 0.967492387 -0.234617984 0.094408068 0.967492387 -0.234617984 0.094408068 0.967492387 -0.596680994 0.240098814 0.765718193 -0.596680994 0.240098814 0.765718193 -0.596680994 0.240098814 0.765718193 -0.594354031 0.240482822 0.767405563 -0.594354031 0.240482822 0.767405563 -0.594354031 0.240482822 0.767405563 -0.791512641 0.320255577 0.520522914 -0.791512641 0.320255577 0.520522914 -0.791512641 0.320255577 0.520522914 -0.792745894 0.319631303 0.519027724 -0.792745894 0.319631303 0.519027724 -0.792745894 0.319631303 0.519027724 -0.885992121 0.35722773 0.295645581 -0.885992121 0.35722773 0.295645581 -0.885992121 0.35722773 0.295645581 -0.885134815 0.358186894 0.297049675 -0.885134815 0.358186894 0.297049675 -0.885134815 0.358186894 0.297049675 -0.922686168 0.373382774 0.0961017169 -0.922686168 0.373382774 0.0961017169 -0.922686168 0.373382774 0.0961017169 -0.922773575 0.373205519 0.0959508736 -0.922773575 0.373205519 0.0959508736 -0.922773575 0.373205519 0.0959508736 -0.922764254 0.373201749 -0.0960551245 -0.922764254 0.373201749 -0.0960551245 -0.922764254 0.373201749 -0.0960551245 -0.922695976 0.373386743 -0.0959920676 -0.922695976 0.373386743 -0.0959920676 -0.922695976 0.373386743 -0.0959920676 -0.885295154 0.358251778 -0.296493094 -0.885295154 0.358251778 -0.296493094 -0.885295154 0.358251778 -0.296493094 -0.885804249 0.357151981 -0.296299333 -0.885804249 0.357151981 -0.296299333 -0.885804249 0.357151981 -0.296299333 -0.792548157 0.319551577 -0.519378676 -0.792548157 0.319551577 -0.519378676 -0.792548157 0.319551577 -0.519378676 -0.791784978 0.320365768 -0.520040693 -0.791784978 0.320365768 -0.520040693 -0.791784978 0.320365768 -0.520040693 -0.594565122 0.240568232 -0.767215251 -0.594565122 0.240568232 -0.767215251 -0.594565122 0.240568232 -0.767215251 -0.596277847 0.239936592 -0.766082999 -0.596277847 0.239936592 -0.766082999 -0.596277847 0.239936592 -0.766082999 -0.234617984 0.094408068 -0.967492387 -0.234617984 0.094408068 -0.967492387 -0.234617984 0.094408068 -0.967492387</float_array><technique_common><accessor source="#part0-normals-array" count="756" stride="3"><param name="X" type="float" /><param name="Y" type="float" /><param name="Z" type="float" /></accessor></technique_common></source><vertices id="part0-vertices"><input semantic="POSITION" source="#part0-positions" /></vertices><triangles count="252" material="material"><input semantic="VERTEX" source="#part0-vertices" offset="0" /><input semantic="NORMAL" source="#part0-normals" offset="0" /><p>0 1 2 3 4 5 6 7 8 9 10 11 12 13 14 15 16 17 18 19 20 21 22 23 24 25 26 27 28 29 30 31 32 33 34 35 36 37 38 39 40 41 42 43 44 45 46 47 48 49 50 51 52 53 54 55 56 57 58 59 60 61 62 63 64 65 66 67 68 69 70 71 72 73 74 75 76 77 78 79 80 81 82 83 84 85 86 87 88 89 90 91 92 93 94 95 96 97 98 99 100 101 102 103 104 105 106 107 108 109 110 111 112 113 114 115 116 117 118 119 120 121 122 123 124 125 126 127 128 129 130 131 132 133 134 135 136 137 138 139 140 141 142 143 144 145 146 147 148 149 150 151 152 153 154 155 156 157 158 159 160 161 162 163 164 165 166 167 168 169 170 171 172 173 174 175 176 177 178 179 180 181 182 183 184 185 186 187 188 189 190 191 192 193 194 195 196 197 198 199 200 201 202 203 204 205 206 207 208 209 210 211 212 213 214 215 216 217 218 219 220 221 222 223 224 225 226 227 228 229 230 231 232 233 234 235 236 237 238 239 240 241 242 243 244 245 246 247 248 249 250 251 252 253 254 255 256 257 258 259 260 261 262 263 264 265 266 267 268 269 270 271 272 273 274 275 276 277 278 279 280 281 282 283 284 285 286 287 288 289 290 291 292 293 294 295 296 297 298 299 300 301 302 303 304 305 306 307 308 309 310 311 312 313 314 315 316 317 318 319 320 321 322 323 324 325 326 327 328 329 330 331 332 333 334 335 336 337 338 339 340 341 342 343 344 345 346 347 348 349 350 351 352 353 354 355 356 357 358 359 360 361 362 363 364 365 366 367 368 369 370 371 372 373 374 375 376 377 378 379 380 381 382 383 384 385 386 387 388 389 390 391 392 393 394 395 396 397 398 399 400 401 402 403 404 405 406 407 408 409 410 411 412 413 414 415 416 417 418 419 420 421 422 423 424 425 426 427 428 429 430 431 432 433 434 435 436 437 438 439 440 441 442 443 444 445 446 447 448 449 450 451 452 453 454 455 456 457 458 459 460 461 462 463 464 465 466 467 468 469 470 471 472 473 474 475 476 477 478 479 480 481 482 483 484 485 486 487 488 489 490 491 492 493 494 495 496 497 498 499 500 501 502 503 504 505 506 507 508 509 510 511 512 513 514 515 516 517 518 519 520 521 522 523 524 525 526 527 528 529 530 531 532 533 534 535 536 537 538 539 540 541 542 543 544 545 546 547 548 549 550 551 552 553 554 555 556 557 558 559 560 561 562 563 564 565 566 567 568 569 570 571 572 573 574 575 576 577 578 579 580 581 582 583 584 585 586 587 588 589 590 591 592 593 594 595 596 597 598 599 600 601 602 603 604 605 606 607 608 609 610 611 612 613 614 615 616 617 618 619 620 621 622 623 624 625 626 627 628 629 630 631 632 633 634 635 636 637 638 639 640 641 642 643 644 645 646 647 648 649 650 651 652 653 654 655 656 657 658 659 660 661 662 663 664 665 666 667 668 669 670 671 672 673 674 675 676 677 678 679 680 681 682 683 684 685 686 687 688 689 690 691 692 693 694 695 696 697 698 699 700 701 702 703 704 705 706 707 708 709 710 711 712 713 714 715 716 717 718 719 720 721 722 723 724 725 726 727 728 729 730 731 732 733 734 735 736 737 738 739 740 741 742 743 744 745 746 747 748 749 750 751 752 753 754 755</p></triangles></mesh></geometry><geometry id="part1"><mesh><source id="part1-positions"><float_array id="part1-positions-array" count="13068">0.319849232 -0.0280159909 0.0733909096 0.337771216 0.00357066551 0.0698202457 0.319849232 0.00703146439 0.0698202457 0.319849232 0.00703146439 0.0698202457 0.337771216 0.00357066551 0.0698202457 0.353921628 0.0320810563 0.0593829124 0.319849232 0.00703146439 0.0698202457 0.353921628 0.0320810563 0.0593829124 0.319849232 0.0386730541 0.0593829124 0.319849232 0.0386730541 0.0593829124 0.353921628 0.0320810563 0.0593829124 0.366721075 0.0546586506 0.043177586 0.319849232 0.0386730541 0.0593829124 0.366721075 0.0546586506 0.043177586 0.319849232 0.0637775777 0.043177586 0.319849232 0.0637775777 0.043177586 0.366721075 0.0546586506 0.043177586 0.374961089 0.0692159776 0.0226874593 0.319849232 0.0637775777 0.043177586 0.374961089 0.0692159776 0.0226874593 0.319849232 0.0798730442 0.0226874593 0.319849232 0.0798730442 0.0226874593 0.374961089 0.0692159776 0.0226874593 0.377762683 0.074214911 0 0.319849232 0.0798730442 0.0226874593 0.377762683 0.074214911 0 0.319849232 0.0854213074 0 0.319849232 0.0854213074 0 0.377762683 0.074214911 0 0.374961089 0.0692159776 -0.0226874593 0.319849232 0.0854213074 0 0.374961089 0.0692159776 -0.0226874593 0.319849232 0.0798730442 -0.0226874593 0.319849232 0.0798730442 -0.0226874593 0.374961089 0.0692159776 -0.0226874593 0.366721075 0.0546586506 -0.043177586 0.319849232 0.0798730442 -0.0226874593 0.366721075 0.0546586506 -0.043177586 0.319849232 0.0637775777 -0.043177586 0.319849232 0.0637775777 -0.043177586 0.366721075 0.0546586506 -0.043177586 0.353921628 0.0320810563 -0.0593829124 0.319849232 0.0637775777 -0.043177586 0.353921628 0.0320810563 -0.0593829124 0.319849232 0.0386730541 -0.0593829124 0.319849232 0.0386730541 -0.0593829124 0.353921628 0.0320810563 -0.0593829124 0.337771216 0.00357066551 -0.0698202457 0.319849232 0.0386730541 -0.0593829124 0.337771216 0.00357066551 -0.0698202457 0.319849232 0.00703146439 -0.0698202457 0.319849232 0.00703146439 -0.0698202457 0.337771216 0.00357066551 -0.0698202457 0.319849232 -0.0280159909 -0.0733909096 0.319849232 -0.0280159909 0.0733909096 0.35210883 -0.00615253134 0.0698202457 0.337771216 0.00357066551 0.0698202457 0.337771216 0.00357066551 0.0698202457 0.35210883 -0.00615253134 0.0698202457 0.381223484 0.0135685289 0.0593829124 0.337771216 0.00357066551 0.0698202457 0.381223484 0.0135685289 0.0593829124 0.353921628 0.0320810563 0.0593829124 0.353921628 0.0320810563 0.0593829124 0.381223484 0.0135685289 0.0593829124 0.40429547 0.0292245239 0.043177586 0.353921628 0.0320810563 0.0593829124 0.40429547 0.0292245239 0.043177586 0.366721075 0.0546586506 0.043177586 0.366721075 0.0546586506 0.043177586 0.40429547 0.0292245239 0.043177586 0.419127468 0.0392773223 0.0226874593 0.366721075 0.0546586506 0.043177586 0.419127468 0.0392773223 0.0226874593 0.374961089 0.0692159776 0.0226874593 0.374961089 0.0692159776 0.0226874593 0.419127468 0.0392773223 0.0226874593 0.424236271 0.0427381195 0 0.374961089 0.0692159776 0.0226874593 0.424236271 0.0427381195 0 0.377762683 0.074214911 0 0.377762683 0.074214911 0 0.424236271 0.0427381195 0 0.419127468 0.0392773223 -0.0226874593 0.377762683 0.074214911 0 0.419127468 0.0392773223 -0.0226874593 0.374961089 0.0692159776 -0.0226874593 0.374961089 0.0692159776 -0.0226874593 0.419127468 0.0392773223 -0.0226874593 0.40429547 0.0292245239 -0.043177586 0.374961089 0.0692159776 -0.0226874593 0.40429547 0.0292245239 -0.043177586 0.366721075 0.0546586506 -0.043177586 0.366721075 0.0546586506 -0.043177586 0.40429547 0.0292245239 -0.043177586 0.381223484 0.0135685289 -0.0593829124 0.366721075 0.0546586506 -0.043177586 0.381223484 0.0135685289 -0.0593829124 0.353921628 0.0320810563 -0.0593829124 0.353921628 0.0320810563 -0.0593829124 0.381223484 0.0135685289 -0.0593829124 0.35210883 -0.00615253134 -0.0698202457 0.353921628 0.0320810563 -0.0593829124 0.35210883 -0.00615253134 -0.0698202457 0.337771216 0.00357066551 -0.0698202457 0.337771216 0.00357066551 -0.0698202457 0.35210883 -0.00615253134 -0.0698202457 0.319849232 -0.0280159909 -0.0733909096 0.319849232 -0.0280159909 0.0733909096 0.360074159 -0.0202154601 0.0698202457 0.35210883 -0.00615253134 0.0698202457 0.35210883 -0.00615253134 0.0698202457 0.360074159 -0.0202154601 0.0698202457 0.396385072 -0.0131839957 0.0593829124 0.35210883 -0.00615253134 0.0698202457 0.396385072 -0.0131839957 0.0593829124 0.381223484 0.0135685289 0.0593829124 0.381223484 0.0135685289 0.0593829124 0.396385072 -0.0131839957 0.0593829124 0.425170136 -0.00758079755 0.043177586 0.381223484 0.0135685289 0.0593829124 0.425170136 -0.00758079755 0.043177586 0.40429547 0.0292245239 0.043177586 0.40429547 0.0292245239 0.043177586 0.425170136 -0.00758079755 0.043177586 0.44362773 -0.00401013204 0.0226874593 0.40429547 0.0292245239 0.043177586 0.44362773 -0.00401013204 0.0226874593 0.419127468 0.0392773223 0.0226874593 0.419127468 0.0392773223 0.0226874593 0.44362773 -0.00401013204 0.0226874593 0.449999988 -0.00274666578 0 0.419127468 0.0392773223 0.0226874593 0.449999988 -0.00274666578 0 0.424236271 0.0427381195 0 0.424236271 0.0427381195 0 0.449999988 -0.00274666578 0 0.44362773 -0.00401013204 -0.0226874593 0.424236271 0.0427381195 0 0.44362773 -0.00401013204 -0.0226874593 0.419127468 0.0392773223 -0.0226874593 0.419127468 0.0392773223 -0.0226874593 0.44362773 -0.00401013204 -0.0226874593 0.425170136 -0.00758079755 -0.043177586 0.419127468 0.0392773223 -0.0226874593 0.425170136 -0.00758079755 -0.043177586 0.40429547 0.0292245239 -0.043177586 0.40429547 0.0292245239 -0.043177586 0.425170136 -0.00758079755 -0.043177586 0.396385072 -0.0131839957 -0.0593829124 0.40429547 0.0292245239 -0.043177586 0.396385072 -0.0131839957 -0.0593829124 0.381223484 0.0135685289 -0.0593829124 0.381223484 0.0135685289 -0.0593829124 0.396385072 -0.0131839957 -0.0593829124 0.360074159 -0.0202154601 -0.0698202457 0.381223484 0.0135685289 -0.0593829124 0.360074159 -0.0202154601 -0.0698202457 0.35210883 -0.00615253134 -0.0698202457 0.35210883 -0.00615253134 -0.0698202457 0.360074159 -0.0202154601 -0.0698202457 0.319849232 -0.0280159909 -0.0733909096 0.319849232 -0.0280159909 0.0733909096 0.360074159 -0.0358165217 0.0698202457 0.360074159 -0.0202154601 0.0698202457 0.360074159 -0.0202154601 0.0698202457 0.360074159 -0.0358165217 0.0698202457 0.396385072 -0.0428479861 0.0593829124 0.360074159 -0.0202154601 0.0698202457 0.396385072 -0.0428479861 0.0593829124 0.396385072 -0.0131839957 0.0593829124 0.396385072 -0.0131839957 0.0593829124 0.396385072 -0.0428479861 0.0593829124 0.425170136 -0.0484511843 0.043177586 0.396385072 -0.0131839957 0.0593829124 0.425170136 -0.0484511843 0.043177586 0.425170136 -0.00758079755 0.043177586 0.425170136 -0.00758079755 0.043177586 0.425170136 -0.0484511843 0.043177586 0.44362773 -0.0520218515 0.0226874593 0.425170136 -0.00758079755 0.043177586 0.44362773 -0.0520218515 0.0226874593 0.44362773 -0.00401013204 0.0226874593 0.44362773 -0.00401013204 0.0226874593 0.44362773 -0.0520218515 0.0226874593 0.449999988 -0.0532853161 0 0.44362773 -0.00401013204 0.0226874593 0.449999988 -0.0532853161 0 0.449999988 -0.00274666578 0 0.449999988 -0.00274666578 0 0.449999988 -0.0532853161 0 0.44362773 -0.0520218515 -0.0226874593 0.449999988 -0.00274666578 0 0.44362773 -0.0520218515 -0.0226874593 0.44362773 -0.00401013204 -0.0226874593 0.44362773 -0.00401013204 -0.0226874593 0.44362773 -0.0520218515 -0.0226874593 0.425170136 -0.0484511843 -0.043177586 0.44362773 -0.00401013204 -0.0226874593 0.425170136 -0.0484511843 -0.043177586 0.425170136 -0.00758079755 -0.043177586 0.425170136 -0.00758079755 -0.043177586 0.425170136 -0.0484511843 -0.043177586 0.396385072 -0.0428479861 -0.0593829124 0.425170136 -0.00758079755 -0.043177586 0.396385072 -0.0428479861 -0.0593829124 0.396385072 -0.0131839957 -0.0593829124 0.396385072 -0.0131839957 -0.0593829124 0.396385072 -0.0428479861 -0.0593829124 0.360074159 -0.0358165217 -0.0698202457 0.396385072 -0.0131839957 -0.0593829124 0.360074159 -0.0358165217 -0.0698202457 0.360074159 -0.0202154601 -0.0698202457 0.360074159 -0.0202154601 -0.0698202457 0.360074159 -0.0358165217 -0.0698202457 0.319849232 -0.0280159909 -0.0733909096 0.319849232 -0.0280159909 0.0733909096 0.35210883 -0.0498794505 0.0698202457 0.360074159 -0.0358165217 0.0698202457 0.360074159 -0.0358165217 0.0698202457 0.35210883 -0.0498794505 0.0698202457 0.381223484 -0.0696005125 0.0593829124 0.360074159 -0.0358165217 0.0698202457 0.381223484 -0.0696005125 0.0593829124 0.396385072 -0.0428479861 0.0593829124 0.396385072 -0.0428479861 0.0593829124 0.381223484 -0.0696005125 0.0593829124 0.40429547 -0.0852565057 0.043177586 0.396385072 -0.0428479861 0.0593829124 0.40429547 -0.0852565057 0.043177586 0.425170136 -0.0484511843 0.043177586 0.425170136 -0.0484511843 0.043177586 0.40429547 -0.0852565057 0.043177586 0.419127468 -0.0953093042 0.0226874593 0.425170136 -0.0484511843 0.043177586 0.419127468 -0.0953093042 0.0226874593 0.44362773 -0.0520218515 0.0226874593 0.44362773 -0.0520218515 0.0226874593 0.419127468 -0.0953093042 0.0226874593 0.424236271 -0.0987701047 0 0.44362773 -0.0520218515 0.0226874593 0.424236271 -0.0987701047 0 0.449999988 -0.0532853161 0 0.449999988 -0.0532853161 0 0.424236271 -0.0987701047 0 0.419127468 -0.0953093042 -0.0226874593 0.449999988 -0.0532853161 0 0.419127468 -0.0953093042 -0.0226874593 0.44362773 -0.0520218515 -0.0226874593 0.44362773 -0.0520218515 -0.0226874593 0.419127468 -0.0953093042 -0.0226874593 0.40429547 -0.0852565057 -0.043177586 0.44362773 -0.0520218515 -0.0226874593 0.40429547 -0.0852565057 -0.043177586 0.425170136 -0.0484511843 -0.043177586 0.425170136 -0.0484511843 -0.043177586 0.40429547 -0.0852565057 -0.043177586 0.381223484 -0.0696005125 -0.0593829124 0.425170136 -0.0484511843 -0.043177586 0.381223484 -0.0696005125 -0.0593829124 0.396385072 -0.0428479861 -0.0593829124 0.396385072 -0.0428479861 -0.0593829124 0.381223484 -0.0696005125 -0.0593829124 0.35210883 -0.0498794505 -0.0698202457 0.396385072 -0.0428479861 -0.0593829124 0.35210883 -0.0498794505 -0.0698202457 0.360074159 -0.0358165217 -0.0698202457 0.360074159 -0.0358165217 -0.0698202457 0.35210883 -0.0498794505 -0.0698202457 0.319849232 -0.0280159909 -0.0733909096 0.319849232 -0.0280159909 0.0733909096 0.337771216 -0.0596026457 0.0698202457 0.35210883 -0.0498794505 0.0698202457 0.35210883 -0.0498794505 0.0698202457 0.337771216 -0.0596026457 0.0698202457 0.353921628 -0.0881130381 0.0593829124 0.35210883 -0.0498794505 0.0698202457 0.353921628 -0.0881130381 0.0593829124 0.381223484 -0.0696005125 0.0593829124 0.381223484 -0.0696005125 0.0593829124 0.353921628 -0.0881130381 0.0593829124 0.366721075 -0.110690633 0.043177586 0.381223484 -0.0696005125 0.0593829124 0.366721075 -0.110690633 0.043177586 0.40429547 -0.0852565057 0.043177586 0.40429547 -0.0852565057 0.043177586 0.366721075 -0.110690633 0.043177586 0.374961089 -0.125261692 0.0226874593 0.40429547 -0.0852565057 0.043177586 0.374961089 -0.125261692 0.0226874593 0.419127468 -0.0953093042 0.0226874593 0.419127468 -0.0953093042 0.0226874593 0.374961089 -0.125261692 0.0226874593 0.377762683 -0.130260619 0 0.419127468 -0.0953093042 0.0226874593 0.377762683 -0.130260619 0 0.424236271 -0.0987701047 0 0.424236271 -0.0987701047 0 0.377762683 -0.130260619 0 0.374961089 -0.125261692 -0.0226874593 0.424236271 -0.0987701047 0 0.374961089 -0.125261692 -0.0226874593 0.419127468 -0.0953093042 -0.0226874593 0.419127468 -0.0953093042 -0.0226874593 0.374961089 -0.125261692 -0.0226874593 0.366721075 -0.110690633 -0.043177586 0.419127468 -0.0953093042 -0.0226874593 0.366721075 -0.110690633 -0.043177586 0.40429547 -0.0852565057 -0.043177586 0.40429547 -0.0852565057 -0.043177586 0.366721075 -0.110690633 -0.043177586 0.353921628 -0.0881130381 -0.0593829124 0.40429547 -0.0852565057 -0.043177586 0.353921628 -0.0881130381 -0.0593829124 0.381223484 -0.0696005125 -0.0593829124 0.381223484 -0.0696005125 -0.0593829124 0.353921628 -0.0881130381 -0.0593829124 0.337771216 -0.0596026457 -0.0698202457 0.381223484 -0.0696005125 -0.0593829124 0.337771216 -0.0596026457 -0.0698202457 0.35210883 -0.0498794505 -0.0698202457 0.35210883 -0.0498794505 -0.0698202457 0.337771216 -0.0596026457 -0.0698202457 0.319849232 -0.0280159909 -0.0733909096 0.319849232 -0.0280159909 0.0733909096 0.319849232 -0.0630634463 0.0698202457 0.337771216 -0.0596026457 0.0698202457 0.337771216 -0.0596026457 0.0698202457 0.319849232 -0.0630634463 0.0698202457 0.319849232 -0.094705036 0.0593829124 0.337771216 -0.0596026457 0.0698202457 0.319849232 -0.094705036 0.0593829124 0.353921628 -0.0881130381 0.0593829124 0.353921628 -0.0881130381 0.0593829124 0.319849232 -0.094705036 0.0593829124 0.319849232 -0.119823299 0.043177586 0.353921628 -0.0881130381 0.0593829124 0.319849232 -0.119823299 0.043177586 0.366721075 -0.110690633 0.043177586 0.366721075 -0.110690633 0.043177586 0.319849232 -0.119823299 0.043177586 0.319849232 -0.135918752 0.0226874593 0.366721075 -0.110690633 0.043177586 0.319849232 -0.135918752 0.0226874593 0.374961089 -0.125261692 0.0226874593 0.374961089 -0.125261692 0.0226874593 0.319849232 -0.135918752 0.0226874593 0.319849232 -0.141467022 0 0.374961089 -0.125261692 0.0226874593 0.319849232 -0.141467022 0 0.377762683 -0.130260619 0 0.377762683 -0.130260619 0 0.319849232 -0.141467022 0 0.319849232 -0.135918752 -0.0226874593 0.377762683 -0.130260619 0 0.319849232 -0.135918752 -0.0226874593 0.374961089 -0.125261692 -0.0226874593 0.374961089 -0.125261692 -0.0226874593 0.319849232 -0.135918752 -0.0226874593 0.319849232 -0.119823299 -0.043177586 0.374961089 -0.125261692 -0.0226874593 0.319849232 -0.119823299 -0.043177586 0.366721075 -0.110690633 -0.043177586 0.366721075 -0.110690633 -0.043177586 0.319849232 -0.119823299 -0.043177586 0.319849232 -0.094705036 -0.0593829124 0.366721075 -0.110690633 -0.043177586 0.319849232 -0.094705036 -0.0593829124 0.353921628 -0.0881130381 -0.0593829124 0.353921628 -0.0881130381 -0.0593829124 0.319849232 -0.094705036 -0.0593829124 0.319849232 -0.0630634463 -0.0698202457 0.353921628 -0.0881130381 -0.0593829124 0.319849232 -0.0630634463 -0.0698202457 0.337771216 -0.0596026457 -0.0698202457 0.337771216 -0.0596026457 -0.0698202457 0.319849232 -0.0630634463 -0.0698202457 0.319849232 -0.0280159909 -0.0733909096 0.319849232 -0.0280159909 0.0733909096 0.301940981 -0.0596026457 0.0698202457 0.319849232 -0.0630634463 0.0698202457 0.319849232 -0.0630634463 0.0698202457 0.301940981 -0.0596026457 0.0698202457 0.28579057 -0.0881130381 0.0593829124 0.319849232 -0.0630634463 0.0698202457 0.28579057 -0.0881130381 0.0593829124 0.319849232 -0.094705036 0.0593829124 0.319849232 -0.094705036 0.0593829124 0.28579057 -0.0881130381 0.0593829124 0.272991123 -0.110690633 0.043177586 0.319849232 -0.094705036 0.0593829124 0.272991123 -0.110690633 0.043177586 0.319849232 -0.119823299 0.043177586 0.319849232 -0.119823299 0.043177586 0.272991123 -0.110690633 0.043177586 0.264751108 -0.125261692 0.0226874593 0.319849232 -0.119823299 0.043177586 0.264751108 -0.125261692 0.0226874593 0.319849232 -0.135918752 0.0226874593 0.319849232 -0.135918752 0.0226874593 0.264751108 -0.125261692 0.0226874593 0.261949514 -0.130260619 0 0.319849232 -0.135918752 0.0226874593 0.261949514 -0.130260619 0 0.319849232 -0.141467022 0 0.319849232 -0.141467022 0 0.261949514 -0.130260619 0 0.264751108 -0.125261692 -0.0226874593 0.319849232 -0.141467022 0 0.264751108 -0.125261692 -0.0226874593 0.319849232 -0.135918752 -0.0226874593 0.319849232 -0.135918752 -0.0226874593 0.264751108 -0.125261692 -0.0226874593 0.272991123 -0.110690633 -0.043177586 0.319849232 -0.135918752 -0.0226874593 0.272991123 -0.110690633 -0.043177586 0.319849232 -0.119823299 -0.043177586 0.319849232 -0.119823299 -0.043177586 0.272991123 -0.110690633 -0.043177586 0.28579057 -0.0881130381 -0.0593829124 0.319849232 -0.119823299 -0.043177586 0.28579057 -0.0881130381 -0.0593829124 0.319849232 -0.094705036 -0.0593829124 0.319849232 -0.094705036 -0.0593829124 0.28579057 -0.0881130381 -0.0593829124 0.301940981 -0.0596026457 -0.0698202457 0.319849232 -0.094705036 -0.0593829124 0.301940981 -0.0596026457 -0.0698202457 0.319849232 -0.0630634463 -0.0698202457 0.319849232 -0.0630634463 -0.0698202457 0.301940981 -0.0596026457 -0.0698202457 0.319849232 -0.0280159909 -0.0733909096 0.319849232 -0.0280159909 0.0733909096 0.287603368 -0.0498794505 0.0698202457 0.301940981 -0.0596026457 0.0698202457 0.301940981 -0.0596026457 0.0698202457 0.287603368 -0.0498794505 0.0698202457 0.258543645 -0.0696005125 0.0593829124 0.301940981 -0.0596026457 0.0698202457 0.258543645 -0.0696005125 0.0593829124 0.28579057 -0.0881130381 0.0593829124 0.28579057 -0.0881130381 0.0593829124 0.258543645 -0.0696005125 0.0593829124 0.235416728 -0.0852565057 0.043177586 0.28579057 -0.0881130381 0.0593829124 0.235416728 -0.0852565057 0.043177586 0.272991123 -0.110690633 0.043177586 0.272991123 -0.110690633 0.043177586 0.235416728 -0.0852565057 0.043177586 0.220570997 -0.0953093042 0.0226874593 0.272991123 -0.110690633 0.043177586 0.220570997 -0.0953093042 0.0226874593 0.264751108 -0.125261692 0.0226874593 0.264751108 -0.125261692 0.0226874593 0.220570997 -0.0953093042 0.0226874593 0.215462193 -0.0987701047 0 0.264751108 -0.125261692 0.0226874593 0.215462193 -0.0987701047 0 0.261949514 -0.130260619 0 0.261949514 -0.130260619 0 0.215462193 -0.0987701047 0 0.220570997 -0.0953093042 -0.0226874593 0.261949514 -0.130260619 0 0.220570997 -0.0953093042 -0.0226874593 0.264751108 -0.125261692 -0.0226874593 0.264751108 -0.125261692 -0.0226874593 0.220570997 -0.0953093042 -0.0226874593 0.235416728 -0.0852565057 -0.043177586 0.264751108 -0.125261692 -0.0226874593 0.235416728 -0.0852565057 -0.043177586 0.272991123 -0.110690633 -0.043177586 0.272991123 -0.110690633 -0.043177586 0.235416728 -0.0852565057 -0.043177586 0.258543645 -0.0696005125 -0.0593829124 0.272991123 -0.110690633 -0.043177586 0.258543645 -0.0696005125 -0.0593829124 0.28579057 -0.0881130381 -0.0593829124 0.28579057 -0.0881130381 -0.0593829124 0.258543645 -0.0696005125 -0.0593829124 0.287603368 -0.0498794505 -0.0698202457 0.28579057 -0.0881130381 -0.0593829124 0.287603368 -0.0498794505 -0.0698202457 0.301940981 -0.0596026457 -0.0698202457 0.301940981 -0.0596026457 -0.0698202457 0.287603368 -0.0498794505 -0.0698202457 0.319849232 -0.0280159909 -0.0733909096 0.319849232 -0.0280159909 0.0733909096 0.279638039 -0.0358165217 0.0698202457 0.287603368 -0.0498794505 0.0698202457 0.287603368 -0.0498794505 0.0698202457 0.279638039 -0.0358165217 0.0698202457 0.243382057 -0.0428479861 0.0593829124 0.287603368 -0.0498794505 0.0698202457 0.243382057 -0.0428479861 0.0593829124 0.258543645 -0.0696005125 0.0593829124 0.258543645 -0.0696005125 0.0593829124 0.243382057 -0.0428479861 0.0593829124 0.21458326 -0.0484511843 0.043177586 0.258543645 -0.0696005125 0.0593829124 0.21458326 -0.0484511843 0.043177586 0.235416728 -0.0852565057 0.043177586 0.235416728 -0.0852565057 0.043177586 0.21458326 -0.0484511843 0.043177586 0.196070734 -0.0520218515 0.0226874593 0.235416728 -0.0852565057 0.043177586 0.196070734 -0.0520218515 0.0226874593 0.220570997 -0.0953093042 0.0226874593 0.220570997 -0.0953093042 0.0226874593 0.196070734 -0.0520218515 0.0226874593 0.189698477 -0.0532853161 0 0.220570997 -0.0953093042 0.0226874593 0.189698477 -0.0532853161 0 0.215462193 -0.0987701047 0 0.215462193 -0.0987701047 0 0.189698477 -0.0532853161 0 0.196070734 -0.0520218515 -0.0226874593 0.215462193 -0.0987701047 0 0.196070734 -0.0520218515 -0.0226874593 0.220570997 -0.0953093042 -0.0226874593 0.220570997 -0.0953093042 -0.0226874593 0.196070734 -0.0520218515 -0.0226874593 0.21458326 -0.0484511843 -0.043177586 0.220570997 -0.0953093042 -0.0226874593 0.21458326 -0.0484511843 -0.043177586 0.235416728 -0.0852565057 -0.043177586 0.235416728 -0.0852565057 -0.043177586 0.21458326 -0.0484511843 -0.043177586 0.243382057 -0.0428479861 -0.0593829124 0.235416728 -0.0852565057 -0.043177586 0.243382057 -0.0428479861 -0.0593829124 0.258543645 -0.0696005125 -0.0593829124 0.258543645 -0.0696005125 -0.0593829124 0.243382057 -0.0428479861 -0.0593829124 0.279638039 -0.0358165217 -0.0698202457 0.258543645 -0.0696005125 -0.0593829124 0.279638039 -0.0358165217 -0.0698202457 0.287603368 -0.0498794505 -0.0698202457 0.287603368 -0.0498794505 -0.0698202457 0.279638039 -0.0358165217 -0.0698202457 0.319849232 -0.0280159909 -0.0733909096 0.319849232 -0.0280159909 0.0733909096 0.279638039 -0.0202154601 0.0698202457 0.279638039 -0.0358165217 0.0698202457 0.279638039 -0.0358165217 0.0698202457 0.279638039 -0.0202154601 0.0698202457 0.243382057 -0.0131839957 0.0593829124 0.279638039 -0.0358165217 0.0698202457 0.243382057 -0.0131839957 0.0593829124 0.243382057 -0.0428479861 0.0593829124 0.243382057 -0.0428479861 0.0593829124 0.243382057 -0.0131839957 0.0593829124 0.21458326 -0.00758079755 0.043177586 0.243382057 -0.0428479861 0.0593829124 0.21458326 -0.00758079755 0.043177586 0.21458326 -0.0484511843 0.043177586 0.21458326 -0.0484511843 0.043177586 0.21458326 -0.00758079755 0.043177586 0.196070734 -0.00401013204 0.0226874593 0.21458326 -0.0484511843 0.043177586 0.196070734 -0.00401013204 0.0226874593 0.196070734 -0.0520218515 0.0226874593 0.196070734 -0.0520218515 0.0226874593 0.196070734 -0.00401013204 0.0226874593 0.189698477 -0.00274666578 0 0.196070734 -0.0520218515 0.0226874593 0.189698477 -0.00274666578 0 0.189698477 -0.0532853161 0 0.189698477 -0.0532853161 0 0.189698477 -0.00274666578 0 0.196070734 -0.00401013204 -0.0226874593 0.189698477 -0.0532853161 0 0.196070734 -0.00401013204 -0.0226874593 0.196070734 -0.0520218515 -0.0226874593 0.196070734 -0.0520218515 -0.0226874593 0.196070734 -0.00401013204 -0.0226874593 0.21458326 -0.00758079755 -0.043177586 0.196070734 -0.0520218515 -0.0226874593 0.21458326 -0.00758079755 -0.043177586 0.21458326 -0.0484511843 -0.043177586 0.21458326 -0.0484511843 -0.043177586 0.21458326 -0.00758079755 -0.043177586 0.243382057 -0.0131839957 -0.0593829124 0.21458326 -0.0484511843 -0.043177586 0.243382057 -0.0131839957 -0.0593829124 0.243382057 -0.0428479861 -0.0593829124 0.243382057 -0.0428479861 -0.0593829124 0.243382057 -0.0131839957 -0.0593829124 0.279638039 -0.0202154601 -0.0698202457 0.243382057 -0.0428479861 -0.0593829124 0.279638039 -0.0202154601 -0.0698202457 0.279638039 -0.0358165217 -0.0698202457 0.279638039 -0.0358165217 -0.0698202457 0.279638039 -0.0202154601 -0.0698202457 0.319849232 -0.0280159909 -0.0733909096 0.319849232 -0.0280159909 0.0733909096 0.287603368 -0.00615253134 0.0698202457 0.279638039 -0.0202154601 0.0698202457 0.279638039 -0.0202154601 0.0698202457 0.287603368 -0.00615253134 0.0698202457 0.258543645 0.0135685289 0.0593829124 0.279638039 -0.0202154601 0.0698202457 0.258543645 0.0135685289 0.0593829124 0.243382057 -0.0131839957 0.0593829124 0.243382057 -0.0131839957 0.0593829124 0.258543645 0.0135685289 0.0593829124 0.235416728 0.0292245239 0.043177586 0.243382057 -0.0131839957 0.0593829124 0.235416728 0.0292245239 0.043177586 0.21458326 -0.00758079755 0.043177586 0.21458326 -0.00758079755 0.043177586 0.235416728 0.0292245239 0.043177586 0.220570997 0.0392773223 0.0226874593 0.21458326 -0.00758079755 0.043177586 0.220570997 0.0392773223 0.0226874593 0.196070734 -0.00401013204 0.0226874593 0.196070734 -0.00401013204 0.0226874593 0.220570997 0.0392773223 0.0226874593 0.215462193 0.0427381195 0 0.196070734 -0.00401013204 0.0226874593 0.215462193 0.0427381195 0 0.189698477 -0.00274666578 0 0.189698477 -0.00274666578 0 0.215462193 0.0427381195 0 0.220570997 0.0392773223 -0.0226874593 0.189698477 -0.00274666578 0 0.220570997 0.0392773223 -0.0226874593 0.196070734 -0.00401013204 -0.0226874593 0.196070734 -0.00401013204 -0.0226874593 0.220570997 0.0392773223 -0.0226874593 0.235416728 0.0292245239 -0.043177586 0.196070734 -0.00401013204 -0.0226874593 0.235416728 0.0292245239 -0.043177586 0.21458326 -0.00758079755 -0.043177586 0.21458326 -0.00758079755 -0.043177586 0.235416728 0.0292245239 -0.043177586 0.258543645 0.0135685289 -0.0593829124 0.21458326 -0.00758079755 -0.043177586 0.258543645 0.0135685289 -0.0593829124 0.243382057 -0.0131839957 -0.0593829124 0.243382057 -0.0131839957 -0.0593829124 0.258543645 0.0135685289 -0.0593829124 0.287603368 -0.00615253134 -0.0698202457 0.243382057 -0.0131839957 -0.0593829124 0.287603368 -0.00615253134 -0.0698202457 0.279638039 -0.0202154601 -0.0698202457 0.279638039 -0.0202154601 -0.0698202457 0.287603368 -0.00615253134 -0.0698202457 0.319849232 -0.0280159909 -0.0733909096 0.319849232 -0.0280159909 0.0733909096 0.301940981 0.00357066551 0.0698202457 0.287603368 -0.00615253134 0.0698202457 0.287603368 -0.00615253134 0.0698202457 0.301940981 0.00357066551 0.0698202457 0.28579057 0.0320810563 0.0593829124 0.287603368 -0.00615253134 0.0698202457 0.28579057 0.0320810563 0.0593829124 0.258543645 0.0135685289 0.0593829124 0.258543645 0.0135685289 0.0593829124 0.28579057 0.0320810563 0.0593829124 0.272991123 0.0546586506 0.043177586 0.258543645 0.0135685289 0.0593829124 0.272991123 0.0546586506 0.043177586 0.235416728 0.0292245239 0.043177586 0.235416728 0.0292245239 0.043177586 0.272991123 0.0546586506 0.043177586 0.264751108 0.0692159776 0.0226874593 0.235416728 0.0292245239 0.043177586 0.264751108 0.0692159776 0.0226874593 0.220570997 0.0392773223 0.0226874593 0.220570997 0.0392773223 0.0226874593 0.264751108 0.0692159776 0.0226874593 0.261949514 0.074214911 0 0.220570997 0.0392773223 0.0226874593 0.261949514 0.074214911 0 0.215462193 0.0427381195 0 0.215462193 0.0427381195 0 0.261949514 0.074214911 0 0.264751108 0.0692159776 -0.0226874593 0.215462193 0.0427381195 0 0.264751108 0.0692159776 -0.0226874593 0.220570997 0.0392773223 -0.0226874593 0.220570997 0.0392773223 -0.0226874593 0.264751108 0.0692159776 -0.0226874593 0.272991123 0.0546586506 -0.043177586 0.220570997 0.0392773223 -0.0226874593 0.272991123 0.0546586506 -0.043177586 0.235416728 0.0292245239 -0.043177586 0.235416728 0.0292245239 -0.043177586 0.272991123 0.0546586506 -0.043177586 0.28579057 0.0320810563 -0.0593829124 0.235416728 0.0292245239 -0.043177586 0.28579057 0.0320810563 -0.0593829124 0.258543645 0.0135685289 -0.0593829124 0.258543645 0.0135685289 -0.0593829124 0.28579057 0.0320810563 -0.0593829124 0.301940981 0.00357066551 -0.0698202457 0.258543645 0.0135685289 -0.0593829124 0.301940981 0.00357066551 -0.0698202457 0.287603368 -0.00615253134 -0.0698202457 0.287603368 -0.00615253134 -0.0698202457 0.301940981 0.00357066551 -0.0698202457 0.319849232 -0.0280159909 -0.0733909096 0.319849232 -0.0280159909 0.0733909096 0.319849232 0.00703146439 0.0698202457 0.301940981 0.00357066551 0.0698202457 0.301940981 0.00357066551 0.0698202457 0.319849232 0.00703146439 0.0698202457 0.319849232 0.0386730541 0.0593829124 0.301940981 0.00357066551 0.0698202457 0.319849232 0.0386730541 0.0593829124 0.28579057 0.0320810563 0.0593829124 0.28579057 0.0320810563 0.0593829124 0.319849232 0.0386730541 0.0593829124 0.319849232 0.0637775777 0.043177586 0.28579057 0.0320810563 0.0593829124 0.319849232 0.0637775777 0.043177586 0.272991123 0.0546586506 0.043177586 0.272991123 0.0546586506 0.043177586 0.319849232 0.0637775777 0.043177586 0.319849232 0.0798730442 0.0226874593 0.272991123 0.0546586506 0.043177586 0.319849232 0.0798730442 0.0226874593 0.264751108 0.0692159776 0.0226874593 0.264751108 0.0692159776 0.0226874593 0.319849232 0.0798730442 0.0226874593 0.319849232 0.0854213074 0 0.264751108 0.0692159776 0.0226874593 0.319849232 0.0854213074 0 0.261949514 0.074214911 0 0.261949514 0.074214911 0 0.319849232 0.0854213074 0 0.319849232 0.0798730442 -0.0226874593 0.261949514 0.074214911 0 0.319849232 0.0798730442 -0.0226874593 0.264751108 0.0692159776 -0.0226874593 0.264751108 0.0692159776 -0.0226874593 0.319849232 0.0798730442 -0.0226874593 0.319849232 0.0637775777 -0.043177586 0.264751108 0.0692159776 -0.0226874593 0.319849232 0.0637775777 -0.043177586 0.272991123 0.0546586506 -0.043177586 0.272991123 0.0546586506 -0.043177586 0.319849232 0.0637775777 -0.043177586 0.319849232 0.0386730541 -0.0593829124 0.272991123 0.0546586506 -0.043177586 0.319849232 0.0386730541 -0.0593829124 0.28579057 0.0320810563 -0.0593829124 0.28579057 0.0320810563 -0.0593829124 0.319849232 0.0386730541 -0.0593829124 0.319849232 0.00703146439 -0.0698202457 0.28579057 0.0320810563 -0.0593829124 0.319849232 0.00703146439 -0.0698202457 0.301940981 0.00357066551 -0.0698202457 0.301940981 0.00357066551 -0.0698202457 0.319849232 0.00703146439 -0.0698202457 0.319849232 -0.0280159909 -0.0733909096 0.285570843 -0.0364207899 0.0063722646 0.263103106 -0.0718527767 0.0266975914 0.264531382 -0.0780602397 0.00477919845 0.264531382 -0.0780602397 0.00477919845 0.263103106 -0.0718527767 0.0266975914 0.245908993 -0.0813562387 0.031916258 0.264531382 -0.0780602397 0.00477919845 0.245908993 -0.0813562387 0.031916258 0.247831654 -0.0894314377 0.0031861323 0.247831654 -0.0894314377 0.0031861323 0.245908993 -0.0813562387 0.031916258 0.229923403 -0.0850367725 0.0337290557 0.247831654 -0.0894314377 0.0031861323 0.229923403 -0.0850367725 0.0337290557 0.232120722 -0.0941007679 0.00159306615 0.232120722 -0.0941007679 0.00159306615 0.229923403 -0.0850367725 0.0337290557 0.214748068 -0.0847621076 0.0331797226 0.232120722 -0.0941007679 0.00159306615 0.214748068 -0.0847621076 0.0331797226 0.217000333 -0.0941007679 0 0.217000333 -0.0941007679 0 0.214748068 -0.0847621076 0.0331797226 0.204255803 -0.0819605068 0.03098239 0.217000333 -0.0941007679 0 0.204255803 -0.0819605068 0.03098239 0.206947534 -0.0910245022 -0.00131839957 0.206947534 -0.0910245022 -0.00131839957 0.204255803 -0.0819605068 0.03098239 0.189973135 -0.0783349113 0.0280709242 0.206947534 -0.0910245022 -0.00131839957 0.189973135 -0.0783349113 0.0280709242 0.192719811 -0.0871242418 -0.00307626567 0.192719811 -0.0871242418 -0.00307626567 0.189973135 -0.0783349113 0.0280709242 0.172779009 -0.0740501094 0.0246101254 0.192719811 -0.0871242418 -0.00307626567 0.172779009 -0.0740501094 0.0246101254 0.175360876 -0.082454905 -0.00516373166 0.175360876 -0.082454905 -0.00516373166 0.172779009 -0.0740501094 0.0246101254 0.153167823 -0.069161046 0.0207647933 0.175360876 -0.082454905 -0.00516373166 0.153167823 -0.069161046 0.0207647933 0.155584883 -0.077126375 -0.00752586423 0.155584883 -0.077126375 -0.00752586423 0.153167823 -0.069161046 0.0207647933 0.13185369 -0.063722646 0.0166997279 0.155584883 -0.077126375 -0.00752586423 0.13185369 -0.063722646 0.0166997279 0.133886228 -0.0712485086 -0.00999786343 0.133886228 -0.0712485086 -0.00999786343 0.13185369 -0.063722646 0.0166997279 0.1091525 -0.057789848 0.0125247959 0.133886228 -0.0712485086 -0.00999786343 0.1091525 -0.057789848 0.0125247959 0.110910366 -0.064876244 -0.0125247959 0.110910366 -0.064876244 -0.0125247959 0.1091525 -0.057789848 0.0125247959 0.0857509039 -0.0513626517 0.00840479728 0.110910366 -0.064876244 -0.0125247959 0.0857509039 -0.0513626517 0.00840479728 0.0870693035 -0.0579546496 -0.0149967951 0.0870693035 -0.0579546496 -0.0149967951 0.0857509039 -0.0513626517 0.00840479728 0.0619647799 -0.0445509206 0.00450453188 0.0870693035 -0.0579546496 -0.0149967951 0.0619647799 -0.0445509206 0.00450453188 0.062953583 -0.0507034519 -0.0173589277 0.062953583 -0.0507034519 -0.0173589277 0.0619647799 -0.0445509206 0.00450453188 0.0383983892 -0.0373546546 0.00098879968 0.062953583 -0.0507034519 -0.0173589277 0.0383983892 -0.0373546546 0.00098879968 0.0388927874 -0.0430677194 -0.0193914604 0.0388927874 -0.0430677194 -0.0193914604 0.0383983892 -0.0373546546 0.00098879968 0.0151066618 -0.0297189254 -0.00214239931 0.0388927874 -0.0430677194 -0.0193914604 0.0151066618 -0.0297189254 -0.00214239931 0.0152714617 -0.0350474553 -0.0212042598 0.0152714617 -0.0350474553 -0.0212042598 0.0151066618 -0.0297189254 -0.00214239931 -0.00878933049 -0.0214789264 -0.00516373166 0.0152714617 -0.0350474553 -0.0212042598 -0.00878933049 -0.0214789264 -0.00516373166 -0.0088442638 -0.0263679915 -0.0229071926 -0.0088442638 -0.0263679915 -0.0229071926 -0.00878933049 -0.0214789264 -0.00516373166 -0.0333994559 -0.0125797293 -0.0081301307 -0.0088442638 -0.0263679915 -0.0229071926 -0.0333994559 -0.0125797293 -0.0081301307 -0.0335642575 -0.0170842611 -0.0245002587 -0.0335642575 -0.0170842611 -0.0245002587 -0.0333994559 -0.0125797293 -0.0081301307 -0.0585589177 -0.00324106562 -0.0109866631 -0.0335642575 -0.0170842611 -0.0245002587 -0.0585589177 -0.00324106562 -0.0109866631 -0.0588335826 -0.00736106428 -0.0260383916 -0.0588335826 -0.00736106428 -0.0260383916 -0.0585589177 -0.00324106562 -0.0109866631 -0.0841578394 0.0063722646 -0.0137882622 -0.0588335826 -0.00736106428 -0.0260383916 -0.0841578394 0.0063722646 -0.0137882622 -0.0844874427 0.00263679915 -0.0275215911 -0.0844874427 0.00263679915 -0.0275215911 -0.0841578394 0.0063722646 -0.0137882622 -0.110031433 0.0162053281 -0.0164250613 -0.0844874427 0.00263679915 -0.0275215911 -0.110031433 0.0162053281 -0.0164250613 -0.110415968 0.0127994625 -0.028894924 -0.110415968 0.0127994625 -0.028894924 -0.110031433 0.0162053281 -0.0164250613 -0.136083561 0.0260933249 -0.0189519939 -0.110415968 0.0127994625 -0.028894924 -0.136083561 0.0260933249 -0.0189519939 -0.136468095 0.0230170592 -0.0302133236 -0.136468095 0.0230170592 -0.0302133236 -0.136083561 0.0260933249 -0.0189519939 -0.162121949 0.0358714567 -0.0213690597 -0.136468095 0.0230170592 -0.0302133236 -0.162121949 0.0358714567 -0.0213690597 -0.162451552 0.033124791 -0.0314767915 -0.162451552 0.033124791 -0.0314767915 -0.162121949 0.0358714567 -0.0213690597 -0.187995542 0.0454298536 -0.0236213257 -0.162451552 0.033124791 -0.0314767915 -0.187995542 0.0454298536 -0.0236213257 -0.188325145 0.0430127878 -0.0326303894 -0.188325145 0.0430127878 -0.0326303894 -0.187995542 0.0454298536 -0.0236213257 -0.213759259 0.0547135823 -0.0257087917 -0.188325145 0.0430127878 -0.0326303894 -0.213759259 0.0547135823 -0.0257087917 -0.21403393 0.0525711847 -0.0337290557 -0.21403393 0.0525711847 -0.0337290557 -0.213759259 0.0547135823 -0.0257087917 -0.241459396 0.0645466474 -0.027686391 -0.21403393 0.0525711847 -0.0337290557 -0.241459396 0.0645466474 -0.027686391 -0.241788986 0.0626789114 -0.0347178554 -0.241788986 0.0626789114 -0.0347178554 -0.241459396 0.0645466474 -0.027686391 -0.270958571 0.0749290424 -0.0295541238 -0.241788986 0.0626789114 -0.0347178554 -0.270958571 0.0749290424 -0.0295541238 -0.271288188 0.0733359779 -0.0356517235 -0.271288188 0.0733359779 -0.0356517235 -0.270958571 0.0749290424 -0.0295541238 -0.301281775 0.0855311706 -0.0313119899 -0.271288188 0.0733359779 -0.0356517235 -0.301281775 0.0855311706 -0.0313119899 -0.301556433 0.0841578394 -0.0365306565 -0.301556433 0.0841578394 -0.0365306565 -0.301281775 0.0855311706 -0.0313119899 -0.331495088 0.0960783672 -0.0329050577 -0.301556433 0.0841578394 -0.0365306565 -0.331495088 0.0960783672 -0.0329050577 -0.331714815 0.0949247693 -0.0372997229 -0.331714815 0.0949247693 -0.0372997229 -0.331495088 0.0960783672 -0.0329050577 -0.360678407 0.106186097 -0.0343882555 -0.331714815 0.0949247693 -0.0372997229 -0.360678407 0.106186097 -0.0343882555 -0.360843229 0.105252233 -0.0380138544 -0.360843229 0.105252233 -0.0380138544 -0.360678407 0.106186097 -0.0343882555 -0.3878704 0.11564836 -0.0357066551 -0.360843229 0.105252233 -0.0380138544 -0.3878704 0.11564836 -0.0357066551 -0.388035195 0.114879291 -0.0386181225 -0.388035195 0.114879291 -0.0386181225 -0.3878704 0.11564836 -0.0357066551 -0.412205867 0.124053156 -0.0368602564 -0.388035195 0.114879291 -0.0386181225 -0.412205867 0.124053156 -0.0368602564 -0.41231573 0.123448895 -0.0391674557 -0.41231573 0.123448895 -0.0391674557 -0.412205867 0.124053156 -0.0368602564 -0.432641054 0.131139552 -0.0379039877 -0.41231573 0.123448895 -0.0391674557 -0.432641054 0.131139552 -0.0379039877 -0.432750917 0.130700086 -0.0396618538 -0.432750917 0.130700086 -0.0396618538 -0.432641054 0.131139552 -0.0379039877 -0.448406917 0.13663289 -0.0387279891 -0.432750917 0.130700086 -0.0396618538 -0.448406917 0.13663289 -0.0387279891 -0.448461849 0.136303287 -0.0400463887 -0.448461849 0.136303287 -0.0400463887 -0.448406917 0.13663289 -0.0387279891 -0.44895626 0.136852617 -0.0387829208 -0.448461849 0.136303287 -0.0400463887 -0.44895626 0.136852617 -0.0387829208 -0.449011192 0.136523027 -0.0400463887 -0.449011192 0.136523027 -0.0400463887 -0.44895626 0.136852617 -0.0387829208 -0.449450645 0.137292083 -0.0388927874 -0.449011192 0.136523027 -0.0400463887 -0.449450645 0.137292083 -0.0388927874 -0.449505577 0.136962494 -0.0400463887 -0.449505577 0.136962494 -0.0400463887 -0.449450645 0.137292083 -0.0388927874 -0.449890125 0.137896358 -0.0392223873 -0.449505577 0.136962494 -0.0400463887 -0.449890125 0.137896358 -0.0392223873 -0.449945056 0.137676618 -0.0401013204 -0.449945056 0.137676618 -0.0401013204 -0.449890125 0.137896358 -0.0392223873 -0.449999988 0.139544361 -0.0401013204 0.285570843 -0.0364207899 0.0063722646 0.263652449 -0.0555925153 0.0427930545 0.263103106 -0.0718527767 0.0266975914 0.263103106 -0.0718527767 0.0266975914 0.263652449 -0.0555925153 0.0427930545 0.246678063 -0.0600970506 0.0529557162 0.263103106 -0.0718527767 0.0266975914 0.246678063 -0.0600970506 0.0529557162 0.245908993 -0.0813562387 0.031916258 0.245908993 -0.0813562387 0.031916258 0.246678063 -0.0600970506 0.0529557162 0.230802336 -0.0612506485 0.0572405182 0.245908993 -0.0813562387 0.031916258 0.230802336 -0.0612506485 0.0572405182 0.229923403 -0.0850367725 0.0337290557 0.229923403 -0.0850367725 0.0337290557 0.230802336 -0.0612506485 0.0572405182 0.215681933 -0.0602069138 0.0574602514 0.229923403 -0.0850367725 0.0337290557 0.215681933 -0.0602069138 0.0574602514 0.214748068 -0.0847621076 0.0331797226 0.214748068 -0.0847621076 0.0331797226 0.215681933 -0.0602069138 0.0574602514 0.204365667 -0.0580095812 0.0546037157 0.214748068 -0.0847621076 0.0331797226 0.204365667 -0.0580095812 0.0546037157 0.204255803 -0.0819605068 0.03098239 0.204255803 -0.0819605068 0.03098239 0.204365667 -0.0580095812 0.0546037157 0.189863271 -0.0552629154 0.0508682502 0.204255803 -0.0819605068 0.03098239 0.189863271 -0.0552629154 0.0508682502 0.189973135 -0.0783349113 0.0280709242 0.189973135 -0.0783349113 0.0280709242 0.189863271 -0.0552629154 0.0508682502 0.172614214 -0.0519669165 0.0464186533 0.189973135 -0.0783349113 0.0280709242 0.172614214 -0.0519669165 0.0464186533 0.172779009 -0.0740501094 0.0246101254 0.172779009 -0.0740501094 0.0246101254 0.172614214 -0.0519669165 0.0464186533 0.153222755 -0.0481765194 0.0414746549 0.172779009 -0.0740501094 0.0246101254 0.153222755 -0.0481765194 0.0414746549 0.153167823 -0.069161046 0.0207647933 0.153167823 -0.069161046 0.0207647933 0.153222755 -0.0481765194 0.0414746549 0.132128362 -0.0439466524 0.0362559883 0.153167823 -0.069161046 0.0207647933 0.132128362 -0.0439466524 0.0362559883 0.13185369 -0.063722646 0.0166997279 0.13185369 -0.063722646 0.0166997279 0.132128362 -0.0439466524 0.0362559883 0.109756768 -0.0392223873 0.0308725233 0.13185369 -0.063722646 0.0166997279 0.109756768 -0.0392223873 0.0308725233 0.1091525 -0.057789848 0.0125247959 0.1091525 -0.057789848 0.0125247959 0.109756768 -0.0392223873 0.0308725233 0.0866847753 -0.0340586556 0.025598925 0.1091525 -0.057789848 0.0125247959 0.0866847753 -0.0340586556 0.025598925 0.0857509039 -0.0513626517 0.00840479728 0.0857509039 -0.0513626517 0.00840479728 0.0866847753 -0.0340586556 0.025598925 0.0633930495 -0.0284554575 0.02054506 0.0857509039 -0.0513626517 0.00840479728 0.0633930495 -0.0284554575 0.02054506 0.0619647799 -0.0445509206 0.00450453188 0.0619647799 -0.0445509206 0.00450453188 0.0633930495 -0.0284554575 0.02054506 0.040266122 -0.0224127927 0.0159306615 0.0619647799 -0.0445509206 0.00450453188 0.040266122 -0.0224127927 0.0159306615 0.0383983892 -0.0373546546 0.00098879968 0.0383983892 -0.0373546546 0.00098879968 0.040266122 -0.0224127927 0.0159306615 0.0173589277 -0.0158757282 0.0118655962 0.0383983892 -0.0373546546 0.00098879968 0.0173589277 -0.0158757282 0.0118655962 0.0151066618 -0.0297189254 -0.00214239931 0.0151066618 -0.0297189254 -0.00214239931 0.0173589277 -0.0158757282 0.0118655962 -0.0063722646 -0.00862453054 0.00780053081 0.0151066618 -0.0297189254 -0.00214239931 -0.0063722646 -0.00862453054 0.00780053081 -0.00878933049 -0.0214789264 -0.00516373166 -0.00878933049 -0.0214789264 -0.00516373166 -0.0063722646 -0.00862453054 0.00780053081 -0.0309274583 -0.000769066418 0.0039002654 -0.00878933049 -0.0214789264 -0.00516373166 -0.0309274583 -0.000769066418 0.0039002654 -0.0333994559 -0.0125797293 -0.0081301307 -0.0333994559 -0.0125797293 -0.0081301307 -0.0309274583 -0.000769066418 0.0039002654 -0.0561418485 0.00752586423 5.49333156e-05 -0.0333994559 -0.0125797293 -0.0081301307 -0.0561418485 0.00752586423 5.49333156e-05 -0.0585589177 -0.00324106562 -0.0109866631 -0.0585589177 -0.00324106562 -0.0109866631 -0.0561418485 0.00752586423 5.49333156e-05 -0.0818506435 0.0162053281 -0.00368053214 -0.0585589177 -0.00324106562 -0.0109866631 -0.0818506435 0.0162053281 -0.00368053214 -0.0841578394 0.0063722646 -0.0137882622 -0.0841578394 0.0063722646 -0.0137882622 -0.0818506435 0.0162053281 -0.00368053214 -0.107889032 0.0251045252 -0.00725119765 -0.0841578394 0.0063722646 -0.0137882622 -0.107889032 0.0251045252 -0.00725119765 -0.110031433 0.0162053281 -0.0164250613 -0.110031433 0.0162053281 -0.0164250613 -0.107889032 0.0251045252 -0.00725119765 -0.134105954 0.0341135906 -0.0107119965 -0.110031433 0.0162053281 -0.0164250613 -0.134105954 0.0341135906 -0.0107119965 -0.136083561 0.0260933249 -0.0189519939 -0.136083561 0.0260933249 -0.0189519939 -0.134105954 0.0341135906 -0.0107119965 -0.160309151 0.0430677194 -0.0139530621 -0.136083561 0.0260933249 -0.0189519939 -0.160309151 0.0430677194 -0.0139530621 -0.162121949 0.0358714567 -0.0213690597 -0.162121949 0.0358714567 -0.0213690597 -0.160309151 0.0430677194 -0.0139530621 -0.186402471 0.0518570499 -0.0170293278 -0.162121949 0.0358714567 -0.0213690597 -0.186402471 0.0518570499 -0.0170293278 -0.187995542 0.0454298536 -0.0236213257 -0.187995542 0.0454298536 -0.0236213257 -0.186402471 0.0518570499 -0.0170293278 -0.212330996 0.0604266471 -0.0198309269 -0.187995542 0.0454298536 -0.0236213257 -0.212330996 0.0604266471 -0.0198309269 -0.213759259 0.0547135823 -0.0257087917 -0.213759259 0.0547135823 -0.0257087917 -0.212330996 0.0604266471 -0.0198309269 -0.240195915 0.0695455808 -0.0225775927 -0.213759259 0.0547135823 -0.0257087917 -0.240195915 0.0695455808 -0.0225775927 -0.241459396 0.0645466474 -0.027686391 -0.241459396 0.0645466474 -0.027686391 -0.240195915 0.0695455808 -0.0225775927 -0.26980498 0.079268776 -0.0251045252 -0.241459396 0.0645466474 -0.027686391 -0.26980498 0.079268776 -0.0251045252 -0.270958571 0.0749290424 -0.0295541238 -0.270958571 0.0749290424 -0.0295541238 -0.26980498 0.079268776 -0.0251045252 -0.300292979 0.0892117045 -0.0275215911 -0.270958571 0.0749290424 -0.0295541238 -0.300292979 0.0892117045 -0.0275215911 -0.301281775 0.0855311706 -0.0313119899 -0.301281775 0.0855311706 -0.0313119899 -0.300292979 0.0892117045 -0.0275215911 -0.330616155 0.0991546329 -0.0297189254 -0.301281775 0.0855311706 -0.0313119899 -0.330616155 0.0991546329 -0.0297189254 -0.331495088 0.0960783672 -0.0329050577 -0.331495088 0.0960783672 -0.0329050577 -0.330616155 0.0991546329 -0.0297189254 -0.359964296 0.108713033 -0.0317514564 -0.331495088 0.0960783672 -0.0329050577 -0.359964296 0.108713033 -0.0317514564 -0.360678407 0.106186097 -0.0343882555 -0.360678407 0.106186097 -0.0343882555 -0.359964296 0.108713033 -0.0317514564 -0.387321083 0.117680898 -0.0336191891 -0.360678407 0.106186097 -0.0343882555 -0.387321083 0.117680898 -0.0336191891 -0.3878704 0.11564836 -0.0357066551 -0.3878704 0.11564836 -0.0357066551 -0.387321083 0.117680898 -0.0336191891 -0.411711455 0.125701159 -0.0352122569 -0.3878704 0.11564836 -0.0357066551 -0.411711455 0.125701159 -0.0352122569 -0.412205867 0.124053156 -0.0368602564 -0.412205867 0.124053156 -0.0368602564 -0.411711455 0.125701159 -0.0352122569 -0.432311464 0.13240302 -0.0365855882 -0.412205867 0.124053156 -0.0368602564 -0.432311464 0.13240302 -0.0365855882 -0.432641054 0.131139552 -0.0379039877 -0.432641054 0.131139552 -0.0379039877 -0.432311464 0.13240302 -0.0365855882 -0.448132259 0.137566755 -0.0377391895 -0.432641054 0.131139552 -0.0379039877 -0.448132259 0.137566755 -0.0377391895 -0.448406917 0.13663289 -0.0387279891 -0.448406917 0.13663289 -0.0387279891 -0.448132259 0.137566755 -0.0377391895 -0.448681575 0.137786495 -0.0377941211 -0.448406917 0.13663289 -0.0387279891 -0.448681575 0.137786495 -0.0377941211 -0.44895626 0.136852617 -0.0387829208 -0.44895626 0.136852617 -0.0387829208 -0.448681575 0.137786495 -0.0377941211 -0.449230918 0.138061153 -0.0380687894 -0.44895626 0.136852617 -0.0387829208 -0.449230918 0.138061153 -0.0380687894 -0.449450645 0.137292083 -0.0388927874 -0.449450645 0.137292083 -0.0388927874 -0.449230918 0.138061153 -0.0380687894 -0.44972533 0.13850062 -0.0385631875 -0.449450645 0.137292083 -0.0388927874 -0.44972533 0.13850062 -0.0385631875 -0.449890125 0.137896358 -0.0392223873 -0.449890125 0.137896358 -0.0392223873 -0.44972533 0.13850062 -0.0385631875 -0.449999988 0.139544361 -0.0401013204 0.285570843 -0.0364207899 0.0063722646 0.266179385 -0.0336741241 0.0486709176 0.263652449 -0.0555925153 0.0427930545 0.263652449 -0.0555925153 0.0427930545 0.266179385 -0.0336741241 0.0486709176 0.24991911 -0.0313669249 0.0606463804 0.263652449 -0.0555925153 0.0427930545 0.24991911 -0.0313669249 0.0606463804 0.246678063 -0.0600970506 0.0529557162 0.246678063 -0.0600970506 0.0529557162 0.24991911 -0.0313669249 0.0606463804 0.234427932 -0.0291695922 0.065865047 0.246678063 -0.0600970506 0.0529557162 0.234427932 -0.0291695922 0.065865047 0.230802336 -0.0612506485 0.0572405182 0.230802336 -0.0612506485 0.0572405182 0.234427932 -0.0291695922 0.065865047 0.219417392 -0.0270271913 0.0663594452 0.230802336 -0.0612506485 0.0572405182 0.219417392 -0.0270271913 0.0663594452 0.215681933 -0.0602069138 0.0574602514 0.215681933 -0.0602069138 0.0574602514 0.219417392 -0.0270271913 0.0663594452 0.207277138 -0.025598925 0.0632282479 0.215681933 -0.0602069138 0.0574602514 0.207277138 -0.025598925 0.0632282479 0.204365667 -0.0580095812 0.0546037157 0.204365667 -0.0580095812 0.0546037157 0.207277138 -0.025598925 0.0632282479 0.192390207 -0.0239509256 0.0592181175 0.204365667 -0.0580095812 0.0546037157 0.192390207 -0.0239509256 0.0592181175 0.189863271 -0.0552629154 0.0508682502 0.189863271 -0.0552629154 0.0508682502 0.192390207 -0.0239509256 0.0592181175 0.175031273 -0.0220282595 0.0544389174 0.189863271 -0.0552629154 0.0508682502 0.175031273 -0.0220282595 0.0544389174 0.172614214 -0.0519669165 0.0464186533 0.172614214 -0.0519669165 0.0464186533 0.175031273 -0.0220282595 0.0544389174 0.155694746 -0.0197759936 0.0490554525 0.172614214 -0.0519669165 0.0464186533 0.155694746 -0.0197759936 0.0490554525 0.153222755 -0.0481765194 0.0414746549 0.153222755 -0.0481765194 0.0414746549 0.155694746 -0.0197759936 0.0490554525 0.134710229 -0.0171941278 0.0433973193 0.153222755 -0.0481765194 0.0414746549 0.134710229 -0.0171941278 0.0433973193 0.132128362 -0.0439466524 0.0362559883 0.132128362 -0.0439466524 0.0362559883 0.134710229 -0.0171941278 0.0433973193 0.112572095 -0.0141727954 0.0375743878 0.132128362 -0.0439466524 0.0362559883 0.112572095 -0.0141727954 0.0375743878 0.109756768 -0.0392223873 0.0308725233 0.109756768 -0.0392223873 0.0308725233 0.112572095 -0.0141727954 0.0375743878 0.0897061026 -0.0107119965 0.031861323 0.109756768 -0.0392223873 0.0308725233 0.0897061026 -0.0107119965 0.031861323 0.0866847753 -0.0340586556 0.025598925 0.0866847753 -0.0340586556 0.025598925 0.0897061026 -0.0107119965 0.031861323 0.0666890484 -0.00675679781 0.0263679915 0.0866847753 -0.0340586556 0.025598925 0.0666890484 -0.00675679781 0.0263679915 0.0633930495 -0.0284554575 0.02054506 0.0633930495 -0.0284554575 0.02054506 0.0666890484 -0.00675679781 0.0263679915 0.0440015874 -0.00230719925 0.0214239931 0.0633930495 -0.0284554575 0.02054506 0.0440015874 -0.00230719925 0.0214239931 0.040266122 -0.0224127927 0.0159306615 0.040266122 -0.0224127927 0.0159306615 0.0440015874 -0.00230719925 0.0214239931 0.0213690597 0.00280159909 0.0169743945 0.040266122 -0.0224127927 0.0159306615 0.0213690597 0.00280159909 0.0169743945 0.0173589277 -0.0158757282 0.0118655962 0.0173589277 -0.0158757282 0.0118655962 0.0213690597 0.00280159909 0.0169743945 -0.00230719925 0.00867946386 0.0125797293 0.0173589277 -0.0158757282 0.0118655962 -0.00230719925 0.00867946386 0.0125797293 -0.0063722646 -0.00862453054 0.00780053081 -0.0063722646 -0.00862453054 0.00780053081 -0.00230719925 0.00867946386 0.0125797293 -0.0269173246 0.0151615951 0.00829493065 -0.0063722646 -0.00862453054 0.00780053081 -0.0269173246 0.0151615951 0.00829493065 -0.0309274583 -0.000769066418 0.0039002654 -0.0309274583 -0.000769066418 0.0039002654 -0.0269173246 0.0151615951 0.00829493065 -0.0522965164 0.0221381262 0.00406506535 -0.0309274583 -0.000769066418 0.0039002654 -0.0522965164 0.0221381262 0.00406506535 -0.0561418485 0.00752586423 5.49333156e-05 -0.0561418485 0.00752586423 5.49333156e-05 -0.0522965164 0.0221381262 0.00406506535 -0.0782250413 0.0294991921 0 -0.0561418485 0.00752586423 5.49333156e-05 -0.0782250413 0.0294991921 0 -0.0818506435 0.0162053281 -0.00368053214 -0.0818506435 0.0162053281 -0.00368053214 -0.0782250413 0.0294991921 0 -0.104538101 0.0371898563 -0.0039002654 -0.0818506435 0.0162053281 -0.00368053214 -0.104538101 0.0371898563 -0.0039002654 -0.107889032 0.0251045252 -0.00725119765 -0.107889032 0.0251045252 -0.00725119765 -0.104538101 0.0371898563 -0.0039002654 -0.131029689 0.0449903871 -0.00769066418 -0.107889032 0.0251045252 -0.00725119765 -0.131029689 0.0449903871 -0.00769066418 -0.134105954 0.0341135906 -0.0107119965 -0.134105954 0.0341135906 -0.0107119965 -0.131029689 0.0449903871 -0.00769066418 -0.157562489 0.0527909179 -0.0112613297 -0.134105954 0.0341135906 -0.0107119965 -0.157562489 0.0527909179 -0.0112613297 -0.160309151 0.0430677194 -0.0139530621 -0.160309151 0.0430677194 -0.0139530621 -0.157562489 0.0527909179 -0.0112613297 -0.18393048 0.0605365171 -0.0146122619 -0.160309151 0.0430677194 -0.0139530621 -0.18393048 0.0605365171 -0.0146122619 -0.186402471 0.0518570499 -0.0170293278 -0.186402471 0.0518570499 -0.0170293278 -0.18393048 0.0605365171 -0.0146122619 -0.210188595 0.0681173113 -0.0176885276 -0.186402471 0.0518570499 -0.0170293278 -0.210188595 0.0681173113 -0.0176885276 -0.212330996 0.0604266471 -0.0198309269 -0.212330996 0.0604266471 -0.0198309269 -0.210188595 0.0681173113 -0.0176885276 -0.238273254 0.0763023736 -0.0206549266 -0.212330996 0.0604266471 -0.0198309269 -0.238273254 0.0763023736 -0.0206549266 -0.240195915 0.0695455808 -0.0225775927 -0.240195915 0.0695455808 -0.0225775927 -0.238273254 0.0763023736 -0.0206549266 -0.268156977 0.0850917041 -0.0234565257 -0.240195915 0.0695455808 -0.0225775927 -0.268156977 0.0850917041 -0.0234565257 -0.26980498 0.079268776 -0.0251045252 -0.26980498 0.079268776 -0.0251045252 -0.268156977 0.0850917041 -0.0234565257 -0.298809771 0.0942106378 -0.0260933249 -0.26980498 0.079268776 -0.0251045252 -0.298809771 0.0942106378 -0.0260933249 -0.300292979 0.0892117045 -0.0275215911 -0.300292979 0.0892117045 -0.0275215911 -0.298809771 0.0942106378 -0.0260933249 -0.329407633 0.103329565 -0.0285653241 -0.300292979 0.0892117045 -0.0275215911 -0.329407633 0.103329565 -0.0285653241 -0.330616155 0.0991546329 -0.0297189254 -0.330616155 0.0991546329 -0.0297189254 -0.329407633 0.103329565 -0.0285653241 -0.358975472 0.112173834 -0.0308175917 -0.330616155 0.0991546329 -0.0297189254 -0.358975472 0.112173834 -0.0308175917 -0.359964296 0.108713033 -0.0317514564 -0.359964296 0.108713033 -0.0317514564 -0.358975472 0.112173834 -0.0308175917 -0.386497082 0.120482492 -0.0327951911 -0.359964296 0.108713033 -0.0317514564 -0.386497082 0.120482492 -0.0327951911 -0.387321083 0.117680898 -0.0336191891 -0.387321083 0.117680898 -0.0336191891 -0.386497082 0.120482492 -0.0327951911 -0.411107207 0.127898492 -0.0346079888 -0.387321083 0.117680898 -0.0336191891 -0.411107207 0.127898492 -0.0346079888 -0.411711455 0.125701159 -0.0352122569 -0.411711455 0.125701159 -0.0352122569 -0.411107207 0.127898492 -0.0346079888 -0.431817052 0.134105954 -0.0361461216 -0.411711455 0.125701159 -0.0352122569 -0.431817052 0.134105954 -0.0361461216 -0.432311464 0.13240302 -0.0365855882 -0.432311464 0.13240302 -0.0365855882 -0.431817052 0.134105954 -0.0361461216 -0.44774771 0.138885155 -0.0373546546 -0.432311464 0.13240302 -0.0365855882 -0.44774771 0.138885155 -0.0373546546 -0.448132259 0.137566755 -0.0377391895 -0.448132259 0.137566755 -0.0377391895 -0.44774771 0.138885155 -0.0373546546 -0.448351985 0.13904995 -0.0374645212 -0.448132259 0.137566755 -0.0377391895 -0.448351985 0.13904995 -0.0374645212 -0.448681575 0.137786495 -0.0377941211 -0.448681575 0.137786495 -0.0377941211 -0.448351985 0.13904995 -0.0374645212 -0.448901328 0.139214758 -0.0377391895 -0.448681575 0.137786495 -0.0377941211 -0.448901328 0.139214758 -0.0377391895 -0.449230918 0.138061153 -0.0380687894 -0.449230918 0.138061153 -0.0380687894 -0.448901328 0.139214758 -0.0377391895 -0.449450645 0.139379553 -0.0383434543 -0.449230918 0.138061153 -0.0380687894 -0.449450645 0.139379553 -0.0383434543 -0.44972533 0.13850062 -0.0385631875 -0.44972533 0.13850062 -0.0385631875 -0.449450645 0.139379553 -0.0383434543 -0.449999988 0.139544361 -0.0401013204 0.285570843 -0.0364207899 0.0063722646 0.269859912 -0.0119205295 0.0427930545 0.266179385 -0.0336741241 0.0486709176 0.266179385 -0.0336741241 0.0486709176 0.269859912 -0.0119205295 0.0427930545 0.254808187 -0.00285653241 0.0529557162 0.266179385 -0.0336741241 0.0486709176 0.254808187 -0.00285653241 0.0529557162 0.24991911 -0.0313669249 0.0606463804 0.24991911 -0.0313669249 0.0606463804 0.254808187 -0.00285653241 0.0529557162 0.239921257 0.00269173246 0.0572405182 0.24991911 -0.0313669249 0.0606463804 0.239921257 0.00269173246 0.0572405182 0.234427932 -0.0291695922 0.065865047 0.234427932 -0.0291695922 0.065865047 0.239921257 0.00269173246 0.0572405182 0.225089258 0.00587786476 0.0574602514 0.234427932 -0.0291695922 0.065865047 0.225089258 0.00587786476 0.0574602514 0.219417392 -0.0270271913 0.0663594452 0.219417392 -0.0270271913 0.0663594452 0.225089258 0.00587786476 0.0574602514 0.212111269 0.00653706455 0.0546037157 0.219417392 -0.0270271913 0.0663594452 0.212111269 0.00653706455 0.0546037157 0.207277138 -0.025598925 0.0632282479 0.207277138 -0.025598925 0.0632282479 0.212111269 0.00653706455 0.0546037157 0.196839804 0.00708639771 0.0508682502 0.207277138 -0.025598925 0.0632282479 0.196839804 0.00708639771 0.0508682502 0.192390207 -0.0239509256 0.0592181175 0.192390207 -0.0239509256 0.0592181175 0.196839804 0.00708639771 0.0508682502 0.179316075 0.00769066418 0.0464186533 0.192390207 -0.0239509256 0.0592181175 0.179316075 0.00769066418 0.0464186533 0.175031273 -0.0220282595 0.0544389174 0.175031273 -0.0220282595 0.0544389174 0.179316075 0.00769066418 0.0464186533 0.159869685 0.00840479728 0.0414746549 0.175031273 -0.0220282595 0.0544389174 0.159869685 0.00840479728 0.0414746549 0.155694746 -0.0197759936 0.0490554525 0.155694746 -0.0197759936 0.0490554525 0.159869685 0.00840479728 0.0414746549 0.138830223 0.00939359696 0.0362559883 0.155694746 -0.0197759936 0.0490554525 0.138830223 0.00939359696 0.0362559883 0.134710229 -0.0171941278 0.0433973193 0.134710229 -0.0171941278 0.0433973193 0.138830223 0.00939359696 0.0362559883 0.116747033 0.0107119965 0.0308725233 0.134710229 -0.0171941278 0.0433973193 0.116747033 0.0107119965 0.0308725233 0.112572095 -0.0141727954 0.0375743878 0.112572095 -0.0141727954 0.0375743878 0.116747033 0.0107119965 0.0308725233 0.0939909046 0.0124698626 0.025598925 0.112572095 -0.0141727954 0.0375743878 0.0939909046 0.0124698626 0.025598925 0.0897061026 -0.0107119965 0.031861323 0.0897061026 -0.0107119965 0.031861323 0.0939909046 0.0124698626 0.025598925 0.0710837137 0.0147770619 0.02054506 0.0897061026 -0.0107119965 0.031861323 0.0710837137 0.0147770619 0.02054506 0.0666890484 -0.00675679781 0.0263679915 0.0666890484 -0.00675679781 0.0263679915 0.0710837137 0.0147770619 0.02054506 0.0485610509 0.0176885276 0.0159306615 0.0666890484 -0.00675679781 0.0263679915 0.0485610509 0.0176885276 0.0159306615 0.0440015874 -0.00230719925 0.0214239931 0.0440015874 -0.00230719925 0.0214239931 0.0485610509 0.0176885276 0.0159306615 0.0260933249 0.0213690597 0.0118655962 0.0440015874 -0.00230719925 0.0214239931 0.0260933249 0.0213690597 0.0118655962 0.0213690597 0.00280159909 0.0169743945 0.0213690597 0.00280159909 0.0169743945 0.0260933249 0.0213690597 0.0118655962 0.00236213257 0.0258186583 0.00780053081 0.0213690597 0.00280159909 0.0169743945 0.00236213257 0.0258186583 0.00780053081 -0.00230719925 0.00867946386 0.0125797293 -0.00230719925 0.00867946386 0.0125797293 0.00236213257 0.0258186583 0.00780053081 -0.0224127927 0.0309274583 0.0039002654 -0.00230719925 0.00867946386 0.0125797293 -0.0224127927 0.0309274583 0.0039002654 -0.0269173246 0.0151615951 0.00829493065 -0.0269173246 0.0151615951 0.00829493065 -0.0224127927 0.0309274583 0.0039002654 -0.0480117178 0.0365855882 5.49333156e-05 -0.0269173246 0.0151615951 0.00829493065 -0.0480117178 0.0365855882 5.49333156e-05 -0.0522965164 0.0221381262 0.00406506535 -0.0522965164 0.0221381262 0.00406506535 -0.0480117178 0.0365855882 5.49333156e-05 -0.074214911 0.0427381195 -0.00368053214 -0.0522965164 0.0221381262 0.00406506535 -0.074214911 0.0427381195 -0.00368053214 -0.0782250413 0.0294991921 0 -0.0782250413 0.0294991921 0 -0.074214911 0.0427381195 -0.00368053214 -0.100857567 0.0491653191 -0.00725119765 -0.0782250413 0.0294991921 0 -0.100857567 0.0491653191 -0.00725119765 -0.104538101 0.0371898563 -0.0039002654 -0.104538101 0.0371898563 -0.0039002654 -0.100857567 0.0491653191 -0.00725119765 -0.127733697 0.055757317 -0.0107119965 -0.104538101 0.0371898563 -0.0039002654 -0.127733697 0.055757317 -0.0107119965 -0.131029689 0.0449903871 -0.00769066418 -0.131029689 0.0449903871 -0.00769066418 -0.127733697 0.055757317 -0.0107119965 -0.154596086 0.0625141164 -0.0139530621 -0.131029689 0.0449903871 -0.00769066418 -0.154596086 0.0625141164 -0.0139530621 -0.157562489 0.0527909179 -0.0112613297 -0.157562489 0.0527909179 -0.0112613297 -0.154596086 0.0625141164 -0.0139530621 -0.181348613 0.0692159776 -0.0170293278 -0.157562489 0.0527909179 -0.0112613297 -0.181348613 0.0692159776 -0.0170293278 -0.18393048 0.0605365171 -0.0146122619 -0.18393048 0.0605365171 -0.0146122619 -0.181348613 0.0692159776 -0.0170293278 -0.207881399 0.0758079755 -0.0198309269 -0.18393048 0.0605365171 -0.0146122619 -0.207881399 0.0758079755 -0.0198309269 -0.210188595 0.0681173113 -0.0176885276 -0.210188595 0.0681173113 -0.0176885276 -0.207881399 0.0758079755 -0.0198309269 -0.236240729 0.0830591731 -0.0225775927 -0.210188595 0.0681173113 -0.0176885276 -0.236240729 0.0830591731 -0.0225775927 -0.238273254 0.0763023736 -0.0206549266 -0.238273254 0.0763023736 -0.0206549266 -0.236240729 0.0830591731 -0.0225775927 -0.26634418 0.0909695706 -0.0251045252 -0.238273254 0.0763023736 -0.0206549266 -0.26634418 0.0909695706 -0.0251045252 -0.268156977 0.0850917041 -0.0234565257 -0.268156977 0.0850917041 -0.0234565257 -0.26634418 0.0909695706 -0.0251045252 -0.297326563 0.0992095712 -0.0275215911 -0.268156977 0.0850917041 -0.0234565257 -0.297326563 0.0992095712 -0.0275215911 -0.298809771 0.0942106378 -0.0260933249 -0.298809771 0.0942106378 -0.0260933249 -0.297326563 0.0992095712 -0.0275215911 -0.328144151 0.107559435 -0.0297189254 -0.298809771 0.0942106378 -0.0260933249 -0.328144151 0.107559435 -0.0297189254 -0.329407633 0.103329565 -0.0285653241 -0.329407633 0.103329565 -0.0285653241 -0.328144151 0.107559435 -0.0297189254 -0.357876813 0.11564836 -0.0317514564 -0.329407633 0.103329565 -0.0285653241 -0.357876813 0.11564836 -0.0317514564 -0.358975472 0.112173834 -0.0308175917 -0.358975472 0.112173834 -0.0308175917 -0.357876813 0.11564836 -0.0317514564 -0.385618149 0.123229155 -0.0336191891 -0.358975472 0.112173834 -0.0308175917 -0.385618149 0.123229155 -0.0336191891 -0.386497082 0.120482492 -0.0327951911 -0.386497082 0.120482492 -0.0327951911 -0.385618149 0.123229155 -0.0336191891 -0.410393069 0.130040892 -0.0352122569 -0.386497082 0.120482492 -0.0327951911 -0.410393069 0.130040892 -0.0352122569 -0.411107207 0.127898492 -0.0346079888 -0.411107207 0.127898492 -0.0346079888 -0.410393069 0.130040892 -0.0352122569 -0.431322667 0.135808889 -0.0365855882 -0.411107207 0.127898492 -0.0346079888 -0.431322667 0.135808889 -0.0365855882 -0.431817052 0.134105954 -0.0361461216 -0.431817052 0.134105954 -0.0361461216 -0.431322667 0.135808889 -0.0365855882 -0.447363189 0.140148623 -0.0377391895 -0.431817052 0.134105954 -0.0361461216 -0.447363189 0.140148623 -0.0377391895 -0.44774771 0.138885155 -0.0373546546 -0.44774771 0.138885155 -0.0373546546 -0.447363189 0.140148623 -0.0377391895 -0.447967464 0.140258486 -0.0377941211 -0.44774771 0.138885155 -0.0373546546 -0.447967464 0.140258486 -0.0377941211 -0.448351985 0.13904995 -0.0374645212 -0.448351985 0.13904995 -0.0374645212 -0.447967464 0.140258486 -0.0377941211 -0.448571712 0.140313417 -0.0380687894 -0.448351985 0.13904995 -0.0374645212 -0.448571712 0.140313417 -0.0380687894 -0.448901328 0.139214758 -0.0377391895 -0.448901328 0.139214758 -0.0377391895 -0.448571712 0.140313417 -0.0380687894 -0.449230918 0.140203554 -0.0385631875 -0.448901328 0.139214758 -0.0377391895 -0.449230918 0.140203554 -0.0385631875 -0.449450645 0.139379553 -0.0383434543 -0.449450645 0.139379553 -0.0383434543 -0.449230918 0.140203554 -0.0385631875 -0.449999988 0.139544361 -0.0401013204 0.285570843 -0.0364207899 0.0063722646 0.273870056 0.00384533209 0.0266975914 0.269859912 -0.0119205295 0.0427930545 0.269859912 -0.0119205295 0.0427930545 0.273870056 0.00384533209 0.0266975914 0.260026853 0.0177434609 0.031916258 0.269859912 -0.0119205295 0.0427930545 0.260026853 0.0177434609 0.031916258 0.254808187 -0.00285653241 0.0529557162 0.254808187 -0.00285653241 0.0529557162 0.260026853 0.0177434609 0.031916258 0.245689266 0.025763725 0.0337290557 0.254808187 -0.00285653241 0.0529557162 0.245689266 0.025763725 0.0337290557 0.239921257 0.00269173246 0.0572405182 0.239921257 0.00269173246 0.0572405182 0.245689266 0.025763725 0.0337290557 0.231076994 0.0297189254 0.0331797226 0.239921257 0.00269173246 0.0572405182 0.231076994 0.0297189254 0.0331797226 0.225089258 0.00587786476 0.0574602514 0.225089258 0.00587786476 0.0574602514 0.231076994 0.0297189254 0.0331797226 0.217659526 0.029828792 0.03098239 0.225089258 0.00587786476 0.0574602514 0.217659526 0.029828792 0.03098239 0.212111269 0.00653706455 0.0546037157 0.212111269 0.00653706455 0.0546037157 0.217659526 0.029828792 0.03098239 0.202058471 0.0296090588 0.0280709242 0.212111269 0.00653706455 0.0546037157 0.202058471 0.0296090588 0.0280709242 0.196839804 0.00708639771 0.0508682502 0.196839804 0.00708639771 0.0508682502 0.202058471 0.0296090588 0.0280709242 0.184315002 0.0292245239 0.0246101254 0.196839804 0.00708639771 0.0508682502 0.184315002 0.0292245239 0.0246101254 0.179316075 0.00769066418 0.0464186533 0.179316075 0.00769066418 0.0464186533 0.184315002 0.0292245239 0.0246101254 0.164703816 0.0288399923 0.0207647933 0.179316075 0.00769066418 0.0464186533 0.164703816 0.0288399923 0.0207647933 0.159869685 0.00840479728 0.0414746549 0.159869685 0.00840479728 0.0414746549 0.164703816 0.0288399923 0.0207647933 0.14349956 0.0286202591 0.0166997279 0.159869685 0.00840479728 0.0414746549 0.14349956 0.0286202591 0.0166997279 0.138830223 0.00939359696 0.0362559883 0.138830223 0.00939359696 0.0362559883 0.14349956 0.0286202591 0.0166997279 0.121251562 0.0287301257 0.0125247959 0.138830223 0.00939359696 0.0362559883 0.121251562 0.0287301257 0.0125247959 0.116747033 0.0107119965 0.0308725233 0.116747033 0.0107119965 0.0308725233 0.121251562 0.0287301257 0.0125247959 0.0983855698 0.0292245239 0.00840479728 0.116747033 0.0107119965 0.0308725233 0.0983855698 0.0292245239 0.00840479728 0.0939909046 0.0124698626 0.025598925 0.0939909046 0.0124698626 0.025598925 0.0983855698 0.0292245239 0.00840479728 0.0753685089 0.0303231902 0.00450453188 0.0939909046 0.0124698626 0.025598925 0.0753685089 0.0303231902 0.00450453188 0.0710837137 0.0147770619 0.02054506 0.0710837137 0.0147770619 0.02054506 0.0753685089 0.0303231902 0.00450453188 0.0527909179 0.0320810563 0.00098879968 0.0710837137 0.0147770619 0.02054506 0.0527909179 0.0320810563 0.00098879968 0.0485610509 0.0176885276 0.0159306615 0.0485610509 0.0176885276 0.0159306615 0.0527909179 0.0320810563 0.00098879968 0.0302682585 0.0347727904 -0.00214239931 0.0485610509 0.0176885276 0.0159306615 0.0302682585 0.0347727904 -0.00214239931 0.0260933249 0.0213690597 0.0118655962 0.0260933249 0.0213690597 0.0118655962 0.0302682585 0.0347727904 -0.00214239931 0.0063722646 0.0382335876 -0.00516373166 0.0260933249 0.0213690597 0.0118655962 0.0063722646 0.0382335876 -0.00516373166 0.00236213257 0.0258186583 0.00780053081 0.00236213257 0.0258186583 0.00780053081 0.0063722646 0.0382335876 -0.00516373166 -0.0185674607 0.042353588 -0.0081301307 0.00236213257 0.0258186583 0.00780053081 -0.0185674607 0.042353588 -0.0081301307 -0.0224127927 0.0309274583 0.0039002654 -0.0224127927 0.0309274583 0.0039002654 -0.0185674607 0.042353588 -0.0081301307 -0.044441054 0.0470778531 -0.0109866631 -0.0224127927 0.0309274583 0.0039002654 -0.044441054 0.0470778531 -0.0109866631 -0.0480117178 0.0365855882 5.49333156e-05 -0.0480117178 0.0365855882 5.49333156e-05 -0.044441054 0.0470778531 -0.0109866631 -0.0709189121 0.0522415848 -0.0137882622 -0.0480117178 0.0365855882 5.49333156e-05 -0.0709189121 0.0522415848 -0.0137882622 -0.074214911 0.0427381195 -0.00368053214 -0.074214911 0.0427381195 -0.00368053214 -0.0709189121 0.0522415848 -0.0137882622 -0.0978362333 0.057789848 -0.0164250613 -0.074214911 0.0427381195 -0.00368053214 -0.0978362333 0.057789848 -0.0164250613 -0.100857567 0.0491653191 -0.00725119765 -0.100857567 0.0491653191 -0.00725119765 -0.0978362333 0.057789848 -0.0164250613 -0.124987021 0.0636127828 -0.0189519939 -0.100857567 0.0491653191 -0.00725119765 -0.124987021 0.0636127828 -0.0189519939 -0.127733697 0.055757317 -0.0107119965 -0.127733697 0.055757317 -0.0107119965 -0.124987021 0.0636127828 -0.0189519939 -0.152179014 0.0694906425 -0.0213690597 -0.127733697 0.055757317 -0.0107119965 -0.152179014 0.0694906425 -0.0213690597 -0.154596086 0.0625141164 -0.0139530621 -0.154596086 0.0625141164 -0.0139530621 -0.152179014 0.0694906425 -0.0213690597 -0.179206212 0.0754783789 -0.0236213257 -0.154596086 0.0625141164 -0.0139530621 -0.179206212 0.0754783789 -0.0236213257 -0.181348613 0.0692159776 -0.0170293278 -0.181348613 0.0692159776 -0.0170293278 -0.179206212 0.0754783789 -0.0236213257 -0.20601367 0.0813562387 -0.0257087917 -0.181348613 0.0692159776 -0.0170293278 -0.20601367 0.0813562387 -0.0257087917 -0.207881399 0.0758079755 -0.0198309269 -0.207881399 0.0758079755 -0.0198309269 -0.20601367 0.0813562387 -0.0257087917 -0.234647658 0.0879482365 -0.027686391 -0.207881399 0.0758079755 -0.0198309269 -0.234647658 0.0879482365 -0.027686391 -0.236240729 0.0830591731 -0.0225775927 -0.236240729 0.0830591731 -0.0225775927 -0.234647658 0.0879482365 -0.027686391 -0.264970835 0.0951994342 -0.0295541238 -0.236240729 0.0830591731 -0.0225775927 -0.264970835 0.0951994342 -0.0295541238 -0.26634418 0.0909695706 -0.0251045252 -0.26634418 0.0909695706 -0.0251045252 -0.264970835 0.0951994342 -0.0295541238 -0.29611804 0.102835167 -0.0313119899 -0.26634418 0.0909695706 -0.0251045252 -0.29611804 0.102835167 -0.0313119899 -0.297326563 0.0992095712 -0.0275215911 -0.297326563 0.0992095712 -0.0275215911 -0.29611804 0.102835167 -0.0313119899 -0.327155355 0.110580763 -0.0329050577 -0.297326563 0.0992095712 -0.0275215911 -0.327155355 0.110580763 -0.0329050577 -0.328144151 0.107559435 -0.0297189254 -0.328144151 0.107559435 -0.0297189254 -0.327155355 0.110580763 -0.0329050577 -0.357107743 0.118175296 -0.0343882555 -0.328144151 0.107559435 -0.0297189254 -0.357107743 0.118175296 -0.0343882555 -0.357876813 0.11564836 -0.0317514564 -0.357876813 0.11564836 -0.0317514564 -0.357107743 0.118175296 -0.0343882555 -0.384958942 0.125261692 -0.0357066551 -0.357876813 0.11564836 -0.0317514564 -0.384958942 0.125261692 -0.0357066551 -0.385618149 0.123229155 -0.0336191891 -0.385618149 0.123229155 -0.0336191891 -0.384958942 0.125261692 -0.0357066551 -0.409898658 0.131633964 -0.0368602564 -0.385618149 0.123229155 -0.0336191891 -0.409898658 0.131633964 -0.0368602564 -0.410393069 0.130040892 -0.0352122569 -0.410393069 0.130040892 -0.0352122569 -0.409898658 0.131633964 -0.0368602564 -0.430938119 0.137017425 -0.0379039877 -0.410393069 0.130040892 -0.0352122569 -0.430938119 0.137017425 -0.0379039877 -0.431322667 0.135808889 -0.0365855882 -0.431322667 0.135808889 -0.0365855882 -0.430938119 0.137017425 -0.0379039877 -0.447088531 0.141082487 -0.0387279891 -0.431322667 0.135808889 -0.0365855882 -0.447088531 0.141082487 -0.0387279891 -0.447363189 0.140148623 -0.0377391895 -0.447363189 0.140148623 -0.0377391895 -0.447088531 0.141082487 -0.0387279891 -0.447692779 0.141192351 -0.0387829208 -0.447363189 0.140148623 -0.0377391895 -0.447692779 0.141192351 -0.0387829208 -0.447967464 0.140258486 -0.0377941211 -0.447967464 0.140258486 -0.0377941211 -0.447692779 0.141192351 -0.0387829208 -0.448297054 0.141082487 -0.0388927874 -0.447967464 0.140258486 -0.0377941211 -0.448297054 0.141082487 -0.0388927874 -0.448571712 0.140313417 -0.0380687894 -0.448571712 0.140313417 -0.0380687894 -0.448297054 0.141082487 -0.0388927874 -0.449011192 0.140807816 -0.0392223873 -0.448571712 0.140313417 -0.0380687894 -0.449011192 0.140807816 -0.0392223873 -0.449230918 0.140203554 -0.0385631875 -0.449230918 0.140203554 -0.0385631875 -0.449011192 0.140807816 -0.0392223873 -0.449999988 0.139544361 -0.0401013204 0.285570843 -0.0364207899 0.0063722646 0.277001239 0.00939359696 0.00477919845 0.273870056 0.00384533209 0.0266975914 0.273870056 0.00384533209 0.0266975914 0.277001239 0.00939359696 0.00477919845 0.26414686 0.0249946586 0.0031861323 0.273870056 0.00384533209 0.0266975914 0.26414686 0.0249946586 0.0031861323 0.260026853 0.0177434609 0.031916258 0.260026853 0.0177434609 0.031916258 0.26414686 0.0249946586 0.0031861323 0.250303658 0.0338389224 0.00159306615 0.260026853 0.0177434609 0.031916258 0.250303658 0.0338389224 0.00159306615 0.245689266 0.025763725 0.0337290557 0.245689266 0.025763725 0.0337290557 0.250303658 0.0338389224 0.00159306615 0.235801249 0.0380687894 0 0.245689266 0.025763725 0.0337290557 0.235801249 0.0380687894 0 0.231076994 0.0297189254 0.0331797226 0.231076994 0.0297189254 0.0331797226 0.235801249 0.0380687894 0 0.222383794 0.0380138544 -0.00131839957 0.231076994 0.0297189254 0.0331797226 0.222383794 0.0380138544 -0.00131839957 0.217659526 0.029828792 0.03098239 0.217659526 0.029828792 0.03098239 0.222383794 0.0380138544 -0.00131839957 0.206672863 0.0375194562 -0.00307626567 0.217659526 0.029828792 0.03098239 0.206672863 0.0375194562 -0.00307626567 0.202058471 0.0296090588 0.0280709242 0.202058471 0.0296090588 0.0280709242 0.206672863 0.0375194562 -0.00307626567 0.188709667 0.0368053214 -0.00516373166 0.202058471 0.0296090588 0.0280709242 0.188709667 0.0368053214 -0.00516373166 0.184315002 0.0292245239 0.0246101254 0.184315002 0.0292245239 0.0246101254 0.188709667 0.0368053214 -0.00516373166 0.16882381 0.036036255 -0.00752586423 0.184315002 0.0292245239 0.0246101254 0.16882381 0.036036255 -0.00752586423 0.164703816 0.0288399923 0.0207647933 0.164703816 0.0288399923 0.0207647933 0.16882381 0.036036255 -0.00752586423 0.147399814 0.0353770552 -0.00999786343 0.164703816 0.0288399923 0.0207647933 0.147399814 0.0353770552 -0.00999786343 0.14349956 0.0286202591 0.0166997279 0.14349956 0.0286202591 0.0166997279 0.147399814 0.0353770552 -0.00999786343 0.124822226 0.0350474553 -0.0125247959 0.14349956 0.0286202591 0.0166997279 0.124822226 0.0350474553 -0.0125247959 0.121251562 0.0287301257 0.0125247959 0.121251562 0.0287301257 0.0125247959 0.124822226 0.0350474553 -0.0125247959 0.101681569 0.0351023903 -0.0149967951 0.121251562 0.0287301257 0.0125247959 0.101681569 0.0351023903 -0.0149967951 0.0983855698 0.0292245239 0.00840479728 0.0983855698 0.0292245239 0.00840479728 0.101681569 0.0351023903 -0.0149967951 0.078389843 0.0357615901 -0.0173589277 0.0983855698 0.0292245239 0.00840479728 0.078389843 0.0357615901 -0.0173589277 0.0753685089 0.0303231902 0.00450453188 0.0753685089 0.0303231902 0.00450453188 0.078389843 0.0357615901 -0.0173589277 0.0555375837 0.0371349213 -0.0193914604 0.0753685089 0.0303231902 0.00450453188 0.0555375837 0.0371349213 -0.0193914604 0.0527909179 0.0320810563 0.00098879968 0.0527909179 0.0320810563 0.00098879968 0.0555375837 0.0371349213 -0.0193914604 0.0327402561 0.0394421206 -0.0212042598 0.0527909179 0.0320810563 0.00098879968 0.0327402561 0.0394421206 -0.0212042598 0.0302682585 0.0347727904 -0.00214239931 0.0302682585 0.0347727904 -0.00214239931 0.0327402561 0.0394421206 -0.0212042598 0.00867946386 0.0425733212 -0.0229071926 0.0302682585 0.0347727904 -0.00214239931 0.00867946386 0.0425733212 -0.0229071926 0.0063722646 0.0382335876 -0.00516373166 0.0063722646 0.0382335876 -0.00516373166 0.00867946386 0.0425733212 -0.0229071926 -0.0164799947 0.0463637183 -0.0245002587 0.0063722646 0.0382335876 -0.00516373166 -0.0164799947 0.0463637183 -0.0245002587 -0.0185674607 0.042353588 -0.0081301307 -0.0185674607 0.042353588 -0.0081301307 -0.0164799947 0.0463637183 -0.0245002587 -0.0425183862 0.0507583836 -0.0260383916 -0.0185674607 0.042353588 -0.0081301307 -0.0425183862 0.0507583836 -0.0260383916 -0.044441054 0.0470778531 -0.0109866631 -0.044441054 0.0470778531 -0.0109866631 -0.0425183862 0.0507583836 -0.0260383916 -0.0692159776 0.0555925153 -0.0275215911 -0.044441054 0.0470778531 -0.0109866631 -0.0692159776 0.0555925153 -0.0275215911 -0.0709189121 0.0522415848 -0.0137882622 -0.0709189121 0.0522415848 -0.0137882622 -0.0692159776 0.0555925153 -0.0275215911 -0.0962981005 0.0608661136 -0.028894924 -0.0709189121 0.0522415848 -0.0137882622 -0.0962981005 0.0608661136 -0.028894924 -0.0978362333 0.057789848 -0.0164250613 -0.0978362333 0.057789848 -0.0164250613 -0.0962981005 0.0608661136 -0.028894924 -0.123668621 0.0663594452 -0.0302133236 -0.0978362333 0.057789848 -0.0164250613 -0.123668621 0.0663594452 -0.0302133236 -0.124987021 0.0636127828 -0.0189519939 -0.124987021 0.0636127828 -0.0189519939 -0.123668621 0.0663594452 -0.0302133236 -0.151025422 0.0720175784 -0.0314767915 -0.124987021 0.0636127828 -0.0189519939 -0.151025422 0.0720175784 -0.0314767915 -0.152179014 0.0694906425 -0.0213690597 -0.152179014 0.0694906425 -0.0213690597 -0.151025422 0.0720175784 -0.0314767915 -0.178217415 0.0776757115 -0.0326303894 -0.152179014 0.0694906425 -0.0213690597 -0.178217415 0.0776757115 -0.0326303894 -0.179206212 0.0754783789 -0.0236213257 -0.179206212 0.0754783789 -0.0236213257 -0.178217415 0.0776757115 -0.0326303894 -0.205134737 0.083333838 -0.0337290557 -0.179206212 0.0754783789 -0.0236213257 -0.205134737 0.083333838 -0.0337290557 -0.20601367 0.0813562387 -0.0257087917 -0.20601367 0.0813562387 -0.0257087917 -0.205134737 0.083333838 -0.0337290557 -0.233878588 0.0897061026 -0.0347178554 -0.20601367 0.0813562387 -0.0257087917 -0.233878588 0.0897061026 -0.0347178554 -0.234647658 0.0879482365 -0.027686391 -0.234647658 0.0879482365 -0.027686391 -0.233878588 0.0897061026 -0.0347178554 -0.264366587 0.096737567 -0.0356517235 -0.234647658 0.0879482365 -0.027686391 -0.264366587 0.096737567 -0.0356517235 -0.264970835 0.0951994342 -0.0295541238 -0.264970835 0.0951994342 -0.0295541238 -0.264366587 0.096737567 -0.0356517235 -0.295623628 0.104153566 -0.0365306565 -0.264970835 0.0951994342 -0.0295541238 -0.295623628 0.104153566 -0.0365306565 -0.29611804 0.102835167 -0.0313119899 -0.29611804 0.102835167 -0.0313119899 -0.295623628 0.104153566 -0.0365306565 -0.326715902 0.111679429 -0.0372997229 -0.29611804 0.102835167 -0.0313119899 -0.326715902 0.111679429 -0.0372997229 -0.327155355 0.110580763 -0.0329050577 -0.327155355 0.110580763 -0.0329050577 -0.326715902 0.111679429 -0.0372997229 -0.356723222 0.119054229 -0.0380138544 -0.327155355 0.110580763 -0.0329050577 -0.356723222 0.119054229 -0.0380138544 -0.357107743 0.118175296 -0.0343882555 -0.357107743 0.118175296 -0.0343882555 -0.356723222 0.119054229 -0.0380138544 -0.384684284 0.126030762 -0.0386181225 -0.357107743 0.118175296 -0.0343882555 -0.384684284 0.126030762 -0.0386181225 -0.384958942 0.125261692 -0.0357066551 -0.384958942 0.125261692 -0.0357066551 -0.384684284 0.126030762 -0.0386181225 -0.409678931 0.132238225 -0.0391674557 -0.384958942 0.125261692 -0.0357066551 -0.409678931 0.132238225 -0.0391674557 -0.409898658 0.131633964 -0.0368602564 -0.409898658 0.131633964 -0.0368602564 -0.409678931 0.132238225 -0.0391674557 -0.430718393 0.137456892 -0.0396618538 -0.409898658 0.131633964 -0.0368602564 -0.430718393 0.137456892 -0.0396618538 -0.430938119 0.137017425 -0.0379039877 -0.430938119 0.137017425 -0.0379039877 -0.430718393 0.137456892 -0.0396618538 -0.446923709 0.14141209 -0.0400463887 -0.430938119 0.137017425 -0.0379039877 -0.446923709 0.14141209 -0.0400463887 -0.447088531 0.141082487 -0.0387279891 -0.447088531 0.141082487 -0.0387279891 -0.446923709 0.14141209 -0.0400463887 -0.447527984 0.141467022 -0.0400463887 -0.447088531 0.141082487 -0.0387279891 -0.447527984 0.141467022 -0.0400463887 -0.447692779 0.141192351 -0.0387829208 -0.447692779 0.141192351 -0.0387829208 -0.447527984 0.141467022 -0.0400463887 -0.44818719 0.14141209 -0.0400463887 -0.447692779 0.141192351 -0.0387829208 -0.44818719 0.14141209 -0.0400463887 -0.448297054 0.141082487 -0.0388927874 -0.448297054 0.141082487 -0.0388927874 -0.44818719 0.14141209 -0.0400463887 -0.448901328 0.141027556 -0.0401013204 -0.448297054 0.141082487 -0.0388927874 -0.448901328 0.141027556 -0.0401013204 -0.449011192 0.140807816 -0.0392223873 -0.449011192 0.140807816 -0.0392223873 -0.448901328 0.141027556 -0.0401013204 -0.449999988 0.139544361 -0.0401013204 0.285570843 -0.0364207899 0.0063722646 0.278484447 0.0031861323 -0.0171941278 0.277001239 0.00939359696 0.00477919845 0.277001239 0.00939359696 0.00477919845 0.278484447 0.0031861323 -0.0171941278 0.266069521 0.0169194612 -0.0255439917 0.277001239 0.00939359696 0.00477919845 0.266069521 0.0169194612 -0.0255439917 0.26414686 0.0249946586 0.0031861323 0.26414686 0.0249946586 0.0031861323 0.266069521 0.0169194612 -0.0255439917 0.252446046 0.0247749253 -0.0305429234 0.26414686 0.0249946586 0.0031861323 0.252446046 0.0247749253 -0.0305429234 0.250303658 0.0338389224 0.00159306615 0.250303658 0.0338389224 0.00159306615 0.252446046 0.0247749253 -0.0305429234 0.238053527 0.0287301257 -0.0331797226 0.250303658 0.0338389224 0.00159306615 0.238053527 0.0287301257 -0.0331797226 0.235801249 0.0380687894 0 0.235801249 0.0380687894 0 0.238053527 0.0287301257 -0.0331797226 0.225034326 0.028949859 -0.0336191891 0.235801249 0.0380687894 0 0.225034326 0.028949859 -0.0336191891 0.222383794 0.0380138544 -0.00131839957 0.222383794 0.0380138544 -0.00131839957 0.225034326 0.028949859 -0.0336191891 0.209419538 0.0287850573 -0.0342234573 0.222383794 0.0380138544 -0.00131839957 0.209419538 0.0287850573 -0.0342234573 0.206672863 0.0375194562 -0.00307626567 0.206672863 0.0375194562 -0.00307626567 0.209419538 0.0287850573 -0.0342234573 0.191346466 0.0284554575 -0.0349925237 0.206672863 0.0375194562 -0.00307626567 0.191346466 0.0284554575 -0.0349925237 0.188709667 0.0368053214 -0.00516373166 0.188709667 0.0368053214 -0.00516373166 0.191346466 0.0284554575 -0.0349925237 0.171240883 0.0280709242 -0.0358165217 0.188709667 0.0368053214 -0.00516373166 0.171240883 0.0280709242 -0.0358165217 0.16882381 0.036036255 -0.00752586423 0.16882381 0.036036255 -0.00752586423 0.171240883 0.0280709242 -0.0358165217 0.149487283 0.0279061243 -0.0367503898 0.16882381 0.036036255 -0.00752586423 0.149487283 0.0279061243 -0.0367503898 0.147399814 0.0353770552 -0.00999786343 0.147399814 0.0353770552 -0.00999786343 0.149487283 0.0279061243 -0.0367503898 0.126580092 0.0279610576 -0.0376293228 0.147399814 0.0353770552 -0.00999786343 0.126580092 0.0279610576 -0.0376293228 0.124822226 0.0350474553 -0.0125247959 0.124822226 0.0350474553 -0.0125247959 0.126580092 0.0279610576 -0.0376293228 0.102999968 0.0285103924 -0.0384533209 0.124822226 0.0350474553 -0.0125247959 0.102999968 0.0285103924 -0.0384533209 0.101681569 0.0351023903 -0.0149967951 0.101681569 0.0351023903 -0.0149967951 0.102999968 0.0285103924 -0.0384533209 0.0793237077 0.0296090588 -0.0392223873 0.101681569 0.0351023903 -0.0149967951 0.0793237077 0.0296090588 -0.0392223873 0.078389843 0.0357615901 -0.0173589277 0.078389843 0.0357615901 -0.0173589277 0.0793237077 0.0296090588 -0.0392223873 0.0560319819 0.0314218565 -0.0398266555 0.078389843 0.0357615901 -0.0173589277 0.0560319819 0.0314218565 -0.0398266555 0.0555375837 0.0371349213 -0.0193914604 0.0555375837 0.0371349213 -0.0193914604 0.0560319819 0.0314218565 -0.0398266555 0.0329050577 0.0341135906 -0.040266122 0.0555375837 0.0371349213 -0.0193914604 0.0329050577 0.0341135906 -0.040266122 0.0327402561 0.0394421206 -0.0212042598 0.0327402561 0.0394421206 -0.0212042598 0.0329050577 0.0341135906 -0.040266122 0.00862453054 0.0376293228 -0.0406506535 0.0327402561 0.0394421206 -0.0212042598 0.00862453054 0.0376293228 -0.0406506535 0.00867946386 0.0425733212 -0.0229071926 0.00867946386 0.0425733212 -0.0229071926 0.00862453054 0.0376293228 -0.0406506535 -0.0166997279 0.0418591864 -0.0409253218 0.00867946386 0.0425733212 -0.0229071926 -0.0166997279 0.0418591864 -0.0409253218 -0.0164799947 0.0463637183 -0.0245002587 -0.0164799947 0.0463637183 -0.0245002587 -0.0166997279 0.0418591864 -0.0409253218 -0.0427930545 0.0466383866 -0.041145055 -0.0164799947 0.0463637183 -0.0245002587 -0.0427930545 0.0466383866 -0.041145055 -0.0425183862 0.0507583836 -0.0260383916 -0.0425183862 0.0507583836 -0.0260383916 -0.0427930545 0.0466383866 -0.041145055 -0.0695455808 0.0518570499 -0.0413098533 -0.0425183862 0.0507583836 -0.0260383916 -0.0695455808 0.0518570499 -0.0413098533 -0.0692159776 0.0555925153 -0.0275215911 -0.0692159776 0.0555925153 -0.0275215911 -0.0695455808 0.0518570499 -0.0413098533 -0.0966826354 0.0574602514 -0.0414197199 -0.0692159776 0.0555925153 -0.0275215911 -0.0966826354 0.0574602514 -0.0414197199 -0.0962981005 0.0608661136 -0.028894924 -0.0962981005 0.0608661136 -0.028894924 -0.0966826354 0.0574602514 -0.0414197199 -0.123998224 0.0632831795 -0.0415295866 -0.0962981005 0.0608661136 -0.028894924 -0.123998224 0.0632831795 -0.0415295866 -0.123668621 0.0663594452 -0.0302133236 -0.123668621 0.0663594452 -0.0302133236 -0.123998224 0.0632831795 -0.0415295866 -0.151355012 0.0692709092 -0.0415845215 -0.123668621 0.0663594452 -0.0302133236 -0.151355012 0.0692709092 -0.0415845215 -0.151025422 0.0720175784 -0.0314767915 -0.151025422 0.0720175784 -0.0314767915 -0.151355012 0.0692709092 -0.0415845215 -0.178492073 0.0752586457 -0.0416394532 -0.151025422 0.0720175784 -0.0314767915 -0.178492073 0.0752586457 -0.0416394532 -0.178217415 0.0776757115 -0.0326303894 -0.178217415 0.0776757115 -0.0326303894 -0.178492073 0.0752586457 -0.0416394532 -0.20546434 0.0811914437 -0.0417493198 -0.178217415 0.0776757115 -0.0326303894 -0.20546434 0.0811914437 -0.0417493198 -0.205134737 0.083333838 -0.0337290557 -0.205134737 0.083333838 -0.0337290557 -0.20546434 0.0811914437 -0.0417493198 -0.234208178 0.0878383732 -0.0417493198 -0.205134737 0.083333838 -0.0337290557 -0.234208178 0.0878383732 -0.0417493198 -0.233878588 0.0897061026 -0.0347178554 -0.233878588 0.0897061026 -0.0347178554 -0.234208178 0.0878383732 -0.0417493198 -0.264641245 0.0950895709 -0.0417493198 -0.233878588 0.0897061026 -0.0347178554 -0.264641245 0.0950895709 -0.0417493198 -0.264366587 0.096737567 -0.0356517235 -0.264366587 0.096737567 -0.0356517235 -0.264641245 0.0950895709 -0.0417493198 -0.295898313 0.102780235 -0.0417493198 -0.264366587 0.096737567 -0.0356517235 -0.295898313 0.102780235 -0.0417493198 -0.295623628 0.104153566 -0.0365306565 -0.295623628 0.104153566 -0.0365306565 -0.295898313 0.102780235 -0.0417493198 -0.326935628 0.110525831 -0.0416943882 -0.295623628 0.104153566 -0.0365306565 -0.326935628 0.110525831 -0.0416943882 -0.326715902 0.111679429 -0.0372997229 -0.326715902 0.111679429 -0.0372997229 -0.326935628 0.110525831 -0.0416943882 -0.356942948 0.118120365 -0.0415845215 -0.326715902 0.111679429 -0.0372997229 -0.356942948 0.118120365 -0.0415845215 -0.356723222 0.119054229 -0.0380138544 -0.356723222 0.119054229 -0.0380138544 -0.356942948 0.118120365 -0.0415845215 -0.384849079 0.125261692 -0.0415295866 -0.356723222 0.119054229 -0.0380138544 -0.384849079 0.125261692 -0.0415295866 -0.384684284 0.126030762 -0.0386181225 -0.384684284 0.126030762 -0.0386181225 -0.384849079 0.125261692 -0.0415295866 -0.409788794 0.131633964 -0.0414746549 -0.384684284 0.126030762 -0.0386181225 -0.409788794 0.131633964 -0.0414746549 -0.409678931 0.132238225 -0.0391674557 -0.409678931 0.132238225 -0.0391674557 -0.409788794 0.131633964 -0.0414746549 -0.430828256 0.136962494 -0.0414197199 -0.409678931 0.132238225 -0.0391674557 -0.430828256 0.136962494 -0.0414197199 -0.430718393 0.137456892 -0.0396618538 -0.430718393 0.137456892 -0.0396618538 -0.430828256 0.136962494 -0.0414197199 -0.446978667 0.141027556 -0.0413647883 -0.430718393 0.137456892 -0.0396618538 -0.446978667 0.141027556 -0.0413647883 -0.446923709 0.14141209 -0.0400463887 -0.446923709 0.14141209 -0.0400463887 -0.446978667 0.141027556 -0.0413647883 -0.447582915 0.141137419 -0.0413647883 -0.446923709 0.14141209 -0.0400463887 -0.447582915 0.141137419 -0.0413647883 -0.447527984 0.141467022 -0.0400463887 -0.447527984 0.141467022 -0.0400463887 -0.447582915 0.141137419 -0.0413647883 -0.448242122 0.141082487 -0.0412549217 -0.447527984 0.141467022 -0.0400463887 -0.448242122 0.141082487 -0.0412549217 -0.44818719 0.14141209 -0.0400463887 -0.44818719 0.14141209 -0.0400463887 -0.448242122 0.141082487 -0.0412549217 -0.44895626 0.140807816 -0.0409802534 -0.44818719 0.14141209 -0.0400463887 -0.44895626 0.140807816 -0.0409802534 -0.448901328 0.141027556 -0.0401013204 -0.448901328 0.141027556 -0.0401013204 -0.44895626 0.140807816 -0.0409802534 -0.449999988 0.139544361 -0.0401013204 0.285570843 -0.0364207899 0.0063722646 0.277880173 -0.0130741291 -0.0332346576 0.278484447 0.0031861323 -0.0171941278 0.278484447 0.0031861323 -0.0171941278 0.277880173 -0.0130741291 -0.0332346576 0.265300452 -0.00433973193 -0.0465834516 0.278484447 0.0031861323 -0.0171941278 0.265300452 -0.00433973193 -0.0465834516 0.266069521 0.0169194612 -0.0255439917 0.266069521 0.0169194612 -0.0255439917 0.265300452 -0.00433973193 -0.0465834516 0.251622044 0.001043733 -0.0540543825 0.266069521 0.0169194612 -0.0255439917 0.251622044 0.001043733 -0.0540543825 0.252446046 0.0247749253 -0.0305429234 0.252446046 0.0247749253 -0.0305429234 0.251622044 0.001043733 -0.0540543825 0.237174594 0.00417493198 -0.0574602514 0.252446046 0.0247749253 -0.0305429234 0.237174594 0.00417493198 -0.0574602514 0.238053527 0.0287301257 -0.0331797226 0.238053527 0.0287301257 -0.0331797226 0.237174594 0.00417493198 -0.0574602514 0.22491073 0.00499893172 -0.0572405182 0.238053527 0.0287301257 -0.0331797226 0.22491073 0.00499893172 -0.0572405182 0.225034326 0.028949859 -0.0336191891 0.225034326 0.028949859 -0.0336191891 0.22491073 0.00499893172 -0.0572405182 0.209529402 0.0056581315 -0.0570207849 0.225034326 0.028949859 -0.0336191891 0.209529402 0.0056581315 -0.0570207849 0.209419538 0.0287850573 -0.0342234573 0.209419538 0.0287850573 -0.0342234573 0.209529402 0.0056581315 -0.0570207849 0.191456343 0.00631733129 -0.0568010516 0.209419538 0.0287850573 -0.0342234573 0.191456343 0.00631733129 -0.0568010516 0.191346466 0.0284554575 -0.0349925237 0.191346466 0.0284554575 -0.0349925237 0.191456343 0.00631733129 -0.0568010516 0.171185951 0.00708639771 -0.0565813184 0.191346466 0.0284554575 -0.0349925237 0.171185951 0.00708639771 -0.0565813184 0.171240883 0.0280709242 -0.0358165217 0.171240883 0.0280709242 -0.0358165217 0.171185951 0.00708639771 -0.0565813184 0.149212625 0.00807519739 -0.0562517151 0.171240883 0.0280709242 -0.0358165217 0.149212625 0.00807519739 -0.0562517151 0.149487283 0.0279061243 -0.0367503898 0.149487283 0.0279061243 -0.0367503898 0.149212625 0.00807519739 -0.0562517151 0.12597583 0.00939359696 -0.0559770502 0.149487283 0.0279061243 -0.0367503898 0.12597583 0.00939359696 -0.0559770502 0.126580092 0.0279610576 -0.0376293228 0.126580092 0.0279610576 -0.0376293228 0.12597583 0.00939359696 -0.0559770502 0.102066104 0.0112063964 -0.0555925153 0.126580092 0.0279610576 -0.0376293228 0.102066104 0.0112063964 -0.0555925153 0.102999968 0.0285103924 -0.0384533209 0.102999968 0.0285103924 -0.0384533209 0.102066104 0.0112063964 -0.0555925153 0.0779503764 0.0135135956 -0.0552079838 0.102999968 0.0285103924 -0.0384533209 0.0779503764 0.0135135956 -0.0552079838 0.0793237077 0.0296090588 -0.0392223873 0.0793237077 0.0296090588 -0.0392223873 0.0779503764 0.0135135956 -0.0552079838 0.0541642491 0.016534928 -0.0547685173 0.0793237077 0.0296090588 -0.0392223873 0.0541642491 0.016534928 -0.0547685173 0.0560319819 0.0314218565 -0.0398266555 0.0560319819 0.0314218565 -0.0398266555 0.0541642491 0.016534928 -0.0547685173 0.0307077251 0.0202703934 -0.0542191841 0.0560319819 0.0314218565 -0.0398266555 0.0307077251 0.0202703934 -0.0542191841 0.0329050577 0.0341135906 -0.040266122 0.0329050577 0.0341135906 -0.040266122 0.0307077251 0.0202703934 -0.0542191841 0.00626239797 0.0248298586 -0.053614916 0.0329050577 0.0341135906 -0.040266122 0.00626239797 0.0248298586 -0.053614916 0.00862453054 0.0376293228 -0.0406506535 0.00862453054 0.0376293228 -0.0406506535 0.00626239797 0.0248298586 -0.053614916 -0.0191167938 0.0300485253 -0.0529007846 0.00862453054 0.0376293228 -0.0406506535 -0.0191167938 0.0300485253 -0.0529007846 -0.0166997279 0.0418591864 -0.0409253218 -0.0166997279 0.0418591864 -0.0409253218 -0.0191167938 0.0300485253 -0.0529007846 -0.0452101204 0.0358165217 -0.0521866498 -0.0166997279 0.0418591864 -0.0409253218 -0.0452101204 0.0358165217 -0.0521866498 -0.0427930545 0.0466383866 -0.041145055 -0.0427930545 0.0466383866 -0.041145055 -0.0452101204 0.0358165217 -0.0521866498 -0.0718527767 0.0420239881 -0.0513626517 -0.0427930545 0.0466383866 -0.041145055 -0.0718527767 0.0420239881 -0.0513626517 -0.0695455808 0.0518570499 -0.0413098533 -0.0695455808 0.0518570499 -0.0413098533 -0.0718527767 0.0420239881 -0.0513626517 -0.0988250364 0.0485610509 -0.0505935853 -0.0695455808 0.0518570499 -0.0413098533 -0.0988250364 0.0485610509 -0.0505935853 -0.0966826354 0.0574602514 -0.0414197199 -0.0966826354 0.0574602514 -0.0414197199 -0.0988250364 0.0485610509 -0.0505935853 -0.12597583 0.0552629154 -0.0497695839 -0.0966826354 0.0574602514 -0.0414197199 -0.12597583 0.0552629154 -0.0497695839 -0.123998224 0.0632831795 -0.0415295866 -0.123998224 0.0632831795 -0.0415295866 -0.12597583 0.0552629154 -0.0497695839 -0.153167823 0.0620746499 -0.0490005175 -0.123998224 0.0632831795 -0.0415295866 -0.153167823 0.0620746499 -0.0490005175 -0.151355012 0.0692709092 -0.0415845215 -0.151355012 0.0692709092 -0.0415845215 -0.153167823 0.0620746499 -0.0490005175 -0.180085145 0.0688314427 -0.048286386 -0.151355012 0.0692709092 -0.0415845215 -0.180085145 0.0688314427 -0.048286386 -0.178492073 0.0752586457 -0.0416394532 -0.178492073 0.0752586457 -0.0416394532 -0.180085145 0.0688314427 -0.048286386 -0.206892603 0.0755333106 -0.0475722513 -0.178492073 0.0752586457 -0.0416394532 -0.206892603 0.0755333106 -0.0475722513 -0.20546434 0.0811914437 -0.0417493198 -0.20546434 0.0811914437 -0.0417493198 -0.206892603 0.0755333106 -0.0475722513 -0.23547166 0.0828394399 -0.0469130515 -0.20546434 0.0811914437 -0.0417493198 -0.23547166 0.0828394399 -0.0469130515 -0.234208178 0.0878383732 -0.0417493198 -0.234208178 0.0878383732 -0.0417493198 -0.23547166 0.0828394399 -0.0469130515 -0.265794836 0.0908047689 -0.0461989201 -0.234208178 0.0878383732 -0.0417493198 -0.265794836 0.0908047689 -0.0461989201 -0.264641245 0.0950895709 -0.0417493198 -0.264641245 0.0950895709 -0.0417493198 -0.265794836 0.0908047689 -0.0461989201 -0.29688711 0.0990997013 -0.0455397203 -0.264641245 0.0950895709 -0.0417493198 -0.29688711 0.0990997013 -0.0455397203 -0.295898313 0.102780235 -0.0417493198 -0.295898313 0.102780235 -0.0417493198 -0.29688711 0.0990997013 -0.0455397203 -0.327814561 0.107449565 -0.0448805205 -0.295898313 0.102780235 -0.0417493198 -0.327814561 0.107449565 -0.0448805205 -0.326935628 0.110525831 -0.0416943882 -0.326935628 0.110525831 -0.0416943882 -0.327814561 0.107449565 -0.0448805205 -0.357657086 0.115593429 -0.0442213207 -0.326935628 0.110525831 -0.0416943882 -0.357657086 0.115593429 -0.0442213207 -0.356942948 0.118120365 -0.0415845215 -0.356942948 0.118120365 -0.0415845215 -0.357657086 0.115593429 -0.0442213207 -0.385453354 0.123174223 -0.0436719875 -0.356942948 0.118120365 -0.0415845215 -0.385453354 0.123174223 -0.0436719875 -0.384849079 0.125261692 -0.0415295866 -0.384849079 0.125261692 -0.0415295866 -0.385453354 0.123174223 -0.0436719875 -0.410283206 0.129985961 -0.0431226544 -0.384849079 0.125261692 -0.0415295866 -0.410283206 0.129985961 -0.0431226544 -0.409788794 0.131633964 -0.0414746549 -0.409788794 0.131633964 -0.0414746549 -0.410283206 0.129985961 -0.0431226544 -0.431157873 0.135753957 -0.0426831879 -0.409788794 0.131633964 -0.0414746549 -0.431157873 0.135753957 -0.0426831879 -0.430828256 0.136962494 -0.0414197199 -0.430828256 0.136962494 -0.0414197199 -0.431157873 0.135753957 -0.0426831879 -0.447253326 0.140093691 -0.042353588 -0.430828256 0.136962494 -0.0414197199 -0.447253326 0.140093691 -0.042353588 -0.446978667 0.141027556 -0.0413647883 -0.446978667 0.141027556 -0.0413647883 -0.447253326 0.140093691 -0.042353588 -0.447857601 0.140258486 -0.042298653 -0.446978667 0.141027556 -0.0413647883 -0.447857601 0.140258486 -0.042298653 -0.447582915 0.141137419 -0.0413647883 -0.447582915 0.141137419 -0.0413647883 -0.447857601 0.140258486 -0.042298653 -0.448461849 0.140258486 -0.0420789197 -0.447582915 0.141137419 -0.0413647883 -0.448461849 0.140258486 -0.0420789197 -0.448242122 0.141082487 -0.0412549217 -0.448242122 0.141082487 -0.0412549217 -0.448461849 0.140258486 -0.0420789197 -0.449121055 0.140203554 -0.0416394532 -0.448242122 0.141082487 -0.0412549217 -0.449121055 0.140203554 -0.0416394532 -0.44895626 0.140807816 -0.0409802534 -0.44895626 0.140807816 -0.0409802534 -0.449121055 0.140203554 -0.0416394532 -0.449999988 0.139544361 -0.0401013204 0.285570843 -0.0364207899 0.0063722646 0.275408168 -0.0349925237 -0.0391125207 0.277880173 -0.0130741291 -0.0332346576 0.277880173 -0.0130741291 -0.0332346576 0.275408168 -0.0349925237 -0.0391125207 0.262059378 -0.033069856 -0.0542741158 0.277880173 -0.0130741291 -0.0332346576 0.262059378 -0.033069856 -0.0542741158 0.265300452 -0.00433973193 -0.0465834516 0.265300452 -0.00433973193 -0.0465834516 0.262059378 -0.033069856 -0.0542741158 0.247941517 -0.0310922566 -0.0626789114 0.265300452 -0.00433973193 -0.0465834516 0.247941517 -0.0310922566 -0.0626789114 0.251622044 0.001043733 -0.0540543825 0.251622044 0.001043733 -0.0540543825 0.247941517 -0.0310922566 -0.0626789114 0.233384204 -0.0290047906 -0.0663594452 0.251622044 0.001043733 -0.0540543825 0.233384204 -0.0290047906 -0.0663594452 0.237174594 0.00417493198 -0.0574602514 0.237174594 0.00417493198 -0.0574602514 0.233384204 -0.0290047906 -0.0663594452 0.222054191 -0.0274117245 -0.0659199787 0.237174594 0.00417493198 -0.0574602514 0.222054191 -0.0274117245 -0.0659199787 0.22491073 0.00499893172 -0.0572405182 0.22491073 0.00499893172 -0.0572405182 0.222054191 -0.0274117245 -0.0659199787 0.207002466 -0.025598925 -0.0653706489 0.22491073 0.00499893172 -0.0572405182 0.207002466 -0.025598925 -0.0653706489 0.209529402 0.0056581315 -0.0570207849 0.209529402 0.0056581315 -0.0570207849 0.207002466 -0.025598925 -0.0653706489 0.18903927 -0.0236213257 -0.0647663807 0.209529402 0.0056581315 -0.0570207849 0.18903927 -0.0236213257 -0.0647663807 0.191456343 0.00631733129 -0.0568010516 0.191456343 0.00631733129 -0.0568010516 0.18903927 -0.0236213257 -0.0647663807 0.168713947 -0.0213141264 -0.0641621126 0.191456343 0.00631733129 -0.0568010516 0.168713947 -0.0213141264 -0.0641621126 0.171185951 0.00708639771 -0.0565813184 0.171185951 0.00708639771 -0.0565813184 0.168713947 -0.0213141264 -0.0641621126 0.146630757 -0.0186773273 -0.0634479811 0.171185951 0.00708639771 -0.0565813184 0.146630757 -0.0186773273 -0.0634479811 0.149212625 0.00807519739 -0.0562517151 0.149212625 0.00807519739 -0.0562517151 0.146630757 -0.0186773273 -0.0634479811 0.123229155 -0.0156559949 -0.0626789114 0.149212625 0.00807519739 -0.0562517151 0.123229155 -0.0156559949 -0.0626789114 0.12597583 0.00939359696 -0.0559770502 0.12597583 0.00939359696 -0.0559770502 0.123229155 -0.0156559949 -0.0626789114 0.0990447696 -0.0121951961 -0.0619098483 0.12597583 0.00939359696 -0.0559770502 0.0990447696 -0.0121951961 -0.0619098483 0.102066104 0.0112063964 -0.0555925153 0.102066104 0.0112063964 -0.0555925153 0.0990447696 -0.0121951961 -0.0619098483 0.0745994459 -0.00818506402 -0.0610858469 0.102066104 0.0112063964 -0.0555925153 0.0745994459 -0.00818506402 -0.0610858469 0.0779503764 0.0135135956 -0.0552079838 0.0779503764 0.0135135956 -0.0552079838 0.0745994459 -0.00818506402 -0.0610858469 0.0504287837 -0.00362559883 -0.0602069138 0.0779503764 0.0135135956 -0.0552079838 0.0504287837 -0.00362559883 -0.0602069138 0.0541642491 0.016534928 -0.0547685173 0.0541642491 0.016534928 -0.0547685173 0.0504287837 -0.00362559883 -0.0602069138 0.0266975914 0.00159306615 -0.0593279808 0.0541642491 0.016534928 -0.0547685173 0.0266975914 0.00159306615 -0.0593279808 0.0307077251 0.0202703934 -0.0542191841 0.0307077251 0.0202703934 -0.0542191841 0.0266975914 0.00159306615 -0.0593279808 0.00219733262 0.00752586423 -0.0583391845 0.0307077251 0.0202703934 -0.0542191841 0.00219733262 0.00752586423 -0.0583391845 0.00626239797 0.0248298586 -0.053614916 0.00626239797 0.0248298586 -0.053614916 0.00219733262 0.00752586423 -0.0583391845 -0.0231269258 0.0141178621 -0.0572954498 0.00626239797 0.0248298586 -0.053614916 -0.0231269258 0.0141178621 -0.0572954498 -0.0191167938 0.0300485253 -0.0529007846 -0.0191167938 0.0300485253 -0.0529007846 -0.0231269258 0.0141178621 -0.0572954498 -0.0490554525 0.0212042598 -0.0561967835 -0.0191167938 0.0300485253 -0.0529007846 -0.0490554525 0.0212042598 -0.0561967835 -0.0452101204 0.0358165217 -0.0521866498 -0.0452101204 0.0358165217 -0.0521866498 -0.0490554525 0.0212042598 -0.0561967835 -0.0754783789 0.0287301257 -0.0550431822 -0.0452101204 0.0358165217 -0.0521866498 -0.0754783789 0.0287301257 -0.0550431822 -0.0718527767 0.0420239881 -0.0513626517 -0.0718527767 0.0420239881 -0.0513626517 -0.0754783789 0.0287301257 -0.0550431822 -0.102175967 0.0364757215 -0.0539445159 -0.0718527767 0.0420239881 -0.0513626517 -0.102175967 0.0364757215 -0.0539445159 -0.0988250364 0.0485610509 -0.0505935853 -0.0988250364 0.0485610509 -0.0505935853 -0.102175967 0.0364757215 -0.0539445159 -0.129052096 0.044386119 -0.0527909179 -0.0988250364 0.0485610509 -0.0505935853 -0.129052096 0.044386119 -0.0527909179 -0.12597583 0.0552629154 -0.0497695839 -0.12597583 0.0552629154 -0.0497695839 -0.129052096 0.044386119 -0.0527909179 -0.155914486 0.0522965164 -0.0516922516 -0.12597583 0.0552629154 -0.0497695839 -0.155914486 0.0522965164 -0.0516922516 -0.153167823 0.0620746499 -0.0490005175 -0.153167823 0.0620746499 -0.0490005175 -0.155914486 0.0522965164 -0.0516922516 -0.182557135 0.0601519822 -0.0507034519 -0.153167823 0.0620746499 -0.0490005175 -0.182557135 0.0601519822 -0.0507034519 -0.180085145 0.0688314427 -0.048286386 -0.180085145 0.0688314427 -0.048286386 -0.182557135 0.0601519822 -0.0507034519 -0.209035004 0.0677877147 -0.0497146522 -0.180085145 0.0688314427 -0.048286386 -0.209035004 0.0677877147 -0.0497146522 -0.206892603 0.0755333106 -0.0475722513 -0.206892603 0.0755333106 -0.0475722513 -0.209035004 0.0677877147 -0.0497146522 -0.237394321 0.0760826404 -0.0487807842 -0.206892603 0.0755333106 -0.0475722513 -0.237394321 0.0760826404 -0.0487807842 -0.23547166 0.0828394399 -0.0469130515 -0.23547166 0.0828394399 -0.0469130515 -0.237394321 0.0760826404 -0.0487807842 -0.267497771 0.0849269092 -0.0478469195 -0.23547166 0.0828394399 -0.0469130515 -0.267497771 0.0849269092 -0.0478469195 -0.265794836 0.0908047689 -0.0461989201 -0.265794836 0.0908047689 -0.0461989201 -0.267497771 0.0849269092 -0.0478469195 -0.298315359 0.0941007679 -0.0469130515 -0.265794836 0.0908047689 -0.0461989201 -0.298315359 0.0941007679 -0.0469130515 -0.29688711 0.0990997013 -0.0455397203 -0.29688711 0.0990997013 -0.0455397203 -0.298315359 0.0941007679 -0.0469130515 -0.329023084 0.103219702 -0.0460341184 -0.29688711 0.0990997013 -0.0455397203 -0.329023084 0.103219702 -0.0460341184 -0.327814561 0.107449565 -0.0448805205 -0.327814561 0.107449565 -0.0448805205 -0.329023084 0.103219702 -0.0460341184 -0.358645883 0.112118895 -0.0452101204 -0.327814561 0.107449565 -0.0448805205 -0.358645883 0.112118895 -0.0452101204 -0.357657086 0.115593429 -0.0442213207 -0.357657086 0.115593429 -0.0442213207 -0.358645883 0.112118895 -0.0452101204 -0.386222397 0.120427561 -0.044441054 -0.357657086 0.115593429 -0.0442213207 -0.386222397 0.120427561 -0.044441054 -0.385453354 0.123174223 -0.0436719875 -0.385453354 0.123174223 -0.0436719875 -0.386222397 0.120427561 -0.044441054 -0.410887454 0.127788628 -0.0437269192 -0.385453354 0.123174223 -0.0436719875 -0.410887454 0.127788628 -0.0437269192 -0.410283206 0.129985961 -0.0431226544 -0.410283206 0.129985961 -0.0431226544 -0.410887454 0.127788628 -0.0437269192 -0.431652257 0.134051023 -0.043177586 -0.410283206 0.129985961 -0.0431226544 -0.431652257 0.134051023 -0.043177586 -0.431157873 0.135753957 -0.0426831879 -0.431157873 0.135753957 -0.0426831879 -0.431652257 0.134051023 -0.043177586 -0.447637847 0.138830223 -0.0427381195 -0.431157873 0.135753957 -0.0426831879 -0.447637847 0.138830223 -0.0427381195 -0.447253326 0.140093691 -0.042353588 -0.447253326 0.140093691 -0.042353588 -0.447637847 0.138830223 -0.0427381195 -0.44818719 0.138995018 -0.0426282529 -0.447253326 0.140093691 -0.042353588 -0.44818719 0.138995018 -0.0426282529 -0.447857601 0.140258486 -0.042298653 -0.447857601 0.140258486 -0.042298653 -0.44818719 0.138995018 -0.0426282529 -0.448791465 0.139159826 -0.0424085196 -0.447857601 0.140258486 -0.042298653 -0.448791465 0.139159826 -0.0424085196 -0.448461849 0.140258486 -0.0420789197 -0.448461849 0.140258486 -0.0420789197 -0.448791465 0.139159826 -0.0424085196 -0.449395713 0.139324621 -0.0418591864 -0.448461849 0.140258486 -0.0420789197 -0.449395713 0.139324621 -0.0418591864 -0.449121055 0.140203554 -0.0416394532 -0.449121055 0.140203554 -0.0416394532 -0.449395713 0.139324621 -0.0418591864 -0.449999988 0.139544361 -0.0401013204 0.285570843 -0.0364207899 0.0063722646 0.27167271 -0.0567461133 -0.0332346576 0.275408168 -0.0349925237 -0.0391125207 0.275408168 -0.0349925237 -0.0391125207 0.27167271 -0.0567461133 -0.0332346576 0.257170328 -0.0615802451 -0.0465834516 0.275408168 -0.0349925237 -0.0391125207 0.257170328 -0.0615802451 -0.0465834516 0.262059378 -0.033069856 -0.0542741158 0.262059378 -0.033069856 -0.0542741158 0.257170328 -0.0615802451 -0.0465834516 0.242503124 -0.062953583 -0.0540543825 0.262059378 -0.033069856 -0.0542741158 0.242503124 -0.062953583 -0.0540543825 0.247941517 -0.0310922566 -0.0626789114 0.247941517 -0.0310922566 -0.0626789114 0.242503124 -0.062953583 -0.0540543825 0.227780989 -0.0619098483 -0.0574602514 0.247941517 -0.0310922566 -0.0626789114 0.227780989 -0.0619098483 -0.0574602514 0.233384204 -0.0290047906 -0.0663594452 0.233384204 -0.0290047906 -0.0663594452 0.227780989 -0.0619098483 -0.0574602514 0.217165128 -0.0595477141 -0.0572405182 0.233384204 -0.0290047906 -0.0663594452 0.217165128 -0.0595477141 -0.0572405182 0.222054191 -0.0274117245 -0.0659199787 0.222054191 -0.0274117245 -0.0659199787 0.217165128 -0.0595477141 -0.0572405182 0.202552869 -0.05663625 -0.0570207849 0.222054191 -0.0274117245 -0.0659199787 0.202552869 -0.05663625 -0.0570207849 0.207002466 -0.025598925 -0.0653706489 0.207002466 -0.025598925 -0.0653706489 0.202552869 -0.05663625 -0.0570207849 0.184754468 -0.0533402511 -0.0568010516 0.207002466 -0.025598925 -0.0653706489 0.184754468 -0.0533402511 -0.0568010516 0.18903927 -0.0236213257 -0.0647663807 0.18903927 -0.0236213257 -0.0647663807 0.184754468 -0.0533402511 -0.0568010516 0.164539008 -0.049494919 -0.0565813184 0.18903927 -0.0236213257 -0.0647663807 0.164539008 -0.049494919 -0.0565813184 0.168713947 -0.0213141264 -0.0641621126 0.168713947 -0.0213141264 -0.0641621126 0.164539008 -0.049494919 -0.0565813184 0.142455818 -0.045265052 -0.0562517151 0.168713947 -0.0213141264 -0.0641621126 0.142455818 -0.045265052 -0.0562517151 0.146630757 -0.0186773273 -0.0634479811 0.146630757 -0.0186773273 -0.0634479811 0.142455818 -0.045265052 -0.0562517151 0.118999298 -0.0405407869 -0.0559770502 0.146630757 -0.0186773273 -0.0634479811 0.118999298 -0.0405407869 -0.0559770502 0.123229155 -0.0156559949 -0.0626789114 0.123229155 -0.0156559949 -0.0626789114 0.118999298 -0.0405407869 -0.0559770502 0.0947599676 -0.0353221236 -0.0555925153 0.123229155 -0.0156559949 -0.0626789114 0.0947599676 -0.0353221236 -0.0555925153 0.0990447696 -0.0121951961 -0.0619098483 0.0990447696 -0.0121951961 -0.0619098483 0.0947599676 -0.0353221236 -0.0555925153 0.0702047806 -0.0297189254 -0.0552079838 0.0990447696 -0.0121951961 -0.0619098483 0.0702047806 -0.0297189254 -0.0552079838 0.0745994459 -0.00818506402 -0.0610858469 0.0745994459 -0.00818506402 -0.0610858469 0.0702047806 -0.0297189254 -0.0552079838 0.0458143852 -0.0235663924 -0.0547685173 0.0745994459 -0.00818506402 -0.0610858469 0.0458143852 -0.0235663924 -0.0547685173 0.0504287837 -0.00362559883 -0.0602069138 0.0504287837 -0.00362559883 -0.0602069138 0.0458143852 -0.0235663924 -0.0547685173 0.0219733262 -0.0169743945 -0.0542191841 0.0504287837 -0.00362559883 -0.0602069138 0.0219733262 -0.0169743945 -0.0542191841 0.0266975914 0.00159306615 -0.0593279808 0.0266975914 0.00159306615 -0.0593279808 0.0219733262 -0.0169743945 -0.0542191841 -0.0024719992 -0.00961333022 -0.053614916 0.0266975914 0.00159306615 -0.0593279808 -0.0024719992 -0.00961333022 -0.053614916 0.00219733262 0.00752586423 -0.0583391845 0.00219733262 0.00752586423 -0.0583391845 -0.0024719992 -0.00961333022 -0.053614916 -0.0276314577 -0.00170293278 -0.0529007846 0.00219733262 0.00752586423 -0.0583391845 -0.0276314577 -0.00170293278 -0.0529007846 -0.0231269258 0.0141178621 -0.0572954498 -0.0231269258 0.0141178621 -0.0572954498 -0.0276314577 -0.00170293278 -0.0529007846 -0.0533402511 0.00675679781 -0.0521866498 -0.0231269258 0.0141178621 -0.0572954498 -0.0533402511 0.00675679781 -0.0521866498 -0.0490554525 0.0212042598 -0.0561967835 -0.0490554525 0.0212042598 -0.0561967835 -0.0533402511 0.00675679781 -0.0521866498 -0.0794885093 0.0155461283 -0.0513626517 -0.0490554525 0.0212042598 -0.0561967835 -0.0794885093 0.0155461283 -0.0513626517 -0.0754783789 0.0287301257 -0.0550431822 -0.0754783789 0.0287301257 -0.0550431822 -0.0794885093 0.0155461283 -0.0513626517 -0.105856501 0.0245551921 -0.0505935853 -0.0754783789 0.0287301257 -0.0550431822 -0.105856501 0.0245551921 -0.0505935853 -0.102175967 0.0364757215 -0.0539445159 -0.102175967 0.0364757215 -0.0539445159 -0.105856501 0.0245551921 -0.0505935853 -0.13240302 0.0336191891 -0.0497695839 -0.102175967 0.0364757215 -0.0539445159 -0.13240302 0.0336191891 -0.0497695839 -0.129052096 0.044386119 -0.0527909179 -0.129052096 0.044386119 -0.0527909179 -0.13240302 0.0336191891 -0.0497695839 -0.158880888 0.0426282529 -0.0490005175 -0.129052096 0.044386119 -0.0527909179 -0.158880888 0.0426282529 -0.0490005175 -0.155914486 0.0522965164 -0.0516922516 -0.155914486 0.0522965164 -0.0516922516 -0.158880888 0.0426282529 -0.0490005175 -0.185139003 0.0514725183 -0.048286386 -0.155914486 0.0522965164 -0.0516922516 -0.185139003 0.0514725183 -0.048286386 -0.182557135 0.0601519822 -0.0507034519 -0.182557135 0.0601519822 -0.0507034519 -0.185139003 0.0514725183 -0.048286386 -0.2113422 0.0601519822 -0.0475722513 -0.182557135 0.0601519822 -0.0507034519 -0.2113422 0.0601519822 -0.0475722513 -0.209035004 0.0677877147 -0.0497146522 -0.209035004 0.0677877147 -0.0497146522 -0.2113422 0.0601519822 -0.0475722513 -0.239426845 0.0693258476 -0.0469130515 -0.209035004 0.0677877147 -0.0497146522 -0.239426845 0.0693258476 -0.0469130515 -0.237394321 0.0760826404 -0.0487807842 -0.237394321 0.0760826404 -0.0487807842 -0.239426845 0.0693258476 -0.0469130515 -0.269255637 0.0791039744 -0.0461989201 -0.237394321 0.0760826404 -0.0487807842 -0.269255637 0.0791039744 -0.0461989201 -0.267497771 0.0849269092 -0.0478469195 -0.267497771 0.0849269092 -0.0478469195 -0.269255637 0.0791039744 -0.0461989201 -0.299853499 0.0891018412 -0.0455397203 -0.267497771 0.0849269092 -0.0478469195 -0.299853499 0.0891018412 -0.0455397203 -0.298315359 0.0941007679 -0.0469130515 -0.298315359 0.0941007679 -0.0469130515 -0.299853499 0.0891018412 -0.0455397203 -0.330286566 0.0990447696 -0.0448805205 -0.298315359 0.0941007679 -0.0469130515 -0.330286566 0.0990447696 -0.0448805205 -0.329023084 0.103219702 -0.0460341184 -0.329023084 0.103219702 -0.0460341184 -0.330286566 0.0990447696 -0.0448805205 -0.359689611 0.108658102 -0.0442213207 -0.329023084 0.103219702 -0.0460341184 -0.359689611 0.108658102 -0.0442213207 -0.358645883 0.112118895 -0.0452101204 -0.358645883 0.112118895 -0.0452101204 -0.359689611 0.108658102 -0.0442213207 -0.38710133 0.117625967 -0.0436719875 -0.358645883 0.112118895 -0.0452101204 -0.38710133 0.117625967 -0.0436719875 -0.386222397 0.120427561 -0.044441054 -0.386222397 0.120427561 -0.044441054 -0.38710133 0.117625967 -0.0436719875 -0.411601592 0.125646227 -0.0431226544 -0.386222397 0.120427561 -0.044441054 -0.411601592 0.125646227 -0.0431226544 -0.410887454 0.127788628 -0.0437269192 -0.410887454 0.127788628 -0.0437269192 -0.411601592 0.125646227 -0.0431226544 -0.432201601 0.132348088 -0.0426831879 -0.410887454 0.127788628 -0.0437269192 -0.432201601 0.132348088 -0.0426831879 -0.431652257 0.134051023 -0.043177586 -0.431652257 0.134051023 -0.043177586 -0.432201601 0.132348088 -0.0426831879 -0.448022395 0.137566755 -0.042353588 -0.431652257 0.134051023 -0.043177586 -0.448022395 0.137566755 -0.042353588 -0.447637847 0.138830223 -0.0427381195 -0.447637847 0.138830223 -0.0427381195 -0.448022395 0.137566755 -0.042353588 -0.448571712 0.13773155 -0.042298653 -0.447637847 0.138830223 -0.0427381195 -0.448571712 0.13773155 -0.042298653 -0.44818719 0.138995018 -0.0426282529 -0.44818719 0.138995018 -0.0426282529 -0.448571712 0.13773155 -0.042298653 -0.449121055 0.138061153 -0.0420789197 -0.44818719 0.138995018 -0.0426282529 -0.449121055 0.138061153 -0.0420789197 -0.448791465 0.139159826 -0.0424085196 -0.448791465 0.139159826 -0.0424085196 -0.449121055 0.138061153 -0.0420789197 -0.449615467 0.13850062 -0.0416394532 -0.448791465 0.139159826 -0.0424085196 -0.449615467 0.13850062 -0.0416394532 -0.449395713 0.139324621 -0.0418591864 -0.449395713 0.139324621 -0.0418591864 -0.449615467 0.13850062 -0.0416394532 -0.449999988 0.139544361 -0.0401013204 0.285570843 -0.0364207899 0.0063722646 0.267717524 -0.0725119765 -0.0171941278 0.27167271 -0.0567461133 -0.0332346576 0.27167271 -0.0567461133 -0.0332346576 0.267717524 -0.0725119765 -0.0171941278 0.251951661 -0.0822351717 -0.0255439917 0.27167271 -0.0567461133 -0.0332346576 0.251951661 -0.0822351717 -0.0255439917 0.257170328 -0.0615802451 -0.0465834516 0.257170328 -0.0615802451 -0.0465834516 0.251951661 -0.0822351717 -0.0255439917 0.236680183 -0.0860255755 -0.0305429234 0.257170328 -0.0615802451 -0.0465834516 0.236680183 -0.0860255755 -0.0305429234 0.242503124 -0.062953583 -0.0540543825 0.242503124 -0.062953583 -0.0540543825 0.236680183 -0.0860255755 -0.0305429234 0.221779533 -0.0857509039 -0.0331797226 0.242503124 -0.062953583 -0.0540543825 0.221779533 -0.0857509039 -0.0331797226 0.227780989 -0.0619098483 -0.0574602514 0.227780989 -0.0619098483 -0.0574602514 0.221779533 -0.0857509039 -0.0331797226 0.211671803 -0.0828394399 -0.0336191891 0.227780989 -0.0619098483 -0.0574602514 0.211671803 -0.0828394399 -0.0336191891 0.217165128 -0.0595477141 -0.0572405182 0.217165128 -0.0595477141 -0.0572405182 0.211671803 -0.0828394399 -0.0336191891 0.197279271 -0.079158906 -0.0342234573 0.217165128 -0.0595477141 -0.0572405182 0.197279271 -0.079158906 -0.0342234573 0.202552869 -0.05663625 -0.0570207849 0.202552869 -0.05663625 -0.0570207849 0.197279271 -0.079158906 -0.0342234573 0.179755541 -0.0748741108 -0.0349925237 0.202552869 -0.05663625 -0.0570207849 0.179755541 -0.0748741108 -0.0349925237 0.184754468 -0.0533402511 -0.0568010516 0.184754468 -0.0533402511 -0.0568010516 0.179755541 -0.0748741108 -0.0349925237 0.159704876 -0.069930109 -0.0358165217 0.184754468 -0.0533402511 -0.0568010516 0.159704876 -0.069930109 -0.0358165217 0.164539008 -0.049494919 -0.0565813184 0.164539008 -0.049494919 -0.0565813184 0.159704876 -0.069930109 -0.0358165217 0.137786495 -0.0644917158 -0.0367503898 0.164539008 -0.049494919 -0.0565813184 0.137786495 -0.0644917158 -0.0367503898 0.142455818 -0.045265052 -0.0562517151 0.142455818 -0.045265052 -0.0562517151 0.137786495 -0.0644917158 -0.0367503898 0.114494769 -0.0585039794 -0.0376293228 0.142455818 -0.045265052 -0.0562517151 0.114494769 -0.0585039794 -0.0376293228 0.118999298 -0.0405407869 -0.0559770502 0.118999298 -0.0405407869 -0.0559770502 0.114494769 -0.0585039794 -0.0376293228 0.0904202407 -0.0521317181 -0.0384533209 0.118999298 -0.0405407869 -0.0559770502 0.0904202407 -0.0521317181 -0.0384533209 0.0947599676 -0.0353221236 -0.0555925153 0.0947599676 -0.0353221236 -0.0555925153 0.0904202407 -0.0521317181 -0.0384533209 0.0659199787 -0.045265052 -0.0392223873 0.0947599676 -0.0353221236 -0.0555925153 0.0659199787 -0.045265052 -0.0392223873 0.0702047806 -0.0297189254 -0.0552079838 0.0702047806 -0.0297189254 -0.0552079838 0.0659199787 -0.045265052 -0.0392223873 0.0416394532 -0.0380138544 -0.0398266555 0.0702047806 -0.0297189254 -0.0552079838 0.0416394532 -0.0380138544 -0.0398266555 0.0458143852 -0.0235663924 -0.0547685173 0.0458143852 -0.0235663924 -0.0547685173 0.0416394532 -0.0380138544 -0.0398266555 0.0177983942 -0.0303781252 -0.040266122 0.0458143852 -0.0235663924 -0.0547685173 0.0177983942 -0.0303781252 -0.040266122 0.0219733262 -0.0169743945 -0.0542191841 0.0219733262 -0.0169743945 -0.0542191841 0.0177983942 -0.0303781252 -0.040266122 -0.00653706455 -0.0220282595 -0.0406506535 0.0219733262 -0.0169743945 -0.0542191841 -0.00653706455 -0.0220282595 -0.0406506535 -0.0024719992 -0.00961333022 -0.053614916 -0.0024719992 -0.00961333022 -0.053614916 -0.00653706455 -0.0220282595 -0.0406506535 -0.0314767915 -0.0131290624 -0.0409253218 -0.0024719992 -0.00961333022 -0.053614916 -0.0314767915 -0.0131290624 -0.0409253218 -0.0276314577 -0.00170293278 -0.0529007846 -0.0276314577 -0.00170293278 -0.0529007846 -0.0314767915 -0.0131290624 -0.0409253218 -0.0569109149 -0.00373546546 -0.041145055 -0.0276314577 -0.00170293278 -0.0529007846 -0.0569109149 -0.00373546546 -0.041145055 -0.0533402511 0.00675679781 -0.0521866498 -0.0533402511 0.00675679781 -0.0521866498 -0.0569109149 -0.00373546546 -0.041145055 -0.0827845082 0.00598773139 -0.0413098533 -0.0533402511 0.00675679781 -0.0521866498 -0.0827845082 0.00598773139 -0.0413098533 -0.0794885093 0.0155461283 -0.0513626517 -0.0794885093 0.0155461283 -0.0513626517 -0.0827845082 0.00598773139 -0.0413098533 -0.108877835 0.0158757282 -0.0414197199 -0.0794885093 0.0155461283 -0.0513626517 -0.108877835 0.0158757282 -0.0414197199 -0.105856501 0.0245551921 -0.0505935853 -0.105856501 0.0245551921 -0.0505935853 -0.108877835 0.0158757282 -0.0414197199 -0.135094751 0.025763725 -0.0415295866 -0.105856501 0.0245551921 -0.0505935853 -0.135094751 0.025763725 -0.0415295866 -0.13240302 0.0336191891 -0.0497695839 -0.13240302 0.0336191891 -0.0497695839 -0.135094751 0.025763725 -0.0415295866 -0.161297947 0.0356517235 -0.0415845215 -0.13240302 0.0336191891 -0.0497695839 -0.161297947 0.0356517235 -0.0415845215 -0.158880888 0.0426282529 -0.0490005175 -0.158880888 0.0426282529 -0.0490005175 -0.161297947 0.0356517235 -0.0415845215 -0.187281404 0.0452101204 -0.0416394532 -0.158880888 0.0426282529 -0.0490005175 -0.187281404 0.0452101204 -0.0416394532 -0.185139003 0.0514725183 -0.048286386 -0.185139003 0.0514725183 -0.048286386 -0.187281404 0.0452101204 -0.0416394532 -0.213154997 0.054548784 -0.0417493198 -0.185139003 0.0514725183 -0.048286386 -0.213154997 0.054548784 -0.0417493198 -0.2113422 0.0601519822 -0.0475722513 -0.2113422 0.0601519822 -0.0475722513 -0.213154997 0.054548784 -0.0417493198 -0.241074848 0.0644367775 -0.0417493198 -0.2113422 0.0601519822 -0.0475722513 -0.241074848 0.0644367775 -0.0417493198 -0.239426845 0.0693258476 -0.0469130515 -0.239426845 0.0693258476 -0.0469130515 -0.241074848 0.0644367775 -0.0417493198 -0.270628982 0.0748191791 -0.0417493198 -0.239426845 0.0693258476 -0.0469130515 -0.270628982 0.0748191791 -0.0417493198 -0.269255637 0.0791039744 -0.0461989201 -0.269255637 0.0791039744 -0.0461989201 -0.270628982 0.0748191791 -0.0417493198 -0.30100709 0.085476239 -0.0417493198 -0.269255637 0.0791039744 -0.0461989201 -0.30100709 0.085476239 -0.0417493198 -0.299853499 0.0891018412 -0.0455397203 -0.299853499 0.0891018412 -0.0455397203 -0.30100709 0.085476239 -0.0417493198 -0.331275362 0.0960234356 -0.0416943882 -0.299853499 0.0891018412 -0.0455397203 -0.331275362 0.0960234356 -0.0416943882 -0.330286566 0.0990447696 -0.0448805205 -0.330286566 0.0990447696 -0.0448805205 -0.331275362 0.0960234356 -0.0416943882 -0.360513612 0.106131166 -0.0415845215 -0.330286566 0.0990447696 -0.0448805205 -0.360513612 0.106131166 -0.0415845215 -0.359689611 0.108658102 -0.0442213207 -0.359689611 0.108658102 -0.0442213207 -0.360513612 0.106131166 -0.0415845215 -0.387760537 0.115593429 -0.0415295866 -0.359689611 0.108658102 -0.0442213207 -0.387760537 0.115593429 -0.0415295866 -0.38710133 0.117625967 -0.0436719875 -0.38710133 0.117625967 -0.0436719875 -0.387760537 0.115593429 -0.0415295866 -0.412096004 0.124053156 -0.0414746549 -0.38710133 0.117625967 -0.0436719875 -0.412096004 0.124053156 -0.0414746549 -0.411601592 0.125646227 -0.0431226544 -0.411601592 0.125646227 -0.0431226544 -0.412096004 0.124053156 -0.0414746549 -0.432586122 0.131139552 -0.0414197199 -0.411601592 0.125646227 -0.0431226544 -0.432586122 0.131139552 -0.0414197199 -0.432201601 0.132348088 -0.0426831879 -0.432201601 0.132348088 -0.0426831879 -0.432586122 0.131139552 -0.0414197199 -0.448297054 0.13663289 -0.0413647883 -0.432201601 0.132348088 -0.0426831879 -0.448297054 0.13663289 -0.0413647883 -0.448022395 0.137566755 -0.042353588 -0.448022395 0.137566755 -0.042353588 -0.448297054 0.13663289 -0.0413647883 -0.448901328 0.136852617 -0.0413647883 -0.448022395 0.137566755 -0.042353588 -0.448901328 0.136852617 -0.0413647883 -0.448571712 0.13773155 -0.042298653 -0.448571712 0.13773155 -0.042298653 -0.448901328 0.136852617 -0.0413647883 -0.449395713 0.137237152 -0.0412549217 -0.448571712 0.13773155 -0.042298653 -0.449395713 0.137237152 -0.0412549217 -0.449121055 0.138061153 -0.0420789197 -0.449121055 0.138061153 -0.0420789197 -0.449395713 0.137237152 -0.0412549217 -0.449835193 0.137896358 -0.0409802534 -0.449121055 0.138061153 -0.0420789197 -0.449835193 0.137896358 -0.0409802534 -0.449615467 0.13850062 -0.0416394532 -0.449615467 0.13850062 -0.0416394532 -0.449835193 0.137896358 -0.0409802534 -0.449999988 0.139544361 -0.0401013204 0.285570843 -0.0364207899 0.0063722646 0.264531382 -0.0780602397 0.00477919845 0.267717524 -0.0725119765 -0.0171941278 0.267717524 -0.0725119765 -0.0171941278 0.264531382 -0.0780602397 0.00477919845 0.247831654 -0.0894314377 0.0031861323 0.267717524 -0.0725119765 -0.0171941278 0.247831654 -0.0894314377 0.0031861323 0.251951661 -0.0822351717 -0.0255439917 0.251951661 -0.0822351717 -0.0255439917 0.247831654 -0.0894314377 0.0031861323 0.232120722 -0.0941007679 0.00159306615 0.251951661 -0.0822351717 -0.0255439917 0.232120722 -0.0941007679 0.00159306615 0.236680183 -0.0860255755 -0.0305429234 0.236680183 -0.0860255755 -0.0305429234 0.232120722 -0.0941007679 0.00159306615 0.217000333 -0.0941007679 0 0.236680183 -0.0860255755 -0.0305429234 0.217000333 -0.0941007679 0 0.221779533 -0.0857509039 -0.0331797226 0.221779533 -0.0857509039 -0.0331797226 0.217000333 -0.0941007679 0 0.206947534 -0.0910245022 -0.00131839957 0.221779533 -0.0857509039 -0.0331797226 0.206947534 -0.0910245022 -0.00131839957 0.211671803 -0.0828394399 -0.0336191891 0.211671803 -0.0828394399 -0.0336191891 0.206947534 -0.0910245022 -0.00131839957 0.192719811 -0.0871242418 -0.00307626567 0.211671803 -0.0828394399 -0.0336191891 0.192719811 -0.0871242418 -0.00307626567 0.197279271 -0.079158906 -0.0342234573 0.197279271 -0.079158906 -0.0342234573 0.192719811 -0.0871242418 -0.00307626567 0.175360876 -0.082454905 -0.00516373166 0.197279271 -0.079158906 -0.0342234573 0.175360876 -0.082454905 -0.00516373166 0.179755541 -0.0748741108 -0.0349925237 0.179755541 -0.0748741108 -0.0349925237 0.175360876 -0.082454905 -0.00516373166 0.155584883 -0.077126375 -0.00752586423 0.179755541 -0.0748741108 -0.0349925237 0.155584883 -0.077126375 -0.00752586423 0.159704876 -0.069930109 -0.0358165217 0.159704876 -0.069930109 -0.0358165217 0.155584883 -0.077126375 -0.00752586423 0.133886228 -0.0712485086 -0.00999786343 0.159704876 -0.069930109 -0.0358165217 0.133886228 -0.0712485086 -0.00999786343 0.137786495 -0.0644917158 -0.0367503898 0.137786495 -0.0644917158 -0.0367503898 0.133886228 -0.0712485086 -0.00999786343 0.110910366 -0.064876244 -0.0125247959 0.137786495 -0.0644917158 -0.0367503898 0.110910366 -0.064876244 -0.0125247959 0.114494769 -0.0585039794 -0.0376293228 0.114494769 -0.0585039794 -0.0376293228 0.110910366 -0.064876244 -0.0125247959 0.0870693035 -0.0579546496 -0.0149967951 0.114494769 -0.0585039794 -0.0376293228 0.0870693035 -0.0579546496 -0.0149967951 0.0904202407 -0.0521317181 -0.0384533209 0.0904202407 -0.0521317181 -0.0384533209 0.0870693035 -0.0579546496 -0.0149967951 0.062953583 -0.0507034519 -0.0173589277 0.0904202407 -0.0521317181 -0.0384533209 0.062953583 -0.0507034519 -0.0173589277 0.0659199787 -0.045265052 -0.0392223873 0.0659199787 -0.045265052 -0.0392223873 0.062953583 -0.0507034519 -0.0173589277 0.0388927874 -0.0430677194 -0.0193914604 0.0659199787 -0.045265052 -0.0392223873 0.0388927874 -0.0430677194 -0.0193914604 0.0416394532 -0.0380138544 -0.0398266555 0.0416394532 -0.0380138544 -0.0398266555 0.0388927874 -0.0430677194 -0.0193914604 0.0152714617 -0.0350474553 -0.0212042598 0.0416394532 -0.0380138544 -0.0398266555 0.0152714617 -0.0350474553 -0.0212042598 0.0177983942 -0.0303781252 -0.040266122 0.0177983942 -0.0303781252 -0.040266122 0.0152714617 -0.0350474553 -0.0212042598 -0.0088442638 -0.0263679915 -0.0229071926 0.0177983942 -0.0303781252 -0.040266122 -0.0088442638 -0.0263679915 -0.0229071926 -0.00653706455 -0.0220282595 -0.0406506535 -0.00653706455 -0.0220282595 -0.0406506535 -0.0088442638 -0.0263679915 -0.0229071926 -0.0335642575 -0.0170842611 -0.0245002587 -0.00653706455 -0.0220282595 -0.0406506535 -0.0335642575 -0.0170842611 -0.0245002587 -0.0314767915 -0.0131290624 -0.0409253218 -0.0314767915 -0.0131290624 -0.0409253218 -0.0335642575 -0.0170842611 -0.0245002587 -0.0588335826 -0.00736106428 -0.0260383916 -0.0314767915 -0.0131290624 -0.0409253218 -0.0588335826 -0.00736106428 -0.0260383916 -0.0569109149 -0.00373546546 -0.041145055 -0.0569109149 -0.00373546546 -0.041145055 -0.0588335826 -0.00736106428 -0.0260383916 -0.0844874427 0.00263679915 -0.0275215911 -0.0569109149 -0.00373546546 -0.041145055 -0.0844874427 0.00263679915 -0.0275215911 -0.0827845082 0.00598773139 -0.0413098533 -0.0827845082 0.00598773139 -0.0413098533 -0.0844874427 0.00263679915 -0.0275215911 -0.110415968 0.0127994625 -0.028894924 -0.0827845082 0.00598773139 -0.0413098533 -0.110415968 0.0127994625 -0.028894924 -0.108877835 0.0158757282 -0.0414197199 -0.108877835 0.0158757282 -0.0414197199 -0.110415968 0.0127994625 -0.028894924 -0.136468095 0.0230170592 -0.0302133236 -0.108877835 0.0158757282 -0.0414197199 -0.136468095 0.0230170592 -0.0302133236 -0.135094751 0.025763725 -0.0415295866 -0.135094751 0.025763725 -0.0415295866 -0.136468095 0.0230170592 -0.0302133236 -0.162451552 0.033124791 -0.0314767915 -0.135094751 0.025763725 -0.0415295866 -0.162451552 0.033124791 -0.0314767915 -0.161297947 0.0356517235 -0.0415845215 -0.161297947 0.0356517235 -0.0415845215 -0.162451552 0.033124791 -0.0314767915 -0.188325145 0.0430127878 -0.0326303894 -0.161297947 0.0356517235 -0.0415845215 -0.188325145 0.0430127878 -0.0326303894 -0.187281404 0.0452101204 -0.0416394532 -0.187281404 0.0452101204 -0.0416394532 -0.188325145 0.0430127878 -0.0326303894 -0.21403393 0.0525711847 -0.0337290557 -0.187281404 0.0452101204 -0.0416394532 -0.21403393 0.0525711847 -0.0337290557 -0.213154997 0.054548784 -0.0417493198 -0.213154997 0.054548784 -0.0417493198 -0.21403393 0.0525711847 -0.0337290557 -0.241788986 0.0626789114 -0.0347178554 -0.213154997 0.054548784 -0.0417493198 -0.241788986 0.0626789114 -0.0347178554 -0.241074848 0.0644367775 -0.0417493198 -0.241074848 0.0644367775 -0.0417493198 -0.241788986 0.0626789114 -0.0347178554 -0.271288188 0.0733359779 -0.0356517235 -0.241074848 0.0644367775 -0.0417493198 -0.271288188 0.0733359779 -0.0356517235 -0.270628982 0.0748191791 -0.0417493198 -0.270628982 0.0748191791 -0.0417493198 -0.271288188 0.0733359779 -0.0356517235 -0.301556433 0.0841578394 -0.0365306565 -0.270628982 0.0748191791 -0.0417493198 -0.301556433 0.0841578394 -0.0365306565 -0.30100709 0.085476239 -0.0417493198 -0.30100709 0.085476239 -0.0417493198 -0.301556433 0.0841578394 -0.0365306565 -0.331714815 0.0949247693 -0.0372997229 -0.30100709 0.085476239 -0.0417493198 -0.331714815 0.0949247693 -0.0372997229 -0.331275362 0.0960234356 -0.0416943882 -0.331275362 0.0960234356 -0.0416943882 -0.331714815 0.0949247693 -0.0372997229 -0.360843229 0.105252233 -0.0380138544 -0.331275362 0.0960234356 -0.0416943882 -0.360843229 0.105252233 -0.0380138544 -0.360513612 0.106131166 -0.0415845215 -0.360513612 0.106131166 -0.0415845215 -0.360843229 0.105252233 -0.0380138544 -0.388035195 0.114879291 -0.0386181225 -0.360513612 0.106131166 -0.0415845215 -0.388035195 0.114879291 -0.0386181225 -0.387760537 0.115593429 -0.0415295866 -0.387760537 0.115593429 -0.0415295866 -0.388035195 0.114879291 -0.0386181225 -0.41231573 0.123448895 -0.0391674557 -0.387760537 0.115593429 -0.0415295866 -0.41231573 0.123448895 -0.0391674557 -0.412096004 0.124053156 -0.0414746549 -0.412096004 0.124053156 -0.0414746549 -0.41231573 0.123448895 -0.0391674557 -0.432750917 0.130700086 -0.0396618538 -0.412096004 0.124053156 -0.0414746549 -0.432750917 0.130700086 -0.0396618538 -0.432586122 0.131139552 -0.0414197199 -0.432586122 0.131139552 -0.0414197199 -0.432750917 0.130700086 -0.0396618538 -0.448461849 0.136303287 -0.0400463887 -0.432586122 0.131139552 -0.0414197199 -0.448461849 0.136303287 -0.0400463887 -0.448297054 0.13663289 -0.0413647883 -0.448297054 0.13663289 -0.0413647883 -0.448461849 0.136303287 -0.0400463887 -0.449011192 0.136523027 -0.0400463887 -0.448297054 0.13663289 -0.0413647883 -0.449011192 0.136523027 -0.0400463887 -0.448901328 0.136852617 -0.0413647883 -0.448901328 0.136852617 -0.0413647883 -0.449011192 0.136523027 -0.0400463887 -0.449505577 0.136962494 -0.0400463887 -0.448901328 0.136852617 -0.0413647883 -0.449505577 0.136962494 -0.0400463887 -0.449395713 0.137237152 -0.0412549217 -0.449395713 0.137237152 -0.0412549217 -0.449505577 0.136962494 -0.0400463887 -0.449945056 0.137676618 -0.0401013204 -0.449395713 0.137237152 -0.0412549217 -0.449945056 0.137676618 -0.0401013204 -0.449835193 0.137896358 -0.0409802534 -0.449835193 0.137896358 -0.0409802534 -0.449945056 0.137676618 -0.0401013204 -0.449999988 0.139544361 -0.0401013204 0.386606945 0.0520767831 0.0580645129 0.389628266 0.0565813184 0.0571855798 0.386606945 0.0576250463 0.0571855798 0.386606945 0.0576250463 0.0571855798 0.389628266 0.0565813184 0.0571855798 0.392374928 0.0606463804 0.0546037157 0.386606945 0.0576250463 0.0571855798 0.392374928 0.0606463804 0.0546037157 0.386606945 0.0626789114 0.0546037157 0.386606945 0.0626789114 0.0546037157 0.392374928 0.0606463804 0.0546037157 0.394517343 0.063832516 0.0506485169 0.386606945 0.0626789114 0.0546037157 0.394517343 0.063832516 0.0506485169 0.386606945 0.0666341101 0.0506485169 0.386606945 0.0666341101 0.0506485169 0.394517343 0.063832516 0.0506485169 0.395945592 0.0659199787 0.0455946519 0.386606945 0.0666341101 0.0506485169 0.395945592 0.0659199787 0.0455946519 0.386606945 0.0692159776 0.0455946519 0.386606945 0.0692159776 0.0455946519 0.395945592 0.0659199787 0.0455946519 0.396440004 0.0666341101 0.0400463887 0.386606945 0.0692159776 0.0455946519 0.396440004 0.0666341101 0.0400463887 0.386606945 0.0700949106 0.0400463887 0.386606945 0.0700949106 0.0400463887 0.396440004 0.0666341101 0.0400463887 0.395945592 0.0659199787 0.0344981222 0.386606945 0.0700949106 0.0400463887 0.395945592 0.0659199787 0.0344981222 0.386606945 0.0692159776 0.0344981222 0.386606945 0.0692159776 0.0344981222 0.395945592 0.0659199787 0.0344981222 0.394517343 0.063832516 0.0294442571 0.386606945 0.0692159776 0.0344981222 0.394517343 0.063832516 0.0294442571 0.386606945 0.0666341101 0.0294442571 0.386606945 0.0666341101 0.0294442571 0.394517343 0.063832516 0.0294442571 0.392374928 0.0606463804 0.0254890584 0.386606945 0.0666341101 0.0294442571 0.392374928 0.0606463804 0.0254890584 0.386606945 0.0626789114 0.0254890584 0.386606945 0.0626789114 0.0254890584 0.392374928 0.0606463804 0.0254890584 0.389628266 0.0565813184 0.0229071926 0.386606945 0.0626789114 0.0254890584 0.389628266 0.0565813184 0.0229071926 0.386606945 0.0576250463 0.0229071926 0.386606945 0.0576250463 0.0229071926 0.389628266 0.0565813184 0.0229071926 0.386606945 0.0520767831 0.0220282595 0.386606945 0.0520767831 0.0580645129 0.391495995 0.0537797176 0.0571855798 0.389628266 0.0565813184 0.0571855798 0.389628266 0.0565813184 0.0571855798 0.391495995 0.0537797176 0.0571855798 0.395945592 0.0553178504 0.0546037157 0.389628266 0.0565813184 0.0571855798 0.395945592 0.0553178504 0.0546037157 0.392374928 0.0606463804 0.0546037157 0.392374928 0.0606463804 0.0546037157 0.395945592 0.0553178504 0.0546037157 0.399461324 0.0565813184 0.0506485169 0.392374928 0.0606463804 0.0546037157 0.399461324 0.0565813184 0.0506485169 0.394517343 0.063832516 0.0506485169 0.394517343 0.063832516 0.0506485169 0.399461324 0.0565813184 0.0506485169 0.401713602 0.0573503814 0.0455946519 0.394517343 0.063832516 0.0506485169 0.401713602 0.0573503814 0.0455946519 0.395945592 0.0659199787 0.0455946519 0.395945592 0.0659199787 0.0455946519 0.401713602 0.0573503814 0.0455946519 0.402482672 0.0576250463 0.0400463887 0.395945592 0.0659199787 0.0455946519 0.402482672 0.0576250463 0.0400463887 0.396440004 0.0666341101 0.0400463887 0.396440004 0.0666341101 0.0400463887 0.402482672 0.0576250463 0.0400463887 0.401713602 0.0573503814 0.0344981222 0.396440004 0.0666341101 0.0400463887 0.401713602 0.0573503814 0.0344981222 0.395945592 0.0659199787 0.0344981222 0.395945592 0.0659199787 0.0344981222 0.401713602 0.0573503814 0.0344981222 0.399461324 0.0565813184 0.0294442571 0.395945592 0.0659199787 0.0344981222 0.399461324 0.0565813184 0.0294442571 0.394517343 0.063832516 0.0294442571 0.394517343 0.063832516 0.0294442571 0.399461324 0.0565813184 0.0294442571 0.395945592 0.0553178504 0.0254890584 0.394517343 0.063832516 0.0294442571 0.395945592 0.0553178504 0.0254890584 0.392374928 0.0606463804 0.0254890584 0.392374928 0.0606463804 0.0254890584 0.395945592 0.0553178504 0.0254890584 0.391495995 0.0537797176 0.0229071926 0.392374928 0.0606463804 0.0254890584 0.391495995 0.0537797176 0.0229071926 0.389628266 0.0565813184 0.0229071926 0.389628266 0.0565813184 0.0229071926 0.391495995 0.0537797176 0.0229071926 0.386606945 0.0520767831 0.0220282595 0.386606945 0.0520767831 0.0580645129 0.391495995 0.050318917 0.0571855798 0.391495995 0.0537797176 0.0571855798 0.391495995 0.0537797176 0.0571855798 0.391495995 0.050318917 0.0571855798 0.395945592 0.0487807842 0.0546037157 0.391495995 0.0537797176 0.0571855798 0.395945592 0.0487807842 0.0546037157 0.395945592 0.0553178504 0.0546037157 0.395945592 0.0553178504 0.0546037157 0.395945592 0.0487807842 0.0546037157 0.399461324 0.0475722513 0.0506485169 0.395945592 0.0553178504 0.0546037157 0.399461324 0.0475722513 0.0506485169 0.399461324 0.0565813184 0.0506485169 0.399461324 0.0565813184 0.0506485169 0.399461324 0.0475722513 0.0506485169 0.401713602 0.0467482532 0.0455946519 0.399461324 0.0565813184 0.0506485169 0.401713602 0.0467482532 0.0455946519 0.401713602 0.0573503814 0.0455946519 0.401713602 0.0573503814 0.0455946519 0.401713602 0.0467482532 0.0455946519 0.402482672 0.046473585 0.0400463887 0.401713602 0.0573503814 0.0455946519 0.402482672 0.046473585 0.0400463887 0.402482672 0.0576250463 0.0400463887 0.402482672 0.0576250463 0.0400463887 0.402482672 0.046473585 0.0400463887 0.401713602 0.0467482532 0.0344981222 0.402482672 0.0576250463 0.0400463887 0.401713602 0.0467482532 0.0344981222 0.401713602 0.0573503814 0.0344981222 0.401713602 0.0573503814 0.0344981222 0.401713602 0.0467482532 0.0344981222 0.399461324 0.0475722513 0.0294442571 0.401713602 0.0573503814 0.0344981222 0.399461324 0.0475722513 0.0294442571 0.399461324 0.0565813184 0.0294442571 0.399461324 0.0565813184 0.0294442571 0.399461324 0.0475722513 0.0294442571 0.395945592 0.0487807842 0.0254890584 0.399461324 0.0565813184 0.0294442571 0.395945592 0.0487807842 0.0254890584 0.395945592 0.0553178504 0.0254890584 0.395945592 0.0553178504 0.0254890584 0.395945592 0.0487807842 0.0254890584 0.391495995 0.050318917 0.0229071926 0.395945592 0.0553178504 0.0254890584 0.391495995 0.050318917 0.0229071926 0.391495995 0.0537797176 0.0229071926 0.391495995 0.0537797176 0.0229071926 0.391495995 0.050318917 0.0229071926 0.386606945 0.0520767831 0.0220282595 0.386606945 0.0520767831 0.0580645129 0.389628266 0.0475722513 0.0571855798 0.391495995 0.050318917 0.0571855798 0.391495995 0.050318917 0.0571855798 0.389628266 0.0475722513 0.0571855798 0.392374928 0.0435071859 0.0546037157 0.391495995 0.050318917 0.0571855798 0.392374928 0.0435071859 0.0546037157 0.395945592 0.0487807842 0.0546037157 0.395945592 0.0487807842 0.0546037157 0.392374928 0.0435071859 0.0546037157 0.394517343 0.040266122 0.0506485169 0.395945592 0.0487807842 0.0546037157 0.394517343 0.040266122 0.0506485169 0.399461324 0.0475722513 0.0506485169 0.399461324 0.0475722513 0.0506485169 0.394517343 0.040266122 0.0506485169 0.395945592 0.038178656 0.0455946519 0.399461324 0.0475722513 0.0506485169 0.395945592 0.038178656 0.0455946519 0.401713602 0.0467482532 0.0455946519 0.401713602 0.0467482532 0.0455946519 0.395945592 0.038178656 0.0455946519 0.396440004 0.0374645212 0.0400463887 0.401713602 0.0467482532 0.0455946519 0.396440004 0.0374645212 0.0400463887 0.402482672 0.046473585 0.0400463887 0.402482672 0.046473585 0.0400463887 0.396440004 0.0374645212 0.0400463887 0.395945592 0.038178656 0.0344981222 0.402482672 0.046473585 0.0400463887 0.395945592 0.038178656 0.0344981222 0.401713602 0.0467482532 0.0344981222 0.401713602 0.0467482532 0.0344981222 0.395945592 0.038178656 0.0344981222 0.394517343 0.040266122 0.0294442571 0.401713602 0.0467482532 0.0344981222 0.394517343 0.040266122 0.0294442571 0.399461324 0.0475722513 0.0294442571 0.399461324 0.0475722513 0.0294442571 0.394517343 0.040266122 0.0294442571 0.392374928 0.0435071859 0.0254890584 0.399461324 0.0475722513 0.0294442571 0.392374928 0.0435071859 0.0254890584 0.395945592 0.0487807842 0.0254890584 0.395945592 0.0487807842 0.0254890584 0.392374928 0.0435071859 0.0254890584 0.389628266 0.0475722513 0.0229071926 0.395945592 0.0487807842 0.0254890584 0.389628266 0.0475722513 0.0229071926 0.391495995 0.050318917 0.0229071926 0.391495995 0.050318917 0.0229071926 0.389628266 0.0475722513 0.0229071926 0.386606945 0.0520767831 0.0220282595 0.386606945 0.0520767831 0.0580645129 0.386606945 0.046473585 0.0571855798 0.389628266 0.0475722513 0.0571855798 0.389628266 0.0475722513 0.0571855798 0.386606945 0.046473585 0.0571855798 0.386606945 0.0414746549 0.0546037157 0.389628266 0.0475722513 0.0571855798 0.386606945 0.0414746549 0.0546037157 0.392374928 0.0435071859 0.0546037157 0.392374928 0.0435071859 0.0546037157 0.386606945 0.0414746549 0.0546037157 0.386606945 0.0374645212 0.0506485169 0.392374928 0.0435071859 0.0546037157 0.386606945 0.0374645212 0.0506485169 0.394517343 0.040266122 0.0506485169 0.394517343 0.040266122 0.0506485169 0.386606945 0.0374645212 0.0506485169 0.386606945 0.0349375887 0.0455946519 0.394517343 0.040266122 0.0506485169 0.386606945 0.0349375887 0.0455946519 0.395945592 0.038178656 0.0455946519 0.395945592 0.038178656 0.0455946519 0.386606945 0.0349375887 0.0455946519 0.386606945 0.0340586556 0.0400463887 0.395945592 0.038178656 0.0455946519 0.386606945 0.0340586556 0.0400463887 0.396440004 0.0374645212 0.0400463887 0.396440004 0.0374645212 0.0400463887 0.386606945 0.0340586556 0.0400463887 0.386606945 0.0349375887 0.0344981222 0.396440004 0.0374645212 0.0400463887 0.386606945 0.0349375887 0.0344981222 0.395945592 0.038178656 0.0344981222 0.395945592 0.038178656 0.0344981222 0.386606945 0.0349375887 0.0344981222 0.386606945 0.0374645212 0.0294442571 0.395945592 0.038178656 0.0344981222 0.386606945 0.0374645212 0.0294442571 0.394517343 0.040266122 0.0294442571 0.394517343 0.040266122 0.0294442571 0.386606945 0.0374645212 0.0294442571 0.386606945 0.0414746549 0.0254890584 0.394517343 0.040266122 0.0294442571 0.386606945 0.0414746549 0.0254890584 0.392374928 0.0435071859 0.0254890584 0.392374928 0.0435071859 0.0254890584 0.386606945 0.0414746549 0.0254890584 0.386606945 0.046473585 0.0229071926 0.392374928 0.0435071859 0.0254890584 0.386606945 0.046473585 0.0229071926 0.389628266 0.0475722513 0.0229071926 0.389628266 0.0475722513 0.0229071926 0.386606945 0.046473585 0.0229071926 0.386606945 0.0520767831 0.0220282595 0.386606945 0.0520767831 0.0580645129 0.383585598 0.0475722513 0.0571855798 0.386606945 0.046473585 0.0571855798 0.386606945 0.046473585 0.0571855798 0.383585598 0.0475722513 0.0571855798 0.380838935 0.0435071859 0.0546037157 0.386606945 0.046473585 0.0571855798 0.380838935 0.0435071859 0.0546037157 0.386606945 0.0414746549 0.0546037157 0.386606945 0.0414746549 0.0546037157 0.380838935 0.0435071859 0.0546037157 0.378696548 0.040266122 0.0506485169 0.386606945 0.0414746549 0.0546037157 0.378696548 0.040266122 0.0506485169 0.386606945 0.0374645212 0.0506485169 0.386606945 0.0374645212 0.0506485169 0.378696548 0.040266122 0.0506485169 0.377268272 0.038178656 0.0455946519 0.386606945 0.0374645212 0.0506485169 0.377268272 0.038178656 0.0455946519 0.386606945 0.0349375887 0.0455946519 0.386606945 0.0349375887 0.0455946519 0.377268272 0.038178656 0.0455946519 0.376828818 0.0374645212 0.0400463887 0.386606945 0.0349375887 0.0455946519 0.376828818 0.0374645212 0.0400463887 0.386606945 0.0340586556 0.0400463887 0.386606945 0.0340586556 0.0400463887 0.376828818 0.0374645212 0.0400463887 0.377268272 0.038178656 0.0344981222 0.386606945 0.0340586556 0.0400463887 0.377268272 0.038178656 0.0344981222 0.386606945 0.0349375887 0.0344981222 0.386606945 0.0349375887 0.0344981222 0.377268272 0.038178656 0.0344981222 0.378696548 0.040266122 0.0294442571 0.386606945 0.0349375887 0.0344981222 0.378696548 0.040266122 0.0294442571 0.386606945 0.0374645212 0.0294442571 0.386606945 0.0374645212 0.0294442571 0.378696548 0.040266122 0.0294442571 0.380838935 0.0435071859 0.0254890584 0.386606945 0.0374645212 0.0294442571 0.380838935 0.0435071859 0.0254890584 0.386606945 0.0414746549 0.0254890584 0.386606945 0.0414746549 0.0254890584 0.380838935 0.0435071859 0.0254890584 0.383585598 0.0475722513 0.0229071926 0.386606945 0.0414746549 0.0254890584 0.383585598 0.0475722513 0.0229071926 0.386606945 0.046473585 0.0229071926 0.386606945 0.046473585 0.0229071926 0.383585598 0.0475722513 0.0229071926 0.386606945 0.0520767831 0.0220282595 0.386606945 0.0520767831 0.0580645129 0.381717868 0.050318917 0.0571855798 0.383585598 0.0475722513 0.0571855798 0.383585598 0.0475722513 0.0571855798 0.381717868 0.050318917 0.0571855798 0.377268272 0.0487807842 0.0546037157 0.383585598 0.0475722513 0.0571855798 0.377268272 0.0487807842 0.0546037157 0.380838935 0.0435071859 0.0546037157 0.380838935 0.0435071859 0.0546037157 0.377268272 0.0487807842 0.0546037157 0.373752539 0.0475722513 0.0506485169 0.380838935 0.0435071859 0.0546037157 0.373752539 0.0475722513 0.0506485169 0.378696548 0.040266122 0.0506485169 0.378696548 0.040266122 0.0506485169 0.373752539 0.0475722513 0.0506485169 0.371500289 0.0467482532 0.0455946519 0.378696548 0.040266122 0.0506485169 0.371500289 0.0467482532 0.0455946519 0.377268272 0.038178656 0.0455946519 0.377268272 0.038178656 0.0455946519 0.371500289 0.0467482532 0.0455946519 0.370731219 0.046473585 0.0400463887 0.377268272 0.038178656 0.0455946519 0.370731219 0.046473585 0.0400463887 0.376828818 0.0374645212 0.0400463887 0.376828818 0.0374645212 0.0400463887 0.370731219 0.046473585 0.0400463887 0.371500289 0.0467482532 0.0344981222 0.376828818 0.0374645212 0.0400463887 0.371500289 0.0467482532 0.0344981222 0.377268272 0.038178656 0.0344981222 0.377268272 0.038178656 0.0344981222 0.371500289 0.0467482532 0.0344981222 0.373752539 0.0475722513 0.0294442571 0.377268272 0.038178656 0.0344981222 0.373752539 0.0475722513 0.0294442571 0.378696548 0.040266122 0.0294442571 0.378696548 0.040266122 0.0294442571 0.373752539 0.0475722513 0.0294442571 0.377268272 0.0487807842 0.0254890584 0.378696548 0.040266122 0.0294442571 0.377268272 0.0487807842 0.0254890584 0.380838935 0.0435071859 0.0254890584 0.380838935 0.0435071859 0.0254890584 0.377268272 0.0487807842 0.0254890584 0.381717868 0.050318917 0.0229071926 0.380838935 0.0435071859 0.0254890584 0.381717868 0.050318917 0.0229071926 0.383585598 0.0475722513 0.0229071926 0.383585598 0.0475722513 0.0229071926 0.381717868 0.050318917 0.0229071926 0.386606945 0.0520767831 0.0220282595 0.386606945 0.0520767831 0.0580645129 0.381717868 0.0537797176 0.0571855798 0.381717868 0.050318917 0.0571855798 0.381717868 0.050318917 0.0571855798 0.381717868 0.0537797176 0.0571855798 0.377268272 0.0553178504 0.0546037157 0.381717868 0.050318917 0.0571855798 0.377268272 0.0553178504 0.0546037157 0.377268272 0.0487807842 0.0546037157 0.377268272 0.0487807842 0.0546037157 0.377268272 0.0553178504 0.0546037157 0.373752539 0.0565813184 0.0506485169 0.377268272 0.0487807842 0.0546037157 0.373752539 0.0565813184 0.0506485169 0.373752539 0.0475722513 0.0506485169 0.373752539 0.0475722513 0.0506485169 0.373752539 0.0565813184 0.0506485169 0.371500289 0.0573503814 0.0455946519 0.373752539 0.0475722513 0.0506485169 0.371500289 0.0573503814 0.0455946519 0.371500289 0.0467482532 0.0455946519 0.371500289 0.0467482532 0.0455946519 0.371500289 0.0573503814 0.0455946519 0.370731219 0.0576250463 0.0400463887 0.371500289 0.0467482532 0.0455946519 0.370731219 0.0576250463 0.0400463887 0.370731219 0.046473585 0.0400463887 0.370731219 0.046473585 0.0400463887 0.370731219 0.0576250463 0.0400463887 0.371500289 0.0573503814 0.0344981222 0.370731219 0.046473585 0.0400463887 0.371500289 0.0573503814 0.0344981222 0.371500289 0.0467482532 0.0344981222 0.371500289 0.0467482532 0.0344981222 0.371500289 0.0573503814 0.0344981222 0.373752539 0.0565813184 0.0294442571 0.371500289 0.0467482532 0.0344981222 0.373752539 0.0565813184 0.0294442571 0.373752539 0.0475722513 0.0294442571 0.373752539 0.0475722513 0.0294442571 0.373752539 0.0565813184 0.0294442571 0.377268272 0.0553178504 0.0254890584 0.373752539 0.0475722513 0.0294442571 0.377268272 0.0553178504 0.0254890584 0.377268272 0.0487807842 0.0254890584 0.377268272 0.0487807842 0.0254890584 0.377268272 0.0553178504 0.0254890584 0.381717868 0.0537797176 0.0229071926 0.377268272 0.0487807842 0.0254890584 0.381717868 0.0537797176 0.0229071926 0.381717868 0.050318917 0.0229071926 0.381717868 0.050318917 0.0229071926 0.381717868 0.0537797176 0.0229071926 0.386606945 0.0520767831 0.0220282595 0.386606945 0.0520767831 0.0580645129 0.383585598 0.0565813184 0.0571855798 0.381717868 0.0537797176 0.0571855798 0.381717868 0.0537797176 0.0571855798 0.383585598 0.0565813184 0.0571855798 0.380838935 0.0606463804 0.0546037157 0.381717868 0.0537797176 0.0571855798 0.380838935 0.0606463804 0.0546037157 0.377268272 0.0553178504 0.0546037157 0.377268272 0.0553178504 0.0546037157 0.380838935 0.0606463804 0.0546037157 0.378696548 0.063832516 0.0506485169 0.377268272 0.0553178504 0.0546037157 0.378696548 0.063832516 0.0506485169 0.373752539 0.0565813184 0.0506485169 0.373752539 0.0565813184 0.0506485169 0.378696548 0.063832516 0.0506485169 0.377268272 0.0659199787 0.0455946519 0.373752539 0.0565813184 0.0506485169 0.377268272 0.0659199787 0.0455946519 0.371500289 0.0573503814 0.0455946519 0.371500289 0.0573503814 0.0455946519 0.377268272 0.0659199787 0.0455946519 0.376828818 0.0666341101 0.0400463887 0.371500289 0.0573503814 0.0455946519 0.376828818 0.0666341101 0.0400463887 0.370731219 0.0576250463 0.0400463887 0.370731219 0.0576250463 0.0400463887 0.376828818 0.0666341101 0.0400463887 0.377268272 0.0659199787 0.0344981222 0.370731219 0.0576250463 0.0400463887 0.377268272 0.0659199787 0.0344981222 0.371500289 0.0573503814 0.0344981222 0.371500289 0.0573503814 0.0344981222 0.377268272 0.0659199787 0.0344981222 0.378696548 0.063832516 0.0294442571 0.371500289 0.0573503814 0.0344981222 0.378696548 0.063832516 0.0294442571 0.373752539 0.0565813184 0.0294442571 0.373752539 0.0565813184 0.0294442571 0.378696548 0.063832516 0.0294442571 0.380838935 0.0606463804 0.0254890584 0.373752539 0.0565813184 0.0294442571 0.380838935 0.0606463804 0.0254890584 0.377268272 0.0553178504 0.0254890584 0.377268272 0.0553178504 0.0254890584 0.380838935 0.0606463804 0.0254890584 0.383585598 0.0565813184 0.0229071926 0.377268272 0.0553178504 0.0254890584 0.383585598 0.0565813184 0.0229071926 0.381717868 0.0537797176 0.0229071926 0.381717868 0.0537797176 0.0229071926 0.383585598 0.0565813184 0.0229071926 0.386606945 0.0520767831 0.0220282595 0.386606945 0.0520767831 0.0580645129 0.386606945 0.0576250463 0.0571855798 0.383585598 0.0565813184 0.0571855798 0.383585598 0.0565813184 0.0571855798 0.386606945 0.0576250463 0.0571855798 0.386606945 0.0626789114 0.0546037157 0.383585598 0.0565813184 0.0571855798 0.386606945 0.0626789114 0.0546037157 0.380838935 0.0606463804 0.0546037157 0.380838935 0.0606463804 0.0546037157 0.386606945 0.0626789114 0.0546037157 0.386606945 0.0666341101 0.0506485169 0.380838935 0.0606463804 0.0546037157 0.386606945 0.0666341101 0.0506485169 0.378696548 0.063832516 0.0506485169 0.378696548 0.063832516 0.0506485169 0.386606945 0.0666341101 0.0506485169 0.386606945 0.0692159776 0.0455946519 0.378696548 0.063832516 0.0506485169 0.386606945 0.0692159776 0.0455946519 0.377268272 0.0659199787 0.0455946519 0.377268272 0.0659199787 0.0455946519 0.386606945 0.0692159776 0.0455946519 0.386606945 0.0700949106 0.0400463887 0.377268272 0.0659199787 0.0455946519 0.386606945 0.0700949106 0.0400463887 0.376828818 0.0666341101 0.0400463887 0.376828818 0.0666341101 0.0400463887 0.386606945 0.0700949106 0.0400463887 0.386606945 0.0692159776 0.0344981222 0.376828818 0.0666341101 0.0400463887 0.386606945 0.0692159776 0.0344981222 0.377268272 0.0659199787 0.0344981222 0.377268272 0.0659199787 0.0344981222 0.386606945 0.0692159776 0.0344981222 0.386606945 0.0666341101 0.0294442571 0.377268272 0.0659199787 0.0344981222 0.386606945 0.0666341101 0.0294442571 0.378696548 0.063832516 0.0294442571 0.378696548 0.063832516 0.0294442571 0.386606945 0.0666341101 0.0294442571 0.386606945 0.0626789114 0.0254890584 0.378696548 0.063832516 0.0294442571 0.386606945 0.0626789114 0.0254890584 0.380838935 0.0606463804 0.0254890584 0.380838935 0.0606463804 0.0254890584 0.386606945 0.0626789114 0.0254890584 0.386606945 0.0576250463 0.0229071926 0.380838935 0.0606463804 0.0254890584 0.386606945 0.0576250463 0.0229071926 0.383585598 0.0565813184 0.0229071926 0.383585598 0.0565813184 0.0229071926 0.386606945 0.0576250463 0.0229071926 0.386606945 0.0520767831 0.0220282595 0.386606945 -0.108108765 0.0580645129 0.386606945 -0.113670768 0.0571855798 0.389628266 -0.112627026 0.0571855798 0.386606945 -0.113670768 0.0571855798 0.392374928 -0.116692102 0.0546037157 0.389628266 -0.112627026 0.0571855798 0.386606945 -0.113670768 0.0571855798 0.386606945 -0.118724626 0.0546037157 0.392374928 -0.116692102 0.0546037157 0.386606945 -0.118724626 0.0546037157 0.394517343 -0.119933162 0.0506485169 0.392374928 -0.116692102 0.0546037157 0.386606945 -0.118724626 0.0546037157 0.386606945 -0.122679825 0.0506485169 0.394517343 -0.119933162 0.0506485169 0.386606945 -0.122679825 0.0506485169 0.395945592 -0.1219657 0.0455946519 0.394517343 -0.119933162 0.0506485169 0.386606945 -0.122679825 0.0506485169 0.386606945 -0.125261692 0.0455946519 0.395945592 -0.1219657 0.0455946519 0.386606945 -0.125261692 0.0455946519 0.396440004 -0.122679825 0.0400463887 0.395945592 -0.1219657 0.0455946519 0.386606945 -0.125261692 0.0455946519 0.386606945 -0.126140625 0.0400463887 0.396440004 -0.122679825 0.0400463887 0.386606945 -0.126140625 0.0400463887 0.395945592 -0.1219657 0.0344981222 0.396440004 -0.122679825 0.0400463887 0.386606945 -0.126140625 0.0400463887 0.386606945 -0.125261692 0.0344981222 0.395945592 -0.1219657 0.0344981222 0.386606945 -0.125261692 0.0344981222 0.394517343 -0.119933162 0.0294442571 0.395945592 -0.1219657 0.0344981222 0.386606945 -0.125261692 0.0344981222 0.386606945 -0.122679825 0.0294442571 0.394517343 -0.119933162 0.0294442571 0.386606945 -0.122679825 0.0294442571 0.392374928 -0.116692102 0.0254890584 0.394517343 -0.119933162 0.0294442571 0.386606945 -0.122679825 0.0294442571 0.386606945 -0.118724626 0.0254890584 0.392374928 -0.116692102 0.0254890584 0.386606945 -0.118724626 0.0254890584 0.389628266 -0.112627026 0.0229071926 0.392374928 -0.116692102 0.0254890584 0.386606945 -0.118724626 0.0254890584 0.386606945 -0.113670768 0.0229071926 0.389628266 -0.112627026 0.0229071926 0.386606945 -0.113670768 0.0229071926 0.386606945 -0.108108765 0.0220282595 0.389628266 -0.112627026 0.0229071926 0.386606945 -0.108108765 0.0580645129 0.389628266 -0.112627026 0.0571855798 0.391495995 -0.109811699 0.0571855798 0.389628266 -0.112627026 0.0571855798 0.395945592 -0.111404764 0.0546037157 0.391495995 -0.109811699 0.0571855798 0.389628266 -0.112627026 0.0571855798 0.392374928 -0.116692102 0.0546037157 0.395945592 -0.111404764 0.0546037157 0.392374928 -0.116692102 0.0546037157 0.399461324 -0.112627026 0.0506485169 0.395945592 -0.111404764 0.0546037157 0.392374928 -0.116692102 0.0546037157 0.394517343 -0.119933162 0.0506485169 0.399461324 -0.112627026 0.0506485169 0.394517343 -0.119933162 0.0506485169 0.401713602 -0.113396096 0.0455946519 0.399461324 -0.112627026 0.0506485169 0.394517343 -0.119933162 0.0506485169 0.395945592 -0.1219657 0.0455946519 0.401713602 -0.113396096 0.0455946519 0.395945592 -0.1219657 0.0455946519 0.402482672 -0.113670768 0.0400463887 0.401713602 -0.113396096 0.0455946519 0.395945592 -0.1219657 0.0455946519 0.396440004 -0.122679825 0.0400463887 0.402482672 -0.113670768 0.0400463887 0.396440004 -0.122679825 0.0400463887 0.401713602 -0.113396096 0.0344981222 0.402482672 -0.113670768 0.0400463887 0.396440004 -0.122679825 0.0400463887 0.395945592 -0.1219657 0.0344981222 0.401713602 -0.113396096 0.0344981222 0.395945592 -0.1219657 0.0344981222 0.399461324 -0.112627026 0.0294442571 0.401713602 -0.113396096 0.0344981222 0.395945592 -0.1219657 0.0344981222 0.394517343 -0.119933162 0.0294442571 0.399461324 -0.112627026 0.0294442571 0.394517343 -0.119933162 0.0294442571 0.395945592 -0.111404764 0.0254890584 0.399461324 -0.112627026 0.0294442571 0.394517343 -0.119933162 0.0294442571 0.392374928 -0.116692102 0.0254890584 0.395945592 -0.111404764 0.0254890584 0.392374928 -0.116692102 0.0254890584 0.391495995 -0.109811699 0.0229071926 0.395945592 -0.111404764 0.0254890584 0.392374928 -0.116692102 0.0254890584 0.389628266 -0.112627026 0.0229071926 0.391495995 -0.109811699 0.0229071926 0.389628266 -0.112627026 0.0229071926 0.386606945 -0.108108765 0.0220282595 0.391495995 -0.109811699 0.0229071926 0.386606945 -0.108108765 0.0580645129 0.391495995 -0.109811699 0.0571855798 0.391495995 -0.106405831 0.0571855798 0.391495995 -0.109811699 0.0571855798 0.395945592 -0.104812766 0.0546037157 0.391495995 -0.106405831 0.0571855798 0.391495995 -0.109811699 0.0571855798 0.395945592 -0.111404764 0.0546037157 0.395945592 -0.104812766 0.0546037157 0.395945592 -0.111404764 0.0546037157 0.399461324 -0.103604236 0.0506485169 0.395945592 -0.104812766 0.0546037157 0.395945592 -0.111404764 0.0546037157 0.399461324 -0.112627026 0.0506485169 0.399461324 -0.103604236 0.0506485169 0.399461324 -0.112627026 0.0506485169 0.401713602 -0.102835167 0.0455946519 0.399461324 -0.103604236 0.0506485169 0.399461324 -0.112627026 0.0506485169 0.401713602 -0.113396096 0.0455946519 0.401713602 -0.102835167 0.0455946519 0.401713602 -0.113396096 0.0455946519 0.402482672 -0.102560502 0.0400463887 0.401713602 -0.102835167 0.0455946519 0.401713602 -0.113396096 0.0455946519 0.402482672 -0.113670768 0.0400463887 0.402482672 -0.102560502 0.0400463887 0.402482672 -0.113670768 0.0400463887 0.401713602 -0.102835167 0.0344981222 0.402482672 -0.102560502 0.0400463887 0.402482672 -0.113670768 0.0400463887 0.401713602 -0.113396096 0.0344981222 0.401713602 -0.102835167 0.0344981222 0.401713602 -0.113396096 0.0344981222 0.399461324 -0.103604236 0.0294442571 0.401713602 -0.102835167 0.0344981222 0.401713602 -0.113396096 0.0344981222 0.399461324 -0.112627026 0.0294442571 0.399461324 -0.103604236 0.0294442571 0.399461324 -0.112627026 0.0294442571 0.395945592 -0.104812766 0.0254890584 0.399461324 -0.103604236 0.0294442571 0.399461324 -0.112627026 0.0294442571 0.395945592 -0.111404764 0.0254890584 0.395945592 -0.104812766 0.0254890584 0.395945592 -0.111404764 0.0254890584 0.391495995 -0.106405831 0.0229071926 0.395945592 -0.104812766 0.0254890584 0.395945592 -0.111404764 0.0254890584 0.391495995 -0.109811699 0.0229071926 0.391495995 -0.106405831 0.0229071926 0.391495995 -0.109811699 0.0229071926 0.386606945 -0.108108765 0.0220282595 0.391495995 -0.106405831 0.0229071926 0.386606945 -0.108108765 0.0580645129 0.391495995 -0.106405831 0.0571855798 0.389628266 -0.103604236 0.0571855798 0.391495995 -0.106405831 0.0571855798 0.392374928 -0.0995391678 0.0546037157 0.389628266 -0.103604236 0.0571855798 0.391495995 -0.106405831 0.0571855798 0.395945592 -0.104812766 0.0546037157 0.392374928 -0.0995391678 0.0546037157 0.395945592 -0.104812766 0.0546037157 0.394517343 -0.0962981005 0.0506485169 0.392374928 -0.0995391678 0.0546037157 0.395945592 -0.104812766 0.0546037157 0.399461324 -0.103604236 0.0506485169 0.394517343 -0.0962981005 0.0506485169 0.399461324 -0.103604236 0.0506485169 0.395945592 -0.0942655695 0.0455946519 0.394517343 -0.0962981005 0.0506485169 0.399461324 -0.103604236 0.0506485169 0.401713602 -0.102835167 0.0455946519 0.395945592 -0.0942655695 0.0455946519 0.401713602 -0.102835167 0.0455946519 0.396440004 -0.0935514381 0.0400463887 0.395945592 -0.0942655695 0.0455946519 0.401713602 -0.102835167 0.0455946519 0.402482672 -0.102560502 0.0400463887 0.396440004 -0.0935514381 0.0400463887 0.402482672 -0.102560502 0.0400463887 0.395945592 -0.0942655695 0.0344981222 0.396440004 -0.0935514381 0.0400463887 0.402482672 -0.102560502 0.0400463887 0.401713602 -0.102835167 0.0344981222 0.395945592 -0.0942655695 0.0344981222 0.401713602 -0.102835167 0.0344981222 0.394517343 -0.0962981005 0.0294442571 0.395945592 -0.0942655695 0.0344981222 0.401713602 -0.102835167 0.0344981222 0.399461324 -0.103604236 0.0294442571 0.394517343 -0.0962981005 0.0294442571 0.399461324 -0.103604236 0.0294442571 0.392374928 -0.0995391678 0.0254890584 0.394517343 -0.0962981005 0.0294442571 0.399461324 -0.103604236 0.0294442571 0.395945592 -0.104812766 0.0254890584 0.392374928 -0.0995391678 0.0254890584 0.395945592 -0.104812766 0.0254890584 0.389628266 -0.103604236 0.0229071926 0.392374928 -0.0995391678 0.0254890584 0.395945592 -0.104812766 0.0254890584 0.391495995 -0.106405831 0.0229071926 0.389628266 -0.103604236 0.0229071926 0.391495995 -0.106405831 0.0229071926 0.386606945 -0.108108765 0.0220282595 0.389628266 -0.103604236 0.0229071926 0.386606945 -0.108108765 0.0580645129 0.389628266 -0.103604236 0.0571855798 0.386606945 -0.102560502 0.0571855798 0.389628266 -0.103604236 0.0571855798 0.386606945 -0.0975066368 0.0546037157 0.386606945 -0.102560502 0.0571855798 0.389628266 -0.103604236 0.0571855798 0.392374928 -0.0995391678 0.0546037157 0.386606945 -0.0975066368 0.0546037157 0.392374928 -0.0995391678 0.0546037157 0.386606945 -0.0935514381 0.0506485169 0.386606945 -0.0975066368 0.0546037157 0.392374928 -0.0995391678 0.0546037157 0.394517343 -0.0962981005 0.0506485169 0.386606945 -0.0935514381 0.0506485169 0.394517343 -0.0962981005 0.0506485169 0.386606945 -0.0909695706 0.0455946519 0.386606945 -0.0935514381 0.0506485169 0.394517343 -0.0962981005 0.0506485169 0.395945592 -0.0942655695 0.0455946519 0.386606945 -0.0909695706 0.0455946519 0.395945592 -0.0942655695 0.0455946519 0.386606945 -0.0900906375 0.0400463887 0.386606945 -0.0909695706 0.0455946519 0.395945592 -0.0942655695 0.0455946519 0.396440004 -0.0935514381 0.0400463887 0.386606945 -0.0900906375 0.0400463887 0.396440004 -0.0935514381 0.0400463887 0.386606945 -0.0909695706 0.0344981222 0.386606945 -0.0900906375 0.0400463887 0.396440004 -0.0935514381 0.0400463887 0.395945592 -0.0942655695 0.0344981222 0.386606945 -0.0909695706 0.0344981222 0.395945592 -0.0942655695 0.0344981222 0.386606945 -0.0935514381 0.0294442571 0.386606945 -0.0909695706 0.0344981222 0.395945592 -0.0942655695 0.0344981222 0.394517343 -0.0962981005 0.0294442571 0.386606945 -0.0935514381 0.0294442571 0.394517343 -0.0962981005 0.0294442571 0.386606945 -0.0975066368 0.0254890584 0.386606945 -0.0935514381 0.0294442571 0.394517343 -0.0962981005 0.0294442571 0.392374928 -0.0995391678 0.0254890584 0.386606945 -0.0975066368 0.0254890584 0.392374928 -0.0995391678 0.0254890584 0.386606945 -0.102560502 0.0229071926 0.386606945 -0.0975066368 0.0254890584 0.392374928 -0.0995391678 0.0254890584 0.389628266 -0.103604236 0.0229071926 0.386606945 -0.102560502 0.0229071926 0.389628266 -0.103604236 0.0229071926 0.386606945 -0.108108765 0.0220282595 0.386606945 -0.102560502 0.0229071926 0.386606945 -0.108108765 0.0580645129 0.386606945 -0.102560502 0.0571855798 0.383585598 -0.103604236 0.0571855798 0.386606945 -0.102560502 0.0571855798 0.380838935 -0.0995391678 0.0546037157 0.383585598 -0.103604236 0.0571855798 0.386606945 -0.102560502 0.0571855798 0.386606945 -0.0975066368 0.0546037157 0.380838935 -0.0995391678 0.0546037157 0.386606945 -0.0975066368 0.0546037157 0.378696548 -0.0962981005 0.0506485169 0.380838935 -0.0995391678 0.0546037157 0.386606945 -0.0975066368 0.0546037157 0.386606945 -0.0935514381 0.0506485169 0.378696548 -0.0962981005 0.0506485169 0.386606945 -0.0935514381 0.0506485169 0.377268272 -0.0942655695 0.0455946519 0.378696548 -0.0962981005 0.0506485169 0.386606945 -0.0935514381 0.0506485169 0.386606945 -0.0909695706 0.0455946519 0.377268272 -0.0942655695 0.0455946519 0.386606945 -0.0909695706 0.0455946519 0.376828818 -0.0935514381 0.0400463887 0.377268272 -0.0942655695 0.0455946519 0.386606945 -0.0909695706 0.0455946519 0.386606945 -0.0900906375 0.0400463887 0.376828818 -0.0935514381 0.0400463887 0.386606945 -0.0900906375 0.0400463887 0.377268272 -0.0942655695 0.0344981222 0.376828818 -0.0935514381 0.0400463887 0.386606945 -0.0900906375 0.0400463887 0.386606945 -0.0909695706 0.0344981222 0.377268272 -0.0942655695 0.0344981222 0.386606945 -0.0909695706 0.0344981222 0.378696548 -0.0962981005 0.0294442571 0.377268272 -0.0942655695 0.0344981222 0.386606945 -0.0909695706 0.0344981222 0.386606945 -0.0935514381 0.0294442571 0.378696548 -0.0962981005 0.0294442571 0.386606945 -0.0935514381 0.0294442571 0.380838935 -0.0995391678 0.0254890584 0.378696548 -0.0962981005 0.0294442571 0.386606945 -0.0935514381 0.0294442571 0.386606945 -0.0975066368 0.0254890584 0.380838935 -0.0995391678 0.0254890584 0.386606945 -0.0975066368 0.0254890584 0.383585598 -0.103604236 0.0229071926 0.380838935 -0.0995391678 0.0254890584 0.386606945 -0.0975066368 0.0254890584 0.386606945 -0.102560502 0.0229071926 0.383585598 -0.103604236 0.0229071926 0.386606945 -0.102560502 0.0229071926 0.386606945 -0.108108765 0.0220282595 0.383585598 -0.103604236 0.0229071926 0.386606945 -0.108108765 0.0580645129 0.383585598 -0.103604236 0.0571855798 0.381717868 -0.106405831 0.0571855798 0.383585598 -0.103604236 0.0571855798 0.377268272 -0.104812766 0.0546037157 0.381717868 -0.106405831 0.0571855798 0.383585598 -0.103604236 0.0571855798 0.380838935 -0.0995391678 0.0546037157 0.377268272 -0.104812766 0.0546037157 0.380838935 -0.0995391678 0.0546037157 0.373752539 -0.103604236 0.0506485169 0.377268272 -0.104812766 0.0546037157 0.380838935 -0.0995391678 0.0546037157 0.378696548 -0.0962981005 0.0506485169 0.373752539 -0.103604236 0.0506485169 0.378696548 -0.0962981005 0.0506485169 0.371500289 -0.102835167 0.0455946519 0.373752539 -0.103604236 0.0506485169 0.378696548 -0.0962981005 0.0506485169 0.377268272 -0.0942655695 0.0455946519 0.371500289 -0.102835167 0.0455946519 0.377268272 -0.0942655695 0.0455946519 0.370731219 -0.102560502 0.0400463887 0.371500289 -0.102835167 0.0455946519 0.377268272 -0.0942655695 0.0455946519 0.376828818 -0.0935514381 0.0400463887 0.370731219 -0.102560502 0.0400463887 0.376828818 -0.0935514381 0.0400463887 0.371500289 -0.102835167 0.0344981222 0.370731219 -0.102560502 0.0400463887 0.376828818 -0.0935514381 0.0400463887 0.377268272 -0.0942655695 0.0344981222 0.371500289 -0.102835167 0.0344981222 0.377268272 -0.0942655695 0.0344981222 0.373752539 -0.103604236 0.0294442571 0.371500289 -0.102835167 0.0344981222 0.377268272 -0.0942655695 0.0344981222 0.378696548 -0.0962981005 0.0294442571 0.373752539 -0.103604236 0.0294442571 0.378696548 -0.0962981005 0.0294442571 0.377268272 -0.104812766 0.0254890584 0.373752539 -0.103604236 0.0294442571 0.378696548 -0.0962981005 0.0294442571 0.380838935 -0.0995391678 0.0254890584 0.377268272 -0.104812766 0.0254890584 0.380838935 -0.0995391678 0.0254890584 0.381717868 -0.106405831 0.0229071926 0.377268272 -0.104812766 0.0254890584 0.380838935 -0.0995391678 0.0254890584 0.383585598 -0.103604236 0.0229071926 0.381717868 -0.106405831 0.0229071926 0.383585598 -0.103604236 0.0229071926 0.386606945 -0.108108765 0.0220282595 0.381717868 -0.106405831 0.0229071926 0.386606945 -0.108108765 0.0580645129 0.381717868 -0.106405831 0.0571855798 0.381717868 -0.109811699 0.0571855798 0.381717868 -0.106405831 0.0571855798 0.377268272 -0.111404764 0.0546037157 0.381717868 -0.109811699 0.0571855798 0.381717868 -0.106405831 0.0571855798 0.377268272 -0.104812766 0.0546037157 0.377268272 -0.111404764 0.0546037157 0.377268272 -0.104812766 0.0546037157 0.373752539 -0.112627026 0.0506485169 0.377268272 -0.111404764 0.0546037157 0.377268272 -0.104812766 0.0546037157 0.373752539 -0.103604236 0.0506485169 0.373752539 -0.112627026 0.0506485169 0.373752539 -0.103604236 0.0506485169 0.371500289 -0.113396096 0.0455946519 0.373752539 -0.112627026 0.0506485169 0.373752539 -0.103604236 0.0506485169 0.371500289 -0.102835167 0.0455946519 0.371500289 -0.113396096 0.0455946519 0.371500289 -0.102835167 0.0455946519 0.370731219 -0.113670768 0.0400463887 0.371500289 -0.113396096 0.0455946519 0.371500289 -0.102835167 0.0455946519 0.370731219 -0.102560502 0.0400463887 0.370731219 -0.113670768 0.0400463887 0.370731219 -0.102560502 0.0400463887 0.371500289 -0.113396096 0.0344981222 0.370731219 -0.113670768 0.0400463887 0.370731219 -0.102560502 0.0400463887 0.371500289 -0.102835167 0.0344981222 0.371500289 -0.113396096 0.0344981222 0.371500289 -0.102835167 0.0344981222 0.373752539 -0.112627026 0.0294442571 0.371500289 -0.113396096 0.0344981222 0.371500289 -0.102835167 0.0344981222 0.373752539 -0.103604236 0.0294442571 0.373752539 -0.112627026 0.0294442571 0.373752539 -0.103604236 0.0294442571 0.377268272 -0.111404764 0.0254890584 0.373752539 -0.112627026 0.0294442571 0.373752539 -0.103604236 0.0294442571 0.377268272 -0.104812766 0.0254890584 0.377268272 -0.111404764 0.0254890584 0.377268272 -0.104812766 0.0254890584 0.381717868 -0.109811699 0.0229071926 0.377268272 -0.111404764 0.0254890584 0.377268272 -0.104812766 0.0254890584 0.381717868 -0.106405831 0.0229071926 0.381717868 -0.109811699 0.0229071926 0.381717868 -0.106405831 0.0229071926 0.386606945 -0.108108765 0.0220282595 0.381717868 -0.109811699 0.0229071926 0.386606945 -0.108108765 0.0580645129 0.381717868 -0.109811699 0.0571855798 0.383585598 -0.112627026 0.0571855798 0.381717868 -0.109811699 0.0571855798 0.380838935 -0.116692102 0.0546037157 0.383585598 -0.112627026 0.0571855798 0.381717868 -0.109811699 0.0571855798 0.377268272 -0.111404764 0.0546037157 0.380838935 -0.116692102 0.0546037157 0.377268272 -0.111404764 0.0546037157 0.378696548 -0.119933162 0.0506485169 0.380838935 -0.116692102 0.0546037157 0.377268272 -0.111404764 0.0546037157 0.373752539 -0.112627026 0.0506485169 0.378696548 -0.119933162 0.0506485169 0.373752539 -0.112627026 0.0506485169 0.377268272 -0.1219657 0.0455946519 0.378696548 -0.119933162 0.0506485169 0.373752539 -0.112627026 0.0506485169 0.371500289 -0.113396096 0.0455946519 0.377268272 -0.1219657 0.0455946519 0.371500289 -0.113396096 0.0455946519 0.376828818 -0.122679825 0.0400463887 0.377268272 -0.1219657 0.0455946519 0.371500289 -0.113396096 0.0455946519 0.370731219 -0.113670768 0.0400463887 0.376828818 -0.122679825 0.0400463887 0.370731219 -0.113670768 0.0400463887 0.377268272 -0.1219657 0.0344981222 0.376828818 -0.122679825 0.0400463887 0.370731219 -0.113670768 0.0400463887 0.371500289 -0.113396096 0.0344981222 0.377268272 -0.1219657 0.0344981222 0.371500289 -0.113396096 0.0344981222 0.378696548 -0.119933162 0.0294442571 0.377268272 -0.1219657 0.0344981222 0.371500289 -0.113396096 0.0344981222 0.373752539 -0.112627026 0.0294442571 0.378696548 -0.119933162 0.0294442571 0.373752539 -0.112627026 0.0294442571 0.380838935 -0.116692102 0.0254890584 0.378696548 -0.119933162 0.0294442571 0.373752539 -0.112627026 0.0294442571 0.377268272 -0.111404764 0.0254890584 0.380838935 -0.116692102 0.0254890584 0.377268272 -0.111404764 0.0254890584 0.383585598 -0.112627026 0.0229071926 0.380838935 -0.116692102 0.0254890584 0.377268272 -0.111404764 0.0254890584 0.381717868 -0.109811699 0.0229071926 0.383585598 -0.112627026 0.0229071926 0.381717868 -0.109811699 0.0229071926 0.386606945 -0.108108765 0.0220282595 0.383585598 -0.112627026 0.0229071926 0.386606945 -0.108108765 0.0580645129 0.383585598 -0.112627026 0.0571855798 0.386606945 -0.113670768 0.0571855798 0.383585598 -0.112627026 0.0571855798 0.386606945 -0.118724626 0.0546037157 0.386606945 -0.113670768 0.0571855798 0.383585598 -0.112627026 0.0571855798 0.380838935 -0.116692102 0.0546037157 0.386606945 -0.118724626 0.0546037157 0.380838935 -0.116692102 0.0546037157 0.386606945 -0.122679825 0.0506485169 0.386606945 -0.118724626 0.0546037157 0.380838935 -0.116692102 0.0546037157 0.378696548 -0.119933162 0.0506485169 0.386606945 -0.122679825 0.0506485169 0.378696548 -0.119933162 0.0506485169 0.386606945 -0.125261692 0.0455946519 0.386606945 -0.122679825 0.0506485169 0.378696548 -0.119933162 0.0506485169 0.377268272 -0.1219657 0.0455946519 0.386606945 -0.125261692 0.0455946519 0.377268272 -0.1219657 0.0455946519 0.386606945 -0.126140625 0.0400463887 0.386606945 -0.125261692 0.0455946519 0.377268272 -0.1219657 0.0455946519 0.376828818 -0.122679825 0.0400463887 0.386606945 -0.126140625 0.0400463887 0.376828818 -0.122679825 0.0400463887 0.386606945 -0.125261692 0.0344981222 0.386606945 -0.126140625 0.0400463887 0.376828818 -0.122679825 0.0400463887 0.377268272 -0.1219657 0.0344981222 0.386606945 -0.125261692 0.0344981222 0.377268272 -0.1219657 0.0344981222 0.386606945 -0.122679825 0.0294442571 0.386606945 -0.125261692 0.0344981222 0.377268272 -0.1219657 0.0344981222 0.378696548 -0.119933162 0.0294442571 0.386606945 -0.122679825 0.0294442571 0.378696548 -0.119933162 0.0294442571 0.386606945 -0.118724626 0.0254890584 0.386606945 -0.122679825 0.0294442571 0.378696548 -0.119933162 0.0294442571 0.380838935 -0.116692102 0.0254890584 0.386606945 -0.118724626 0.0254890584 0.380838935 -0.116692102 0.0254890584 0.386606945 -0.113670768 0.0229071926 0.386606945 -0.118724626 0.0254890584 0.380838935 -0.116692102 0.0254890584 0.383585598 -0.112627026 0.0229071926 0.386606945 -0.113670768 0.0229071926 0.383585598 -0.112627026 0.0229071926 0.386606945 -0.108108765 0.0220282595 0.386606945 -0.113670768 0.0229071926</float_array><technique_common><accessor source="#part1-positions-array" count="4356" stride="3"><param name="X" type="float" /><param name="Y" type="float" /><param name="Z" type="float" /></accessor></technique_common></source><source id="part1-normals"><float_array id="part1-normals-array" count="13068">0.0195684886 0.101336757 0.994659709 0.0195684886 0.101336757 0.994659709 0.0195684886 0.101336757 0.994659709 0.0604024148 0.312798036 0.947897113 0.0604024148 0.312798036 0.947897113 0.0604024148 0.312798036 0.947897113 0.0604952458 0.31268486 0.947928533 0.0604952458 0.31268486 0.947928533 0.0604952458 0.31268486 0.947928533 0.104500166 0.54013533 0.835064992 0.104500166 0.54013533 0.835064992 0.104500166 0.54013533 0.835064992 0.10492917 0.539342352 0.835523606 0.10492917 0.539342352 0.835523606 0.10492917 0.539342352 0.835523606 0.151005403 0.776177005 0.612165521 0.151005403 0.776177005 0.612165521 0.151005403 0.776177005 0.612165521 0.150337476 0.777453853 0.610707909 0.150337476 0.777453853 0.610707909 0.150337476 0.777453853 0.610707909 0.184621558 0.954750238 0.23316703 0.184621558 0.954750238 0.23316703 0.184621558 0.954750238 0.23316703 0.184728525 0.954657143 0.233463299 0.184728525 0.954657143 0.233463299 0.184728525 0.954657143 0.233463299 0.18474161 0.954724765 -0.233176242 0.18474161 0.954724765 -0.233176242 0.18474161 0.954724765 -0.233176242 0.184607816 0.954679175 -0.233468686 0.184607816 0.954679175 -0.233468686 0.184607816 0.954679175 -0.233468686 0.150145064 0.776458811 -0.61201975 0.150145064 0.776458811 -0.61201975 0.150145064 0.776458811 -0.61201975 0.151232918 0.777346447 -0.610623539 0.151232918 0.777346447 -0.610623539 0.151232918 0.777346447 -0.610623539 0.105036615 0.539894626 -0.835153341 0.105036615 0.539894626 -0.835153341 0.105036615 0.539894626 -0.835153341 0.104353108 0.539375224 -0.835574531 0.104353108 0.539375224 -0.835574531 0.104353108 0.539375224 -0.835574531 0.0605065407 0.31274324 -0.947908553 0.0605065407 0.31274324 -0.947908553 0.0605065407 0.31274324 -0.947908553 0.0603809784 0.312687027 -0.947935104 0.0603809784 0.312687027 -0.947935104 0.0603809784 0.312687027 -0.947935104 0.0195684886 0.101336757 -0.994659709 0.0195684886 0.101336757 -0.994659709 0.0195684886 0.101336757 -0.994659709 0.0550926674 0.0812384446 0.995170896 0.0550926674 0.0812384446 0.995170896 0.0550926674 0.0812384446 0.995170896 0.170841023 0.251918442 0.952549444 0.170841023 0.251918442 0.952549444 0.170841023 0.251918442 0.952549444 0.170834254 0.251942489 0.952544298 0.170834254 0.251942489 0.952544298 0.170834254 0.251942489 0.952544298 0.297626983 0.438933536 0.847794509 0.297626983 0.438933536 0.847794509 0.297626983 0.438933536 0.847794509 0.297561663 0.439594386 0.847474975 0.297561663 0.439594386 0.847474975 0.297561663 0.439594386 0.847474975 0.435149026 0.642855221 0.630382812 0.435149026 0.642855221 0.630382812 0.435149026 0.642855221 0.630382812 0.435215986 0.642043338 0.631163527 0.435215986 0.642043338 0.631163527 0.435215986 0.642043338 0.631163527 0.544009072 0.802538077 0.244921956 0.544009072 0.802538077 0.244921956 0.544009072 0.802538077 0.244921956 0.54382377 0.802923068 0.244070184 0.54382377 0.802923068 0.244070184 0.54382377 0.802923068 0.244070184 0.543708288 0.802752566 -0.244886944 0.543708288 0.802752566 -0.244886944 0.543708288 0.802752566 -0.244886944 0.544130629 0.802717402 -0.244062761 0.544130629 0.802717402 -0.244062761 0.544130629 0.802717402 -0.244062761 0.435526599 0.642501563 -0.630482611 0.435526599 0.642501563 -0.630482611 0.435526599 0.642501563 -0.630482611 0.434784104 0.642316114 -0.631183644 0.434784104 0.642316114 -0.631183644 0.434784104 0.642316114 -0.631183644 0.297343663 0.43927233 -0.847718448 0.297343663 0.43927233 -0.847718448 0.297343663 0.43927233 -0.847718448 0.297927155 0.439376222 -0.847459701 0.297927155 0.439376222 -0.847459701 0.297927155 0.439376222 -0.847459701 0.170829095 0.251934882 -0.952547235 0.170829095 0.251934882 -0.952547235 0.170829095 0.251934882 -0.952547235 0.170850846 0.251932927 -0.952543851 0.170850846 0.251932927 -0.952543851 0.170850846 0.251932927 -0.952543851 0.0550926674 0.0812384446 -0.995170896 0.0550926674 0.0812384446 -0.995170896 0.0550926674 0.0812384446 -0.995170896 0.0796464868 0.0451122584 0.995801848 0.0796464868 0.0451122584 0.995801848 0.0796464868 0.0451122584 0.995801848 0.248264621 0.140618603 0.958431576 0.248264621 0.140618603 0.958431576 0.248264621 0.140618603 0.958431576 0.248274854 0.140706015 0.958416097 0.248274854 0.140706015 0.958416097 0.248274854 0.140706015 0.958416097 0.438071377 0.248270322 0.863976456 0.438071377 0.248270322 0.863976456 0.438071377 0.248270322 0.863976456 0.438143849 0.248499576 0.863873792 0.438143849 0.248499576 0.863873792 0.438143849 0.248499576 0.863873792 0.65639703 0.372285002 0.656160663 0.65639703 0.372285002 0.656160663 0.65639703 0.372285002 0.656160663 0.656046436 0.371315659 0.657059932 0.656046436 0.371315659 0.657059932 0.656046436 0.371315659 0.657059932 0.83979281 0.475314251 0.262344047 0.83979281 0.475314251 0.262344047 0.83979281 0.475314251 0.262344047 0.839795822 0.475681295 0.26166827 0.839795822 0.475681295 0.26166827 0.839795822 0.475681295 0.26166827 0.839642481 0.475594439 -0.262317427 0.839642481 0.475594439 -0.262317427 0.839642481 0.475594439 -0.262317427 0.839953999 0.475405483 -0.261661815 0.839953999 0.475405483 -0.261661815 0.839953999 0.475405483 -0.261661815 0.656643214 0.371653429 -0.656272366 0.656643214 0.371653429 -0.656272366 0.656643214 0.371653429 -0.656272366 0.655695832 0.371887308 -0.657086604 0.655695832 0.371887308 -0.657086604 0.655695832 0.371887308 -0.657086604 0.43802629 0.248432901 -0.863952582 0.43802629 0.248432901 -0.863952582 0.43802629 0.248432901 -0.863952582 0.438233163 0.248362011 -0.863868049 0.438233163 0.248362011 -0.863868049 0.438233163 0.248362011 -0.863868049 0.24824869 0.140691187 -0.958425051 0.24824869 0.140691187 -0.958425051 0.24824869 0.140691187 -0.958425051 0.248314405 0.140646802 -0.958414542 0.248314405 0.140646802 -0.958414542 0.248314405 0.140646802 -0.958414542 0.0796464868 0.0451122584 -0.995801848 0.0796464868 0.0451122584 -0.995801848 0.0796464868 0.0451122584 -0.995801848 0.0884197666 -0 0.996083302 0.0884197666 -0 0.996083302 0.0884197666 -0 0.996083302 0.276257204 0 0.961083741 0.276257204 0 0.961083741 0.276257204 0 0.961083741 0.276257204 -0 0.961083741 0.276257204 -0 0.961083741 0.276257204 -0 0.961083741 0.490576899 0 0.871397903 0.490576899 0 0.871397903 0.490576899 0 0.871397903 0.490576899 -0 0.871397903 0.490576899 -0 0.871397903 0.490576899 -0 0.871397903 0.742996931 0 0.669294823 0.742996931 0 0.669294823 0.742996931 0 0.669294823 0.742996931 -0 0.669294823 0.742996931 -0 0.669294823 0.742996931 -0 0.669294823 0.962745887 0 0.270407761 0.962745887 0 0.270407761 0.962745887 0 0.270407761 0.962745887 -0 0.270407761 0.962745887 -0 0.270407761 0.962745887 -0 0.270407761 0.962745887 0 -0.270407761 0.962745887 0 -0.270407761 0.962745887 0 -0.270407761 0.962745887 0 -0.270407761 0.962745887 0 -0.270407761 0.962745887 0 -0.270407761 0.742996931 0 -0.669294823 0.742996931 0 -0.669294823 0.742996931 0 -0.669294823 0.742996931 0 -0.669294823 0.742996931 0 -0.669294823 0.742996931 0 -0.669294823 0.490576899 0 -0.871397903 0.490576899 0 -0.871397903 0.490576899 0 -0.871397903 0.490576899 0 -0.871397903 0.490576899 0 -0.871397903 0.490576899 0 -0.871397903 0.276257204 0 -0.961083741 0.276257204 0 -0.961083741 0.276257204 0 -0.961083741 0.276257204 0 -0.961083741 0.276257204 0 -0.961083741 0.276257204 0 -0.961083741 0.0884197666 0 -0.996083302 0.0884197666 0 -0.996083302 0.0884197666 0 -0.996083302 0.0796464868 -0.0451122584 0.995801848 0.0796464868 -0.0451122584 0.995801848 0.0796464868 -0.0451122584 0.995801848 0.2483144 -0.140646798 0.958414543 0.2483144 -0.140646798 0.958414543 0.2483144 -0.140646798 0.958414543 0.248248692 -0.140691179 0.958425051 0.248248692 -0.140691179 0.958425051 0.248248692 -0.140691179 0.958425051 0.43823318 -0.248362005 0.863868042 0.43823318 -0.248362005 0.863868042 0.43823318 -0.248362005 0.863868042 0.43802629 -0.248432901 0.863952582 0.43802629 -0.248432901 0.863952582 0.43802629 -0.248432901 0.863952582 0.655695832 -0.371887308 0.657086604 0.655695832 -0.371887308 0.657086604 0.655695832 -0.371887308 0.657086604 0.656643196 -0.371653433 0.656272382 0.656643196 -0.371653433 0.656272382 0.656643196 -0.371653433 0.656272382 0.839953976 -0.475405488 0.261661881 0.839953976 -0.475405488 0.261661881 0.839953976 -0.475405488 0.261661881 0.839642504 -0.475594417 0.262317397 0.839642504 -0.475594417 0.262317397 0.839642504 -0.475594417 0.262317397 0.839795821 -0.47568126 -0.261668335 0.839795821 -0.47568126 -0.261668335 0.839795821 -0.47568126 -0.261668335 0.83979281 -0.47531427 -0.262344013 0.83979281 -0.47531427 -0.262344013 0.83979281 -0.47531427 -0.262344013 0.65604643 -0.37131567 -0.657059933 0.65604643 -0.37131567 -0.657059933 0.65604643 -0.37131567 -0.657059933 0.656397017 -0.372284995 -0.65616068 0.656397017 -0.372284995 -0.65616068 0.656397017 -0.372284995 -0.65616068 0.438143859 -0.248499582 -0.863873785 0.438143859 -0.248499582 -0.863873785 0.438143859 -0.248499582 -0.863873785 0.438071381 -0.248270308 -0.863976458 0.438071381 -0.248270308 -0.863976458 0.438071381 -0.248270308 -0.863976458 0.248274853 -0.140706006 -0.958416098 0.248274853 -0.140706006 -0.958416098 0.248274853 -0.140706006 -0.958416098 0.248264621 -0.140618603 -0.958431576 0.248264621 -0.140618603 -0.958431576 0.248264621 -0.140618603 -0.958431576 0.0796464868 -0.0451122584 -0.995801848 0.0796464868 -0.0451122584 -0.995801848 0.0796464868 -0.0451122584 -0.995801848 0.0550926627 -0.0812384516 0.995170896 0.0550926627 -0.0812384516 0.995170896 0.0550926627 -0.0812384516 0.995170896 0.170850818 -0.25193293 0.952543856 0.170850818 -0.25193293 0.952543856 0.170850818 -0.25193293 0.952543856 0.170829081 -0.251934883 0.952547238 0.170829081 -0.251934883 0.952547238 0.170829081 -0.251934883 0.952547238 0.297927136 -0.439376234 0.847459702 0.297927136 -0.439376234 0.847459702 0.297927136 -0.439376234 0.847459702 0.297343675 -0.439272346 0.847718435 0.297343675 -0.439272346 0.847718435 0.297343675 -0.439272346 0.847718435 0.434665973 -0.642141595 0.631442526 0.434665973 -0.642141595 0.631442526 0.434665973 -0.642141595 0.631442526 0.435648744 -0.642387092 0.630514866 0.435648744 -0.642387092 0.630514866 0.435648744 -0.642387092 0.630514866 0.544302226 -0.802602391 0.244058372 0.544302226 -0.802602391 0.244058372 0.544302226 -0.802602391 0.244058372 0.543868098 -0.802638591 0.244905663 0.543868098 -0.802638591 0.244905663 0.543868098 -0.802638591 0.244905663 0.543986854 -0.802813851 -0.244066021 0.543986854 -0.802813851 -0.244066021 0.543986854 -0.802813851 -0.244066021 0.544177221 -0.802418064 -0.244941632 0.544177221 -0.802418064 -0.244941632 0.544177221 -0.802418064 -0.244941632 0.435237513 -0.641780709 -0.631415733 0.435237513 -0.641780709 -0.631415733 0.435237513 -0.641780709 -0.631415733 0.435149026 -0.642855221 -0.630382812 0.435149026 -0.642855221 -0.630382812 0.435149026 -0.642855221 -0.630382812 0.297561663 -0.439594386 -0.847474975 0.297561663 -0.439594386 -0.847474975 0.297561663 -0.439594386 -0.847474975 0.29762698 -0.438933571 -0.847794492 0.29762698 -0.438933571 -0.847794492 0.29762698 -0.438933571 -0.847794492 0.170834236 -0.251942486 -0.952544302 0.170834236 -0.251942486 -0.952544302 0.170834236 -0.251942486 -0.952544302 0.170841001 -0.251918454 -0.952549445 0.170841001 -0.251918454 -0.952549445 0.170841001 -0.251918454 -0.952549445 0.0550926627 -0.0812384516 -0.995170896 0.0550926627 -0.0812384516 -0.995170896 0.0550926627 -0.0812384516 -0.995170896 0.0195684981 -0.101336757 0.994659708 0.0195684981 -0.101336757 0.994659708 0.0195684981 -0.101336757 0.994659708 0.0603810076 -0.312687026 0.947935102 0.0603810076 -0.312687026 0.947935102 0.0603810076 -0.312687026 0.947935102 0.0605065378 -0.312743225 0.947908558 0.0605065378 -0.312743225 0.947908558 0.0605065378 -0.312743225 0.947908558 0.104313245 -0.539169183 0.835712474 0.104313245 -0.539169183 0.835712474 0.104313245 -0.539169183 0.835712474 0.105182145 -0.539829291 0.835177259 0.105182145 -0.539829291 0.835177259 0.105182145 -0.539829291 0.835177259 0.151455606 -0.777319882 0.610602163 0.151455606 -0.777319882 0.610602163 0.151455606 -0.777319882 0.610602163 0.150097157 -0.776211556 0.612345053 0.150097157 -0.776211556 0.612345053 0.150097157 -0.776211556 0.612345053 0.184607692 -0.954679132 0.233468958 0.184607692 -0.954679132 0.233468958 0.184607692 -0.954679132 0.233468958 0.184741728 -0.954724806 0.233175983 0.184741728 -0.954724806 0.233175983 0.184741728 -0.954724806 0.233175983 0.184728619 -0.95465706 -0.233463561 0.184728619 -0.95465706 -0.233463561 0.184728619 -0.95465706 -0.233463561 0.184621458 -0.954750324 -0.233166754 0.184621458 -0.954750324 -0.233166754 0.184621458 -0.954750324 -0.233166754 0.150337431 -0.777454105 -0.610707599 0.150337431 -0.777454105 -0.610707599 0.150337431 -0.777454105 -0.610707599 0.151171103 -0.775859716 -0.612526733 0.151171103 -0.775859716 -0.612526733 0.151171103 -0.775859716 -0.612526733 0.105045387 -0.539127405 -0.835647718 0.105045387 -0.539127405 -0.835647718 0.105045387 -0.539127405 -0.835647718 0.104500166 -0.54013533 -0.835064992 0.104500166 -0.54013533 -0.835064992 0.104500166 -0.54013533 -0.835064992 0.0604952458 -0.31268486 -0.947928533 0.0604952458 -0.31268486 -0.947928533 0.0604952458 -0.31268486 -0.947928533 0.0604024385 -0.312798008 -0.947897121 0.0604024385 -0.312798008 -0.947897121 0.0604024385 -0.312798008 -0.947897121 0.0195684981 -0.101336757 -0.994659708 0.0195684981 -0.101336757 -0.994659708 0.0195684981 -0.101336757 -0.994659708 -0.0195834984 -0.101336727 0.994659416 -0.0195834984 -0.101336727 0.994659416 -0.0195834984 -0.101336727 0.994659416 -0.0604444822 -0.312775882 0.947901742 -0.0604444822 -0.312775882 0.947901742 -0.0604444822 -0.312775882 0.947901742 -0.060519549 -0.312684398 0.947927134 -0.060519549 -0.312684398 0.947927134 -0.060519549 -0.312684398 0.947927134 -0.104538936 -0.540117941 0.835071387 -0.104538936 -0.540117941 0.835071387 -0.104538936 -0.540117941 0.835071387 -0.105075834 -0.539125661 0.835645015 -0.105075834 -0.539125661 0.835645015 -0.105075834 -0.539125661 0.835645015 -0.151212744 -0.775846052 0.612533762 -0.151212744 -0.775846052 0.612533762 -0.151212744 -0.775846052 0.612533762 -0.150374054 -0.777449725 0.610704158 -0.150374054 -0.777449725 0.610704158 -0.150374054 -0.777449725 0.610704158 -0.18466566 -0.954740947 0.233170147 -0.18466566 -0.954740947 0.233170147 -0.18466566 -0.954740947 0.233170147 -0.184770938 -0.954649333 0.233461671 -0.184770938 -0.954649333 0.233461671 -0.184770938 -0.954649333 0.233461671 -0.184783817 -0.954715872 -0.233179212 -0.184783817 -0.954715872 -0.233179212 -0.184783817 -0.954715872 -0.233179212 -0.184652135 -0.954671022 -0.233466975 -0.184652135 -0.954671022 -0.233466975 -0.184652135 -0.954671022 -0.233466975 -0.150132342 -0.776200046 -0.612351018 -0.150132342 -0.776200046 -0.612351018 -0.150132342 -0.776200046 -0.612351018 -0.151498975 -0.777314655 -0.610598057 -0.151498975 -0.777314655 -0.610598057 -0.151498975 -0.777314655 -0.610598057 -0.105210491 -0.539816563 -0.835181915 -0.105210491 -0.539816563 -0.835181915 -0.105210491 -0.539816563 -0.835181915 -0.104354847 -0.539166817 -0.835708806 -0.104354847 -0.539166817 -0.835708806 -0.104354847 -0.539166817 -0.835708806 -0.0605286795 -0.312731572 -0.947910989 -0.0605286795 -0.312731572 -0.947910989 -0.0605286795 -0.312731572 -0.947910989 -0.0604271416 -0.312686152 -0.947932451 -0.0604271416 -0.312686152 -0.947932451 -0.0604271416 -0.312686152 -0.947932451 -0.0195834984 -0.101336727 -0.994659416 -0.0195834984 -0.101336727 -0.994659416 -0.0195834984 -0.101336727 -0.994659416 -0.0551042822 -0.0812555856 0.995168854 -0.0551042822 -0.0812555856 0.995168854 -0.0551042822 -0.0812555856 0.995168854 -0.17098744 -0.25213439 0.952466033 -0.17098744 -0.25213439 0.952466033 -0.17098744 -0.25213439 0.952466033 -0.171081728 -0.251799836 0.952537603 -0.171081728 -0.251799836 0.952537603 -0.171081728 -0.251799836 0.952537603 -0.297702981 -0.438162291 0.848166695 -0.297702981 -0.438162291 0.848166695 -0.297702981 -0.438162291 0.848166695 -0.297561663 -0.439594386 0.847474975 -0.297561663 -0.439594386 0.847474975 -0.297561663 -0.439594386 0.847474975 -0.435069028 -0.642737039 0.630558514 -0.435069028 -0.642737039 0.630558514 -0.435069028 -0.642737039 0.630558514 -0.435142792 -0.641840548 0.631420194 -0.435142792 -0.641840548 0.631420194 -0.435142792 -0.641840548 0.631420194 -0.54406322 -0.802499412 0.24492837 -0.54406322 -0.802499412 0.24492837 -0.54406322 -0.802499412 0.24492837 -0.543876328 -0.80288792 0.244068693 -0.543876328 -0.80288792 0.244068693 -0.543876328 -0.80288792 0.244068693 -0.54375976 -0.802715839 -0.24489305 -0.54375976 -0.802715839 -0.24489305 -0.54375976 -0.802715839 -0.24489305 -0.544185919 -0.802680395 -0.244061197 -0.544185919 -0.802680395 -0.244061197 -0.544185919 -0.802680395 -0.244061197 -0.435485775 -0.642346452 -0.630668832 -0.435485775 -0.642346452 -0.630668832 -0.435485775 -0.642346452 -0.630668832 -0.434665973 -0.642141595 -0.631442526 -0.434665973 -0.642141595 -0.631442526 -0.434665973 -0.642141595 -0.631442526 -0.297089791 -0.438897278 -0.848001672 -0.297089791 -0.438897278 -0.848001672 -0.297089791 -0.438897278 -0.848001672 -0.2983544 -0.439121056 -0.84744165 -0.2983544 -0.439121056 -0.84744165 -0.2983544 -0.439121056 -0.84744165 -0.171153653 -0.251905696 -0.952496692 -0.171153653 -0.251905696 -0.952496692 -0.171153653 -0.251905696 -0.952496692 -0.170850818 -0.25193293 -0.952543856 -0.170850818 -0.25193293 -0.952543856 -0.170850818 -0.25193293 -0.952543856 -0.0551042822 -0.0812555856 -0.995168854 -0.0551042822 -0.0812555856 -0.995168854 -0.0551042822 -0.0812555856 -0.995168854 -0.0796707893 -0.0451260235 0.995799281 -0.0796707893 -0.0451260235 0.995799281 -0.0796707893 -0.0451260235 0.995799281 -0.248575896 -0.140794911 0.958325006 -0.248575896 -0.140794911 0.958325006 -0.248575896 -0.140794911 0.958325006 -0.248586148 -0.140882428 0.958309485 -0.248586148 -0.140882428 0.958309485 -0.248586148 -0.140882428 0.958309485 -0.437930912 -0.2481907 0.864070537 -0.437930912 -0.2481907 0.864070537 -0.437930912 -0.2481907 0.864070537 -0.437814548 -0.247822733 0.864235104 -0.437814548 -0.247822733 0.864235104 -0.437814548 -0.247822733 0.864235104 -0.655873372 -0.371253838 0.657267607 -0.655873372 -0.371253838 0.657267607 -0.655873372 -0.371253838 0.657267607 -0.655856912 -0.371208405 0.657309692 -0.655856912 -0.371208405 0.657309692 -0.655856912 -0.371208405 0.657309692 -0.83979281 -0.47531427 0.262344013 -0.83979281 -0.47531427 0.262344013 -0.83979281 -0.47531427 0.262344013 -0.839795821 -0.47568126 0.261668335 -0.839795821 -0.47568126 0.261668335 -0.839795821 -0.47568126 0.261668335 -0.839642504 -0.475594417 -0.262317397 -0.839642504 -0.475594417 -0.262317397 -0.839642504 -0.475594417 -0.262317397 -0.839953976 -0.475405488 -0.261661881 -0.839953976 -0.475405488 -0.261661881 -0.839953976 -0.475405488 -0.261661881 -0.65588488 -0.371224234 -0.657272845 -0.65588488 -0.371224234 -0.657272845 -0.65588488 -0.371224234 -0.657272845 -0.655840481 -0.37123522 -0.657310943 -0.655840481 -0.37123522 -0.657310943 -0.655840481 -0.37123522 -0.657310943 -0.438003269 -0.247929557 -0.864108831 -0.438003269 -0.247929557 -0.864108831 -0.438003269 -0.247929557 -0.864108831 -0.437671408 -0.24804363 -0.864244234 -0.437671408 -0.24804363 -0.864244234 -0.437671408 -0.24804363 -0.864244234 -0.248559924 -0.140867566 -0.958318472 -0.248559924 -0.140867566 -0.958318472 -0.248559924 -0.140867566 -0.958318472 -0.248625794 -0.140823174 -0.958307909 -0.248625794 -0.140823174 -0.958307909 -0.248625794 -0.140823174 -0.958307909 -0.0796707893 -0.0451260235 -0.995799281 -0.0796707893 -0.0451260235 -0.995799281 -0.0796707893 -0.0451260235 -0.995799281 -0.0884497275 0 0.996080642 -0.0884497275 0 0.996080642 -0.0884497275 0 0.996080642 -0.276643752 0 0.960972546 -0.276643752 0 0.960972546 -0.276643752 0 0.960972546 -0.276643752 0 0.960972546 -0.276643752 0 0.960972546 -0.276643752 0 0.960972546 -0.490399233 0 0.871497901 -0.490399233 0 0.871497901 -0.490399233 0 0.871497901 -0.490399233 0 0.871497901 -0.490399233 0 0.871497901 -0.490399233 0 0.871497901 -0.742006906 0 0.670392237 -0.742006906 0 0.670392237 -0.742006906 0 0.670392237 -0.742006906 0 0.670392237 -0.742006906 0 0.670392237 -0.742006906 0 0.670392237 -0.962745887 0 0.270407761 -0.962745887 0 0.270407761 -0.962745887 0 0.270407761 -0.962745887 0 0.270407761 -0.962745887 0 0.270407761 -0.962745887 0 0.270407761 -0.962745887 0 -0.270407761 -0.962745887 0 -0.270407761 -0.962745887 0 -0.270407761 -0.962745887 -0 -0.270407761 -0.962745887 -0 -0.270407761 -0.962745887 -0 -0.270407761 -0.742006906 0 -0.670392237 -0.742006906 0 -0.670392237 -0.742006906 0 -0.670392237 -0.742006906 -0 -0.670392237 -0.742006906 -0 -0.670392237 -0.742006906 -0 -0.670392237 -0.490399233 0 -0.871497901 -0.490399233 0 -0.871497901 -0.490399233 0 -0.871497901 -0.490399233 -0 -0.871497901 -0.490399233 -0 -0.871497901 -0.490399233 -0 -0.871497901 -0.276643752 0 -0.960972546 -0.276643752 0 -0.960972546 -0.276643752 0 -0.960972546 -0.276643752 -0 -0.960972546 -0.276643752 -0 -0.960972546 -0.276643752 -0 -0.960972546 -0.0884497275 0 -0.996080642 -0.0884497275 0 -0.996080642 -0.0884497275 0 -0.996080642 -0.0796707893 0.0451260235 0.995799281 -0.0796707893 0.0451260235 0.995799281 -0.0796707893 0.0451260235 0.995799281 -0.248625799 0.140823177 0.958307907 -0.248625799 0.140823177 0.958307907 -0.248625799 0.140823177 0.958307907 -0.248559923 0.140867573 0.958318471 -0.248559923 0.140867573 0.958318471 -0.248559923 0.140867573 0.958318471 -0.437671391 0.248043635 0.864244241 -0.437671391 0.248043635 0.864244241 -0.437671391 0.248043635 0.864244241 -0.438003269 0.247929557 0.864108831 -0.438003269 0.247929557 0.864108831 -0.438003269 0.247929557 0.864108831 -0.655840481 0.37123522 0.657310943 -0.655840481 0.37123522 0.657310943 -0.655840481 0.37123522 0.657310943 -0.655884898 0.37122423 0.657272829 -0.655884898 0.37122423 0.657272829 -0.655884898 0.37122423 0.657272829 -0.839953999 0.475405483 0.261661815 -0.839953999 0.475405483 0.261661815 -0.839953999 0.475405483 0.261661815 -0.839642481 0.475594439 0.262317427 -0.839642481 0.475594439 0.262317427 -0.839642481 0.475594439 0.262317427 -0.839795822 0.475681295 -0.26166827 -0.839795822 0.475681295 -0.26166827 -0.839795822 0.475681295 -0.26166827 -0.83979281 0.475314251 -0.262344047 -0.83979281 0.475314251 -0.262344047 -0.83979281 0.475314251 -0.262344047 -0.655856919 0.371208394 -0.657309691 -0.655856919 0.371208394 -0.657309691 -0.655856919 0.371208394 -0.657309691 -0.655873386 0.371253846 -0.65726759 -0.655873386 0.371253846 -0.65726759 -0.655873386 0.371253846 -0.65726759 -0.437814539 0.247822727 -0.86423511 -0.437814539 0.247822727 -0.86423511 -0.437814539 0.247822727 -0.86423511 -0.437930908 0.248190713 -0.864070535 -0.437930908 0.248190713 -0.864070535 -0.437930908 0.248190713 -0.864070535 -0.248586149 0.140882437 -0.958309483 -0.248586149 0.140882437 -0.958309483 -0.248586149 0.140882437 -0.958309483 -0.248575896 0.140794911 -0.958325006 -0.248575896 0.140794911 -0.958325006 -0.248575896 0.140794911 -0.958325006 -0.0796707893 0.0451260235 -0.995799281 -0.0796707893 0.0451260235 -0.995799281 -0.0796707893 0.0451260235 -0.995799281 -0.055104287 0.0812555786 0.995168854 -0.055104287 0.0812555786 0.995168854 -0.055104287 0.0812555786 0.995168854 -0.170850846 0.251932927 0.952543851 -0.170850846 0.251932927 0.952543851 -0.170850846 0.251932927 0.952543851 -0.171153667 0.251905694 0.952496689 -0.171153667 0.251905694 0.952496689 -0.171153667 0.251905694 0.952496689 -0.29835442 0.439121045 0.847441649 -0.29835442 0.439121045 0.847441649 -0.29835442 0.439121045 0.847441649 -0.297089779 0.438897261 0.848001685 -0.297089779 0.438897261 0.848001685 -0.297089779 0.438897261 0.848001685 -0.434784104 0.642316114 0.631183644 -0.434784104 0.642316114 0.631183644 -0.434784104 0.642316114 0.631183644 -0.435363679 0.642460921 0.63063653 -0.435363679 0.642460921 0.63063653 -0.435363679 0.642460921 0.63063653 -0.544014327 0.80279537 0.244065579 -0.544014327 0.80279537 0.244065579 -0.544014327 0.80279537 0.244065579 -0.543599952 0.80282978 0.244874327 -0.543599952 0.80282978 0.244874327 -0.543599952 0.80282978 0.244874327 -0.543713248 0.802997104 -0.244072849 -0.543713248 0.802997104 -0.244072849 -0.543713248 0.802997104 -0.244072849 -0.543895073 0.802619389 -0.244908689 -0.543895073 0.802619389 -0.244908689 -0.543895073 0.802619389 -0.244908689 -0.43512126 0.642103187 -0.631167954 -0.43512126 0.642103187 -0.631167954 -0.43512126 0.642103187 -0.631167954 -0.435069028 0.642737039 -0.630558514 -0.435069028 0.642737039 -0.630558514 -0.435069028 0.642737039 -0.630558514 -0.297561663 0.439594386 -0.847474975 -0.297561663 0.439594386 -0.847474975 -0.297561663 0.439594386 -0.847474975 -0.297702984 0.438162256 -0.848166711 -0.297702984 0.438162256 -0.848166711 -0.297702984 0.438162256 -0.848166711 -0.171081746 0.251799839 -0.952537599 -0.171081746 0.251799839 -0.952537599 -0.171081746 0.251799839 -0.952537599 -0.170987462 0.252134379 -0.952466032 -0.170987462 0.252134379 -0.952466032 -0.170987462 0.252134379 -0.952466032 -0.055104287 0.0812555786 -0.995168854 -0.055104287 0.0812555786 -0.995168854 -0.055104287 0.0812555786 -0.995168854 -0.0195834889 0.101336727 0.994659416 -0.0195834889 0.101336727 0.994659416 -0.0195834889 0.101336727 0.994659416 -0.0604271125 0.312686152 0.947932452 -0.0604271125 0.312686152 0.947932452 -0.0604271125 0.312686152 0.947932452 -0.0605286824 0.312731587 0.947910984 -0.0605286824 0.312731587 0.947910984 -0.0605286824 0.312731587 0.947910984 -0.104394726 0.539372856 0.835570861 -0.104394726 0.539372856 0.835570861 -0.104394726 0.539372856 0.835570861 -0.105064925 0.539881917 0.835157995 -0.105064925 0.539881917 0.835157995 -0.105064925 0.539881917 0.835157995 -0.151276226 0.777341235 0.610619445 -0.151276226 0.777341235 0.610619445 -0.151276226 0.777341235 0.610619445 -0.150180259 0.776447297 0.612025723 -0.150180259 0.776447297 0.612025723 -0.150180259 0.776447297 0.612025723 -0.18465226 0.954671065 0.233466703 -0.18465226 0.954671065 0.233466703 -0.18465226 0.954671065 0.233466703 -0.184783699 0.954715832 0.233179471 -0.184783699 0.954715832 0.233179471 -0.184783699 0.954715832 0.233179471 -0.184770844 0.954649415 -0.233461409 -0.184770844 0.954649415 -0.233461409 -0.184770844 0.954649415 -0.233461409 -0.18466576 0.954740861 -0.233170422 -0.18466576 0.954740861 -0.233170422 -0.18466576 0.954740861 -0.233170422 -0.1503741 0.777449473 -0.610704468 -0.1503741 0.777449473 -0.610704468 -0.1503741 0.777449473 -0.610704468 -0.151047003 0.776163361 -0.612172557 -0.151047003 0.776163361 -0.612172557 -0.151047003 0.776163361 -0.612172557 -0.104959583 0.539340611 -0.83552091 -0.104959583 0.539340611 -0.83552091 -0.104959583 0.539340611 -0.83552091 -0.104538936 0.540117941 -0.835071387 -0.104538936 0.540117941 -0.835071387 -0.104538936 0.540117941 -0.835071387 -0.060519549 0.312684398 -0.947927134 -0.060519549 0.312684398 -0.947927134 -0.060519549 0.312684398 -0.947927134 -0.0604444585 0.312775911 -0.947901734 -0.0604444585 0.312775911 -0.947901734 -0.0604444585 0.312775911 -0.947901734 -0.0195834889 0.101336727 -0.994659416 -0.0195834889 0.101336727 -0.994659416 -0.0195834889 0.101336727 -0.994659416 0.874425802 -0.448870926 0.184104341 0.874425802 -0.448870926 0.184104341 0.874425802 -0.448870926 0.184104341 0.52665398 -0.808296462 0.263234525 0.52665398 -0.808296462 0.263234525 0.52665398 -0.808296462 0.263234525 0.525840645 -0.809036427 0.262586512 0.525840645 -0.809036427 0.262586512 0.525840645 -0.809036427 0.262586512 0.245333361 -0.928873913 0.277497381 0.245333361 -0.928873913 0.277497381 0.245333361 -0.928873913 0.277497381 0.247532407 -0.92794409 0.278652961 0.247532407 -0.92794409 0.278652961 0.247532407 -0.92794409 0.278652961 -0.0271827513 -0.962578105 0.2696377 -0.0271827513 -0.962578105 0.2696377 -0.0271827513 -0.962578105 0.2696377 -0.0283455095 -0.962712391 0.269037885 -0.0283455095 -0.962712391 0.269037885 -0.0283455095 -0.962712391 0.269037885 -0.297036394 -0.9242218 0.239965507 -0.297036394 -0.9242218 0.239965507 -0.297036394 -0.9242218 0.239965507 -0.312348105 -0.921091762 0.232440587 -0.312348105 -0.921091762 0.232440587 -0.312348105 -0.921091762 0.232440587 -0.284143749 -0.929023879 0.237016797 -0.284143749 -0.929023879 0.237016797 -0.284143749 -0.929023879 0.237016797 -0.283977796 -0.929047553 0.237122869 -0.283977796 -0.929047553 0.237122869 -0.283977796 -0.929047553 0.237122869 -0.279669243 -0.930175387 0.237821073 -0.279669243 -0.930175387 0.237821073 -0.279669243 -0.930175387 0.237821073 -0.278897173 -0.930255198 0.238414836 -0.278897173 -0.930255198 0.238414836 -0.278897173 -0.930255198 0.238414836 -0.278681111 -0.930311101 0.238449353 -0.278681111 -0.930311101 0.238449353 -0.278681111 -0.930311101 0.238449353 -0.279096304 -0.930281533 0.238078817 -0.279096304 -0.930281533 0.238078817 -0.279096304 -0.930281533 0.238078817 -0.282447381 -0.92940593 0.237545983 -0.282447381 -0.92940593 0.237545983 -0.282447381 -0.92940593 0.237545983 -0.279231447 -0.929546949 0.24077431 -0.279231447 -0.929546949 0.24077431 -0.279231447 -0.929546949 0.24077431 -0.286504251 -0.92761557 0.239676175 -0.286504251 -0.92761557 0.239676175 -0.286504251 -0.92761557 0.239676175 -0.283955172 -0.927664261 0.242504596 -0.283955172 -0.927664261 0.242504596 -0.283955172 -0.927664261 0.242504596 -0.296229752 -0.924292468 0.24068936 -0.296229752 -0.924292468 0.24068936 -0.296229752 -0.924292468 0.24068936 -0.293626714 -0.924301407 0.243824243 -0.293626714 -0.924301407 0.243824243 -0.293626714 -0.924301407 0.243824243 -0.303628095 -0.921426864 0.242451055 -0.303628095 -0.921426864 0.242451055 -0.303628095 -0.921426864 0.242451055 -0.301112954 -0.921399581 0.245670104 -0.301112954 -0.921399581 0.245670104 -0.301112954 -0.921399581 0.245670104 -0.316316401 -0.916819169 0.243693549 -0.316316401 -0.916819169 0.243693549 -0.316316401 -0.916819169 0.243693549 -0.312004006 -0.916756963 0.24941967 -0.312004006 -0.916756963 0.24941967 -0.312004006 -0.916756963 0.24941967 -0.331694836 -0.910431803 0.247168906 -0.331694836 -0.910431803 0.247168906 -0.331694836 -0.910431803 0.247168906 -0.328422071 -0.910390657 0.251650143 -0.328422071 -0.910390657 0.251650143 -0.328422071 -0.910390657 0.251650143 -0.343740441 -0.905160058 0.250055552 -0.343740441 -0.905160058 0.250055552 -0.343740441 -0.905160058 0.250055552 -0.343459252 -0.905152053 0.250470563 -0.343459252 -0.905152053 0.250470563 -0.343459252 -0.905152053 0.250470563 -0.355754426 -0.900718997 0.249287137 -0.355754426 -0.900718997 0.249287137 -0.355754426 -0.900718997 0.249287137 -0.354444783 -0.900648685 0.251397776 -0.354444783 -0.900648685 0.251397776 -0.354444783 -0.900648685 0.251397776 -0.361757314 -0.897925444 0.250722045 -0.361757314 -0.897925444 0.250722045 -0.361757314 -0.897925444 0.250722045 -0.360834235 -0.897842416 0.252344311 -0.360834235 -0.897842416 0.252344311 -0.360834235 -0.897842416 0.252344311 -0.364267552 -0.896537796 0.252049859 -0.364267552 -0.896537796 0.252049859 -0.364267552 -0.896537796 0.252049859 -0.363989007 -0.896500603 0.252583989 -0.363989007 -0.896500603 0.252583989 -0.363989007 -0.896500603 0.252583989 -0.366120241 -0.895680789 0.25241215 -0.366120241 -0.895680789 0.25241215 -0.366120241 -0.895680789 0.25241215 -0.364493673 -0.895384622 0.255794332 -0.364493673 -0.895384622 0.255794332 -0.364493673 -0.895384622 0.255794332 -0.364630069 -0.895331991 0.255784163 -0.364630069 -0.895331991 0.255784163 -0.364630069 -0.895331991 0.255784163 -0.36410246 -0.895205218 0.256976685 -0.36410246 -0.895205218 0.256976685 -0.36410246 -0.895205218 0.256976685 -0.360562492 -0.896565014 0.257227264 -0.360562492 -0.896565014 0.257227264 -0.360562492 -0.896565014 0.257227264 -0.361275698 -0.89678003 0.255471032 -0.361275698 -0.89678003 0.255471032 -0.361275698 -0.89678003 0.255471032 -0.354519097 -0.899337544 0.255945683 -0.354519097 -0.899337544 0.255945683 -0.354519097 -0.899337544 0.255945683 -0.355119576 -0.899557024 0.254336879 -0.355119576 -0.899557024 0.254336879 -0.355119576 -0.899557024 0.254336879 -0.346018473 -0.902935203 0.254910249 -0.346018473 -0.902935203 0.254910249 -0.346018473 -0.902935203 0.254910249 -0.346623741 -0.903201893 0.253136964 -0.346623741 -0.903201893 0.253136964 -0.346623741 -0.903201893 0.253136964 -0.339623586 -0.905735112 0.253573909 -0.339623586 -0.905735112 0.253573909 -0.339623586 -0.905735112 0.253573909 -0.338807045 -0.905261695 0.256341665 -0.338807045 -0.905261695 0.256341665 -0.338807045 -0.905261695 0.256341665 -0.335295636 -0.90652014 0.256511348 -0.335295636 -0.90652014 0.256511348 -0.335295636 -0.90652014 0.256511348 -0.33566817 -0.90679322 0.255054769 -0.33566817 -0.90679322 0.255054769 -0.33566817 -0.90679322 0.255054769 -0.332266965 -0.908007525 0.255188161 -0.332266965 -0.908007525 0.255188161 -0.332266965 -0.908007525 0.255188161 -0.33200234 -0.907773976 0.256360789 -0.33200234 -0.907773976 0.256360789 -0.33200234 -0.907773976 0.256360789 -0.330590216 -0.908273094 0.256417815 -0.330590216 -0.908273094 0.256417815 -0.330590216 -0.908273094 0.256417815 -0.330870949 -0.908558921 0.255039413 -0.330870949 -0.908558921 0.255039413 -0.330870949 -0.908558921 0.255039413 -0.327998981 -0.909565818 0.255160129 -0.327998981 -0.909565818 0.255160129 -0.327998981 -0.909565818 0.255160129 -0.329024792 -0.910752431 0.249544976 -0.329024792 -0.910752431 0.249544976 -0.329024792 -0.910752431 0.249544976 -0.329022808 -0.910753124 0.249545065 -0.329022808 -0.910753124 0.249545065 -0.329022808 -0.910753124 0.249545065 -0.327491163 -0.908779122 0.25859243 -0.327491163 -0.908779122 0.25859243 -0.327491163 -0.908779122 0.25859243 -0.326274372 -0.909204332 0.258635877 -0.326274372 -0.909204332 0.258635877 -0.326274372 -0.909204332 0.258635877 -0.327012189 -0.910254115 0.253969437 -0.327012189 -0.910254115 0.253969437 -0.327012189 -0.910254115 0.253969437 -0.328447774 -0.909754537 0.253906955 -0.328447774 -0.909754537 0.253906955 -0.328447774 -0.909754537 0.253906955 -0.329265141 -0.910998176 0.248327987 -0.329265141 -0.910998176 0.248327987 -0.329265141 -0.910998176 0.248327987 -0.330274019 -0.910640118 0.248301526 -0.330274019 -0.910640118 0.248301526 -0.330274019 -0.910640118 0.248301526 -0.331195318 -0.91205018 0.241814248 -0.331195318 -0.91205018 0.241814248 -0.331195318 -0.91205018 0.241814248 -0.381120097 -0.893060063 0.239146806 -0.381120097 -0.893060063 0.239146806 -0.381120097 -0.893060063 0.239146806 -0.35958808 -0.898959228 0.250137402 -0.35958808 -0.898959228 0.250137402 -0.35958808 -0.898959228 0.250137402 -0.675131276 -0.706112039 0.213549874 -0.675131276 -0.706112039 0.213549874 -0.675131276 -0.706112039 0.213549874 -0.645264977 -0.725900946 0.238119561 -0.645264977 -0.725900946 0.238119561 -0.645264977 -0.725900946 0.238119561 -0.840074541 -0.509720963 0.185632176 -0.840074541 -0.509720963 0.185632176 -0.840074541 -0.509720963 0.185632176 -0.843961669 -0.505602427 0.179150459 -0.843961669 -0.505602427 0.179150459 -0.843961669 -0.505602427 0.179150459 -0.997140239 -0.0293266012 0.0696512371 -0.997140239 -0.0293266012 0.0696512371 -0.997140239 -0.0293266012 0.0696512371 0.870817413 -0.360390249 0.334358942 0.870817413 -0.360390249 0.334358942 0.870817413 -0.360390249 0.334358942 0.519964169 -0.609726625 0.598222956 0.519964169 -0.609726625 0.598222956 0.519964169 -0.609726625 0.598222956 0.519044936 -0.61066227 0.598066841 0.519044936 -0.61066227 0.598066841 0.519044936 -0.61066227 0.598066841 0.235286959 -0.687962925 0.686547202 0.235286959 -0.687962925 0.686547202 0.235286959 -0.687962925 0.686547202 0.236165097 -0.687503281 0.686706113 0.236165097 -0.687503281 0.686706113 0.236165097 -0.687503281 0.686706113 -0.0381035816 -0.701765657 0.711388136 -0.0381035816 -0.701765657 0.711388136 -0.0381035816 -0.701765657 0.711388136 -0.0384508339 -0.701858974 0.711277381 -0.0384508339 -0.701858974 0.711277381 -0.0384508339 -0.701858974 0.711277381 -0.30161527 -0.664549823 0.683667873 -0.30161527 -0.664549823 0.683667873 -0.30161527 -0.664549823 0.683667873 -0.318975423 -0.664768343 0.675527742 -0.318975423 -0.664768343 0.675527742 -0.318975423 -0.664768343 0.675527742 -0.30168587 -0.668772033 0.679506883 -0.30168587 -0.668772033 0.679506883 -0.30168587 -0.668772033 0.679506883 -0.307760648 -0.669486927 0.676069995 -0.307760648 -0.669486927 0.676069995 -0.307760648 -0.669486927 0.676069995 -0.302830716 -0.670585969 0.677206036 -0.302830716 -0.670585969 0.677206036 -0.302830716 -0.670585969 0.677206036 -0.303374267 -0.670697562 0.676852151 -0.303374267 -0.670697562 0.676852151 -0.303374267 -0.670697562 0.676852151 -0.303640899 -0.670638889 0.676790725 -0.303640899 -0.670638889 0.676790725 -0.303640899 -0.670638889 0.676790725 -0.300144494 -0.669648711 0.679326053 -0.300144494 -0.669648711 0.679326053 -0.300144494 -0.669648711 0.679326053 -0.302141314 -0.669203106 0.678879835 -0.302141314 -0.669203106 0.678879835 -0.302141314 -0.669203106 0.678879835 -0.30033722 -0.668571174 0.680301506 -0.30033722 -0.668571174 0.680301506 -0.30033722 -0.668571174 0.680301506 -0.30447201 -0.667619657 0.679397372 -0.30447201 -0.667619657 0.679397372 -0.30447201 -0.667619657 0.679397372 -0.299655384 -0.665634193 0.683474778 -0.299655384 -0.665634193 0.683474778 -0.299655384 -0.665634193 0.683474778 -0.304687667 -0.664429467 0.682421358 -0.304687667 -0.664429467 0.682421358 -0.304687667 -0.664429467 0.682421358 -0.302690372 -0.663516368 0.684196294 -0.302690372 -0.663516368 0.684196294 -0.302690372 -0.663516368 0.684196294 -0.307567599 -0.662280743 0.683217673 -0.307567599 -0.662280743 0.683217673 -0.307567599 -0.662280743 0.683217673 -0.30174643 -0.659426818 0.688553094 -0.30174643 -0.659426818 0.688553094 -0.30174643 -0.659426818 0.688553094 -0.308909099 -0.65748 0.687237382 -0.308909099 -0.65748 0.687237382 -0.308909099 -0.65748 0.687237382 -0.303201515 -0.654604146 0.692504335 -0.303201515 -0.654604146 0.692504335 -0.303201515 -0.654604146 0.692504335 -0.309037381 -0.652901562 0.691531234 -0.309037381 -0.652901562 0.691531234 -0.309037381 -0.652901562 0.691531234 -0.306914864 -0.65181757 0.693496302 -0.306914864 -0.65181757 0.693496302 -0.306914864 -0.65181757 0.693496302 -0.316750051 -0.648699328 0.691996089 -0.316750051 -0.648699328 0.691996089 -0.316750051 -0.648699328 0.691996089 -0.310764005 -0.645348647 0.697818642 -0.310764005 -0.645348647 0.697818642 -0.310764005 -0.645348647 0.697818642 -0.316547284 -0.643427875 0.696992387 -0.316547284 -0.643427875 0.696992387 -0.316547284 -0.643427875 0.696992387 -0.316695462 -0.643519701 0.696840282 -0.316695462 -0.643519701 0.696840282 -0.316695462 -0.643519701 0.696840282 -0.317822671 -0.643128699 0.69668804 -0.317822671 -0.643128699 0.69668804 -0.317822671 -0.643128699 0.69668804 -0.317814765 -0.643123266 0.696696663 -0.317814765 -0.643123266 0.696696663 -0.317814765 -0.643123266 0.696696663 -0.318286719 -0.642955326 0.696636213 -0.318286719 -0.642955326 0.696636213 -0.318286719 -0.642955326 0.696636213 -0.317582201 -0.642418268 0.697452733 -0.317582201 -0.642418268 0.697452733 -0.317582201 -0.642418268 0.697452733 -0.315494756 -0.643169839 0.697707401 -0.315494756 -0.643169839 0.697707401 -0.315494756 -0.643169839 0.697707401 -0.315545638 -0.643212534 0.69764503 -0.315545638 -0.643212534 0.69764503 -0.315545638 -0.643212534 0.69764503 -0.313421043 -0.64398071 0.697894043 -0.313421043 -0.64398071 0.697894043 -0.313421043 -0.64398071 0.697894043 -0.311730539 -0.642410288 0.70009506 -0.311730539 -0.642410288 0.70009506 -0.311730539 -0.642410288 0.70009506 -0.30679367 -0.64418888 0.700641371 -0.30679367 -0.64418888 0.700641371 -0.30679367 -0.64418888 0.700641371 -0.307002517 -0.644402211 0.700353657 -0.307002517 -0.644402211 0.700353657 -0.307002517 -0.644402211 0.700353657 -0.30049473 -0.646734455 0.701026006 -0.30049473 -0.646734455 0.701026006 -0.30049473 -0.646734455 0.701026006 -0.299722639 -0.645868058 0.702154392 -0.299722639 -0.645868058 0.702154392 -0.299722639 -0.645868058 0.702154392 -0.290495456 -0.649087354 0.703063295 -0.290495456 -0.649087354 0.703063295 -0.290495456 -0.649087354 0.703063295 -0.29102621 -0.649740525 0.702239984 -0.29102621 -0.649740525 0.702239984 -0.29102621 -0.649740525 0.702239984 -0.282842842 -0.652547917 0.702980187 -0.282842842 -0.652547917 0.702980187 -0.282842842 -0.652547917 0.702980187 -0.281205938 -0.650222611 0.705785928 -0.281205938 -0.650222611 0.705785928 -0.281205938 -0.650222611 0.705785928 -0.274542505 -0.652469005 0.706336047 -0.274542505 -0.652469005 0.706336047 -0.274542505 -0.652469005 0.706336047 -0.274216588 -0.651948017 0.706943453 -0.274216588 -0.651948017 0.706943453 -0.274216588 -0.651948017 0.706943453 -0.269241289 -0.653634509 0.707298421 -0.269241289 -0.653634509 0.707298421 -0.269241289 -0.653634509 0.707298421 -0.269835508 -0.654684392 0.706099955 -0.269835508 -0.654684392 0.706099955 -0.269835508 -0.654684392 0.706099955 -0.266250592 -0.655893427 0.706338754 -0.266250592 -0.655893427 0.706338754 -0.266250592 -0.655893427 0.706338754 -0.266159873 -0.655720823 0.706533173 -0.266159873 -0.655720823 0.706533173 -0.266159873 -0.655720823 0.706533173 -0.262873424 -0.656848878 0.706715724 -0.262873424 -0.656848878 0.706715724 -0.262873424 -0.656848878 0.706715724 -0.264212258 -0.659586619 0.703659985 -0.264212258 -0.659586619 0.703659985 -0.264212258 -0.659586619 0.703659985 -0.264255965 -0.659571717 0.703657541 -0.264255965 -0.659571717 0.703657541 -0.264255965 -0.659571717 0.703657541 -0.262551016 -0.655892021 0.707723549 -0.262551016 -0.655892021 0.707723549 -0.262551016 -0.655892021 0.707723549 -0.261967849 -0.656086467 0.707759418 -0.261967849 -0.656086467 0.707759418 -0.261967849 -0.656086467 0.707759418 -0.256546781 -0.643873277 0.720840448 -0.256546781 -0.643873277 0.720840448 -0.256546781 -0.643873277 0.720840448 -0.257427051 -0.64356799 0.720799248 -0.257427051 -0.64356799 0.720799248 -0.257427051 -0.64356799 0.720799248 -0.265393612 -0.662094554 0.700854501 -0.265393612 -0.662094554 0.700854501 -0.265393612 -0.662094554 0.700854501 -0.267020717 -0.661555936 0.700745089 -0.267020717 -0.661555936 0.700745089 -0.267020717 -0.661555936 0.700745089 -0.267369217 -0.662372703 0.699840057 -0.267369217 -0.662372703 0.699840057 -0.267369217 -0.662372703 0.699840057 -0.325765642 -0.640519572 0.69542176 -0.325765642 -0.640519572 0.69542176 -0.325765642 -0.640519572 0.69542176 -0.325736211 -0.640521951 0.695433355 -0.325736211 -0.640521951 0.695433355 -0.325736211 -0.640521951 0.695433355 -0.574841518 -0.50915353 0.640562185 -0.574841518 -0.50915353 0.640562185 -0.574841518 -0.50915353 0.640562185 -0.589671088 -0.505985424 0.629497227 -0.589671088 -0.505985424 0.629497227 -0.589671088 -0.505985424 0.629497227 -0.796944644 -0.320735229 0.511867314 -0.796944644 -0.320735229 0.511867314 -0.796944644 -0.320735229 0.511867314 -0.808806159 -0.318632756 0.494272965 -0.808806159 -0.318632756 0.494272965 -0.808806159 -0.318632756 0.494272965 -0.977921091 0.0437862351 0.204335764 -0.977921091 0.0437862351 0.204335764 -0.977921091 0.0437862351 0.204335764 0.882631489 -0.213994684 0.418530679 0.882631489 -0.213994684 0.418530679 0.882631489 -0.213994684 0.418530679 0.544480254 -0.275250274 0.792324769 0.544480254 -0.275250274 0.792324769 0.544480254 -0.275250274 0.792324769 0.546486412 -0.273533102 0.791537898 0.546486412 -0.273533102 0.791537898 0.546486412 -0.273533102 0.791537898 0.271170946 -0.277321473 0.921715313 0.271170946 -0.277321473 0.921715313 0.271170946 -0.277321473 0.921715313 0.269076326 -0.278285999 0.922038412 0.269076326 -0.278285999 0.922038412 0.269076326 -0.278285999 0.922038412 -0.00516433662 -0.259069791 0.965844798 -0.00516433662 -0.259069791 0.965844798 -0.00516433662 -0.259069791 0.965844798 -0.00381675559 -0.258652935 0.96596278 -0.00381675559 -0.258652935 0.96596278 -0.00381675559 -0.258652935 0.96596278 -0.267885327 -0.221338084 0.937681664 -0.267885327 -0.221338084 0.937681664 -0.267885327 -0.221338084 0.937681664 -0.27912712 -0.223437469 0.933897076 -0.27912712 -0.223437469 0.933897076 -0.27912712 -0.223437469 0.933897076 -0.276528276 -0.223850287 0.934571111 -0.276528276 -0.223850287 0.934571111 -0.276528276 -0.223850287 0.934571111 -0.282872424 -0.225761053 0.932209815 -0.282872424 -0.225761053 0.932209815 -0.282872424 -0.225761053 0.932209815 -0.281758197 -0.225930027 0.932506269 -0.281758197 -0.225930027 0.932506269 -0.281758197 -0.225930027 0.932506269 -0.283671672 -0.226701498 0.931738597 -0.283671672 -0.226701498 0.931738597 -0.283671672 -0.226701498 0.931738597 -0.285628973 -0.226402711 0.931213135 -0.285628973 -0.226402711 0.931213135 -0.285628973 -0.226402711 0.931213135 -0.281720694 -0.22448398 0.932866761 -0.281720694 -0.22448398 0.932866761 -0.281720694 -0.22448398 0.932866761 -0.279364612 -0.224854321 0.933485912 -0.279364612 -0.224854321 0.933485912 -0.279364612 -0.224854321 0.933485912 -0.276004914 -0.222937325 0.934943975 -0.276004914 -0.222937325 0.934943975 -0.276004914 -0.222937325 0.934943975 -0.27631363 -0.222886428 0.93486492 -0.27631363 -0.222886428 0.93486492 -0.27631363 -0.222886428 0.93486492 -0.271909536 -0.22008023 0.936819031 -0.271909536 -0.22008023 0.936819031 -0.271909536 -0.22008023 0.936819031 -0.267742038 -0.220822854 0.937844053 -0.267742038 -0.220822854 0.937844053 -0.267742038 -0.220822854 0.937844053 -0.263567316 -0.217951122 0.939696535 -0.263567316 -0.217951122 0.939696535 -0.263567316 -0.217951122 0.939696535 -0.261874398 -0.218276859 0.940094151 -0.261874398 -0.218276859 0.940094151 -0.261874398 -0.218276859 0.940094151 -0.256039672 -0.214075926 0.942663877 -0.256039672 -0.214075926 0.942663877 -0.256039672 -0.214075926 0.942663877 -0.24811493 -0.215745776 0.944400731 -0.24811493 -0.215745776 0.944400731 -0.24811493 -0.215745776 0.944400731 -0.24441293 -0.213053336 0.945976002 -0.24441293 -0.213053336 0.945976002 -0.24441293 -0.213053336 0.945976002 -0.23495512 -0.215324266 0.947856293 -0.23495512 -0.215324266 0.947856293 -0.23495512 -0.215324266 0.947856293 -0.228813833 -0.210825561 0.950366673 -0.228813833 -0.210825561 0.950366673 -0.228813833 -0.210825561 0.950366673 -0.228748217 -0.210842917 0.950378618 -0.228748217 -0.210842917 0.950378618 -0.228748217 -0.210842917 0.950378618 -0.226907383 -0.209390764 0.951140656 -0.226907383 -0.209390764 0.951140656 -0.226907383 -0.209390764 0.951140656 -0.221335258 -0.210966124 0.952105035 -0.221335258 -0.210966124 0.952105035 -0.221335258 -0.210966124 0.952105035 -0.21803649 -0.208145546 0.953485983 -0.21803649 -0.208145546 0.953485983 -0.21803649 -0.208145546 0.953485983 -0.21631857 -0.208655191 0.953765845 -0.21631857 -0.208655191 0.953765845 -0.21631857 -0.208655191 0.953765845 -0.21339266 -0.205934735 0.955015423 -0.21339266 -0.205934735 0.955015423 -0.21339266 -0.205934735 0.955015423 -0.208711344 -0.207365534 0.955740085 -0.208711344 -0.207365534 0.955740085 -0.208711344 -0.207365534 0.955740085 -0.208939119 -0.207594697 0.955640563 -0.208939119 -0.207594697 0.955640563 -0.208939119 -0.207594697 0.955640563 -0.202998815 -0.209456653 0.956514188 -0.202998815 -0.209456653 0.956514188 -0.202998815 -0.209456653 0.956514188 -0.202644334 -0.209071736 0.956673551 -0.202644334 -0.209071736 0.956673551 -0.202644334 -0.209071736 0.956673551 -0.198869431 -0.210265476 0.957203938 -0.198869431 -0.210265476 0.957203938 -0.198869431 -0.210265476 0.957203938 -0.198477627 -0.209805516 0.957386169 -0.198477627 -0.209805516 0.957386169 -0.198477627 -0.209805516 0.957386169 -0.19132339 -0.212093342 0.958338027 -0.19132339 -0.212093342 0.958338027 -0.19132339 -0.212093342 0.958338027 -0.190826849 -0.211462735 0.958576354 -0.190826849 -0.211462735 0.958576354 -0.190826849 -0.211462735 0.958576354 -0.18461425 -0.213433507 0.959355886 -0.18461425 -0.213433507 0.959355886 -0.18461425 -0.213433507 0.959355886 -0.185254477 -0.214311266 0.959036735 -0.185254477 -0.214311266 0.959036735 -0.185254477 -0.214311266 0.959036735 -0.175277983 -0.21747627 0.960198782 -0.175277983 -0.21747627 0.960198782 -0.175277983 -0.21747627 0.960198782 -0.175896774 -0.218394499 0.959877163 -0.175896774 -0.218394499 0.959877163 -0.175896774 -0.218394499 0.959877163 -0.1660336 -0.221437126 0.960936233 -0.1660336 -0.221437126 0.960936233 -0.1660336 -0.221437126 0.960936233 -0.168289993 -0.225189942 0.95967076 -0.168289993 -0.225189942 0.95967076 -0.168289993 -0.225189942 0.95967076 -0.157307429 -0.228614628 0.960723542 -0.157307429 -0.228614628 0.960723542 -0.157307429 -0.228614628 0.960723542 -0.156767924 -0.227626028 0.961046414 -0.156767924 -0.227626028 0.961046414 -0.156767924 -0.227626028 0.961046414 -0.150962107 -0.229412031 0.961551123 -0.150962107 -0.229412031 0.961551123 -0.150962107 -0.229412031 0.961551123 -0.151175772 -0.22983571 0.961416368 -0.151175772 -0.22983571 0.961416368 -0.151175772 -0.22983571 0.961416368 -0.146630548 -0.231286039 0.961772453 -0.146630548 -0.231286039 0.961772453 -0.146630548 -0.231286039 0.961772453 -0.143537751 -0.224759159 0.96378433 -0.143537751 -0.224759159 0.96378433 -0.143537751 -0.224759159 0.96378433 -0.140903236 -0.225576431 0.963982132 -0.140903236 -0.225576431 0.963982132 -0.140903236 -0.225576431 0.963982132 -0.138785778 -0.220845764 0.965383684 -0.138785778 -0.220845764 0.965383684 -0.138785778 -0.220845764 0.965383684 -0.136284783 -0.221609279 0.965565008 -0.136284783 -0.221609279 0.965565008 -0.136284783 -0.221609279 0.965565008 -0.14420028 -0.23994581 0.960016816 -0.14420028 -0.23994581 0.960016816 -0.14420028 -0.23994581 0.960016816 -0.143127948 -0.240283554 0.96009281 -0.143127948 -0.240283554 0.96009281 -0.143127948 -0.240283554 0.96009281 -0.13769407 -0.227250506 0.96405267 -0.13769407 -0.227250506 0.96405267 -0.13769407 -0.227250506 0.96405267 -0.139541884 -0.226704647 0.963915487 -0.139541884 -0.226704647 0.963915487 -0.139541884 -0.226704647 0.963915487 -0.13326378 -0.211197459 0.96831627 -0.13326378 -0.211197459 0.96831627 -0.13326378 -0.211197459 0.96831627 -0.136500124 -0.210197651 0.968082984 -0.136500124 -0.210197651 0.968082984 -0.136500124 -0.210197651 0.968082984 -0.14739798 -0.237079418 0.960243295 -0.14739798 -0.237079418 0.960243295 -0.14739798 -0.237079418 0.960243295 -0.230052847 -0.210052773 0.950238665 -0.230052847 -0.210052773 0.950238665 -0.230052847 -0.210052773 0.950238665 -0.178106068 -0.20462775 0.962499721 -0.178106068 -0.20462775 0.962499721 -0.178106068 -0.20462775 0.962499721 -0.469950566 -0.106009919 0.876303807 -0.469950566 -0.106009919 0.876303807 -0.469950566 -0.106009919 0.876303807 -0.487373014 -0.108311577 0.866450315 -0.487373014 -0.108311577 0.866450315 -0.487373014 -0.108311577 0.866450315 -0.737415923 0.017767987 0.675205194 -0.737415923 0.017767987 0.675205194 -0.737415923 0.017767987 0.675205194 -0.690778104 0.0353318834 0.722203067 -0.690778104 0.0353318834 0.722203067 -0.690778104 0.0353318834 0.722203067 -0.926882204 0.212280558 0.309558307 -0.926882204 0.212280558 0.309558307 -0.926882204 0.212280558 0.309558307 0.907288475 -0.0404092156 0.418562682 0.907288475 -0.0404092156 0.418562682 0.907288475 -0.0404092156 0.418562682 0.601489199 0.111961782 0.790996399 0.601489199 0.111961782 0.790996399 0.601489199 0.111961782 0.790996399 0.599511957 0.111004994 0.792630623 0.599511957 0.111004994 0.792630623 0.599511957 0.111004994 0.792630623 0.336583696 0.191011111 0.922077096 0.336583696 0.191011111 0.922077096 0.336583696 0.191011111 0.922077096 0.337614727 0.191270684 0.921646256 0.337614727 0.191270684 0.921646256 0.337614727 0.191270684 0.921646256 0.0679595614 0.249748164 0.965923057 0.0679595614 0.249748164 0.965923057 0.0679595614 0.249748164 0.965923057 0.0674449712 0.249627195 0.965990393 0.0674449712 0.249627195 0.965990393 0.0674449712 0.249627195 0.965990393 -0.191999822 0.286917689 0.938517079 -0.191999822 0.286917689 0.938517079 -0.191999822 0.286917689 0.938517079 -0.20825306 0.282621566 0.936352345 -0.20825306 0.282621566 0.936352345 -0.20825306 0.282621566 0.936352345 -0.218222912 0.283444312 0.933829793 -0.218222912 0.283444312 0.933829793 -0.218222912 0.283444312 0.933829793 -0.220184628 0.282726071 0.933587006 -0.220184628 0.282726071 0.933587006 -0.220184628 0.282726071 0.933587006 -0.226846188 0.283211966 0.931843221 -0.226846188 0.283211966 0.931843221 -0.226846188 0.283211966 0.931843221 -0.225146305 0.283985837 0.932019949 -0.225146305 0.283985837 0.932019949 -0.225146305 0.283985837 0.932019949 -0.226435283 0.284079673 0.931679023 -0.226435283 0.284079673 0.931679023 -0.226435283 0.284079673 0.931679023 -0.226293469 0.284155192 0.931690449 -0.226293469 0.284155192 0.931690449 -0.226293469 0.284155192 0.931690449 -0.218292734 0.283533702 0.933786337 -0.218292734 0.283533702 0.933786337 -0.218292734 0.283533702 0.933786337 -0.216805611 0.284426388 0.933861315 -0.216805611 0.284426388 0.933861315 -0.216805611 0.284426388 0.933861315 -0.211063894 0.283930203 0.935326506 -0.211063894 0.283930203 0.935326506 -0.211063894 0.283930203 0.935326506 -0.206922658 0.286640237 0.935425245 -0.206922658 0.286640237 0.935425245 -0.206922658 0.286640237 0.935425245 -0.195384491 0.285468066 0.938260563 -0.195384491 0.285468066 0.938260563 -0.195384491 0.285468066 0.938260563 -0.190720253 0.288706929 0.938229233 -0.190720253 0.288706929 0.938229233 -0.190720253 0.288706929 0.938229233 -0.178685427 0.287242767 0.941043629 -0.178685427 0.287242767 0.941043629 -0.178685427 0.287242767 0.941043629 -0.174714494 0.29008755 0.940916606 -0.174714494 0.29008755 0.940916606 -0.174714494 0.29008755 0.940916606 -0.156438991 0.287444511 0.94493518 -0.156438991 0.287444511 0.94493518 -0.156438991 0.287444511 0.94493518 -0.148293699 0.293279957 0.944455317 -0.148293699 0.293279957 0.944455317 -0.148293699 0.293279957 0.944455317 -0.124371591 0.289122758 0.949178454 -0.124371591 0.289122758 0.949178454 -0.124371591 0.289122758 0.949178454 -0.12068171 0.291777967 0.948842212 -0.12068171 0.291777967 0.948842212 -0.12068171 0.291777967 0.948842212 -0.10866172 0.289325274 0.951043383 -0.10866172 0.289325274 0.951043383 -0.10866172 0.289325274 0.951043383 -0.103608887 0.293244065 0.950406816 -0.103608887 0.293244065 0.950406816 -0.103608887 0.293244065 0.950406816 -0.0901377854 0.29021539 0.952706779 -0.0901377854 0.29021539 0.952706779 -0.0901377854 0.29021539 0.952706779 -0.0891977585 0.291005394 0.952554261 -0.0891977585 0.291005394 0.952554261 -0.0891977585 0.291005394 0.952554261 -0.07951667 0.288675597 0.954119227 -0.07951667 0.288675597 0.954119227 -0.07951667 0.288675597 0.954119227 -0.0797238139 0.288486938 0.954159002 -0.0797238139 0.288486938 0.954159002 -0.0797238139 0.288486938 0.954159002 -0.0691483613 0.285803271 0.955790246 -0.0691483613 0.285803271 0.955790246 -0.0691483613 0.285803271 0.955790246 -0.068509247 0.286430042 0.955648635 -0.068509247 0.286430042 0.955648635 -0.068509247 0.286430042 0.955648635 -0.0597078369 0.284119697 0.956927882 -0.0597078369 0.284119697 0.956927882 -0.0597078369 0.284119697 0.956927882 -0.0583181674 0.285589261 0.956576064 -0.0583181674 0.285589261 0.956576064 -0.0583181674 0.285589261 0.956576064 -0.0535302192 0.284303193 0.957238847 -0.0535302192 0.284303193 0.957238847 -0.0535302192 0.284303193 0.957238847 -0.0530752256 0.284824082 0.957109327 -0.0530752256 0.284824082 0.957109327 -0.0530752256 0.284824082 0.957109327 -0.0445489229 0.28252689 0.958224373 -0.0445489229 0.28252689 0.958224373 -0.0445489229 0.28252689 0.958224373 -0.0468045484 0.279746469 0.958932348 -0.0468045484 0.279746469 0.958932348 -0.0468045484 0.279746469 0.958932348 -0.0406892532 0.278091216 0.959692482 -0.0406892532 0.278091216 0.959692482 -0.0406892532 0.278091216 0.959692482 -0.0399518657 0.279070149 0.959439264 -0.0399518657 0.279070149 0.959439264 -0.0399518657 0.279070149 0.959439264 -0.0325509274 0.27710499 0.960288114 -0.0325509274 0.27710499 0.960288114 -0.0325509274 0.27710499 0.960288114 -0.0324592351 0.27723685 0.960253158 -0.0324592351 0.27723685 0.960253158 -0.0324592351 0.27723685 0.960253158 -0.022877159 0.274646364 0.96127312 -0.022877159 0.274646364 0.96127312 -0.022877159 0.274646364 0.96127312 -0.0200295486 0.279202429 0.960023344 -0.0200295486 0.279202429 0.960023344 -0.0200295486 0.279202429 0.960023344 -0.00816675204 0.275950868 0.961137047 -0.00816675204 0.275950868 0.961137047 -0.00816675204 0.275950868 0.961137047 -0.00995540642 0.272795649 0.96202049 -0.00995540642 0.272795649 0.96202049 -0.00995540642 0.272795649 0.96202049 -0.00306631809 0.270839004 0.962619775 -0.00306631809 0.270839004 0.962619775 -0.00306631809 0.270839004 0.962619775 -0.000904729913 0.274969099 0.961452638 -0.000904729913 0.274969099 0.961452638 -0.000904729913 0.274969099 0.961452638 0.00544138672 0.273224007 0.961935046 0.00544138672 0.273224007 0.961935046 0.00544138672 0.273224007 0.961935046 0.000433775672 0.262996843 0.964796596 0.000433775672 0.262996843 0.964796596 0.000433775672 0.262996843 0.964796596 0.00520986782 0.26166513 0.965144661 0.00520986782 0.26166513 0.965144661 0.00520986782 0.26166513 0.965144661 0.00372645311 0.258461824 0.966014285 0.00372645311 0.258461824 0.966014285 0.00372645311 0.258461824 0.966014285 0.00544301003 0.257953378 0.966142033 0.00544301003 0.257953378 0.966142033 0.00544301003 0.257953378 0.966142033 0.0163664908 0.28250072 0.959127458 0.0163664908 0.28250072 0.959127458 0.0163664908 0.28250072 0.959127458 0.0160280115 0.282601814 0.959103393 0.0160280115 0.282601814 0.959103393 0.0160280115 0.282601814 0.959103393 0.00991990058 0.26838295 0.963261225 0.00991990058 0.26838295 0.963261225 0.00991990058 0.26838295 0.963261225 0.0106878983 0.268143445 0.963319709 0.0106878983 0.268143445 0.963319709 0.0106878983 0.268143445 0.963319709 0.00274431655 0.249129807 0.968466214 0.00274431655 0.249129807 0.968466214 0.00274431655 0.249129807 0.968466214 -0.00188426211 0.250390181 0.968143175 -0.00188426211 0.250390181 0.968143175 -0.00188426211 0.250390181 0.968143175 0.0135524322 0.287358554 0.957727202 0.0135524322 0.287358554 0.957727202 0.0135524322 0.287358554 0.957727202 -0.0321360793 0.299950397 0.953413358 -0.0321360793 0.299950397 0.953413358 -0.0321360793 0.299950397 0.953413358 -0.0941617327 0.289722695 0.952467494 -0.0941617327 0.289722695 0.952467494 -0.0941617327 0.289722695 0.952467494 -0.360962624 0.350536376 0.8641934 -0.360962624 0.350536376 0.8641934 -0.360962624 0.350536376 0.8641934 -0.328390069 0.360443393 0.873063871 -0.328390069 0.360443393 0.873063871 -0.328390069 0.360443393 0.873063871 -0.593297695 0.389366005 0.704550891 -0.593297695 0.389366005 0.704550891 -0.593297695 0.389366005 0.704550891 -0.642500958 0.352733784 0.68027303 -0.642500958 0.352733784 0.68027303 -0.642500958 0.352733784 0.68027303 -0.894898141 0.321239166 0.309778493 -0.894898141 0.321239166 0.309778493 -0.894898141 0.321239166 0.309778493 0.936691984 0.103308667 0.33456755 0.936691984 0.103308667 0.33456755 0.936691984 0.103308667 0.33456755 0.668574116 0.441133437 0.598673486 0.668574116 0.441133437 0.598673486 0.668574116 0.441133437 0.598673486 0.669304152 0.441088331 0.597890489 0.669304152 0.441088331 0.597890489 0.669304152 0.441088331 0.597890489 0.419310753 0.594511941 0.686100608 0.419310753 0.594511941 0.686100608 0.419310753 0.594511941 0.686100608 0.419087318 0.594524905 0.686225879 0.419087318 0.594524905 0.686225879 0.419087318 0.594524905 0.686225879 0.158671371 0.684964928 0.711088211 0.158671371 0.684964928 0.711088211 0.158671371 0.684964928 0.711088211 0.157664483 0.684894855 0.71137961 0.157664483 0.684894855 0.71137961 0.157664483 0.684894855 0.71137961 -0.105977124 0.722456791 0.683245954 -0.105977124 0.722456791 0.683245954 -0.105977124 0.722456791 0.683245954 -0.113915585 0.720668983 0.683856312 -0.113915585 0.720668983 0.683856312 -0.113915585 0.720668983 0.683856312 -0.136878064 0.721240411 0.679026262 -0.136878064 0.721240411 0.679026262 -0.136878064 0.721240411 0.679026262 -0.140282688 0.720212483 0.679422362 -0.140282688 0.720212483 0.679422362 -0.140282688 0.720212483 0.679422362 -0.147804487 0.720273585 0.67776087 -0.147804487 0.720273585 0.67776087 -0.147804487 0.720273585 0.67776087 -0.147226763 0.720484134 0.677662816 -0.147226763 0.720484134 0.677662816 -0.147226763 0.720484134 0.677662816 -0.147011602 0.720482862 0.677710878 -0.147011602 0.720482862 0.677710878 -0.147011602 0.720482862 0.677710878 -0.145748968 0.721008229 0.677424809 -0.145748968 0.721008229 0.677424809 -0.145748968 0.721008229 0.677424809 -0.13768235 0.720911805 0.679212588 -0.13768235 0.720911805 0.679212588 -0.13768235 0.720911805 0.679212588 -0.134276474 0.722472408 0.67823554 -0.134276474 0.722472408 0.67823554 -0.134276474 0.722472408 0.67823554 -0.124117894 0.722231255 0.680423958 -0.124117894 0.722231255 0.680423958 -0.124117894 0.722231255 0.680423958 -0.122583915 0.72298475 0.679901636 -0.122583915 0.72298475 0.679901636 -0.122583915 0.72298475 0.679901636 -0.107453763 0.722416361 0.683058043 -0.107453763 0.722416361 0.683058043 -0.107453763 0.722416361 0.683058043 -0.101741988 0.725356713 0.680812902 -0.101741988 0.725356713 0.680812902 -0.101741988 0.725356713 0.680812902 -0.0814770347 0.724148035 0.684814658 -0.0814770347 0.724148035 0.684814658 -0.0814770347 0.724148035 0.684814658 -0.0775647678 0.726198086 0.683095928 -0.0775647678 0.726198086 0.683095928 -0.0775647678 0.726198086 0.683095928 -0.0507759438 0.723904588 0.688029034 -0.0507759438 0.723904588 0.688029034 -0.0507759438 0.723904588 0.688029034 -0.0467155438 0.726010863 0.686094661 -0.0467155438 0.726010863 0.686094661 -0.0467155438 0.726010863 0.686094661 -0.00999820408 0.721598906 0.69223916 -0.00999820408 0.721598906 0.69223916 -0.00999820408 0.721598906 0.69223916 -0.00639085293 0.723454731 0.690342241 -0.00639085293 0.723454731 0.690342241 -0.00639085293 0.723454731 0.690342241 0.0165437376 0.719952318 0.693826322 0.0165437376 0.719952318 0.693826322 0.0165437376 0.719952318 0.693826322 0.0160352225 0.719667758 0.694133409 0.0160352225 0.719667758 0.694133409 0.0160352225 0.719667758 0.694133409 0.0354386629 0.716290783 0.696901438 0.0354386629 0.716290783 0.696901438 0.0354386629 0.716290783 0.696901438 0.0387691991 0.718319905 0.694631891 0.0387691991 0.718319905 0.694631891 0.0387691991 0.718319905 0.694631891 0.0537145609 0.715405912 0.696641319 0.0537145609 0.715405912 0.696641319 0.0537145609 0.715405912 0.696641319 0.0533978448 0.715195489 0.696881684 0.0533978448 0.715195489 0.696881684 0.0533978448 0.715195489 0.696881684 0.0651117505 0.712772105 0.698366943 0.0651117505 0.712772105 0.698366943 0.0651117505 0.712772105 0.698366943 0.0688958916 0.715507884 0.695199126 0.0688958916 0.715507884 0.695199126 0.0688958916 0.715507884 0.695199126 0.0788156542 0.713328077 0.696384339 0.0788156542 0.713328077 0.696384339 0.0788156542 0.713328077 0.696384339 0.0787220019 0.713254168 0.69647063 0.0787220019 0.713254168 0.69647063 0.0787220019 0.713254168 0.69647063 0.087617448 0.711219968 0.697487878 0.087617448 0.711219968 0.697487878 0.087617448 0.711219968 0.697487878 0.0830892255 0.707312308 0.702001054 0.0830892255 0.707312308 0.702001054 0.0830892255 0.707312308 0.702001054 0.0900727282 0.705684756 0.702777297 0.0900727282 0.705684756 0.702777297 0.0900727282 0.705684756 0.702777297 0.0942403614 0.709604803 0.698269129 0.0942403614 0.709604803 0.698269129 0.0942403614 0.709604803 0.698269129 0.0987448666 0.708536021 0.698731822 0.0987448666 0.708536021 0.698731822 0.0987448666 0.708536021 0.698731822 0.0961258223 0.70585513 0.701803649 0.0961258223 0.70585513 0.701803649 0.0961258223 0.70585513 0.701803649 0.0998932061 0.704959729 0.702177419 0.0998932061 0.704959729 0.702177419 0.0998932061 0.704959729 0.702177419 0.101782842 0.707078694 0.699771373 0.101782842 0.707078694 0.699771373 0.101782842 0.707078694 0.699771373 0.113713553 0.704195477 0.700840893 0.113713553 0.704195477 0.700840893 0.113713553 0.704195477 0.700840893 0.110841211 0.700529706 0.704962664 0.110841211 0.700529706 0.704962664 0.110841211 0.700529706 0.704962664 0.123306088 0.697472217 0.70592359 0.123306088 0.697472217 0.70592359 0.123306088 0.697472217 0.70592359 0.124777526 0.699595912 0.703559613 0.124777526 0.699595912 0.703559613 0.124777526 0.699595912 0.703559613 0.131365541 0.697932809 0.704011995 0.131365541 0.697932809 0.704011995 0.131365541 0.697932809 0.704011995 0.129847466 0.69551832 0.706678075 0.129847466 0.69551832 0.706678075 0.129847466 0.69551832 0.706678075 0.13681994 0.693693671 0.707155849 0.13681994 0.693693671 0.707155849 0.13681994 0.693693671 0.707155849 0.138611126 0.696784605 0.703760023 0.138611126 0.696784605 0.703760023 0.138611126 0.696784605 0.703760023 0.141613813 0.695995207 0.703943322 0.141613813 0.695995207 0.703943322 0.141613813 0.695995207 0.703943322 0.140543875 0.694024658 0.706099988 0.140543875 0.694024658 0.706099988 0.140543875 0.694024658 0.706099988 0.142997199 0.693402158 0.706218981 0.142997199 0.693402158 0.706218981 0.142997199 0.693402158 0.706218981 0.139732267 0.687024189 0.713072688 0.139732267 0.687024189 0.713072688 0.139732267 0.687024189 0.713072688 0.142370109 0.686324629 0.713224548 0.142370109 0.686324629 0.713224548 0.142370109 0.686324629 0.713224548 0.143953546 0.689567141 0.709770762 0.143953546 0.689567141 0.709770762 0.143953546 0.689567141 0.709770762 0.141406887 0.690225294 0.709642964 0.141406887 0.690225294 0.709642964 0.141406887 0.690225294 0.709642964 0.149411546 0.706786114 0.691469146 0.149411546 0.706786114 0.691469146 0.149411546 0.706786114 0.691469146 0.143051799 0.708435521 0.691126107 0.143051799 0.708435521 0.691126107 0.143051799 0.708435521 0.691126107 0.139131845 0.700361146 0.700097561 0.139131845 0.700361146 0.700097561 0.139131845 0.700361146 0.700097561 0.0670168245 0.716020173 0.694855277 0.0670168245 0.716020173 0.694855277 0.0670168245 0.716020173 0.694855277 0.0670137306 0.716019839 0.69485592 0.0670137306 0.716019839 0.69485592 0.0670137306 0.716019839 0.69485592 -0.248268221 0.737735628 0.62778104 -0.248268221 0.737735628 0.62778104 -0.248268221 0.737735628 0.62778104 -0.216730993 0.748666881 0.626518617 -0.216730993 0.748666881 0.626518617 -0.216730993 0.748666881 0.626518617 -0.501414467 0.709541885 0.495109932 -0.501414467 0.709541885 0.495109932 -0.501414467 0.709541885 0.495109932 -0.490406846 0.717680568 0.494404418 -0.490406846 0.717680568 0.494404418 -0.490406846 0.717680568 0.494404418 -0.833698097 0.516449798 0.19551749 -0.833698097 0.516449798 0.19551749 -0.833698097 0.516449798 0.19551749 0.964776474 0.186899467 0.185134938 0.964776474 0.186899467 0.185134938 0.964776474 0.186899467 0.185134938 0.731061242 0.629282554 0.263728892 0.731061242 0.629282554 0.263728892 0.731061242 0.629282554 0.263728892 0.731127157 0.629235232 0.263659065 0.731127157 0.629235232 0.263659065 0.731127157 0.629235232 0.263659065 0.494075263 0.823537053 0.278704785 0.494075263 0.823537053 0.278704785 0.494075263 0.823537053 0.278704785 0.495487812 0.822947088 0.277938697 0.495487812 0.822947088 0.277938697 0.495487812 0.822947088 0.277938697 0.242324562 0.932149604 0.269027736 0.242324562 0.932149604 0.269027736 0.242324562 0.932149604 0.269027736 0.242200961 0.932169205 0.269071122 0.242200961 0.932169205 0.269071122 0.242200961 0.932169205 0.269071122 -0.0275805899 0.970316993 0.240258704 -0.0275805899 0.970316993 0.240258704 -0.0275805899 0.970316993 0.240258704 -0.0315541701 0.969968245 0.241176154 -0.0315541701 0.969968245 0.241176154 -0.0315541701 0.969968245 0.241176154 -0.0570766337 0.969737449 0.23738479 -0.0570766337 0.969737449 0.23738479 -0.0570766337 0.969737449 0.23738479 -0.0580081944 0.969615316 0.237657715 -0.0580081944 0.969615316 0.237657715 -0.0580081944 0.969615316 0.237657715 -0.0660129077 0.96940625 0.236418737 -0.0660129077 0.96940625 0.236418737 -0.0660129077 0.96940625 0.236418737 -0.06720266 0.969217794 0.236855799 -0.06720266 0.969217794 0.236855799 -0.06720266 0.969217794 0.236855799 -0.0656488897 0.969265253 0.237097221 -0.0656488897 0.969265253 0.237097221 -0.0656488897 0.969265253 0.237097221 -0.0654807162 0.969294918 0.237022441 -0.0654807162 0.969294918 0.237022441 -0.0654807162 0.969294918 0.237022441 -0.0573230311 0.969507157 0.238264439 -0.0573230311 0.969507157 0.238264439 -0.0573230311 0.969507157 0.238264439 -0.0555500521 0.969837698 0.237337377 -0.0555500521 0.969837698 0.237337377 -0.0555500521 0.969837698 0.237337377 -0.0409681138 0.970027741 0.239515751 -0.0409681138 0.970027741 0.239515751 -0.0409681138 0.970027741 0.239515751 -0.0400523625 0.97020092 0.238968583 -0.0400523625 0.97020092 0.238968583 -0.0400523625 0.97020092 0.238968583 -0.0234760225 0.970161246 0.241321432 -0.0234760225 0.970161246 0.241321432 -0.0234760225 0.970161246 0.241321432 -0.022367092 0.970371193 0.240581506 -0.022367092 0.970371193 0.240581506 -0.022367092 0.970371193 0.240581506 0.00270494378 0.969780418 0.243964392 0.00270494378 0.969780418 0.243964392 0.00270494378 0.969780418 0.243964392 0.00529273094 0.97024349 0.242073456 0.00529273094 0.97024349 0.242073456 0.00529273094 0.97024349 0.242073456 0.0363333397 0.968600228 0.245954238 0.0363333397 0.968600228 0.245954238 0.0363333397 0.968600228 0.245954238 0.0372362269 0.968745425 0.245246335 0.0372362269 0.968745425 0.245246335 0.0372362269 0.968745425 0.245246335 0.0778131058 0.965159202 0.249825611 0.0778131058 0.965159202 0.249825611 0.0778131058 0.965159202 0.249825611 0.0810568991 0.965608154 0.247043866 0.0810568991 0.965608154 0.247043866 0.0810568991 0.965608154 0.247043866 0.107564132 0.96233568 0.249679787 0.107564132 0.96233568 0.249679787 0.107564132 0.96233568 0.249679787 0.107844788 0.962376005 0.249403142 0.107844788 0.962376005 0.249403142 0.107844788 0.962376005 0.249403142 0.128609773 0.959312619 0.251353983 0.128609773 0.959312619 0.251353983 0.128609773 0.959312619 0.251353983 0.128574486 0.959307037 0.251393339 0.128574486 0.959307037 0.251393339 0.128574486 0.959307037 0.251393339 0.146463986 0.95632996 0.252945266 0.146463986 0.95632996 0.252945266 0.146463986 0.95632996 0.252945266 0.146737188 0.95637862 0.252602717 0.146737188 0.95637862 0.252602717 0.146737188 0.95637862 0.252602717 0.158688983 0.954204375 0.253597749 0.158688983 0.954204375 0.253597749 0.158688983 0.954204375 0.253597749 0.159387334 0.95434616 0.252624395 0.159387334 0.95434616 0.252624395 0.159387334 0.95434616 0.252624395 0.172479108 0.951800645 0.253626672 0.172479108 0.951800645 0.253626672 0.172479108 0.951800645 0.253626672 0.171058832 0.951469004 0.255823399 0.171058832 0.951469004 0.255823399 0.171058832 0.951469004 0.255823399 0.17831757 0.949992235 0.256354437 0.17831757 0.949992235 0.256354437 0.17831757 0.949992235 0.256354437 0.180314819 0.950528735 0.252946021 0.180314819 0.950528735 0.252946021 0.180314819 0.950528735 0.252946021 0.18470909 0.949607395 0.253235756 0.18470909 0.949607395 0.253235756 0.18470909 0.949607395 0.253235756 0.182164833 0.948817441 0.257995033 0.182164833 0.948817441 0.257995033 0.182164833 0.948817441 0.257995033 0.186293526 0.947946434 0.258248487 0.186293526 0.947946434 0.258248487 0.186293526 0.947946434 0.258248487 0.189223996 0.948986335 0.252228499 0.189223996 0.948986335 0.252228499 0.189223996 0.948986335 0.252228499 0.189187346 0.948994201 0.252226395 0.189187346 0.948994201 0.252226395 0.189187346 0.948994201 0.252226395 0.188169527 0.948584412 0.254518844 0.188169527 0.948584412 0.254518844 0.188169527 0.948584412 0.254518844 0.200892042 0.945782239 0.255222146 0.200892042 0.945782239 0.255222146 0.200892042 0.945782239 0.255222146 0.19977565 0.945222253 0.25815612 0.19977565 0.945222253 0.25815612 0.19977565 0.945222253 0.25815612 0.209553441 0.942964364 0.258661099 0.209553441 0.942964364 0.258661099 0.209553441 0.942964364 0.258661099 0.209562623 0.942970011 0.258633071 0.209562623 0.942970011 0.258633071 0.209562623 0.942970011 0.258633071 0.216081707 0.94142697 0.258889851 0.216081707 0.94142697 0.258889851 0.216081707 0.94142697 0.258889851 0.216237806 0.941539763 0.258348767 0.216237806 0.941539763 0.258348767 0.216237806 0.941539763 0.258348767 0.221213532 0.940337109 0.258516334 0.221213532 0.940337109 0.258516334 0.221213532 0.940337109 0.258516334 0.221526374 0.940596719 0.257301141 0.221526374 0.940596719 0.257301141 0.221526374 0.940596719 0.257301141 0.224839217 0.939775808 0.257427188 0.224839217 0.939775808 0.257427188 0.224839217 0.939775808 0.257427188 0.226091833 0.940923716 0.252081424 0.226091833 0.940923716 0.252081424 0.226091833 0.940923716 0.252081424 0.229125905 0.940153279 0.252216437 0.229125905 0.940153279 0.252216437 0.229125905 0.940153279 0.252216437 0.225553538 0.936458887 0.268645408 0.225553538 0.936458887 0.268645408 0.225553538 0.936458887 0.268645408 0.226601256 0.936197375 0.268675168 0.226601256 0.936197375 0.268675168 0.226601256 0.936197375 0.268675168 0.226964637 0.936612397 0.266916225 0.226964637 0.936612397 0.266916225 0.226964637 0.936612397 0.266916225 0.22610111 0.936828532 0.266890594 0.22610111 0.936828532 0.266890594 0.22610111 0.936828532 0.266890594 0.226917537 0.937784297 0.262809901 0.226917537 0.937784297 0.262809901 0.226917537 0.937784297 0.262809901 0.222904177 0.938814632 0.26256583 0.222904177 0.938814632 0.26256583 0.222904177 0.938814632 0.26256583 0.222902912 0.938813144 0.262572222 0.222902912 0.938813144 0.262572222 0.222902912 0.938813144 0.262572222 0.0876124012 0.963779193 0.251900248 0.0876124012 0.963779193 0.251900248 0.0876124012 0.963779193 0.251900248 0.153937128 0.961170044 0.229031675 0.153937128 0.961170044 0.229031675 0.153937128 0.961170044 0.229031675 -0.0813373092 0.976087426 0.201587646 -0.0813373092 0.976087426 0.201587646 -0.0813373092 0.976087426 0.201587646 -0.216888045 0.943897571 0.249032028 -0.216888045 0.943897571 0.249032028 -0.216888045 0.943897571 0.249032028 -0.47642827 0.856328065 0.199294624 -0.47642827 0.856328065 0.199294624 -0.47642827 0.856328065 0.199294624 -0.421157787 0.89089633 0.170087763 -0.421157787 0.89089633 0.170087763 -0.421157787 0.89089633 0.170087763 -0.802619607 0.594531429 0.0483130039 -0.802619607 0.594531429 0.0483130039 -0.802619607 0.594531429 0.0483130039 0.982762331 0.184322238 0.0142658001 0.982762331 0.184322238 0.0142658001 0.982762331 0.184322238 0.0142658001 0.77239713 0.622948534 -0.12384586 0.77239713 0.622948534 -0.12384586 0.77239713 0.622948534 -0.12384586 0.772014108 0.623476551 -0.12357673 0.772014108 0.623476551 -0.12357673 0.772014108 0.623476551 -0.12357673 0.542398985 0.817536505 -0.193487479 0.542398985 0.817536505 -0.193487479 0.542398985 0.817536505 -0.193487479 0.543917298 0.816403901 -0.194006812 0.543917298 0.816403901 -0.194006812 0.543917298 0.816403901 -0.194006812 0.297947289 0.923742743 -0.240679781 0.297947289 0.923742743 -0.240679781 0.297947289 0.923742743 -0.240679781 0.296024169 0.924507778 -0.240114682 0.296024169 0.924507778 -0.240114682 0.296024169 0.924507778 -0.240114682 0.0253372984 0.962737199 -0.269249154 0.0253372984 0.962737199 -0.269249154 0.0253372984 0.962737199 -0.269249154 0.0224301815 0.963045865 -0.268401841 0.0224301815 0.963045865 -0.268401841 0.0224301815 0.963045865 -0.268401841 0.000292783515 0.962817032 -0.270154174 0.000292783515 0.962817032 -0.270154174 0.000292783515 0.962817032 -0.270154174 -8.80882073e-05 0.962856092 -0.270015069 -8.80882073e-05 0.962856092 -0.270015069 -8.80882073e-05 0.962856092 -0.270015069 -0.00604634746 0.96270177 -0.270497215 -0.00604634746 0.96270177 -0.270497215 -0.00604634746 0.96270177 -0.270497215 -0.00688625237 0.962801424 -0.270122189 -0.00688625237 0.962801424 -0.270122189 -0.00688625237 0.962801424 -0.270122189 -0.00734192467 0.962787824 -0.270158662 -0.00734192467 0.962787824 -0.270158662 -0.00734192467 0.962787824 -0.270158662 -0.00498290445 0.962451695 -0.27140727 -0.00498290445 0.962451695 -0.27140727 -0.00498290445 0.962451695 -0.27140727 0.00432684453 0.962662152 -0.270671127 0.00432684453 0.962662152 -0.270671127 0.00432684453 0.962662152 -0.270671127 0.00138716394 0.963175767 -0.268868961 0.00138716394 0.963175767 -0.268868961 0.00138716394 0.963175767 -0.268868961 0.0125945117 0.963326421 -0.268036536 0.0125945117 0.963326421 -0.268036536 0.0125945117 0.963326421 -0.268036536 0.0162309438 0.962563014 -0.27057162 0.0162309438 0.962563014 -0.27057162 0.0162309438 0.962563014 -0.27057162 0.0318386415 0.962485964 -0.26945699 0.0318386415 0.962485964 -0.26945699 0.0318386415 0.962485964 -0.26945699 0.031000415 0.962695779 -0.268804411 0.031000415 0.962695779 -0.268804411 0.031000415 0.962695779 -0.268804411 0.0533309706 0.962112695 -0.267385433 0.0533309706 0.962112695 -0.267385433 0.0533309706 0.962112695 -0.267385433 0.0544330279 0.96178824 -0.268328952 0.0544330279 0.96178824 -0.268328952 0.0544330279 0.96178824 -0.268328952 0.081660665 0.960300674 -0.266747354 0.081660665 0.960300674 -0.266747354 0.081660665 0.960300674 -0.266747354 0.0814205402 0.960382992 -0.266524303 0.0814205402 0.960382992 -0.266524303 0.0814205402 0.960382992 -0.266524303 0.116445427 0.957246756 -0.264800132 0.116445427 0.957246756 -0.264800132 0.116445427 0.957246756 -0.264800132 0.117996949 0.956615184 -0.266390896 0.117996949 0.956615184 -0.266390896 0.117996949 0.956615184 -0.266390896 0.142279926 0.953599591 -0.26533798 0.142279926 0.953599591 -0.26533798 0.142279926 0.953599591 -0.26533798 0.142891596 0.9533044 -0.266069002 0.142891596 0.9533044 -0.266069002 0.142891596 0.9533044 -0.266069002 0.161639369 0.950506911 -0.265347558 0.161639369 0.950506911 -0.265347558 0.161639369 0.950506911 -0.265347558 0.15999301 0.951419551 -0.263064773 0.15999301 0.951419551 -0.263064773 0.15999301 0.951419551 -0.263064773 0.175979651 0.948737226 -0.262543021 0.175979651 0.948737226 -0.262543021 0.175979651 0.948737226 -0.262543021 0.175637238 0.94895127 -0.261998181 0.175637238 0.94895127 -0.261998181 0.175637238 0.94895127 -0.261998181 0.186344871 0.947000131 -0.261660738 0.186344871 0.947000131 -0.261660738 0.186344871 0.947000131 -0.261660738 0.186018285 0.947228361 -0.261066333 0.186018285 0.947228361 -0.261066333 0.186018285 0.947228361 -0.261066333 0.196228329 0.945246839 -0.260773574 0.196228329 0.945246839 -0.260773574 0.196228329 0.945246839 -0.260773574 0.197240241 0.944452384 -0.262880166 0.197240241 0.944452384 -0.262880166 0.197240241 0.944452384 -0.262880166 0.202172811 0.943443076 -0.262757145 0.202172811 0.943443076 -0.262757145 0.202172811 0.943443076 -0.262757145 0.202017506 0.943578297 -0.262390786 0.202017506 0.943578297 -0.262390786 0.202017506 0.943578297 -0.262390786 0.206832457 0.942571693 -0.262257389 0.206832457 0.942571693 -0.262257389 0.206832457 0.942571693 -0.262257389 0.207045636 0.942365595 -0.262829202 0.207045636 0.942365595 -0.262829202 0.207045636 0.942365595 -0.262829202 0.208399245 0.942076759 -0.262794852 0.208399245 0.942076759 -0.262794852 0.208399245 0.942076759 -0.262794852 0.207280108 0.943266336 -0.259390779 0.207280108 0.943266336 -0.259390779 0.207280108 0.943266336 -0.259390779 0.208480307 0.943010603 -0.259358758 0.208480307 0.943010603 -0.259358758 0.208480307 0.943010603 -0.259358758 0.208779108 0.942661281 -0.26038624 0.208779108 0.942661281 -0.26038624 0.208779108 0.942661281 -0.26038624 0.217539249 0.940722032 -0.260228232 0.217539249 0.940722032 -0.260228232 0.217539249 0.940722032 -0.260228232 0.217507377 0.940768582 -0.260086553 0.217507377 0.940768582 -0.260086553 0.217507377 0.940768582 -0.260086553 0.223807786 0.939314805 -0.259995717 0.223807786 0.939314805 -0.259995717 0.223807786 0.939314805 -0.259995717 0.224440222 0.938141514 -0.263660929 0.224440222 0.938141514 -0.263660929 0.224440222 0.938141514 -0.263660929 0.230473378 0.936710008 -0.263545791 0.230473378 0.936710008 -0.263545791 0.230473378 0.936710008 -0.263545791 0.229862474 0.938133642 -0.258975893 0.229862474 0.938133642 -0.258975893 0.229862474 0.938133642 -0.258975893 0.233442193 0.9372607 -0.258934591 0.233442193 0.9372607 -0.258934591 0.233442193 0.9372607 -0.258934591 0.233323347 0.937606523 -0.257787166 0.233323347 0.937606523 -0.257787166 0.233323347 0.937606523 -0.257787166 0.236176607 0.936903406 -0.257745257 0.236176607 0.936903406 -0.257745257 0.236176607 0.936903406 -0.257745257 0.236310433 0.93640015 -0.25944583 0.236310433 0.93640015 -0.25944583 0.236310433 0.93640015 -0.25944583 0.238948543 0.935733752 -0.259433882 0.238948543 0.935733752 -0.259433882 0.238948543 0.935733752 -0.259433882 0.239019644 0.935387661 -0.260613761 0.239019644 0.935387661 -0.260613761 0.239019644 0.935387661 -0.260613761 0.238460126 0.935528887 -0.260619397 0.238460126 0.935528887 -0.260619397 0.238460126 0.935528887 -0.260619397 0.238264986 0.936671882 -0.25666239 0.238264986 0.936671882 -0.25666239 0.238264986 0.936671882 -0.25666239 0.236655999 0.937071979 -0.25669056 0.236655999 0.937071979 -0.25669056 0.236655999 0.937071979 -0.25669056 0.237465859 0.931146158 -0.276725132 0.237465859 0.931146158 -0.276725132 0.237465859 0.931146158 -0.276725132 0.233667833 0.932097541 -0.276755338 0.233667833 0.932097541 -0.276755338 0.233667833 0.932097541 -0.276755338 0.233832276 0.930722192 -0.281209294 0.233832276 0.930722192 -0.281209294 0.233832276 0.930722192 -0.281209294 0.171602453 0.943813493 -0.282433511 0.171602453 0.943813493 -0.282433511 0.171602453 0.943813493 -0.282433511 0.0877716635 0.965531156 -0.245042285 0.0877716635 0.965531156 -0.245042285 0.0877716635 0.965531156 -0.245042285 -0.119706478 0.964328074 -0.236096853 -0.119706478 0.964328074 -0.236096853 -0.119706478 0.964328074 -0.236096853 -0.0802112423 0.962574073 -0.258877018 -0.0802112423 0.962574073 -0.258877018 -0.0802112423 0.962574073 -0.258877018 -0.422869862 0.878955217 -0.220496727 -0.422869862 0.878955217 -0.220496727 -0.422869862 0.878955217 -0.220496727 -0.454205019 0.8705621 -0.189260219 -0.454205019 0.8705621 -0.189260219 -0.454205019 0.8705621 -0.189260219 -0.799680894 0.592354611 -0.0981146412 -0.799680894 0.592354611 -0.0981146412 -0.799680894 0.592354611 -0.0981146412 0.986192331 0.0962738912 -0.134744294 0.986192331 0.0962738912 -0.134744294 0.986192331 0.0962738912 -0.134744294 0.781028392 0.423620783 -0.45884647 0.781028392 0.423620783 -0.45884647 0.781028392 0.423620783 -0.45884647 0.779766093 0.425916556 -0.458868094 0.779766093 0.425916556 -0.458868094 0.779766093 0.425916556 -0.458868094 0.554750571 0.575035971 -0.601319746 0.554750571 0.575035971 -0.601319746 0.554750571 0.575035971 -0.601319746 0.553117189 0.57657609 -0.601349639 0.553117189 0.57657609 -0.601349639 0.553117189 0.57657609 -0.601349639 0.304853099 0.664945772 -0.681844344 0.304853099 0.664945772 -0.681844344 0.304853099 0.664945772 -0.681844344 0.30731103 0.663509738 -0.682139837 0.30731103 0.663509738 -0.682139837 0.30731103 0.663509738 -0.682139837 0.0344282629 0.702078512 -0.711266798 0.0344282629 0.702078512 -0.711266798 0.0344282629 0.702078512 -0.711266798 0.0358631403 0.701645296 -0.711623295 0.0358631403 0.701645296 -0.711623295 0.0358631403 0.701645296 -0.711623295 0.019915706 0.701999459 -0.711898956 0.019915706 0.701999459 -0.711898956 0.019915706 0.701999459 -0.711898956 0.0201439726 0.701919884 -0.711970994 0.0201439726 0.701919884 -0.711970994 0.0201439726 0.701919884 -0.711970994 0.0169463921 0.701953817 -0.712020828 0.0169463921 0.701953817 -0.712020828 0.0169463921 0.701953817 -0.712020828 0.0175106304 0.701720276 -0.712237343 0.0175106304 0.701720276 -0.712237343 0.0175106304 0.701720276 -0.712237343 0.0189024964 0.701705995 -0.712215833 0.0189024964 0.701705995 -0.712215833 0.0189024964 0.701705995 -0.712215833 0.0156786279 0.703268288 -0.710751642 0.0156786279 0.703268288 -0.710751642 0.0156786279 0.703268288 -0.710751642 0.0209832287 0.703192865 -0.710689454 0.0209832287 0.703192865 -0.710689454 0.0209832287 0.703192865 -0.710689454 0.0252979236 0.70075411 -0.712954201 0.0252979236 0.70075411 -0.712954201 0.0252979236 0.70075411 -0.712954201 0.0313235413 0.700592013 -0.712874229 0.0313235413 0.700592013 -0.712874229 0.0313235413 0.700592013 -0.712874229 0.0289825556 0.702112712 -0.711475755 0.0289825556 0.702112712 -0.711475755 0.0289825556 0.702112712 -0.711475755 0.0417524102 0.701584622 -0.711361901 0.0417524102 0.701584622 -0.711361901 0.0417524102 0.701584622 -0.711361901 0.0411992797 0.701994674 -0.71098952 0.0411992797 0.701994674 -0.71098952 0.0411992797 0.701994674 -0.71098952 0.0557405755 0.701101218 -0.710879786 0.0557405755 0.701101218 -0.710879786 0.0557405755 0.701101218 -0.710879786 0.0556265775 0.701196552 -0.710794681 0.0556265775 0.701196552 -0.710794681 0.0556265775 0.701196552 -0.710794681 0.0757073378 0.699399298 -0.710710223 0.0757073378 0.699399298 -0.710710223 0.0757073378 0.699399298 -0.710710223 0.0730125478 0.701938979 -0.708484889 0.0730125478 0.701938979 -0.708484889 0.0730125478 0.701938979 -0.708484889 0.0947658507 0.699271795 -0.708546674 0.0947658507 0.699271795 -0.708546674 0.0947658507 0.699271795 -0.708546674 0.0948436898 0.699188136 -0.708618815 0.0948436898 0.699188136 -0.708618815 0.0948436898 0.699188136 -0.708618815 0.112388962 0.696492744 -0.708707682 0.112388962 0.696492744 -0.708707682 0.112388962 0.696492744 -0.708707682 0.112118911 0.696839309 -0.708409718 0.112118911 0.696839309 -0.708409718 0.112118911 0.696839309 -0.708409718 0.122959607 0.694923235 -0.708493212 0.122959607 0.694923235 -0.708493212 0.122959607 0.694923235 -0.708493212 0.123601675 0.693943717 -0.709341063 0.123601675 0.693943717 -0.709341063 0.123601675 0.693943717 -0.709341063 0.133552634 0.692001853 -0.709434373 0.133552634 0.692001853 -0.709434373 0.133552634 0.692001853 -0.709434373 0.132919761 0.69313908 -0.708442343 0.132919761 0.69313908 -0.708442343 0.132919761 0.69313908 -0.708442343 0.13927052 0.691805667 -0.708525682 0.13927052 0.691805667 -0.708525682 0.13927052 0.691805667 -0.708525682 0.139303176 0.691736128 -0.708587154 0.139303176 0.691736128 -0.708587154 0.139303176 0.691736128 -0.708587154 0.147030023 0.690028865 -0.70869058 0.147030023 0.690028865 -0.70869058 0.147030023 0.690028865 -0.70869058 0.14591528 0.692840697 -0.706173138 0.14591528 0.692840697 -0.706173138 0.14591528 0.692840697 -0.706173138 0.149391991 0.692051782 -0.70621977 0.149391991 0.692051782 -0.70621977 0.149391991 0.692051782 -0.70621977 0.149990692 0.690256719 -0.707847762 0.149990692 0.690256719 -0.707847762 0.149990692 0.690256719 -0.707847762 0.152731927 0.689618092 -0.707884063 0.152731927 0.689618092 -0.707884063 0.152731927 0.689618092 -0.707884063 0.152524847 0.690368507 -0.707196928 0.152524847 0.690368507 -0.707196928 0.152524847 0.690368507 -0.707196928 0.154420598 0.68991902 -0.707224169 0.154420598 0.68991902 -0.707224169 0.154420598 0.68991902 -0.707224169 0.154029876 0.691606116 -0.705659817 0.154029876 0.691606116 -0.705659817 0.154029876 0.691606116 -0.705659817 0.15409916 0.691589818 -0.705660663 0.15409916 0.691589818 -0.705660663 0.15409916 0.691589818 -0.705660663 0.154513867 0.689359576 -0.707749136 0.154513867 0.689359576 -0.707749136 0.154513867 0.689359576 -0.707749136 0.159594013 0.688139232 -0.707809401 0.159594013 0.688139232 -0.707809401 0.159594013 0.688139232 -0.707809401 0.159445905 0.68950443 -0.706513018 0.159445905 0.68950443 -0.706513018 0.159445905 0.68950443 -0.706513018 0.164177069 0.688351066 -0.706554103 0.164177069 0.688351066 -0.706554103 0.164177069 0.688351066 -0.706554103 0.164152208 0.688942071 -0.705983622 0.164152208 0.688942071 -0.705983622 0.164152208 0.688942071 -0.705983622 0.168531553 0.687823809 -0.706042154 0.168531553 0.687823809 -0.706042154 0.168531553 0.687823809 -0.706042154 0.168501556 0.684838724 -0.708945095 0.168501556 0.684838724 -0.708945095 0.168501556 0.684838724 -0.708945095 0.1696999 0.684529737 -0.708957674 0.1696999 0.684529737 -0.708957674 0.1696999 0.684529737 -0.708957674 0.169731213 0.68515218 -0.708348647 0.169731213 0.68515218 -0.708348647 0.169731213 0.68515218 -0.708348647 0.171218356 0.684754688 -0.708375107 0.171218356 0.684754688 -0.708375107 0.171218356 0.684754688 -0.708375107 0.171462912 0.687685418 -0.705470932 0.171462912 0.687685418 -0.705470932 0.171462912 0.687685418 -0.705470932 0.17346232 0.687152344 -0.70550158 0.17346232 0.687152344 -0.70550158 0.17346232 0.687152344 -0.70550158 0.172781855 0.680655416 -0.711937241 0.172781855 0.680655416 -0.711937241 0.172781855 0.680655416 -0.711937241 0.17110341 0.681110568 -0.711907309 0.17110341 0.681110568 -0.711907309 0.17110341 0.681110568 -0.711907309 0.169828128 0.670893794 -0.721844806 0.169828128 0.670893794 -0.721844806 0.169828128 0.670893794 -0.721844806 0.170156377 0.670802686 -0.721852176 0.170156377 0.670802686 -0.721852176 0.170156377 0.670802686 -0.721852176 0.172636646 0.688905933 -0.703992332 0.172636646 0.688905933 -0.703992332 0.172636646 0.688905933 -0.703992332 0.171416097 0.689224573 -0.703978699 0.171416097 0.689224573 -0.703978699 0.171416097 0.689224573 -0.703978699 0.171777622 0.691944742 -0.701216744 0.171777622 0.691944742 -0.701216744 0.171777622 0.691944742 -0.701216744 0.1281258 0.70301057 -0.699542649 0.1281258 0.70301057 -0.699542649 0.1281258 0.70301057 -0.699542649 0.127850836 0.703179598 -0.69942306 0.127850836 0.703179598 -0.69942306 0.127850836 0.703179598 -0.69942306 -0.229278539 0.741555939 -0.630496741 -0.229278539 0.741555939 -0.630496741 -0.229278539 0.741555939 -0.630496741 -0.172127773 0.719123082 -0.673226576 -0.172127773 0.719123082 -0.673226576 -0.172127773 0.719123082 -0.673226576 -0.439979099 0.690932981 -0.573611374 -0.439979099 0.690932981 -0.573611374 -0.439979099 0.690932981 -0.573611374 -0.47405261 0.704892653 -0.527636685 -0.47405261 0.704892653 -0.527636685 -0.47405261 0.704892653 -0.527636685 -0.825124909 0.503837145 -0.25557194 -0.825124909 0.503837145 -0.25557194 -0.825124909 0.503837145 -0.25557194 0.974320368 -0.0510771627 -0.219296476 0.974320368 -0.0510771627 -0.219296476 0.974320368 -0.0510771627 -0.219296476 0.753139739 0.089825658 -0.651699228 0.753139739 0.089825658 -0.651699228 0.753139739 0.089825658 -0.651699228 0.753381176 0.0894022279 -0.651478354 0.753381176 0.0894022279 -0.651478354 0.753381176 0.0894022279 -0.651478354 0.521497775 0.165249047 -0.837097857 0.521497775 0.165249047 -0.837097857 0.521497775 0.165249047 -0.837097857 0.521965671 0.164820775 -0.836890644 0.521965671 0.164820775 -0.836890644 0.521965671 0.164820775 -0.836890644 0.268712392 0.220843489 -0.937561627 0.268712392 0.220843489 -0.937561627 0.268712392 0.220843489 -0.937561627 0.268860247 0.220745811 -0.937542242 0.268860247 0.220745811 -0.937542242 0.268860247 0.220745811 -0.937542242 -0.00102249324 0.259164539 -0.965832644 -0.00102249324 0.259164539 -0.965832644 -0.00102249324 0.259164539 -0.965832644 7.28976581e-05 0.258675438 -0.965964292 7.28976581e-05 0.258675438 -0.965964292 7.28976581e-05 0.258675438 -0.965964292 -0.00405537498 0.259012797 -0.965865376 -0.00405537498 0.259012797 -0.965865376 -0.00405537498 0.259012797 -0.965865376 -0.00273131425 0.25829048 -0.966063439 -0.00273131425 0.25829048 -0.966063439 -0.00273131425 0.25829048 -0.966063439 -0.00405011895 0.258388835 -0.966032508 -0.00405011895 0.258388835 -0.966032508 -0.00405011895 0.258388835 -0.966032508 -0.00236434015 0.257288281 -0.966331801 -0.00236434015 0.257288281 -0.966331801 -0.00236434015 0.257288281 -0.966331801 0.000451060141 0.257076704 -0.966390896 0.000451060141 0.257076704 -0.966390896 0.000451060141 0.257076704 -0.966390896 -0.000686500705 0.257950886 -0.966157787 -0.000686500705 0.257950886 -0.966157787 -0.000686500705 0.257950886 -0.966157787 -0.000446229049 0.257931399 -0.96616313 -0.000446229049 0.257931399 -0.96616313 -0.000446229049 0.257931399 -0.96616313 -0.00278374049 0.260009705 -0.965601991 -0.00278374049 0.260009705 -0.965601991 -0.00278374049 0.260009705 -0.965601991 0.00177914628 0.259599658 -0.965714685 0.00177914628 0.259599658 -0.965714685 0.00177914628 0.259599658 -0.965714685 0.0032255948 0.258122155 -0.966106903 0.0032255948 0.258122155 -0.966106903 0.0032255948 0.258122155 -0.966106903 0.00616948172 0.257817308 -0.966173987 0.00616948172 0.257817308 -0.966173987 0.00616948172 0.257817308 -0.966173987 0.00419264495 0.260116808 -0.965568055 0.00419264495 0.260116808 -0.965568055 0.00419264495 0.260116808 -0.965568055 0.0100020714 0.259406797 -0.965716352 0.0100020714 0.259406797 -0.965716352 0.0100020714 0.259406797 -0.965716352 0.0094871597 0.26008586 -0.965538885 0.0094871597 0.26008586 -0.965538885 0.0094871597 0.26008586 -0.965538885 0.0138264908 0.259448027 -0.965658091 0.0138264908 0.259448027 -0.965658091 0.0138264908 0.259448027 -0.965658091 0.0149022982 0.25784135 -0.966072337 0.0149022982 0.25784135 -0.966072337 0.0149022982 0.25784135 -0.966072337 0.0206887148 0.256814251 -0.966239317 0.0206887148 0.256814251 -0.966239317 0.0206887148 0.256814251 -0.966239317 0.0188011274 0.260033051 -0.965416661 0.0188011274 0.260033051 -0.965416661 0.0188011274 0.260033051 -0.965416661 0.0237516444 0.259015145 -0.965581179 0.0237516444 0.259015145 -0.965581179 0.0237516444 0.259015145 -0.965581179 0.0242455309 0.25799463 -0.965842081 0.0242455309 0.25799463 -0.965842081 0.0242455309 0.25799463 -0.965842081 0.0271738199 0.25733358 -0.965940481 0.0271738199 0.25733358 -0.965940481 0.0271738199 0.25733358 -0.965940481 0.0262373811 0.259694515 -0.965334325 0.0262373811 0.259694515 -0.965334325 0.0262373811 0.259694515 -0.965334325 0.0298289967 0.258825991 -0.965463276 0.0298289967 0.258825991 -0.965463276 0.0298289967 0.258825991 -0.965463276 0.0303932823 0.257082805 -0.965911321 0.0303932823 0.257082805 -0.965911321 0.0303932823 0.257082805 -0.965911321 0.0310071042 0.256927276 -0.965933194 0.0310071042 0.256927276 -0.965933194 0.0310071042 0.256927276 -0.965933194 0.0304792637 0.258968802 -0.965404669 0.0304792637 0.258968802 -0.965404669 0.0304792637 0.258968802 -0.965404669 0.0350492354 0.257768442 -0.965570806 0.0350492354 0.257768442 -0.965570806 0.0350492354 0.257768442 -0.965570806 0.0350008141 0.258004552 -0.9655095 0.0350008141 0.258004552 -0.9655095 0.0350008141 0.258004552 -0.9655095 0.0345331452 0.258129624 -0.96549291 0.0345331452 0.258129624 -0.96549291 0.0345331452 0.258129624 -0.96549291 0.0344878993 0.258417526 -0.965417509 0.0344878993 0.258417526 -0.965417509 0.0344878993 0.258417526 -0.965417509 0.0364523328 0.25788168 -0.965488615 0.0364523328 0.25788168 -0.965488615 0.0364523328 0.25788168 -0.965488615 0.0367132411 0.255630021 -0.966077342 0.0367132411 0.255630021 -0.966077342 0.0367132411 0.255630021 -0.966077342 0.0393059211 0.254924948 -0.966161641 0.0393059211 0.254924948 -0.966161641 0.0393059211 0.254924948 -0.966161641 0.0390803659 0.257723067 -0.965428167 0.0390803659 0.257723067 -0.965428167 0.0390803659 0.257723067 -0.965428167 0.0383298574 0.257929821 -0.96540304 0.0383298574 0.257929821 -0.96540304 0.0383298574 0.257929821 -0.96540304 0.0383996009 0.256509358 -0.96577866 0.0383996009 0.256509358 -0.96577866 0.0383996009 0.256509358 -0.96577866 0.0428691034 0.255309066 -0.96590865 0.0428691034 0.255309066 -0.96590865 0.0428691034 0.255309066 -0.96590865 0.0428655404 0.254836158 -0.966033684 0.0428655404 0.254836158 -0.966033684 0.0428655404 0.254836158 -0.966033684 0.0447469758 0.25431516 -0.966085663 0.0447469758 0.25431516 -0.966085663 0.0447469758 0.25431516 -0.966085663 0.0449354433 0.257600087 -0.965206196 0.0449354433 0.257600087 -0.965206196 0.0449354433 0.257600087 -0.965206196 0.0472390151 0.256950409 -0.965269373 0.0472390151 0.256950409 -0.965269373 0.0472390151 0.256950409 -0.965269373 0.0467826136 0.252169436 -0.966551583 0.0467826136 0.252169436 -0.966551583 0.0467826136 0.252169436 -0.966551583 0.0471851712 0.252057096 -0.966561317 0.0471851712 0.252057096 -0.966561317 0.0471851712 0.252057096 -0.966561317 0.0469688469 0.250314163 -0.967024688 0.0469688469 0.250314163 -0.967024688 0.0469688469 0.250314163 -0.967024688 0.0481957698 0.249971337 -0.967052997 0.0481957698 0.249971337 -0.967052997 0.0481957698 0.249971337 -0.967052997 0.0497243931 0.260262131 -0.964256765 0.0497243931 0.260262131 -0.964256765 0.0497243931 0.260262131 -0.964256765 0.0513839144 0.259800523 -0.96429424 0.0513839144 0.259800523 -0.96429424 0.0513839144 0.259800523 -0.96429424 0.0507618117 0.256077726 -0.965322452 0.0507618117 0.256077726 -0.965322452 0.0507618117 0.256077726 -0.965322452 0.0486489541 0.256656716 -0.965277478 0.0486489541 0.256656716 -0.965277478 0.0486489541 0.256656716 -0.965277478 0.0479118823 0.252580826 -0.966388834 0.0479118823 0.252580826 -0.966388834 0.0479118823 0.252580826 -0.966388834 0.050405227 0.251908554 -0.966437475 0.050405227 0.251908554 -0.966437475 0.050405227 0.251908554 -0.966437475 0.0527475208 0.264267801 -0.96300583 0.0527475208 0.264267801 -0.96300583 0.0527475208 0.264267801 -0.96300583 0.052550395 0.264323703 -0.963001265 0.052550395 0.264323703 -0.963001265 0.052550395 0.264323703 -0.963001265 0.054621064 0.27547452 -0.959755348 0.054621064 0.27547452 -0.959755348 0.054621064 0.27547452 -0.959755348 -0.0940359644 0.315952879 -0.944103287 -0.0940359644 0.315952879 -0.944103287 -0.0940359644 0.315952879 -0.944103287 -0.0178331246 0.256734448 -0.966317444 -0.0178331246 0.256734448 -0.966317444 -0.0178331246 0.256734448 -0.966317444 -0.25085313 0.305095537 -0.918688968 -0.25085313 0.305095537 -0.918688968 -0.25085313 0.305095537 -0.918688968 -0.318988491 0.358861079 -0.87719158 -0.318988491 0.358861079 -0.87719158 -0.318988491 0.358861079 -0.87719158 -0.55995723 0.38766732 -0.732230803 -0.55995723 0.38766732 -0.732230803 -0.55995723 0.38766732 -0.732230803 -0.538270008 0.358844017 -0.762559092 -0.538270008 0.358844017 -0.762559092 -0.538270008 0.358844017 -0.762559092 -0.868643001 0.35725733 -0.343258703 -0.868643001 0.35725733 -0.343258703 -0.868643001 0.35725733 -0.343258703 0.949992683 -0.22236878 -0.219239659 0.949992683 -0.22236878 -0.219239659 0.949992683 -0.22236878 -0.219239659 0.698431843 -0.295995543 -0.651597728 0.698431843 -0.295995543 -0.651597728 0.698431843 -0.295995543 -0.651597728 0.698101591 -0.295621968 -0.652121017 0.698101591 -0.295621968 -0.652121017 0.698101591 -0.295621968 -0.652121017 0.454855058 -0.303817799 -0.83713895 0.454855058 -0.303817799 -0.83713895 0.454855058 -0.303817799 -0.83713895 0.455473291 -0.304218833 -0.836657028 0.455473291 -0.304218833 -0.836657028 0.455473291 -0.304218833 -0.836657028 0.196507827 -0.287303895 -0.937465277 0.196507827 -0.287303895 -0.937465277 0.196507827 -0.287303895 -0.937465277 0.19592761 -0.286962587 -0.937691231 0.19592761 -0.286962587 -0.937691231 0.19592761 -0.286962587 -0.937691231 -0.0752541339 -0.248369772 -0.965737683 -0.0752541339 -0.248369772 -0.965737683 -0.0752541339 -0.248369772 -0.965737683 -0.0725693989 -0.249750468 -0.965587068 -0.0725693989 -0.249750468 -0.965587068 -0.0725693989 -0.249750468 -0.965587068 -0.0645420298 -0.251035638 -0.965823708 -0.0645420298 -0.251035638 -0.965823708 -0.0645420298 -0.251035638 -0.965823708 -0.0654188888 -0.250476737 -0.965909816 -0.0654188888 -0.250476737 -0.965909816 -0.0654188888 -0.250476737 -0.965909816 -0.058503764 -0.251514869 -0.96608363 -0.058503764 -0.251514869 -0.96608363 -0.058503764 -0.251514869 -0.96608363 -0.0600645751 -0.250328705 -0.96629591 -0.0600645751 -0.250328705 -0.96629591 -0.0600645751 -0.250328705 -0.96629591 -0.0581745269 -0.250612485 -0.966337988 -0.0581745269 -0.250612485 -0.966337988 -0.0581745269 -0.250612485 -0.966337988 -0.0572644966 -0.251424663 -0.966181358 -0.0572644966 -0.251424663 -0.966181358 -0.0572644966 -0.251424663 -0.966181358 -0.0624252851 -0.250629672 -0.966068244 -0.0624252851 -0.250629672 -0.966068244 -0.0624252851 -0.250629672 -0.966068244 -0.0612979776 -0.251789774 -0.965838738 -0.0612979776 -0.251789774 -0.965838738 -0.0612979776 -0.251789774 -0.965838738 -0.0619981536 -0.251675774 -0.965823759 -0.0619981536 -0.251675774 -0.965823759 -0.0619981536 -0.251675774 -0.965823759 -0.0639516655 -0.249367883 -0.966294905 -0.0639516655 -0.249367883 -0.966294905 -0.0639516655 -0.249367883 -0.966294905 -0.0688306833 -0.248507941 -0.966181215 -0.0688306833 -0.248507941 -0.966181215 -0.0688306833 -0.248507941 -0.966181215 -0.066681491 -0.251403484 -0.965582657 -0.066681491 -0.251403484 -0.965582657 -0.066681491 -0.251403484 -0.965582657 -0.072243386 -0.250339246 -0.965459038 -0.072243386 -0.250339246 -0.965459038 -0.072243386 -0.250339246 -0.965459038 -0.0733465617 -0.248658003 -0.965810271 -0.0733465617 -0.248658003 -0.965810271 -0.0733465617 -0.248658003 -0.965810271 -0.0797812366 -0.247300689 -0.965648654 -0.0797812366 -0.247300689 -0.965648654 -0.0797812366 -0.247300689 -0.965648654 -0.0812922168 -0.244693921 -0.966186556 -0.0812922168 -0.244693921 -0.966186556 -0.0812922168 -0.244693921 -0.966186556 -0.089379882 -0.242760581 -0.965959904 -0.089379882 -0.242760581 -0.965959904 -0.089379882 -0.242760581 -0.965959904 -0.0892252616 -0.243062534 -0.965898264 -0.0892252616 -0.243062534 -0.965898264 -0.0892252616 -0.243062534 -0.965898264 -0.0964879667 -0.24115413 -0.965678393 -0.0964879667 -0.24115413 -0.965678393 -0.0964879667 -0.24115413 -0.965678393 -0.0970564561 -0.239815297 -0.965954796 -0.0970564561 -0.239815297 -0.965954796 -0.0970564561 -0.239815297 -0.965954796 -0.10234493 -0.238325686 -0.965777605 -0.10234493 -0.238325686 -0.965777605 -0.10234493 -0.238325686 -0.965777605 -0.10205279 -0.239165757 -0.965600833 -0.10205279 -0.239165757 -0.965600833 -0.10205279 -0.239165757 -0.965600833 -0.105213039 -0.238235618 -0.965491588 -0.105213039 -0.238235618 -0.965491588 -0.105213039 -0.238235618 -0.965491588 -0.105629141 -0.236749817 -0.96581158 -0.105629141 -0.236749817 -0.96581158 -0.105629141 -0.236749817 -0.96581158 -0.109600934 -0.235531697 -0.965666845 -0.109600934 -0.235531697 -0.965666845 -0.109600934 -0.235531697 -0.965666845 -0.109442555 -0.236249162 -0.965509534 -0.109442555 -0.236249162 -0.965509534 -0.109442555 -0.236249162 -0.965509534 -0.108934271 -0.236408897 -0.965527917 -0.108934271 -0.236408897 -0.965527917 -0.108934271 -0.236408897 -0.965527917 -0.108702668 -0.237766565 -0.965220592 -0.108702668 -0.237766565 -0.965220592 -0.108702668 -0.237766565 -0.965220592 -0.110901295 -0.237065866 -0.965142828 -0.110901295 -0.237065866 -0.965142828 -0.110901295 -0.237065866 -0.965142828 -0.110993713 -0.236334516 -0.965311552 -0.110993713 -0.236334516 -0.965311552 -0.110993713 -0.236334516 -0.965311552 -0.108703182 -0.237069923 -0.965391874 -0.108703182 -0.237069923 -0.965391874 -0.108703182 -0.237069923 -0.965391874 -0.108844084 -0.235482393 -0.965764468 -0.108844084 -0.235482393 -0.965764468 -0.108844084 -0.235482393 -0.965764468 -0.105897364 -0.236414321 -0.965864389 -0.105897364 -0.236414321 -0.965864389 -0.105897364 -0.236414321 -0.965864389 -0.105840786 -0.237423379 -0.965623046 -0.105840786 -0.237423379 -0.965623046 -0.105840786 -0.237423379 -0.965623046 -0.105042108 -0.237668457 -0.965649968 -0.105042108 -0.237668457 -0.965649968 -0.105042108 -0.237668457 -0.965649968 -0.105003805 -0.239111402 -0.96529785 -0.105003805 -0.239111402 -0.96529785 -0.105003805 -0.239111402 -0.96529785 -0.101156154 -0.240306043 -0.965412056 -0.101156154 -0.240306043 -0.965412056 -0.101156154 -0.240306043 -0.965412056 -0.101057005 -0.236711163 -0.966310151 -0.101057005 -0.236711163 -0.966310151 -0.101057005 -0.236711163 -0.966310151 -0.100760546 -0.236802699 -0.966318681 -0.100760546 -0.236802699 -0.966318681 -0.100760546 -0.236802699 -0.966318681 -0.101184525 -0.242525454 -0.964853925 -0.101184525 -0.242525454 -0.964853925 -0.101184525 -0.242525454 -0.964853925 -0.100138458 -0.242849096 -0.964881654 -0.100138458 -0.242849096 -0.964881654 -0.100138458 -0.242849096 -0.964881654 -0.0992795858 -0.235081875 -0.966891967 -0.0992795858 -0.235081875 -0.966891967 -0.0992795858 -0.235081875 -0.966891967 -0.0978916439 -0.235518616 -0.966927199 -0.0978916439 -0.235518616 -0.966927199 -0.0978916439 -0.235518616 -0.966927199 -0.09814399 -0.237344569 -0.966455024 -0.09814399 -0.237344569 -0.966455024 -0.09814399 -0.237344569 -0.966455024 -0.0991633796 -0.237028732 -0.966428479 -0.0991633796 -0.237028732 -0.966428479 -0.0991633796 -0.237028732 -0.966428479 -0.100483204 -0.245196591 -0.964251916 -0.100483204 -0.245196591 -0.964251916 -0.100483204 -0.245196591 -0.964251916 -0.0996276931 -0.245460762 -0.964273476 -0.0996276931 -0.245460762 -0.964273476 -0.0996276931 -0.245460762 -0.964273476 -0.0977226912 -0.234824357 -0.967113125 -0.0977226912 -0.234824357 -0.967113125 -0.0977226912 -0.234824357 -0.967113125 -0.0984755369 -0.234583268 -0.967095269 -0.0984755369 -0.234583268 -0.967095269 -0.0984755369 -0.234583268 -0.967095269 -0.099378888 -0.239291358 -0.965848582 -0.099378888 -0.239291358 -0.965848582 -0.099378888 -0.239291358 -0.965848582 -0.098546164 -0.239573288 -0.965864014 -0.098546164 -0.239573288 -0.965864014 -0.098546164 -0.239573288 -0.965864014 -0.100132334 -0.24748257 -0.963704256 -0.100132334 -0.24748257 -0.963704256 -0.100132334 -0.24748257 -0.963704256 -0.101557085 -0.247014542 -0.963675243 -0.101557085 -0.247014542 -0.963675243 -0.101557085 -0.247014542 -0.963675243 -0.104240067 -0.260402172 -0.959856613 -0.104240067 -0.260402172 -0.959856613 -0.104240067 -0.260402172 -0.959856613 -0.167623788 -0.239995627 -0.95619264 -0.167623788 -0.239995627 -0.95619264 -0.167623788 -0.239995627 -0.95619264 -0.243263799 -0.174852989 -0.954069786 -0.243263799 -0.174852989 -0.954069786 -0.243263799 -0.174852989 -0.954069786 -0.423401321 -0.105856387 -0.899736488 -0.423401321 -0.105856387 -0.899736488 -0.423401321 -0.105856387 -0.899736488 -0.375777669 -0.161051584 -0.912608093 -0.375777669 -0.161051584 -0.912608093 -0.375777669 -0.161051584 -0.912608093 -0.67382997 -0.0194462092 -0.7386305 -0.67382997 -0.0194462092 -0.7386305 -0.67382997 -0.0194462092 -0.7386305 -0.67507279 -0.0166476149 -0.737563276 -0.67507279 -0.0166476149 -0.737563276 -0.67507279 -0.0166476149 -0.737563276 -0.927732978 0.157136382 -0.338555282 -0.927732978 0.157136382 -0.338555282 -0.927732978 0.157136382 -0.338555282 0.920263478 -0.367524106 -0.134317397 0.920263478 -0.367524106 -0.134317397 0.920263478 -0.367524106 -0.134317397 0.629696911 -0.625996873 -0.460010561 0.629696911 -0.625996873 -0.460010561 0.629696911 -0.625996873 -0.460010561 0.630652874 -0.626240454 -0.458366497 0.630652874 -0.626240454 -0.458366497 0.630652874 -0.626240454 -0.458366497 0.37232551 -0.706788255 -0.601518144 0.37232551 -0.706788255 -0.601518144 0.37232551 -0.706788255 -0.601518144 0.372495446 -0.706829695 -0.60136422 0.372495446 -0.706829695 -0.60136422 0.372495446 -0.706829695 -0.60136422 0.107479055 -0.722788755 -0.682659995 0.107479055 -0.722788755 -0.682659995 0.107479055 -0.722788755 -0.682659995 0.106795105 -0.722522901 -0.683048654 0.106795105 -0.722522901 -0.683048654 0.106795105 -0.722522901 -0.683048654 -0.16576256 -0.68287172 -0.711483653 -0.16576256 -0.68287172 -0.711483653 -0.16576256 -0.68287172 -0.711483653 -0.166585874 -0.682464277 -0.711682272 -0.166585874 -0.682464277 -0.711682272 -0.166585874 -0.682464277 -0.711682272 -0.145875619 -0.687269689 -0.711604299 -0.145875619 -0.687269689 -0.711604299 -0.145875619 -0.687269689 -0.711604299 -0.147460605 -0.686336219 -0.712178323 -0.147460605 -0.686336219 -0.712178323 -0.147460605 -0.686336219 -0.712178323 -0.13712698 -0.688617055 -0.712041251 -0.13712698 -0.688617055 -0.712041251 -0.13712698 -0.688617055 -0.712041251 -0.136400039 -0.68911381 -0.711700208 -0.136400039 -0.68911381 -0.711700208 -0.136400039 -0.68911381 -0.711700208 -0.140451608 -0.688235711 -0.711761865 -0.140451608 -0.688235711 -0.711761865 -0.140451608 -0.688235711 -0.711761865 -0.138877788 -0.689479432 -0.710866424 -0.138877788 -0.689479432 -0.710866424 -0.138877788 -0.689479432 -0.710866424 -0.140686265 -0.689081925 -0.710896248 -0.140686265 -0.689081925 -0.710896248 -0.140686265 -0.689081925 -0.710896248 -0.142332244 -0.687603836 -0.711998945 -0.142332244 -0.687603836 -0.711998945 -0.142332244 -0.687603836 -0.711998945 -0.149475966 -0.685976375 -0.712104871 -0.149475966 -0.685976375 -0.712104871 -0.149475966 -0.685976375 -0.712104871 -0.146986178 -0.688514554 -0.710170946 -0.146986178 -0.688514554 -0.710170946 -0.146986178 -0.688514554 -0.710170946 -0.15728633 -0.686082226 -0.710318372 -0.15728633 -0.686082226 -0.710318372 -0.15728633 -0.686082226 -0.710318372 -0.158661756 -0.684514128 -0.711524318 -0.158661756 -0.684514128 -0.711524318 -0.158661756 -0.684514128 -0.711524318 -0.168802735 -0.68198901 -0.711615505 -0.168802735 -0.68198901 -0.711615505 -0.168802735 -0.68198901 -0.711615505 -0.167205238 -0.684024374 -0.710037368 -0.167205238 -0.684024374 -0.710037368 -0.167205238 -0.684024374 -0.710037368 -0.185171269 -0.679225528 -0.71018609 -0.185171269 -0.679225528 -0.71018609 -0.185171269 -0.679225528 -0.71018609 -0.184394253 -0.68032458 -0.709335764 -0.184394253 -0.68032458 -0.709335764 -0.184394253 -0.68032458 -0.709335764 -0.203094486 -0.674949163 -0.709363275 -0.203094486 -0.674949163 -0.709363275 -0.203094486 -0.674949163 -0.709363275 -0.203003436 -0.67509125 -0.709254121 -0.203003436 -0.67509125 -0.709254121 -0.203003436 -0.67509125 -0.709254121 -0.21873995 -0.67017387 -0.709238901 -0.21873995 -0.67017387 -0.709238901 -0.21873995 -0.67017387 -0.709238901 -0.219133731 -0.669453078 -0.709797847 -0.219133731 -0.669453078 -0.709797847 -0.219133731 -0.669453078 -0.709797847 -0.229800241 -0.665914234 -0.709753537 -0.229800241 -0.665914234 -0.709753537 -0.229800241 -0.665914234 -0.709753537 -0.22962565 -0.666288969 -0.709458294 -0.22962565 -0.666288969 -0.709458294 -0.22962565 -0.666288969 -0.709458294 -0.238786991 -0.663134087 -0.709389847 -0.238786991 -0.663134087 -0.709389847 -0.238786991 -0.663134087 -0.709389847 -0.238298203 -0.664379887 -0.70838784 -0.238298203 -0.664379887 -0.70838784 -0.238298203 -0.664379887 -0.70838784 -0.24435827 -0.662246852 -0.708320649 -0.24435827 -0.662246852 -0.708320649 -0.24435827 -0.662246852 -0.708320649 -0.244649973 -0.661360588 -0.709047645 -0.244649973 -0.661360588 -0.709047645 -0.244649973 -0.661360588 -0.709047645 -0.247278553 -0.6604186 -0.709013814 -0.247278553 -0.6604186 -0.709013814 -0.247278553 -0.6604186 -0.709013814 -0.246836852 -0.662039794 -0.707654492 -0.246836852 -0.662039794 -0.707654492 -0.246836852 -0.662039794 -0.707654492 -0.246742783 -0.662073693 -0.707655583 -0.246742783 -0.662073693 -0.707655583 -0.246742783 -0.662073693 -0.707655583 -0.247274297 -0.659696679 -0.709687054 -0.247274297 -0.659696679 -0.709687054 -0.247274297 -0.659696679 -0.709687054 -0.24743283 -0.659639827 -0.709684643 -0.24743283 -0.659639827 -0.709684643 -0.24743283 -0.659639827 -0.709684643 -0.246576564 -0.664472461 -0.705461797 -0.246576564 -0.664472461 -0.705461797 -0.246576564 -0.664472461 -0.705461797 -0.243366542 -0.665619773 -0.705494893 -0.243366542 -0.665619773 -0.705494893 -0.243366542 -0.665619773 -0.705494893 -0.243371131 -0.665587236 -0.705524007 -0.243371131 -0.665587236 -0.705524007 -0.243371131 -0.665587236 -0.705524007 -0.237927856 -0.667501015 -0.705572626 -0.237927856 -0.667501015 -0.705572626 -0.237927856 -0.667501015 -0.705572626 -0.238524069 -0.661609343 -0.710900377 -0.238524069 -0.661609343 -0.710900377 -0.238524069 -0.661609343 -0.710900377 -0.234765917 -0.662887708 -0.710960513 -0.234765917 -0.662887708 -0.710960513 -0.234765917 -0.662887708 -0.710960513 -0.234597693 -0.66740521 -0.70677734 -0.234597693 -0.66740521 -0.70677734 -0.234597693 -0.66740521 -0.70677734 -0.234475059 -0.667447425 -0.70677817 -0.234475059 -0.667447425 -0.70677817 -0.234475059 -0.667447425 -0.70677817 -0.234389639 -0.663101908 -0.71088491 -0.234389639 -0.663101908 -0.71088491 -0.234389639 -0.663101908 -0.71088491 -0.232811384 -0.66363233 -0.710908566 -0.232811384 -0.66363233 -0.710908566 -0.232811384 -0.66363233 -0.710908566 -0.232992083 -0.666357273 -0.708295612 -0.232992083 -0.666357273 -0.708295612 -0.232992083 -0.666357273 -0.708295612 -0.233431284 -0.666210595 -0.70828898 -0.233431284 -0.666210595 -0.70828898 -0.233431284 -0.666210595 -0.70828898 -0.233642102 -0.668303003 -0.706245329 -0.233642102 -0.668303003 -0.706245329 -0.233642102 -0.668303003 -0.706245329 -0.233682914 -0.66828919 -0.706244897 -0.233682914 -0.66828919 -0.706244897 -0.233682914 -0.66828919 -0.706244897 -0.233218927 -0.66464223 -0.709830711 -0.233218927 -0.66464223 -0.709830711 -0.233218927 -0.66464223 -0.709830711 -0.232349041 -0.664936239 -0.709840631 -0.232349041 -0.664936239 -0.709840631 -0.232349041 -0.664936239 -0.709840631 -0.232923286 -0.668715206 -0.706092569 -0.232923286 -0.668715206 -0.706092569 -0.232923286 -0.668715206 -0.706092569 -0.233939961 -0.668372858 -0.706080602 -0.233939961 -0.668372858 -0.706080602 -0.233939961 -0.668372858 -0.706080602 -0.233080619 -0.66330663 -0.711124279 -0.233080619 -0.66330663 -0.711124279 -0.233080619 -0.66330663 -0.711124279 -0.231489178 -0.66383157 -0.711154278 -0.231489178 -0.66383157 -0.711154278 -0.231489178 -0.66383157 -0.711154278 -0.232005721 -0.666686676 -0.70830941 -0.232005721 -0.666686676 -0.70830941 -0.232005721 -0.666686676 -0.70830941 -0.235209365 -0.665615731 -0.708260018 -0.235209365 -0.665615731 -0.708260018 -0.235209365 -0.665615731 -0.708260018 -0.236515558 -0.672737944 -0.701059234 -0.236515558 -0.672737944 -0.701059234 -0.236515558 -0.672737944 -0.701059234 -0.243761937 -0.670375084 -0.70084047 -0.243761937 -0.670375084 -0.70084047 -0.243761937 -0.670375084 -0.70084047 -0.266791592 -0.653029592 -0.708783887 -0.266791592 -0.653029592 -0.708783887 -0.266791592 -0.653029592 -0.708783887 -0.543195545 -0.507201325 -0.66909298 -0.543195545 -0.507201325 -0.66909298 -0.543195545 -0.507201325 -0.66909298 -0.559790699 -0.485160564 -0.671754123 -0.559790699 -0.485160564 -0.671754123 -0.559790699 -0.485160564 -0.671754123 -0.781565156 -0.291181309 -0.551696793 -0.781565156 -0.291181309 -0.551696793 -0.781565156 -0.291181309 -0.551696793 -0.77208855 -0.318922264 -0.549697972 -0.77208855 -0.318922264 -0.549697972 -0.77208855 -0.318922264 -0.549697972 -0.960382908 0.0501677939 -0.274131105 -0.960382908 0.0501677939 -0.274131105 -0.960382908 0.0501677939 -0.274131105 0.892192372 -0.451393256 0.0153915397 0.892192372 -0.451393256 0.0153915397 0.892192372 -0.451393256 0.0153915397 0.566543812 -0.814714368 -0.123566204 0.566543812 -0.814714368 -0.123566204 0.566543812 -0.814714368 -0.123566204 0.567209931 -0.814389752 -0.122646751 0.567209931 -0.814389752 -0.122646751 0.567209931 -0.814389752 -0.122646751 0.297410686 -0.935321191 -0.191627644 0.297410686 -0.935321191 -0.191627644 0.297410686 -0.935321191 -0.191627644 0.295458747 -0.935619515 -0.193184503 0.295458747 -0.935619515 -0.193184503 0.295458747 -0.935619515 -0.193184503 0.0253122404 -0.970381468 -0.240247989 0.0253122404 -0.970381468 -0.240247989 0.0253122404 -0.970381468 -0.240247989 0.0246946267 -0.970303861 -0.24062542 0.0246946267 -0.970303861 -0.24062542 0.0246946267 -0.970303861 -0.24062542 -0.249206664 -0.93006559 -0.269951916 -0.249206664 -0.93006559 -0.269951916 -0.249206664 -0.93006559 -0.269951916 -0.255365142 -0.927671601 -0.272422548 -0.255365142 -0.927671601 -0.272422548 -0.255365142 -0.927671601 -0.272422548 -0.223387881 -0.936587034 -0.270004781 -0.223387881 -0.936587034 -0.270004781 -0.223387881 -0.936587034 -0.270004781 -0.227633315 -0.934870192 -0.272398235 -0.227633315 -0.934870192 -0.272398235 -0.227633315 -0.934870192 -0.272398235 -0.219372489 -0.937033552 -0.27174222 -0.219372489 -0.937033552 -0.27174222 -0.219372489 -0.937033552 -0.27174222 -0.217455712 -0.937870718 -0.270391437 -0.217455712 -0.937870718 -0.270391437 -0.217455712 -0.937870718 -0.270391437 -0.220190973 -0.937167576 -0.270615724 -0.220190973 -0.937167576 -0.270615724 -0.220190973 -0.937167576 -0.270615724 -0.219991697 -0.93726274 -0.270448164 -0.219991697 -0.93726274 -0.270448164 -0.219991697 -0.93726274 -0.270448164 -0.222853944 -0.936520436 -0.270676177 -0.222853944 -0.936520436 -0.270676177 -0.222853944 -0.936520436 -0.270676177 -0.221129858 -0.937412321 -0.268997635 -0.221129858 -0.937412321 -0.268997635 -0.221129858 -0.937412321 -0.268997635 -0.229701471 -0.935153297 -0.269676742 -0.229701471 -0.935153297 -0.269676742 -0.229701471 -0.935153297 -0.269676742 -0.230145858 -0.93490285 -0.270165774 -0.230145858 -0.93490285 -0.270165774 -0.230145858 -0.93490285 -0.270165774 -0.242346344 -0.931555555 -0.271058108 -0.242346344 -0.931555555 -0.271058108 -0.242346344 -0.931555555 -0.271058108 -0.238149423 -0.934118097 -0.265910199 -0.238149423 -0.934118097 -0.265910199 -0.238149423 -0.934118097 -0.265910199 -0.253414571 -0.929776844 -0.267013249 -0.253414571 -0.929776844 -0.267013249 -0.253414571 -0.929776844 -0.267013249 -0.252429343 -0.930424683 -0.265686536 -0.252429343 -0.930424683 -0.265686536 -0.252429343 -0.930424683 -0.265686536 -0.270969111 -0.924869071 -0.266820055 -0.270969111 -0.924869071 -0.266820055 -0.270969111 -0.924869071 -0.266820055 -0.269842936 -0.925664798 -0.265197043 -0.269842936 -0.925664798 -0.265197043 -0.269842936 -0.925664798 -0.265197043 -0.291496791 -0.918729934 -0.266392434 -0.291496791 -0.918729934 -0.266392434 -0.291496791 -0.918729934 -0.266392434 -0.289798246 -0.920019588 -0.263781983 -0.289798246 -0.920019588 -0.263781983 -0.289798246 -0.920019588 -0.263781983 -0.309951157 -0.913141708 -0.264768768 -0.309951157 -0.913141708 -0.264768768 -0.309951157 -0.913141708 -0.264768768 -0.309326122 -0.913666147 -0.263688306 -0.309326122 -0.913666147 -0.263688306 -0.309326122 -0.913666147 -0.263688306 -0.324102313 -0.908349225 -0.264309244 -0.324102313 -0.908349225 -0.264309244 -0.324102313 -0.908349225 -0.264309244 -0.321961674 -0.910316307 -0.260124782 -0.321961674 -0.910316307 -0.260124782 -0.321961674 -0.910316307 -0.260124782 -0.332858505 -0.90627065 -0.260535458 -0.332858505 -0.90627065 -0.260535458 -0.332858505 -0.90627065 -0.260535458 -0.332573835 -0.906557197 -0.259901314 -0.332573835 -0.906557197 -0.259901314 -0.332573835 -0.906557197 -0.259901314 -0.337533146 -0.904671128 -0.260079843 -0.337533146 -0.904671128 -0.260079843 -0.337533146 -0.904671128 -0.260079843 -0.338079412 -0.904066724 -0.261468296 -0.338079412 -0.904066724 -0.261468296 -0.338079412 -0.904066724 -0.261468296 -0.340179742 -0.903260163 -0.261531683 -0.340179742 -0.903260163 -0.261531683 -0.340179742 -0.903260163 -0.261531683 -0.340862977 -0.902427462 -0.263509216 -0.340862977 -0.902427462 -0.263509216 -0.340862977 -0.902427462 -0.263509216 -0.340630667 -0.902517079 -0.263502698 -0.340630667 -0.902517079 -0.263502698 -0.340630667 -0.902517079 -0.263502698 -0.339747876 -0.903698734 -0.260576244 -0.339747876 -0.903698734 -0.260576244 -0.339747876 -0.903698734 -0.260576244 -0.338988274 -0.903990129 -0.260554785 -0.338988274 -0.903990129 -0.260554785 -0.338988274 -0.903990129 -0.260554785 -0.340005217 -0.902482923 -0.264425843 -0.340005217 -0.902482923 -0.264425843 -0.340005217 -0.902482923 -0.264425843 -0.33398465 -0.904762517 -0.264308609 -0.33398465 -0.904762517 -0.264308609 -0.33398465 -0.904762517 -0.264308609 -0.332919458 -0.906497429 -0.259667181 -0.332919458 -0.906497429 -0.259667181 -0.332919458 -0.906497429 -0.259667181 -0.326786258 -0.908770987 -0.259511148 -0.326786258 -0.908770987 -0.259511148 -0.326786258 -0.908770987 -0.259511148 -0.326856931 -0.908643309 -0.259868973 -0.326856931 -0.908643309 -0.259868973 -0.326856931 -0.908643309 -0.259868973 -0.32225862 -0.910310774 -0.259776204 -0.32225862 -0.910310774 -0.259776204 -0.32225862 -0.910310774 -0.259776204 -0.322332828 -0.910142631 -0.260272816 -0.322332828 -0.910142631 -0.260272816 -0.322332828 -0.910142631 -0.260272816 -0.320766712 -0.910701307 -0.260253425 -0.320766712 -0.910701307 -0.260253425 -0.320766712 -0.910701307 -0.260253425 -0.320359275 -0.911922038 -0.256452983 -0.320359275 -0.911922038 -0.256452983 -0.320359275 -0.911922038 -0.256452983 -0.318794585 -0.91247963 -0.256419456 -0.318794585 -0.91247963 -0.256419456 -0.318794585 -0.91247963 -0.256419456 -0.31932893 -0.910251886 -0.263572643 -0.31932893 -0.910251886 -0.263572643 -0.31932893 -0.910251886 -0.263572643 -0.31837187 -0.910591405 -0.263557671 -0.31837187 -0.910591405 -0.263557671 -0.31837187 -0.910591405 -0.263557671 -0.318177702 -0.911751327 -0.259754631 -0.318177702 -0.911751327 -0.259754631 -0.318177702 -0.911751327 -0.259754631 -0.317035405 -0.912153083 -0.259740844 -0.317035405 -0.912153083 -0.259740844 -0.317035405 -0.912153083 -0.259740844 -0.316851637 -0.913781969 -0.254180158 -0.316851637 -0.913781969 -0.254180158 -0.316851637 -0.913781969 -0.254180158 -0.317755545 -0.913466435 -0.25418593 -0.317755545 -0.913466435 -0.25418593 -0.317755545 -0.913466435 -0.25418593 -0.31775309 -0.913506454 -0.254045137 -0.31775309 -0.913506454 -0.254045137 -0.31775309 -0.913506454 -0.254045137 -0.316786055 -0.913844559 -0.254036842 -0.316786055 -0.913844559 -0.254036842 -0.316786055 -0.913844559 -0.254036842 -0.316844842 -0.909700971 -0.268427812 -0.316844842 -0.909700971 -0.268427812 -0.316844842 -0.909700971 -0.268427812 -0.31636252 -0.909869359 -0.268425979 -0.31636252 -0.909869359 -0.268425979 -0.31636252 -0.909869359 -0.268425979 -0.316411383 -0.91289559 -0.25788656 -0.316411383 -0.91289559 -0.25788656 -0.316411383 -0.91289559 -0.25788656 -0.318949224 -0.912007519 -0.257902457 -0.318949224 -0.912007519 -0.257902457 -0.318949224 -0.912007519 -0.257902457 -0.318888563 -0.909348463 -0.267199282 -0.318888563 -0.909348463 -0.267199282 -0.318888563 -0.909348463 -0.267199282 -0.357774545 -0.894425444 -0.268329089 -0.357774545 -0.894425444 -0.268329089 -0.357774545 -0.894425444 -0.268329089 -0.330456812 -0.908796572 -0.254729437 -0.330456812 -0.908796572 -0.254729437 -0.330456812 -0.908796572 -0.254729437 -0.645705176 -0.726396155 -0.23540062 -0.645705176 -0.726396155 -0.23540062 -0.645705176 -0.726396155 -0.23540062 -0.628864349 -0.743876148 -0.226225343 -0.628864349 -0.743876148 -0.226225343 -0.628864349 -0.743876148 -0.226225343 -0.828611161 -0.52490654 -0.194619289 -0.828611161 -0.52490654 -0.194619289 -0.828611161 -0.52490654 -0.194619289 -0.851380142 -0.473892064 -0.224895901 -0.851380142 -0.473892064 -0.224895901 -0.851380142 -0.473892064 -0.224895901 -0.990934156 -0.0291440759 -0.131149231 -0.990934156 -0.0291440759 -0.131149231 -0.990934156 -0.0291440759 -0.131149231 0.0539726298 0.156236706 0.986243908 0.0539726298 0.156236706 0.986243908 0.0539726298 0.156236706 0.986243908 0.156210309 0.452188158 0.878136783 0.156210309 0.452188158 0.878136783 0.156210309 0.452188158 0.878136783 0.158291421 0.449204581 0.879294644 0.158291421 0.449204581 0.879294644 0.158291421 0.449204581 0.879294644 0.242185355 0.687281534 0.684828699 0.242185355 0.687281534 0.684828699 0.242185355 0.687281534 0.684828699 0.242931111 0.685924367 0.685924367 0.242931111 0.685924367 0.685924367 0.242931111 0.685924367 0.685924367 0.300536161 0.848574212 0.435430617 0.300536161 0.848574212 0.435430617 0.300536161 0.848574212 0.435430617 0.299841037 0.84954808 0.43400854 0.299841037 0.84954808 0.43400854 0.299841037 0.84954808 0.43400854 0.329088414 0.9324155 0.149339046 0.329088414 0.9324155 0.149339046 0.329088414 0.9324155 0.149339046 0.32834765 0.932923347 0.147789882 0.32834765 0.932923347 0.147789882 0.32834765 0.932923347 0.147789882 0.328272143 0.93270881 -0.14930397 0.328272143 0.93270881 -0.14930397 0.328272143 0.93270881 -0.14930397 0.329168099 0.932641274 -0.147745108 0.329168099 0.932641274 -0.147745108 0.329168099 0.932641274 -0.147745108 0.299629023 0.848947374 -0.435328387 0.299629023 0.848947374 -0.435328387 0.299629023 0.848947374 -0.435328387 0.300787124 0.849282817 -0.433873025 0.300787124 0.849282817 -0.433873025 0.300787124 0.849282817 -0.433873025 0.243228707 0.68676464 -0.684977464 0.243228707 0.68676464 -0.684977464 0.243228707 0.68676464 -0.684977464 0.241778836 0.686127901 -0.686127901 0.241778836 0.686127901 -0.686127901 0.241778836 0.686127901 -0.686127901 0.158799724 0.45064706 -0.878464499 0.158799724 0.45064706 -0.878464499 0.158799724 0.45064706 -0.878464499 0.155255438 0.449424057 -0.879723687 0.155255438 0.449424057 -0.879723687 0.155255438 0.449424057 -0.879723687 0.0539726298 0.156236706 -0.986243908 0.0539726298 0.156236706 -0.986243908 0.0539726298 0.156236706 -0.986243908 0.143704591 0.0958028315 0.984972491 0.143704591 0.0958028315 0.984972491 0.143704591 0.0958028315 0.984972491 0.410261896 0.273507276 0.8699879 0.410261896 0.273507276 0.8699879 0.410261896 0.273507276 0.8699879 0.410349508 0.274976432 0.86948332 0.410349508 0.274976432 0.86948332 0.410349508 0.274976432 0.86948332 0.612502255 0.410439592 0.675559271 0.612502255 0.410439592 0.675559271 0.612502255 0.410439592 0.675559271 0.613720914 0.418444659 0.669515277 0.613720914 0.418444659 0.669515277 0.613720914 0.418444659 0.669515277 0.752342857 0.5129593 0.41334366 0.752342857 0.5129593 0.41334366 0.752342857 0.5129593 0.41334366 0.752214832 0.506299475 0.421703318 0.752214832 0.506299475 0.421703318 0.752214832 0.506299475 0.421703318 0.821274961 0.552782348 0.141205928 0.821274961 0.552782348 0.141205928 0.821274961 0.552782348 0.141205928 0.821811251 0.551215169 0.144180808 0.821811251 0.551215169 0.144180808 0.821811251 0.551215169 0.144180808 0.822160715 0.551449566 -0.141262642 0.822160715 0.551449566 -0.141262642 0.822160715 0.551449566 -0.141262642 0.820908353 0.552535592 -0.144270218 0.820908353 0.552535592 -0.144270218 0.820908353 0.552535592 -0.144270218 0.755190303 0.508302199 -0.413903951 0.755190303 0.508302199 -0.413903951 0.755190303 0.508302199 -0.413903951 0.748854199 0.510580677 -0.422521905 0.748854199 0.510580677 -0.422521905 0.748854199 0.510580677 -0.422521905 0.609751689 0.415738378 -0.674806993 0.609751689 0.415738378 -0.674806993 0.609751689 0.415738378 -0.674806993 0.617963785 0.41409938 -0.668313148 0.617963785 0.41409938 -0.668313148 0.617963785 0.41409938 -0.668313148 0.409804136 0.274610977 -0.869855955 0.409804136 0.274610977 -0.869855955 0.409804136 0.274610977 -0.869855955 0.411303285 0.274201534 -0.869277359 0.411303285 0.274201534 -0.869277359 0.411303285 0.274201534 -0.869277359 0.143704591 0.0958028315 -0.984972491 0.143704591 0.0958028315 -0.984972491 0.143704591 0.0958028315 -0.984972491 0.176939291 -0 0.984221767 0.176939291 -0 0.984221767 0.176939291 -0 0.984221767 0.501877785 0 0.864938546 0.501877785 0 0.864938546 0.501877785 0 0.864938546 0.501877785 -0 0.864938546 0.501877785 -0 0.864938546 0.501877785 -0 0.864938546 0.747409319 0 0.664363839 0.747409319 0 0.664363839 0.747409319 0 0.664363839 0.747409319 -0 0.664363839 0.747409319 -0 0.664363839 0.747409319 -0 0.664363839 0.913400882 0 0.40706121 0.913400882 0 0.40706121 0.913400882 0 0.40706121 0.913400882 -0 0.40706121 0.913400882 -0 0.40706121 0.913400882 -0 0.40706121 0.990529271 0 0.137301727 0.990529271 0 0.137301727 0.990529271 0 0.137301727 0.990529271 -0 0.137301727 0.990529271 -0 0.137301727 0.990529271 -0 0.137301727 0.990529282 0 -0.137301646 0.990529282 0 -0.137301646 0.990529282 0 -0.137301646 0.990529282 0 -0.137301646 0.990529282 0 -0.137301646 0.990529282 0 -0.137301646 0.913400882 0 -0.40706121 0.913400882 0 -0.40706121 0.913400882 0 -0.40706121 0.913400882 0 -0.40706121 0.913400882 0 -0.40706121 0.913400882 0 -0.40706121 0.747409319 0 -0.664363839 0.747409319 0 -0.664363839 0.747409319 0 -0.664363839 0.747409319 0 -0.664363839 0.747409319 0 -0.664363839 0.747409319 0 -0.664363839 0.501878029 0 -0.864938405 0.501878029 0 -0.864938405 0.501878029 0 -0.864938405 0.501878029 0 -0.864938405 0.501878029 0 -0.864938405 0.501878029 0 -0.864938405 0.176939291 0 -0.984221767 0.176939291 0 -0.984221767 0.176939291 0 -0.984221767 0.142301894 -0.0967651141 0.98508207 0.142301894 -0.0967651141 0.98508207 0.142301894 -0.0967651141 0.98508207 0.407625625 -0.277184927 0.870063139 0.407625625 -0.277184927 0.870063139 0.407625625 -0.277184927 0.870063139 0.408875464 -0.276842632 0.86958554 0.408875464 -0.276842632 0.86958554 0.408875464 -0.276842632 0.86958554 0.613051964 -0.415087073 0.672212772 0.613051964 -0.415087073 0.672212772 0.613051964 -0.415087073 0.672212772 0.6133274 -0.415032267 0.671995326 0.6133274 -0.415032267 0.671995326 0.6133274 -0.415032267 0.671995326 0.750824863 -0.508075369 0.422044362 0.750824863 -0.508075369 0.422044362 0.750824863 -0.508075369 0.422044362 0.753457712 -0.50713603 0.418466871 0.753457712 -0.50713603 0.418466871 0.753457712 -0.50713603 0.418466871 0.820908303 -0.552535559 0.14427063 0.820908303 -0.552535559 0.14427063 0.820908303 -0.552535559 0.14427063 0.822160667 -0.551449534 0.141263053 0.822160667 -0.551449534 0.141263053 0.822160667 -0.551449534 0.141263053 0.821811222 -0.55121515 -0.144181049 0.821811222 -0.55121515 -0.144181049 0.821811222 -0.55121515 -0.144181049 0.821274932 -0.552782329 -0.141206172 0.821274932 -0.552782329 -0.141206172 0.821274932 -0.552782329 -0.141206172 0.752214726 -0.506299403 -0.421703594 0.752214726 -0.506299403 -0.421703594 0.752214726 -0.506299403 -0.421703594 0.752278055 -0.509058729 -0.418254634 0.752278055 -0.509058729 -0.418254634 0.752278055 -0.509058729 -0.418254634 0.613194809 -0.414942544 -0.672171713 0.613194809 -0.414942544 -0.672171713 0.613194809 -0.414942544 -0.672171713 0.61323559 -0.415211403 -0.671968453 0.61323559 -0.415211403 -0.671968453 0.61323559 -0.415211403 -0.671968453 0.408425142 -0.276537726 -0.869894126 0.408425142 -0.276537726 -0.869894126 0.408425142 -0.276537726 -0.869894126 0.408488347 -0.277771578 -0.869471231 0.408488347 -0.277771578 -0.869471231 0.408488347 -0.277771578 -0.869471231 0.142301894 -0.0967651141 -0.98508207 0.142301894 -0.0967651141 -0.98508207 0.142301894 -0.0967651141 -0.98508207 0.0562628725 -0.154722298 0.986354652 0.0562628725 -0.154722298 0.986354652 0.0562628725 -0.154722298 0.986354652 0.164594394 -0.452632826 0.876374469 0.164594394 -0.452632826 0.876374469 0.164594394 -0.452632826 0.876374469 0.158799563 -0.450646602 0.878464762 0.158799563 -0.450646602 0.878464762 0.158799563 -0.450646602 0.878464762 0.240202491 -0.681654498 0.69112221 0.240202491 -0.681654498 0.69112221 0.240202491 -0.681654498 0.69112221 0.241644744 -0.682290633 0.689990804 0.241644744 -0.682290633 0.689990804 0.241644744 -0.682290633 0.689990804 0.301986854 -0.852668254 0.426334127 0.301986854 -0.852668254 0.426334127 0.301986854 -0.852668254 0.426334127 0.295255126 -0.850733142 0.434830463 0.295255126 -0.850733142 0.434830463 0.295255126 -0.850733142 0.434830463 0.324263325 -0.934315896 0.148010484 0.324263325 -0.934315896 0.148010484 0.324263325 -0.934315896 0.148010484 0.323633397 -0.934360459 0.149103849 0.323633397 -0.934360459 0.149103849 0.323633397 -0.934360459 0.149103849 0.323685643 -0.934511297 -0.148041349 0.323685643 -0.934511297 -0.148041349 0.323685643 -0.934511297 -0.148041349 0.324208237 -0.934157168 -0.149128817 0.324208237 -0.934157168 -0.149128817 0.324208237 -0.934157168 -0.149128817 0.296464322 -0.854217258 -0.427108629 0.296464322 -0.854217258 -0.427108629 0.296464322 -0.854217258 -0.427108629 0.300536715 -0.848573746 -0.435431144 0.300536715 -0.848573746 -0.435431144 0.300536715 -0.848573746 -0.435431144 0.241348727 -0.681454822 -0.690919762 0.241348727 -0.681454822 -0.690919762 0.241348727 -0.681454822 -0.690919762 0.24060685 -0.682802 -0.689847644 0.24060685 -0.682802 -0.689847644 0.24060685 -0.682802 -0.689847644 0.1596314 -0.453007216 -0.877098785 0.1596314 -0.453007216 -0.877098785 0.1596314 -0.453007216 -0.877098785 0.162966443 -0.448155978 -0.87897563 0.162966443 -0.448155978 -0.87897563 0.162966443 -0.448155978 -0.87897563 0.0562628725 -0.154722298 -0.986354652 0.0562628725 -0.154722298 -0.986354652 0.0562628725 -0.154722298 -0.986354652 -0.0562623746 -0.154722303 0.98635468 -0.0562623746 -0.154722303 0.98635468 -0.0562623746 -0.154722303 0.98635468 -0.162965174 -0.448156465 0.878975617 -0.162965174 -0.448156465 0.878975617 -0.162965174 -0.448156465 0.878975617 -0.159630597 -0.453007044 0.87709902 -0.159630597 -0.453007044 0.87709902 -0.159630597 -0.453007044 0.87709902 -0.240606167 -0.682803238 0.689846657 -0.240606167 -0.682803238 0.689846657 -0.240606167 -0.682803238 0.689846657 -0.241348727 -0.681454822 0.690919762 -0.241348727 -0.681454822 0.690919762 -0.241348727 -0.681454822 0.690919762 -0.300536506 -0.848573157 0.435432436 -0.300536506 -0.848573157 0.435432436 -0.300536506 -0.848573157 0.435432436 -0.296463546 -0.854217474 0.427108737 -0.296463546 -0.854217474 0.427108737 -0.296463546 -0.854217474 0.427108737 -0.32436111 -0.934600333 0.145986604 -0.32436111 -0.934600333 0.145986604 -0.32436111 -0.934600333 0.145986604 -0.325312085 -0.933960182 0.147954133 -0.325312085 -0.933960182 0.147954133 -0.325312085 -0.933960182 0.147954133 -0.325406536 -0.934231348 -0.146021826 -0.325406536 -0.934231348 -0.146021826 -0.325406536 -0.934231348 -0.146021826 -0.324262496 -0.93431619 -0.148010441 -0.324262496 -0.93431619 -0.148010441 -0.324262496 -0.93431619 -0.148010441 -0.295254182 -0.850732864 -0.434831648 -0.295254182 -0.850732864 -0.434831648 -0.295254182 -0.850732864 -0.434831648 -0.301986854 -0.852668254 -0.426334127 -0.301986854 -0.852668254 -0.426334127 -0.301986854 -0.852668254 -0.426334127 -0.241645017 -0.682291404 -0.689989946 -0.241645017 -0.682291404 -0.689989946 -0.241645017 -0.682291404 -0.689989946 -0.240201439 -0.68165468 -0.691122395 -0.240201439 -0.68165468 -0.691122395 -0.240201439 -0.68165468 -0.691122395 -0.158799033 -0.450647192 -0.878464556 -0.158799033 -0.450647192 -0.878464556 -0.158799033 -0.450647192 -0.878464556 -0.164593055 -0.45263316 -0.876374548 -0.164593055 -0.45263316 -0.876374548 -0.164593055 -0.45263316 -0.876374548 -0.0562623746 -0.154722303 -0.98635468 -0.0562623746 -0.154722303 -0.98635468 -0.0562623746 -0.154722303 -0.98635468 -0.142301285 -0.0967647001 0.985082198 -0.142301285 -0.0967647001 0.985082198 -0.142301285 -0.0967647001 0.985082198 -0.408488147 -0.277771441 0.869471368 -0.408488147 -0.277771441 0.869471368 -0.408488147 -0.277771441 0.869471368 -0.408424941 -0.276537591 0.869894263 -0.408424941 -0.276537591 0.869894263 -0.408424941 -0.276537591 0.869894263 -0.61323559 -0.415211403 0.671968453 -0.61323559 -0.415211403 0.671968453 -0.61323559 -0.415211403 0.671968453 -0.613195189 -0.414945053 0.672169817 -0.613195189 -0.414945053 0.672169817 -0.613195189 -0.414945053 0.672169817 -0.752278112 -0.509061529 0.418251124 -0.752278112 -0.509061529 0.418251124 -0.752278112 -0.509061529 0.418251124 -0.752214664 -0.506297007 0.421706579 -0.752214664 -0.506297007 0.421706579 -0.752214664 -0.506297007 0.421706579 -0.821276104 -0.552780547 0.141206332 -0.821276104 -0.552780547 0.141206332 -0.821276104 -0.552780547 0.141206332 -0.820399685 -0.555270671 0.136450862 -0.820399685 -0.555270671 0.136450862 -0.820399685 -0.555270671 0.136450862 -0.8198584 -0.554904314 -0.14111487 -0.8198584 -0.554904314 -0.14111487 -0.8198584 -0.554904314 -0.14111487 -0.821847023 -0.553164819 -0.136294365 -0.821847023 -0.553164819 -0.136294365 -0.821847023 -0.553164819 -0.136294365 -0.753459996 -0.507135209 -0.418463756 -0.753459996 -0.507135209 -0.418463756 -0.753459996 -0.507135209 -0.418463756 -0.750822188 -0.508076315 -0.422047982 -0.750822188 -0.508076315 -0.422047982 -0.750822188 -0.508076315 -0.422047982 -0.613326543 -0.415033939 -0.671995075 -0.613326543 -0.415033939 -0.671995075 -0.613326543 -0.415033939 -0.671995075 -0.613053678 -0.415088233 -0.672210493 -0.613053678 -0.415088233 -0.672210493 -0.613053678 -0.415088233 -0.672210493 -0.408875665 -0.276842768 -0.869585402 -0.408875665 -0.276842768 -0.869585402 -0.408875665 -0.276842768 -0.869585402 -0.407625825 -0.277185064 -0.870063002 -0.407625825 -0.277185064 -0.870063002 -0.407625825 -0.277185064 -0.870063002 -0.142301285 -0.0967647001 -0.985082198 -0.142301285 -0.0967647001 -0.985082198 -0.142301285 -0.0967647001 -0.985082198 -0.17693835 0 0.984221936 -0.17693835 0 0.984221936 -0.17693835 0 0.984221936 -0.501877785 0 0.864938546 -0.501877785 0 0.864938546 -0.501877785 0 0.864938546 -0.501877785 0 0.864938546 -0.501877785 0 0.864938546 -0.501877785 0 0.864938546 -0.747409319 0 0.664363839 -0.747409319 0 0.664363839 -0.747409319 0 0.664363839 -0.747409319 0 0.664363839 -0.747409319 0 0.664363839 -0.747409319 0 0.664363839 -0.913402685 0 0.407057165 -0.913402685 0 0.407057165 -0.913402685 0 0.407057165 -0.913402685 0 0.407057165 -0.913402685 0 0.407057165 -0.913402685 0 0.407057165 -0.990529271 0 0.137301727 -0.990529271 0 0.137301727 -0.990529271 0 0.137301727 -0.990529271 0 0.137301727 -0.990529271 0 0.137301727 -0.990529271 0 0.137301727 -0.990529282 0 -0.137301646 -0.990529282 0 -0.137301646 -0.990529282 0 -0.137301646 -0.990529282 -0 -0.137301646 -0.990529282 -0 -0.137301646 -0.990529282 -0 -0.137301646 -0.913402685 0 -0.407057165 -0.913402685 0 -0.407057165 -0.913402685 0 -0.407057165 -0.913402685 -0 -0.407057165 -0.913402685 -0 -0.407057165 -0.913402685 -0 -0.407057165 -0.747409319 0 -0.664363839 -0.747409319 0 -0.664363839 -0.747409319 0 -0.664363839 -0.747409319 -0 -0.664363839 -0.747409319 -0 -0.664363839 -0.747409319 -0 -0.664363839 -0.501878029 0 -0.864938405 -0.501878029 0 -0.864938405 -0.501878029 0 -0.864938405 -0.501878029 -0 -0.864938405 -0.501878029 -0 -0.864938405 -0.501878029 -0 -0.864938405 -0.17693835 0 -0.984221936 -0.17693835 0 -0.984221936 -0.17693835 0 -0.984221936 -0.143703971 0.0958024177 0.984972622 -0.143703971 0.0958024177 0.984972622 -0.143703971 0.0958024177 0.984972622 -0.411303083 0.274201399 0.869277497 -0.411303083 0.274201399 0.869277497 -0.411303083 0.274201399 0.869277497 -0.409803935 0.274610842 0.869856092 -0.409803935 0.274610842 0.869856092 -0.409803935 0.274610842 0.869856092 -0.617965516 0.414100539 0.668310829 -0.617965516 0.414100539 0.668310829 -0.617965516 0.414100539 0.668310829 -0.609750821 0.415740042 0.674806753 -0.609750821 0.415740042 0.674806753 -0.609750821 0.415740042 0.674806753 -0.748851521 0.510581621 0.422525512 -0.748851521 0.510581621 0.422525512 -0.748851521 0.510581621 0.422525512 -0.755192575 0.508301365 0.413900829 -0.755192575 0.508301365 0.413900829 -0.755192575 0.508301365 0.413900829 -0.821847051 0.553164838 0.136294118 -0.821847051 0.553164838 0.136294118 -0.821847051 0.553164838 0.136294118 -0.819858429 0.554904333 0.141114625 -0.819858429 0.554904333 0.141114625 -0.819858429 0.554904333 0.141114625 -0.820399732 0.555270703 -0.136450452 -0.820399732 0.555270703 -0.136450452 -0.820399732 0.555270703 -0.136450452 -0.821276152 0.55278058 -0.141205921 -0.821276152 0.55278058 -0.141205921 -0.821276152 0.55278058 -0.141205921 -0.752214771 0.506297079 -0.421706303 -0.752214771 0.506297079 -0.421706303 -0.752214771 0.506297079 -0.421706303 -0.752342893 0.512962107 -0.413340111 -0.752342893 0.512962107 -0.413340111 -0.752342893 0.512962107 -0.413340111 -0.61372129 0.418447185 -0.669513354 -0.61372129 0.418447185 -0.669513354 -0.61372129 0.418447185 -0.669513354 -0.612502255 0.410439592 -0.675559271 -0.612502255 0.410439592 -0.675559271 -0.612502255 0.410439592 -0.675559271 -0.410349709 0.274976567 -0.869483182 -0.410349709 0.274976567 -0.869483182 -0.410349709 0.274976567 -0.869483182 -0.410262097 0.27350741 -0.869987763 -0.410262097 0.27350741 -0.869987763 -0.410262097 0.27350741 -0.869987763 -0.143703971 0.0958024177 -0.984972622 -0.143703971 0.0958024177 -0.984972622 -0.143703971 0.0958024177 -0.984972622 -0.0539721521 0.15623671 0.986243934 -0.0539721521 0.15623671 0.986243934 -0.0539721521 0.15623671 0.986243934 -0.155254015 0.449423928 0.879724004 -0.155254015 0.449423928 0.879724004 -0.155254015 0.449423928 0.879724004 -0.158799035 0.450647198 0.878464552 -0.158799035 0.450647198 0.878464552 -0.158799035 0.450647198 0.878464552 -0.241777778 0.686128088 0.686128088 -0.241777778 0.686128088 0.686128088 -0.241777778 0.686128088 0.686128088 -0.243228981 0.686765416 0.684976588 -0.243228981 0.686765416 0.684976588 -0.243228981 0.686765416 0.684976588 -0.300787124 0.849282817 0.433873025 -0.300787124 0.849282817 0.433873025 -0.300787124 0.849282817 0.433873025 -0.299628064 0.848947095 0.435329591 -0.299628064 0.848947095 0.435329591 -0.299628064 0.848947095 0.435329591 -0.329167252 0.932641552 0.147745241 -0.329167252 0.932641552 0.147745241 -0.329167252 0.932641552 0.147745241 -0.330067387 0.932570575 0.146176752 -0.330067387 0.932570575 0.146176752 -0.330067387 0.932570575 0.146176752 -0.329991883 0.932357246 -0.147700113 -0.329991883 0.932357246 -0.147700113 -0.329991883 0.932357246 -0.147700113 -0.32924615 0.932865097 -0.146149526 -0.32924615 0.932865097 -0.146149526 -0.32924615 0.932865097 -0.146149526 -0.299840253 0.849548299 -0.434008652 -0.299840253 0.849548299 -0.434008652 -0.299840253 0.849548299 -0.434008652 -0.300535952 0.848573623 -0.435431909 -0.300535952 0.848573623 -0.435431909 -0.300535952 0.848573623 -0.435431909 -0.242931111 0.685924367 -0.685924367 -0.242931111 0.685924367 -0.685924367 -0.242931111 0.685924367 -0.685924367 -0.242184669 0.687282782 -0.684827689 -0.242184669 0.687282782 -0.684827689 -0.242184669 0.687282782 -0.684827689 -0.158290783 0.449204859 -0.879294617 -0.158290783 0.449204859 -0.879294617 -0.158290783 0.449204859 -0.879294617 -0.156209236 0.452189068 -0.878136505 -0.156209236 0.452189068 -0.878136505 -0.156209236 0.452189068 -0.878136505 -0.0539721521 0.15623671 -0.986243934 -0.0539721521 0.15623671 -0.986243934 -0.0539721521 0.15623671 -0.986243934 0.0538436228 -0.155861261 0.986310363 0.0538436228 -0.155861261 0.986310363 0.0538436228 -0.155861261 0.986310363 0.156211652 -0.452186236 0.878137534 0.156211652 -0.452186236 0.878137534 0.156211652 -0.452186236 0.878137534 0.158291075 -0.449205079 0.879294452 0.158291075 -0.449205079 0.879294452 0.158291075 -0.449205079 0.879294452 0.24060627 -0.682802606 0.689847247 0.24060627 -0.682802606 0.689847247 0.24060627 -0.682802606 0.689847247 0.238441253 -0.686711646 0.686711646 0.238441253 -0.686711646 0.686711646 0.238441253 -0.686711646 0.686711646 0.296558026 -0.854088156 0.427301719 0.296558026 -0.854088156 0.427301719 0.296558026 -0.854088156 0.427301719 0.299840482 -0.849548235 0.434008619 0.299840482 -0.849548235 0.434008619 0.299840482 -0.849548235 0.434008619 0.329087876 -0.932415871 0.149337919 0.329087876 -0.932415871 0.149337919 0.329087876 -0.932415871 0.149337919 0.32834765 -0.932923347 0.147789882 0.32834765 -0.932923347 0.147789882 0.32834765 -0.932923347 0.147789882 0.328272198 -0.932708967 -0.149302867 0.328272198 -0.932708967 -0.149302867 0.328272198 -0.932708967 -0.149302867 0.329167502 -0.932641479 -0.14774514 0.329167502 -0.932641479 -0.14774514 0.329167502 -0.932641479 -0.14774514 0.300826329 -0.85234147 -0.427805491 0.300826329 -0.85234147 -0.427805491 0.300826329 -0.85234147 -0.427805491 0.29540886 -0.850778556 -0.434637153 0.29540886 -0.850778556 -0.434637153 0.29540886 -0.850778556 -0.434637153 0.237596678 -0.684279268 -0.689427082 0.237596678 -0.684279268 -0.689427082 0.237596678 -0.684279268 -0.689427082 0.241778085 -0.686128034 -0.686128034 0.241778085 -0.686128034 -0.686128034 0.241778085 -0.686128034 -0.686128034 0.158798965 -0.450646391 -0.878464979 0.158798965 -0.450646391 -0.878464979 0.158798965 -0.450646391 -0.878464979 0.155257545 -0.44942438 -0.879723151 0.155257545 -0.44942438 -0.879723151 0.155257545 -0.44942438 -0.879723151 0.0538436228 -0.155861261 -0.986310363 0.0538436228 -0.155861261 -0.986310363 0.0538436228 -0.155861261 -0.986310363 0.143839233 -0.0954250653 0.984989509 0.143839233 -0.0954250653 0.984989509 0.143839233 -0.0954250653 0.984989509 0.408632493 -0.271092814 0.871509135 0.408632493 -0.271092814 0.871509135 0.408632493 -0.271092814 0.871509135 0.408908192 -0.276145334 0.86979184 0.408908192 -0.276145334 0.86979184 0.408908192 -0.276145334 0.86979184 0.613053136 -0.414009224 0.672876077 0.613053136 -0.414009224 0.672876077 0.613053136 -0.414009224 0.672876077 0.613195179 -0.414942414 0.672171456 0.613195179 -0.414942414 0.672171456 0.613195179 -0.414942414 0.672171456 0.754013572 -0.510232666 0.413673978 0.754013572 -0.510232666 0.413673978 0.754013572 -0.510232666 0.413673978 0.753955096 -0.507470411 0.417163631 0.753955096 -0.507470411 0.417163631 0.753955096 -0.507470411 0.417163631 0.821275082 -0.552781997 0.141206596 0.821275082 -0.552781997 0.141206596 0.821275082 -0.552781997 0.141206596 0.821811138 -0.551215504 0.144180175 0.821811138 -0.551215504 0.144180175 0.821811138 -0.551215504 0.144180175 0.822160449 -0.551449798 -0.141263284 0.822160449 -0.551449798 -0.141263284 0.822160449 -0.551449798 -0.141263284 0.820908635 -0.55253535 -0.144269544 0.820908635 -0.55253535 -0.144269544 0.820908635 -0.55253535 -0.144269544 0.755190264 -0.508301775 -0.413904544 0.755190264 -0.508301775 -0.413904544 0.755190264 -0.508301775 -0.413904544 0.752569551 -0.509255513 -0.417489992 0.752569551 -0.509255513 -0.417489992 0.752569551 -0.509255513 -0.417489992 0.612733987 -0.41463033 -0.672784327 0.612733987 -0.41463033 -0.672784327 0.612733987 -0.41463033 -0.672784327 0.613691243 -0.414440152 -0.672028584 0.613691243 -0.414440152 -0.672028584 0.613691243 -0.414440152 -0.672028584 0.407027128 -0.274875007 -0.871075569 0.407027128 -0.274875007 -0.871075569 0.407027128 -0.274875007 -0.871075569 0.412207816 -0.273464736 -0.869080983 0.412207816 -0.273464736 -0.869080983 0.412207816 -0.273464736 -0.869080983 0.143839233 -0.0954250653 -0.984989509 0.143839233 -0.0954250653 -0.984989509 0.143839233 -0.0954250653 -0.984989509 0.176939291 -0 0.984221767 0.176939291 -0 0.984221767 0.176939291 -0 0.984221767 0.501877785 0 0.864938546 0.501877785 0 0.864938546 0.501877785 0 0.864938546 0.501877785 -0 0.864938546 0.501877785 -0 0.864938546 0.501877785 -0 0.864938546 0.747409319 0 0.664363839 0.747409319 0 0.664363839 0.747409319 0 0.664363839 0.747409319 -0 0.664363839 0.747409319 -0 0.664363839 0.747409319 -0 0.664363839 0.913400882 0 0.40706121 0.913400882 0 0.40706121 0.913400882 0 0.40706121 0.913400882 -0 0.40706121 0.913400882 -0 0.40706121 0.913400882 -0 0.40706121 0.990529271 0 0.137301727 0.990529271 0 0.137301727 0.990529271 0 0.137301727 0.990529271 -0 0.137301727 0.990529271 -0 0.137301727 0.990529271 -0 0.137301727 0.990529282 0 -0.137301646 0.990529282 0 -0.137301646 0.990529282 0 -0.137301646 0.990529282 0 -0.137301646 0.990529282 0 -0.137301646 0.990529282 0 -0.137301646 0.913400882 0 -0.40706121 0.913400882 0 -0.40706121 0.913400882 0 -0.40706121 0.913400882 0 -0.40706121 0.913400882 0 -0.40706121 0.913400882 0 -0.40706121 0.747409319 0 -0.664363839 0.747409319 0 -0.664363839 0.747409319 0 -0.664363839 0.747409319 0 -0.664363839 0.747409319 0 -0.664363839 0.747409319 0 -0.664363839 0.501878029 0 -0.864938405 0.501878029 0 -0.864938405 0.501878029 0 -0.864938405 0.501878029 0 -0.864938405 0.501878029 0 -0.864938405 0.501878029 0 -0.864938405 0.176939291 0 -0.984221767 0.176939291 0 -0.984221767 0.176939291 0 -0.984221767 0.143704525 0.0958030168 0.984972483 0.143704525 0.0958030168 0.984972483 0.143704525 0.0958030168 0.984972483 0.411302385 0.27420159 0.869277767 0.411302385 0.27420159 0.869277767 0.411302385 0.27420159 0.869277767 0.406790198 0.275430734 0.871010704 0.406790198 0.275430734 0.871010704 0.406790198 0.275430734 0.871010704 0.613051819 0.415086974 0.672212965 0.613051819 0.415086974 0.672212965 0.613051819 0.415086974 0.672212965 0.61332769 0.415032082 0.671995175 0.61332769 0.415032082 0.671995175 0.61332769 0.415032082 0.671995175 0.752569763 0.509255657 0.417489434 0.752569763 0.509255657 0.417489434 0.752569763 0.509255657 0.417489434 0.755190092 0.508302058 0.41390451 0.755190092 0.508302058 0.41390451 0.755190092 0.508302058 0.41390451 0.820908342 0.552535585 0.144270303 0.820908342 0.552535585 0.144270303 0.820908342 0.552535585 0.144270303 0.822160705 0.55144956 0.141262726 0.822160705 0.55144956 0.141262726 0.822160705 0.55144956 0.141262726 0.821811261 0.551215176 -0.144180722 0.821811261 0.551215176 -0.144180722 0.821811261 0.551215176 -0.144180722 0.821274971 0.552782355 -0.141205845 0.821274971 0.552782355 -0.141205845 0.821274971 0.552782355 -0.141205845 0.753955105 0.507470815 -0.417163123 0.753955105 0.507470815 -0.417163123 0.753955105 0.507470815 -0.417163123 0.754013572 0.510232666 -0.413673978 0.754013572 0.510232666 -0.413673978 0.754013572 0.510232666 -0.413673978 0.613194889 0.414942217 -0.672171841 0.613194889 0.414942217 -0.672171841 0.613194889 0.414942217 -0.672171841 0.613235735 0.415211501 -0.67196826 0.613235735 0.415211501 -0.67196826 0.613235735 0.415211501 -0.67196826 0.408425014 0.27653764 -0.869894213 0.408425014 0.27653764 -0.869894213 0.408425014 0.27653764 -0.869894213 0.4081937 0.272129133 -0.871391782 0.4081937 0.272129133 -0.871391782 0.4081937 0.272129133 -0.871391782 0.143704525 0.0958030168 -0.984972483 0.143704525 0.0958030168 -0.984972483 0.143704525 0.0958030168 -0.984972483 0.0539729755 0.156236703 0.98624389 0.0539729755 0.156236703 0.98624389 0.0539729755 0.156236703 0.98624389 0.155256334 0.449423762 0.87972368 0.155256334 0.449423762 0.87972368 0.155256334 0.449423762 0.87972368 0.158799482 0.45064637 0.878464896 0.158799482 0.45064637 0.878464896 0.158799482 0.45064637 0.878464896 0.241778836 0.686127901 0.686127901 0.241778836 0.686127901 0.686127901 0.241778836 0.686127901 0.686127901 0.237596488 0.684278721 0.689427691 0.237596488 0.684278721 0.689427691 0.237596488 0.684278721 0.689427691 0.29540886 0.850778556 0.434637153 0.29540886 0.850778556 0.434637153 0.29540886 0.850778556 0.434637153 0.300827009 0.852341662 0.42780463 0.300827009 0.852341662 0.42780463 0.300827009 0.852341662 0.42780463 0.329168095 0.932641261 0.147745195 0.329168095 0.932641261 0.147745195 0.329168095 0.932641261 0.147745195 0.328272138 0.932708798 0.149304058 0.328272138 0.932708798 0.149304058 0.328272138 0.932708798 0.149304058 0.328347655 0.932923359 -0.147789794 0.328347655 0.932923359 -0.147789794 0.328347655 0.932923359 -0.147789794 0.329088419 0.932415513 -0.149338958 0.329088419 0.932415513 -0.149338958 0.329088419 0.932415513 -0.149338958 0.299841037 0.84954808 -0.43400854 0.299841037 0.84954808 -0.43400854 0.299841037 0.84954808 -0.43400854 0.296558169 0.85408857 -0.427300793 0.296558169 0.85408857 -0.427300793 0.296558169 0.85408857 -0.427300793 0.238441253 0.686711646 -0.686711646 0.238441253 0.686711646 -0.686711646 0.238441253 0.686711646 -0.686711646 0.240606754 0.682801727 -0.689847948 0.240606754 0.682801727 -0.689847948 0.240606754 0.682801727 -0.689847948 0.158291501 0.449204806 -0.879294514 0.158291501 0.449204806 -0.879294514 0.158291501 0.449204806 -0.879294514 0.156211058 0.452187423 -0.878137028 0.156211058 0.452187423 -0.878137028 0.156211058 0.452187423 -0.878137028 0.0539729755 0.156236703 -0.98624389 0.0539729755 0.156236703 -0.98624389 0.0539729755 0.156236703 -0.98624389 -0.0539724978 0.156236707 0.986243915 -0.0539724978 0.156236707 0.986243915 -0.0539724978 0.156236707 0.986243915 -0.15620983 0.452187881 0.878137011 -0.15620983 0.452187881 0.878137011 -0.15620983 0.452187881 0.878137011 -0.158290704 0.449204633 0.879294746 -0.158290704 0.449204633 0.879294746 -0.158290704 0.449204633 0.879294746 -0.240606071 0.682802965 0.689846961 -0.240606071 0.682802965 0.689846961 -0.240606071 0.682802965 0.689846961 -0.238441253 0.686711646 0.686711646 -0.238441253 0.686711646 0.686711646 -0.238441253 0.686711646 0.686711646 -0.29655797 0.854087995 0.427302079 -0.29655797 0.854087995 0.427302079 -0.29655797 0.854087995 0.427302079 -0.299840253 0.849548299 0.434008652 -0.299840253 0.849548299 0.434008652 -0.299840253 0.849548299 0.434008652 -0.329246146 0.932865085 0.146149613 -0.329246146 0.932865085 0.146149613 -0.329246146 0.932865085 0.146149613 -0.329991878 0.932357234 0.1477002 -0.329991878 0.932357234 0.1477002 -0.329991878 0.932357234 0.1477002 -0.330067391 0.932570587 -0.146176666 -0.330067391 0.932570587 -0.146176666 -0.330067391 0.932570587 -0.146176666 -0.329167256 0.932641564 -0.147745154 -0.329167256 0.932641564 -0.147745154 -0.329167256 0.932641564 -0.147745154 -0.300826049 0.852341391 -0.427805846 -0.300826049 0.852341391 -0.427805846 -0.300826049 0.852341391 -0.427805846 -0.29540886 0.850778556 -0.434637153 -0.29540886 0.850778556 -0.434637153 -0.29540886 0.850778556 -0.434637153 -0.237596752 0.684279481 -0.689426845 -0.237596752 0.684279481 -0.689426845 -0.237596752 0.684279481 -0.689426845 -0.241777778 0.686128088 -0.686128088 -0.241777778 0.686128088 -0.686128088 -0.241777778 0.686128088 -0.686128088 -0.158798951 0.45064696 -0.878464689 -0.158798951 0.45064696 -0.878464689 -0.158798951 0.45064696 -0.878464689 -0.155255067 0.449424084 -0.879723739 -0.155255067 0.449424084 -0.879723739 -0.155255067 0.449424084 -0.879723739 -0.0539724978 0.156236707 -0.986243915 -0.0539724978 0.156236707 -0.986243915 -0.0539724978 0.156236707 -0.986243915 -0.143703904 0.095802603 0.984972613 -0.143703904 0.095802603 0.984972613 -0.143703904 0.095802603 0.984972613 -0.408193498 0.272128999 0.871391919 -0.408193498 0.272128999 0.871391919 -0.408193498 0.272128999 0.871391919 -0.408424813 0.276537504 0.86989435 -0.408424813 0.276537504 0.86989435 -0.408424813 0.276537504 0.86989435 -0.613235735 0.415211501 0.67196826 -0.613235735 0.415211501 0.67196826 -0.613235735 0.415211501 0.67196826 -0.61319527 0.414944726 0.672169945 -0.61319527 0.414944726 0.672169945 -0.61319527 0.414944726 0.672169945 -0.754013623 0.51023547 0.413670426 -0.754013623 0.51023547 0.413670426 -0.754013623 0.51023547 0.413670426 -0.753955048 0.507468417 0.417166144 -0.753955048 0.507468417 0.417166144 -0.753955048 0.507468417 0.417166144 -0.821276143 0.552780573 0.141206004 -0.821276143 0.552780573 0.141206004 -0.821276143 0.552780573 0.141206004 -0.820399723 0.555270697 0.136450532 -0.820399723 0.555270697 0.136450532 -0.820399723 0.555270697 0.136450532 -0.819858439 0.55490434 -0.141114541 -0.819858439 0.55490434 -0.141114541 -0.819858439 0.55490434 -0.141114541 -0.821847061 0.553164844 -0.136294037 -0.821847061 0.553164844 -0.136294037 -0.821847061 0.553164844 -0.136294037 -0.755192364 0.508301223 -0.413901388 -0.755192364 0.508301223 -0.413901388 -0.755192364 0.508301223 -0.413901388 -0.7525671 0.509256618 -0.417493062 -0.7525671 0.509256618 -0.417493062 -0.7525671 0.509256618 -0.417493062 -0.613326833 0.415033754 -0.671994925 -0.613326833 0.415033754 -0.671994925 -0.613326833 0.415033754 -0.671994925 -0.613053533 0.415088134 -0.672210686 -0.613053533 0.415088134 -0.672210686 -0.613053533 0.415088134 -0.672210686 -0.406790398 0.27543087 -0.871010567 -0.406790398 0.27543087 -0.871010567 -0.406790398 0.27543087 -0.871010567 -0.411302587 0.274201724 -0.869277629 -0.411302587 0.274201724 -0.869277629 -0.411302587 0.274201724 -0.869277629 -0.143703904 0.095802603 -0.984972613 -0.143703904 0.095802603 -0.984972613 -0.143703904 0.095802603 -0.984972613 -0.17693835 0 0.984221936 -0.17693835 0 0.984221936 -0.17693835 0 0.984221936 -0.501877785 0 0.864938546 -0.501877785 0 0.864938546 -0.501877785 0 0.864938546 -0.501877785 0 0.864938546 -0.501877785 0 0.864938546 -0.501877785 0 0.864938546 -0.747409319 0 0.664363839 -0.747409319 0 0.664363839 -0.747409319 0 0.664363839 -0.747409319 0 0.664363839 -0.747409319 0 0.664363839 -0.747409319 0 0.664363839 -0.913402685 0 0.407057165 -0.913402685 0 0.407057165 -0.913402685 0 0.407057165 -0.913402685 0 0.407057165 -0.913402685 0 0.407057165 -0.913402685 0 0.407057165 -0.990529271 0 0.137301727 -0.990529271 0 0.137301727 -0.990529271 0 0.137301727 -0.990529271 0 0.137301727 -0.990529271 0 0.137301727 -0.990529271 0 0.137301727 -0.990529282 0 -0.137301646 -0.990529282 0 -0.137301646 -0.990529282 0 -0.137301646 -0.990529282 -0 -0.137301646 -0.990529282 -0 -0.137301646 -0.990529282 -0 -0.137301646 -0.913402685 0 -0.407057165 -0.913402685 0 -0.407057165 -0.913402685 0 -0.407057165 -0.913402685 -0 -0.407057165 -0.913402685 -0 -0.407057165 -0.913402685 -0 -0.407057165 -0.747409319 0 -0.664363839 -0.747409319 0 -0.664363839 -0.747409319 0 -0.664363839 -0.747409319 -0 -0.664363839 -0.747409319 -0 -0.664363839 -0.747409319 -0 -0.664363839 -0.501878029 0 -0.864938405 -0.501878029 0 -0.864938405 -0.501878029 0 -0.864938405 -0.501878029 -0 -0.864938405 -0.501878029 -0 -0.864938405 -0.501878029 -0 -0.864938405 -0.17693835 0 -0.984221936 -0.17693835 0 -0.984221936 -0.17693835 0 -0.984221936 -0.143838611 -0.0954246527 0.984989639 -0.143838611 -0.0954246527 0.984989639 -0.143838611 -0.0954246527 0.984989639 -0.412207614 -0.273464602 0.869081121 -0.412207614 -0.273464602 0.869081121 -0.412207614 -0.273464602 0.869081121 -0.407026927 -0.274874872 0.871075706 -0.407026927 -0.274874872 0.871075706 -0.407026927 -0.274874872 0.871075706 -0.61369296 -0.414441311 0.672026302 -0.61369296 -0.414441311 0.672026302 -0.61369296 -0.414441311 0.672026302 -0.612733129 -0.414631999 0.67278408 -0.612733129 -0.414631999 0.67278408 -0.612733129 -0.414631999 0.67278408 -0.752566888 -0.509256474 0.41749362 -0.752566888 -0.509256474 0.41749362 -0.752566888 -0.509256474 0.41749362 -0.755192536 -0.508300941 0.413901421 -0.755192536 -0.508300941 0.413901421 -0.755192536 -0.508300941 0.413901421 -0.821847329 -0.553164592 0.13629344 -0.821847329 -0.553164592 0.13629344 -0.821847329 -0.553164592 0.13629344 -0.819858161 -0.554904565 0.14111527 -0.819858161 -0.554904565 0.14111527 -0.819858161 -0.554904565 0.14111527 -0.820399613 -0.555271036 -0.136449814 -0.820399613 -0.555271036 -0.136449814 -0.820399613 -0.555271036 -0.136449814 -0.821276274 -0.552780229 -0.141206588 -0.821276274 -0.552780229 -0.141206588 -0.821276274 -0.552780229 -0.141206588 -0.753955039 -0.507468013 -0.417166652 -0.753955039 -0.507468013 -0.417166652 -0.753955039 -0.507468013 -0.417166652 -0.754013623 -0.51023547 -0.413670426 -0.754013623 -0.51023547 -0.413670426 -0.754013623 -0.51023547 -0.413670426 -0.61319556 -0.414944922 -0.672169559 -0.61319556 -0.414944922 -0.672169559 -0.61319556 -0.414944922 -0.672169559 -0.613053136 -0.414009224 -0.672876077 -0.613053136 -0.414009224 -0.672876077 -0.613053136 -0.414009224 -0.672876077 -0.408908393 -0.27614547 -0.869791702 -0.408908393 -0.27614547 -0.869791702 -0.408908393 -0.27614547 -0.869791702 -0.408632694 -0.271092947 -0.871508999 -0.408632694 -0.271092947 -0.871508999 -0.408632694 -0.271092947 -0.871508999 -0.143838611 -0.0954246527 -0.984989639 -0.143838611 -0.0954246527 -0.984989639 -0.143838611 -0.0954246527 -0.984989639 -0.0538431461 -0.155861265 0.986310388 -0.0538431461 -0.155861265 0.986310388 -0.0538431461 -0.155861265 0.986310388 -0.155256122 -0.44942425 0.879723468 -0.155256122 -0.44942425 0.879723468 -0.155256122 -0.44942425 0.879723468 -0.158798275 -0.450646529 0.878465033 -0.158798275 -0.450646529 0.878465033 -0.158798275 -0.450646529 0.878465033 -0.241777027 -0.68612822 0.68612822 -0.241777027 -0.68612822 0.68612822 -0.241777027 -0.68612822 0.68612822 -0.237596942 -0.684280029 0.689426237 -0.237596942 -0.684280029 0.689426237 -0.237596942 -0.684280029 0.689426237 -0.29540886 -0.850778556 0.434637153 -0.29540886 -0.850778556 0.434637153 -0.29540886 -0.850778556 0.434637153 -0.300825369 -0.852341198 0.427806707 -0.300825369 -0.852341198 0.427806707 -0.300825369 -0.852341198 0.427806707 -0.329166655 -0.932641757 0.147745274 -0.329166655 -0.932641757 0.147745274 -0.329166655 -0.932641757 0.147745274 -0.330067441 -0.932570729 0.146175649 -0.330067441 -0.932570729 0.146175649 -0.330067441 -0.932570729 0.146175649 -0.329991883 -0.932357246 -0.147700113 -0.329991883 -0.932357246 -0.147700113 -0.329991883 -0.932357246 -0.147700113 -0.32924561 -0.932865463 -0.146148403 -0.32924561 -0.932865463 -0.146148403 -0.32924561 -0.932865463 -0.146148403 -0.299839698 -0.849548455 -0.434008731 -0.299839698 -0.849548455 -0.434008731 -0.299839698 -0.849548455 -0.434008731 -0.296557826 -0.854087582 -0.427303005 -0.296557826 -0.854087582 -0.427303005 -0.296557826 -0.854087582 -0.427303005 -0.238441253 -0.686711646 -0.686711646 -0.238441253 -0.686711646 -0.686711646 -0.238441253 -0.686711646 -0.686711646 -0.240605587 -0.682803843 -0.68984626 -0.240605587 -0.682803843 -0.68984626 -0.240605587 -0.682803843 -0.68984626 -0.158290437 -0.449205356 -0.879294425 -0.158290437 -0.449205356 -0.879294425 -0.158290437 -0.449205356 -0.879294425 -0.156210579 -0.452187146 -0.878137256 -0.156210579 -0.452187146 -0.878137256 -0.156210579 -0.452187146 -0.878137256 -0.0538431461 -0.155861265 -0.986310388 -0.0538431461 -0.155861265 -0.986310388 -0.0538431461 -0.155861265 -0.986310388</float_array><technique_common><accessor source="#part1-normals-array" count="4356" stride="3"><param name="X" type="float" /><param name="Y" type="float" /><param name="Z" type="float" /></accessor></technique_common></source><vertices id="part1-vertices"><input semantic="POSITION" source="#part1-positions" /></vertices><triangles count="1452" material="material"><input semantic="VERTEX" source="#part1-vertices" offset="0" /><input semantic="NORMAL" source="#part1-normals" offset="0" /><p>0 1 2 3 4 5 6 7 8 9 10 11 12 13 14 15 16 17 18 19 20 21 22 23 24 25 26 27 28 29 30 31 32 33 34 35 36 37 38 39 40 41 42 43 44 45 46 47 48 49 50 51 52 53 54 55 56 57 58 59 60 61 62 63 64 65 66 67 68 69 70 71 72 73 74 75 76 77 78 79 80 81 82 83 84 85 86 87 88 89 90 91 92 93 94 95 96 97 98 99 100 101 102 103 104 105 106 107 108 109 110 111 112 113 114 115 116 117 118 119 120 121 122 123 124 125 126 127 128 129 130 131 132 133 134 135 136 137 138 139 140 141 142 143 144 145 146 147 148 149 150 151 152 153 154 155 156 157 158 159 160 161 162 163 164 165 166 167 168 169 170 171 172 173 174 175 176 177 178 179 180 181 182 183 184 185 186 187 188 189 190 191 192 193 194 195 196 197 198 199 200 201 202 203 204 205 206 207 208 209 210 211 212 213 214 215 216 217 218 219 220 221 222 223 224 225 226 227 228 229 230 231 232 233 234 235 236 237 238 239 240 241 242 243 244 245 246 247 248 249 250 251 252 253 254 255 256 257 258 259 260 261 262 263 264 265 266 267 268 269 270 271 272 273 274 275 276 277 278 279 280 281 282 283 284 285 286 287 288 289 290 291 292 293 294 295 296 297 298 299 300 301 302 303 304 305 306 307 308 309 310 311 312 313 314 315 316 317 318 319 320 321 322 323 324 325 326 327 328 329 330 331 332 333 334 335 336 337 338 339 340 341 342 343 344 345 346 347 348 349 350 351 352 353 354 355 356 357 358 359 360 361 362 363 364 365 366 367 368 369 370 371 372 373 374 375 376 377 378 379 380 381 382 383 384 385 386 387 388 389 390 391 392 393 394 395 396 397 398 399 400 401 402 403 404 405 406 407 408 409 410 411 412 413 414 415 416 417 418 419 420 421 422 423 424 425 426 427 428 429 430 431 432 433 434 435 436 437 438 439 440 441 442 443 444 445 446 447 448 449 450 451 452 453 454 455 456 457 458 459 460 461 462 463 464 465 466 467 468 469 470 471 472 473 474 475 476 477 478 479 480 481 482 483 484 485 486 487 488 489 490 491 492 493 494 495 496 497 498 499 500 501 502 503 504 505 506 507 508 509 510 511 512 513 514 515 516 517 518 519 520 521 522 523 524 525 526 527 528 529 530 531 532 533 534 535 536 537 538 539 540 541 542 543 544 545 546 547 548 549 550 551 552 553 554 555 556 557 558 559 560 561 562 563 564 565 566 567 568 569 570 571 572 573 574 575 576 577 578 579 580 581 582 583 584 585 586 587 588 589 590 591 592 593 594 595 596 597 598 599 600 601 602 603 604 605 606 607 608 609 610 611 612 613 614 615 616 617 618 619 620 621 622 623 624 625 626 627 628 629 630 631 632 633 634 635 636 637 638 639 640 641 642 643 644 645 646 647 648 649 650 651 652 653 654 655 656 657 658 659 660 661 662 663 664 665 666 667 668 669 670 671 672 673 674 675 676 677 678 679 680 681 682 683 684 685 686 687 688 689 690 691 692 693 694 695 696 697 698 699 700 701 702 703 704 705 706 707 708 709 710 711 712 713 714 715 716 717 718 719 720 721 722 723 724 725 726 727 728 729 730 731 732 733 734 735 736 737 738 739 740 741 742 743 744 745 746 747 748 749 750 751 752 753 754 755 756 757 758 759 760 761 762 763 764 765 766 767 768 769 770 771 772 773 774 775 776 777 778 779 780 781 782 783 784 785 786 787 788 789 790 791 792 793 794 795 796 797 798 799 800 801 802 803 804 805 806 807 808 809 810 811 812 813 814 815 816 817 818 819 820 821 822 823 824 825 826 827 828 829 830 831 832 833 834 835 836 837 838 839 840 841 842 843 844 845 846 847 848 849 850 851 852 853 854 855 856 857 858 859 860 861 862 863 864 865 866 867 868 869 870 871 872 873 874 875 876 877 878 879 880 881 882 883 884 885 886 887 888 889 890 891 892 893 894 895 896 897 898 899 900 901 902 903 904 905 906 907 908 909 910 911 912 913 914 915 916 917 918 919 920 921 922 923 924 925 926 927 928 929 930 931 932 933 934 935 936 937 938 939 940 941 942 943 944 945 946 947 948 949 950 951 952 953 954 955 956 957 958 959 960 961 962 963 964 965 966 967 968 969 970 971 972 973 974 975 976 977 978 979 980 981 982 983 984 985 986 987 988 989 990 991 992 993 994 995 996 997 998 999 1000 1001 1002 1003 1004 1005 1006 1007 1008 1009 1010 1011 1012 1013 1014 1015 1016 1017 1018 1019 1020 1021 1022 1023 1024 1025 1026 1027 1028 1029 1030 1031 1032 1033 1034 1035 1036 1037 1038 1039 1040 1041 1042 1043 1044 1045 1046 1047 1048 1049 1050 1051 1052 1053 1054 1055 1056 1057 1058 1059 1060 1061 1062 1063 1064 1065 1066 1067 1068 1069 1070 1071 1072 1073 1074 1075 1076 1077 1078 1079 1080 1081 1082 1083 1084 1085 1086 1087 1088 1089 1090 1091 1092 1093 1094 1095 1096 1097 1098 1099 1100 1101 1102 1103 1104 1105 1106 1107 1108 1109 1110 1111 1112 1113 1114 1115 1116 1117 1118 1119 1120 1121 1122 1123 1124 1125 1126 1127 1128 1129 1130 1131 1132 1133 1134 1135 1136 1137 1138 1139 1140 1141 1142 1143 1144 1145 1146 1147 1148 1149 1150 1151 1152 1153 1154 1155 1156 1157 1158 1159 1160 1161 1162 1163 1164 1165 1166 1167 1168 1169 1170 1171 1172 1173 1174 1175 1176 1177 1178 1179 1180 1181 1182 1183 1184 1185 1186 1187 1188 1189 1190 1191 1192 1193 1194 1195 1196 1197 1198 1199 1200 1201 1202 1203 1204 1205 1206 1207 1208 1209 1210 1211 1212 1213 1214 1215 1216 1217 1218 1219 1220 1221 1222 1223 1224 1225 1226 1227 1228 1229 1230 1231 1232 1233 1234 1235 1236 1237 1238 1239 1240 1241 1242 1243 1244 1245 1246 1247 1248 1249 1250 1251 1252 1253 1254 1255 1256 1257 1258 1259 1260 1261 1262 1263 1264 1265 1266 1267 1268 1269 1270 1271 1272 1273 1274 1275 1276 1277 1278 1279 1280 1281 1282 1283 1284 1285 1286 1287 1288 1289 1290 1291 1292 1293 1294 1295 1296 1297 1298 1299 1300 1301 1302 1303 1304 1305 1306 1307 1308 1309 1310 1311 1312 1313 1314 1315 1316 1317 1318 1319 1320 1321 1322 1323 1324 1325 1326 1327 1328 1329 1330 1331 1332 1333 1334 1335 1336 1337 1338 1339 1340 1341 1342 1343 1344 1345 1346 1347 1348 1349 1350 1351 1352 1353 1354 1355 1356 1357 1358 1359 1360 1361 1362 1363 1364 1365 1366 1367 1368 1369 1370 1371 1372 1373 1374 1375 1376 1377 1378 1379 1380 1381 1382 1383 1384 1385 1386 1387 1388 1389 1390 1391 1392 1393 1394 1395 1396 1397 1398 1399 1400 1401 1402 1403 1404 1405 1406 1407 1408 1409 1410 1411 1412 1413 1414 1415 1416 1417 1418 1419 1420 1421 1422 1423 1424 1425 1426 1427 1428 1429 1430 1431 1432 1433 1434 1435 1436 1437 1438 1439 1440 1441 1442 1443 1444 1445 1446 1447 1448 1449 1450 1451 1452 1453 1454 1455 1456 1457 1458 1459 1460 1461 1462 1463 1464 1465 1466 1467 1468 1469 1470 1471 1472 1473 1474 1475 1476 1477 1478 1479 1480 1481 1482 1483 1484 1485 1486 1487 1488 1489 1490 1491 1492 1493 1494 1495 1496 1497 1498 1499 1500 1501 1502 1503 1504 1505 1506 1507 1508 1509 1510 1511 1512 1513 1514 1515 1516 1517 1518 1519 1520 1521 1522 1523 1524 1525 1526 1527 1528 1529 1530 1531 1532 1533 1534 1535 1536 1537 1538 1539 1540 1541 1542 1543 1544 1545 1546 1547 1548 1549 1550 1551 1552 1553 1554 1555 1556 1557 1558 1559 1560 1561 1562 1563 1564 1565 1566 1567 1568 1569 1570 1571 1572 1573 1574 1575 1576 1577 1578 1579 1580 1581 1582 1583 1584 1585 1586 1587 1588 1589 1590 1591 1592 1593 1594 1595 1596 1597 1598 1599 1600 1601 1602 1603 1604 1605 1606 1607 1608 1609 1610 1611 1612 1613 1614 1615 1616 1617 1618 1619 1620 1621 1622 1623 1624 1625 1626 1627 1628 1629 1630 1631 1632 1633 1634 1635 1636 1637 1638 1639 1640 1641 1642 1643 1644 1645 1646 1647 1648 1649 1650 1651 1652 1653 1654 1655 1656 1657 1658 1659 1660 1661 1662 1663 1664 1665 1666 1667 1668 1669 1670 1671 1672 1673 1674 1675 1676 1677 1678 1679 1680 1681 1682 1683 1684 1685 1686 1687 1688 1689 1690 1691 1692 1693 1694 1695 1696 1697 1698 1699 1700 1701 1702 1703 1704 1705 1706 1707 1708 1709 1710 1711 1712 1713 1714 1715 1716 1717 1718 1719 1720 1721 1722 1723 1724 1725 1726 1727 1728 1729 1730 1731 1732 1733 1734 1735 1736 1737 1738 1739 1740 1741 1742 1743 1744 1745 1746 1747 1748 1749 1750 1751 1752 1753 1754 1755 1756 1757 1758 1759 1760 1761 1762 1763 1764 1765 1766 1767 1768 1769 1770 1771 1772 1773 1774 1775 1776 1777 1778 1779 1780 1781 1782 1783 1784 1785 1786 1787 1788 1789 1790 1791 1792 1793 1794 1795 1796 1797 1798 1799 1800 1801 1802 1803 1804 1805 1806 1807 1808 1809 1810 1811 1812 1813 1814 1815 1816 1817 1818 1819 1820 1821 1822 1823 1824 1825 1826 1827 1828 1829 1830 1831 1832 1833 1834 1835 1836 1837 1838 1839 1840 1841 1842 1843 1844 1845 1846 1847 1848 1849 1850 1851 1852 1853 1854 1855 1856 1857 1858 1859 1860 1861 1862 1863 1864 1865 1866 1867 1868 1869 1870 1871 1872 1873 1874 1875 1876 1877 1878 1879 1880 1881 1882 1883 1884 1885 1886 1887 1888 1889 1890 1891 1892 1893 1894 1895 1896 1897 1898 1899 1900 1901 1902 1903 1904 1905 1906 1907 1908 1909 1910 1911 1912 1913 1914 1915 1916 1917 1918 1919 1920 1921 1922 1923 1924 1925 1926 1927 1928 1929 1930 1931 1932 1933 1934 1935 1936 1937 1938 1939 1940 1941 1942 1943 1944 1945 1946 1947 1948 1949 1950 1951 1952 1953 1954 1955 1956 1957 1958 1959 1960 1961 1962 1963 1964 1965 1966 1967 1968 1969 1970 1971 1972 1973 1974 1975 1976 1977 1978 1979 1980 1981 1982 1983 1984 1985 1986 1987 1988 1989 1990 1991 1992 1993 1994 1995 1996 1997 1998 1999 2000 2001 2002 2003 2004 2005 2006 2007 2008 2009 2010 2011 2012 2013 2014 2015 2016 2017 2018 2019 2020 2021 2022 2023 2024 2025 2026 2027 2028 2029 2030 2031 2032 2033 2034 2035 2036 2037 2038 2039 2040 2041 2042 2043 2044 2045 2046 2047 2048 2049 2050 2051 2052 2053 2054 2055 2056 2057 2058 2059 2060 2061 2062 2063 2064 2065 2066 2067 2068 2069 2070 2071 2072 2073 2074 2075 2076 2077 2078 2079 2080 2081 2082 2083 2084 2085 2086 2087 2088 2089 2090 2091 2092 2093 2094 2095 2096 2097 2098 2099 2100 2101 2102 2103 2104 2105 2106 2107 2108 2109 2110 2111 2112 2113 2114 2115 2116 2117 2118 2119 2120 2121 2122 2123 2124 2125 2126 2127 2128 2129 2130 2131 2132 2133 2134 2135 2136 2137 2138 2139 2140 2141 2142 2143 2144 2145 2146 2147 2148 2149 2150 2151 2152 2153 2154 2155 2156 2157 2158 2159 2160 2161 2162 2163 2164 2165 2166 2167 2168 2169 2170 2171 2172 2173 2174 2175 2176 2177 2178 2179 2180 2181 2182 2183 2184 2185 2186 2187 2188 2189 2190 2191 2192 2193 2194 2195 2196 2197 2198 2199 2200 2201 2202 2203 2204 2205 2206 2207 2208 2209 2210 2211 2212 2213 2214 2215 2216 2217 2218 2219 2220 2221 2222 2223 2224 2225 2226 2227 2228 2229 2230 2231 2232 2233 2234 2235 2236 2237 2238 2239 2240 2241 2242 2243 2244 2245 2246 2247 2248 2249 2250 2251 2252 2253 2254 2255 2256 2257 2258 2259 2260 2261 2262 2263 2264 2265 2266 2267 2268 2269 2270 2271 2272 2273 2274 2275 2276 2277 2278 2279 2280 2281 2282 2283 2284 2285 2286 2287 2288 2289 2290 2291 2292 2293 2294 2295 2296 2297 2298 2299 2300 2301 2302 2303 2304 2305 2306 2307 2308 2309 2310 2311 2312 2313 2314 2315 2316 2317 2318 2319 2320 2321 2322 2323 2324 2325 2326 2327 2328 2329 2330 2331 2332 2333 2334 2335 2336 2337 2338 2339 2340 2341 2342 2343 2344 2345 2346 2347 2348 2349 2350 2351 2352 2353 2354 2355 2356 2357 2358 2359 2360 2361 2362 2363 2364 2365 2366 2367 2368 2369 2370 2371 2372 2373 2374 2375 2376 2377 2378 2379 2380 2381 2382 2383 2384 2385 2386 2387 2388 2389 2390 2391 2392 2393 2394 2395 2396 2397 2398 2399 2400 2401 2402 2403 2404 2405 2406 2407 2408 2409 2410 2411 2412 2413 2414 2415 2416 2417 2418 2419 2420 2421 2422 2423 2424 2425 2426 2427 2428 2429 2430 2431 2432 2433 2434 2435 2436 2437 2438 2439 2440 2441 2442 2443 2444 2445 2446 2447 2448 2449 2450 2451 2452 2453 2454 2455 2456 2457 2458 2459 2460 2461 2462 2463 2464 2465 2466 2467 2468 2469 2470 2471 2472 2473 2474 2475 2476 2477 2478 2479 2480 2481 2482 2483 2484 2485 2486 2487 2488 2489 2490 2491 2492 2493 2494 2495 2496 2497 2498 2499 2500 2501 2502 2503 2504 2505 2506 2507 2508 2509 2510 2511 2512 2513 2514 2515 2516 2517 2518 2519 2520 2521 2522 2523 2524 2525 2526 2527 2528 2529 2530 2531 2532 2533 2534 2535 2536 2537 2538 2539 2540 2541 2542 2543 2544 2545 2546 2547 2548 2549 2550 2551 2552 2553 2554 2555 2556 2557 2558 2559 2560 2561 2562 2563 2564 2565 2566 2567 2568 2569 2570 2571 2572 2573 2574 2575 2576 2577 2578 2579 2580 2581 2582 2583 2584 2585 2586 2587 2588 2589 2590 2591 2592 2593 2594 2595 2596 2597 2598 2599 2600 2601 2602 2603 2604 2605 2606 2607 2608 2609 2610 2611 2612 2613 2614 2615 2616 2617 2618 2619 2620 2621 2622 2623 2624 2625 2626 2627 2628 2629 2630 2631 2632 2633 2634 2635 2636 2637 2638 2639 2640 2641 2642 2643 2644 2645 2646 2647 2648 2649 2650 2651 2652 2653 2654 2655 2656 2657 2658 2659 2660 2661 2662 2663 2664 2665 2666 2667 2668 2669 2670 2671 2672 2673 2674 2675 2676 2677 2678 2679 2680 2681 2682 2683 2684 2685 2686 2687 2688 2689 2690 2691 2692 2693 2694 2695 2696 2697 2698 2699 2700 2701 2702 2703 2704 2705 2706 2707 2708 2709 2710 2711 2712 2713 2714 2715 2716 2717 2718 2719 2720 2721 2722 2723 2724 2725 2726 2727 2728 2729 2730 2731 2732 2733 2734 2735 2736 2737 2738 2739 2740 2741 2742 2743 2744 2745 2746 2747 2748 2749 2750 2751 2752 2753 2754 2755 2756 2757 2758 2759 2760 2761 2762 2763 2764 2765 2766 2767 2768 2769 2770 2771 2772 2773 2774 2775 2776 2777 2778 2779 2780 2781 2782 2783 2784 2785 2786 2787 2788 2789 2790 2791 2792 2793 2794 2795 2796 2797 2798 2799 2800 2801 2802 2803 2804 2805 2806 2807 2808 2809 2810 2811 2812 2813 2814 2815 2816 2817 2818 2819 2820 2821 2822 2823 2824 2825 2826 2827 2828 2829 2830 2831 2832 2833 2834 2835 2836 2837 2838 2839 2840 2841 2842 2843 2844 2845 2846 2847 2848 2849 2850 2851 2852 2853 2854 2855 2856 2857 2858 2859 2860 2861 2862 2863 2864 2865 2866 2867 2868 2869 2870 2871 2872 2873 2874 2875 2876 2877 2878 2879 2880 2881 2882 2883 2884 2885 2886 2887 2888 2889 2890 2891 2892 2893 2894 2895 2896 2897 2898 2899 2900 2901 2902 2903 2904 2905 2906 2907 2908 2909 2910 2911 2912 2913 2914 2915 2916 2917 2918 2919 2920 2921 2922 2923 2924 2925 2926 2927 2928 2929 2930 2931 2932 2933 2934 2935 2936 2937 2938 2939 2940 2941 2942 2943 2944 2945 2946 2947 2948 2949 2950 2951 2952 2953 2954 2955 2956 2957 2958 2959 2960 2961 2962 2963 2964 2965 2966 2967 2968 2969 2970 2971 2972 2973 2974 2975 2976 2977 2978 2979 2980 2981 2982 2983 2984 2985 2986 2987 2988 2989 2990 2991 2992 2993 2994 2995 2996 2997 2998 2999 3000 3001 3002 3003 3004 3005 3006 3007 3008 3009 3010 3011 3012 3013 3014 3015 3016 3017 3018 3019 3020 3021 3022 3023 3024 3025 3026 3027 3028 3029 3030 3031 3032 3033 3034 3035 3036 3037 3038 3039 3040 3041 3042 3043 3044 3045 3046 3047 3048 3049 3050 3051 3052 3053 3054 3055 3056 3057 3058 3059 3060 3061 3062 3063 3064 3065 3066 3067 3068 3069 3070 3071 3072 3073 3074 3075 3076 3077 3078 3079 3080 3081 3082 3083 3084 3085 3086 3087 3088 3089 3090 3091 3092 3093 3094 3095 3096 3097 3098 3099 3100 3101 3102 3103 3104 3105 3106 3107 3108 3109 3110 3111 3112 3113 3114 3115 3116 3117 3118 3119 3120 3121 3122 3123 3124 3125 3126 3127 3128 3129 3130 3131 3132 3133 3134 3135 3136 3137 3138 3139 3140 3141 3142 3143 3144 3145 3146 3147 3148 3149 3150 3151 3152 3153 3154 3155 3156 3157 3158 3159 3160 3161 3162 3163 3164 3165 3166 3167 3168 3169 3170 3171 3172 3173 3174 3175 3176 3177 3178 3179 3180 3181 3182 3183 3184 3185 3186 3187 3188 3189 3190 3191 3192 3193 3194 3195 3196 3197 3198 3199 3200 3201 3202 3203 3204 3205 3206 3207 3208 3209 3210 3211 3212 3213 3214 3215 3216 3217 3218 3219 3220 3221 3222 3223 3224 3225 3226 3227 3228 3229 3230 3231 3232 3233 3234 3235 3236 3237 3238 3239 3240 3241 3242 3243 3244 3245 3246 3247 3248 3249 3250 3251 3252 3253 3254 3255 3256 3257 3258 3259 3260 3261 3262 3263 3264 3265 3266 3267 3268 3269 3270 3271 3272 3273 3274 3275 3276 3277 3278 3279 3280 3281 3282 3283 3284 3285 3286 3287 3288 3289 3290 3291 3292 3293 3294 3295 3296 3297 3298 3299 3300 3301 3302 3303 3304 3305 3306 3307 3308 3309 3310 3311 3312 3313 3314 3315 3316 3317 3318 3319 3320 3321 3322 3323 3324 3325 3326 3327 3328 3329 3330 3331 3332 3333 3334 3335 3336 3337 3338 3339 3340 3341 3342 3343 3344 3345 3346 3347 3348 3349 3350 3351 3352 3353 3354 3355 3356 3357 3358 3359 3360 3361 3362 3363 3364 3365 3366 3367 3368 3369 3370 3371 3372 3373 3374 3375 3376 3377 3378 3379 3380 3381 3382 3383 3384 3385 3386 3387 3388 3389 3390 3391 3392 3393 3394 3395 3396 3397 3398 3399 3400 3401 3402 3403 3404 3405 3406 3407 3408 3409 3410 3411 3412 3413 3414 3415 3416 3417 3418 3419 3420 3421 3422 3423 3424 3425 3426 3427 3428 3429 3430 3431 3432 3433 3434 3435 3436 3437 3438 3439 3440 3441 3442 3443 3444 3445 3446 3447 3448 3449 3450 3451 3452 3453 3454 3455 3456 3457 3458 3459 3460 3461 3462 3463 3464 3465 3466 3467 3468 3469 3470 3471 3472 3473 3474 3475 3476 3477 3478 3479 3480 3481 3482 3483 3484 3485 3486 3487 3488 3489 3490 3491 3492 3493 3494 3495 3496 3497 3498 3499 3500 3501 3502 3503 3504 3505 3506 3507 3508 3509 3510 3511 3512 3513 3514 3515 3516 3517 3518 3519 3520 3521 3522 3523 3524 3525 3526 3527 3528 3529 3530 3531 3532 3533 3534 3535 3536 3537 3538 3539 3540 3541 3542 3543 3544 3545 3546 3547 3548 3549 3550 3551 3552 3553 3554 3555 3556 3557 3558 3559 3560 3561 3562 3563 3564 3565 3566 3567 3568 3569 3570 3571 3572 3573 3574 3575 3576 3577 3578 3579 3580 3581 3582 3583 3584 3585 3586 3587 3588 3589 3590 3591 3592 3593 3594 3595 3596 3597 3598 3599 3600 3601 3602 3603 3604 3605 3606 3607 3608 3609 3610 3611 3612 3613 3614 3615 3616 3617 3618 3619 3620 3621 3622 3623 3624 3625 3626 3627 3628 3629 3630 3631 3632 3633 3634 3635 3636 3637 3638 3639 3640 3641 3642 3643 3644 3645 3646 3647 3648 3649 3650 3651 3652 3653 3654 3655 3656 3657 3658 3659 3660 3661 3662 3663 3664 3665 3666 3667 3668 3669 3670 3671 3672 3673 3674 3675 3676 3677 3678 3679 3680 3681 3682 3683 3684 3685 3686 3687 3688 3689 3690 3691 3692 3693 3694 3695 3696 3697 3698 3699 3700 3701 3702 3703 3704 3705 3706 3707 3708 3709 3710 3711 3712 3713 3714 3715 3716 3717 3718 3719 3720 3721 3722 3723 3724 3725 3726 3727 3728 3729 3730 3731 3732 3733 3734 3735 3736 3737 3738 3739 3740 3741 3742 3743 3744 3745 3746 3747 3748 3749 3750 3751 3752 3753 3754 3755 3756 3757 3758 3759 3760 3761 3762 3763 3764 3765 3766 3767 3768 3769 3770 3771 3772 3773 3774 3775 3776 3777 3778 3779 3780 3781 3782 3783 3784 3785 3786 3787 3788 3789 3790 3791 3792 3793 3794 3795 3796 3797 3798 3799 3800 3801 3802 3803 3804 3805 3806 3807 3808 3809 3810 3811 3812 3813 3814 3815 3816 3817 3818 3819 3820 3821 3822 3823 3824 3825 3826 3827 3828 3829 3830 3831 3832 3833 3834 3835 3836 3837 3838 3839 3840 3841 3842 3843 3844 3845 3846 3847 3848 3849 3850 3851 3852 3853 3854 3855 3856 3857 3858 3859 3860 3861 3862 3863 3864 3865 3866 3867 3868 3869 3870 3871 3872 3873 3874 3875 3876 3877 3878 3879 3880 3881 3882 3883 3884 3885 3886 3887 3888 3889 3890 3891 3892 3893 3894 3895 3896 3897 3898 3899 3900 3901 3902 3903 3904 3905 3906 3907 3908 3909 3910 3911 3912 3913 3914 3915 3916 3917 3918 3919 3920 3921 3922 3923 3924 3925 3926 3927 3928 3929 3930 3931 3932 3933 3934 3935 3936 3937 3938 3939 3940 3941 3942 3943 3944 3945 3946 3947 3948 3949 3950 3951 3952 3953 3954 3955 3956 3957 3958 3959 3960 3961 3962 3963 3964 3965 3966 3967 3968 3969 3970 3971 3972 3973 3974 3975 3976 3977 3978 3979 3980 3981 3982 3983 3984 3985 3986 3987 3988 3989 3990 3991 3992 3993 3994 3995 3996 3997 3998 3999 4000 4001 4002 4003 4004 4005 4006 4007 4008 4009 4010 4011 4012 4013 4014 4015 4016 4017 4018 4019 4020 4021 4022 4023 4024 4025 4026 4027 4028 4029 4030 4031 4032 4033 4034 4035 4036 4037 4038 4039 4040 4041 4042 4043 4044 4045 4046 4047 4048 4049 4050 4051 4052 4053 4054 4055 4056 4057 4058 4059 4060 4061 4062 4063 4064 4065 4066 4067 4068 4069 4070 4071 4072 4073 4074 4075 4076 4077 4078 4079 4080 4081 4082 4083 4084 4085 4086 4087 4088 4089 4090 4091 4092 4093 4094 4095 4096 4097 4098 4099 4100 4101 4102 4103 4104 4105 4106 4107 4108 4109 4110 4111 4112 4113 4114 4115 4116 4117 4118 4119 4120 4121 4122 4123 4124 4125 4126 4127 4128 4129 4130 4131 4132 4133 4134 4135 4136 4137 4138 4139 4140 4141 4142 4143 4144 4145 4146 4147 4148 4149 4150 4151 4152 4153 4154 4155 4156 4157 4158 4159 4160 4161 4162 4163 4164 4165 4166 4167 4168 4169 4170 4171 4172 4173 4174 4175 4176 4177 4178 4179 4180 4181 4182 4183 4184 4185 4186 4187 4188 4189 4190 4191 4192 4193 4194 4195 4196 4197 4198 4199 4200 4201 4202 4203 4204 4205 4206 4207 4208 4209 4210 4211 4212 4213 4214 4215 4216 4217 4218 4219 4220 4221 4222 4223 4224 4225 4226 4227 4228 4229 4230 4231 4232 4233 4234 4235 4236 4237 4238 4239 4240 4241 4242 4243 4244 4245 4246 4247 4248 4249 4250 4251 4252 4253 4254 4255 4256 4257 4258 4259 4260 4261 4262 4263 4264 4265 4266 4267 4268 4269 4270 4271 4272 4273 4274 4275 4276 4277 4278 4279 4280 4281 4282 4283 4284 4285 4286 4287 4288 4289 4290 4291 4292 4293 4294 4295 4296 4297 4298 4299 4300 4301 4302 4303 4304 4305 4306 4307 4308 4309 4310 4311 4312 4313 4314 4315 4316 4317 4318 4319 4320 4321 4322 4323 4324 4325 4326 4327 4328 4329 4330 4331 4332 4333 4334 4335 4336 4337 4338 4339 4340 4341 4342 4343 4344 4345 4346 4347 4348 4349 4350 4351 4352 4353 4354 4355</p></triangles></mesh></geometry></library_geometries><library_visual_scenes><visual_scene id="scene"><node id="part0-node"><instance_geometry url="#part0"><bind_material><technique_common><instance_material symbol="material" target="#part0-material" /></technique_common></bind_material></instance_geometry></node><node id="part1-node"><instance_geometry url="#part1"><bind_material><technique_common><instance_material symbol="material" target="#part1-material" /></technique_common></bind_material></instance_geometry></node></visual_scene></library_visual_scenes><scene><instance_visual_scene url="#scene" /></scene></COLLADA>