<?xml version='1.0' encoding='utf-8'?>
<COLLADA xmlns="http://www.collada.org/2005/11/COLLADASchema" version="1.4.1"><asset><created>2026-10-07T00:00:00Z</created><modified>2026-10-07T00:00:00Z</modified><unit name="meter" meter="1" /><up_axis>Z_UP</up_axis></asset><library_effects><effect id="part0-effect"><profile_COMMON><technique sid="common"><phong><diffuse><color>0.43137254901960786 0.4588235294117647 0.47058823529411764 1.0</color></diffuse><specular><color>0.04 0.04 0.04 1</color></specular><shininess><float>1.5555555555555554</float></shininess></phong></technique></profile_COMMON></effect><effect id="part1-effect"><profile_COMMON><technique sid="common"><phong><diffuse><color>0.3607843137254902 0.4 0.23137254901960785 1.0</color></diffuse><specular><color>0.04 0.04 0.04 1</color></specular><shininess><float>1.1249999999999996</float></shininess></phong></technique></profile_COMMON></effect><effect id="part2-effect"><profile_COMMON><technique sid="common"><phong><diffuse><color>0.788235294117647 0.8 0.6980392156862745 1.0</color></diffuse><specular><color>0.04 0.04 0.04 1</color></specular><shininess><float>2.733727810650887</float></shininess></phong></technique></profile_COMMON></effect><effect id="part3-effect"><profile_COMMON><technique sid="common"><phong><diffuse><color>0.07058823529411765 0.09019607843137255 0.10196078431372549 1.0</color></diffuse><specular><color>0.04 0.04 0.04 1</color></specular><shininess><float>7.876543209876543</float></shininess></phong></technique></profile_COMMON></effect></library_effects><library_materials><material id="part0-material" name="grey"><instance_effect url="#part0-effect" /></material><material id="part1-material" name="olive"><instance_effect url="#part1-effect" /></material><material id="part2-material" name="cream"><instance_effect url="#part2-effect" /></material><material id="part3-material" name="dark"><instance_effect url="#part3-effect" /></material></library_materials><library_geometries><geometry id="part0"><mesh><source id="part0-positions"><float_array id="part0-positions-array" count="11340">-0.586957109 -0.26571612 0.176954932 -0.583855897 -0.260303124 0.187837309 -0.580754713 -0.254890127 0.177744327 -0.580754713 -0.254890127 0.177744327 -0.583855897 -0.260303124 0.187837309 -0.580190849 -0.259175396 0.191727902 -0.580754713 -0.254890127 0.177744327 -0.580190849 -0.259175396 0.191727902 -0.576131116 -0.252070834 0.178533722 -0.576131116 -0.252070834 0.178533722 -0.580190849 -0.259175396 0.191727902 -0.576469418 -0.259006245 0.1940397 -0.576131116 -0.252070834 0.178533722 -0.576469418 -0.259006245 0.1940397 -0.571902203 -0.251055901 0.179323118 -0.571902203 -0.251055901 0.179323118 -0.576469418 -0.259006245 0.1940397 -0.572578835 -0.259457341 0.195336566 -0.571902203 -0.251055901 0.179323118 -0.572578835 -0.259457341 0.195336566 -0.567898853 -0.251281463 0.180112513 -0.567898853 -0.251281463 0.180112513 -0.572578835 -0.259457341 0.195336566 -0.532376046 -0.268535386 0.205373164 -0.567898853 -0.251281463 0.180112513 -0.532376046 -0.268535386 0.205373164 -0.526286418 -0.260472275 0.189754411 -0.526286418 -0.260472275 0.189754411 -0.532376046 -0.268535386 0.205373164 -0.477682244 -0.282518947 0.220879143 -0.526286418 -0.260472275 0.189754411 -0.477682244 -0.282518947 0.220879143 -0.470958272 -0.274117533 0.204358227 -0.470958272 -0.274117533 0.204358227 -0.477682244 -0.282518947 0.220879143 -0.41237386 -0.299152649 0.239204392 -0.470958272 -0.274117533 0.204358227 -0.41237386 -0.299152649 0.239204392 -0.405551244 -0.290130989 0.221612153 -0.405551244 -0.290130989 0.221612153 -0.41237386 -0.299152649 0.239204392 -0.340524792 -0.316124627 0.257867955 -0.405551244 -0.290130989 0.221612153 -0.340524792 -0.316124627 0.257867955 -0.333984095 -0.306257183 0.239148007 -0.333984095 -0.306257183 0.239148007 -0.340524792 -0.316124627 0.257867955 -0.265870555 -0.331235916 0.274332486 -0.333984095 -0.306257183 0.239148007 -0.265870555 -0.331235916 0.274332486 -0.260288393 -0.320466306 0.254541216 -0.260288393 -0.320466306 0.254541216 -0.265870555 -0.331235916 0.274332486 -0.192217148 -0.342174676 0.286060645 -0.260288393 -0.320466306 0.254541216 -0.192217148 -0.342174676 0.286060645 -0.188608484 -0.330559284 0.265536367 -0.188608484 -0.330559284 0.265536367 -0.192217148 -0.342174676 0.286060645 -0.123370594 -0.346530452 0.290402318 -0.188608484 -0.330559284 0.265536367 -0.123370594 -0.346530452 0.290402318 -0.123370594 -0.334562662 0.269708885 -0.123370594 -0.334562662 0.269708885 -0.123370594 -0.346530452 0.290402318 -0.0545240443 -0.342513006 0.285440405 -0.123370594 -0.334562662 0.269708885 -0.0545240443 -0.342513006 0.285440405 -0.0580199345 -0.331235916 0.265536367 -0.0580199345 -0.331235916 0.265536367 -0.0545240443 -0.342513006 0.285440405 0.0190165883 -0.331968931 0.273148392 -0.0580199345 -0.331235916 0.265536367 0.0190165883 -0.331968931 0.273148392 0.0137727427 -0.321819569 0.254541216 0.0137727427 -0.321819569 0.254541216 0.0190165883 -0.331968931 0.273148392 0.093614442 -0.317308739 0.256063621 0.0137727427 -0.321819569 0.254541216 0.093614442 -0.317308739 0.256063621 0.0876939788 -0.308343461 0.239148007 0.0876939788 -0.308343461 0.239148007 0.093614442 -0.317308739 0.256063621 0.165407126 -0.300675036 0.236779821 0.0876939788 -0.308343461 0.239148007 0.165407126 -0.300675036 0.236779821 0.15954306 -0.29289387 0.221612153 0.15954306 -0.29289387 0.221612153 0.165407126 -0.300675036 0.236779821 0.230659127 -0.284436046 0.217947104 0.15954306 -0.29289387 0.221612153 0.230659127 -0.284436046 0.217947104 0.225133335 -0.277557047 0.204358227 0.225133335 -0.277557047 0.204358227 0.230659127 -0.284436046 0.217947104 0.285352929 -0.27067802 0.201933655 0.225133335 -0.277557047 0.204358227 0.285352929 -0.27067802 0.201933655 0.28056018 -0.264419241 0.189754411 0.28056018 -0.264419241 0.189754411 0.285352929 -0.27067802 0.201933655 0.325555717 -0.26182551 0.19150236 0.28056018 -0.264419241 0.189754411 0.325555717 -0.26182551 0.19150236 0.32205982 -0.255679498 0.180112513 0.32205982 -0.255679498 0.180112513 0.325555717 -0.26182551 0.19150236 0.328431367 -0.261430825 0.190543807 0.32205982 -0.255679498 0.180112513 0.328431367 -0.261430825 0.190543807 0.325048237 -0.255510347 0.179492272 0.325048237 -0.255510347 0.179492272 0.328431367 -0.261430825 0.190543807 0.331250632 -0.261599975 0.188795862 0.325048237 -0.255510347 0.179492272 0.331250632 -0.261599975 0.188795862 0.328205832 -0.256243363 0.178928418 0.328205832 -0.256243363 0.178928418 0.331250632 -0.261599975 0.188795862 0.334013514 -0.262445758 0.185920206 0.328205832 -0.256243363 0.178928418 0.334013514 -0.262445758 0.185920206 0.331645346 -0.258385997 0.178364565 0.331645346 -0.258385997 0.178364565 0.334013514 -0.262445758 0.185920206 0.336325327 -0.266505492 0.177744327 -0.586957109 -0.26571612 0.176954932 -0.58616771 -0.271918488 0.187837309 -0.583855897 -0.260303124 0.187837309 -0.583855897 -0.260303124 0.187837309 -0.58616771 -0.271918488 0.187837309 -0.583235677 -0.274399452 0.191727902 -0.583855897 -0.260303124 0.187837309 -0.583235677 -0.274399452 0.191727902 -0.580190849 -0.259175396 0.191727902 -0.580190849 -0.259175396 0.191727902 -0.583235677 -0.274399452 0.191727902 -0.579852547 -0.275978249 0.1940397 -0.580190849 -0.259175396 0.191727902 -0.579852547 -0.275978249 0.1940397 -0.576469418 -0.259006245 0.1940397 -0.576469418 -0.259006245 0.1940397 -0.579852547 -0.275978249 0.1940397 -0.576131116 -0.277049566 0.195336566 -0.576469418 -0.259006245 0.1940397 -0.576131116 -0.277049566 0.195336566 -0.572578835 -0.259457341 0.195336566 -0.572578835 -0.259457341 0.195336566 -0.576131116 -0.277049566 0.195336566 -0.537056028 -0.286522324 0.205373164 -0.572578835 -0.259457341 0.195336566 -0.537056028 -0.286522324 0.205373164 -0.532376046 -0.268535386 0.205373164 -0.532376046 -0.268535386 0.205373164 -0.537056028 -0.286522324 0.205373164 -0.482756911 -0.301520818 0.220879143 -0.532376046 -0.268535386 0.205373164 -0.482756911 -0.301520818 0.220879143 -0.477682244 -0.282518947 0.220879143 -0.477682244 -0.282518947 0.220879143 -0.482756911 -0.301520818 0.220879143 -0.417561322 -0.319394989 0.239204392 -0.477682244 -0.282518947 0.220879143 -0.417561322 -0.319394989 0.239204392 -0.41237386 -0.299152649 0.239204392 -0.41237386 -0.299152649 0.239204392 -0.417561322 -0.319394989 0.239204392 -0.345430322 -0.337776613 0.257867955 -0.41237386 -0.299152649 0.239204392 -0.345430322 -0.337776613 0.257867955 -0.340524792 -0.316124627 0.257867955 -0.340524792 -0.316124627 0.257867955 -0.345430322 -0.337776613 0.257867955 -0.270043069 -0.354086082 0.274332486 -0.340524792 -0.316124627 0.257867955 -0.270043069 -0.354086082 0.274332486 -0.265870555 -0.331235916 0.274332486 -0.265870555 -0.331235916 0.274332486 -0.270043069 -0.354086082 0.274332486 -0.194867256 -0.365870653 0.286060645 -0.265870555 -0.331235916 0.274332486 -0.194867256 -0.365870653 0.286060645 -0.192217148 -0.342174676 0.286060645 -0.192217148 -0.342174676 0.286060645 -0.194867256 -0.365870653 0.286060645 -0.123370594 -0.370381483 0.290402318 -0.192217148 -0.342174676 0.286060645 -0.123370594 -0.370381483 0.290402318 -0.123370594 -0.346530452 0.290402318 -0.123370594 -0.346530452 0.290402318 -0.123370594 -0.370381483 0.290402318 -0.0519303134 -0.365532323 0.285440405 -0.123370594 -0.346530452 0.290402318 -0.0519303134 -0.365532323 0.285440405 -0.0545240443 -0.342513006 0.285440405 -0.0545240443 -0.342513006 0.285440405 -0.0519303134 -0.365532323 0.285440405 0.0229635684 -0.353409478 0.273148392 -0.0545240443 -0.342513006 0.285440405 0.0229635684 -0.353409478 0.273148392 0.0190165883 -0.331968931 0.273148392 0.0190165883 -0.331968931 0.273148392 0.0229635684 -0.353409478 0.273148392 0.0980688888 -0.336818063 0.256063621 0.0190165883 -0.331968931 0.273148392 0.0980688888 -0.336818063 0.256063621 0.093614442 -0.317308739 0.256063621 0.093614442 -0.317308739 0.256063621 0.0980688888 -0.336818063 0.256063621 0.169917957 -0.318154521 0.236779821 0.093614442 -0.317308739 0.256063621 0.169917957 -0.318154521 0.236779821 0.165407126 -0.300675036 0.236779821 0.165407126 -0.300675036 0.236779821 0.169917957 -0.318154521 0.236779821 0.234831628 -0.299998432 0.217947104 0.165407126 -0.300675036 0.236779821 0.234831628 -0.299998432 0.217947104 0.230659127 -0.284436046 0.217947104 0.230659127 -0.284436046 0.217947104 0.234831628 -0.299998432 0.217947104 0.289017977 -0.284774376 0.201933655 0.230659127 -0.284436046 0.217947104 0.289017977 -0.284774376 0.201933655 0.285352929 -0.27067802 0.201933655 0.285352929 -0.27067802 0.201933655 0.289017977 -0.284774376 0.201933655 0.328205832 -0.274963316 0.19150236 0.285352929 -0.27067802 0.201933655 0.328205832 -0.274963316 0.19150236 0.325555717 -0.26182551 0.19150236 0.325555717 -0.26182551 0.19150236 0.328205832 -0.274963316 0.19150236 0.331025098 -0.274230301 0.190543807 0.325555717 -0.26182551 0.19150236 0.331025098 -0.274230301 0.190543807 0.328431367 -0.261430825 0.190543807 0.328431367 -0.261430825 0.190543807 0.331025098 -0.274230301 0.190543807 0.333562445 -0.272989833 0.188795862 0.328431367 -0.261430825 0.190543807 0.333562445 -0.272989833 0.188795862 0.331250632 -0.261599975 0.188795862 0.331250632 -0.261599975 0.188795862 0.333562445 -0.272989833 0.188795862 0.335761463 -0.271129117 0.185920206 0.331250632 -0.261599975 0.188795862 0.335761463 -0.271129117 0.185920206 0.334013514 -0.262445758 0.185920206 0.334013514 -0.262445758 0.185920206 0.335761463 -0.271129117 0.185920206 0.336325327 -0.266505492 0.177744327 -0.586957109 -0.26571612 0.176954932 -0.585378311 -0.278120883 0.177744327 -0.58616771 -0.271918488 0.187837309 -0.58616771 -0.271918488 0.187837309 -0.585378311 -0.278120883 0.177744327 -0.582220716 -0.282518947 0.178533722 -0.58616771 -0.271918488 0.187837309 -0.582220716 -0.282518947 0.178533722 -0.583235677 -0.274399452 0.191727902 -0.583235677 -0.274399452 0.191727902 -0.582220716 -0.282518947 0.178533722 -0.578724847 -0.285056294 0.179323118 -0.583235677 -0.274399452 0.191727902 -0.578724847 -0.285056294 0.179323118 -0.579852547 -0.275978249 0.1940397 -0.579852547 -0.275978249 0.1940397 -0.578724847 -0.285056294 0.179323118 -0.574947004 -0.286409529 0.180112513 -0.579852547 -0.275978249 0.1940397 -0.574947004 -0.286409529 0.180112513 -0.576131116 -0.277049566 0.195336566 -0.576131116 -0.277049566 0.195336566 -0.574947004 -0.286409529 0.180112513 -0.535590025 -0.296502535 0.189754411 -0.576131116 -0.277049566 0.195336566 -0.535590025 -0.296502535 0.189754411 -0.537056028 -0.286522324 0.205373164 -0.537056028 -0.286522324 0.205373164 -0.535590025 -0.296502535 0.189754411 -0.481178114 -0.312121277 0.204358227 -0.537056028 -0.286522324 0.205373164 -0.481178114 -0.312121277 0.204358227 -0.482756911 -0.301520818 0.220879143 -0.482756911 -0.301520818 0.220879143 -0.481178114 -0.312121277 0.204358227 -0.415926141 -0.330615668 0.221612153 -0.482756911 -0.301520818 0.220879143 -0.415926141 -0.330615668 0.221612153 -0.417561322 -0.319394989 0.239204392 -0.417561322 -0.319394989 0.239204392 -0.415926141 -0.330615668 0.221612153 -0.343851524 -0.349518868 0.239148007 -0.417561322 -0.319394989 0.239204392 -0.343851524 -0.349518868 0.239148007 -0.345430322 -0.337776613 0.257867955 -0.345430322 -0.337776613 0.257867955 -0.343851524 -0.349518868 0.239148007 -0.268633437 -0.366152571 0.254541216 -0.345430322 -0.337776613 0.257867955 -0.268633437 -0.366152571 0.254541216 -0.270043069 -0.354086082 0.274332486 -0.270043069 -0.354086082 0.274332486 -0.268633437 -0.366152571 0.254541216 -0.19396509 -0.377993498 0.265536367 -0.270043069 -0.354086082 0.274332486 -0.19396509 -0.377993498 0.265536367 -0.194867256 -0.365870653 0.286060645 -0.194867256 -0.365870653 0.286060645 -0.19396509 -0.377993498 0.265536367 -0.123370594 -0.382335177 0.269708885 -0.194867256 -0.365870653 0.286060645 -0.123370594 -0.382335177 0.269708885 -0.123370594 -0.370381483 0.290402318 -0.123370594 -0.370381483 0.290402318 -0.123370594 -0.382335177 0.269708885 -0.05288887 -0.377316866 0.265536367 -0.123370594 -0.370381483 0.290402318 -0.05288887 -0.377316866 0.265536367 -0.0519303134 -0.365532323 0.285440405 -0.0519303134 -0.365532323 0.285440405 -0.05288887 -0.377316866 0.265536367 0.0216103192 -0.364742924 0.254541216 -0.0519303134 -0.365532323 0.285440405 0.0216103192 -0.364742924 0.254541216 0.0229635684 -0.353409478 0.273148392 0.0229635684 -0.353409478 0.273148392 0.0216103192 -0.364742924 0.254541216 0.0966028724 -0.347376234 0.239148007 0.0229635684 -0.353409478 0.273148392 0.0966028724 -0.347376234 0.239148007 0.0980688888 -0.336818063 0.256063621 0.0980688888 -0.336818063 0.256063621 0.0966028724 -0.347376234 0.239148007 0.168508338 -0.327852786 0.221612153 0.0980688888 -0.336818063 0.256063621 0.168508338 -0.327852786 0.221612153 0.169917957 -0.318154521 0.236779821 0.169917957 -0.318154521 0.236779821 0.168508338 -0.327852786 0.221612153 0.233534776 -0.308738147 0.204358227 0.169917957 -0.318154521 0.236779821 0.233534776 -0.308738147 0.204358227 0.234831628 -0.299998432 0.217947104 0.234831628 -0.299998432 0.217947104 0.233534776 -0.308738147 0.204358227 0.287833893 -0.292555541 0.189754411 0.234831628 -0.299998432 0.217947104 0.287833893 -0.292555541 0.189754411 0.289017977 -0.284774376 0.201933655 0.289017977 -0.284774376 0.201933655 0.287833893 -0.292555541 0.189754411 0.32736005 -0.282011494 0.180112513 0.289017977 -0.284774376 0.201933655 0.32736005 -0.282011494 0.180112513 0.328205832 -0.274963316 0.19150236 0.328205832 -0.274963316 0.19150236 0.32736005 -0.282011494 0.180112513 0.330179315 -0.280996533 0.179492272 0.328205832 -0.274963316 0.19150236 0.330179315 -0.280996533 0.179492272 0.331025098 -0.274230301 0.190543807 0.331025098 -0.274230301 0.190543807 0.330179315 -0.280996533 0.179492272 0.332773046 -0.279079433 0.178928418 0.331025098 -0.274230301 0.190543807 0.332773046 -0.279079433 0.178928418 0.333562445 -0.272989833 0.188795862 0.333562445 -0.272989833 0.188795862 0.332773046 -0.279079433 0.178928418 0.335141215 -0.275809098 0.178364565 0.333562445 -0.272989833 0.188795862 0.335141215 -0.275809098 0.178364565 0.335761463 -0.271129117 0.185920206 0.335761463 -0.271129117 0.185920206 0.335141215 -0.275809098 0.178364565 0.336325327 -0.266505492 0.177744327 -0.586957109 -0.26571612 0.176954932 -0.5822771 -0.272707887 0.167707729 -0.585378311 -0.278120883 0.177744327 -0.585378311 -0.278120883 0.177744327 -0.5822771 -0.272707887 0.167707729 -0.578160982 -0.275414385 0.16533954 -0.585378311 -0.278120883 0.177744327 -0.578160982 -0.275414385 0.16533954 -0.582220716 -0.282518947 0.178533722 -0.582220716 -0.282518947 0.178533722 -0.578160982 -0.275414385 0.16533954 -0.574157605 -0.277162334 0.164550148 -0.582220716 -0.282518947 0.178533722 -0.574157605 -0.277162334 0.164550148 -0.578724847 -0.285056294 0.179323118 -0.578724847 -0.285056294 0.179323118 -0.574157605 -0.277162334 0.164550148 -0.570267022 -0.278233651 0.164888457 -0.578724847 -0.285056294 0.179323118 -0.570267022 -0.278233651 0.164888457 -0.574947004 -0.286409529 0.180112513 -0.574947004 -0.286409529 0.180112513 -0.570267022 -0.278233651 0.164888457 -0.529500397 -0.288495807 0.174135663 -0.574947004 -0.286409529 0.180112513 -0.529500397 -0.288495807 0.174135663 -0.535590025 -0.296502535 0.189754411 -0.535590025 -0.296502535 0.189754411 -0.529500397 -0.288495807 0.174135663 -0.474468265 -0.303719864 0.187893696 -0.535590025 -0.296502535 0.189754411 -0.474468265 -0.303719864 0.187893696 -0.481178114 -0.312121277 0.204358227 -0.481178114 -0.312121277 0.204358227 -0.474468265 -0.303719864 0.187893696 -0.409103525 -0.321594007 0.204019915 -0.481178114 -0.312121277 0.204358227 -0.409103525 -0.321594007 0.204019915 -0.415926141 -0.330615668 0.221612153 -0.415926141 -0.330615668 0.221612153 -0.409103525 -0.321594007 0.204019915 -0.337310827 -0.339637329 0.220371675 -0.415926141 -0.330615668 0.221612153 -0.337310827 -0.339637329 0.220371675 -0.343851524 -0.349518868 0.239148007 -0.343851524 -0.349518868 0.239148007 -0.337310827 -0.339637329 0.220371675 -0.263051275 -0.355382962 0.234749947 -0.343851524 -0.349518868 0.239148007 -0.263051275 -0.355382962 0.234749947 -0.268633437 -0.366152571 0.254541216 -0.268633437 -0.366152571 0.254541216 -0.263051275 -0.355382962 0.234749947 -0.190356425 -0.366378106 0.245012086 -0.268633437 -0.366152571 0.254541216 -0.190356425 -0.366378106 0.245012086 -0.19396509 -0.377993498 0.265536367 -0.19396509 -0.377993498 0.265536367 -0.190356425 -0.366378106 0.245012086 -0.123370594 -0.370381483 0.249015448 -0.19396509 -0.377993498 0.265536367 -0.123370594 -0.370381483 0.249015448 -0.123370594 -0.382335177 0.269708885 -0.123370594 -0.382335177 0.269708885 -0.123370594 -0.370381483 0.249015448 -0.0563847602 -0.366039804 0.24557594 -0.123370594 -0.382335177 0.269708885 -0.0563847602 -0.366039804 0.24557594 -0.05288887 -0.377316866 0.265536367 -0.05288887 -0.377316866 0.265536367 -0.0563847602 -0.366039804 0.24557594 0.0163664736 -0.354649946 0.23593404 -0.05288887 -0.377316866 0.265536367 0.0163664736 -0.354649946 0.23593404 0.0216103192 -0.364742924 0.254541216 0.0216103192 -0.364742924 0.254541216 0.0163664736 -0.354649946 0.23593404 0.0907387928 -0.338453244 0.222232393 0.0216103192 -0.364742924 0.254541216 0.0907387928 -0.338453244 0.222232393 0.0966028724 -0.347376234 0.239148007 0.0966028724 -0.347376234 0.239148007 0.0907387928 -0.338453244 0.222232393 0.16258786 -0.320071621 0.206444486 0.0966028724 -0.347376234 0.239148007 0.16258786 -0.320071621 0.206444486 0.168508338 -0.327852786 0.221612153 0.168508338 -0.327852786 0.221612153 0.16258786 -0.320071621 0.206444486 0.228065396 -0.301859148 0.190825735 0.168508338 -0.327852786 0.221612153 0.228065396 -0.301859148 0.190825735 0.233534776 -0.308738147 0.204358227 0.233534776 -0.308738147 0.204358227 0.228065396 -0.301859148 0.190825735 0.283041144 -0.286296762 0.177575169 0.233534776 -0.308738147 0.204358227 0.283041144 -0.286296762 0.177575169 0.287833893 -0.292555541 0.189754411 0.287833893 -0.292555541 0.189754411 0.283041144 -0.286296762 0.177575169 0.323807769 -0.275865482 0.168666279 0.287833893 -0.292555541 0.189754411 0.323807769 -0.275865482 0.168666279 0.32736005 -0.282011494 0.180112513 0.32736005 -0.282011494 0.180112513 0.323807769 -0.275865482 0.168666279 0.326739802 -0.275076083 0.168440737 0.32736005 -0.282011494 0.180112513 0.326739802 -0.275076083 0.168440737 0.330179315 -0.280996533 0.179492272 0.330179315 -0.280996533 0.179492272 0.326739802 -0.275076083 0.168440737 0.329728218 -0.273779204 0.169004595 0.330179315 -0.280996533 0.179492272 0.329728218 -0.273779204 0.169004595 0.332773046 -0.279079433 0.178928418 0.332773046 -0.279079433 0.178928418 0.329728218 -0.273779204 0.169004595 0.33282943 -0.271749337 0.170808923 0.332773046 -0.279079433 0.178928418 0.33282943 -0.271749337 0.170808923 0.335141215 -0.275809098 0.178364565 0.335141215 -0.275809098 0.178364565 0.33282943 -0.271749337 0.170808923 0.336325327 -0.266505492 0.177744327 -0.586957109 -0.26571612 0.176954932 -0.579965315 -0.261092495 0.167707729 -0.5822771 -0.272707887 0.167707729 -0.5822771 -0.272707887 0.167707729 -0.579965315 -0.261092495 0.167707729 -0.575116182 -0.260190329 0.16533954 -0.5822771 -0.272707887 0.167707729 -0.575116182 -0.260190329 0.16533954 -0.578160982 -0.275414385 0.16533954 -0.578160982 -0.275414385 0.16533954 -0.575116182 -0.260190329 0.16533954 -0.570774503 -0.260133945 0.164550148 -0.578160982 -0.275414385 0.16533954 -0.570774503 -0.260133945 0.164550148 -0.574157605 -0.277162334 0.164550148 -0.574157605 -0.277162334 0.164550148 -0.570774503 -0.260133945 0.164550148 -0.566714741 -0.260641426 0.164888457 -0.574157605 -0.277162334 0.164550148 -0.566714741 -0.260641426 0.164888457 -0.570267022 -0.278233651 0.164888457 -0.570267022 -0.278233651 0.164888457 -0.566714741 -0.260641426 0.164888457 -0.524820416 -0.270508869 0.174135663 -0.570267022 -0.278233651 0.164888457 -0.524820416 -0.270508869 0.174135663 -0.529500397 -0.288495807 0.174135663 -0.529500397 -0.288495807 0.174135663 -0.524820416 -0.270508869 0.174135663 -0.469379475 -0.284717992 0.187893696 -0.529500397 -0.288495807 0.174135663 -0.469379475 -0.284717992 0.187893696 -0.474468265 -0.303719864 0.187893696 -0.474468265 -0.303719864 0.187893696 -0.469379475 -0.284717992 0.187893696 -0.403916063 -0.301351667 0.204019915 -0.474468265 -0.303719864 0.187893696 -0.403916063 -0.301351667 0.204019915 -0.409103525 -0.321594007 0.204019915 -0.409103525 -0.321594007 0.204019915 -0.403916063 -0.301351667 0.204019915 -0.332348914 -0.317985343 0.220371675 -0.409103525 -0.321594007 0.204019915 -0.332348914 -0.317985343 0.220371675 -0.337310827 -0.339637329 0.220371675 -0.337310827 -0.339637329 0.220371675 -0.332348914 -0.317985343 0.220371675 -0.258878761 -0.332532795 0.234749947 -0.337310827 -0.339637329 0.220371675 -0.258878761 -0.332532795 0.234749947 -0.263051275 -0.355382962 0.234749947 -0.263051275 -0.355382962 0.234749947 -0.258878761 -0.332532795 0.234749947 -0.187706317 -0.342682157 0.245012086 -0.263051275 -0.355382962 0.234749947 -0.187706317 -0.342682157 0.245012086 -0.190356425 -0.366378106 0.245012086 -0.190356425 -0.366378106 0.245012086 -0.187706317 -0.342682157 0.245012086 -0.123370594 -0.346530452 0.249015448 -0.190356425 -0.366378106 0.245012086 -0.123370594 -0.346530452 0.249015448 -0.123370594 -0.370381483 0.249015448 -0.123370594 -0.370381483 0.249015448 -0.123370594 -0.346530452 0.249015448 -0.0589221006 -0.343020459 0.24557594 -0.123370594 -0.370381483 0.249015448 -0.0589221006 -0.343020459 0.24557594 -0.0563847602 -0.366039804 0.24557594 -0.0563847602 -0.366039804 0.24557594 -0.0589221006 -0.343020459 0.24557594 0.012475891 -0.333153015 0.23593404 -0.0563847602 -0.366039804 0.24557594 0.012475891 -0.333153015 0.23593404 0.0163664736 -0.354649946 0.23593404 0.0163664736 -0.354649946 0.23593404 0.012475891 -0.333153015 0.23593404 0.0862843459 -0.31894392 0.222232393 0.0163664736 -0.354649946 0.23593404 0.0862843459 -0.31894392 0.222232393 0.0907387928 -0.338453244 0.222232393 0.0907387928 -0.338453244 0.222232393 0.0862843459 -0.31894392 0.222232393 0.158133414 -0.302592135 0.206444486 0.0907387928 -0.338453244 0.222232393 0.158133414 -0.302592135 0.206444486 0.16258786 -0.320071621 0.206444486 0.16258786 -0.320071621 0.206444486 0.158133414 -0.302592135 0.206444486 0.223836483 -0.286240378 0.190825735 0.16258786 -0.320071621 0.206444486 0.223836483 -0.286240378 0.190825735 0.228065396 -0.301859148 0.190825735 0.228065396 -0.301859148 0.190825735 0.223836483 -0.286240378 0.190825735 0.279432479 -0.272256818 0.177575169 0.228065396 -0.301859148 0.190825735 0.279432479 -0.272256818 0.177575169 0.283041144 -0.286296762 0.177575169 0.283041144 -0.286296762 0.177575169 0.279432479 -0.272256818 0.177575169 0.321157654 -0.262671293 0.168666279 0.283041144 -0.286296762 0.177575169 0.321157654 -0.262671293 0.168666279 0.323807769 -0.275865482 0.168666279 0.323807769 -0.275865482 0.168666279 0.321157654 -0.262671293 0.168666279 0.324202455 -0.262276607 0.168440737 0.323807769 -0.275865482 0.168666279 0.324202455 -0.262276607 0.168440737 0.326739802 -0.275076083 0.168440737 0.326739802 -0.275076083 0.168440737 0.324202455 -0.262276607 0.168440737 0.327472817 -0.262332991 0.169004595 0.326739802 -0.275076083 0.168440737 0.327472817 -0.262332991 0.169004595 0.329728218 -0.273779204 0.169004595 0.329728218 -0.273779204 0.169004595 0.327472817 -0.262332991 0.169004595 0.331081481 -0.263009622 0.170808923 0.329728218 -0.273779204 0.169004595 0.331081481 -0.263009622 0.170808923 0.33282943 -0.271749337 0.170808923 0.33282943 -0.271749337 0.170808923 0.331081481 -0.263009622 0.170808923 0.336325327 -0.266505492 0.177744327 -0.586957109 -0.26571612 0.176954932 -0.580754713 -0.254890127 0.177744327 -0.579965315 -0.261092495 0.167707729 -0.579965315 -0.261092495 0.167707729 -0.580754713 -0.254890127 0.177744327 -0.576131116 -0.252070834 0.178533722 -0.579965315 -0.261092495 0.167707729 -0.576131116 -0.252070834 0.178533722 -0.575116182 -0.260190329 0.16533954 -0.575116182 -0.260190329 0.16533954 -0.576131116 -0.252070834 0.178533722 -0.571902203 -0.251055901 0.179323118 -0.575116182 -0.260190329 0.16533954 -0.571902203 -0.251055901 0.179323118 -0.570774503 -0.260133945 0.164550148 -0.570774503 -0.260133945 0.164550148 -0.571902203 -0.251055901 0.179323118 -0.567898853 -0.251281463 0.180112513 -0.570774503 -0.260133945 0.164550148 -0.567898853 -0.251281463 0.180112513 -0.566714741 -0.260641426 0.164888457 -0.566714741 -0.260641426 0.164888457 -0.567898853 -0.251281463 0.180112513 -0.526286418 -0.260472275 0.189754411 -0.566714741 -0.260641426 0.164888457 -0.526286418 -0.260472275 0.189754411 -0.524820416 -0.270508869 0.174135663 -0.524820416 -0.270508869 0.174135663 -0.526286418 -0.260472275 0.189754411 -0.470958272 -0.274117533 0.204358227 -0.524820416 -0.270508869 0.174135663 -0.470958272 -0.274117533 0.204358227 -0.469379475 -0.284717992 0.187893696 -0.469379475 -0.284717992 0.187893696 -0.470958272 -0.274117533 0.204358227 -0.405551244 -0.290130989 0.221612153 -0.469379475 -0.284717992 0.187893696 -0.405551244 -0.290130989 0.221612153 -0.403916063 -0.301351667 0.204019915 -0.403916063 -0.301351667 0.204019915 -0.405551244 -0.290130989 0.221612153 -0.333984095 -0.306257183 0.239148007 -0.403916063 -0.301351667 0.204019915 -0.333984095 -0.306257183 0.239148007 -0.332348914 -0.317985343 0.220371675 -0.332348914 -0.317985343 0.220371675 -0.333984095 -0.306257183 0.239148007 -0.260288393 -0.320466306 0.254541216 -0.332348914 -0.317985343 0.220371675 -0.260288393 -0.320466306 0.254541216 -0.258878761 -0.332532795 0.234749947 -0.258878761 -0.332532795 0.234749947 -0.260288393 -0.320466306 0.254541216 -0.188608484 -0.330559284 0.265536367 -0.258878761 -0.332532795 0.234749947 -0.188608484 -0.330559284 0.265536367 -0.187706317 -0.342682157 0.245012086 -0.187706317 -0.342682157 0.245012086 -0.188608484 -0.330559284 0.265536367 -0.123370594 -0.334562662 0.269708885 -0.187706317 -0.342682157 0.245012086 -0.123370594 -0.334562662 0.269708885 -0.123370594 -0.346530452 0.249015448 -0.123370594 -0.346530452 0.249015448 -0.123370594 -0.334562662 0.269708885 -0.0580199345 -0.331235916 0.265536367 -0.123370594 -0.346530452 0.249015448 -0.0580199345 -0.331235916 0.265536367 -0.0589221006 -0.343020459 0.24557594 -0.0589221006 -0.343020459 0.24557594 -0.0580199345 -0.331235916 0.265536367 0.0137727427 -0.321819569 0.254541216 -0.0589221006 -0.343020459 0.24557594 0.0137727427 -0.321819569 0.254541216 0.012475891 -0.333153015 0.23593404 0.012475891 -0.333153015 0.23593404 0.0137727427 -0.321819569 0.254541216 0.0876939788 -0.308343461 0.239148007 0.012475891 -0.333153015 0.23593404 0.0876939788 -0.308343461 0.239148007 0.0862843459 -0.31894392 0.222232393 0.0862843459 -0.31894392 0.222232393 0.0876939788 -0.308343461 0.239148007 0.15954306 -0.29289387 0.221612153 0.0862843459 -0.31894392 0.222232393 0.15954306 -0.29289387 0.221612153 0.158133414 -0.302592135 0.206444486 0.158133414 -0.302592135 0.206444486 0.15954306 -0.29289387 0.221612153 0.225133335 -0.277557047 0.204358227 0.158133414 -0.302592135 0.206444486 0.225133335 -0.277557047 0.204358227 0.223836483 -0.286240378 0.190825735 0.223836483 -0.286240378 0.190825735 0.225133335 -0.277557047 0.204358227 0.28056018 -0.264419241 0.189754411 0.223836483 -0.286240378 0.190825735 0.28056018 -0.264419241 0.189754411 0.279432479 -0.272256818 0.177575169 0.279432479 -0.272256818 0.177575169 0.28056018 -0.264419241 0.189754411 0.32205982 -0.255679498 0.180112513 0.279432479 -0.272256818 0.177575169 0.32205982 -0.255679498 0.180112513 0.321157654 -0.262671293 0.168666279 0.321157654 -0.262671293 0.168666279 0.32205982 -0.255679498 0.180112513 0.325048237 -0.255510347 0.179492272 0.321157654 -0.262671293 0.168666279 0.325048237 -0.255510347 0.179492272 0.324202455 -0.262276607 0.168440737 0.324202455 -0.262276607 0.168440737 0.325048237 -0.255510347 0.179492272 0.328205832 -0.256243363 0.178928418 0.324202455 -0.262276607 0.168440737 0.328205832 -0.256243363 0.178928418 0.327472817 -0.262332991 0.169004595 0.327472817 -0.262332991 0.169004595 0.328205832 -0.256243363 0.178928418 0.331645346 -0.258385997 0.178364565 0.327472817 -0.262332991 0.169004595 0.331645346 -0.258385997 0.178364565 0.331081481 -0.263009622 0.170808923 0.331081481 -0.263009622 0.170808923 0.331645346 -0.258385997 0.178364565 0.336325327 -0.266505492 0.177744327 -0.587182643 -0.13285806 0.176954932 -0.584645296 -0.127163132 0.187780925 -0.582051565 -0.121411819 0.177744327 -0.582051565 -0.121411819 0.177744327 -0.584645296 -0.127163132 0.187780925 -0.581149399 -0.125640731 0.191671514 -0.582051565 -0.121411819 0.177744327 -0.581149399 -0.125640731 0.191671514 -0.577766269 -0.118197854 0.178533722 -0.577766269 -0.118197854 0.178533722 -0.581149399 -0.125640731 0.191671514 -0.577427967 -0.125076867 0.1940397 -0.577766269 -0.118197854 0.178533722 -0.577427967 -0.125076867 0.1940397 -0.573650152 -0.116731838 0.179323118 -0.573650152 -0.116731838 0.179323118 -0.577427967 -0.125076867 0.1940397 -0.573537385 -0.125189648 0.195336566 -0.573650152 -0.116731838 0.179323118 -0.573537385 -0.125189648 0.195336566 -0.569646774 -0.116562673 0.180112513 -0.569646774 -0.116562673 0.180112513 -0.573537385 -0.125189648 0.195336566 -0.533729309 -0.129531314 0.205373164 -0.569646774 -0.116562673 0.180112513 -0.533729309 -0.129531314 0.205373164 -0.528541847 -0.120791585 0.189754411 -0.528541847 -0.120791585 0.189754411 -0.533729309 -0.129531314 0.205373164 -0.479091863 -0.136241176 0.220822758 -0.528541847 -0.120791585 0.189754411 -0.479091863 -0.136241176 0.220822758 -0.473453332 -0.127050364 0.204358227 -0.473453332 -0.127050364 0.204358227 -0.479091863 -0.136241176 0.220822758 -0.41383989 -0.144247904 0.239204392 -0.473453332 -0.127050364 0.204358227 -0.41383989 -0.144247904 0.239204392 -0.408088564 -0.134436844 0.221612153 -0.408088564 -0.134436844 0.221612153 -0.41383989 -0.144247904 0.239204392 -0.341878041 -0.152423782 0.257867955 -0.408088564 -0.134436844 0.221612153 -0.341878041 -0.152423782 0.257867955 -0.336408661 -0.141936105 0.239148007 -0.336408661 -0.141936105 0.239148007 -0.341878041 -0.152423782 0.257867955 -0.266998255 -0.159753878 0.274332486 -0.336408661 -0.141936105 0.239148007 -0.266998255 -0.159753878 0.274332486 -0.262318274 -0.148533186 0.254541216 -0.262318274 -0.148533186 0.254541216 -0.266998255 -0.159753878 0.274332486 -0.192893772 -0.165110491 0.286060645 -0.262318274 -0.148533186 0.254541216 -0.192893772 -0.165110491 0.286060645 -0.189961733 -0.153325948 0.265536367 -0.189961733 -0.153325948 0.265536367 -0.192893772 -0.165110491 0.286060645 -0.123370594 -0.167253139 0.290402318 -0.189961733 -0.153325948 0.265536367 -0.123370594 -0.167253139 0.290402318 -0.123370594 -0.155299431 0.269708885 -0.123370594 -0.155299431 0.269708885 -0.123370594 -0.167253139 0.290402318 -0.0538474197 -0.165448807 0.285440405 -0.123370594 -0.155299431 0.269708885 -0.0538474197 -0.165448807 0.285440405 -0.0567230759 -0.154002566 0.265536367 -0.0567230759 -0.154002566 0.265536367 -0.0538474197 -0.165448807 0.285440405 0.0200879053 -0.160486893 0.273092008 -0.0567230759 -0.154002566 0.265536367 0.0200879053 -0.160486893 0.273092008 0.0157462396 -0.149942819 0.254541216 0.0157462396 -0.149942819 0.254541216 0.0200879053 -0.160486893 0.273092008 0.0948549238 -0.153551483 0.256007236 0.0157462396 -0.149942819 0.254541216 0.0948549238 -0.153551483 0.256007236 0.0898930103 -0.144078739 0.239148007 0.0898930103 -0.144078739 0.239148007 0.0948549238 -0.153551483 0.256007236 0.166704005 -0.145770304 0.236779821 0.0898930103 -0.144078739 0.239148007 0.166704005 -0.145770304 0.236779821 0.161742078 -0.13725611 0.221612153 0.161742078 -0.13725611 0.221612153 0.166704005 -0.145770304 0.236779821 0.231843211 -0.138101892 0.217890718 0.161742078 -0.13725611 0.221612153 0.231843211 -0.138101892 0.217890718 0.22716323 -0.130546248 0.204358227 0.22716323 -0.130546248 0.204358227 0.231843211 -0.138101892 0.217890718 0.286367862 -0.131617578 0.201933655 0.22716323 -0.130546248 0.204358227 0.286367862 -0.131617578 0.201933655 0.282308129 -0.124851333 0.189754411 0.282308129 -0.124851333 0.189754411 0.286367862 -0.131617578 0.201933655 0.326288733 -0.127501447 0.19150236 0.282308129 -0.124851333 0.189754411 0.326288733 -0.127501447 0.19150236 0.323356672 -0.121073504 0.180112513 0.323356672 -0.121073504 0.180112513 0.326288733 -0.127501447 0.19150236 0.329164382 -0.127445064 0.190543807 0.323356672 -0.121073504 0.180112513 0.329164382 -0.127445064 0.190543807 0.326345116 -0.121186285 0.179492272 0.326345116 -0.121186285 0.179492272 0.329164382 -0.127445064 0.190543807 0.331983647 -0.127839749 0.188795862 0.326345116 -0.121186285 0.179492272 0.331983647 -0.127839749 0.188795862 0.3294463 -0.122257602 0.178928418 0.3294463 -0.122257602 0.178928418 0.331983647 -0.127839749 0.188795862 0.334577378 -0.128967464 0.185863822 0.3294463 -0.122257602 0.178928418 0.334577378 -0.128967464 0.185863822 0.332660279 -0.124682168 0.178308181 0.332660279 -0.124682168 0.178308181 0.334577378 -0.128967464 0.185863822 0.336494478 -0.133252746 0.177744327 -0.587182643 -0.13285806 0.176954932 -0.58582938 -0.138947674 0.187780925 -0.584645296 -0.127163132 0.187780925 -0.584645296 -0.127163132 0.187780925 -0.58582938 -0.138947674 0.187780925 -0.582671813 -0.141090322 0.191671514 -0.584645296 -0.127163132 0.187780925 -0.582671813 -0.141090322 0.191671514 -0.581149399 -0.125640731 0.191671514 -0.581149399 -0.125640731 0.191671514 -0.582671813 -0.141090322 0.191671514 -0.579175916 -0.142387188 0.1940397 -0.581149399 -0.125640731 0.191671514 -0.579175916 -0.142387188 0.1940397 -0.577427967 -0.125076867 0.1940397 -0.577427967 -0.125076867 0.1940397 -0.579175916 -0.142387188 0.1940397 -0.575341717 -0.143007422 0.195336566 -0.577427967 -0.125076867 0.1940397 -0.575341717 -0.143007422 0.195336566 -0.573537385 -0.125189648 0.195336566 -0.573537385 -0.125189648 0.195336566 -0.575341717 -0.143007422 0.195336566 -0.536097478 -0.147969335 0.205373164 -0.573537385 -0.125189648 0.195336566 -0.536097478 -0.147969335 0.205373164 -0.533729309 -0.129531314 0.205373164 -0.533729309 -0.129531314 0.205373164 -0.536097478 -0.147969335 0.205373164 -0.481741978 -0.155750514 0.220822758 -0.533729309 -0.129531314 0.205373164 -0.481741978 -0.155750514 0.220822758 -0.479091863 -0.136241176 0.220822758 -0.479091863 -0.136241176 0.220822758 -0.481741978 -0.155750514 0.220822758 -0.416490005 -0.164997724 0.239204392 -0.479091863 -0.136241176 0.220822758 -0.416490005 -0.164997724 0.239204392 -0.41383989 -0.144247904 0.239204392 -0.41383989 -0.144247904 0.239204392 -0.416490005 -0.164997724 0.239204392 -0.344359005 -0.174470468 0.257867955 -0.41383989 -0.144247904 0.239204392 -0.344359005 -0.174470468 0.257867955 -0.341878041 -0.152423782 0.257867955 -0.341878041 -0.152423782 0.257867955 -0.344359005 -0.174470468 0.257867955 -0.26908452 -0.182871881 0.274332486 -0.341878041 -0.152423782 0.257867955 -0.26908452 -0.182871881 0.274332486 -0.266998255 -0.159753878 0.274332486 -0.266998255 -0.159753878 0.274332486 -0.26908452 -0.182871881 0.274332486 -0.194247022 -0.188905125 0.286060645 -0.266998255 -0.159753878 0.274332486 -0.194247022 -0.188905125 0.286060645 -0.192893772 -0.165110491 0.286060645 -0.192893772 -0.165110491 0.286060645 -0.194247022 -0.188905125 0.286060645 -0.123370594 -0.191160541 0.290402318 -0.192893772 -0.165110491 0.286060645 -0.123370594 -0.191160541 0.290402318 -0.123370594 -0.167253139 0.290402318 -0.123370594 -0.167253139 0.290402318 -0.123370594 -0.191160541 0.290402318 -0.0525505543 -0.18856681 0.285440405 -0.123370594 -0.167253139 0.290402318 -0.0525505543 -0.18856681 0.285440405 -0.0538474197 -0.165448807 0.285440405 -0.0538474197 -0.165448807 0.285440405 -0.0525505543 -0.18856681 0.285440405 0.0220614023 -0.182195263 0.273092008 -0.0538474197 -0.165448807 0.285440405 0.0220614023 -0.182195263 0.273092008 0.0200879053 -0.160486893 0.273092008 0.0200879053 -0.160486893 0.273092008 0.0220614023 -0.182195263 0.273092008 0.0971103391 -0.173455534 0.256007236 0.0200879053 -0.160486893 0.273092008 0.0971103391 -0.173455534 0.256007236 0.0948549238 -0.153551483 0.256007236 0.0948549238 -0.153551483 0.256007236 0.0971103391 -0.173455534 0.256007236 0.16901579 -0.163644475 0.236779821 0.0948549238 -0.153551483 0.256007236 0.16901579 -0.163644475 0.236779821 0.166704005 -0.145770304 0.236779821 0.166704005 -0.145770304 0.236779821 0.16901579 -0.163644475 0.236779821 0.233985845 -0.154058963 0.217890718 0.166704005 -0.145770304 0.236779821 0.233985845 -0.154058963 0.217890718 0.231843211 -0.138101892 0.217890718 0.231843211 -0.138101892 0.217890718 0.233985845 -0.154058963 0.217890718 0.288228578 -0.146052236 0.201933655 0.231843211 -0.138101892 0.217890718 0.288228578 -0.146052236 0.201933655 0.286367862 -0.131617578 0.201933655 0.286367862 -0.131617578 0.201933655 0.288228578 -0.146052236 0.201933655 0.327641968 -0.140864774 0.19150236 0.286367862 -0.131617578 0.201933655 0.327641968 -0.140864774 0.19150236 0.326288733 -0.127501447 0.19150236 0.326288733 -0.127501447 0.19150236 0.327641968 -0.140864774 0.19150236 0.330461234 -0.140357307 0.190543807 0.326288733 -0.127501447 0.19150236 0.330461234 -0.140357307 0.190543807 0.329164382 -0.127445064 0.190543807 0.329164382 -0.127445064 0.190543807 0.330461234 -0.140357307 0.190543807 0.333111348 -0.139398757 0.188795862 0.329164382 -0.127445064 0.190543807 0.333111348 -0.139398757 0.188795862 0.331983647 -0.127839749 0.188795862 0.331983647 -0.127839749 0.188795862 0.333111348 -0.139398757 0.188795862 0.335479545 -0.137819974 0.185863822 0.331983647 -0.127839749 0.188795862 0.335479545 -0.137819974 0.185863822 0.334577378 -0.128967464 0.185863822 0.334577378 -0.128967464 0.185863822 0.335479545 -0.137819974 0.185863822 0.336494478 -0.133252746 0.177744327 -0.587182643 -0.13285806 0.176954932 -0.584419761 -0.145037302 0.177744327 -0.58582938 -0.138947674 0.187780925 -0.58582938 -0.138947674 0.187780925 -0.584419761 -0.145037302 0.177744327 -0.580867481 -0.14909705 0.178533722 -0.58582938 -0.138947674 0.187780925 -0.580867481 -0.14909705 0.178533722 -0.582671813 -0.141090322 0.191671514 -0.582671813 -0.141090322 0.191671514 -0.580867481 -0.14909705 0.178533722 -0.577089665 -0.151296068 0.179323118 -0.582671813 -0.141090322 0.191671514 -0.577089665 -0.151296068 0.179323118 -0.579175916 -0.142387188 0.1940397 -0.579175916 -0.142387188 0.1940397 -0.577089665 -0.151296068 0.179323118 -0.573199055 -0.152254631 0.180112513 -0.579175916 -0.142387188 0.1940397 -0.573199055 -0.152254631 0.180112513 -0.575341717 -0.143007422 0.195336566 -0.575341717 -0.143007422 0.195336566 -0.573199055 -0.152254631 0.180112513 -0.533334596 -0.157724011 0.189754411 -0.575341717 -0.143007422 0.195336566 -0.533334596 -0.157724011 0.189754411 -0.536097478 -0.147969335 0.205373164 -0.536097478 -0.147969335 0.205373164 -0.533334596 -0.157724011 0.189754411 -0.478697177 -0.166069041 0.204358227 -0.536097478 -0.147969335 0.205373164 -0.478697177 -0.166069041 0.204358227 -0.481741978 -0.155750514 0.220822758 -0.481741978 -0.155750514 0.220822758 -0.478697177 -0.166069041 0.204358227 -0.413388793 -0.175936484 0.221612153 -0.481741978 -0.155750514 0.220822758 -0.413388793 -0.175936484 0.221612153 -0.416490005 -0.164997724 0.239204392 -0.416490005 -0.164997724 0.239204392 -0.413388793 -0.175936484 0.221612153 -0.341426958 -0.185973079 0.239148007 -0.416490005 -0.164997724 0.239204392 -0.341426958 -0.185973079 0.239148007 -0.344359005 -0.174470468 0.257867955 -0.344359005 -0.174470468 0.257867955 -0.341426958 -0.185973079 0.239148007 -0.266547172 -0.194769205 0.254541216 -0.344359005 -0.174470468 0.257867955 -0.266547172 -0.194769205 0.254541216 -0.26908452 -0.182871881 0.274332486 -0.26908452 -0.182871881 0.274332486 -0.266547172 -0.194769205 0.254541216 -0.19261184 -0.2009716 0.265536367 -0.26908452 -0.182871881 0.274332486 -0.19261184 -0.2009716 0.265536367 -0.194247022 -0.188905125 0.286060645 -0.194247022 -0.188905125 0.286060645 -0.19261184 -0.2009716 0.265536367 -0.123370594 -0.203114234 0.269708885 -0.194247022 -0.188905125 0.286060645 -0.123370594 -0.203114234 0.269708885 -0.123370594 -0.191160541 0.290402318 -0.123370594 -0.191160541 0.290402318 -0.123370594 -0.203114234 0.269708885 -0.0541293449 -0.200238585 0.265536367 -0.123370594 -0.191160541 0.290402318 -0.0541293449 -0.200238585 0.265536367 -0.0525505543 -0.18856681 0.285440405 -0.0525505543 -0.18856681 0.285440405 -0.0541293449 -0.200238585 0.265536367 0.0196932197 -0.193359572 0.254541216 -0.0525505543 -0.18856681 0.285440405 0.0196932197 -0.193359572 0.254541216 0.0220614023 -0.182195263 0.273092008 0.0220614023 -0.182195263 0.273092008 0.0196932197 -0.193359572 0.254541216 0.0944602245 -0.183830444 0.239148007 0.0220614023 -0.182195263 0.273092008 0.0944602245 -0.183830444 0.239148007 0.0971103391 -0.173455534 0.256007236 0.0971103391 -0.173455534 0.256007236 0.0944602245 -0.183830444 0.239148007 0.166309292 -0.173117219 0.221612153 0.0971103391 -0.173455534 0.256007236 0.166309292 -0.173117219 0.221612153 0.16901579 -0.163644475 0.236779821 0.16901579 -0.163644475 0.236779821 0.166309292 -0.173117219 0.221612153 0.231504909 -0.162573144 0.204358227 0.16901579 -0.163644475 0.236779821 0.231504909 -0.162573144 0.204358227 0.233985845 -0.154058963 0.217890718 0.233985845 -0.154058963 0.217890718 0.231504909 -0.162573144 0.204358227 0.286085944 -0.153664264 0.189754411 0.233985845 -0.154058963 0.217890718 0.286085944 -0.153664264 0.189754411 0.288228578 -0.146052236 0.201933655 0.288228578 -0.146052236 0.201933655 0.286085944 -0.153664264 0.189754411 0.326006787 -0.147800184 0.180112513 0.288228578 -0.146052236 0.201933655 0.326006787 -0.147800184 0.180112513 0.327641968 -0.140864774 0.19150236 0.327641968 -0.140864774 0.19150236 0.326006787 -0.147800184 0.180112513 0.328938847 -0.147067169 0.179492272 0.327641968 -0.140864774 0.19150236 0.328938847 -0.147067169 0.179492272 0.330461234 -0.140357307 0.190543807 0.330461234 -0.140357307 0.190543807 0.328938847 -0.147067169 0.179492272 0.331758113 -0.145431988 0.178928418 0.330461234 -0.140357307 0.190543807 0.331758113 -0.145431988 0.178928418 0.333111348 -0.139398757 0.188795862 0.333111348 -0.139398757 0.188795862 0.331758113 -0.145431988 0.178928418 0.334408227 -0.142387188 0.178308181 0.333111348 -0.139398757 0.188795862 0.334408227 -0.142387188 0.178308181 0.335479545 -0.137819974 0.185863822 0.335479545 -0.137819974 0.185863822 0.334408227 -0.142387188 0.178308181 0.336494478 -0.133252746 0.177744327 -0.587182643 -0.13285806 0.176954932 -0.58182603 -0.139342374 0.167651346 -0.584419761 -0.145037302 0.177744327 -0.584419761 -0.145037302 0.177744327 -0.58182603 -0.139342374 0.167651346 -0.577427967 -0.141597789 0.16533954 -0.584419761 -0.145037302 0.177744327 -0.577427967 -0.141597789 0.16533954 -0.580867481 -0.14909705 0.178533722 -0.580867481 -0.14909705 0.178533722 -0.577427967 -0.141597789 0.16533954 -0.57331185 -0.142951038 0.164550148 -0.580867481 -0.14909705 0.178533722 -0.57331185 -0.142951038 0.164550148 -0.577089665 -0.151296068 0.179323118 -0.577089665 -0.151296068 0.179323118 -0.57331185 -0.142951038 0.164550148 -0.569308472 -0.143627656 0.164888457 -0.577089665 -0.151296068 0.179323118 -0.569308472 -0.143627656 0.164888457 -0.573199055 -0.152254631 0.180112513 -0.573199055 -0.152254631 0.180112513 -0.569308472 -0.143627656 0.164888457 -0.528147134 -0.148984269 0.174135663 -0.573199055 -0.152254631 0.180112513 -0.528147134 -0.148984269 0.174135663 -0.533334596 -0.157724011 0.189754411 -0.533334596 -0.157724011 0.189754411 -0.528147134 -0.148984269 0.174135663 -0.473058619 -0.156878229 0.187950079 -0.533334596 -0.157724011 0.189754411 -0.473058619 -0.156878229 0.187950079 -0.478697177 -0.166069041 0.204358227 -0.478697177 -0.166069041 0.204358227 -0.473058619 -0.156878229 0.187950079 -0.407637495 -0.166125425 0.2040763 -0.478697177 -0.166069041 0.204358227 -0.407637495 -0.166125425 0.2040763 -0.413388793 -0.175936484 0.221612153 -0.413388793 -0.175936484 0.221612153 -0.407637495 -0.166125425 0.2040763 -0.335957578 -0.175429018 0.22042806 -0.413388793 -0.175936484 0.221612153 -0.335957578 -0.175429018 0.22042806 -0.341426958 -0.185973079 0.239148007 -0.341426958 -0.185973079 0.239148007 -0.335957578 -0.175429018 0.22042806 -0.261923575 -0.183548512 0.234749947 -0.341426958 -0.185973079 0.239148007 -0.261923575 -0.183548512 0.234749947 -0.266547172 -0.194769205 0.254541216 -0.266547172 -0.194769205 0.254541216 -0.261923575 -0.183548512 0.234749947 -0.189679801 -0.189187044 0.245012086 -0.266547172 -0.194769205 0.254541216 -0.189679801 -0.189187044 0.245012086 -0.19261184 -0.2009716 0.265536367 -0.19261184 -0.2009716 0.265536367 -0.189679801 -0.189187044 0.245012086 -0.123370594 -0.191160541 0.249015448 -0.19261184 -0.2009716 0.265536367 -0.123370594 -0.191160541 0.249015448 -0.123370594 -0.203114234 0.269708885 -0.123370594 -0.203114234 0.269708885 -0.123370594 -0.191160541 0.249015448 -0.0570050011 -0.188848742 0.24557594 -0.123370594 -0.203114234 0.269708885 -0.0570050011 -0.188848742 0.24557594 -0.0541293449 -0.200238585 0.265536367 -0.0541293449 -0.200238585 0.265536367 -0.0570050011 -0.188848742 0.24557594 0.0153515402 -0.182815497 0.235990426 -0.0541293449 -0.200238585 0.265536367 0.0153515402 -0.182815497 0.235990426 0.0196932197 -0.193359572 0.254541216 0.0196932197 -0.193359572 0.254541216 0.0153515402 -0.182815497 0.235990426 0.0894983109 -0.174301303 0.222232393 0.0196932197 -0.193359572 0.254541216 0.0894983109 -0.174301303 0.222232393 0.0944602245 -0.183830444 0.239148007 0.0944602245 -0.183830444 0.239148007 0.0894983109 -0.174301303 0.222232393 0.161347392 -0.164603024 0.206500871 0.0944602245 -0.183830444 0.239148007 0.161347392 -0.164603024 0.206500871 0.166309292 -0.173117219 0.221612153 0.166309292 -0.173117219 0.221612153 0.161347392 -0.164603024 0.206500871 0.2268249 -0.155073897 0.190882119 0.166309292 -0.173117219 0.221612153 0.2268249 -0.155073897 0.190882119 0.231504909 -0.162573144 0.204358227 0.231504909 -0.162573144 0.204358227 0.2268249 -0.155073897 0.190882119 0.28202621 -0.146841635 0.177575169 0.231504909 -0.162573144 0.204358227 0.28202621 -0.146841635 0.177575169 0.286085944 -0.153664264 0.189754411 0.286085944 -0.153664264 0.189754411 0.28202621 -0.146841635 0.177575169 0.323074754 -0.141315857 0.168666279 0.286085944 -0.153664264 0.189754411 0.323074754 -0.141315857 0.168666279 0.326006787 -0.147800184 0.180112513 0.326006787 -0.147800184 0.180112513 0.323074754 -0.141315857 0.168666279 0.326119554 -0.14080839 0.168440737 0.326006787 -0.147800184 0.180112513 0.326119554 -0.14080839 0.168440737 0.328938847 -0.147067169 0.179492272 0.328938847 -0.147067169 0.179492272 0.326119554 -0.14080839 0.168440737 0.329220766 -0.139793457 0.169004595 0.328938847 -0.147067169 0.179492272 0.329220766 -0.139793457 0.169004595 0.331758113 -0.145431988 0.178928418 0.331758113 -0.145431988 0.178928418 0.329220766 -0.139793457 0.169004595 0.3324911 -0.138101892 0.17075254 0.331758113 -0.145431988 0.178928418 0.3324911 -0.138101892 0.17075254 0.334408227 -0.142387188 0.178308181 0.334408227 -0.142387188 0.178308181 0.3324911 -0.138101892 0.17075254 0.336494478 -0.133252746 0.177744327 -0.587182643 -0.13285806 0.176954932 -0.580641946 -0.127557831 0.167651346 -0.58182603 -0.139342374 0.167651346 -0.58182603 -0.139342374 0.167651346 -0.580641946 -0.127557831 0.167651346 -0.575905553 -0.126148198 0.16533954 -0.58182603 -0.139342374 0.167651346 -0.575905553 -0.126148198 0.16533954 -0.577427967 -0.141597789 0.16533954 -0.577427967 -0.141597789 0.16533954 -0.575905553 -0.126148198 0.16533954 -0.571563901 -0.125697115 0.164550148 -0.577427967 -0.141597789 0.16533954 -0.571563901 -0.125697115 0.164550148 -0.57331185 -0.142951038 0.164550148 -0.57331185 -0.142951038 0.164550148 -0.571563901 -0.125697115 0.164550148 -0.56750414 -0.125809882 0.164888457 -0.57331185 -0.142951038 0.164550148 -0.56750414 -0.125809882 0.164888457 -0.569308472 -0.143627656 0.164888457 -0.569308472 -0.143627656 0.164888457 -0.56750414 -0.125809882 0.164888457 -0.525778965 -0.130546248 0.174135663 -0.569308472 -0.143627656 0.164888457 -0.525778965 -0.130546248 0.174135663 -0.528147134 -0.148984269 0.174135663 -0.528147134 -0.148984269 0.174135663 -0.525778965 -0.130546248 0.174135663 -0.470394408 -0.137425274 0.187950079 -0.528147134 -0.148984269 0.174135663 -0.470394408 -0.137425274 0.187950079 -0.473058619 -0.156878229 0.187950079 -0.473058619 -0.156878229 0.187950079 -0.470394408 -0.137425274 0.187950079 -0.40498738 -0.145375604 0.2040763 -0.473058619 -0.156878229 0.187950079 -0.40498738 -0.145375604 0.2040763 -0.407637495 -0.166125425 0.2040763 -0.407637495 -0.166125425 0.2040763 -0.40498738 -0.145375604 0.2040763 -0.333420231 -0.153382332 0.22042806 -0.407637495 -0.166125425 0.2040763 -0.333420231 -0.153382332 0.22042806 -0.335957578 -0.175429018 0.22042806 -0.335957578 -0.175429018 0.22042806 -0.333420231 -0.153382332 0.22042806 -0.25983731 -0.16043051 0.234749947 -0.335957578 -0.175429018 0.22042806 -0.25983731 -0.16043051 0.234749947 -0.261923575 -0.183548512 0.234749947 -0.261923575 -0.183548512 0.234749947 -0.25983731 -0.16043051 0.234749947 -0.188326551 -0.16533604 0.245012086 -0.261923575 -0.183548512 0.234749947 -0.188326551 -0.16533604 0.245012086 -0.189679801 -0.189187044 0.245012086 -0.189679801 -0.189187044 0.245012086 -0.188326551 -0.16533604 0.245012086 -0.123370594 -0.167253139 0.249015448 -0.189679801 -0.189187044 0.245012086 -0.123370594 -0.167253139 0.249015448 -0.123370594 -0.191160541 0.249015448 -0.123370594 -0.191160541 0.249015448 -0.123370594 -0.167253139 0.249015448 -0.0583018666 -0.165674342 0.24557594 -0.123370594 -0.191160541 0.249015448 -0.0583018666 -0.165674342 0.24557594 -0.0570050011 -0.188848742 0.24557594 -0.0570050011 -0.188848742 0.24557594 -0.0583018666 -0.165674342 0.24557594 0.0133780571 -0.161107127 0.235990426 -0.0570050011 -0.188848742 0.24557594 0.0133780571 -0.161107127 0.235990426 0.0153515402 -0.182815497 0.235990426 0.0153515402 -0.182815497 0.235990426 0.0133780571 -0.161107127 0.235990426 0.0872428957 -0.154453649 0.222232393 0.0153515402 -0.182815497 0.235990426 0.0872428957 -0.154453649 0.222232393 0.0894983109 -0.174301303 0.222232393 0.0894983109 -0.174301303 0.222232393 0.0872428957 -0.154453649 0.222232393 0.15903558 -0.146728854 0.206500871 0.0894983109 -0.174301303 0.222232393 0.15903558 -0.146728854 0.206500871 0.161347392 -0.164603024 0.206500871 0.161347392 -0.164603024 0.206500871 0.15903558 -0.146728854 0.206500871 0.224682266 -0.139060442 0.190882119 0.161347392 -0.164603024 0.206500871 0.224682266 -0.139060442 0.190882119 0.2268249 -0.155073897 0.190882119 0.2268249 -0.155073897 0.190882119 0.224682266 -0.139060442 0.190882119 0.280165467 -0.132463361 0.177575169 0.2268249 -0.155073897 0.190882119 0.280165467 -0.132463361 0.177575169 0.28202621 -0.146841635 0.177575169 0.28202621 -0.146841635 0.177575169 0.280165467 -0.132463361 0.177575169 0.321777902 -0.12795253 0.168666279 0.28202621 -0.146841635 0.177575169 0.321777902 -0.12795253 0.168666279 0.323074754 -0.141315857 0.168666279 0.323074754 -0.141315857 0.168666279 0.321777902 -0.12795253 0.168666279 0.324822702 -0.127896147 0.168440737 0.323074754 -0.141315857 0.168666279 0.324822702 -0.127896147 0.168440737 0.326119554 -0.14080839 0.168440737 0.326119554 -0.14080839 0.168440737 0.324822702 -0.127896147 0.168440737 0.328036681 -0.128234449 0.169004595 0.326119554 -0.14080839 0.168440737 0.328036681 -0.128234449 0.169004595 0.329220766 -0.139793457 0.169004595 0.329220766 -0.139793457 0.169004595 0.328036681 -0.128234449 0.169004595 0.331588934 -0.129249396 0.17075254 0.329220766 -0.139793457 0.169004595 0.331588934 -0.129249396 0.17075254 0.3324911 -0.138101892 0.17075254 0.3324911 -0.138101892 0.17075254 0.331588934 -0.129249396 0.17075254 0.336494478 -0.133252746 0.177744327 -0.587182643 -0.13285806 0.176954932 -0.582051565 -0.121411819 0.177744327 -0.580641946 -0.127557831 0.167651346 -0.580641946 -0.127557831 0.167651346 -0.582051565 -0.121411819 0.177744327 -0.577766269 -0.118197854 0.178533722 -0.580641946 -0.127557831 0.167651346 -0.577766269 -0.118197854 0.178533722 -0.575905553 -0.126148198 0.16533954 -0.575905553 -0.126148198 0.16533954 -0.577766269 -0.118197854 0.178533722 -0.573650152 -0.116731838 0.179323118 -0.575905553 -0.126148198 0.16533954 -0.573650152 -0.116731838 0.179323118 -0.571563901 -0.125697115 0.164550148 -0.571563901 -0.125697115 0.164550148 -0.573650152 -0.116731838 0.179323118 -0.569646774 -0.116562673 0.180112513 -0.571563901 -0.125697115 0.164550148 -0.569646774 -0.116562673 0.180112513 -0.56750414 -0.125809882 0.164888457 -0.56750414 -0.125809882 0.164888457 -0.569646774 -0.116562673 0.180112513 -0.528541847 -0.120791585 0.189754411 -0.56750414 -0.125809882 0.164888457 -0.528541847 -0.120791585 0.189754411 -0.525778965 -0.130546248 0.174135663 -0.525778965 -0.130546248 0.174135663 -0.528541847 -0.120791585 0.189754411 -0.473453332 -0.127050364 0.204358227 -0.525778965 -0.130546248 0.174135663 -0.473453332 -0.127050364 0.204358227 -0.470394408 -0.137425274 0.187950079 -0.470394408 -0.137425274 0.187950079 -0.473453332 -0.127050364 0.204358227 -0.408088564 -0.134436844 0.221612153 -0.470394408 -0.137425274 0.187950079 -0.408088564 -0.134436844 0.221612153 -0.40498738 -0.145375604 0.2040763 -0.40498738 -0.145375604 0.2040763 -0.408088564 -0.134436844 0.221612153 -0.336408661 -0.141936105 0.239148007 -0.40498738 -0.145375604 0.2040763 -0.336408661 -0.141936105 0.239148007 -0.333420231 -0.153382332 0.22042806 -0.333420231 -0.153382332 0.22042806 -0.336408661 -0.141936105 0.239148007 -0.262318274 -0.148533186 0.254541216 -0.333420231 -0.153382332 0.22042806 -0.262318274 -0.148533186 0.254541216 -0.25983731 -0.16043051 0.234749947 -0.25983731 -0.16043051 0.234749947 -0.262318274 -0.148533186 0.254541216 -0.189961733 -0.153325948 0.265536367 -0.25983731 -0.16043051 0.234749947 -0.189961733 -0.153325948 0.265536367 -0.188326551 -0.16533604 0.245012086 -0.188326551 -0.16533604 0.245012086 -0.189961733 -0.153325948 0.265536367 -0.123370594 -0.155299431 0.269708885 -0.188326551 -0.16533604 0.245012086 -0.123370594 -0.155299431 0.269708885 -0.123370594 -0.167253139 0.249015448 -0.123370594 -0.167253139 0.249015448 -0.123370594 -0.155299431 0.269708885 -0.0567230759 -0.154002566 0.265536367 -0.123370594 -0.167253139 0.249015448 -0.0567230759 -0.154002566 0.265536367 -0.0583018666 -0.165674342 0.24557594 -0.0583018666 -0.165674342 0.24557594 -0.0567230759 -0.154002566 0.265536367 0.0157462396 -0.149942819 0.254541216 -0.0583018666 -0.165674342 0.24557594 0.0157462396 -0.149942819 0.254541216 0.0133780571 -0.161107127 0.235990426 0.0133780571 -0.161107127 0.235990426 0.0157462396 -0.149942819 0.254541216 0.0898930103 -0.144078739 0.239148007 0.0133780571 -0.161107127 0.235990426 0.0898930103 -0.144078739 0.239148007 0.0872428957 -0.154453649 0.222232393 0.0872428957 -0.154453649 0.222232393 0.0898930103 -0.144078739 0.239148007 0.161742078 -0.13725611 0.221612153 0.0872428957 -0.154453649 0.222232393 0.161742078 -0.13725611 0.221612153 0.15903558 -0.146728854 0.206500871 0.15903558 -0.146728854 0.206500871 0.161742078 -0.13725611 0.221612153 0.22716323 -0.130546248 0.204358227 0.15903558 -0.146728854 0.206500871 0.22716323 -0.130546248 0.204358227 0.224682266 -0.139060442 0.190882119 0.224682266 -0.139060442 0.190882119 0.22716323 -0.130546248 0.204358227 0.282308129 -0.124851333 0.189754411 0.224682266 -0.139060442 0.190882119 0.282308129 -0.124851333 0.189754411 0.280165467 -0.132463361 0.177575169 0.280165467 -0.132463361 0.177575169 0.282308129 -0.124851333 0.189754411 0.323356672 -0.121073504 0.180112513 0.280165467 -0.132463361 0.177575169 0.323356672 -0.121073504 0.180112513 0.321777902 -0.12795253 0.168666279 0.321777902 -0.12795253 0.168666279 0.323356672 -0.121073504 0.180112513 0.326345116 -0.121186285 0.179492272 0.321777902 -0.12795253 0.168666279 0.326345116 -0.121186285 0.179492272 0.324822702 -0.127896147 0.168440737 0.324822702 -0.127896147 0.168440737 0.326345116 -0.121186285 0.179492272 0.3294463 -0.122257602 0.178928418 0.324822702 -0.127896147 0.168440737 0.3294463 -0.122257602 0.178928418 0.328036681 -0.128234449 0.169004595 0.328036681 -0.128234449 0.169004595 0.3294463 -0.122257602 0.178928418 0.332660279 -0.124682168 0.178308181 0.328036681 -0.128234449 0.169004595 0.332660279 -0.124682168 0.178308181 0.331588934 -0.129249396 0.17075254 0.331588934 -0.129249396 0.17075254 0.332660279 -0.124682168 0.178308181 0.336494478 -0.133252746 0.177744327 -0.587239027 0 0.176898545 -0.585321928 0.00592046499 0.187780925 -0.583292061 0.01184093 0.17768794 -0.583292061 0.01184093 0.17768794 -0.585321928 0.00592046499 0.187780925 -0.581995181 0.00778118256 0.191671514 -0.583292061 0.01184093 0.17768794 -0.581995181 0.00778118256 0.191671514 -0.579345067 0.0155059797 0.178477335 -0.579345067 0.0155059797 0.178477335 -0.581995181 0.00778118256 0.191671514 -0.578330133 0.00868334866 0.1940397 -0.579345067 0.0155059797 0.178477335 -0.578330133 0.00868334866 0.1940397 -0.5753981 0.0173666973 0.179323118 -0.5753981 0.0173666973 0.179323118 -0.578330133 0.00868334866 0.1940397 -0.574495934 0.00896527556 0.195280179 -0.5753981 0.0173666973 0.179323118 -0.574495934 0.00896527556 0.195280179 -0.571451107 0.0179305511 0.180112513 -0.571451107 0.0179305511 0.180112513 -0.574495934 0.00896527556 0.195280179 -0.534969777 0.00930358785 0.205373164 -0.571451107 0.0179305511 0.180112513 -0.534969777 0.00930358785 0.205373164 -0.530910044 0.0186071757 0.189754411 -0.530910044 0.0186071757 0.189754411 -0.534969777 0.00930358785 0.205373164 -0.48050151 0.00981105627 0.220822758 -0.530910044 0.0186071757 0.189754411 -0.48050151 0.00981105627 0.220822758 -0.476103446 0.0196784979 0.204358227 -0.476103446 0.0196784979 0.204358227 -0.48050151 0.00981105627 0.220822758 -0.415249509 0.0104876808 0.239204392 -0.476103446 0.0196784979 0.204358227 -0.415249509 0.0104876808 0.239204392 -0.410738679 0.0209189763 0.221612153 -0.410738679 0.0209189763 0.221612153 -0.415249509 0.0104876808 0.239204392 -0.343174907 0.01110792 0.257867955 -0.410738679 0.0209189763 0.221612153 -0.343174907 0.01110792 0.257867955 -0.338889611 0.0221594547 0.239148007 -0.338889611 0.0221594547 0.239148007 -0.343174907 0.01110792 0.257867955 -0.268069572 0.0116153885 0.274332486 -0.338889611 0.0221594547 0.239148007 -0.268069572 0.0116153885 0.274332486 -0.264460908 0.0232307769 0.254541216 -0.264460908 0.0232307769 0.254541216 -0.268069572 0.0116153885 0.274332486 -0.193570397 0.0118973154 0.286060645 -0.264460908 0.0232307769 0.254541216 -0.193570397 0.0118973154 0.286060645 -0.191314982 0.0238510161 0.265536367 -0.191314982 0.0238510161 0.265536367 -0.193570397 0.0118973154 0.286060645 -0.123370594 0.0119537007 0.290402318 -0.191314982 0.0238510161 0.265536367 -0.123370594 0.0119537007 0.290402318 -0.123370594 0.0239074015 0.269708885 -0.123370594 0.0239074015 0.269708885 -0.123370594 0.0119537007 0.290402318 -0.0532271788 0.0115590031 0.285440405 -0.123370594 0.0239074015 0.269708885 -0.0532271788 0.0115590031 0.285440405 -0.0554262104 0.0231743915 0.265536367 -0.0554262104 0.0231743915 0.265536367 -0.0532271788 0.0115590031 0.285440405 0.0211028525 0.0108823785 0.273092008 -0.0554262104 0.0231743915 0.265536367 0.0211028525 0.0108823785 0.273092008 0.0177197228 0.0218211424 0.254541216 0.0177197228 0.0218211424 0.254541216 0.0211028525 0.0108823785 0.273092008 0.096039022 0.00998021242 0.256007236 0.0177197228 0.0218211424 0.254541216 0.096039022 0.00998021242 0.256007236 0.0921484256 0.0200168102 0.239148007 0.0921484256 0.0200168102 0.239148007 0.096039022 0.00998021242 0.256007236 0.16788809 0.00902166094 0.236779821 0.0921484256 0.0200168102 0.239148007 0.16788809 0.00902166094 0.236779821 0.163997507 0.0180433219 0.221612153 0.163997507 0.0180433219 0.221612153 0.16788809 0.00902166094 0.236779821 0.232970912 0.00806310947 0.217890718 0.163997507 0.0180433219 0.221612153 0.232970912 0.00806310947 0.217890718 0.229362247 0.0161262189 0.204358227 0.229362247 0.0161262189 0.204358227 0.232970912 0.00806310947 0.217890718 0.287382796 0.00727371413 0.201933655 0.229362247 0.0161262189 0.204358227 0.287382796 0.00727371413 0.201933655 0.284225228 0.0145474283 0.189754411 0.284225228 0.0145474283 0.189754411 0.287382796 0.00727371413 0.201933655 0.326965337 0.00670986033 0.19150236 0.284225228 0.0145474283 0.189754411 0.326965337 0.00670986033 0.19150236 0.324709935 0.0134197207 0.180112513 0.324709935 0.0134197207 0.180112513 0.326965337 0.00670986033 0.19150236 0.329897397 0.0064843188 0.190543807 0.324709935 0.0134197207 0.180112513 0.329897397 0.0064843188 0.190543807 0.327641968 0.013025023 0.179492272 0.327641968 0.013025023 0.179492272 0.329897397 0.0064843188 0.190543807 0.332603895 0.00580769423 0.188795862 0.327641968 0.013025023 0.179492272 0.332603895 0.00580769423 0.188795862 0.330630385 0.0116153885 0.178928418 0.330630385 0.0116153885 0.178928418 0.332603895 0.00580769423 0.188795862 0.335084831 0.00445444509 0.185863822 0.330630385 0.0116153885 0.178928418 0.335084831 0.00445444509 0.185863822 0.333562445 0.00890889018 0.178308181 0.333562445 0.00890889018 0.178308181 0.335084831 0.00445444509 0.185863822 0.336550862 0 0.17768794 -0.587239027 0 0.176898545 -0.585321928 -0.00592046499 0.187780925 -0.585321928 0.00592046499 0.187780925 -0.585321928 0.00592046499 0.187780925 -0.585321928 -0.00592046499 0.187780925 -0.581995181 -0.00778118256 0.191671514 -0.585321928 0.00592046499 0.187780925 -0.581995181 -0.00778118256 0.191671514 -0.581995181 0.00778118256 0.191671514 -0.581995181 0.00778118256 0.191671514 -0.581995181 -0.00778118256 0.191671514 -0.578330133 -0.00868334866 0.1940397 -0.581995181 0.00778118256 0.191671514 -0.578330133 -0.00868334866 0.1940397 -0.578330133 0.00868334866 0.1940397 -0.578330133 0.00868334866 0.1940397 -0.578330133 -0.00868334866 0.1940397 -0.574495934 -0.00896527556 0.195280179 -0.578330133 0.00868334866 0.1940397 -0.574495934 -0.00896527556 0.195280179 -0.574495934 0.00896527556 0.195280179 -0.574495934 0.00896527556 0.195280179 -0.574495934 -0.00896527556 0.195280179 -0.534969777 -0.00930358785 0.205373164 -0.574495934 0.00896527556 0.195280179 -0.534969777 -0.00930358785 0.205373164 -0.534969777 0.00930358785 0.205373164 -0.534969777 0.00930358785 0.205373164 -0.534969777 -0.00930358785 0.205373164 -0.48050151 -0.00981105627 0.220822758 -0.534969777 0.00930358785 0.205373164 -0.48050151 -0.00981105627 0.220822758 -0.48050151 0.00981105627 0.220822758 -0.48050151 0.00981105627 0.220822758 -0.48050151 -0.00981105627 0.220822758 -0.415249509 -0.0104876808 0.239204392 -0.48050151 0.00981105627 0.220822758 -0.415249509 -0.0104876808 0.239204392 -0.415249509 0.0104876808 0.239204392 -0.415249509 0.0104876808 0.239204392 -0.415249509 -0.0104876808 0.239204392 -0.343174907 -0.01110792 0.257867955 -0.415249509 0.0104876808 0.239204392 -0.343174907 -0.01110792 0.257867955 -0.343174907 0.01110792 0.257867955 -0.343174907 0.01110792 0.257867955 -0.343174907 -0.01110792 0.257867955 -0.268069572 -0.0116153885 0.274332486 -0.343174907 0.01110792 0.257867955 -0.268069572 -0.0116153885 0.274332486 -0.268069572 0.0116153885 0.274332486 -0.268069572 0.0116153885 0.274332486 -0.268069572 -0.0116153885 0.274332486 -0.193570397 -0.0118973154 0.286060645 -0.268069572 0.0116153885 0.274332486 -0.193570397 -0.0118973154 0.286060645 -0.193570397 0.0118973154 0.286060645 -0.193570397 0.0118973154 0.286060645 -0.193570397 -0.0118973154 0.286060645 -0.123370594 -0.0119537007 0.290402318 -0.193570397 0.0118973154 0.286060645 -0.123370594 -0.0119537007 0.290402318 -0.123370594 0.0119537007 0.290402318 -0.123370594 0.0119537007 0.290402318 -0.123370594 -0.0119537007 0.290402318 -0.0532271788 -0.0115590031 0.285440405 -0.123370594 0.0119537007 0.290402318 -0.0532271788 -0.0115590031 0.285440405 -0.0532271788 0.0115590031 0.285440405 -0.0532271788 0.0115590031 0.285440405 -0.0532271788 -0.0115590031 0.285440405 0.0211028525 -0.0108823785 0.273092008 -0.0532271788 0.0115590031 0.285440405 0.0211028525 -0.0108823785 0.273092008 0.0211028525 0.0108823785 0.273092008 0.0211028525 0.0108823785 0.273092008 0.0211028525 -0.0108823785 0.273092008 0.096039022 -0.00998021242 0.256007236 0.0211028525 0.0108823785 0.273092008 0.096039022 -0.00998021242 0.256007236 0.096039022 0.00998021242 0.256007236 0.096039022 0.00998021242 0.256007236 0.096039022 -0.00998021242 0.256007236 0.16788809 -0.00902166094 0.236779821 0.096039022 0.00998021242 0.256007236 0.16788809 -0.00902166094 0.236779821 0.16788809 0.00902166094 0.236779821 0.16788809 0.00902166094 0.236779821 0.16788809 -0.00902166094 0.236779821 0.232970912 -0.00806310947 0.217890718 0.16788809 0.00902166094 0.236779821 0.232970912 -0.00806310947 0.217890718 0.232970912 0.00806310947 0.217890718 0.232970912 0.00806310947 0.217890718 0.232970912 -0.00806310947 0.217890718 0.287382796 -0.00727371413 0.201933655 0.232970912 0.00806310947 0.217890718 0.287382796 -0.00727371413 0.201933655 0.287382796 0.00727371413 0.201933655 0.287382796 0.00727371413 0.201933655 0.287382796 -0.00727371413 0.201933655 0.326965337 -0.00670986033 0.19150236 0.287382796 0.00727371413 0.201933655 0.326965337 -0.00670986033 0.19150236 0.326965337 0.00670986033 0.19150236 0.326965337 0.00670986033 0.19150236 0.326965337 -0.00670986033 0.19150236 0.329897397 -0.0064843188 0.190543807 0.326965337 0.00670986033 0.19150236 0.329897397 -0.0064843188 0.190543807 0.329897397 0.0064843188 0.190543807 0.329897397 0.0064843188 0.190543807 0.329897397 -0.0064843188 0.190543807 0.332603895 -0.00580769423 0.188795862 0.329897397 0.0064843188 0.190543807 0.332603895 -0.00580769423 0.188795862 0.332603895 0.00580769423 0.188795862 0.332603895 0.00580769423 0.188795862 0.332603895 -0.00580769423 0.188795862 0.335084831 -0.00445444509 0.185863822 0.332603895 0.00580769423 0.188795862 0.335084831 -0.00445444509 0.185863822 0.335084831 0.00445444509 0.185863822 0.335084831 0.00445444509 0.185863822 0.335084831 -0.00445444509 0.185863822 0.336550862 0 0.17768794 -0.587239027 0 0.176898545 -0.583292061 -0.01184093 0.17768794 -0.585321928 -0.00592046499 0.187780925 -0.585321928 -0.00592046499 0.187780925 -0.583292061 -0.01184093 0.17768794 -0.579345067 -0.0155059797 0.178477335 -0.585321928 -0.00592046499 0.187780925 -0.579345067 -0.0155059797 0.178477335 -0.581995181 -0.00778118256 0.191671514 -0.581995181 -0.00778118256 0.191671514 -0.579345067 -0.0155059797 0.178477335 -0.5753981 -0.0173666973 0.179323118 -0.581995181 -0.00778118256 0.191671514 -0.5753981 -0.0173666973 0.179323118 -0.578330133 -0.00868334866 0.1940397 -0.578330133 -0.00868334866 0.1940397 -0.5753981 -0.0173666973 0.179323118 -0.571451107 -0.0179305511 0.180112513 -0.578330133 -0.00868334866 0.1940397 -0.571451107 -0.0179305511 0.180112513 -0.574495934 -0.00896527556 0.195280179 -0.574495934 -0.00896527556 0.195280179 -0.571451107 -0.0179305511 0.180112513 -0.530910044 -0.0186071757 0.189754411 -0.574495934 -0.00896527556 0.195280179 -0.530910044 -0.0186071757 0.189754411 -0.534969777 -0.00930358785 0.205373164 -0.534969777 -0.00930358785 0.205373164 -0.530910044 -0.0186071757 0.189754411 -0.476103446 -0.0196784979 0.204358227 -0.534969777 -0.00930358785 0.205373164 -0.476103446 -0.0196784979 0.204358227 -0.48050151 -0.00981105627 0.220822758 -0.48050151 -0.00981105627 0.220822758 -0.476103446 -0.0196784979 0.204358227 -0.410738679 -0.0209189763 0.221612153 -0.48050151 -0.00981105627 0.220822758 -0.410738679 -0.0209189763 0.221612153 -0.415249509 -0.0104876808 0.239204392 -0.415249509 -0.0104876808 0.239204392 -0.410738679 -0.0209189763 0.221612153 -0.338889611 -0.0221594547 0.239148007 -0.415249509 -0.0104876808 0.239204392 -0.338889611 -0.0221594547 0.239148007 -0.343174907 -0.01110792 0.257867955 -0.343174907 -0.01110792 0.257867955 -0.338889611 -0.0221594547 0.239148007 -0.264460908 -0.0232307769 0.254541216 -0.343174907 -0.01110792 0.257867955 -0.264460908 -0.0232307769 0.254541216 -0.268069572 -0.0116153885 0.274332486 -0.268069572 -0.0116153885 0.274332486 -0.264460908 -0.0232307769 0.254541216 -0.191314982 -0.0238510161 0.265536367 -0.268069572 -0.0116153885 0.274332486 -0.191314982 -0.0238510161 0.265536367 -0.193570397 -0.0118973154 0.286060645 -0.193570397 -0.0118973154 0.286060645 -0.191314982 -0.0238510161 0.265536367 -0.123370594 -0.0239074015 0.269708885 -0.193570397 -0.0118973154 0.286060645 -0.123370594 -0.0239074015 0.269708885 -0.123370594 -0.0119537007 0.290402318 -0.123370594 -0.0119537007 0.290402318 -0.123370594 -0.0239074015 0.269708885 -0.0554262104 -0.0231743915 0.265536367 -0.123370594 -0.0119537007 0.290402318 -0.0554262104 -0.0231743915 0.265536367 -0.0532271788 -0.0115590031 0.285440405 -0.0532271788 -0.0115590031 0.285440405 -0.0554262104 -0.0231743915 0.265536367 0.0177197228 -0.0218211424 0.254541216 -0.0532271788 -0.0115590031 0.285440405 0.0177197228 -0.0218211424 0.254541216 0.0211028525 -0.0108823785 0.273092008 0.0211028525 -0.0108823785 0.273092008 0.0177197228 -0.0218211424 0.254541216 0.0921484256 -0.0200168102 0.239148007 0.0211028525 -0.0108823785 0.273092008 0.0921484256 -0.0200168102 0.239148007 0.096039022 -0.00998021242 0.256007236 0.096039022 -0.00998021242 0.256007236 0.0921484256 -0.0200168102 0.239148007 0.163997507 -0.0180433219 0.221612153 0.096039022 -0.00998021242 0.256007236 0.163997507 -0.0180433219 0.221612153 0.16788809 -0.00902166094 0.236779821 0.16788809 -0.00902166094 0.236779821 0.163997507 -0.0180433219 0.221612153 0.229362247 -0.0161262189 0.204358227 0.16788809 -0.00902166094 0.236779821 0.229362247 -0.0161262189 0.204358227 0.232970912 -0.00806310947 0.217890718 0.232970912 -0.00806310947 0.217890718 0.229362247 -0.0161262189 0.204358227 0.284225228 -0.0145474283 0.189754411 0.232970912 -0.00806310947 0.217890718 0.284225228 -0.0145474283 0.189754411 0.287382796 -0.00727371413 0.201933655 0.287382796 -0.00727371413 0.201933655 0.284225228 -0.0145474283 0.189754411 0.324709935 -0.0134197207 0.180112513 0.287382796 -0.00727371413 0.201933655 0.324709935 -0.0134197207 0.180112513 0.326965337 -0.00670986033 0.19150236 0.326965337 -0.00670986033 0.19150236 0.324709935 -0.0134197207 0.180112513 0.327641968 -0.013025023 0.179492272 0.326965337 -0.00670986033 0.19150236 0.327641968 -0.013025023 0.179492272 0.329897397 -0.0064843188 0.190543807 0.329897397 -0.0064843188 0.190543807 0.327641968 -0.013025023 0.179492272 0.330630385 -0.0116153885 0.178928418 0.329897397 -0.0064843188 0.190543807 0.330630385 -0.0116153885 0.178928418 0.332603895 -0.00580769423 0.188795862 0.332603895 -0.00580769423 0.188795862 0.330630385 -0.0116153885 0.178928418 0.333562445 -0.00890889018 0.178308181 0.332603895 -0.00580769423 0.188795862 0.333562445 -0.00890889018 0.178308181 0.335084831 -0.00445444509 0.185863822 0.335084831 -0.00445444509 0.185863822 0.333562445 -0.00890889018 0.178308181 0.336550862 0 0.17768794 -0.587239027 0 0.176898545 -0.581262166 -0.00592046499 0.167651346 -0.583292061 -0.01184093 0.17768794 -0.583292061 -0.01184093 0.17768794 -0.581262166 -0.00592046499 0.167651346 -0.576694952 -0.00778118256 0.16533954 -0.583292061 -0.01184093 0.17768794 -0.576694952 -0.00778118256 0.16533954 -0.579345067 -0.0155059797 0.178477335 -0.579345067 -0.0155059797 0.178477335 -0.576694952 -0.00778118256 0.16533954 -0.572409684 -0.00868334866 0.164550148 -0.579345067 -0.0155059797 0.178477335 -0.572409684 -0.00868334866 0.164550148 -0.5753981 -0.0173666973 0.179323118 -0.5753981 -0.0173666973 0.179323118 -0.572409684 -0.00868334866 0.164550148 -0.568349923 -0.00896527556 0.164888457 -0.5753981 -0.0173666973 0.179323118 -0.568349923 -0.00896527556 0.164888457 -0.571451107 -0.0179305511 0.180112513 -0.571451107 -0.0179305511 0.180112513 -0.568349923 -0.00896527556 0.164888457 -0.526906666 -0.00930358785 0.174135663 -0.571451107 -0.0179305511 0.180112513 -0.526906666 -0.00930358785 0.174135663 -0.530910044 -0.0186071757 0.189754411 -0.530910044 -0.0186071757 0.189754411 -0.526906666 -0.00930358785 0.174135663 -0.471634904 -0.00981105627 0.187950079 -0.530910044 -0.0186071757 0.189754411 -0.471634904 -0.00981105627 0.187950079 -0.476103446 -0.0196784979 0.204358227 -0.476103446 -0.0196784979 0.204358227 -0.471634904 -0.00981105627 0.187950079 -0.406227848 -0.0104876808 0.2040763 -0.476103446 -0.0196784979 0.204358227 -0.406227848 -0.0104876808 0.2040763 -0.410738679 -0.0209189763 0.221612153 -0.410738679 -0.0209189763 0.221612153 -0.406227848 -0.0104876808 0.2040763 -0.334604329 -0.01110792 0.22042806 -0.410738679 -0.0209189763 0.221612153 -0.334604329 -0.01110792 0.22042806 -0.338889611 -0.0221594547 0.239148007 -0.338889611 -0.0221594547 0.239148007 -0.334604329 -0.01110792 0.22042806 -0.260852244 -0.0116153885 0.234749947 -0.338889611 -0.0221594547 0.239148007 -0.260852244 -0.0116153885 0.234749947 -0.264460908 -0.0232307769 0.254541216 -0.264460908 -0.0232307769 0.254541216 -0.260852244 -0.0116153885 0.234749947 -0.189003176 -0.0118973154 0.245012086 -0.264460908 -0.0232307769 0.254541216 -0.189003176 -0.0118973154 0.245012086 -0.191314982 -0.0238510161 0.265536367 -0.191314982 -0.0238510161 0.265536367 -0.189003176 -0.0118973154 0.245012086 -0.123370594 -0.0119537007 0.249015448 -0.191314982 -0.0238510161 0.265536367 -0.123370594 -0.0119537007 0.249015448 -0.123370594 -0.0239074015 0.269708885 -0.123370594 -0.0239074015 0.269708885 -0.123370594 -0.0119537007 0.249015448 -0.0576816256 -0.0115590031 0.24557594 -0.123370594 -0.0239074015 0.269708885 -0.0576816256 -0.0115590031 0.24557594 -0.0554262104 -0.0231743915 0.265536367 -0.0554262104 -0.0231743915 0.265536367 -0.0576816256 -0.0115590031 0.24557594 0.0143366068 -0.0108823785 0.235990426 -0.0554262104 -0.0231743915 0.265536367 0.0143366068 -0.0108823785 0.235990426 0.0177197228 -0.0218211424 0.254541216 0.0177197228 -0.0218211424 0.254541216 0.0143366068 -0.0108823785 0.235990426 0.0883142265 -0.00998021242 0.222232393 0.0177197228 -0.0218211424 0.254541216 0.0883142265 -0.00998021242 0.222232393 0.0921484256 -0.0200168102 0.239148007 0.0921484256 -0.0200168102 0.239148007 0.0883142265 -0.00998021242 0.222232393 0.160106897 -0.00902166094 0.206500871 0.0921484256 -0.0200168102 0.239148007 0.160106897 -0.00902166094 0.206500871 0.163997507 -0.0180433219 0.221612153 0.163997507 -0.0180433219 0.221612153 0.160106897 -0.00902166094 0.206500871 0.225697199 -0.00806310947 0.190882119 0.163997507 -0.0180433219 0.221612153 0.225697199 -0.00806310947 0.190882119 0.229362247 -0.0161262189 0.204358227 0.229362247 -0.0161262189 0.204358227 0.225697199 -0.00806310947 0.190882119 0.281067633 -0.00727371413 0.177575169 0.229362247 -0.0161262189 0.204358227 0.281067633 -0.00727371413 0.177575169 0.284225228 -0.0145474283 0.189754411 0.284225228 -0.0145474283 0.189754411 0.281067633 -0.00727371413 0.177575169 0.322398122 -0.00670986033 0.168666279 0.284225228 -0.0145474283 0.189754411 0.322398122 -0.00670986033 0.168666279 0.324709935 -0.0134197207 0.180112513 0.324709935 -0.0134197207 0.180112513 0.322398122 -0.00670986033 0.168666279 0.32544295 -0.0064843188 0.168440737 0.324709935 -0.0134197207 0.180112513 0.32544295 -0.0064843188 0.168440737 0.327641968 -0.013025023 0.179492272 0.327641968 -0.013025023 0.179492272 0.32544295 -0.0064843188 0.168440737 0.328656901 -0.00580769423 0.169004595 0.327641968 -0.013025023 0.179492272 0.328656901 -0.00580769423 0.169004595 0.330630385 -0.0116153885 0.178928418 0.330630385 -0.0116153885 0.178928418 0.328656901 -0.00580769423 0.169004595 0.332096415 -0.00445444509 0.17075254 0.330630385 -0.0116153885 0.178928418 0.332096415 -0.00445444509 0.17075254 0.333562445 -0.00890889018 0.178308181 0.333562445 -0.00890889018 0.178308181 0.332096415 -0.00445444509 0.17075254 0.336550862 0 0.17768794 -0.587239027 0 0.176898545 -0.581262166 0.00592046499 0.167651346 -0.581262166 -0.00592046499 0.167651346 -0.581262166 -0.00592046499 0.167651346 -0.581262166 0.00592046499 0.167651346 -0.576694952 0.00778118256 0.16533954 -0.581262166 -0.00592046499 0.167651346 -0.576694952 0.00778118256 0.16533954 -0.576694952 -0.00778118256 0.16533954 -0.576694952 -0.00778118256 0.16533954 -0.576694952 0.00778118256 0.16533954 -0.572409684 0.00868334866 0.164550148 -0.576694952 -0.00778118256 0.16533954 -0.572409684 0.00868334866 0.164550148 -0.572409684 -0.00868334866 0.164550148 -0.572409684 -0.00868334866 0.164550148 -0.572409684 0.00868334866 0.164550148 -0.568349923 0.00896527556 0.164888457 -0.572409684 -0.00868334866 0.164550148 -0.568349923 0.00896527556 0.164888457 -0.568349923 -0.00896527556 0.164888457 -0.568349923 -0.00896527556 0.164888457 -0.568349923 0.00896527556 0.164888457 -0.526906666 0.00930358785 0.174135663 -0.568349923 -0.00896527556 0.164888457 -0.526906666 0.00930358785 0.174135663 -0.526906666 -0.00930358785 0.174135663 -0.526906666 -0.00930358785 0.174135663 -0.526906666 0.00930358785 0.174135663 -0.471634904 0.00981105627 0.187950079 -0.526906666 -0.00930358785 0.174135663 -0.471634904 0.00981105627 0.187950079 -0.471634904 -0.00981105627 0.187950079 -0.471634904 -0.00981105627 0.187950079 -0.471634904 0.00981105627 0.187950079 -0.406227848 0.0104876808 0.2040763 -0.471634904 -0.00981105627 0.187950079 -0.406227848 0.0104876808 0.2040763 -0.406227848 -0.0104876808 0.2040763 -0.406227848 -0.0104876808 0.2040763 -0.406227848 0.0104876808 0.2040763 -0.334604329 0.01110792 0.22042806 -0.406227848 -0.0104876808 0.2040763 -0.334604329 0.01110792 0.22042806 -0.334604329 -0.01110792 0.22042806 -0.334604329 -0.01110792 0.22042806 -0.334604329 0.01110792 0.22042806 -0.260852244 0.0116153885 0.234749947 -0.334604329 -0.01110792 0.22042806 -0.260852244 0.0116153885 0.234749947 -0.260852244 -0.0116153885 0.234749947 -0.260852244 -0.0116153885 0.234749947 -0.260852244 0.0116153885 0.234749947 -0.189003176 0.0118973154 0.245012086 -0.260852244 -0.0116153885 0.234749947 -0.189003176 0.0118973154 0.245012086 -0.189003176 -0.0118973154 0.245012086 -0.189003176 -0.0118973154 0.245012086 -0.189003176 0.0118973154 0.245012086 -0.123370594 0.0119537007 0.249015448 -0.189003176 -0.0118973154 0.245012086 -0.123370594 0.0119537007 0.249015448 -0.123370594 -0.0119537007 0.249015448 -0.123370594 -0.0119537007 0.249015448 -0.123370594 0.0119537007 0.249015448 -0.0576816256 0.0115590031 0.24557594 -0.123370594 -0.0119537007 0.249015448 -0.0576816256 0.0115590031 0.24557594 -0.0576816256 -0.0115590031 0.24557594 -0.0576816256 -0.0115590031 0.24557594 -0.0576816256 0.0115590031 0.24557594 0.0143366068 0.0108823785 0.235990426 -0.0576816256 -0.0115590031 0.24557594 0.0143366068 0.0108823785 0.235990426 0.0143366068 -0.0108823785 0.235990426 0.0143366068 -0.0108823785 0.235990426 0.0143366068 0.0108823785 0.235990426 0.0883142265 0.00998021242 0.222232393 0.0143366068 -0.0108823785 0.235990426 0.0883142265 0.00998021242 0.222232393 0.0883142265 -0.00998021242 0.222232393 0.0883142265 -0.00998021242 0.222232393 0.0883142265 0.00998021242 0.222232393 0.160106897 0.00902166094 0.206500871 0.0883142265 -0.00998021242 0.222232393 0.160106897 0.00902166094 0.206500871 0.160106897 -0.00902166094 0.206500871 0.160106897 -0.00902166094 0.206500871 0.160106897 0.00902166094 0.206500871 0.225697199 0.00806310947 0.190882119 0.160106897 -0.00902166094 0.206500871 0.225697199 0.00806310947 0.190882119 0.225697199 -0.00806310947 0.190882119 0.225697199 -0.00806310947 0.190882119 0.225697199 0.00806310947 0.190882119 0.281067633 0.00727371413 0.177575169 0.225697199 -0.00806310947 0.190882119 0.281067633 0.00727371413 0.177575169 0.281067633 -0.00727371413 0.177575169 0.281067633 -0.00727371413 0.177575169 0.281067633 0.00727371413 0.177575169 0.322398122 0.00670986033 0.168666279 0.281067633 -0.00727371413 0.177575169 0.322398122 0.00670986033 0.168666279 0.322398122 -0.00670986033 0.168666279 0.322398122 -0.00670986033 0.168666279 0.322398122 0.00670986033 0.168666279 0.32544295 0.0064843188 0.168440737 0.322398122 -0.00670986033 0.168666279 0.32544295 0.0064843188 0.168440737 0.32544295 -0.0064843188 0.168440737 0.32544295 -0.0064843188 0.168440737 0.32544295 0.0064843188 0.168440737 0.328656901 0.00580769423 0.169004595 0.32544295 -0.0064843188 0.168440737 0.328656901 0.00580769423 0.169004595 0.328656901 -0.00580769423 0.169004595 0.328656901 -0.00580769423 0.169004595 0.328656901 0.00580769423 0.169004595 0.332096415 0.00445444509 0.17075254 0.328656901 -0.00580769423 0.169004595 0.332096415 0.00445444509 0.17075254 0.332096415 -0.00445444509 0.17075254 0.332096415 -0.00445444509 0.17075254 0.332096415 0.00445444509 0.17075254 0.336550862 0 0.17768794 -0.587239027 0 0.176898545 -0.583292061 0.01184093 0.17768794 -0.581262166 0.00592046499 0.167651346 -0.581262166 0.00592046499 0.167651346 -0.583292061 0.01184093 0.17768794 -0.579345067 0.0155059797 0.178477335 -0.581262166 0.00592046499 0.167651346 -0.579345067 0.0155059797 0.178477335 -0.576694952 0.00778118256 0.16533954 -0.576694952 0.00778118256 0.16533954 -0.579345067 0.0155059797 0.178477335 -0.5753981 0.0173666973 0.179323118 -0.576694952 0.00778118256 0.16533954 -0.5753981 0.0173666973 0.179323118 -0.572409684 0.00868334866 0.164550148 -0.572409684 0.00868334866 0.164550148 -0.5753981 0.0173666973 0.179323118 -0.571451107 0.0179305511 0.180112513 -0.572409684 0.00868334866 0.164550148 -0.571451107 0.0179305511 0.180112513 -0.568349923 0.00896527556 0.164888457 -0.568349923 0.00896527556 0.164888457 -0.571451107 0.0179305511 0.180112513 -0.530910044 0.0186071757 0.189754411 -0.568349923 0.00896527556 0.164888457 -0.530910044 0.0186071757 0.189754411 -0.526906666 0.00930358785 0.174135663 -0.526906666 0.00930358785 0.174135663 -0.530910044 0.0186071757 0.189754411 -0.476103446 0.0196784979 0.204358227 -0.526906666 0.00930358785 0.174135663 -0.476103446 0.0196784979 0.204358227 -0.471634904 0.00981105627 0.187950079 -0.471634904 0.00981105627 0.187950079 -0.476103446 0.0196784979 0.204358227 -0.410738679 0.0209189763 0.221612153 -0.471634904 0.00981105627 0.187950079 -0.410738679 0.0209189763 0.221612153 -0.406227848 0.0104876808 0.2040763 -0.406227848 0.0104876808 0.2040763 -0.410738679 0.0209189763 0.221612153 -0.338889611 0.0221594547 0.239148007 -0.406227848 0.0104876808 0.2040763 -0.338889611 0.0221594547 0.239148007 -0.334604329 0.01110792 0.22042806 -0.334604329 0.01110792 0.22042806 -0.338889611 0.0221594547 0.239148007 -0.264460908 0.0232307769 0.254541216 -0.334604329 0.01110792 0.22042806 -0.264460908 0.0232307769 0.254541216 -0.260852244 0.0116153885 0.234749947 -0.260852244 0.0116153885 0.234749947 -0.264460908 0.0232307769 0.254541216 -0.191314982 0.0238510161 0.265536367 -0.260852244 0.0116153885 0.234749947 -0.191314982 0.0238510161 0.265536367 -0.189003176 0.0118973154 0.245012086 -0.189003176 0.0118973154 0.245012086 -0.191314982 0.0238510161 0.265536367 -0.123370594 0.0239074015 0.269708885 -0.189003176 0.0118973154 0.245012086 -0.123370594 0.0239074015 0.269708885 -0.123370594 0.0119537007 0.249015448 -0.123370594 0.0119537007 0.249015448 -0.123370594 0.0239074015 0.269708885 -0.0554262104 0.0231743915 0.265536367 -0.123370594 0.0119537007 0.249015448 -0.0554262104 0.0231743915 0.265536367 -0.0576816256 0.0115590031 0.24557594 -0.0576816256 0.0115590031 0.24557594 -0.0554262104 0.0231743915 0.265536367 0.0177197228 0.0218211424 0.254541216 -0.0576816256 0.0115590031 0.24557594 0.0177197228 0.0218211424 0.254541216 0.0143366068 0.0108823785 0.235990426 0.0143366068 0.0108823785 0.235990426 0.0177197228 0.0218211424 0.254541216 0.0921484256 0.0200168102 0.239148007 0.0143366068 0.0108823785 0.235990426 0.0921484256 0.0200168102 0.239148007 0.0883142265 0.00998021242 0.222232393 0.0883142265 0.00998021242 0.222232393 0.0921484256 0.0200168102 0.239148007 0.163997507 0.0180433219 0.221612153 0.0883142265 0.00998021242 0.222232393 0.163997507 0.0180433219 0.221612153 0.160106897 0.00902166094 0.206500871 0.160106897 0.00902166094 0.206500871 0.163997507 0.0180433219 0.221612153 0.229362247 0.0161262189 0.204358227 0.160106897 0.00902166094 0.206500871 0.229362247 0.0161262189 0.204358227 0.225697199 0.00806310947 0.190882119 0.225697199 0.00806310947 0.190882119 0.229362247 0.0161262189 0.204358227 0.284225228 0.0145474283 0.189754411 0.225697199 0.00806310947 0.190882119 0.284225228 0.0145474283 0.189754411 0.281067633 0.00727371413 0.177575169 0.281067633 0.00727371413 0.177575169 0.284225228 0.0145474283 0.189754411 0.324709935 0.0134197207 0.180112513 0.281067633 0.00727371413 0.177575169 0.324709935 0.0134197207 0.180112513 0.322398122 0.00670986033 0.168666279 0.322398122 0.00670986033 0.168666279 0.324709935 0.0134197207 0.180112513 0.327641968 0.013025023 0.179492272 0.322398122 0.00670986033 0.168666279 0.327641968 0.013025023 0.179492272 0.32544295 0.0064843188 0.168440737 0.32544295 0.0064843188 0.168440737 0.327641968 0.013025023 0.179492272 0.330630385 0.0116153885 0.178928418 0.32544295 0.0064843188 0.168440737 0.330630385 0.0116153885 0.178928418 0.328656901 0.00580769423 0.169004595 0.328656901 0.00580769423 0.169004595 0.330630385 0.0116153885 0.178928418 0.333562445 0.00890889018 0.178308181 0.328656901 0.00580769423 0.169004595 0.333562445 0.00890889018 0.178308181 0.332096415 0.00445444509 0.17075254 0.332096415 0.00445444509 0.17075254 0.333562445 0.00890889018 0.178308181 0.336550862 0 0.17768794 -0.587182643 0.13285806 0.176954932 -0.58582938 0.138947674 0.187780925 -0.584419761 0.145037302 0.177744327 -0.584419761 0.145037302 0.177744327 -0.58582938 0.138947674 0.187780925 -0.582671813 0.141090322 0.191671514 -0.584419761 0.145037302 0.177744327 -0.582671813 0.141090322 0.191671514 -0.580867481 0.14909705 0.178533722 -0.580867481 0.14909705 0.178533722 -0.582671813 0.141090322 0.191671514 -0.579175916 0.142387188 0.1940397 -0.580867481 0.14909705 0.178533722 -0.579175916 0.142387188 0.1940397 -0.577089665 0.151296068 0.179323118 -0.577089665 0.151296068 0.179323118 -0.579175916 0.142387188 0.1940397 -0.575341717 0.143007422 0.195336566 -0.577089665 0.151296068 0.179323118 -0.575341717 0.143007422 0.195336566 -0.573199055 0.152254631 0.180112513 -0.573199055 0.152254631 0.180112513 -0.575341717 0.143007422 0.195336566 -0.536097478 0.147969335 0.205373164 -0.573199055 0.152254631 0.180112513 -0.536097478 0.147969335 0.205373164 -0.533334596 0.157724011 0.189754411 -0.533334596 0.157724011 0.189754411 -0.536097478 0.147969335 0.205373164 -0.481741978 0.155750514 0.220822758 -0.533334596 0.157724011 0.189754411 -0.481741978 0.155750514 0.220822758 -0.478697177 0.166069041 0.204358227 -0.478697177 0.166069041 0.204358227 -0.481741978 0.155750514 0.220822758 -0.416490005 0.164997724 0.239204392 -0.478697177 0.166069041 0.204358227 -0.416490005 0.164997724 0.239204392 -0.413388793 0.175936484 0.221612153 -0.413388793 0.175936484 0.221612153 -0.416490005 0.164997724 0.239204392 -0.344359005 0.174470468 0.257867955 -0.413388793 0.175936484 0.221612153 -0.344359005 0.174470468 0.257867955 -0.341426958 0.185973079 0.239148007 -0.341426958 0.185973079 0.239148007 -0.344359005 0.174470468 0.257867955 -0.26908452 0.182871881 0.274332486 -0.341426958 0.185973079 0.239148007 -0.26908452 0.182871881 0.274332486 -0.266547172 0.194769205 0.254541216 -0.266547172 0.194769205 0.254541216 -0.26908452 0.182871881 0.274332486 -0.194247022 0.188905125 0.286060645 -0.266547172 0.194769205 0.254541216 -0.194247022 0.188905125 0.286060645 -0.19261184 0.2009716 0.265536367 -0.19261184 0.2009716 0.265536367 -0.194247022 0.188905125 0.286060645 -0.123370594 0.191160541 0.290402318 -0.19261184 0.2009716 0.265536367 -0.123370594 0.191160541 0.290402318 -0.123370594 0.203114234 0.269708885 -0.123370594 0.203114234 0.269708885 -0.123370594 0.191160541 0.290402318 -0.0525505543 0.18856681 0.285440405 -0.123370594 0.203114234 0.269708885 -0.0525505543 0.18856681 0.285440405 -0.0541293449 0.200238585 0.265536367 -0.0541293449 0.200238585 0.265536367 -0.0525505543 0.18856681 0.285440405 0.0220614023 0.182195263 0.273092008 -0.0541293449 0.200238585 0.265536367 0.0220614023 0.182195263 0.273092008 0.0196932197 0.193359572 0.254541216 0.0196932197 0.193359572 0.254541216 0.0220614023 0.182195263 0.273092008 0.0971103391 0.173455534 0.256007236 0.0196932197 0.193359572 0.254541216 0.0971103391 0.173455534 0.256007236 0.0944602245 0.183830444 0.239148007 0.0944602245 0.183830444 0.239148007 0.0971103391 0.173455534 0.256007236 0.16901579 0.163644475 0.236779821 0.0944602245 0.183830444 0.239148007 0.16901579 0.163644475 0.236779821 0.166309292 0.173117219 0.221612153 0.166309292 0.173117219 0.221612153 0.16901579 0.163644475 0.236779821 0.233985845 0.154058963 0.217890718 0.166309292 0.173117219 0.221612153 0.233985845 0.154058963 0.217890718 0.231504909 0.162573144 0.204358227 0.231504909 0.162573144 0.204358227 0.233985845 0.154058963 0.217890718 0.288228578 0.146052236 0.201933655 0.231504909 0.162573144 0.204358227 0.288228578 0.146052236 0.201933655 0.286085944 0.153664264 0.189754411 0.286085944 0.153664264 0.189754411 0.288228578 0.146052236 0.201933655 0.327641968 0.140864774 0.19150236 0.286085944 0.153664264 0.189754411 0.327641968 0.140864774 0.19150236 0.326006787 0.147800184 0.180112513 0.326006787 0.147800184 0.180112513 0.327641968 0.140864774 0.19150236 0.330461234 0.140357307 0.190543807 0.326006787 0.147800184 0.180112513 0.330461234 0.140357307 0.190543807 0.328938847 0.147067169 0.179492272 0.328938847 0.147067169 0.179492272 0.330461234 0.140357307 0.190543807 0.333111348 0.139398757 0.188795862 0.328938847 0.147067169 0.179492272 0.333111348 0.139398757 0.188795862 0.331758113 0.145431988 0.178928418 0.331758113 0.145431988 0.178928418 0.333111348 0.139398757 0.188795862 0.335479545 0.137819974 0.185863822 0.331758113 0.145431988 0.178928418 0.335479545 0.137819974 0.185863822 0.334408227 0.142387188 0.178308181 0.334408227 0.142387188 0.178308181 0.335479545 0.137819974 0.185863822 0.336494478 0.133252746 0.177744327 -0.587182643 0.13285806 0.176954932 -0.584645296 0.127163132 0.187780925 -0.58582938 0.138947674 0.187780925 -0.58582938 0.138947674 0.187780925 -0.584645296 0.127163132 0.187780925 -0.581149399 0.125640731 0.191671514 -0.58582938 0.138947674 0.187780925 -0.581149399 0.125640731 0.191671514 -0.582671813 0.141090322 0.191671514 -0.582671813 0.141090322 0.191671514 -0.581149399 0.125640731 0.191671514 -0.577427967 0.125076867 0.1940397 -0.582671813 0.141090322 0.191671514 -0.577427967 0.125076867 0.1940397 -0.579175916 0.142387188 0.1940397 -0.579175916 0.142387188 0.1940397 -0.577427967 0.125076867 0.1940397 -0.573537385 0.125189648 0.195336566 -0.579175916 0.142387188 0.1940397 -0.573537385 0.125189648 0.195336566 -0.575341717 0.143007422 0.195336566 -0.575341717 0.143007422 0.195336566 -0.573537385 0.125189648 0.195336566 -0.533729309 0.129531314 0.205373164 -0.575341717 0.143007422 0.195336566 -0.533729309 0.129531314 0.205373164 -0.536097478 0.147969335 0.205373164 -0.536097478 0.147969335 0.205373164 -0.533729309 0.129531314 0.205373164 -0.479091863 0.136241176 0.220822758 -0.536097478 0.147969335 0.205373164 -0.479091863 0.136241176 0.220822758 -0.481741978 0.155750514 0.220822758 -0.481741978 0.155750514 0.220822758 -0.479091863 0.136241176 0.220822758 -0.41383989 0.144247904 0.239204392 -0.481741978 0.155750514 0.220822758 -0.41383989 0.144247904 0.239204392 -0.416490005 0.164997724 0.239204392 -0.416490005 0.164997724 0.239204392 -0.41383989 0.144247904 0.239204392 -0.341878041 0.152423782 0.257867955 -0.416490005 0.164997724 0.239204392 -0.341878041 0.152423782 0.257867955 -0.344359005 0.174470468 0.257867955 -0.344359005 0.174470468 0.257867955 -0.341878041 0.152423782 0.257867955 -0.266998255 0.159753878 0.274332486 -0.344359005 0.174470468 0.257867955 -0.266998255 0.159753878 0.274332486 -0.26908452 0.182871881 0.274332486 -0.26908452 0.182871881 0.274332486 -0.266998255 0.159753878 0.274332486 -0.192893772 0.165110491 0.286060645 -0.26908452 0.182871881 0.274332486 -0.192893772 0.165110491 0.286060645 -0.194247022 0.188905125 0.286060645 -0.194247022 0.188905125 0.286060645 -0.192893772 0.165110491 0.286060645 -0.123370594 0.167253139 0.290402318 -0.194247022 0.188905125 0.286060645 -0.123370594 0.167253139 0.290402318 -0.123370594 0.191160541 0.290402318 -0.123370594 0.191160541 0.290402318 -0.123370594 0.167253139 0.290402318 -0.0538474197 0.165448807 0.285440405 -0.123370594 0.191160541 0.290402318 -0.0538474197 0.165448807 0.285440405 -0.0525505543 0.18856681 0.285440405 -0.0525505543 0.18856681 0.285440405 -0.0538474197 0.165448807 0.285440405 0.0200879053 0.160486893 0.273092008 -0.0525505543 0.18856681 0.285440405 0.0200879053 0.160486893 0.273092008 0.0220614023 0.182195263 0.273092008 0.0220614023 0.182195263 0.273092008 0.0200879053 0.160486893 0.273092008 0.0948549238 0.153551483 0.256007236 0.0220614023 0.182195263 0.273092008 0.0948549238 0.153551483 0.256007236 0.0971103391 0.173455534 0.256007236 0.0971103391 0.173455534 0.256007236 0.0948549238 0.153551483 0.256007236 0.166704005 0.145770304 0.236779821 0.0971103391 0.173455534 0.256007236 0.166704005 0.145770304 0.236779821 0.16901579 0.163644475 0.236779821 0.16901579 0.163644475 0.236779821 0.166704005 0.145770304 0.236779821 0.231843211 0.138101892 0.217890718 0.16901579 0.163644475 0.236779821 0.231843211 0.138101892 0.217890718 0.233985845 0.154058963 0.217890718 0.233985845 0.154058963 0.217890718 0.231843211 0.138101892 0.217890718 0.286367862 0.131617578 0.201933655 0.233985845 0.154058963 0.217890718 0.286367862 0.131617578 0.201933655 0.288228578 0.146052236 0.201933655 0.288228578 0.146052236 0.201933655 0.286367862 0.131617578 0.201933655 0.326288733 0.127501447 0.19150236 0.288228578 0.146052236 0.201933655 0.326288733 0.127501447 0.19150236 0.327641968 0.140864774 0.19150236 0.327641968 0.140864774 0.19150236 0.326288733 0.127501447 0.19150236 0.329164382 0.127445064 0.190543807 0.327641968 0.140864774 0.19150236 0.329164382 0.127445064 0.190543807 0.330461234 0.140357307 0.190543807 0.330461234 0.140357307 0.190543807 0.329164382 0.127445064 0.190543807 0.331983647 0.127839749 0.188795862 0.330461234 0.140357307 0.190543807 0.331983647 0.127839749 0.188795862 0.333111348 0.139398757 0.188795862 0.333111348 0.139398757 0.188795862 0.331983647 0.127839749 0.188795862 0.334577378 0.128967464 0.185863822 0.333111348 0.139398757 0.188795862 0.334577378 0.128967464 0.185863822 0.335479545 0.137819974 0.185863822 0.335479545 0.137819974 0.185863822 0.334577378 0.128967464 0.185863822 0.336494478 0.133252746 0.177744327 -0.587182643 0.13285806 0.176954932 -0.582051565 0.121411819 0.177744327 -0.584645296 0.127163132 0.187780925 -0.584645296 0.127163132 0.187780925 -0.582051565 0.121411819 0.177744327 -0.577766269 0.118197854 0.178533722 -0.584645296 0.127163132 0.187780925 -0.577766269 0.118197854 0.178533722 -0.581149399 0.125640731 0.191671514 -0.581149399 0.125640731 0.191671514 -0.577766269 0.118197854 0.178533722 -0.573650152 0.116731838 0.179323118 -0.581149399 0.125640731 0.191671514 -0.573650152 0.116731838 0.179323118 -0.577427967 0.125076867 0.1940397 -0.577427967 0.125076867 0.1940397 -0.573650152 0.116731838 0.179323118 -0.569646774 0.116562673 0.180112513 -0.577427967 0.125076867 0.1940397 -0.569646774 0.116562673 0.180112513 -0.573537385 0.125189648 0.195336566 -0.573537385 0.125189648 0.195336566 -0.569646774 0.116562673 0.180112513 -0.528541847 0.120791585 0.189754411 -0.573537385 0.125189648 0.195336566 -0.528541847 0.120791585 0.189754411 -0.533729309 0.129531314 0.205373164 -0.533729309 0.129531314 0.205373164 -0.528541847 0.120791585 0.189754411 -0.473453332 0.127050364 0.204358227 -0.533729309 0.129531314 0.205373164 -0.473453332 0.127050364 0.204358227 -0.479091863 0.136241176 0.220822758 -0.479091863 0.136241176 0.220822758 -0.473453332 0.127050364 0.204358227 -0.408088564 0.134436844 0.221612153 -0.479091863 0.136241176 0.220822758 -0.408088564 0.134436844 0.221612153 -0.41383989 0.144247904 0.239204392 -0.41383989 0.144247904 0.239204392 -0.408088564 0.134436844 0.221612153 -0.336408661 0.141936105 0.239148007 -0.41383989 0.144247904 0.239204392 -0.336408661 0.141936105 0.239148007 -0.341878041 0.152423782 0.257867955 -0.341878041 0.152423782 0.257867955 -0.336408661 0.141936105 0.239148007 -0.262318274 0.148533186 0.254541216 -0.341878041 0.152423782 0.257867955 -0.262318274 0.148533186 0.254541216 -0.266998255 0.159753878 0.274332486 -0.266998255 0.159753878 0.274332486 -0.262318274 0.148533186 0.254541216 -0.189961733 0.153325948 0.265536367 -0.266998255 0.159753878 0.274332486 -0.189961733 0.153325948 0.265536367 -0.192893772 0.165110491 0.286060645 -0.192893772 0.165110491 0.286060645 -0.189961733 0.153325948 0.265536367 -0.123370594 0.155299431 0.269708885 -0.192893772 0.165110491 0.286060645 -0.123370594 0.155299431 0.269708885 -0.123370594 0.167253139 0.290402318 -0.123370594 0.167253139 0.290402318 -0.123370594 0.155299431 0.269708885 -0.0567230759 0.154002566 0.265536367 -0.123370594 0.167253139 0.290402318 -0.0567230759 0.154002566 0.265536367 -0.0538474197 0.165448807 0.285440405 -0.0538474197 0.165448807 0.285440405 -0.0567230759 0.154002566 0.265536367 0.0157462396 0.149942819 0.254541216 -0.0538474197 0.165448807 0.285440405 0.0157462396 0.149942819 0.254541216 0.0200879053 0.160486893 0.273092008 0.0200879053 0.160486893 0.273092008 0.0157462396 0.149942819 0.254541216 0.0898930103 0.144078739 0.239148007 0.0200879053 0.160486893 0.273092008 0.0898930103 0.144078739 0.239148007 0.0948549238 0.153551483 0.256007236 0.0948549238 0.153551483 0.256007236 0.0898930103 0.144078739 0.239148007 0.161742078 0.13725611 0.221612153 0.0948549238 0.153551483 0.256007236 0.161742078 0.13725611 0.221612153 0.166704005 0.145770304 0.236779821 0.166704005 0.145770304 0.236779821 0.161742078 0.13725611 0.221612153 0.22716323 0.130546248 0.204358227 0.166704005 0.145770304 0.236779821 0.22716323 0.130546248 0.204358227 0.231843211 0.138101892 0.217890718 0.231843211 0.138101892 0.217890718 0.22716323 0.130546248 0.204358227 0.282308129 0.124851333 0.189754411 0.231843211 0.138101892 0.217890718 0.282308129 0.124851333 0.189754411 0.286367862 0.131617578 0.201933655 0.286367862 0.131617578 0.201933655 0.282308129 0.124851333 0.189754411 0.323356672 0.121073504 0.180112513 0.286367862 0.131617578 0.201933655 0.323356672 0.121073504 0.180112513 0.326288733 0.127501447 0.19150236 0.326288733 0.127501447 0.19150236 0.323356672 0.121073504 0.180112513 0.326345116 0.121186285 0.179492272 0.326288733 0.127501447 0.19150236 0.326345116 0.121186285 0.179492272 0.329164382 0.127445064 0.190543807 0.329164382 0.127445064 0.190543807 0.326345116 0.121186285 0.179492272 0.3294463 0.122257602 0.178928418 0.329164382 0.127445064 0.190543807 0.3294463 0.122257602 0.178928418 0.331983647 0.127839749 0.188795862 0.331983647 0.127839749 0.188795862 0.3294463 0.122257602 0.178928418 0.332660279 0.124682168 0.178308181 0.331983647 0.127839749 0.188795862 0.332660279 0.124682168 0.178308181 0.334577378 0.128967464 0.185863822 0.334577378 0.128967464 0.185863822 0.332660279 0.124682168 0.178308181 0.336494478 0.133252746 0.177744327 -0.587182643 0.13285806 0.176954932 -0.580641946 0.127557831 0.167651346 -0.582051565 0.121411819 0.177744327 -0.582051565 0.121411819 0.177744327 -0.580641946 0.127557831 0.167651346 -0.575905553 0.126148198 0.16533954 -0.582051565 0.121411819 0.177744327 -0.575905553 0.126148198 0.16533954 -0.577766269 0.118197854 0.178533722 -0.577766269 0.118197854 0.178533722 -0.575905553 0.126148198 0.16533954 -0.571563901 0.125697115 0.164550148 -0.577766269 0.118197854 0.178533722 -0.571563901 0.125697115 0.164550148 -0.573650152 0.116731838 0.179323118 -0.573650152 0.116731838 0.179323118 -0.571563901 0.125697115 0.164550148 -0.56750414 0.125809882 0.164888457 -0.573650152 0.116731838 0.179323118 -0.56750414 0.125809882 0.164888457 -0.569646774 0.116562673 0.180112513 -0.569646774 0.116562673 0.180112513 -0.56750414 0.125809882 0.164888457 -0.525778965 0.130546248 0.174135663 -0.569646774 0.116562673 0.180112513 -0.525778965 0.130546248 0.174135663 -0.528541847 0.120791585 0.189754411 -0.528541847 0.120791585 0.189754411 -0.525778965 0.130546248 0.174135663 -0.470394408 0.137425274 0.187950079 -0.528541847 0.120791585 0.189754411 -0.470394408 0.137425274 0.187950079 -0.473453332 0.127050364 0.204358227 -0.473453332 0.127050364 0.204358227 -0.470394408 0.137425274 0.187950079 -0.40498738 0.145375604 0.2040763 -0.473453332 0.127050364 0.204358227 -0.40498738 0.145375604 0.2040763 -0.408088564 0.134436844 0.221612153 -0.408088564 0.134436844 0.221612153 -0.40498738 0.145375604 0.2040763 -0.333420231 0.153382332 0.22042806 -0.408088564 0.134436844 0.221612153 -0.333420231 0.153382332 0.22042806 -0.336408661 0.141936105 0.239148007 -0.336408661 0.141936105 0.239148007 -0.333420231 0.153382332 0.22042806 -0.25983731 0.16043051 0.234749947 -0.336408661 0.141936105 0.239148007 -0.25983731 0.16043051 0.234749947 -0.262318274 0.148533186 0.254541216 -0.262318274 0.148533186 0.254541216 -0.25983731 0.16043051 0.234749947 -0.188326551 0.16533604 0.245012086 -0.262318274 0.148533186 0.254541216 -0.188326551 0.16533604 0.245012086 -0.189961733 0.153325948 0.265536367 -0.189961733 0.153325948 0.265536367 -0.188326551 0.16533604 0.245012086 -0.123370594 0.167253139 0.249015448 -0.189961733 0.153325948 0.265536367 -0.123370594 0.167253139 0.249015448 -0.123370594 0.155299431 0.269708885 -0.123370594 0.155299431 0.269708885 -0.123370594 0.167253139 0.249015448 -0.0583018666 0.165674342 0.24557594 -0.123370594 0.155299431 0.269708885 -0.0583018666 0.165674342 0.24557594 -0.0567230759 0.154002566 0.265536367 -0.0567230759 0.154002566 0.265536367 -0.0583018666 0.165674342 0.24557594 0.0133780571 0.161107127 0.235990426 -0.0567230759 0.154002566 0.265536367 0.0133780571 0.161107127 0.235990426 0.0157462396 0.149942819 0.254541216 0.0157462396 0.149942819 0.254541216 0.0133780571 0.161107127 0.235990426 0.0872428957 0.154453649 0.222232393 0.0157462396 0.149942819 0.254541216 0.0872428957 0.154453649 0.222232393 0.0898930103 0.144078739 0.239148007 0.0898930103 0.144078739 0.239148007 0.0872428957 0.154453649 0.222232393 0.15903558 0.146728854 0.206500871 0.0898930103 0.144078739 0.239148007 0.15903558 0.146728854 0.206500871 0.161742078 0.13725611 0.221612153 0.161742078 0.13725611 0.221612153 0.15903558 0.146728854 0.206500871 0.224682266 0.139060442 0.190882119 0.161742078 0.13725611 0.221612153 0.224682266 0.139060442 0.190882119 0.22716323 0.130546248 0.204358227 0.22716323 0.130546248 0.204358227 0.224682266 0.139060442 0.190882119 0.280165467 0.132463361 0.177575169 0.22716323 0.130546248 0.204358227 0.280165467 0.132463361 0.177575169 0.282308129 0.124851333 0.189754411 0.282308129 0.124851333 0.189754411 0.280165467 0.132463361 0.177575169 0.321777902 0.12795253 0.168666279 0.282308129 0.124851333 0.189754411 0.321777902 0.12795253 0.168666279 0.323356672 0.121073504 0.180112513 0.323356672 0.121073504 0.180112513 0.321777902 0.12795253 0.168666279 0.324822702 0.127896147 0.168440737 0.323356672 0.121073504 0.180112513 0.324822702 0.127896147 0.168440737 0.326345116 0.121186285 0.179492272 0.326345116 0.121186285 0.179492272 0.324822702 0.127896147 0.168440737 0.328036681 0.128234449 0.169004595 0.326345116 0.121186285 0.179492272 0.328036681 0.128234449 0.169004595 0.3294463 0.122257602 0.178928418 0.3294463 0.122257602 0.178928418 0.328036681 0.128234449 0.169004595 0.331588934 0.129249396 0.17075254 0.3294463 0.122257602 0.178928418 0.331588934 0.129249396 0.17075254 0.332660279 0.124682168 0.178308181 0.332660279 0.124682168 0.178308181 0.331588934 0.129249396 0.17075254 0.336494478 0.133252746 0.177744327 -0.587182643 0.13285806 0.176954932 -0.58182603 0.139342374 0.167651346 -0.580641946 0.127557831 0.167651346 -0.580641946 0.127557831 0.167651346 -0.58182603 0.139342374 0.167651346 -0.577427967 0.141597789 0.16533954 -0.580641946 0.127557831 0.167651346 -0.577427967 0.141597789 0.16533954 -0.575905553 0.126148198 0.16533954 -0.575905553 0.126148198 0.16533954 -0.577427967 0.141597789 0.16533954 -0.57331185 0.142951038 0.164550148 -0.575905553 0.126148198 0.16533954 -0.57331185 0.142951038 0.164550148 -0.571563901 0.125697115 0.164550148 -0.571563901 0.125697115 0.164550148 -0.57331185 0.142951038 0.164550148 -0.569308472 0.143627656 0.164888457 -0.571563901 0.125697115 0.164550148 -0.569308472 0.143627656 0.164888457 -0.56750414 0.125809882 0.164888457 -0.56750414 0.125809882 0.164888457 -0.569308472 0.143627656 0.164888457 -0.528147134 0.148984269 0.174135663 -0.56750414 0.125809882 0.164888457 -0.528147134 0.148984269 0.174135663 -0.525778965 0.130546248 0.174135663 -0.525778965 0.130546248 0.174135663 -0.528147134 0.148984269 0.174135663 -0.473058619 0.156878229 0.187950079 -0.525778965 0.130546248 0.174135663 -0.473058619 0.156878229 0.187950079 -0.470394408 0.137425274 0.187950079 -0.470394408 0.137425274 0.187950079 -0.473058619 0.156878229 0.187950079 -0.407637495 0.166125425 0.2040763 -0.470394408 0.137425274 0.187950079 -0.407637495 0.166125425 0.2040763 -0.40498738 0.145375604 0.2040763 -0.40498738 0.145375604 0.2040763 -0.407637495 0.166125425 0.2040763 -0.335957578 0.175429018 0.22042806 -0.40498738 0.145375604 0.2040763 -0.335957578 0.175429018 0.22042806 -0.333420231 0.153382332 0.22042806 -0.333420231 0.153382332 0.22042806 -0.335957578 0.175429018 0.22042806 -0.261923575 0.183548512 0.234749947 -0.333420231 0.153382332 0.22042806 -0.261923575 0.183548512 0.234749947 -0.25983731 0.16043051 0.234749947 -0.25983731 0.16043051 0.234749947 -0.261923575 0.183548512 0.234749947 -0.189679801 0.189187044 0.245012086 -0.25983731 0.16043051 0.234749947 -0.189679801 0.189187044 0.245012086 -0.188326551 0.16533604 0.245012086 -0.188326551 0.16533604 0.245012086 -0.189679801 0.189187044 0.245012086 -0.123370594 0.191160541 0.249015448 -0.188326551 0.16533604 0.245012086 -0.123370594 0.191160541 0.249015448 -0.123370594 0.167253139 0.249015448 -0.123370594 0.167253139 0.249015448 -0.123370594 0.191160541 0.249015448 -0.0570050011 0.188848742 0.24557594 -0.123370594 0.167253139 0.249015448 -0.0570050011 0.188848742 0.24557594 -0.0583018666 0.165674342 0.24557594 -0.0583018666 0.165674342 0.24557594 -0.0570050011 0.188848742 0.24557594 0.0153515402 0.182815497 0.235990426 -0.0583018666 0.165674342 0.24557594 0.0153515402 0.182815497 0.235990426 0.0133780571 0.161107127 0.235990426 0.0133780571 0.161107127 0.235990426 0.0153515402 0.182815497 0.235990426 0.0894983109 0.174301303 0.222232393 0.0133780571 0.161107127 0.235990426 0.0894983109 0.174301303 0.222232393 0.0872428957 0.154453649 0.222232393 0.0872428957 0.154453649 0.222232393 0.0894983109 0.174301303 0.222232393 0.161347392 0.164603024 0.206500871 0.0872428957 0.154453649 0.222232393 0.161347392 0.164603024 0.206500871 0.15903558 0.146728854 0.206500871 0.15903558 0.146728854 0.206500871 0.161347392 0.164603024 0.206500871 0.2268249 0.155073897 0.190882119 0.15903558 0.146728854 0.206500871 0.2268249 0.155073897 0.190882119 0.224682266 0.139060442 0.190882119 0.224682266 0.139060442 0.190882119 0.2268249 0.155073897 0.190882119 0.28202621 0.146841635 0.177575169 0.224682266 0.139060442 0.190882119 0.28202621 0.146841635 0.177575169 0.280165467 0.132463361 0.177575169 0.280165467 0.132463361 0.177575169 0.28202621 0.146841635 0.177575169 0.323074754 0.141315857 0.168666279 0.280165467 0.132463361 0.177575169 0.323074754 0.141315857 0.168666279 0.321777902 0.12795253 0.168666279 0.321777902 0.12795253 0.168666279 0.323074754 0.141315857 0.168666279 0.326119554 0.14080839 0.168440737 0.321777902 0.12795253 0.168666279 0.326119554 0.14080839 0.168440737 0.324822702 0.127896147 0.168440737 0.324822702 0.127896147 0.168440737 0.326119554 0.14080839 0.168440737 0.329220766 0.139793457 0.169004595 0.324822702 0.127896147 0.168440737 0.329220766 0.139793457 0.169004595 0.328036681 0.128234449 0.169004595 0.328036681 0.128234449 0.169004595 0.329220766 0.139793457 0.169004595 0.3324911 0.138101892 0.17075254 0.328036681 0.128234449 0.169004595 0.3324911 0.138101892 0.17075254 0.331588934 0.129249396 0.17075254 0.331588934 0.129249396 0.17075254 0.3324911 0.138101892 0.17075254 0.336494478 0.133252746 0.177744327 -0.587182643 0.13285806 0.176954932 -0.584419761 0.145037302 0.177744327 -0.58182603 0.139342374 0.167651346 -0.58182603 0.139342374 0.167651346 -0.584419761 0.145037302 0.177744327 -0.580867481 0.14909705 0.178533722 -0.58182603 0.139342374 0.167651346 -0.580867481 0.14909705 0.178533722 -0.577427967 0.141597789 0.16533954 -0.577427967 0.141597789 0.16533954 -0.580867481 0.14909705 0.178533722 -0.577089665 0.151296068 0.179323118 -0.577427967 0.141597789 0.16533954 -0.577089665 0.151296068 0.179323118 -0.57331185 0.142951038 0.164550148 -0.57331185 0.142951038 0.164550148 -0.577089665 0.151296068 0.179323118 -0.573199055 0.152254631 0.180112513 -0.57331185 0.142951038 0.164550148 -0.573199055 0.152254631 0.180112513 -0.569308472 0.143627656 0.164888457 -0.569308472 0.143627656 0.164888457 -0.573199055 0.152254631 0.180112513 -0.533334596 0.157724011 0.189754411 -0.569308472 0.143627656 0.164888457 -0.533334596 0.157724011 0.189754411 -0.528147134 0.148984269 0.174135663 -0.528147134 0.148984269 0.174135663 -0.533334596 0.157724011 0.189754411 -0.478697177 0.166069041 0.204358227 -0.528147134 0.148984269 0.174135663 -0.478697177 0.166069041 0.204358227 -0.473058619 0.156878229 0.187950079 -0.473058619 0.156878229 0.187950079 -0.478697177 0.166069041 0.204358227 -0.413388793 0.175936484 0.221612153 -0.473058619 0.156878229 0.187950079 -0.413388793 0.175936484 0.221612153 -0.407637495 0.166125425 0.2040763 -0.407637495 0.166125425 0.2040763 -0.413388793 0.175936484 0.221612153 -0.341426958 0.185973079 0.239148007 -0.407637495 0.166125425 0.2040763 -0.341426958 0.185973079 0.239148007 -0.335957578 0.175429018 0.22042806 -0.335957578 0.175429018 0.22042806 -0.341426958 0.185973079 0.239148007 -0.266547172 0.194769205 0.254541216 -0.335957578 0.175429018 0.22042806 -0.266547172 0.194769205 0.254541216 -0.261923575 0.183548512 0.234749947 -0.261923575 0.183548512 0.234749947 -0.266547172 0.194769205 0.254541216 -0.19261184 0.2009716 0.265536367 -0.261923575 0.183548512 0.234749947 -0.19261184 0.2009716 0.265536367 -0.189679801 0.189187044 0.245012086 -0.189679801 0.189187044 0.245012086 -0.19261184 0.2009716 0.265536367 -0.123370594 0.203114234 0.269708885 -0.189679801 0.189187044 0.245012086 -0.123370594 0.203114234 0.269708885 -0.123370594 0.191160541 0.249015448 -0.123370594 0.191160541 0.249015448 -0.123370594 0.203114234 0.269708885 -0.0541293449 0.200238585 0.265536367 -0.123370594 0.191160541 0.249015448 -0.0541293449 0.200238585 0.265536367 -0.0570050011 0.188848742 0.24557594 -0.0570050011 0.188848742 0.24557594 -0.0541293449 0.200238585 0.265536367 0.0196932197 0.193359572 0.254541216 -0.0570050011 0.188848742 0.24557594 0.0196932197 0.193359572 0.254541216 0.0153515402 0.182815497 0.235990426 0.0153515402 0.182815497 0.235990426 0.0196932197 0.193359572 0.254541216 0.0944602245 0.183830444 0.239148007 0.0153515402 0.182815497 0.235990426 0.0944602245 0.183830444 0.239148007 0.0894983109 0.174301303 0.222232393 0.0894983109 0.174301303 0.222232393 0.0944602245 0.183830444 0.239148007 0.166309292 0.173117219 0.221612153 0.0894983109 0.174301303 0.222232393 0.166309292 0.173117219 0.221612153 0.161347392 0.164603024 0.206500871 0.161347392 0.164603024 0.206500871 0.166309292 0.173117219 0.221612153 0.231504909 0.162573144 0.204358227 0.161347392 0.164603024 0.206500871 0.231504909 0.162573144 0.204358227 0.2268249 0.155073897 0.190882119 0.2268249 0.155073897 0.190882119 0.231504909 0.162573144 0.204358227 0.286085944 0.153664264 0.189754411 0.2268249 0.155073897 0.190882119 0.286085944 0.153664264 0.189754411 0.28202621 0.146841635 0.177575169 0.28202621 0.146841635 0.177575169 0.286085944 0.153664264 0.189754411 0.326006787 0.147800184 0.180112513 0.28202621 0.146841635 0.177575169 0.326006787 0.147800184 0.180112513 0.323074754 0.141315857 0.168666279 0.323074754 0.141315857 0.168666279 0.326006787 0.147800184 0.180112513 0.328938847 0.147067169 0.179492272 0.323074754 0.141315857 0.168666279 0.328938847 0.147067169 0.179492272 0.326119554 0.14080839 0.168440737 0.326119554 0.14080839 0.168440737 0.328938847 0.147067169 0.179492272 0.331758113 0.145431988 0.178928418 0.326119554 0.14080839 0.168440737 0.331758113 0.145431988 0.178928418 0.329220766 0.139793457 0.169004595 0.329220766 0.139793457 0.169004595 0.331758113 0.145431988 0.178928418 0.334408227 0.142387188 0.178308181 0.329220766 0.139793457 0.169004595 0.334408227 0.142387188 0.178308181 0.3324911 0.138101892 0.17075254 0.3324911 0.138101892 0.17075254 0.334408227 0.142387188 0.178308181 0.336494478 0.133252746 0.177744327 -0.586957109 0.26571612 0.176954932 -0.58616771 0.271918488 0.187837309 -0.585378311 0.278120883 0.177744327 -0.585378311 0.278120883 0.177744327 -0.58616771 0.271918488 0.187837309 -0.583235677 0.274399452 0.191727902 -0.585378311 0.278120883 0.177744327 -0.583235677 0.274399452 0.191727902 -0.582220716 0.282518947 0.178533722 -0.582220716 0.282518947 0.178533722 -0.583235677 0.274399452 0.191727902 -0.579852547 0.275978249 0.1940397 -0.582220716 0.282518947 0.178533722 -0.579852547 0.275978249 0.1940397 -0.578724847 0.285056294 0.179323118 -0.578724847 0.285056294 0.179323118 -0.579852547 0.275978249 0.1940397 -0.576131116 0.277049566 0.195336566 -0.578724847 0.285056294 0.179323118 -0.576131116 0.277049566 0.195336566 -0.574947004 0.286409529 0.180112513 -0.574947004 0.286409529 0.180112513 -0.576131116 0.277049566 0.195336566 -0.537056028 0.286522324 0.205373164 -0.574947004 0.286409529 0.180112513 -0.537056028 0.286522324 0.205373164 -0.535590025 0.296502535 0.189754411 -0.535590025 0.296502535 0.189754411 -0.537056028 0.286522324 0.205373164 -0.482756911 0.301520818 0.220879143 -0.535590025 0.296502535 0.189754411 -0.482756911 0.301520818 0.220879143 -0.481178114 0.312121277 0.204358227 -0.481178114 0.312121277 0.204358227 -0.482756911 0.301520818 0.220879143 -0.417561322 0.319394989 0.239204392 -0.481178114 0.312121277 0.204358227 -0.417561322 0.319394989 0.239204392 -0.415926141 0.330615668 0.221612153 -0.415926141 0.330615668 0.221612153 -0.417561322 0.319394989 0.239204392 -0.345430322 0.337776613 0.257867955 -0.415926141 0.330615668 0.221612153 -0.345430322 0.337776613 0.257867955 -0.343851524 0.349518868 0.239148007 -0.343851524 0.349518868 0.239148007 -0.345430322 0.337776613 0.257867955 -0.270043069 0.354086082 0.274332486 -0.343851524 0.349518868 0.239148007 -0.270043069 0.354086082 0.274332486 -0.268633437 0.366152571 0.254541216 -0.268633437 0.366152571 0.254541216 -0.270043069 0.354086082 0.274332486 -0.194867256 0.365870653 0.286060645 -0.268633437 0.366152571 0.254541216 -0.194867256 0.365870653 0.286060645 -0.19396509 0.377993498 0.265536367 -0.19396509 0.377993498 0.265536367 -0.194867256 0.365870653 0.286060645 -0.123370594 0.370381483 0.290402318 -0.19396509 0.377993498 0.265536367 -0.123370594 0.370381483 0.290402318 -0.123370594 0.382335177 0.269708885 -0.123370594 0.382335177 0.269708885 -0.123370594 0.370381483 0.290402318 -0.0519303134 0.365532323 0.285440405 -0.123370594 0.382335177 0.269708885 -0.0519303134 0.365532323 0.285440405 -0.05288887 0.377316866 0.265536367 -0.05288887 0.377316866 0.265536367 -0.0519303134 0.365532323 0.285440405 0.0229635684 0.353409478 0.273148392 -0.05288887 0.377316866 0.265536367 0.0229635684 0.353409478 0.273148392 0.0216103192 0.364742924 0.254541216 0.0216103192 0.364742924 0.254541216 0.0229635684 0.353409478 0.273148392 0.0980688888 0.336818063 0.256063621 0.0216103192 0.364742924 0.254541216 0.0980688888 0.336818063 0.256063621 0.0966028724 0.347376234 0.239148007 0.0966028724 0.347376234 0.239148007 0.0980688888 0.336818063 0.256063621 0.169917957 0.318154521 0.236779821 0.0966028724 0.347376234 0.239148007 0.169917957 0.318154521 0.236779821 0.168508338 0.327852786 0.221612153 0.168508338 0.327852786 0.221612153 0.169917957 0.318154521 0.236779821 0.234831628 0.299998432 0.217947104 0.168508338 0.327852786 0.221612153 0.234831628 0.299998432 0.217947104 0.233534776 0.308738147 0.204358227 0.233534776 0.308738147 0.204358227 0.234831628 0.299998432 0.217947104 0.289017977 0.284774376 0.201933655 0.233534776 0.308738147 0.204358227 0.289017977 0.284774376 0.201933655 0.287833893 0.292555541 0.189754411 0.287833893 0.292555541 0.189754411 0.289017977 0.284774376 0.201933655 0.328205832 0.274963316 0.19150236 0.287833893 0.292555541 0.189754411 0.328205832 0.274963316 0.19150236 0.32736005 0.282011494 0.180112513 0.32736005 0.282011494 0.180112513 0.328205832 0.274963316 0.19150236 0.331025098 0.274230301 0.190543807 0.32736005 0.282011494 0.180112513 0.331025098 0.274230301 0.190543807 0.330179315 0.280996533 0.179492272 0.330179315 0.280996533 0.179492272 0.331025098 0.274230301 0.190543807 0.333562445 0.272989833 0.188795862 0.330179315 0.280996533 0.179492272 0.333562445 0.272989833 0.188795862 0.332773046 0.279079433 0.178928418 0.332773046 0.279079433 0.178928418 0.333562445 0.272989833 0.188795862 0.335761463 0.271129117 0.185920206 0.332773046 0.279079433 0.178928418 0.335761463 0.271129117 0.185920206 0.335141215 0.275809098 0.178364565 0.335141215 0.275809098 0.178364565 0.335761463 0.271129117 0.185920206 0.336325327 0.266505492 0.177744327 -0.586957109 0.26571612 0.176954932 -0.583855897 0.260303124 0.187837309 -0.58616771 0.271918488 0.187837309 -0.58616771 0.271918488 0.187837309 -0.583855897 0.260303124 0.187837309 -0.580190849 0.259175396 0.191727902 -0.58616771 0.271918488 0.187837309 -0.580190849 0.259175396 0.191727902 -0.583235677 0.274399452 0.191727902 -0.583235677 0.274399452 0.191727902 -0.580190849 0.259175396 0.191727902 -0.576469418 0.259006245 0.1940397 -0.583235677 0.274399452 0.191727902 -0.576469418 0.259006245 0.1940397 -0.579852547 0.275978249 0.1940397 -0.579852547 0.275978249 0.1940397 -0.576469418 0.259006245 0.1940397 -0.572578835 0.259457341 0.195336566 -0.579852547 0.275978249 0.1940397 -0.572578835 0.259457341 0.195336566 -0.576131116 0.277049566 0.195336566 -0.576131116 0.277049566 0.195336566 -0.572578835 0.259457341 0.195336566 -0.532376046 0.268535386 0.205373164 -0.576131116 0.277049566 0.195336566 -0.532376046 0.268535386 0.205373164 -0.537056028 0.286522324 0.205373164 -0.537056028 0.286522324 0.205373164 -0.532376046 0.268535386 0.205373164 -0.477682244 0.282518947 0.220879143 -0.537056028 0.286522324 0.205373164 -0.477682244 0.282518947 0.220879143 -0.482756911 0.301520818 0.220879143 -0.482756911 0.301520818 0.220879143 -0.477682244 0.282518947 0.220879143 -0.41237386 0.299152649 0.239204392 -0.482756911 0.301520818 0.220879143 -0.41237386 0.299152649 0.239204392 -0.417561322 0.319394989 0.239204392 -0.417561322 0.319394989 0.239204392 -0.41237386 0.299152649 0.239204392 -0.340524792 0.316124627 0.257867955 -0.417561322 0.319394989 0.239204392 -0.340524792 0.316124627 0.257867955 -0.345430322 0.337776613 0.257867955 -0.345430322 0.337776613 0.257867955 -0.340524792 0.316124627 0.257867955 -0.265870555 0.331235916 0.274332486 -0.345430322 0.337776613 0.257867955 -0.265870555 0.331235916 0.274332486 -0.270043069 0.354086082 0.274332486 -0.270043069 0.354086082 0.274332486 -0.265870555 0.331235916 0.274332486 -0.192217148 0.342174676 0.286060645 -0.270043069 0.354086082 0.274332486 -0.192217148 0.342174676 0.286060645 -0.194867256 0.365870653 0.286060645 -0.194867256 0.365870653 0.286060645 -0.192217148 0.342174676 0.286060645 -0.123370594 0.346530452 0.290402318 -0.194867256 0.365870653 0.286060645 -0.123370594 0.346530452 0.290402318 -0.123370594 0.370381483 0.290402318 -0.123370594 0.370381483 0.290402318 -0.123370594 0.346530452 0.290402318 -0.0545240443 0.342513006 0.285440405 -0.123370594 0.370381483 0.290402318 -0.0545240443 0.342513006 0.285440405 -0.0519303134 0.365532323 0.285440405 -0.0519303134 0.365532323 0.285440405 -0.0545240443 0.342513006 0.285440405 0.0190165883 0.331968931 0.273148392 -0.0519303134 0.365532323 0.285440405 0.0190165883 0.331968931 0.273148392 0.0229635684 0.353409478 0.273148392 0.0229635684 0.353409478 0.273148392 0.0190165883 0.331968931 0.273148392 0.093614442 0.317308739 0.256063621 0.0229635684 0.353409478 0.273148392 0.093614442 0.317308739 0.256063621 0.0980688888 0.336818063 0.256063621 0.0980688888 0.336818063 0.256063621 0.093614442 0.317308739 0.256063621 0.165407126 0.300675036 0.236779821 0.0980688888 0.336818063 0.256063621 0.165407126 0.300675036 0.236779821 0.169917957 0.318154521 0.236779821 0.169917957 0.318154521 0.236779821 0.165407126 0.300675036 0.236779821 0.230659127 0.284436046 0.217947104 0.169917957 0.318154521 0.236779821 0.230659127 0.284436046 0.217947104 0.234831628 0.299998432 0.217947104 0.234831628 0.299998432 0.217947104 0.230659127 0.284436046 0.217947104 0.285352929 0.27067802 0.201933655 0.234831628 0.299998432 0.217947104 0.285352929 0.27067802 0.201933655 0.289017977 0.284774376 0.201933655 0.289017977 0.284774376 0.201933655 0.285352929 0.27067802 0.201933655 0.325555717 0.26182551 0.19150236 0.289017977 0.284774376 0.201933655 0.325555717 0.26182551 0.19150236 0.328205832 0.274963316 0.19150236 0.328205832 0.274963316 0.19150236 0.325555717 0.26182551 0.19150236 0.328431367 0.261430825 0.190543807 0.328205832 0.274963316 0.19150236 0.328431367 0.261430825 0.190543807 0.331025098 0.274230301 0.190543807 0.331025098 0.274230301 0.190543807 0.328431367 0.261430825 0.190543807 0.331250632 0.261599975 0.188795862 0.331025098 0.274230301 0.190543807 0.331250632 0.261599975 0.188795862 0.333562445 0.272989833 0.188795862 0.333562445 0.272989833 0.188795862 0.331250632 0.261599975 0.188795862 0.334013514 0.262445758 0.185920206 0.333562445 0.272989833 0.188795862 0.334013514 0.262445758 0.185920206 0.335761463 0.271129117 0.185920206 0.335761463 0.271129117 0.185920206 0.334013514 0.262445758 0.185920206 0.336325327 0.266505492 0.177744327 -0.586957109 0.26571612 0.176954932 -0.580754713 0.254890127 0.177744327 -0.583855897 0.260303124 0.187837309 -0.583855897 0.260303124 0.187837309 -0.580754713 0.254890127 0.177744327 -0.576131116 0.252070834 0.178533722 -0.583855897 0.260303124 0.187837309 -0.576131116 0.252070834 0.178533722 -0.580190849 0.259175396 0.191727902 -0.580190849 0.259175396 0.191727902 -0.576131116 0.252070834 0.178533722 -0.571902203 0.251055901 0.179323118 -0.580190849 0.259175396 0.191727902 -0.571902203 0.251055901 0.179323118 -0.576469418 0.259006245 0.1940397 -0.576469418 0.259006245 0.1940397 -0.571902203 0.251055901 0.179323118 -0.567898853 0.251281463 0.180112513 -0.576469418 0.259006245 0.1940397 -0.567898853 0.251281463 0.180112513 -0.572578835 0.259457341 0.195336566 -0.572578835 0.259457341 0.195336566 -0.567898853 0.251281463 0.180112513 -0.526286418 0.260472275 0.189754411 -0.572578835 0.259457341 0.195336566 -0.526286418 0.260472275 0.189754411 -0.532376046 0.268535386 0.205373164 -0.532376046 0.268535386 0.205373164 -0.526286418 0.260472275 0.189754411 -0.470958272 0.274117533 0.204358227 -0.532376046 0.268535386 0.205373164 -0.470958272 0.274117533 0.204358227 -0.477682244 0.282518947 0.220879143 -0.477682244 0.282518947 0.220879143 -0.470958272 0.274117533 0.204358227 -0.405551244 0.290130989 0.221612153 -0.477682244 0.282518947 0.220879143 -0.405551244 0.290130989 0.221612153 -0.41237386 0.299152649 0.239204392 -0.41237386 0.299152649 0.239204392 -0.405551244 0.290130989 0.221612153 -0.333984095 0.306257183 0.239148007 -0.41237386 0.299152649 0.239204392 -0.333984095 0.306257183 0.239148007 -0.340524792 0.316124627 0.257867955 -0.340524792 0.316124627 0.257867955 -0.333984095 0.306257183 0.239148007 -0.260288393 0.320466306 0.254541216 -0.340524792 0.316124627 0.257867955 -0.260288393 0.320466306 0.254541216 -0.265870555 0.331235916 0.274332486 -0.265870555 0.331235916 0.274332486 -0.260288393 0.320466306 0.254541216 -0.188608484 0.330559284 0.265536367 -0.265870555 0.331235916 0.274332486 -0.188608484 0.330559284 0.265536367 -0.192217148 0.342174676 0.286060645 -0.192217148 0.342174676 0.286060645 -0.188608484 0.330559284 0.265536367 -0.123370594 0.334562662 0.269708885 -0.192217148 0.342174676 0.286060645 -0.123370594 0.334562662 0.269708885 -0.123370594 0.346530452 0.290402318 -0.123370594 0.346530452 0.290402318 -0.123370594 0.334562662 0.269708885 -0.0580199345 0.331235916 0.265536367 -0.123370594 0.346530452 0.290402318 -0.0580199345 0.331235916 0.265536367 -0.0545240443 0.342513006 0.285440405 -0.0545240443 0.342513006 0.285440405 -0.0580199345 0.331235916 0.265536367 0.0137727427 0.321819569 0.254541216 -0.0545240443 0.342513006 0.285440405 0.0137727427 0.321819569 0.254541216 0.0190165883 0.331968931 0.273148392 0.0190165883 0.331968931 0.273148392 0.0137727427 0.321819569 0.254541216 0.0876939788 0.308343461 0.239148007 0.0190165883 0.331968931 0.273148392 0.0876939788 0.308343461 0.239148007 0.093614442 0.317308739 0.256063621 0.093614442 0.317308739 0.256063621 0.0876939788 0.308343461 0.239148007 0.15954306 0.29289387 0.221612153 0.093614442 0.317308739 0.256063621 0.15954306 0.29289387 0.221612153 0.165407126 0.300675036 0.236779821 0.165407126 0.300675036 0.236779821 0.15954306 0.29289387 0.221612153 0.225133335 0.277557047 0.204358227 0.165407126 0.300675036 0.236779821 0.225133335 0.277557047 0.204358227 0.230659127 0.284436046 0.217947104 0.230659127 0.284436046 0.217947104 0.225133335 0.277557047 0.204358227 0.28056018 0.264419241 0.189754411 0.230659127 0.284436046 0.217947104 0.28056018 0.264419241 0.189754411 0.285352929 0.27067802 0.201933655 0.285352929 0.27067802 0.201933655 0.28056018 0.264419241 0.189754411 0.32205982 0.255679498 0.180112513 0.285352929 0.27067802 0.201933655 0.32205982 0.255679498 0.180112513 0.325555717 0.26182551 0.19150236 0.325555717 0.26182551 0.19150236 0.32205982 0.255679498 0.180112513 0.325048237 0.255510347 0.179492272 0.325555717 0.26182551 0.19150236 0.325048237 0.255510347 0.179492272 0.328431367 0.261430825 0.190543807 0.328431367 0.261430825 0.190543807 0.325048237 0.255510347 0.179492272 0.328205832 0.256243363 0.178928418 0.328431367 0.261430825 0.190543807 0.328205832 0.256243363 0.178928418 0.331250632 0.261599975 0.188795862 0.331250632 0.261599975 0.188795862 0.328205832 0.256243363 0.178928418 0.331645346 0.258385997 0.178364565 0.331250632 0.261599975 0.188795862 0.331645346 0.258385997 0.178364565 0.334013514 0.262445758 0.185920206 0.334013514 0.262445758 0.185920206 0.331645346 0.258385997 0.178364565 0.336325327 0.266505492 0.177744327 -0.586957109 0.26571612 0.176954932 -0.579965315 0.261092495 0.167707729 -0.580754713 0.254890127 0.177744327 -0.580754713 0.254890127 0.177744327 -0.579965315 0.261092495 0.167707729 -0.575116182 0.260190329 0.16533954 -0.580754713 0.254890127 0.177744327 -0.575116182 0.260190329 0.16533954 -0.576131116 0.252070834 0.178533722 -0.576131116 0.252070834 0.178533722 -0.575116182 0.260190329 0.16533954 -0.570774503 0.260133945 0.164550148 -0.576131116 0.252070834 0.178533722 -0.570774503 0.260133945 0.164550148 -0.571902203 0.251055901 0.179323118 -0.571902203 0.251055901 0.179323118 -0.570774503 0.260133945 0.164550148 -0.566714741 0.260641426 0.164888457 -0.571902203 0.251055901 0.179323118 -0.566714741 0.260641426 0.164888457 -0.567898853 0.251281463 0.180112513 -0.567898853 0.251281463 0.180112513 -0.566714741 0.260641426 0.164888457 -0.524820416 0.270508869 0.174135663 -0.567898853 0.251281463 0.180112513 -0.524820416 0.270508869 0.174135663 -0.526286418 0.260472275 0.189754411 -0.526286418 0.260472275 0.189754411 -0.524820416 0.270508869 0.174135663 -0.469379475 0.284717992 0.187893696 -0.526286418 0.260472275 0.189754411 -0.469379475 0.284717992 0.187893696 -0.470958272 0.274117533 0.204358227 -0.470958272 0.274117533 0.204358227 -0.469379475 0.284717992 0.187893696 -0.403916063 0.301351667 0.204019915 -0.470958272 0.274117533 0.204358227 -0.403916063 0.301351667 0.204019915 -0.405551244 0.290130989 0.221612153 -0.405551244 0.290130989 0.221612153 -0.403916063 0.301351667 0.204019915 -0.332348914 0.317985343 0.220371675 -0.405551244 0.290130989 0.221612153 -0.332348914 0.317985343 0.220371675 -0.333984095 0.306257183 0.239148007 -0.333984095 0.306257183 0.239148007 -0.332348914 0.317985343 0.220371675 -0.258878761 0.332532795 0.234749947 -0.333984095 0.306257183 0.239148007 -0.258878761 0.332532795 0.234749947 -0.260288393 0.320466306 0.254541216 -0.260288393 0.320466306 0.254541216 -0.258878761 0.332532795 0.234749947 -0.187706317 0.342682157 0.245012086 -0.260288393 0.320466306 0.254541216 -0.187706317 0.342682157 0.245012086 -0.188608484 0.330559284 0.265536367 -0.188608484 0.330559284 0.265536367 -0.187706317 0.342682157 0.245012086 -0.123370594 0.346530452 0.249015448 -0.188608484 0.330559284 0.265536367 -0.123370594 0.346530452 0.249015448 -0.123370594 0.334562662 0.269708885 -0.123370594 0.334562662 0.269708885 -0.123370594 0.346530452 0.249015448 -0.0589221006 0.343020459 0.24557594 -0.123370594 0.334562662 0.269708885 -0.0589221006 0.343020459 0.24557594 -0.0580199345 0.331235916 0.265536367 -0.0580199345 0.331235916 0.265536367 -0.0589221006 0.343020459 0.24557594 0.012475891 0.333153015 0.23593404 -0.0580199345 0.331235916 0.265536367 0.012475891 0.333153015 0.23593404 0.0137727427 0.321819569 0.254541216 0.0137727427 0.321819569 0.254541216 0.012475891 0.333153015 0.23593404 0.0862843459 0.31894392 0.222232393 0.0137727427 0.321819569 0.254541216 0.0862843459 0.31894392 0.222232393 0.0876939788 0.308343461 0.239148007 0.0876939788 0.308343461 0.239148007 0.0862843459 0.31894392 0.222232393 0.158133414 0.302592135 0.206444486 0.0876939788 0.308343461 0.239148007 0.158133414 0.302592135 0.206444486 0.15954306 0.29289387 0.221612153 0.15954306 0.29289387 0.221612153 0.158133414 0.302592135 0.206444486 0.223836483 0.286240378 0.190825735 0.15954306 0.29289387 0.221612153 0.223836483 0.286240378 0.190825735 0.225133335 0.277557047 0.204358227 0.225133335 0.277557047 0.204358227 0.223836483 0.286240378 0.190825735 0.279432479 0.272256818 0.177575169 0.225133335 0.277557047 0.204358227 0.279432479 0.272256818 0.177575169 0.28056018 0.264419241 0.189754411 0.28056018 0.264419241 0.189754411 0.279432479 0.272256818 0.177575169 0.321157654 0.262671293 0.168666279 0.28056018 0.264419241 0.189754411 0.321157654 0.262671293 0.168666279 0.32205982 0.255679498 0.180112513 0.32205982 0.255679498 0.180112513 0.321157654 0.262671293 0.168666279 0.324202455 0.262276607 0.168440737 0.32205982 0.255679498 0.180112513 0.324202455 0.262276607 0.168440737 0.325048237 0.255510347 0.179492272 0.325048237 0.255510347 0.179492272 0.324202455 0.262276607 0.168440737 0.327472817 0.262332991 0.169004595 0.325048237 0.255510347 0.179492272 0.327472817 0.262332991 0.169004595 0.328205832 0.256243363 0.178928418 0.328205832 0.256243363 0.178928418 0.327472817 0.262332991 0.169004595 0.331081481 0.263009622 0.170808923 0.328205832 0.256243363 0.178928418 0.331081481 0.263009622 0.170808923 0.331645346 0.258385997 0.178364565 0.331645346 0.258385997 0.178364565 0.331081481 0.263009622 0.170808923 0.336325327 0.266505492 0.177744327 -0.586957109 0.26571612 0.176954932 -0.5822771 0.272707887 0.167707729 -0.579965315 0.261092495 0.167707729 -0.579965315 0.261092495 0.167707729 -0.5822771 0.272707887 0.167707729 -0.578160982 0.275414385 0.16533954 -0.579965315 0.261092495 0.167707729 -0.578160982 0.275414385 0.16533954 -0.575116182 0.260190329 0.16533954 -0.575116182 0.260190329 0.16533954 -0.578160982 0.275414385 0.16533954 -0.574157605 0.277162334 0.164550148 -0.575116182 0.260190329 0.16533954 -0.574157605 0.277162334 0.164550148 -0.570774503 0.260133945 0.164550148 -0.570774503 0.260133945 0.164550148 -0.574157605 0.277162334 0.164550148 -0.570267022 0.278233651 0.164888457 -0.570774503 0.260133945 0.164550148 -0.570267022 0.278233651 0.164888457 -0.566714741 0.260641426 0.164888457 -0.566714741 0.260641426 0.164888457 -0.570267022 0.278233651 0.164888457 -0.529500397 0.288495807 0.174135663 -0.566714741 0.260641426 0.164888457 -0.529500397 0.288495807 0.174135663 -0.524820416 0.270508869 0.174135663 -0.524820416 0.270508869 0.174135663 -0.529500397 0.288495807 0.174135663 -0.474468265 0.303719864 0.187893696 -0.524820416 0.270508869 0.174135663 -0.474468265 0.303719864 0.187893696 -0.469379475 0.284717992 0.187893696 -0.469379475 0.284717992 0.187893696 -0.474468265 0.303719864 0.187893696 -0.409103525 0.321594007 0.204019915 -0.469379475 0.284717992 0.187893696 -0.409103525 0.321594007 0.204019915 -0.403916063 0.301351667 0.204019915 -0.403916063 0.301351667 0.204019915 -0.409103525 0.321594007 0.204019915 -0.337310827 0.339637329 0.220371675 -0.403916063 0.301351667 0.204019915 -0.337310827 0.339637329 0.220371675 -0.332348914 0.317985343 0.220371675 -0.332348914 0.317985343 0.220371675 -0.337310827 0.339637329 0.220371675 -0.263051275 0.355382962 0.234749947 -0.332348914 0.317985343 0.220371675 -0.263051275 0.355382962 0.234749947 -0.258878761 0.332532795 0.234749947 -0.258878761 0.332532795 0.234749947 -0.263051275 0.355382962 0.234749947 -0.190356425 0.366378106 0.245012086 -0.258878761 0.332532795 0.234749947 -0.190356425 0.366378106 0.245012086 -0.187706317 0.342682157 0.245012086 -0.187706317 0.342682157 0.245012086 -0.190356425 0.366378106 0.245012086 -0.123370594 0.370381483 0.249015448 -0.187706317 0.342682157 0.245012086 -0.123370594 0.370381483 0.249015448 -0.123370594 0.346530452 0.249015448 -0.123370594 0.346530452 0.249015448 -0.123370594 0.370381483 0.249015448 -0.0563847602 0.366039804 0.24557594 -0.123370594 0.346530452 0.249015448 -0.0563847602 0.366039804 0.24557594 -0.0589221006 0.343020459 0.24557594 -0.0589221006 0.343020459 0.24557594 -0.0563847602 0.366039804 0.24557594 0.0163664736 0.354649946 0.23593404 -0.0589221006 0.343020459 0.24557594 0.0163664736 0.354649946 0.23593404 0.012475891 0.333153015 0.23593404 0.012475891 0.333153015 0.23593404 0.0163664736 0.354649946 0.23593404 0.0907387928 0.338453244 0.222232393 0.012475891 0.333153015 0.23593404 0.0907387928 0.338453244 0.222232393 0.0862843459 0.31894392 0.222232393 0.0862843459 0.31894392 0.222232393 0.0907387928 0.338453244 0.222232393 0.16258786 0.320071621 0.206444486 0.0862843459 0.31894392 0.222232393 0.16258786 0.320071621 0.206444486 0.158133414 0.302592135 0.206444486 0.158133414 0.302592135 0.206444486 0.16258786 0.320071621 0.206444486 0.228065396 0.301859148 0.190825735 0.158133414 0.302592135 0.206444486 0.228065396 0.301859148 0.190825735 0.223836483 0.286240378 0.190825735 0.223836483 0.286240378 0.190825735 0.228065396 0.301859148 0.190825735 0.283041144 0.286296762 0.177575169 0.223836483 0.286240378 0.190825735 0.283041144 0.286296762 0.177575169 0.279432479 0.272256818 0.177575169 0.279432479 0.272256818 0.177575169 0.283041144 0.286296762 0.177575169 0.323807769 0.275865482 0.168666279 0.279432479 0.272256818 0.177575169 0.323807769 0.275865482 0.168666279 0.321157654 0.262671293 0.168666279 0.321157654 0.262671293 0.168666279 0.323807769 0.275865482 0.168666279 0.326739802 0.275076083 0.168440737 0.321157654 0.262671293 0.168666279 0.326739802 0.275076083 0.168440737 0.324202455 0.262276607 0.168440737 0.324202455 0.262276607 0.168440737 0.326739802 0.275076083 0.168440737 0.329728218 0.273779204 0.169004595 0.324202455 0.262276607 0.168440737 0.329728218 0.273779204 0.169004595 0.327472817 0.262332991 0.169004595 0.327472817 0.262332991 0.169004595 0.329728218 0.273779204 0.169004595 0.33282943 0.271749337 0.170808923 0.327472817 0.262332991 0.169004595 0.33282943 0.271749337 0.170808923 0.331081481 0.263009622 0.170808923 0.331081481 0.263009622 0.170808923 0.33282943 0.271749337 0.170808923 0.336325327 0.266505492 0.177744327 -0.586957109 0.26571612 0.176954932 -0.585378311 0.278120883 0.177744327 -0.5822771 0.272707887 0.167707729 -0.5822771 0.272707887 0.167707729 -0.585378311 0.278120883 0.177744327 -0.582220716 0.282518947 0.178533722 -0.5822771 0.272707887 0.167707729 -0.582220716 0.282518947 0.178533722 -0.578160982 0.275414385 0.16533954 -0.578160982 0.275414385 0.16533954 -0.582220716 0.282518947 0.178533722 -0.578724847 0.285056294 0.179323118 -0.578160982 0.275414385 0.16533954 -0.578724847 0.285056294 0.179323118 -0.574157605 0.277162334 0.164550148 -0.574157605 0.277162334 0.164550148 -0.578724847 0.285056294 0.179323118 -0.574947004 0.286409529 0.180112513 -0.574157605 0.277162334 0.164550148 -0.574947004 0.286409529 0.180112513 -0.570267022 0.278233651 0.164888457 -0.570267022 0.278233651 0.164888457 -0.574947004 0.286409529 0.180112513 -0.535590025 0.296502535 0.189754411 -0.570267022 0.278233651 0.164888457 -0.535590025 0.296502535 0.189754411 -0.529500397 0.288495807 0.174135663 -0.529500397 0.288495807 0.174135663 -0.535590025 0.296502535 0.189754411 -0.481178114 0.312121277 0.204358227 -0.529500397 0.288495807 0.174135663 -0.481178114 0.312121277 0.204358227 -0.474468265 0.303719864 0.187893696 -0.474468265 0.303719864 0.187893696 -0.481178114 0.312121277 0.204358227 -0.415926141 0.330615668 0.221612153 -0.474468265 0.303719864 0.187893696 -0.415926141 0.330615668 0.221612153 -0.409103525 0.321594007 0.204019915 -0.409103525 0.321594007 0.204019915 -0.415926141 0.330615668 0.221612153 -0.343851524 0.349518868 0.239148007 -0.409103525 0.321594007 0.204019915 -0.343851524 0.349518868 0.239148007 -0.337310827 0.339637329 0.220371675 -0.337310827 0.339637329 0.220371675 -0.343851524 0.349518868 0.239148007 -0.268633437 0.366152571 0.254541216 -0.337310827 0.339637329 0.220371675 -0.268633437 0.366152571 0.254541216 -0.263051275 0.355382962 0.234749947 -0.263051275 0.355382962 0.234749947 -0.268633437 0.366152571 0.254541216 -0.19396509 0.377993498 0.265536367 -0.263051275 0.355382962 0.234749947 -0.19396509 0.377993498 0.265536367 -0.190356425 0.366378106 0.245012086 -0.190356425 0.366378106 0.245012086 -0.19396509 0.377993498 0.265536367 -0.123370594 0.382335177 0.269708885 -0.190356425 0.366378106 0.245012086 -0.123370594 0.382335177 0.269708885 -0.123370594 0.370381483 0.249015448 -0.123370594 0.370381483 0.249015448 -0.123370594 0.382335177 0.269708885 -0.05288887 0.377316866 0.265536367 -0.123370594 0.370381483 0.249015448 -0.05288887 0.377316866 0.265536367 -0.0563847602 0.366039804 0.24557594 -0.0563847602 0.366039804 0.24557594 -0.05288887 0.377316866 0.265536367 0.0216103192 0.364742924 0.254541216 -0.0563847602 0.366039804 0.24557594 0.0216103192 0.364742924 0.254541216 0.0163664736 0.354649946 0.23593404 0.0163664736 0.354649946 0.23593404 0.0216103192 0.364742924 0.254541216 0.0966028724 0.347376234 0.239148007 0.0163664736 0.354649946 0.23593404 0.0966028724 0.347376234 0.239148007 0.0907387928 0.338453244 0.222232393 0.0907387928 0.338453244 0.222232393 0.0966028724 0.347376234 0.239148007 0.168508338 0.327852786 0.221612153 0.0907387928 0.338453244 0.222232393 0.168508338 0.327852786 0.221612153 0.16258786 0.320071621 0.206444486 0.16258786 0.320071621 0.206444486 0.168508338 0.327852786 0.221612153 0.233534776 0.308738147 0.204358227 0.16258786 0.320071621 0.206444486 0.233534776 0.308738147 0.204358227 0.228065396 0.301859148 0.190825735 0.228065396 0.301859148 0.190825735 0.233534776 0.308738147 0.204358227 0.287833893 0.292555541 0.189754411 0.228065396 0.301859148 0.190825735 0.287833893 0.292555541 0.189754411 0.283041144 0.286296762 0.177575169 0.283041144 0.286296762 0.177575169 0.287833893 0.292555541 0.189754411 0.32736005 0.282011494 0.180112513 0.283041144 0.286296762 0.177575169 0.32736005 0.282011494 0.180112513 0.323807769 0.275865482 0.168666279 0.323807769 0.275865482 0.168666279 0.32736005 0.282011494 0.180112513 0.330179315 0.280996533 0.179492272 0.323807769 0.275865482 0.168666279 0.330179315 0.280996533 0.179492272 0.326739802 0.275076083 0.168440737 0.326739802 0.275076083 0.168440737 0.330179315 0.280996533 0.179492272 0.332773046 0.279079433 0.178928418 0.326739802 0.275076083 0.168440737 0.332773046 0.279079433 0.178928418 0.329728218 0.273779204 0.169004595 0.329728218 0.273779204 0.169004595 0.332773046 0.279079433 0.178928418 0.335141215 0.275809098 0.178364565 0.329728218 0.273779204 0.169004595 0.335141215 0.275809098 0.178364565 0.33282943 0.271749337 0.170808923 0.33282943 0.271749337 0.170808923 0.335141215 0.275809098 0.178364565 0.336325327 0.266505492 0.177744327</float_array><technique_common><accessor source="#part0-positions-array" count="3780" stride="3"><param name="X" type="float" /><param name="Y" type="float" /><param name="Z" type="float" /></accessor></technique_common></source><source id="part0-normals"><float_array id="part0-normals-array" count="11340">-0.867686304 0.497112138 1.1388766e-06 -0.867686304 0.497112138 1.1388766e-06 -0.867686304 0.497112138 1.1388766e-06 -0.531471474 0.80365929 0.267712193 -0.531471474 0.80365929 0.267712193 -0.531471474 0.80365929 0.267712193 -0.534525765 0.80178194 0.267260038 -0.534525765 0.80178194 0.267260038 -0.534525765 0.80178194 0.267260038 -0.28023726 0.878537358 0.386832249 -0.28023726 0.878537358 0.386832249 -0.28023726 0.878537358 0.386832249 -0.282828064 0.877864241 0.386474657 -0.282828064 0.877864241 0.386474657 -0.282828064 0.877864241 0.386474657 -0.0514497951 0.885245697 0.462269374 -0.0514497951 0.885245697 0.462269374 -0.0514497951 0.885245697 0.462269374 -0.0413695646 0.885485767 0.462821256 -0.0413695646 0.885485767 0.462821256 -0.0413695646 0.885485767 0.462821256 0.0740289374 0.868913916 0.489395875 0.0740289374 0.868913916 0.489395875 0.0740289374 0.868913916 0.489395875 0.0810140749 0.872431277 0.481975504 0.0810140749 0.872431277 0.481975504 0.0810140749 0.872431277 0.481975504 0.085761402 0.871281282 0.483232769 0.085761402 0.871281282 0.483232769 0.085761402 0.871281282 0.483232769 0.0885873825 0.872829994 0.47991674 0.0885873825 0.872829994 0.47991674 0.0885873825 0.872829994 0.47991674 0.0877605906 0.873039815 0.479686939 0.0877605906 0.873039815 0.479686939 0.0877605906 0.873039815 0.479686939 0.0867022336 0.872413796 0.481016519 0.0867022336 0.872413796 0.481016519 0.0867022336 0.872413796 0.481016519 0.0817518088 0.873610198 0.479710186 0.0817518088 0.873610198 0.479710186 0.0817518088 0.873610198 0.479710186 0.0771284353 0.870625516 0.485862548 0.0771284353 0.870625516 0.485862548 0.0771284353 0.870625516 0.485862548 0.0697783239 0.872209644 0.484129448 0.0697783239 0.872209644 0.484129448 0.0697783239 0.872209644 0.484129448 0.0649306527 0.868716966 0.491034463 0.0649306527 0.868716966 0.491034463 0.0649306527 0.868716966 0.491034463 0.0515721645 0.871025622 0.488522956 0.0515721645 0.871025622 0.488522956 0.0515721645 0.871025622 0.488522956 0.0455295902 0.865940417 0.498070529 0.0455295902 0.865940417 0.498070529 0.0455295902 0.865940417 0.498070529 0.0236826056 0.868260784 0.495542476 0.0236826056 0.868260784 0.495542476 0.0236826056 0.868260784 0.495542476 0.0210967074 0.865462427 0.500529436 0.0210967074 0.865462427 0.500529436 0.0210967074 0.865462427 0.500529436 -0.0144303874 0.865564952 0.500588731 -0.0144303874 0.865564952 0.500588731 -0.0144303874 0.865564952 0.500588731 -0.0126601314 0.869032103 0.494593697 -0.0126601314 0.869032103 0.494593697 -0.0126601314 0.869032103 0.494593697 -0.04096282 0.866224094 0.497973761 -0.04096282 0.866224094 0.497973761 -0.04096282 0.866224094 0.497973761 -0.0398291989 0.872437823 0.487099457 -0.0398291989 0.872437823 0.487099457 -0.0398291989 0.872437823 0.487099457 -0.0584734201 0.869374143 0.490682646 -0.0584734201 0.869374143 0.490682646 -0.0584734201 0.869374143 0.490682646 -0.0585639898 0.87342994 0.483415348 -0.0585639898 0.87342994 0.483415348 -0.0585639898 0.87342994 0.483415348 -0.0711064924 0.870824464 0.48642432 -0.0711064924 0.870824464 0.48642432 -0.0711064924 0.870824464 0.48642432 -0.0718891532 0.875886405 0.477132011 -0.0718891532 0.875886405 0.477132011 -0.0718891532 0.875886405 0.477132011 -0.0792735928 0.874169797 0.479106318 -0.0792735928 0.874169797 0.479106318 -0.0792735928 0.874169797 0.479106318 -0.0796534532 0.875934718 0.475808468 -0.0796534532 0.875934718 0.475808468 -0.0796534532 0.875934718 0.475808468 -0.0808556699 0.875639953 0.476148121 -0.0808556699 0.875639953 0.476148121 -0.0808556699 0.875639953 0.476148121 -0.080419122 0.873331752 0.480441896 -0.080419122 0.873331752 0.480441896 -0.080419122 0.873331752 0.480441896 -0.0690397151 0.876003897 0.477337083 -0.0690397151 0.876003897 0.477337083 -0.0690397151 0.876003897 0.477337083 -0.0691271763 0.86892482 0.490092941 -0.0691271763 0.86892482 0.490092941 -0.0691271763 0.86892482 0.490092941 0.0341729079 0.883882813 0.466458342 0.0341729079 0.883882813 0.466458342 0.0341729079 0.883882813 0.466458342 0.045488091 0.886296979 0.460877965 0.045488091 0.886296979 0.460877965 0.045488091 0.886296979 0.460877965 0.289323614 0.877835855 0.381701531 0.289323614 0.877835855 0.381701531 0.289323614 0.877835855 0.381701531 0.273893962 0.87815831 0.392199031 0.273893962 0.87815831 0.392199031 0.273893962 0.87815831 0.392199031 0.529626741 0.803229853 0.27261203 0.529626741 0.803229853 0.27261203 0.529626741 0.803229853 0.27261203 0.540903265 0.799818533 0.260219086 0.540903265 0.799818533 0.260219086 0.540903265 0.799818533 0.260219086 0.866279361 0.499550241 -0.00310245925 0.866279361 0.499550241 -0.00310245925 0.866279361 0.499550241 -0.00310245925 -0.964844634 0.192033583 0.179437831 -0.964844634 0.192033583 0.179437831 -0.964844634 0.192033583 0.179437831 -0.742277214 0.147735861 0.653604355 -0.742277214 0.147735861 0.653604355 -0.742277214 0.147735861 0.653604355 -0.740932854 0.148187375 0.655025959 -0.740932854 0.148187375 0.655025959 -0.740932854 0.148187375 0.655025959 -0.527044956 0.105409563 0.84327483 -0.527044956 0.105409563 0.84327483 -0.527044956 0.105409563 0.84327483 -0.528198985 0.105289016 0.842567538 -0.528198985 0.105289016 0.842567538 -0.528198985 0.105289016 0.842567538 -0.312404441 0.0622734183 0.947905843 -0.312404441 0.0622734183 0.947905843 -0.312404441 0.0622734183 0.947905843 -0.309091936 0.0624128738 0.948981985 -0.309091936 0.0624128738 0.948981985 -0.309091936 0.0624128738 0.948981985 -0.23756708 0.0479703366 0.970185925 -0.23756708 0.0479703366 0.970185925 -0.23756708 0.0479703366 0.970185925 -0.229093912 0.0596074355 0.971577549 -0.229093912 0.0596074355 0.971577549 -0.229093912 0.0596074355 0.971577549 -0.256863371 0.0668327091 0.964134118 -0.256863371 0.0668327091 0.964134118 -0.256863371 0.0668327091 0.964134118 -0.255906078 0.0683426439 0.964282823 -0.255906078 0.0683426439 0.964282823 -0.255906078 0.0683426439 0.964282823 -0.252781546 0.0675082018 0.96516534 -0.252781546 0.0675082018 0.96516534 -0.252781546 0.0675082018 0.96516534 -0.254174305 0.0651367158 0.964962502 -0.254174305 0.0651367158 0.964962502 -0.254174305 0.0651367158 0.964962502 -0.235590978 0.0603744057 0.969975166 -0.235590978 0.0603744057 0.969975166 -0.235590978 0.0603744057 0.969975166 -0.239044098 0.0541584474 0.96949718 -0.239044098 0.0541584474 0.96949718 -0.239044098 0.0541584474 0.96949718 -0.203607211 0.0461297749 0.97796531 -0.203607211 0.0461297749 0.97796531 -0.203607211 0.0461297749 0.97796531 -0.207879756 0.0379595196 0.977417558 -0.207879756 0.0379595196 0.977417558 -0.207879756 0.0379595196 0.977417558 -0.149897165 0.02737171 0.988322634 -0.149897165 0.02737171 0.988322634 -0.149897165 0.02737171 0.988322634 -0.154722881 0.0173038787 0.987806361 -0.154722881 0.0173038787 0.987806361 -0.154722881 0.0173038787 0.987806361 -0.0601893572 0.00673145 0.998164279 -0.0601893572 0.00673145 0.998164279 -0.0601893572 0.00673145 0.998164279 -0.0629380086 0 0.998017438 -0.0629380086 0 0.998017438 -0.0629380086 0 0.998017438 0.0692884786 0 0.997596665 0.0692884786 0 0.997596665 0.0692884786 0 0.997596665 0.0714161383 0.00804690446 0.997414148 0.0714161383 0.00804690446 0.997414148 0.0714161383 0.00804690446 0.997414148 0.159106415 0.0179275182 0.987098654 0.159106415 0.0179275182 0.987098654 0.159106415 0.0179275182 0.987098654 0.160660021 0.0295758262 0.986566586 0.160660021 0.0295758262 0.986566586 0.160660021 0.0295758262 0.986566586 0.213381192 0.0392812412 0.976179006 0.213381192 0.0392812412 0.976179006 0.213381192 0.0392812412 0.976179006 0.213851386 0.0488274014 0.975645156 0.213851386 0.0488274014 0.975645156 0.213851386 0.0488274014 0.975645156 0.245220249 0.0559896655 0.967849258 0.245220249 0.0559896655 0.967849258 0.245220249 0.0559896655 0.967849258 0.245189507 0.0632746491 0.967408096 0.245189507 0.0632746491 0.967408096 0.245189507 0.0632746491 0.967408096 0.260603919 0.0672525581 0.963100561 0.260603919 0.0672525581 0.963100561 0.260603919 0.0672525581 0.963100561 0.260533532 0.0698528125 0.962934506 0.260533532 0.0698528125 0.962934506 0.260533532 0.0698528125 0.962934506 0.264331822 0.0708711891 0.961824289 0.264331822 0.0708711891 0.961824289 0.264331822 0.0708711891 0.961824289 0.264359879 0.068733486 0.961971705 0.264359879 0.068733486 0.961971705 0.264359879 0.068733486 0.961971705 0.241981197 0.0629150357 0.968239019 0.241981197 0.0629150357 0.968239019 0.241981197 0.0629150357 0.968239019 0.240818744 0.0485771585 0.969353698 0.240818744 0.0485771585 0.969353698 0.240818744 0.0485771585 0.969353698 0.306824562 0.0618916334 0.949751606 0.306824562 0.0618916334 0.949751606 0.306824562 0.0618916334 0.949751606 0.307895075 0.0623929425 0.949372289 0.307895075 0.0623929425 0.949372289 0.307895075 0.0623929425 0.949372289 0.528040652 0.107004018 0.842450716 0.528040652 0.107004018 0.842450716 0.528040652 0.107004018 0.842450716 0.528540187 0.10727842 0.842102495 0.528540187 0.10727842 0.842102495 0.528540187 0.10727842 0.842102495 0.736394476 0.149466849 0.659835462 0.736394476 0.149466849 0.659835462 0.736394476 0.149466849 0.659835462 0.73454723 0.147863373 0.662251304 0.73454723 0.147863373 0.662251304 0.73454723 0.147863373 0.662251304 0.964961996 0.194245557 0.176400143 0.964961996 0.194245557 0.176400143 0.964961996 0.194245557 0.176400143 -0.991997818 -0.126255018 1.65715287e-07 -0.991997818 -0.126255018 1.65715287e-07 -0.991997818 -0.126255018 1.65715287e-07 -0.805425323 -0.530994473 0.263315245 -0.805425323 -0.530994473 0.263315245 -0.805425323 -0.530994473 0.263315245 -0.803517186 -0.532579532 0.265930769 -0.803517186 -0.532579532 0.265930769 -0.803517186 -0.532579532 0.265930769 -0.597322554 -0.702726741 0.386498246 -0.597322554 -0.702726741 0.386498246 -0.597322554 -0.702726741 0.386498246 -0.59423864 -0.704080078 0.388782309 -0.59423864 -0.704080078 0.388782309 -0.59423864 -0.704080078 0.388782309 -0.383061426 -0.799007094 0.463520882 -0.383061426 -0.799007094 0.463520882 -0.383061426 -0.799007094 0.463520882 -0.389959269 -0.797657618 0.460080529 -0.389959269 -0.797657618 0.460080529 -0.389959269 -0.797657618 0.460080529 -0.326119937 -0.816408492 0.476574193 -0.326119937 -0.816408492 0.476574193 -0.326119937 -0.816408492 0.476574193 -0.322028853 -0.811195188 0.488118617 -0.322028853 -0.811195188 0.488118617 -0.322028853 -0.811195188 0.488118617 -0.358515178 -0.80154673 0.478528689 -0.358515178 -0.80154673 0.478528689 -0.358515178 -0.80154673 0.478528689 -0.358230922 -0.800972739 0.479701239 -0.358230922 -0.800972739 0.479701239 -0.358230922 -0.800972739 0.479701239 -0.354439082 -0.802033586 0.480744282 -0.354439082 -0.802033586 0.480744282 -0.354439082 -0.802033586 0.480744282 -0.354781965 -0.802862488 0.479104981 -0.354781965 -0.802862488 0.479104981 -0.354781965 -0.802862488 0.479104981 -0.33040738 -0.809379086 0.48552699 -0.33040738 -0.809379086 0.48552699 -0.33040738 -0.809379086 0.48552699 -0.33132454 -0.811615081 0.481149675 -0.33132454 -0.811615081 0.481149675 -0.33132454 -0.811615081 0.481149675 -0.282802064 -0.823111639 0.492453269 -0.282802064 -0.823111639 0.492453269 -0.282802064 -0.823111639 0.492453269 -0.284731627 -0.827360514 0.484151299 -0.284731627 -0.827360514 0.484151299 -0.284731627 -0.827360514 0.484151299 -0.20690509 -0.841827372 0.498514753 -0.20690509 -0.841827372 0.498514753 -0.20690509 -0.841827372 0.498514753 -0.209137177 -0.845978433 0.490491724 -0.209137177 -0.845978433 0.490491724 -0.209137177 -0.845978433 0.490491724 -0.0826675372 -0.859660744 0.504132406 -0.0826675372 -0.859660744 0.504132406 -0.0826675372 -0.859660744 0.504132406 -0.0847009439 -0.86279888 0.498401287 -0.0847009439 -0.86279888 0.498401287 -0.0847009439 -0.86279888 0.498401287 0.0908870278 -0.862326778 0.498128574 0.0908870278 -0.862326778 0.498128574 0.0908870278 -0.862326778 0.498128574 0.0932858042 -0.858700226 0.503916343 0.0932858042 -0.858700226 0.503916343 0.0932858042 -0.858700226 0.503916343 0.214900061 -0.844887161 0.489881261 0.214900061 -0.844887161 0.489881261 0.214900061 -0.844887161 0.489881261 0.217489471 -0.840552617 0.496154842 0.217489471 -0.840552617 0.496154842 0.217489471 -0.840552617 0.496154842 0.290391244 -0.826483742 0.482283682 0.290391244 -0.826483742 0.482283682 0.290391244 -0.826483742 0.482283682 0.292659116 -0.822361124 0.487927068 0.292659116 -0.822361124 0.487927068 0.292659116 -0.822361124 0.487927068 0.336781306 -0.811593693 0.477382477 0.336781306 -0.811593693 0.477382477 0.336781306 -0.811593693 0.477382477 0.339427505 -0.806482419 0.484122997 0.339427505 -0.806482419 0.484122997 0.339427505 -0.806482419 0.484122997 0.362072338 -0.800244385 0.478029859 0.362072338 -0.800244385 0.478029859 0.362072338 -0.800244385 0.478029859 0.362609869 -0.799185356 0.479392167 0.362609869 -0.799185356 0.479392167 0.362609869 -0.799185356 0.479392167 0.366486392 -0.798068396 0.478303837 0.366486392 -0.798068396 0.478303837 0.366486392 -0.798068396 0.478303837 0.3653808 -0.800142144 0.475677853 0.3653808 -0.800142144 0.475677853 0.3653808 -0.800142144 0.475677853 0.333861959 -0.808736446 0.484232953 0.333861959 -0.808736446 0.484232953 0.333861959 -0.808736446 0.484232953 0.331008149 -0.813220154 0.478650799 0.331008149 -0.813220154 0.478650799 0.331008149 -0.813220154 0.478650799 0.388653724 -0.796139183 0.463800263 0.388653724 -0.796139183 0.463800263 0.388653724 -0.796139183 0.463800263 0.36751154 -0.805429477 0.464993145 0.36751154 -0.805429477 0.464993145 0.36751154 -0.805429477 0.464993145 0.601447682 -0.701028348 0.383170903 0.601447682 -0.701028348 0.383170903 0.601447682 -0.701028348 0.383170903 0.604953411 -0.69833307 0.382573254 0.604953411 -0.69833307 0.382573254 0.604953411 -0.69833307 0.382573254 0.801977694 -0.534888797 0.26594314 0.801977694 -0.534888797 0.26594314 0.801977694 -0.534888797 0.26594314 0.801327255 -0.53579061 0.266088429 0.801327255 -0.53579061 0.266088429 0.801327255 -0.53579061 0.266088429 0.991966993 -0.126458925 -0.00310230644 0.991966993 -0.126458925 -0.00310230644 0.991966993 -0.126458925 -0.00310230644 -0.922109452 -0.140307027 -0.360594088 -0.922109452 -0.140307027 -0.360594088 -0.922109452 -0.140307027 -0.360594088 -0.657910383 -0.558927266 -0.50473185 -0.657910383 -0.558927266 -0.50473185 -0.657910383 -0.558927266 -0.50473185 -0.656073599 -0.561531895 -0.504231458 -0.656073599 -0.561531895 -0.504231458 -0.656073599 -0.561531895 -0.504231458 -0.425196605 -0.735822698 -0.527041558 -0.425196605 -0.735822698 -0.527041558 -0.425196605 -0.735822698 -0.527041558 -0.418953429 -0.740642114 -0.525287809 -0.418953429 -0.740642114 -0.525287809 -0.418953429 -0.740642114 -0.525287809 -0.187479001 -0.8410744 -0.507390853 -0.187479001 -0.8410744 -0.507390853 -0.187479001 -0.8410744 -0.507390853 -0.193750313 -0.838237299 -0.509724481 -0.193750313 -0.838237299 -0.509724481 -0.193750313 -0.838237299 -0.509724481 -0.104729755 -0.862373839 -0.495321149 -0.104729755 -0.862373839 -0.495321149 -0.104729755 -0.862373839 -0.495321149 -0.103693703 -0.86809547 -0.485446054 -0.103693703 -0.86809547 -0.485446054 -0.103693703 -0.86809547 -0.485446054 -0.116964263 -0.86452519 -0.48878989 -0.116964263 -0.86452519 -0.48878989 -0.116964263 -0.86452519 -0.48878989 -0.11696368 -0.864516045 -0.488806205 -0.11696368 -0.864516045 -0.488806205 -0.11696368 -0.864516045 -0.488806205 -0.115953724 -0.864802173 -0.488540617 -0.115953724 -0.864802173 -0.488540617 -0.115953724 -0.864802173 -0.488540617 -0.11595806 -0.864837424 -0.488477183 -0.11595806 -0.864837424 -0.488477183 -0.11595806 -0.864837424 -0.488477183 -0.107190384 -0.867199056 -0.486288 -0.107190384 -0.867199056 -0.486288 -0.107190384 -0.867199056 -0.486288 -0.106915924 -0.864027349 -0.491961102 -0.106915924 -0.864027349 -0.491961102 -0.106915924 -0.864027349 -0.491961102 -0.0895762033 -0.868176375 -0.488104379 -0.0895762033 -0.868176375 -0.488104379 -0.0895762033 -0.868176375 -0.488104379 -0.0896725419 -0.863998184 -0.495445227 -0.0896725419 -0.863998184 -0.495445227 -0.0896725419 -0.863998184 -0.495445227 -0.06221979 -0.869198979 -0.490532194 -0.06221979 -0.869198979 -0.490532194 -0.06221979 -0.869198979 -0.490532194 -0.0633510107 -0.863731815 -0.499954 -0.0633510107 -0.863731815 -0.499954 -0.0633510107 -0.863731815 -0.499954 -0.0222935072 -0.868393942 -0.495373556 -0.0222935072 -0.868393942 -0.495373556 -0.0222935072 -0.868393942 -0.495373556 -0.0236838444 -0.865667747 -0.500058424 -0.0236838444 -0.865667747 -0.500058424 -0.0236838444 -0.865667747 -0.500058424 0.0304262053 -0.865509734 -0.499967146 0.0304262053 -0.865509734 -0.499967146 0.0304262053 -0.865509734 -0.499967146 0.0324248995 -0.867754134 -0.495934863 0.0324248995 -0.867754134 -0.495934863 0.0324248995 -0.867754134 -0.495934863 0.0689216648 -0.863366504 -0.499848061 0.0689216648 -0.863366504 -0.499848061 0.0689216648 -0.863366504 -0.499848061 0.0739146851 -0.867730478 -0.491508329 0.0739146851 -0.867730478 -0.491508329 0.0739146851 -0.867730478 -0.491508329 0.0967070876 -0.863217142 -0.495483507 0.0967070876 -0.863217142 -0.495483507 0.0967070876 -0.863217142 -0.495483507 0.099619721 -0.865419949 -0.491044014 0.099619721 -0.865419949 -0.491044014 0.099619721 -0.865419949 -0.491044014 0.112122515 -0.862342497 -0.493754959 0.112122515 -0.862342497 -0.493754959 0.112122515 -0.862342497 -0.493754959 0.11559839 -0.864736678 -0.488740719 0.11559839 -0.864736678 -0.488740719 0.11559839 -0.864736678 -0.488740719 0.122940796 -0.862692511 -0.490558041 0.122940796 -0.862692511 -0.490558041 0.122940796 -0.862692511 -0.490558041 0.124041375 -0.863402923 -0.489028761 0.124041375 -0.863402923 -0.489028761 0.124041375 -0.863402923 -0.489028761 0.126226521 -0.862768308 -0.489589329 0.126226521 -0.862768308 -0.489589329 0.126226521 -0.862768308 -0.489589329 0.124537762 -0.861731691 -0.491842291 0.124537762 -0.861731691 -0.491842291 0.124537762 -0.861731691 -0.491842291 0.114305461 -0.864598522 -0.489288931 0.114305461 -0.864598522 -0.489288931 0.114305461 -0.864598522 -0.489288931 0.108723402 -0.861350405 -0.496240569 0.108723402 -0.861350405 -0.496240569 0.108723402 -0.861350405 -0.496240569 0.187022565 -0.8401185 -0.509139927 0.187022565 -0.8401185 -0.509139927 0.187022565 -0.8401185 -0.509139927 0.190260914 -0.839507019 -0.508948671 0.190260914 -0.839507019 -0.508948671 0.190260914 -0.839507019 -0.508948671 0.420085479 -0.739031813 -0.526649949 0.420085479 -0.739031813 -0.526649949 0.420085479 -0.739031813 -0.526649949 0.429422008 -0.735230581 -0.524435631 0.429422008 -0.735230581 -0.524435631 0.429422008 -0.735230581 -0.524435631 0.658820322 -0.560678507 -0.501592858 0.658820322 -0.560678507 -0.501592858 0.658820322 -0.560678507 -0.501592858 0.656548199 -0.562143184 -0.502930913 0.656548199 -0.562143184 -0.502930913 0.656548199 -0.562143184 -0.502930913 0.922843328 -0.141341343 -0.358305479 0.922843328 -0.141341343 -0.358305479 0.922843328 -0.141341343 -0.358305479 -0.824585731 0.16411543 -0.541409732 -0.824585731 0.16411543 -0.541409732 -0.824585731 0.16411543 -0.541409732 -0.450488172 0.08965964 -0.888268853 -0.450488172 0.08965964 -0.888268853 -0.450488172 0.08965964 -0.888268853 -0.451397705 0.0902792146 -0.887744206 -0.451397705 0.0902792146 -0.887744206 -0.451397705 0.0902792146 -0.887744206 -0.179220102 0.0358438909 -0.983155822 -0.179220102 0.0358438909 -0.983155822 -0.179220102 0.0358438909 -0.983155822 -0.17841522 0.035446509 -0.983316609 -0.17841522 0.035446509 -0.983316609 -0.17841522 0.035446509 -0.983316609 0.0810348275 -0.0160995331 -0.996581237 0.0810348275 -0.0160995331 -0.996581237 0.0810348275 -0.0160995331 -0.996581237 0.0820862342 -0.016575126 -0.996487388 0.0820862342 -0.016575126 -0.996487388 0.0820862342 -0.016575126 -0.996487388 0.206000292 -0.0415962654 -0.977667444 0.206000292 -0.0415962654 -0.977667444 0.206000292 -0.0415962654 -0.977667444 0.207918027 -0.054097729 -0.976649133 0.207918027 -0.054097729 -0.976649133 0.207918027 -0.054097729 -0.976649133 0.226199061 -0.0588542306 -0.972301478 0.226199061 -0.0588542306 -0.972301478 0.226199061 -0.0588542306 -0.972301478 0.226279857 -0.0605988091 -0.972175504 0.226279857 -0.0605988091 -0.972175504 0.226279857 -0.0605988091 -0.972175504 0.224338398 -0.0600788772 -0.972657603 0.224338398 -0.0600788772 -0.972657603 0.224338398 -0.0600788772 -0.972657603 0.224289594 -0.0574782238 -0.972826003 0.224289594 -0.0574782238 -0.972826003 0.224289594 -0.0574782238 -0.972826003 0.210485506 -0.053940679 -0.976107707 0.210485506 -0.053940679 -0.976107707 0.210485506 -0.053940679 -0.976107707 0.210288308 -0.0481910706 -0.976450945 0.210288308 -0.0481910706 -0.976450945 0.210288308 -0.0481910706 -0.976450945 0.183847369 -0.0421316888 -0.982051458 0.183847369 -0.0421316888 -0.982051458 0.183847369 -0.0421316888 -0.982051458 0.183145635 -0.0334429887 -0.98251679 0.183145635 -0.0334429887 -0.98251679 0.183145635 -0.0334429887 -0.98251679 0.139115421 -0.0254029283 -0.989950297 0.139115421 -0.0254029283 -0.989950297 0.139115421 -0.0254029283 -0.989950297 0.137484341 -0.0153759749 -0.99038459 0.137484341 -0.0153759749 -0.99038459 0.137484341 -0.0153759749 -0.99038459 0.0616933894 -0.00689966579 -0.9980713 0.0616933894 -0.00689966579 -0.9980713 0.0616933894 -0.00689966579 -0.9980713 0.0596578641 0 -0.998218883 0.0596578641 0 -0.998218883 0.0596578641 0 -0.998218883 -0.0532924868 0 -0.998578946 -0.0532924868 0 -0.998578946 -0.0532924868 0 -0.998578946 -0.0509156341 -0.00561224899 -0.998687189 -0.0509156341 -0.00561224899 -0.998687189 -0.0509156341 -0.00561224899 -0.998687189 -0.131842732 -0.0145325547 -0.991164113 -0.131842732 -0.0145325547 -0.991164113 -0.131842732 -0.0145325547 -0.991164113 -0.127789281 -0.0231277086 -0.991531648 -0.127789281 -0.0231277086 -0.991531648 -0.127789281 -0.0231277086 -0.991531648 -0.176479164 -0.0319397579 -0.983786032 -0.176479164 -0.0319397579 -0.983786032 -0.176479164 -0.0319397579 -0.983786032 -0.172727216 -0.039437767 -0.984179847 -0.172727216 -0.039437767 -0.984179847 -0.172727216 -0.039437767 -0.984179847 -0.204247341 -0.0466345677 -0.977807875 -0.204247341 -0.0466345677 -0.977807875 -0.204247341 -0.0466345677 -0.977807875 -0.201766562 -0.0514178997 -0.978083051 -0.201766562 -0.0514178997 -0.978083051 -0.201766562 -0.0514178997 -0.978083051 -0.217819215 -0.0555087345 -0.974409344 -0.217819215 -0.0555087345 -0.974409344 -0.217819215 -0.0555087345 -0.974409344 -0.216194006 -0.0585363315 -0.974594095 -0.216194006 -0.0585363315 -0.974594095 -0.216194006 -0.0585363315 -0.974594095 -0.217406806 -0.0588647071 -0.974304484 -0.217406806 -0.0588647071 -0.974304484 -0.217406806 -0.0588647071 -0.974304484 -0.218866313 -0.0562548572 -0.974131884 -0.218866313 -0.0562548572 -0.974131884 -0.218866313 -0.0562548572 -0.974131884 -0.197378114 -0.05073178 -0.979013875 -0.197378114 -0.05073178 -0.979013875 -0.197378114 -0.05073178 -0.979013875 -0.203332353 -0.0408402536 -0.978257649 -0.203332353 -0.0408402536 -0.978257649 -0.203332353 -0.0408402536 -0.978257649 -0.0719997247 -0.0144614812 -0.997299807 -0.0719997247 -0.0144614812 -0.997299807 -0.0719997247 -0.0144614812 -0.997299807 -0.0728241839 -0.0144365474 -0.997240304 -0.0728241839 -0.0144365474 -0.997240304 -0.0728241839 -0.0144365474 -0.997240304 0.170375934 0.0337750473 -0.984800126 0.170375934 0.0337750473 -0.984800126 0.170375934 0.0337750473 -0.984800126 0.171152556 0.0337244915 -0.984667183 0.171152556 0.0337244915 -0.984667183 0.171152556 0.0337244915 -0.984667183 0.458892716 0.0904218077 -0.883878596 0.458892716 0.0904218077 -0.883878596 0.458892716 0.0904218077 -0.883878596 0.45557203 0.0911146931 -0.885523708 0.45557203 0.0911146931 -0.885523708 0.45557203 0.0911146931 -0.885523708 0.824954655 0.164991451 -0.540580834 0.824954655 0.164991451 -0.540580834 0.824954655 0.164991451 -0.540580834 -0.797452246 0.483221659 -0.361340203 -0.797452246 0.483221659 -0.361340203 -0.797452246 0.483221659 -0.361340203 -0.383957026 0.771661031 -0.507066323 -0.383957026 0.771661031 -0.507066323 -0.383957026 0.771661031 -0.507066323 -0.389634609 0.770672131 -0.504231433 -0.389634609 0.770672131 -0.504231433 -0.389634609 0.770672131 -0.504231433 -0.104043803 0.843443988 -0.527045659 -0.104043803 0.843443988 -0.527045659 -0.104043803 0.843443988 -0.527045659 -0.106674091 0.843478784 -0.526463844 -0.106674091 0.843478784 -0.526463844 -0.106674091 0.843478784 -0.526463844 0.148227261 0.847588624 -0.509531357 0.148227261 0.847588624 -0.509531357 0.148227261 0.847588624 -0.509531357 0.14840726 0.847550252 -0.50954279 0.14840726 0.847550252 -0.50954279 0.14840726 0.847550252 -0.50954279 0.294158834 0.824223987 -0.483865063 0.294158834 0.824223987 -0.483865063 0.294158834 0.824223987 -0.483865063 0.301243335 0.814807461 -0.495319346 0.301243335 0.814807461 -0.495319346 0.301243335 0.814807461 -0.495319346 0.328333391 0.808354923 -0.488630231 0.328333391 0.808354923 -0.488630231 0.328333391 0.808354923 -0.488630231 0.328441057 0.808182722 -0.488842674 0.328441057 0.808182722 -0.488842674 0.328441057 0.808182722 -0.488842674 0.327004216 0.808541965 -0.489211747 0.327004216 0.808541965 -0.489211747 0.327004216 0.808541965 -0.489211747 0.325839618 0.810533013 -0.486687557 0.325839618 0.810533013 -0.486687557 0.325839618 0.810533013 -0.486687557 0.304343548 0.815683626 -0.491970758 0.304343548 0.815683626 -0.491970758 0.304343548 0.815683626 -0.491970758 0.301686415 0.820208211 -0.486049172 0.301686415 0.820208211 -0.486049172 0.301686415 0.820208211 -0.486049172 0.26301951 0.828404805 -0.494536365 0.26301951 0.828404805 -0.494536365 0.26301951 0.828404805 -0.494536365 0.260530496 0.832472693 -0.488991897 0.260530496 0.832472693 -0.488991897 0.260530496 0.832472693 -0.488991897 0.195512822 0.843472302 -0.500329104 0.195512822 0.843472302 -0.500329104 0.195512822 0.843472302 -0.500329104 0.192080453 0.848661485 -0.492827336 0.192080453 0.848661485 -0.492827336 0.192080453 0.848661485 -0.492827336 0.0849786731 0.859537113 -0.503958904 0.0849786731 0.859537113 -0.503958904 0.0849786731 0.859537113 -0.503958904 0.0826490775 0.862693468 -0.498927961 0.0826490775 0.862693468 -0.498927961 0.0826490775 0.862693468 -0.498927961 -0.0758132776 0.863163796 -0.499199969 -0.0758132776 0.863163796 -0.499199969 -0.0758132776 0.863163796 -0.499199969 -0.0737763388 0.86022979 -0.504541138 -0.0737763388 0.86022979 -0.504541138 -0.0737763388 0.86022979 -0.504541138 -0.186963057 0.849612338 -0.493156861 -0.186963057 0.849612338 -0.493156861 -0.186963057 0.849612338 -0.493156861 -0.184558377 0.8450399 -0.501842378 -0.184558377 0.8450399 -0.501842378 -0.184558377 0.8450399 -0.501842378 -0.254069849 0.833790069 -0.490145523 -0.254069849 0.833790069 -0.490145523 -0.254069849 0.833790069 -0.490145523 -0.252220107 0.829286026 -0.49866793 -0.252220107 0.829286026 -0.49866793 -0.252220107 0.829286026 -0.49866793 -0.295844981 0.820331074 -0.489420755 -0.295844981 0.820331074 -0.489420755 -0.295844981 0.820331074 -0.489420755 -0.294800608 0.817257422 -0.495159476 -0.294800608 0.817257422 -0.495159476 -0.294800608 0.817257422 -0.495159476 -0.318563844 0.81176679 -0.489440247 -0.318563844 0.81176679 -0.489440247 -0.318563844 0.81176679 -0.489440247 -0.318447253 0.811397443 -0.490128082 -0.318447253 0.811397443 -0.490128082 -0.318447253 0.811397443 -0.490128082 -0.321131669 0.810746583 -0.489453194 -0.321131669 0.810746583 -0.489453194 -0.321131669 0.810746583 -0.489453194 -0.320775249 0.809725824 -0.491372904 -0.320775249 0.809725824 -0.491372904 -0.320775249 0.809725824 -0.491372904 -0.288082738 0.81719215 -0.499204694 -0.288082738 0.81719215 -0.499204694 -0.288082738 0.81719215 -0.499204694 -0.292605555 0.826122172 -0.481564269 -0.292605555 0.826122172 -0.481564269 -0.292605555 0.826122172 -0.481564269 -0.153120224 0.848644994 -0.506315979 -0.153120224 0.848644994 -0.506315979 -0.153120224 0.848644994 -0.506315979 -0.147631256 0.848497036 -0.508190705 -0.147631256 0.848497036 -0.508190705 -0.147631256 0.848497036 -0.508190705 0.102362378 0.844863241 -0.525098132 0.102362378 0.844863241 -0.525098132 0.102362378 0.844863241 -0.525098132 0.105199606 0.84411024 -0.525747986 0.105199606 0.84411024 -0.525747986 0.105199606 0.84411024 -0.525747986 0.396866042 0.768969186 -0.501182338 0.396866042 0.768969186 -0.501182338 0.396866042 0.768969186 -0.501182338 0.394831988 0.7702532 -0.500817042 0.394831988 0.7702532 -0.500817042 0.394831988 0.7702532 -0.500817042 0.797110827 0.486742496 -0.357345872 0.797110827 0.486742496 -0.357345872 0.797110827 0.486742496 -0.357345872 -0.912473317 0.409133957 -0.00136033513 -0.912473317 0.409133957 -0.00136033513 -0.912473317 0.409133957 -0.00136033513 -0.617384119 0.740716652 0.264906947 -0.617384119 0.740716652 0.264906947 -0.617384119 0.740716652 0.264906947 -0.609250764 0.746936708 0.266268775 -0.609250764 0.746936708 0.266268775 -0.609250764 0.746936708 0.266268775 -0.371954427 0.845465591 0.383194257 -0.371954427 0.845465591 0.383194257 -0.371954427 0.845465591 0.383194257 -0.374244544 0.844604888 0.382862383 -0.374244544 0.844604888 0.382862383 -0.374244544 0.844604888 0.382862383 -0.129202373 0.876454305 0.463826043 -0.129202373 0.876454305 0.463826043 -0.129202373 0.876454305 0.463826043 -0.128504392 0.876536533 0.463864558 -0.128504392 0.876536533 0.463864558 -0.128504392 0.876536533 0.463864558 -0.0277168629 0.87270934 0.48745275 -0.0277168629 0.87270934 0.48745275 -0.0277168629 0.87270934 0.48745275 -0.0230518539 0.875678501 0.482344041 -0.0230518539 0.875678501 0.482344041 -0.0230518539 0.875678501 0.482344041 -0.0283732045 0.876302167 0.480925642 -0.0283732045 0.876302167 0.480925642 -0.0283732045 0.876302167 0.480925642 -0.0276277503 0.87683193 0.480002577 -0.0276277503 0.87683193 0.480002577 -0.0276277503 0.87683193 0.480002577 -0.0276265187 0.876831783 0.480002917 -0.0276265187 0.876831783 0.480002917 -0.0276265187 0.876831783 0.480002917 -0.0276110969 0.876843536 0.479982335 -0.0276110969 0.876843536 0.479982335 -0.0276110969 0.876843536 0.479982335 -0.0250698402 0.876553375 0.480651312 -0.0250698402 0.876553375 0.480651312 -0.0250698402 0.876553375 0.480651312 -0.0265004048 0.875391647 0.482687469 -0.0265004048 0.875391647 0.482687469 -0.0265004048 0.875391647 0.482687469 -0.0207915973 0.874805889 0.484027237 -0.0207915973 0.874805889 0.484027237 -0.0207915973 0.874805889 0.484027237 -0.023898526 0.872081484 0.488776785 -0.023898526 0.872081484 0.488776785 -0.023898526 0.872081484 0.488776785 -0.0146508278 0.871304918 0.490523285 -0.0146508278 0.871304918 0.490523285 -0.0146508278 0.871304918 0.490523285 -0.0178548865 0.868176092 0.495934952 -0.0178548865 0.868176092 0.495934952 -0.0178548865 0.868176092 0.495934952 -0.00433140988 0.867473962 0.497463732 -0.00433140988 0.867473962 0.497463732 -0.00433140988 0.867473962 0.497463732 -0.00567980614 0.865896384 0.500191156 -0.00567980614 0.865896384 0.500191156 -0.00567980614 0.865896384 0.500191156 0.0132254454 0.865834618 0.500155477 0.0132254454 0.865834618 0.500155477 0.0132254454 0.865834618 0.500155477 0.0142263739 0.867678725 0.496921765 0.0142263739 0.867678725 0.496921765 0.0142263739 0.867678725 0.496921765 0.0245276821 0.86814611 0.495702253 0.0245276821 0.86814611 0.495702253 0.0245276821 0.86814611 0.495702253 0.025434977 0.871643444 0.4894801 0.025434977 0.871643444 0.4894801 0.025434977 0.871643444 0.4894801 0.0307273496 0.872040955 0.488467403 0.0307273496 0.872040955 0.488467403 0.0307273496 0.872040955 0.488467403 0.0309815845 0.875256977 0.482664859 0.0309815845 0.875256977 0.482664859 0.0309815845 0.875256977 0.482664859 0.0341396907 0.875558307 0.481904692 0.0341396907 0.875558307 0.481904692 0.0341396907 0.875558307 0.481904692 0.0341170829 0.876223021 0.480696622 0.0341170829 0.876223021 0.480696622 0.0341170829 0.876223021 0.480696622 0.0360652183 0.876430544 0.480175803 0.0360652183 0.876430544 0.480175803 0.0360652183 0.876430544 0.480175803 0.0359489328 0.877801502 0.477673736 0.0359489328 0.877801502 0.477673736 0.0359489328 0.877801502 0.477673736 0.0354507878 0.877745129 0.477814536 0.0354507878 0.877745129 0.477814536 0.0354507878 0.877745129 0.477814536 0.0354035225 0.878572665 0.476294723 0.0354035225 0.878572665 0.476294723 0.0354035225 0.878572665 0.476294723 0.0339853161 0.87841867 0.476681905 0.0339853161 0.87841867 0.476681905 0.0339853161 0.87841867 0.476681905 0.0334044518 0.874053767 0.484679435 0.0334044518 0.874053767 0.484679435 0.0334044518 0.874053767 0.484679435 0.136163087 0.877366158 0.460095902 0.136163087 0.877366158 0.460095902 0.136163087 0.877366158 0.460095902 0.129276436 0.87662712 0.46347869 0.129276436 0.87662712 0.46347869 0.129276436 0.87662712 0.46347869 0.359710317 0.848274289 0.388637643 0.359710317 0.848274289 0.388637643 0.359710317 0.848274289 0.388637643 0.363140159 0.847888374 0.386282967 0.363140159 0.847888374 0.386282967 0.363140159 0.847888374 0.386282967 0.617570076 0.741969325 0.260938156 0.617570076 0.741969325 0.260938156 0.617570076 0.741969325 0.260938156 0.612705228 0.744016465 0.266517924 0.612705228 0.744016465 0.266517924 0.612705228 0.744016465 0.266517924 0.912818534 0.40836543 3.58617082e-07 0.912818534 0.40836543 3.58617082e-07 0.912818534 0.40836543 3.58617082e-07 -0.97914818 0.0983826095 0.177734923 -0.97914818 0.0983826095 0.177734923 -0.97914818 0.0983826095 0.177734923 -0.753423629 0.0757023137 0.653163069 -0.753423629 0.0757023137 0.653163069 -0.753423629 0.0757023137 0.653163069 -0.756080668 0.074504737 0.65022386 -0.756080668 0.074504737 0.65022386 -0.756080668 0.074504737 0.65022386 -0.546269997 0.0538298414 0.835877646 -0.546269997 0.0538298414 0.835877646 -0.546269997 0.0538298414 0.835877646 -0.541960037 0.054725633 0.838620548 -0.541960037 0.054725633 0.838620548 -0.541960037 0.054725633 0.838620548 -0.315612094 0.0318696406 0.948352958 -0.315612094 0.0318696406 0.948352958 -0.315612094 0.0318696406 0.948352958 -0.315234646 0.0319225081 0.948476711 -0.315234646 0.0319225081 0.948476711 -0.315234646 0.0319225081 0.948476711 -0.244753768 0.0247852013 0.969268429 -0.244753768 0.0247852013 0.969268429 -0.244753768 0.0247852013 0.969268429 -0.241178946 0.0309768843 0.969986159 -0.241178946 0.0309768843 0.969986159 -0.241178946 0.0309768843 0.969986159 -0.268666509 0.0345073711 0.962614953 -0.268666509 0.0345073711 0.962614953 -0.268666509 0.0345073711 0.962614953 -0.267777987 0.0363744965 0.962793771 -0.267777987 0.0363744965 0.962793771 -0.267777987 0.0363744965 0.962793771 -0.26622033 0.0361629071 0.963233606 -0.26622033 0.0361629071 0.963233606 -0.26622033 0.0361629071 0.963233606 -0.267110737 0.0341147087 0.963061805 -0.267110737 0.0341147087 0.963061805 -0.267110737 0.0341147087 0.963061805 -0.246494825 0.0314816965 0.968632647 -0.246494825 0.0314816965 0.968632647 -0.246494825 0.0314816965 0.968632647 -0.24797811 0.0279055403 0.968363639 -0.24797811 0.0279055403 0.968363639 -0.24797811 0.0279055403 0.968363639 -0.211083922 0.0237537535 0.977179276 -0.211083922 0.0237537535 0.977179276 -0.211083922 0.0237537535 0.977179276 -0.212915355 0.0192143629 0.976881702 -0.212915355 0.0192143629 0.976881702 -0.212915355 0.0192143629 0.976881702 -0.153718784 0.0138722193 0.988017255 -0.153718784 0.0138722193 0.988017255 -0.153718784 0.0138722193 0.988017255 -0.155688999 0.00885434935 0.987766438 -0.155688999 0.00885434935 0.987766438 -0.155688999 0.00885434935 0.987766438 -0.0610319161 0.00347100894 0.99812978 -0.0610319161 0.00347100894 0.99812978 -0.0610319161 0.00347100894 0.99812978 -0.0623278644 0 0.998055729 -0.0623278644 0 0.998055729 -0.0623278644 0 0.998055729 0.0698923546 0 0.997554539 0.0698923546 0 0.997554539 0.0698923546 0 0.997554539 0.0710860234 0.00398775842 0.997462217 0.0710860234 0.00398775842 0.997462217 0.0710860234 0.00398775842 0.997462217 0.162515887 0.00911675831 0.986663809 0.162515887 0.00911675831 0.986663809 0.162515887 0.00911675831 0.986663809 0.163744176 0.0148859002 0.986390518 0.163744176 0.0148859002 0.986390518 0.163744176 0.0148859002 0.986390518 0.219713124 0.0199740091 0.975360027 0.219713124 0.0199740091 0.975360027 0.219713124 0.0199740091 0.975360027 0.220492214 0.0249849383 0.975068683 0.220492214 0.0249849383 0.975068683 0.220492214 0.0249849383 0.975068683 0.254540519 0.0288431008 0.966631884 0.254540519 0.0288431008 0.966631884 0.254540519 0.0288431008 0.966631884 0.255036062 0.0329855062 0.966368751 0.255036062 0.0329855062 0.966368751 0.255036062 0.0329855062 0.966368751 0.274172764 0.0354605828 0.961026453 0.274172764 0.0354605828 0.961026453 0.274172764 0.0354605828 0.961026453 0.274315955 0.0368337471 0.960933937 0.274315955 0.0368337471 0.960933937 0.274315955 0.0368337471 0.960933937 0.276968833 0.0371899621 0.960158931 0.276968833 0.0371899621 0.960158931 0.276968833 0.0371899621 0.960158931 0.276786926 0.0356795317 0.960268696 0.276786926 0.0356795317 0.960268696 0.276786926 0.0356795317 0.960268696 0.251726313 0.0324490651 0.967254321 0.251726313 0.0324490651 0.967254321 0.251726313 0.0324490651 0.967254321 0.250282922 0.0253448646 0.967840946 0.250282922 0.0253448646 0.967840946 0.250282922 0.0253448646 0.967840946 0.316561112 0.032056516 0.948030296 0.316561112 0.032056516 0.948030296 0.316561112 0.032056516 0.948030296 0.315510726 0.031688577 0.948392754 0.315510726 0.031688577 0.948392754 0.315510726 0.031688577 0.948392754 0.536149824 0.0538486447 0.84240352 0.536149824 0.0538486447 0.84240352 0.536149824 0.0538486447 0.84240352 0.531464182 0.0518498245 0.845492412 0.531464182 0.0518498245 0.845492412 0.531464182 0.0518498245 0.845492412 0.756034715 0.0737590013 0.650362298 0.756034715 0.0737590013 0.650362298 0.756034715 0.0737590013 0.650362298 0.761360382 0.0775908217 0.643669195 0.761360382 0.0775908217 0.643669195 0.761360382 0.0775908217 0.643669195 0.97887476 0.0997578791 0.178472885 0.97887476 0.0997578791 0.178472885 0.97887476 0.0997578791 0.178472885 -0.975181278 -0.22139227 -0.00263411168 -0.975181278 -0.22139227 -0.00263411168 -0.975181278 -0.22139227 -0.00263411168 -0.75093143 -0.606070017 0.262261553 -0.75093143 -0.606070017 0.262261553 -0.75093143 -0.606070017 0.262261553 -0.745475703 -0.609742924 0.26922025 -0.745475703 -0.609742924 0.26922025 -0.745475703 -0.609742924 0.26922025 -0.522733735 -0.757978041 0.390152191 -0.522733735 -0.757978041 0.390152191 -0.522733735 -0.757978041 0.390152191 -0.536823015 -0.753310975 0.379925816 -0.536823015 -0.753310975 0.379925816 -0.536823015 -0.753310975 0.379925816 -0.299458888 -0.834419588 0.462675184 -0.299458888 -0.834419588 0.462675184 -0.299458888 -0.834419588 0.462675184 -0.292682264 -0.834983318 0.46598278 -0.292682264 -0.834983318 0.46598278 -0.292682264 -0.834983318 0.46598278 -0.232299907 -0.845469886 0.48085073 -0.232299907 -0.845469886 0.48085073 -0.232299907 -0.845469886 0.48085073 -0.230818791 -0.843089016 0.485719669 -0.230818791 -0.843089016 0.485719669 -0.230818791 -0.843089016 0.485719669 -0.256265462 -0.839565438 0.479017629 -0.256265462 -0.839565438 0.479017629 -0.256265462 -0.839565438 0.479017629 -0.256299406 -0.83966252 0.478829267 -0.256299406 -0.83966252 0.478829267 -0.256299406 -0.83966252 0.478829267 -0.253621797 -0.84005316 0.479569258 -0.253621797 -0.84005316 0.479569258 -0.253621797 -0.84005316 0.479569258 -0.253835957 -0.840836553 0.478080745 -0.253835957 -0.840836553 0.478080745 -0.253835957 -0.840836553 0.478080745 -0.235322552 -0.843430757 0.482957405 -0.235322552 -0.843430757 0.482957405 -0.235322552 -0.843430757 0.482957405 -0.235501228 -0.844066946 0.481757369 -0.235501228 -0.844066946 0.481757369 -0.235501228 -0.844066946 0.481757369 -0.2003802 -0.848418653 0.489932204 -0.2003802 -0.848418653 0.489932204 -0.2003802 -0.848418653 0.489932204 -0.201164242 -0.850715594 0.48560882 -0.201164242 -0.850715594 0.48560882 -0.201164242 -0.850715594 0.48560882 -0.145568947 -0.856062329 0.495950573 -0.145568947 -0.856062329 0.495950573 -0.145568947 -0.856062329 0.495950573 -0.146363707 -0.857822901 0.492663715 -0.146363707 -0.857822901 0.492663715 -0.146363707 -0.857822901 0.492663715 -0.0569814059 -0.862632063 0.50261222 -0.0569814059 -0.862632063 0.50261222 -0.0569814059 -0.862632063 0.50261222 -0.058097179 -0.864448019 0.499353923 -0.058097179 -0.864448019 0.499353923 -0.058097179 -0.864448019 0.499353923 0.0659603326 -0.86402486 0.499109483 0.0659603326 -0.86402486 0.499109483 0.0659603326 -0.86402486 0.499109483 0.0666931302 -0.863003138 0.500777007 0.0666931302 -0.863003138 0.500777007 0.0666931302 -0.863003138 0.500777007 0.153028177 -0.857712951 0.490826722 0.153028177 -0.857712951 0.490826722 0.153028177 -0.857712951 0.490826722 0.154914125 -0.855072109 0.494826538 0.154914125 -0.855072109 0.494826538 0.154914125 -0.855072109 0.494826538 0.208072858 -0.849558728 0.484722243 0.208072858 -0.849558728 0.484722243 0.208072858 -0.849558728 0.484722243 0.209806383 -0.84707978 0.488300244 0.209806383 -0.84707978 0.488300244 0.209806383 -0.84707978 0.488300244 0.242910641 -0.842728862 0.480419074 0.242910641 -0.842728862 0.480419074 0.242910641 -0.842728862 0.480419074 0.24373114 -0.841541775 0.4820815 0.24373114 -0.841541775 0.4820815 0.24373114 -0.841541775 0.4820815 0.261949914 -0.838868171 0.477160806 0.261949914 -0.838868171 0.477160806 0.261949914 -0.838868171 0.477160806 0.262799389 -0.837645627 0.478838474 0.262799389 -0.837645627 0.478838474 0.262799389 -0.837645627 0.478838474 0.264655841 -0.837358684 0.478317593 0.264655841 -0.837358684 0.478317593 0.264655841 -0.837358684 0.478317593 0.264131006 -0.838084461 0.477335571 0.264131006 -0.838084461 0.477335571 0.264131006 -0.838084461 0.477335571 0.24044184 -0.841569919 0.4836815 0.24044184 -0.841569919 0.4836815 0.24044184 -0.841569919 0.4836815 0.238155479 -0.844353956 0.479946211 0.238155479 -0.844353956 0.479946211 0.238155479 -0.844353956 0.479946211 0.305897311 -0.83205074 0.462729297 0.305897311 -0.83205074 0.462729297 0.305897311 -0.83205074 0.462729297 0.307006674 -0.831681495 0.462658398 0.307006674 -0.831681495 0.462658398 0.307006674 -0.831681495 0.462658398 0.519101245 -0.760449187 0.390193454 0.519101245 -0.760449187 0.390193454 0.519101245 -0.760449187 0.390193454 0.529157749 -0.754294864 0.388627501 0.529157749 -0.754294864 0.388627501 0.529157749 -0.754294864 0.388627501 0.753456268 -0.601873873 0.264672427 0.753456268 -0.601873873 0.264672427 0.753456268 -0.601873873 0.264672427 0.741248626 -0.615786868 0.267127325 0.741248626 -0.615786868 0.267127325 0.741248626 -0.615786868 0.267127325 0.974843092 -0.222864642 -0.00350671853 0.974843092 -0.222864642 -0.00350671853 0.974843092 -0.222864642 -0.00350671853 -0.904038766 -0.228497215 -0.361251895 -0.904038766 -0.228497215 -0.361251895 -0.904038766 -0.228497215 -0.361251895 -0.589119956 -0.629520065 -0.506598623 -0.589119956 -0.629520065 -0.506598623 -0.589119956 -0.629520065 -0.506598623 -0.596623669 -0.620909391 -0.508440484 -0.596623669 -0.620909391 -0.508440484 -0.596623669 -0.620909391 -0.508440484 -0.354849228 -0.770055769 -0.530185003 -0.354849228 -0.770055769 -0.530185003 -0.354849228 -0.770055769 -0.530185003 -0.342616291 -0.777767492 -0.52696471 -0.342616291 -0.777767492 -0.52696471 -0.342616291 -0.777767492 -0.52696471 -0.101480096 -0.854855305 -0.508845946 -0.101480096 -0.854855305 -0.508845946 -0.101480096 -0.854855305 -0.508845946 -0.106578878 -0.853138086 -0.510682239 -0.106578878 -0.853138086 -0.510682239 -0.106578878 -0.853138086 -0.510682239 -0.00232852507 -0.86976422 -0.493462034 -0.00232852507 -0.86976422 -0.493462034 -0.00232852507 -0.86976422 -0.493462034 -0.00150088855 -0.872453416 -0.48869498 -0.00150088855 -0.872453416 -0.48869498 -0.00150088855 -0.872453416 -0.48869498 -0.00239527059 -0.872325183 -0.488920277 -0.00239527059 -0.872325183 -0.488920277 -0.00239527059 -0.872325183 -0.488920277 -0.00241051031 -0.872099081 -0.489323393 -0.00241051031 -0.872099081 -0.489323393 -0.00241051031 -0.872099081 -0.489323393 -0.00263356171 -0.872065865 -0.489381438 -0.00263356171 -0.872065865 -0.489381438 -0.00263356171 -0.872065865 -0.489381438 -0.00263192665 -0.872326194 -0.488917257 -0.00263192665 -0.872326194 -0.488917257 -0.00263192665 -0.872326194 -0.488917257 -0.00175544042 -0.872450499 -0.48869934 -0.00175544042 -0.872450499 -0.48869934 -0.00175544042 -0.872450499 -0.48869934 -0.0018020996 -0.871068505 -0.491158236 -0.0018020996 -0.871068505 -0.491158236 -0.0018020996 -0.871068505 -0.491158236 -0.000586465438 -0.871221721 -0.490889365 -0.000586465438 -0.871221721 -0.490889365 -0.000586465438 -0.871221721 -0.490889365 -0.000763930946 -0.869838992 -0.493335123 -0.000763930946 -0.869838992 -0.493335123 -0.000763930946 -0.869838992 -0.493335123 0.00209373841 -0.870123701 -0.492828936 0.00209373841 -0.870123701 -0.492828936 0.00209373841 -0.870123701 -0.492828936 0.00127223855 -0.867292562 -0.497797141 0.00127223855 -0.867292562 -0.497797141 0.00127223855 -0.867292562 -0.497797141 0.00421714443 -0.86746711 -0.497476661 0.00421714443 -0.86746711 -0.497476661 0.00421714443 -0.86746711 -0.497476661 0.00334709892 -0.865905786 -0.500195928 0.00334709892 -0.865905786 -0.500195928 0.00334709892 -0.865905786 -0.500195928 0.00423971307 -0.865902854 -0.500194235 0.00423971307 -0.865902854 -0.500194235 0.00423971307 -0.865902854 -0.500194235 0.00614943555 -0.868146996 -0.496269058 0.00614943555 -0.868146996 -0.496269058 0.00614943555 -0.868146996 -0.496269058 0.00663464596 -0.868114169 -0.49632023 0.00663464596 -0.868114169 -0.49632023 0.00663464596 -0.868114169 -0.49632023 0.00715735947 -0.868636161 -0.495398821 0.00715735947 -0.868636161 -0.495398821 0.00715735947 -0.868636161 -0.495398821 0.00779434061 -0.868567805 -0.495509048 0.00779434061 -0.868567805 -0.495509048 0.00779434061 -0.868567805 -0.495509048 0.00941138712 -0.870043205 -0.492885632 0.00941138712 -0.870043205 -0.492885632 0.00941138712 -0.870043205 -0.492885632 0.00951430596 -0.870029392 -0.49290804 0.00951430596 -0.870029392 -0.49290804 0.00951430596 -0.870029392 -0.49290804 0.00933627935 -0.869875853 -0.493182353 0.00933627935 -0.869875853 -0.493182353 0.00933627935 -0.869875853 -0.493182353 0.00898202154 -0.869928659 -0.493095783 0.00898202154 -0.869928659 -0.493095783 0.00898202154 -0.869928659 -0.493095783 0.0115459485 -0.87204506 -0.489289386 0.0115459485 -0.87204506 -0.489289386 0.0115459485 -0.87204506 -0.489289386 0.0120563858 -0.871963991 -0.489421538 0.0120563858 -0.871963991 -0.489421538 0.0120563858 -0.871963991 -0.489421538 0.0106650688 -0.870867573 -0.491402001 0.0106650688 -0.870867573 -0.491402001 0.0106650688 -0.870867573 -0.491402001 0.0105877115 -0.870879346 -0.49138281 0.0105877115 -0.870879346 -0.49138281 0.0105877115 -0.870879346 -0.49138281 0.00824054443 -0.869146916 -0.494485321 0.00824054443 -0.869146916 -0.494485321 0.00824054443 -0.869146916 -0.494485321 0.104465687 -0.853609028 -0.510331802 0.104465687 -0.853609028 -0.510331802 0.104465687 -0.853609028 -0.510331802 0.105439545 -0.853525002 -0.510272059 0.105439545 -0.853525002 -0.510272059 0.105439545 -0.853525002 -0.510272059 0.349343206 -0.774313967 -0.527633589 0.349343206 -0.774313967 -0.527633589 0.349343206 -0.774313967 -0.527633589 0.344209696 -0.775809741 -0.528808974 0.344209696 -0.775809741 -0.528808974 0.344209696 -0.775809741 -0.528808974 0.59402109 -0.624710226 -0.506829436 0.59402109 -0.624710226 -0.506829436 0.59402109 -0.624710226 -0.506829436 0.597523231 -0.622920985 -0.504911314 0.597523231 -0.622920985 -0.504911314 0.597523231 -0.622920985 -0.504911314 0.904722404 -0.228814174 -0.359334727 0.904722404 -0.228814174 -0.359334727 0.904722404 -0.228814174 -0.359334727 -0.837080204 0.0841079384 -0.540576162 -0.837080204 0.0841079384 -0.540576162 -0.837080204 0.0841079384 -0.540576162 -0.448998585 0.0451143692 -0.892392831 -0.448998585 0.0451143692 -0.892392831 -0.448998585 0.0451143692 -0.892392831 -0.447034564 0.0440511099 -0.893431362 -0.447034564 0.0440511099 -0.893431362 -0.447034564 0.0440511099 -0.893431362 -0.180647226 0.0178011086 -0.983386852 -0.180647226 0.0178011086 -0.983386852 -0.180647226 0.0178011086 -0.983386852 -0.182451473 0.0184836679 -0.983041105 -0.182451473 0.0184836679 -0.983041105 -0.182451473 0.0184836679 -0.983041105 0.0828100166 -0.00838925998 -0.99653004 0.0828100166 -0.00838925998 -0.99653004 0.0828100166 -0.00838925998 -0.99653004 0.0827956705 -0.00838437493 -0.996531274 0.0827956705 -0.00838437493 -0.996531274 0.0827956705 -0.00838437493 -0.996531274 0.213975823 -0.0216684462 -0.9765986 0.213975823 -0.0216684462 -0.9765986 0.213975823 -0.0216684462 -0.9765986 0.215676924 -0.0277014194 -0.976071768 0.215676924 -0.0277014194 -0.976071768 0.215676924 -0.0277014194 -0.976071768 0.238318318 -0.030609467 -0.97070461 0.238318318 -0.030609467 -0.97070461 0.238318318 -0.030609467 -0.97070461 0.238696478 -0.0326910581 -0.97054381 0.238696478 -0.0326910581 -0.97054381 0.238696478 -0.0326910581 -0.97054381 0.235560272 -0.0322615339 -0.971324123 0.235560272 -0.0322615339 -0.971324123 0.235560272 -0.0322615339 -0.971324123 0.235221509 -0.030041897 -0.971477393 0.235221509 -0.030041897 -0.971477393 0.235221509 -0.030041897 -0.971477393 0.219669584 -0.0280556445 -0.975170833 0.219669584 -0.0280556445 -0.975170833 0.219669584 -0.0280556445 -0.975170833 0.219223603 -0.0252303873 -0.975348368 0.219223603 -0.0252303873 -0.975348368 0.219223603 -0.0252303873 -0.975348368 0.1889978 -0.0217517075 -0.981736571 0.1889978 -0.0217517075 -0.981736571 0.1889978 -0.0217517075 -0.981736571 0.188106636 -0.0169755214 -0.982001897 0.188106636 -0.0169755214 -0.982001897 0.188106636 -0.0169755214 -0.982001897 0.141181677 -0.0127408189 -0.989901715 0.141181677 -0.0127408189 -0.989901715 0.141181677 -0.0127408189 -0.989901715 0.14002471 -0.00794466839 -0.990116136 0.14002471 -0.00794466839 -0.990116136 0.14002471 -0.00794466839 -0.990116136 0.0614124017 -0.00348439335 -0.998106395 0.0614124017 -0.00348439335 -0.998106395 0.0614124017 -0.00348439335 -0.998106395 0.0602644181 0 -0.998182448 0.0602644181 0 -0.998182448 0.0602644181 0 -0.998182448 -0.0527859259 0 -0.998605851 -0.0527859259 0 -0.998605851 -0.0527859259 0 -0.998605851 -0.0516565702 -0.00289075973 -0.998660724 -0.0516565702 -0.00289075973 -0.998660724 -0.0516565702 -0.00289075973 -0.998660724 -0.132080414 -0.00739136842 -0.991211447 -0.132080414 -0.00739136842 -0.991211447 -0.132080414 -0.00739136842 -0.991211447 -0.130348433 -0.0118498275 -0.991397432 -0.130348433 -0.0118498275 -0.991397432 -0.130348433 -0.0118498275 -0.991397432 -0.181647604 -0.0165133766 -0.983225028 -0.181647604 -0.0165133766 -0.983225028 -0.181647604 -0.0165133766 -0.983225028 -0.180126423 -0.0204689117 -0.983430473 -0.180126423 -0.0204689117 -0.983430473 -0.180126423 -0.0204689117 -0.983430473 -0.211515531 -0.0240358558 -0.977079044 -0.211515531 -0.0240358558 -0.977079044 -0.211515531 -0.0240358558 -0.977079044 -0.210301422 -0.0272000023 -0.97725814 -0.210301422 -0.0272000023 -0.97725814 -0.210301422 -0.0272000023 -0.97725814 -0.228096881 -0.0295016346 -0.973191382 -0.228096881 -0.0295016346 -0.973191382 -0.228096881 -0.0295016346 -0.973191382 -0.227720891 -0.0304695368 -0.97324961 -0.227720891 -0.0304695368 -0.97324961 -0.227720891 -0.0304695368 -0.97324961 -0.229656926 -0.0307285824 -0.972786436 -0.229656926 -0.0307285824 -0.972786436 -0.229656926 -0.0307285824 -0.972786436 -0.230047167 -0.0297712192 -0.972723998 -0.230047167 -0.0297712192 -0.972723998 -0.230047167 -0.0297712192 -0.972723998 -0.206502416 -0.0267242096 -0.978081064 -0.206502416 -0.0267242096 -0.978081064 -0.206502416 -0.0267242096 -0.978081064 -0.209437761 -0.0203250079 -0.977610719 -0.209437761 -0.0203250079 -0.977610719 -0.209437761 -0.0203250079 -0.977610719 -0.0737382513 -0.00715597097 -0.997251955 -0.0737382513 -0.00715597097 -0.997251955 -0.0737382513 -0.00715597097 -0.997251955 -0.0726602683 -0.00729769329 -0.99733005 -0.0726602683 -0.00729769329 -0.99733005 -0.0726602683 -0.00729769329 -0.99733005 0.174563377 0.017532415 -0.984489838 0.174563377 0.017532415 -0.984489838 0.174563377 0.017532415 -0.984489838 0.173232764 0.0177456585 -0.984721027 0.173232764 0.0177456585 -0.984721027 0.173232764 0.0177456585 -0.984721027 0.451648294 0.0462660538 -0.890995663 0.451648294 0.0462660538 -0.890995663 0.451648294 0.0462660538 -0.890995663 0.452232045 0.0460873869 -0.89070878 0.452232045 0.0460873869 -0.89070878 0.452232045 0.0460873869 -0.89070878 0.837950942 0.0853963573 -0.539022895 0.837950942 0.0853963573 -0.539022895 0.837950942 0.0853963573 -0.539022895 -0.840962836 0.40196461 -0.362223633 -0.840962836 0.40196461 -0.362223633 -0.840962836 0.40196461 -0.362223633 -0.454629668 0.731118557 -0.508701799 -0.454629668 0.731118557 -0.508701799 -0.454629668 0.731118557 -0.508701799 -0.463100855 0.72875661 -0.504431761 -0.463100855 0.72875661 -0.504431761 -0.463100855 0.72875661 -0.504431761 -0.193956654 0.827925892 -0.526231445 -0.193956654 0.827925892 -0.526231445 -0.193956654 0.827925892 -0.526231445 -0.182270181 0.828943134 -0.528801345 -0.182270181 0.828943134 -0.528801345 -0.182270181 0.828943134 -0.528801345 0.0645513403 0.857125022 -0.511047767 0.0645513403 0.857125022 -0.511047767 0.0645513403 0.857125022 -0.511047767 0.0663981943 0.856920008 -0.511154946 0.0663981943 0.856920008 -0.511154946 0.0663981943 0.856920008 -0.511154946 0.20176037 0.849452678 -0.487568355 0.20176037 0.849452678 -0.487568355 0.20176037 0.849452678 -0.487568355 0.205097098 0.846030103 -0.492105929 0.205097098 0.846030103 -0.492105929 0.205097098 0.846030103 -0.492105929 0.225020902 0.84380624 -0.487192593 0.225020902 0.84380624 -0.487192593 0.225020902 0.84380624 -0.487192593 0.226756869 0.841737292 -0.489958829 0.226756869 0.841737292 -0.489958829 0.226756869 0.841737292 -0.489958829 0.22462547 0.841985801 -0.490513312 0.22462547 0.841985801 -0.490513312 0.22462547 0.841985801 -0.490513312 0.222775167 0.844341291 -0.48729766 0.222775167 0.844341291 -0.48729766 0.222775167 0.844341291 -0.48729766 0.208574017 0.845936311 -0.490804072 0.208574017 0.845936311 -0.490804072 0.208574017 0.845936311 -0.490804072 0.206109013 0.849136862 -0.486297918 0.206109013 0.849136862 -0.486297918 0.206109013 0.849136862 -0.486297918 0.178167909 0.85190765 -0.492452589 0.178167909 0.85190765 -0.492452589 0.178167909 0.85190765 -0.492452589 0.177216556 0.853147613 -0.490645944 0.177216556 0.853147613 -0.490645944 0.177216556 0.853147613 -0.490645944 0.132488524 0.85675229 -0.498419808 0.132488524 0.85675229 -0.498419808 0.132488524 0.85675229 -0.498419808 0.129768964 0.86026401 -0.493057654 0.129768964 0.86026401 -0.493057654 0.129768964 0.86026401 -0.493057654 0.0569775529 0.863660021 -0.500844214 0.0569775529 0.863660021 -0.500844214 0.0569775529 0.863660021 -0.500844214 0.0562951691 0.8645372 -0.499405931 0.0562951691 0.8645372 -0.499405931 0.0562951691 0.8645372 -0.499405931 -0.0481089546 0.864907744 -0.499619978 -0.0481089546 0.864907744 -0.499619978 -0.0481089546 0.864907744 -0.499619978 -0.0474658225 0.863906165 -0.501411142 -0.0474658225 0.863906165 -0.501411142 -0.0474658225 0.863906165 -0.501411142 -0.123126841 0.860892203 -0.493664254 -0.123126841 0.860892203 -0.493664254 -0.123126841 0.860892203 -0.493664254 -0.121534893 0.85722975 -0.500386276 -0.121534893 0.85722975 -0.500386276 -0.121534893 0.85722975 -0.500386276 -0.169701616 0.853796708 -0.492171254 -0.169701616 0.853796708 -0.492171254 -0.169701616 0.853796708 -0.492171254 -0.169091403 0.851749001 -0.49591505 -0.169091403 0.851749001 -0.49591505 -0.169091403 0.851749001 -0.49591505 -0.200027646 0.848866365 -0.489300352 -0.200027646 0.848866365 -0.489300352 -0.200027646 0.848866365 -0.489300352 -0.199397982 0.845948168 -0.494582795 -0.199397982 0.845948168 -0.494582795 -0.199397982 0.845948168 -0.494582795 -0.215961522 0.844233338 -0.490541223 -0.215961522 0.844233338 -0.490541223 -0.215961522 0.844233338 -0.490541223 -0.215728067 0.842944065 -0.492855662 -0.215728067 0.842944065 -0.492855662 -0.215728067 0.842944065 -0.492855662 -0.217439527 0.84275738 -0.492422634 -0.217439527 0.84275738 -0.492422634 -0.217439527 0.84275738 -0.492422634 -0.217787262 0.8444045 -0.489438198 -0.217787262 0.8444045 -0.489438198 -0.217787262 0.8444045 -0.489438198 -0.19423325 0.846843161 -0.495106156 -0.19423325 0.846843161 -0.495106156 -0.19423325 0.846843161 -0.495106156 -0.196227335 0.852170715 -0.485077216 -0.196227335 0.852170715 -0.485077216 -0.196227335 0.852170715 -0.485077216 -0.0726686247 0.859247403 -0.506372562 -0.0726686247 0.859247403 -0.506372562 -0.0726686247 0.859247403 -0.506372562 -0.0538515214 0.856820815 -0.512794407 -0.0538515214 0.856820815 -0.512794407 -0.0538515214 0.856820815 -0.512794407 0.189750048 0.827444938 -0.528516598 0.189750048 0.827444938 -0.528516598 0.189750048 0.827444938 -0.528516598 0.179793907 0.831177964 -0.52613434 0.179793907 0.831177964 -0.52613434 0.179793907 0.831177964 -0.52613434 0.45511635 0.732725537 -0.505947028 0.45511635 0.732725537 -0.505947028 0.45511635 0.732725537 -0.505947028 0.45797586 0.730536262 -0.506532211 0.45797586 0.730536262 -0.506532211 0.45797586 0.730536262 -0.506532211 0.842003925 0.400465842 -0.361464383 0.842003925 0.400465842 -0.361464383 0.842003925 0.400465842 -0.361464383 -0.948569167 0.316528874 -0.00509967777 -0.948569167 0.316528874 -0.00509967777 -0.948569167 0.316528874 -0.00509967777 -0.685392455 0.67981748 0.260931747 -0.685392455 0.67981748 0.260931747 -0.685392455 0.67981748 0.260931747 -0.684369783 0.680776595 0.261115354 -0.684369783 0.680776595 0.261115354 -0.684369783 0.680776595 0.261115354 -0.446761688 0.808291244 0.3834961 -0.446761688 0.808291244 0.3834961 -0.446761688 0.808291244 0.3834961 -0.459791344 0.801885845 0.381537693 -0.459791344 0.801885845 0.381537693 -0.459791344 0.801885845 0.381537693 -0.213491354 0.859422751 0.464557829 -0.213491354 0.859422751 0.464557829 -0.213491354 0.859422751 0.464557829 -0.215595191 0.858963759 0.464435114 -0.215595191 0.858963759 0.464435114 -0.215595191 0.858963759 0.464435114 -0.131192332 0.864735352 0.484789999 -0.131192332 0.864735352 0.484789999 -0.131192332 0.864735352 0.484789999 -0.129203596 0.866334229 0.48246392 -0.129203596 0.866334229 0.48246392 -0.129203596 0.866334229 0.48246392 -0.143815854 0.866187036 0.478578122 -0.143815854 0.866187036 0.478578122 -0.143815854 0.866187036 0.478578122 -0.144789955 0.865290313 0.479904724 -0.144789955 0.865290313 0.479904724 -0.144789955 0.865290313 0.479904724 -0.144208041 0.865298531 0.480065092 -0.144208041 0.865298531 0.480065092 -0.144208041 0.865298531 0.480065092 -0.14250512 0.866979298 0.477534489 -0.14250512 0.866979298 0.477534489 -0.14250512 0.866979298 0.477534489 -0.1318466 0.867112369 0.480346347 -0.1318466 0.867112369 0.480346347 -0.1318466 0.867112369 0.480346347 -0.132416957 0.866524169 0.481250053 -0.132416957 0.866524169 0.481250053 -0.132416957 0.866524169 0.481250053 -0.112386996 0.866727534 0.485955291 -0.112386996 0.866727534 0.485955291 -0.112386996 0.866727534 0.485955291 -0.11327721 0.865766618 0.487459165 -0.11327721 0.865766618 0.487459165 -0.11327721 0.865766618 0.487459165 -0.0809636661 0.865982008 0.493477504 -0.0809636661 0.865982008 0.493477504 -0.0809636661 0.865982008 0.493477504 -0.081724453 0.865112153 0.494875819 -0.081724453 0.865112153 0.494875819 -0.081724453 0.865112153 0.494875819 -0.0316451822 0.865198771 0.500429484 -0.0316451822 0.865198771 0.500429484 -0.0316451822 0.865198771 0.500429484 -0.0314206901 0.865482931 0.499952034 -0.0314206901 0.865482931 0.499952034 -0.0314206901 0.865482931 0.499952034 0.0402237587 0.865209692 0.499794196 0.0402237587 0.865209692 0.499794196 0.0402237587 0.865209692 0.499794196 0.0400557209 0.864917132 0.500313796 0.0400557209 0.864917132 0.500313796 0.0400557209 0.864917132 0.500313796 0.0900266546 0.86448081 0.4945383 0.0900266546 0.86448081 0.4945383 0.0900266546 0.86448081 0.4945383 0.0902010668 0.864994497 0.493607423 0.0902010668 0.864994497 0.493607423 0.0902010668 0.864994497 0.493607423 0.121581666 0.864548086 0.487621273 0.121581666 0.864548086 0.487621273 0.121581666 0.864548086 0.487621273 0.121659551 0.864968463 0.48685574 0.121659551 0.864968463 0.48685574 0.121659551 0.864968463 0.48685574 0.140601849 0.864651379 0.482295669 0.140601849 0.864651379 0.482295669 0.140601849 0.864651379 0.482295669 0.14075131 0.866348398 0.479196746 0.14075131 0.866348398 0.479196746 0.14075131 0.866348398 0.479196746 0.151033334 0.866139887 0.476435334 0.151033334 0.866139887 0.476435334 0.151033334 0.866139887 0.476435334 0.151045371 0.866402938 0.475952985 0.151045371 0.866402938 0.475952985 0.151045371 0.866402938 0.475952985 0.152065661 0.866381047 0.475667864 0.152065661 0.866381047 0.475667864 0.152065661 0.866381047 0.475667864 0.151992804 0.865417809 0.477441309 0.151992804 0.865417809 0.477441309 0.151992804 0.865417809 0.477441309 0.139073031 0.865656745 0.480933563 0.139073031 0.865656745 0.480933563 0.139073031 0.865656745 0.480933563 0.13891193 0.865036989 0.482093853 0.13891193 0.865036989 0.482093853 0.13891193 0.865036989 0.482093853 0.217489561 0.8592072 0.463099641 0.217489561 0.8592072 0.463099641 0.217489561 0.8592072 0.463099641 0.213983146 0.859162191 0.464813449 0.213983146 0.859162191 0.464813449 0.213983146 0.859162191 0.464813449 0.45008119 0.805728014 0.385005572 0.45008119 0.805728014 0.385005572 0.45008119 0.805728014 0.385005572 0.452199092 0.805255523 0.383509483 0.452199092 0.805255523 0.383509483 0.452199092 0.805255523 0.383509483 0.683308766 0.680731496 0.263995761 0.683308766 0.680731496 0.263995761 0.683308766 0.680731496 0.263995761 0.683821964 0.680454551 0.263380194 0.683821964 0.680454551 0.263380194 0.683821964 0.680454551 0.263380194 0.948005034 0.318237211 -0.00339610438 0.948005034 0.318237211 -0.00339610438 0.948005034 0.318237211 -0.00339610438 -0.984834944 0 0.1734939 -0.984834944 0 0.1734939 -0.984834944 0 0.1734939 -0.760032616 0 0.64988493 -0.760032616 0 0.64988493 -0.760032616 0 0.64988493 -0.760032616 0 0.64988493 -0.760032616 0 0.64988493 -0.760032616 0 0.64988493 -0.542715566 0 0.839916552 -0.542715566 0 0.839916552 -0.542715566 0 0.839916552 -0.542715566 0 0.839916552 -0.542715566 0 0.839916552 -0.542715566 0 0.839916552 -0.307820786 0 0.951444357 -0.307820786 0 0.951444357 -0.307820786 0 0.951444357 -0.307820786 0 0.951444357 -0.307820786 0 0.951444357 -0.307820786 0 0.951444357 -0.247410863 0 0.968910659 -0.247410863 0 0.968910659 -0.247410863 0 0.968910659 -0.247410863 0 0.968910659 -0.247410863 0 0.968910659 -0.247410863 0 0.968910659 -0.272879179 0 0.962048311 -0.272879179 0 0.962048311 -0.272879179 0 0.962048311 -0.272879179 0 0.962048311 -0.272879179 0 0.962048311 -0.272879179 0 0.962048311 -0.271148935 0 0.962537405 -0.271148935 0 0.962537405 -0.271148935 0 0.962537405 -0.271148935 0 0.962537405 -0.271148935 0 0.962537405 -0.271148935 0 0.962537405 -0.250679662 0 0.968070094 -0.250679662 0 0.968070094 -0.250679662 0 0.968070094 -0.250679662 0 0.968070094 -0.250679662 0 0.968070094 -0.250679662 0 0.968070094 -0.214134243 0 0.976804241 -0.214134243 0 0.976804241 -0.214134243 0 0.976804241 -0.214134243 0 0.976804241 -0.214134243 0 0.976804241 -0.214134243 0 0.976804241 -0.155511459 0 0.987834088 -0.155511459 0 0.987834088 -0.155511459 0 0.987834088 -0.155511459 0 0.987834088 -0.155511459 0 0.987834088 -0.155511459 0 0.987834088 -0.0617294142 0 0.998092921 -0.0617294142 0 0.998092921 -0.0617294142 0 0.998092921 -0.0617294142 0 0.998092921 -0.0617294142 0 0.998092921 -0.0617294142 0 0.998092921 0.0705632163 0 0.997507309 0.0705632163 0 0.997507309 0.0705632163 0 0.997507309 0.0705632163 -0 0.997507309 0.0705632163 -0 0.997507309 0.0705632163 -0 0.997507309 0.163883198 0 0.98647975 0.163883198 0 0.98647975 0.163883198 0 0.98647975 0.163883198 -0 0.98647975 0.163883198 -0 0.98647975 0.163883198 -0 0.98647975 0.222286957 0 0.974981286 0.222286957 0 0.974981286 0.222286957 0 0.974981286 0.222286957 -0 0.974981286 0.222286957 -0 0.974981286 0.222286957 -0 0.974981286 0.258511887 0 0.966008077 0.258511887 0 0.966008077 0.258511887 0 0.966008077 0.258511887 -0 0.966008077 0.258511887 -0 0.966008077 0.258511887 -0 0.966008077 0.278729761 0 0.960369575 0.278729761 0 0.960369575 0.278729761 0 0.960369575 0.278729761 -0 0.960369575 0.278729761 -0 0.960369575 0.278729761 -0 0.960369575 0.281412568 0 0.959586873 0.281412568 0 0.959586873 0.281412568 0 0.959586873 0.281412568 -0 0.959586873 0.281412568 -0 0.959586873 0.281412568 -0 0.959586873 0.254832278 0 0.966985269 0.254832278 0 0.966985269 0.254832278 0 0.966985269 0.254832278 -0 0.966985269 0.254832278 -0 0.966985269 0.254832278 -0 0.966985269 0.310737383 0 0.950495807 0.310737383 0 0.950495807 0.310737383 0 0.950495807 0.310737383 -0 0.950495807 0.310737383 -0 0.950495807 0.310737383 -0 0.950495807 0.542525055 0 0.840039621 0.542525055 0 0.840039621 0.542525055 0 0.840039621 0.542525055 -0 0.840039621 0.542525055 -0 0.840039621 0.542525055 -0 0.840039621 0.763388936 0 0.645939109 0.763388936 0 0.645939109 0.763388936 0 0.645939109 0.763388936 -0 0.645939109 0.763388936 -0 0.645939109 0.763388936 -0 0.645939109 0.984301249 0 0.176496602 0.984301249 0 0.176496602 0.984301249 0 0.176496602 -0.948569167 -0.316528874 -0.00509967777 -0.948569167 -0.316528874 -0.00509967777 -0.948569167 -0.316528874 -0.00509967777 -0.684329018 -0.680624246 0.261618865 -0.684329018 -0.680624246 0.261618865 -0.684329018 -0.680624246 0.261618865 -0.685183813 -0.680158753 0.260590124 -0.685183813 -0.680158753 0.260590124 -0.685183813 -0.680158753 0.260590124 -0.45981527 -0.803510453 0.378075215 -0.45981527 -0.803510453 0.378075215 -0.45981527 -0.803510453 0.378075215 -0.448108233 -0.806164806 0.386390109 -0.448108233 -0.806164806 0.386390109 -0.448108233 -0.806164806 0.386390109 -0.215545743 -0.859201557 0.464018014 -0.215545743 -0.859201557 0.464018014 -0.215545743 -0.859201557 0.464018014 -0.213603666 -0.859176857 0.46496086 -0.213603666 -0.859176857 0.46496086 -0.213603666 -0.859176857 0.46496086 -0.129802758 -0.864775357 0.485092595 -0.129802758 -0.864775357 0.485092595 -0.129802758 -0.864775357 0.485092595 -0.130523614 -0.866329077 0.482117742 -0.130523614 -0.866329077 0.482117742 -0.130523614 -0.866329077 0.482117742 -0.14441096 -0.866176832 0.47841736 -0.14441096 -0.866176832 0.47841736 -0.14441096 -0.866176832 0.47841736 -0.1442278 -0.865298257 0.48005965 -0.1442278 -0.865298257 0.48005965 -0.1442278 -0.865298257 0.48005965 -0.143213682 -0.865311844 0.480338687 -0.143213682 -0.865311844 0.480338687 -0.143213682 -0.865311844 0.480338687 -0.143441953 -0.866962549 0.477284344 -0.143441953 -0.866962549 0.477284344 -0.143441953 -0.866962549 0.477284344 -0.132184953 -0.867109766 0.480258047 -0.132184953 -0.867109766 0.480258047 -0.132184953 -0.867109766 0.480258047 -0.132095596 -0.866530336 0.481327258 -0.132095596 -0.866530336 0.481327258 -0.132095596 -0.866530336 0.481327258 -0.112953114 -0.866726827 0.485825279 -0.112953114 -0.866726827 0.485825279 -0.112953114 -0.866726827 0.485825279 -0.112733458 -0.865778001 0.487564991 -0.112733458 -0.865778001 0.487564991 -0.112733458 -0.865778001 0.487564991 -0.0815071384 -0.865986116 0.49338082 -0.0815071384 -0.865986116 0.49338082 -0.0815071384 -0.865986116 0.49338082 -0.0811909318 -0.865124676 0.494941742 -0.0811909318 -0.865124676 0.494941742 -0.0811909318 -0.865124676 0.494941742 -0.0314509416 -0.865194834 0.500448536 -0.0314509416 -0.865194834 0.500448536 -0.0314509416 -0.865194834 0.500448536 -0.0316156869 -0.865477606 0.499948959 -0.0316156869 -0.865477606 0.499948959 -0.0316156869 -0.865477606 0.499948959 0.0400272841 -0.865216524 0.499798143 0.0400272841 -0.865216524 0.499798143 0.0400272841 -0.865216524 0.499798143 0.0402574161 -0.864919767 0.500293051 0.0402574161 -0.864919767 0.500293051 0.0402574161 -0.864919767 0.500293051 0.0903255483 -0.864471598 0.494499901 0.0903255483 -0.864471598 0.494499901 0.0903255483 -0.864471598 0.494499901 0.0898862242 -0.864994502 0.493664845 0.0898862242 -0.864994502 0.493664845 0.0898862242 -0.864994502 0.493664845 0.121798602 -0.864541916 0.487578072 0.121798602 -0.864541916 0.487578072 0.121798602 -0.864541916 0.487578072 0.121424818 -0.86497033 0.486911021 0.121424818 -0.86497033 0.486911021 0.121424818 -0.86497033 0.486911021 0.141411806 -0.864630471 0.482096308 0.141411806 -0.864630471 0.482096308 0.141411806 -0.864630471 0.482096308 0.139858779 -0.866361853 0.479433688 0.139858779 -0.866361853 0.479433688 0.139858779 -0.866361853 0.479433688 0.151156092 -0.866136802 0.476402011 0.151156092 -0.866136802 0.476402011 0.151156092 -0.866136802 0.476402011 0.150908357 -0.866405804 0.47599123 0.150908357 -0.866405804 0.47599123 0.150908357 -0.866405804 0.47599123 0.151584562 -0.866391491 0.47580238 0.151584562 -0.866391491 0.47580238 0.151584562 -0.866391491 0.47580238 0.152528527 -0.865404538 0.477294494 0.152528527 -0.865404538 0.477294494 0.152528527 -0.865404538 0.477294494 0.13867807 -0.865661601 0.48103886 0.13867807 -0.865661601 0.48103886 0.13867807 -0.865661601 0.48103886 0.139344611 -0.865020543 0.481998486 0.139344611 -0.865020543 0.481998486 0.139344611 -0.865020543 0.481998486 0.213880215 -0.859602042 0.464046963 0.213880215 -0.859602042 0.464046963 0.213880215 -0.859602042 0.464046963 0.217691841 -0.858766128 0.463822164 0.217691841 -0.858766128 0.463822164 0.217691841 -0.858766128 0.463822164 0.45218138 -0.804970348 0.384128545 0.45218138 -0.804970348 0.384128545 0.45218138 -0.804970348 0.384128545 0.449840557 -0.80611102 0.384484716 0.449840557 -0.80611102 0.384484716 0.449840557 -0.80611102 0.384484716 0.683799277 -0.680361318 0.263679781 0.683799277 -0.680361318 0.263679781 0.683799277 -0.680361318 0.263679781 0.683181994 -0.68093707 0.263793612 0.683181994 -0.68093707 0.263793612 0.683181994 -0.68093707 0.263793612 0.948005034 -0.318237211 -0.00339610438 0.948005034 -0.318237211 -0.00339610438 0.948005034 -0.318237211 -0.00339610438 -0.87613967 -0.316297714 -0.363778827 -0.87613967 -0.316297714 -0.363778827 -0.87613967 -0.316297714 -0.363778827 -0.532748919 -0.677356919 -0.507312717 -0.532748919 -0.677356919 -0.507312717 -0.532748919 -0.677356919 -0.507312717 -0.530028092 -0.679939092 -0.506708054 -0.530028092 -0.679939092 -0.506708054 -0.530028092 -0.679939092 -0.506708054 -0.266983328 -0.806243462 -0.527912287 -0.266983328 -0.806243462 -0.527912287 -0.266983328 -0.806243462 -0.527912287 -0.266967256 -0.806251459 -0.527908201 -0.266967256 -0.806251459 -0.527908201 -0.266967256 -0.806251459 -0.527908201 -0.0173150296 -0.860440016 -0.509257467 -0.0173150296 -0.860440016 -0.509257467 -0.0173150296 -0.860440016 -0.509257467 -0.020715505 -0.859652305 -0.510459384 -0.020715505 -0.859652305 -0.510459384 -0.020715505 -0.859652305 -0.510459384 0.102098246 -0.866139892 -0.489262338 0.102098246 -0.866139892 -0.489262338 0.102098246 -0.866139892 -0.489262338 0.102003689 -0.865926679 -0.489659304 0.102003689 -0.865926679 -0.489659304 0.102003689 -0.865926679 -0.489659304 0.113707863 -0.866101529 -0.486763457 0.113707863 -0.866101529 -0.486763457 0.113707863 -0.866101529 -0.486763457 0.113439088 -0.864782881 -0.489164739 0.113439088 -0.864782881 -0.489164739 0.113439088 -0.864782881 -0.489164739 0.111766557 -0.864753048 -0.48960229 0.111766557 -0.864753048 -0.48960229 0.111766557 -0.864753048 -0.48960229 0.111998442 -0.866423511 -0.486586734 0.111998442 -0.866423511 -0.486586734 0.111998442 -0.866423511 -0.486586734 0.104037798 -0.866303708 -0.488563222 0.104037798 -0.866303708 -0.488563222 0.104037798 -0.866303708 -0.488563222 0.104100704 -0.866704403 -0.487838621 0.104100704 -0.866704403 -0.487838621 0.104100704 -0.866704403 -0.487838621 0.0894020519 -0.866509862 -0.491088518 0.0894020519 -0.866509862 -0.491088518 0.0894020519 -0.866509862 -0.491088518 0.0892850669 -0.866015975 -0.49198019 0.0892850669 -0.866015975 -0.49198019 0.0892850669 -0.866015975 -0.49198019 0.0674226317 -0.865794594 -0.495836575 0.0674226317 -0.865794594 -0.495836575 0.0674226317 -0.865794594 -0.495836575 0.0672897961 -0.865442229 -0.496469367 0.0672897961 -0.865442229 -0.496469367 0.0672897961 -0.865442229 -0.496469367 0.0297885092 -0.865195226 -0.500549563 0.0297885092 -0.865195226 -0.500549563 0.0297885092 -0.865195226 -0.500549563 0.0299855226 -0.86552114 -0.499974023 0.0299855226 -0.86552114 -0.499974023 0.0299855226 -0.86552114 -0.499974023 -0.0209831578 -0.865719864 -0.500088817 -0.0209831578 -0.865719864 -0.500088817 -0.0209831578 -0.865719864 -0.500088817 -0.0214351845 -0.865162183 -0.501033862 -0.0214351845 -0.865162183 -0.501033862 -0.0214351845 -0.865162183 -0.501033862 -0.0580438057 -0.865689776 -0.497204312 -0.0580438057 -0.865689776 -0.497204312 -0.0580438057 -0.865689776 -0.497204312 -0.0590198535 -0.864565988 -0.499041391 -0.0590198535 -0.864565988 -0.499041391 -0.0590198535 -0.864565988 -0.499041391 -0.081540837 -0.864962318 -0.495167931 -0.081540837 -0.864962318 -0.495167931 -0.081540837 -0.864962318 -0.495167931 -0.0813758408 -0.865145698 -0.494874624 -0.0813758408 -0.865145698 -0.494874624 -0.0813758408 -0.865145698 -0.494874624 -0.0961866779 -0.865440252 -0.491692275 -0.0961866779 -0.865440252 -0.491692275 -0.0961866779 -0.865440252 -0.491692275 -0.0962720686 -0.8653475 -0.491838787 -0.0962720686 -0.8653475 -0.491838787 -0.0962720686 -0.8653475 -0.491838787 -0.104020526 -0.865523009 -0.48994862 -0.104020526 -0.865523009 -0.48994862 -0.104020526 -0.865523009 -0.48994862 -0.103875184 -0.865677251 -0.489706896 -0.103875184 -0.865677251 -0.489706896 -0.103875184 -0.865677251 -0.489706896 -0.105261443 -0.865711431 -0.489350331 -0.105261443 -0.865711431 -0.489350331 -0.105261443 -0.865711431 -0.489350331 -0.105416434 -0.865552992 -0.489597175 -0.105416434 -0.865552992 -0.489597175 -0.105416434 -0.865552992 -0.489597175 -0.0943156557 -0.865290284 -0.492318273 -0.0943156557 -0.865290284 -0.492318273 -0.0943156557 -0.865290284 -0.492318273 -0.0924502401 -0.867037328 -0.489590875 -0.0924502401 -0.867037328 -0.489590875 -0.0924502401 -0.867037328 -0.489590875 0.0259747572 -0.860109279 -0.509448075 0.0259747572 -0.860109279 -0.509448075 0.0259747572 -0.860109279 -0.509448075 0.00777185519 -0.859872114 -0.510450336 0.00777185519 -0.859872114 -0.510450336 0.00777185519 -0.859872114 -0.510450336 0.262712291 -0.80653303 -0.529609973 0.262712291 -0.80653303 -0.529609973 0.262712291 -0.80653303 -0.529609973 0.279728805 -0.803325794 -0.525756088 0.279728805 -0.803325794 -0.525756088 0.279728805 -0.803325794 -0.525756088 0.525920694 -0.684329559 -0.505074725 0.525920694 -0.684329559 -0.505074725 0.525920694 -0.684329559 -0.505074725 0.525056045 -0.684663187 -0.505521978 0.525056045 -0.684663187 -0.505521978 0.525056045 -0.684663187 -0.505521978 0.87728227 -0.319230986 -0.358423489 0.87728227 -0.319230986 -0.358423489 0.87728227 -0.319230986 -0.358423489 -0.839844316 -0 -0.542827344 -0.839844316 -0 -0.542827344 -0.839844316 -0 -0.542827344 -0.451615099 0 -0.892212868 -0.451615099 0 -0.892212868 -0.451615099 0 -0.892212868 -0.451615099 -0 -0.892212868 -0.451615099 -0 -0.892212868 -0.451615099 -0 -0.892212868 -0.18116251 0 -0.983453174 -0.18116251 0 -0.983453174 -0.18116251 0 -0.983453174 -0.18116251 -0 -0.983453174 -0.18116251 -0 -0.983453174 -0.18116251 -0 -0.983453174 0.0830443613 0 -0.996545851 0.0830443613 0 -0.996545851 0.0830443613 0 -0.996545851 0.0830443613 0 -0.996545851 0.0830443613 0 -0.996545851 0.0830443613 0 -0.996545851 0.217774046 0 -0.975999214 0.217774046 0 -0.975999214 0.217774046 0 -0.975999214 0.217774046 0 -0.975999214 0.217774046 0 -0.975999214 0.217774046 0 -0.975999214 0.242477409 0 -0.970157052 0.242477409 0 -0.970157052 0.242477409 0 -0.970157052 0.242477409 0 -0.970157052 0.242477409 0 -0.970157052 0.242477409 0 -0.970157052 0.239383247 0 -0.970925157 0.239383247 0 -0.970925157 0.239383247 0 -0.970925157 0.239383247 0 -0.970925157 0.239383247 0 -0.970925157 0.239383247 0 -0.970925157 0.222574749 0 -0.974915628 0.222574749 0 -0.974915628 0.222574749 0 -0.974915628 0.222574749 0 -0.974915628 0.222574749 0 -0.974915628 0.222574749 0 -0.974915628 0.190628581 0 -0.981662235 0.190628581 0 -0.981662235 0.190628581 0 -0.981662235 0.190628581 0 -0.981662235 0.190628581 0 -0.981662235 0.190628581 0 -0.981662235 0.141394172 0 -0.989953377 0.141394172 0 -0.989953377 0.141394172 0 -0.989953377 0.141394172 0 -0.989953377 0.141394172 0 -0.989953377 0.141394172 0 -0.989953377 0.0608834095 0 -0.998144884 0.0608834095 0 -0.998144884 0.0608834095 0 -0.998144884 0.0608834095 0 -0.998144884 0.0608834095 0 -0.998144884 0.0608834095 0 -0.998144884 -0.0522888859 0 -0.998632 -0.0522888859 0 -0.998632 -0.0522888859 0 -0.998632 -0.0522888859 -0 -0.998632 -0.0522888859 -0 -0.998632 -0.0522888859 -0 -0.998632 -0.131934948 0 -0.991258377 -0.131934948 0 -0.991258377 -0.131934948 0 -0.991258377 -0.131934948 -0 -0.991258377 -0.131934948 -0 -0.991258377 -0.131934948 -0 -0.991258377 -0.182840541 0 -0.983142582 -0.182840541 0 -0.983142582 -0.182840541 0 -0.983142582 -0.182840541 -0 -0.983142582 -0.182840541 -0 -0.983142582 -0.182840541 -0 -0.983142582 -0.214045828 0 -0.976823619 -0.214045828 0 -0.976823619 -0.214045828 0 -0.976823619 -0.214045828 -0 -0.976823619 -0.214045828 -0 -0.976823619 -0.214045828 -0 -0.976823619 -0.231648789 0 -0.972799485 -0.231648789 0 -0.972799485 -0.231648789 0 -0.972799485 -0.231648789 -0 -0.972799485 -0.231648789 -0 -0.972799485 -0.231648789 -0 -0.972799485 -0.23367257 0 -0.972315345 -0.23367257 0 -0.972315345 -0.23367257 0 -0.972315345 -0.23367257 -0 -0.972315345 -0.23367257 -0 -0.972315345 -0.23367257 -0 -0.972315345 -0.21071291 0 -0.977547988 -0.21071291 0 -0.977547988 -0.21071291 0 -0.977547988 -0.21071291 -0 -0.977547988 -0.21071291 -0 -0.977547988 -0.21071291 -0 -0.977547988 -0.0738712703 0 -0.997267785 -0.0738712703 0 -0.997267785 -0.0738712703 0 -0.997267785 -0.0738712703 -0 -0.997267785 -0.0738712703 -0 -0.997267785 -0.0738712703 -0 -0.997267785 0.172801309 0 -0.984956703 0.172801309 0 -0.984956703 0.172801309 0 -0.984956703 0.172801309 0 -0.984956703 0.172801309 0 -0.984956703 0.172801309 0 -0.984956703 0.453048953 0 -0.89148564 0.453048953 0 -0.89148564 0.453048953 0 -0.89148564 0.453048953 0 -0.89148564 0.453048953 0 -0.89148564 0.453048953 0 -0.89148564 0.841400508 0 -0.540412051 0.841400508 0 -0.540412051 0.841400508 0 -0.540412051 -0.87613967 0.316297714 -0.363778827 -0.87613967 0.316297714 -0.363778827 -0.87613967 0.316297714 -0.363778827 -0.529402667 0.679525552 -0.50791519 -0.529402667 0.679525552 -0.50791519 -0.529402667 0.679525552 -0.50791519 -0.532586456 0.678280134 -0.506248681 -0.532586456 0.678280134 -0.506248681 -0.532586456 0.678280134 -0.506248681 -0.266965449 0.806249442 -0.527912196 -0.266965449 0.806249442 -0.527912196 -0.266965449 0.806249442 -0.527912196 -0.266983155 0.806246137 -0.527908289 -0.266983155 0.806246137 -0.527908289 -0.266983155 0.806246137 -0.527908289 -0.0209132504 0.860060929 -0.509762527 -0.0209132504 0.860060929 -0.509762527 -0.0209132504 0.860060929 -0.509762527 -0.0172269156 0.86002183 -0.509966357 -0.0172269156 0.86002183 -0.509966357 -0.0172269156 0.86002183 -0.509966357 0.10191466 0.866140264 -0.489299954 0.10191466 0.866140264 -0.489299954 0.10191466 0.866140264 -0.489299954 0.102178978 0.865930224 -0.489616485 0.102178978 0.865930224 -0.489616485 0.102178978 0.865930224 -0.489616485 0.112832065 0.866092799 -0.48698274 0.112832065 0.866092799 -0.48698274 0.112832065 0.866092799 -0.48698274 0.114265812 0.864796675 -0.488947886 0.114265812 0.864796675 -0.488947886 0.114265812 0.864796675 -0.488947886 0.112757424 0.864771034 -0.489343256 0.112757424 0.864771034 -0.489343256 0.112757424 0.864771034 -0.489343256 0.11106357 0.866412458 -0.48682064 0.11106357 0.866412458 -0.48682064 0.11106357 0.866412458 -0.48682064 0.10427042 0.866308034 -0.488505957 0.10427042 0.866308034 -0.488505957 0.10427042 0.866308034 -0.488505957 0.103880238 0.866702935 -0.487888223 0.103880238 0.866702935 -0.487888223 0.103880238 0.866702935 -0.487888223 0.0891068815 0.866503948 -0.491152595 0.0891068815 0.866503948 -0.491152595 0.0891068815 0.866503948 -0.491152595 0.0895685725 0.866016043 -0.491928536 0.0895685725 0.866016043 -0.491928536 0.0895685725 0.866016043 -0.491928536 0.0671975002 0.865790098 -0.495874986 0.0671975002 0.865790098 -0.495874986 0.0671975002 0.865790098 -0.495874986 0.0675106679 0.865440032 -0.496443209 0.0675106679 0.865440032 -0.496443209 0.0675106679 0.865440032 -0.496443209 0.030019723 0.865200518 -0.500526602 0.030019723 0.865200518 -0.500526602 0.030019723 0.865200518 -0.500526602 0.0297533297 0.865527149 -0.499977494 0.0297533297 0.865527149 -0.499977494 0.0297533297 0.865527149 -0.499977494 -0.0213709566 0.865712751 -0.500084708 -0.0213709566 0.865712751 -0.500084708 -0.0213709566 0.865712751 -0.500084708 -0.0210380442 0.865150036 -0.501071668 -0.0210380442 0.865150036 -0.501071668 -0.0210380442 0.865150036 -0.501071668 -0.0587114883 0.865688504 -0.497128127 -0.0587114883 0.865688504 -0.497128127 -0.0587114883 0.865688504 -0.497128127 -0.0583146339 0.864546299 -0.499158392 -0.0583146339 0.864546299 -0.499158392 -0.0583146339 0.864546299 -0.499158392 -0.0814445093 0.864961584 -0.495185066 -0.0814445093 0.864961584 -0.495185066 -0.0814445093 0.864961584 -0.495185066 -0.0814799356 0.86514846 -0.494852667 -0.0814799356 0.86514846 -0.494852667 -0.0814799356 0.86514846 -0.494852667 -0.0962313597 0.86544084 -0.491682496 -0.0962313597 0.86544084 -0.491682496 -0.0962313597 0.86544084 -0.491682496 -0.0962226562 0.865346205 -0.491850736 -0.0962226562 0.865346205 -0.491850736 -0.0962226562 0.865346205 -0.491850736 -0.103948249 0.865521626 -0.489966403 -0.103948249 0.865521626 -0.489966403 -0.103948249 0.865521626 -0.489966403 -0.103955753 0.865679286 -0.489686201 -0.103955753 0.865679286 -0.489686201 -0.103955753 0.865679286 -0.489686201 -0.105340679 0.865713331 -0.489329918 -0.105340679 0.865713331 -0.489329918 -0.105340679 0.865713331 -0.489329918 -0.105328304 0.86555135 -0.489619044 -0.105328304 0.86555135 -0.489619044 -0.105328304 0.86555135 -0.489619044 -0.0932128688 0.86525803 -0.492584919 -0.0932128688 0.86525803 -0.492584919 -0.0932128688 0.86525803 -0.492584919 -0.0936522748 0.867043378 -0.489351644 -0.0936522748 0.867043378 -0.489351644 -0.0936522748 0.867043378 -0.489351644 0.00876978507 0.861891056 -0.507017651 0.00876978507 0.861891056 -0.507017651 0.00876978507 0.861891056 -0.507017651 0.025565817 0.858057444 -0.512916964 0.025565817 0.858057444 -0.512916964 0.025565817 0.858057444 -0.512916964 0.278077295 0.801365823 -0.529609135 0.278077295 0.801365823 -0.529609135 0.278077295 0.801365823 -0.529609135 0.262574602 0.809111673 -0.525730804 0.262574602 0.809111673 -0.525730804 0.262574602 0.809111673 -0.525730804 0.525226355 0.684773028 -0.505196176 0.525226355 0.684773028 -0.505196176 0.525226355 0.684773028 -0.505196176 0.525967979 0.684084307 -0.505357642 0.525967979 0.684084307 -0.505357642 0.525967979 0.684084307 -0.505357642 0.87728227 0.319230986 -0.358423489 0.87728227 0.319230986 -0.358423489 0.87728227 0.319230986 -0.358423489 -0.975181278 0.22139227 -0.00263411168 -0.975181278 0.22139227 -0.00263411168 -0.975181278 0.22139227 -0.00263411168 -0.744294665 0.612196167 0.266910666 -0.744294665 0.612196167 0.266910666 -0.744294665 0.612196167 0.266910666 -0.750541811 0.605065587 0.265673908 -0.750541811 0.605065587 0.265673908 -0.750541811 0.605065587 0.265673908 -0.538198512 0.750521453 0.383483912 -0.538198512 0.750521453 0.383483912 -0.538198512 0.750521453 0.383483912 -0.523002073 0.759961493 0.385911079 -0.523002073 0.759961493 0.385911079 -0.523002073 0.759961493 0.385911079 -0.29235061 0.835885952 0.46457055 -0.29235061 0.835885952 0.46457055 -0.29235061 0.835885952 0.46457055 -0.299548608 0.833565112 0.464154969 -0.299548608 0.833565112 0.464154969 -0.299548608 0.833565112 0.464154969 -0.230046899 0.845793546 0.481364416 -0.230046899 0.845793546 0.481364416 -0.230046899 0.845793546 0.481364416 -0.232979119 0.842813773 0.485165615 -0.232979119 0.842813773 0.485165615 -0.232979119 0.842813773 0.485165615 -0.256332443 0.839555346 0.478999478 -0.256332443 0.839555346 0.478999478 -0.256332443 0.839555346 0.478999478 -0.25623606 0.839671842 0.478846823 -0.25623606 0.839671842 0.478846823 -0.25623606 0.839671842 0.478846823 -0.254097542 0.839984257 0.479438096 -0.254097542 0.839984257 0.479438096 -0.254097542 0.839984257 0.479438096 -0.253388719 0.840903087 0.478200957 -0.253388719 0.840903087 0.478200957 -0.253388719 0.840903087 0.478200957 -0.235696738 0.843381555 0.482860849 -0.235696738 0.843381555 0.482860849 -0.235696738 0.843381555 0.482860849 -0.235146757 0.844116647 0.481843428 -0.235146757 0.844116647 0.481843428 -0.235146757 0.844116647 0.481843428 -0.201768972 0.848268377 0.489622347 -0.201768972 0.848268377 0.489622347 -0.201768972 0.848268377 0.489622347 -0.199835039 0.850876365 0.485875878 -0.199835039 0.850876365 0.485875878 -0.199835039 0.850876365 0.485875878 -0.146700003 0.855981414 0.495756924 -0.146700003 0.855981414 0.495756924 -0.146700003 0.855981414 0.495756924 -0.145258517 0.857925521 0.492812098 -0.145258517 0.857925521 0.492812098 -0.145258517 0.857925521 0.492812098 -0.0582315974 0.862613098 0.502501467 -0.0582315974 0.862613098 0.502501467 -0.0582315974 0.862613098 0.502501467 -0.0568453559 0.864510419 0.499389969 -0.0568453559 0.864510419 0.499389969 -0.0568453559 0.864510419 0.499389969 0.0666108322 0.863987441 0.499087867 0.0666108322 0.863987441 0.499087867 0.0666108322 0.863987441 0.499087867 0.0660227763 0.863018573 0.500839231 0.0660227763 0.863018573 0.500839231 0.0660227763 0.863018573 0.500839231 0.154433517 0.857572091 0.49063265 0.154433517 0.857572091 0.49063265 0.154433517 0.857572091 0.49063265 0.15342754 0.855189417 0.495086913 0.15342754 0.855189417 0.495086913 0.15342754 0.855189417 0.495086913 0.209210397 0.849412413 0.48448897 0.209210397 0.849412413 0.48448897 0.209210397 0.849412413 0.48448897 0.208569835 0.847222436 0.488582407 0.208569835 0.847222436 0.488582407 0.208569835 0.847222436 0.488582407 0.243405815 0.842655932 0.480296357 0.243405815 0.842655932 0.480296357 0.243405815 0.842655932 0.480296357 0.243185783 0.841616906 0.482225735 0.243185783 0.841616906 0.482225735 0.243185783 0.841616906 0.482225735 0.262441319 0.838791631 0.477025318 0.262441319 0.838791631 0.477025318 0.262441319 0.838791631 0.477025318 0.262250458 0.837729834 0.478992091 0.262250458 0.837729834 0.478992091 0.262250458 0.837729834 0.478992091 0.264345534 0.837406879 0.478404805 0.264345534 0.837406879 0.478404805 0.264345534 0.837406879 0.478404805 0.264477112 0.838029535 0.477240354 0.264477112 0.838029535 0.477240354 0.264477112 0.838029535 0.477240354 0.238910402 0.841776791 0.484080214 0.238910402 0.841776791 0.484080214 0.238910402 0.841776791 0.484080214 0.239817833 0.844105103 0.479556026 0.239817833 0.844105103 0.479556026 0.239817833 0.844105103 0.479556026 0.306957108 0.831822321 0.462438061 0.306957108 0.831822321 0.462438061 0.306957108 0.831822321 0.462438061 0.305912228 0.8319202 0.46295409 0.305912228 0.8319202 0.46295409 0.305912228 0.8319202 0.46295409 0.52827546 0.756109369 0.386294785 0.52827546 0.756109369 0.386294785 0.52827546 0.756109369 0.386294785 0.51890263 0.759140193 0.392996473 0.51890263 0.759140193 0.392996473 0.51890263 0.759140193 0.392996473 0.743588592 0.610990586 0.271599907 0.743588592 0.610990586 0.271599907 0.743588592 0.610990586 0.271599907 0.754171449 0.603840533 0.258073704 0.754171449 0.603840533 0.258073704 0.754171449 0.603840533 0.258073704 0.974843092 0.222864642 -0.00350671853 0.974843092 0.222864642 -0.00350671853 0.974843092 0.222864642 -0.00350671853 -0.97914818 -0.0983826095 0.177734923 -0.97914818 -0.0983826095 0.177734923 -0.97914818 -0.0983826095 0.177734923 -0.756279051 -0.07598922 0.649821234 -0.756279051 -0.07598922 0.649821234 -0.756279051 -0.07598922 0.649821234 -0.753901799 -0.0742900298 0.652773367 -0.753901799 -0.0742900298 0.652773367 -0.753901799 -0.0742900298 0.652773367 -0.541855834 -0.0533948666 0.838773655 -0.541855834 -0.0533948666 0.838773655 -0.541855834 -0.0533948666 0.838773655 -0.545897791 -0.0551232566 0.836036499 -0.545897791 -0.0551232566 0.836036499 -0.545897791 -0.0551232566 0.836036499 -0.315237925 -0.0318318582 0.948478668 -0.315237925 -0.0318318582 0.948478668 -0.315237925 -0.0318318582 0.948478668 -0.315598137 -0.0319593174 0.948354584 -0.315598137 -0.0319593174 0.948354584 -0.315598137 -0.0319593174 0.948354584 -0.2418881 -0.0244950069 0.969994918 -0.2418881 -0.0244950069 0.969994918 -0.2418881 -0.0244950069 0.969994918 -0.243930824 -0.031330334 0.96928642 -0.243930824 -0.031330334 0.96928642 -0.243930824 -0.031330334 0.96928642 -0.268018827 -0.0344241831 0.962798465 -0.268018827 -0.0344241831 0.962798465 -0.268018827 -0.0344241831 0.962798465 -0.268388922 -0.0364574848 0.962620506 -0.268388922 -0.0364574848 0.962620506 -0.268388922 -0.0364574848 0.962620506 -0.266847557 -0.0362481085 0.963056829 -0.266847557 -0.0362481085 0.963056829 -0.266847557 -0.0362481085 0.963056829 -0.266519762 -0.0340392309 0.963228191 -0.266519762 -0.0340392309 0.963228191 -0.266519762 -0.0340392309 0.963228191 -0.247554924 -0.0316170896 0.968357847 -0.247554924 -0.0316170896 0.968357847 -0.247554924 -0.0316170896 0.968357847 -0.246976713 -0.0277928508 0.968622765 -0.246976713 -0.0277928508 0.968622765 -0.246976713 -0.0277928508 0.968622765 -0.212455134 -0.0239080591 0.976878304 -0.212455134 -0.0239080591 0.976878304 -0.212455134 -0.0239080591 0.976878304 -0.211601644 -0.0190958082 0.97716943 -0.211601644 -0.0190958082 0.97716943 -0.211601644 -0.0190958082 0.97716943 -0.155315709 -0.0140163325 0.987765444 -0.155315709 -0.0140163325 0.987765444 -0.155315709 -0.0140163325 0.987765444 -0.154129602 -0.0087656633 0.988011755 -0.154129602 -0.0087656633 0.988011755 -0.154129602 -0.0087656633 0.988011755 -0.0622188434 -0.00353851191 0.998056258 -0.0622188434 -0.00353851191 0.998056258 -0.0622188434 -0.00353851191 0.998056258 -0.0611423256 0 0.998129058 -0.0611423256 0 0.998129058 -0.0611423256 0 0.998129058 0.0711895595 0 0.997462805 0.0711895595 0 0.997462805 0.0711895595 0 0.997462805 0.0697492167 -0.00391276671 0.997556884 0.0697492167 -0.00391276671 0.997556884 0.0697492167 -0.00391276671 0.997556884 0.164126266 -0.00920709682 0.98639637 0.164126266 -0.00920709682 0.98639637 0.164126266 -0.00920709682 0.98639637 0.162038243 -0.0147308147 0.986674521 0.162038243 -0.0147308147 0.986674521 0.162038243 -0.0147308147 0.986674521 0.220948859 -0.0200863491 0.97507853 0.220948859 -0.0200863491 0.97507853 0.220948859 -0.0200863491 0.97507853 0.219150684 -0.0248329237 0.975374955 0.219150684 -0.0248329237 0.975374955 0.219150684 -0.0248329237 0.975374955 0.255476661 -0.0289491792 0.966381716 0.255476661 -0.0289491792 0.966381716 0.255476661 -0.0289491792 0.966381716 0.253997623 -0.032851198 0.966646785 0.253997623 -0.032851198 0.966646785 0.253997623 -0.032851198 0.966646785 0.274474451 -0.0354996021 0.960938892 0.274474451 -0.0354996021 0.960938892 0.274474451 -0.0354996021 0.960938892 0.273978456 -0.0367884295 0.961031954 0.273978456 -0.0367884295 0.961031954 0.273978456 -0.0367884295 0.961031954 0.276611563 -0.0371419897 0.960263774 0.276611563 -0.0371419897 0.960263774 0.276611563 -0.0371419897 0.960263774 0.277182431 -0.0357305148 0.960152712 0.277182431 -0.0357305148 0.960152712 0.277182431 -0.0357305148 0.960152712 0.249573876 -0.0321716027 0.967821197 0.249573876 -0.0321716027 0.967821197 0.249573876 -0.0321716027 0.967821197 0.25262282 -0.025581814 0.967226593 0.25262282 -0.025581814 0.967226593 0.25262282 -0.025581814 0.967226593 0.315503496 -0.0319494167 0.948386408 0.315503496 -0.0319494167 0.948386408 0.315503496 -0.0319494167 0.948386408 0.316605468 -0.0317985283 0.948024172 0.316605468 -0.0317985283 0.948024172 0.316605468 -0.0317985283 0.948024172 0.531576511 -0.0533893202 0.845325969 0.531576511 -0.0533893202 0.845325969 0.531576511 -0.0533893202 0.845325969 0.536575859 -0.0523485215 0.842226798 0.536575859 -0.0523485215 0.842226798 0.536575859 -0.0523485215 0.842226798 0.760927311 -0.0742363245 0.644576292 0.760927311 -0.0742363245 0.644576292 0.760927311 -0.0742363245 0.644576292 0.754977438 -0.0769403309 0.651221356 0.754977438 -0.0769403309 0.651221356 0.754977438 -0.0769403309 0.651221356 0.97887476 -0.0997578791 0.178472885 0.97887476 -0.0997578791 0.178472885 0.97887476 -0.0997578791 0.178472885 -0.912473317 -0.409133957 -0.00136033513 -0.912473317 -0.409133957 -0.00136033513 -0.912473317 -0.409133957 -0.00136033513 -0.609055887 -0.745771315 0.269955684 -0.609055887 -0.745771315 0.269955684 -0.609055887 -0.745771315 0.269955684 -0.615636739 -0.74305145 0.262423222 -0.615636739 -0.74305145 0.262423222 -0.615636739 -0.74305145 0.262423222 -0.37422909 -0.844877577 0.382275382 -0.37422909 -0.844877577 0.382275382 -0.37422909 -0.844877577 0.382275382 -0.372213787 -0.84513034 0.383681645 -0.372213787 -0.84513034 0.383681645 -0.372213787 -0.84513034 0.383681645 -0.128528333 -0.876460088 0.464002351 -0.128528333 -0.876460088 0.464002351 -0.128528333 -0.876460088 0.464002351 -0.129156347 -0.876530634 0.463694603 -0.129156347 -0.876530634 0.463694603 -0.129156347 -0.876530634 0.463694603 -0.0247271867 -0.872453225 0.488071651 -0.0247271867 -0.872453225 0.488071651 -0.0247271867 -0.872453225 0.488071651 -0.0258789766 -0.876013181 0.481592344 -0.0258789766 -0.876013181 0.481592344 -0.0258789766 -0.876013181 0.481592344 -0.0279668015 -0.876255482 0.481034497 -0.0279668015 -0.876255482 0.481034497 -0.0279668015 -0.876255482 0.481034497 -0.0280115709 -0.876877711 0.479896688 -0.0280115709 -0.876877711 0.479896688 -0.0280115709 -0.876877711 0.479896688 -0.0276185461 -0.87683083 0.480005116 -0.0276185461 -0.87683083 0.480005116 -0.0276185461 -0.87683083 0.480005116 -0.0276186152 -0.876844385 0.47998035 -0.0276186152 -0.876844385 0.47998035 -0.0276186152 -0.876844385 0.47998035 -0.0258232362 -0.876640035 0.480453338 -0.0258232362 -0.876640035 0.480453338 -0.0258232362 -0.876640035 0.480453338 -0.025782063 -0.875319608 0.482856987 -0.025782063 -0.875319608 0.482856987 -0.025782063 -0.875319608 0.482856987 -0.0225664956 -0.87499125 0.483612515 -0.0225664956 -0.87499125 0.483612515 -0.0225664956 -0.87499125 0.483612515 -0.0221878767 -0.871943683 0.489103171 -0.0221878767 -0.871943683 0.489103171 -0.0221878767 -0.871943683 0.489103171 -0.0167533934 -0.871488293 0.490130062 -0.0167533934 -0.871488293 0.490130062 -0.0167533934 -0.871488293 0.490130062 -0.0157786064 -0.868078759 0.496175678 -0.0157786064 -0.868078759 0.496175678 -0.0157786064 -0.868078759 0.496175678 -0.00545252878 -0.867538292 0.497340509 -0.00545252878 -0.867538292 0.497340509 -0.00545252878 -0.867538292 0.497340509 -0.00455038156 -0.865901386 0.500194046 -0.00455038156 -0.865901386 0.500194046 -0.00455038156 -0.865901386 0.500194046 0.0144644583 -0.865819763 0.500146896 0.0144644583 -0.865819763 0.500146896 0.0144644583 -0.865819763 0.500146896 0.0129588975 -0.867614759 0.497068101 0.0129588975 -0.867614759 0.497068101 0.0129588975 -0.867614759 0.497068101 0.0265334682 -0.86822624 0.495458546 0.0265334682 -0.86822624 0.495458546 0.0265334682 -0.86822624 0.495458546 0.0233314048 -0.871478394 0.489878611 0.0233314048 -0.871478394 0.489878611 0.0233314048 -0.871478394 0.489878611 0.0323655565 -0.872158854 0.488151006 0.0323655565 -0.872158854 0.488151006 0.0323655565 -0.872158854 0.488151006 0.0292157212 -0.875084441 0.483087634 0.0292157212 -0.875084441 0.483087634 0.0292157212 -0.875084441 0.483087634 0.0344537345 -0.875587764 0.481828815 0.0344537345 -0.875587764 0.481828815 0.0344537345 -0.875587764 0.481828815 0.0337729852 -0.876185994 0.480788405 0.0337729852 -0.876185994 0.480788405 0.0337729852 -0.876185994 0.480788405 0.0366978749 -0.876497166 0.480006234 0.0366978749 -0.876497166 0.480006234 0.0366978749 -0.876497166 0.480006234 0.0352453149 -0.877721807 0.477872574 0.0352453149 -0.877721807 0.477872574 0.0352453149 -0.877721807 0.477872574 0.0358563716 -0.877791045 0.477699908 0.0358563716 -0.877791045 0.477699908 0.0358563716 -0.877791045 0.477699908 0.034949716 -0.878523596 0.476418732 0.034949716 -0.878523596 0.476418732 0.034949716 -0.878523596 0.476418732 0.0313214428 -0.87812425 0.477406293 0.0313214428 -0.87812425 0.477406293 0.0313214428 -0.87812425 0.477406293 0.036337978 -0.874283378 0.484053847 0.036337978 -0.874283378 0.484053847 0.036337978 -0.874283378 0.484053847 0.12899858 -0.877453671 0.461989633 0.12899858 -0.877453671 0.461989633 0.12899858 -0.877453671 0.461989633 0.136660815 -0.876529949 0.461539891 0.136660815 -0.876529949 0.461539891 0.136660815 -0.876529949 0.461539891 0.363161102 -0.84742589 0.387276871 0.363161102 -0.84742589 0.387276871 0.363161102 -0.84742589 0.387276871 0.359277075 -0.848835512 0.387812142 0.359277075 -0.848835512 0.387812142 0.359277075 -0.848835512 0.387812142 0.612832063 -0.744879198 0.263802659 0.612832063 -0.744879198 0.263802659 0.612832063 -0.744879198 0.263802659 0.618896043 -0.740209545 0.262787971 0.618896043 -0.740209545 0.262787971 0.618896043 -0.740209545 0.262787971 0.912818534 -0.40836543 3.58617082e-07 0.912818534 -0.40836543 3.58617082e-07 0.912818534 -0.40836543 3.58617082e-07 -0.840962836 -0.40196461 -0.362223633 -0.840962836 -0.40196461 -0.362223633 -0.840962836 -0.40196461 -0.362223633 -0.463741299 -0.726465481 -0.507140919 -0.463741299 -0.726465481 -0.507140919 -0.463741299 -0.726465481 -0.507140919 -0.456115788 -0.732339602 -0.505605672 -0.456115788 -0.732339602 -0.505605672 -0.456115788 -0.732339602 -0.505605672 -0.181974925 -0.83066611 -0.526192874 -0.181974925 -0.83066611 -0.526192874 -0.181974925 -0.83066611 -0.526192874 -0.192951943 -0.826503977 -0.52882958 -0.192951943 -0.826503977 -0.52882958 -0.192951943 -0.826503977 -0.52882958 0.0663743228 -0.857135471 -0.510796665 0.0663743228 -0.857135471 -0.510796665 0.0663743228 -0.857135471 -0.510796665 0.0646294653 -0.856910247 -0.511397948 0.0646294653 -0.856910247 -0.511397948 0.0646294653 -0.856910247 -0.511397948 0.204325262 -0.849151551 -0.487024466 0.204325262 -0.849151551 -0.487024466 0.204325262 -0.849151551 -0.487024466 0.202636806 -0.846279108 -0.492696658 0.202636806 -0.846279108 -0.492696658 0.202636806 -0.846279108 -0.492696658 0.226229433 -0.843659405 -0.486887104 0.226229433 -0.843659405 -0.486887104 0.226229433 -0.843659405 -0.486887104 0.225613326 -0.841871153 -0.490256657 0.225613326 -0.841871153 -0.490256657 0.225613326 -0.841871153 -0.490256657 0.223378763 -0.842129184 -0.490836394 0.223378763 -0.842129184 -0.490836394 0.223378763 -0.842129184 -0.490836394 0.223949081 -0.844201002 -0.487002544 0.223949081 -0.844201002 -0.487002544 0.223949081 -0.844201002 -0.487002544 0.206893291 -0.846112652 -0.491211305 0.206893291 -0.846112652 -0.491211305 0.206893291 -0.846112652 -0.491211305 0.207698799 -0.848957533 -0.485934477 0.207698799 -0.848957533 -0.485934477 0.207698799 -0.848957533 -0.485934477 0.177483343 -0.851966543 -0.492597882 0.177483343 -0.851966543 -0.492597882 0.177483343 -0.851966543 -0.492597882 0.177871732 -0.853081386 -0.490524002 0.177871732 -0.853081386 -0.490524002 0.177871732 -0.853081386 -0.490524002 0.130355614 -0.856879394 -0.49876359 0.130355614 -0.856879394 -0.49876359 0.130355614 -0.856879394 -0.49876359 0.131855256 -0.860097741 -0.492794143 0.131855256 -0.860097741 -0.492794143 0.131855256 -0.860097741 -0.492794143 0.0563615347 -0.863668949 -0.500898517 0.0563615347 -0.863668949 -0.500898517 0.0563615347 -0.863668949 -0.500898517 0.0569114362 -0.864506946 -0.499388455 0.0569114362 -0.864506946 -0.499388455 0.0569114362 -0.864506946 -0.499388455 -0.0473970591 -0.864937214 -0.499637002 -0.0473970591 -0.864937214 -0.499637002 -0.0473970591 -0.864937214 -0.499637002 -0.0481976885 -0.863900995 -0.501350231 -0.0481976885 -0.863900995 -0.501350231 -0.0481976885 -0.863900995 -0.501350231 -0.120915377 -0.861051782 -0.493932485 -0.120915377 -0.861051782 -0.493932485 -0.120915377 -0.861051782 -0.493932485 -0.123878605 -0.85711066 -0.500015408 -0.123878605 -0.85711066 -0.500015408 -0.123878605 -0.85711066 -0.500015408 -0.168624286 -0.8538963 -0.492368723 -0.168624286 -0.8538963 -0.492368723 -0.168624286 -0.8538963 -0.492368723 -0.170259703 -0.851656004 -0.495674978 -0.170259703 -0.851656004 -0.495674978 -0.170259703 -0.851656004 -0.495674978 -0.19863806 -0.84901468 -0.489609021 -0.19863806 -0.84901468 -0.489609021 -0.19863806 -0.84901468 -0.489609021 -0.200935757 -0.845799662 -0.494214279 -0.200935757 -0.845799662 -0.494214279 -0.200935757 -0.845799662 -0.494214279 -0.215370632 -0.844298898 -0.490688151 -0.215370632 -0.844298898 -0.490688151 -0.215370632 -0.844298898 -0.490688151 -0.216388332 -0.842872368 -0.492688808 -0.216388332 -0.842872368 -0.492688808 -0.216388332 -0.842872368 -0.492688808 -0.218247434 -0.842668305 -0.49221762 -0.218247434 -0.842668305 -0.49221762 -0.218247434 -0.842668305 -0.49221762 -0.216888684 -0.844506988 -0.489660338 -0.216888684 -0.844506988 -0.489660338 -0.216888684 -0.844506988 -0.489660338 -0.197593699 -0.846526617 -0.494317122 -0.197593699 -0.846526617 -0.494317122 -0.197593699 -0.846526617 -0.494317122 -0.192580732 -0.852576917 -0.485824311 -0.192580732 -0.852576917 -0.485824311 -0.192580732 -0.852576917 -0.485824311 -0.0536084002 -0.859134744 -0.508933818 -0.0536084002 -0.859134744 -0.508933818 -0.0536084002 -0.859134744 -0.508933818 -0.0735401869 -0.856934867 -0.510151424 -0.0735401869 -0.856934867 -0.510151424 -0.0735401869 -0.856934867 -0.510151424 0.180045164 -0.82962081 -0.528500758 0.180045164 -0.82962081 -0.528500758 0.180045164 -0.82962081 -0.528500758 0.190614625 -0.828725353 -0.526194217 0.190614625 -0.828725353 -0.526194217 0.190614625 -0.828725353 -0.526194217 0.457722552 -0.73139747 -0.505517364 0.457722552 -0.73139747 -0.505517364 0.457722552 -0.73139747 -0.505517364 0.454555522 -0.732276905 -0.50709941 0.454555522 -0.732276905 -0.50709941 0.454555522 -0.732276905 -0.50709941 0.842003925 -0.400465842 -0.361464383 0.842003925 -0.400465842 -0.361464383 0.842003925 -0.400465842 -0.361464383 -0.837080204 -0.0841079384 -0.540576162 -0.837080204 -0.0841079384 -0.540576162 -0.837080204 -0.0841079384 -0.540576162 -0.446680199 -0.0448814229 -0.893567265 -0.446680199 -0.0448814229 -0.893567265 -0.446680199 -0.0448814229 -0.893567265 -0.448803608 -0.0442254328 -0.892535396 -0.448803608 -0.0442254328 -0.892535396 -0.448803608 -0.0442254328 -0.892535396 -0.182608488 -0.0179943727 -0.983021029 -0.182608488 -0.0179943727 -0.983021029 -0.182608488 -0.0179943727 -0.983021029 -0.180696343 -0.0183058603 -0.983368561 -0.180696343 -0.0183058603 -0.983368561 -0.180696343 -0.0183058603 -0.983368561 0.0827951018 0.008387749 -0.996531292 0.0827951018 0.008387749 -0.996531292 0.0827951018 0.008387749 -0.996531292 0.0828101134 0.00838583751 -0.996530061 0.0828101134 0.00838583751 -0.996530061 0.0828101134 0.00838583751 -0.996530061 0.216425558 0.0219165207 -0.976053095 0.216425558 0.0219165207 -0.976053095 0.216425558 0.0219165207 -0.976053095 0.213324942 0.0273993322 -0.976597023 0.213324942 0.0273993322 -0.976597023 0.213324942 0.0273993322 -0.976597023 0.238981329 0.0306946237 -0.970538904 0.238981329 0.0306946237 -0.970538904 0.238981329 0.0306946237 -0.970538904 0.238069463 0.0326051843 -0.970700692 0.238069463 0.0326051843 -0.970700692 0.238069463 0.0326051843 -0.970700692 0.234921219 0.0321740115 -0.971481783 0.234921219 0.0321740115 -0.971481783 0.234921219 0.0321740115 -0.971481783 0.235822053 0.030118597 -0.971329413 0.235822053 0.030118597 -0.971329413 0.235822053 0.030118597 -0.971329413 0.218871251 0.0279536834 -0.975353252 0.218871251 0.0279536834 -0.975353252 0.218871251 0.0279536834 -0.975353252 0.21997724 0.0253171231 -0.975176424 0.21997724 0.0253171231 -0.975176424 0.21997724 0.0253171231 -0.975176424 0.187601599 0.0215910191 -0.982007876 0.187601599 0.0215910191 -0.982007876 0.187601599 0.0215910191 -0.982007876 0.189444878 0.0170962899 -0.98174251 0.189444878 0.0170962899 -0.98174251 0.189444878 0.0170962899 -0.98174251 0.139661503 0.0126036321 -0.99011909 0.139661503 0.0126036321 -0.99011909 0.139661503 0.0126036321 -0.99011909 0.141505384 0.0080286783 -0.989904928 0.141505384 0.0080286783 -0.989904928 0.141505384 0.0080286783 -0.989904928 0.060162843 0.00341349636 -0.998182739 0.060162843 0.00341349636 -0.998182739 0.060162843 0.00341349636 -0.998182739 0.0615152241 0 -0.998106145 0.0615152241 0 -0.998106145 0.0615152241 0 -0.998106145 -0.0517572146 0 -0.998659697 -0.0517572146 0 -0.998659697 -0.0517572146 0 -0.998659697 -0.0527143193 0.00294995256 -0.998605277 -0.0527143193 0.00294995256 -0.998605277 -0.0527143193 0.00294995256 -0.998605277 -0.130725735 0.00731555908 -0.99139158 -0.130725735 0.00731555908 -0.99139158 -0.130725735 0.00731555908 -0.99139158 -0.131787223 0.0119806262 -0.991205626 -0.131787223 0.0119806262 -0.991205626 -0.131787223 0.0119806262 -0.991205626 -0.180589997 0.0164172308 -0.98342144 -0.180589997 0.0164172308 -0.98342144 -0.180589997 0.0164172308 -0.98342144 -0.181277862 0.0205997571 -0.983216144 -0.181277862 0.0205997571 -0.983216144 -0.181277862 0.0205997571 -0.983216144 -0.210738464 0.0239475527 -0.977249106 -0.210738464 0.0239475527 -0.977249106 -0.210738464 0.0239475527 -0.977249106 -0.211161052 0.0273111854 -0.977069654 -0.211161052 0.0273111854 -0.977069654 -0.211161052 0.0273111854 -0.977069654 -0.227865374 0.0294716918 -0.973246521 -0.227865374 0.0294716918 -0.973246521 -0.227865374 0.0294716918 -0.973246521 -0.227979002 0.0305040726 -0.973188099 -0.227979002 0.0305040726 -0.973188099 -0.227979002 0.0305040726 -0.973188099 -0.229900469 0.0307611689 -0.972727878 -0.229900469 0.0307611689 -0.972727878 -0.229900469 0.0307611689 -0.972727878 -0.229775613 0.0297360765 -0.972789254 -0.229775613 0.0297360765 -0.972789254 -0.229775613 0.0297360765 -0.972789254 -0.208547038 0.0269888113 -0.977639881 -0.208547038 0.0269888113 -0.977639881 -0.208547038 0.0269888113 -0.977639881 -0.207220794 0.020109861 -0.978087489 -0.207220794 0.020109861 -0.978087489 -0.207220794 0.020109861 -0.978087489 -0.0727005838 0.00705526993 -0.997328857 -0.0727005838 0.00705526993 -0.997328857 -0.0727005838 0.00705526993 -0.997328857 -0.0737335217 0.00740548637 -0.997250483 -0.0737335217 0.00740548637 -0.997250483 -0.0737335217 0.00740548637 -0.997250483 0.173340398 -0.0174095842 -0.984708085 0.173340398 -0.0174095842 -0.984708085 0.173340398 -0.0174095842 -0.984708085 0.174598345 -0.0178855461 -0.984477285 0.174598345 -0.0178855461 -0.984477285 0.174598345 -0.0178855461 -0.984477285 0.452134124 -0.0463158214 -0.890746641 0.452134124 -0.0463158214 -0.890746641 0.452134124 -0.0463158214 -0.890746641 0.451597613 -0.0460227314 -0.891033952 0.451597613 -0.0460227314 -0.891033952 0.451597613 -0.0460227314 -0.891033952 0.837950942 -0.0853963573 -0.539022895 0.837950942 -0.0853963573 -0.539022895 0.837950942 -0.0853963573 -0.539022895 -0.904038766 0.228497215 -0.361251895 -0.904038766 0.228497215 -0.361251895 -0.904038766 0.228497215 -0.361251895 -0.598637013 0.621958918 -0.504778001 -0.598637013 0.621958918 -0.504778001 -0.598637013 0.621958918 -0.504778001 -0.589361315 0.626680907 -0.509827697 -0.589361315 0.626680907 -0.509827697 -0.589361315 0.626680907 -0.509827697 -0.341088753 0.776281902 -0.530136653 -0.341088753 0.776281902 -0.530136653 -0.341088753 0.776281902 -0.530136653 -0.354942755 0.772210944 -0.526978082 -0.354942755 0.772210944 -0.526978082 -0.354942755 0.772210944 -0.526978082 -0.106943298 0.85373375 -0.509609473 -0.106943298 0.85373375 -0.509609473 -0.106943298 0.85373375 -0.509609473 -0.101280696 0.854224476 -0.509943884 -0.101280696 0.854224476 -0.509943884 -0.101280696 0.854224476 -0.509943884 -0.000115746365 0.870009245 -0.493035395 -0.000115746365 0.870009245 -0.493035395 -0.000115746365 0.870009245 -0.493035395 -0.00359207622 0.872152407 -0.489221092 -0.00359207622 0.872152407 -0.489221092 -0.00359207622 0.872152407 -0.489221092 -0.00253988719 0.872304378 -0.488956666 -0.00253988719 0.872304378 -0.488956666 -0.00253988719 0.872304378 -0.488956666 -0.00227363534 0.87211944 -0.489287761 -0.00227363534 0.87211944 -0.489287761 -0.00227363534 0.87211944 -0.489287761 -0.00248364132 0.872088196 -0.489342427 -0.00248364132 0.872088196 -0.489342427 -0.00248364132 0.872088196 -0.489342427 -0.00277328174 0.872306079 -0.488952364 -0.00277328174 0.872306079 -0.488952364 -0.00277328174 0.872306079 -0.488952364 -0.00253165689 0.872340451 -0.488892348 -0.00253165689 0.872340451 -0.488892348 -0.00253165689 0.872340451 -0.488892348 -0.00106442576 0.871161643 -0.490995171 -0.00106442576 0.871161643 -0.490995171 -0.00106442576 0.871161643 -0.490995171 -0.00138123671 0.871121705 -0.491065238 -0.00138123671 0.871121705 -0.491065238 -0.00138123671 0.871121705 -0.491065238 3.62592491e-06 0.86991619 -0.493199576 3.62592491e-06 0.86991619 -0.493199576 3.62592491e-06 0.86991619 -0.493199576 0.000356191848 0.869951471 -0.493137213 0.000356191848 0.869951471 -0.493137213 0.000356191848 0.869951471 -0.493137213 0.00298601529 0.867395069 -0.497611172 0.00298601529 0.867395069 -0.497611172 0.00298601529 0.867395069 -0.497611172 0.00314392955 0.867404384 -0.497593962 0.00314392955 0.867404384 -0.497593962 0.00314392955 0.867404384 -0.497593962 0.00442776746 0.865902148 -0.500193827 0.00442776746 0.865902148 -0.500193827 0.00442776746 0.865902148 -0.500193827 0.00581965468 0.865895973 -0.50019026 0.00581965468 0.865895973 -0.50019026 0.00581965468 0.865895973 -0.50019026 0.00453394433 0.868254794 -0.496097829 0.00453394433 0.868254794 -0.496097829 0.00453394433 0.868254794 -0.496097829 0.00696422813 0.868091753 -0.496354921 0.00696422813 0.868091753 -0.496354921 0.00696422813 0.868091753 -0.496354921 0.00681126511 0.868673148 -0.495338843 0.00681126511 0.868673148 -0.495338843 0.00681126511 0.868673148 -0.495338843 0.00864145799 0.868476328 -0.495655316 0.00864145799 0.868476328 -0.495655316 0.00864145799 0.868476328 -0.495655316 0.00850132487 0.870164927 -0.492687251 0.00850132487 0.870164927 -0.492687251 0.00850132487 0.870164927 -0.492687251 0.00943213441 0.870040422 -0.49289015 0.00943213441 0.870040422 -0.49289015 0.00943213441 0.870040422 -0.49289015 0.00942685094 0.869862334 -0.493204476 0.00942685094 0.869862334 -0.493204476 0.00942685094 0.869862334 -0.493204476 0.0100972875 0.869762017 -0.493368097 0.0100972875 0.869762017 -0.493368097 0.0100972875 0.869762017 -0.493368097 0.0103034308 0.872241362 -0.488967121 0.0103034308 0.872241362 -0.488967121 0.0103034308 0.872241362 -0.488967121 0.0114332455 0.872062927 -0.489260189 0.0114332455 0.872062927 -0.489260189 0.0114332455 0.872062927 -0.489260189 0.0113582691 0.870761827 -0.491573829 0.0113582691 0.870761827 -0.491573829 0.0113582691 0.870761827 -0.491573829 0.00934647202 0.871067466 -0.491074447 0.00934647202 0.871067466 -0.491074447 0.00934647202 0.871067466 -0.491074447 0.00960350253 0.868986078 -0.494743337 0.00960350253 0.868986078 -0.494743337 0.00960350253 0.868986078 -0.494743337 0.105374288 0.853421638 -0.51045839 0.105374288 0.853421638 -0.51045839 0.105374288 0.853421638 -0.51045839 0.104498062 0.853718746 -0.510141605 0.104498062 0.853718746 -0.510141605 0.104498062 0.853718746 -0.510141605 0.344768148 0.776365453 -0.527628284 0.344768148 0.776365453 -0.527628284 0.344768148 0.776365453 -0.527628284 0.349300471 0.77352763 -0.528813943 0.349300471 0.77352763 -0.528813943 0.349300471 0.77352763 -0.528813943 0.596756256 0.622534834 -0.506292753 0.596756256 0.622534834 -0.506292753 0.596756256 0.622534834 -0.506292753 0.593927242 0.625778802 -0.505619741 0.593927242 0.625778802 -0.505619741 0.593927242 0.625778802 -0.505619741 0.904722404 0.228814174 -0.359334727 0.904722404 0.228814174 -0.359334727 0.904722404 0.228814174 -0.359334727 -0.991997818 0.126255018 1.65715287e-07 -0.991997818 0.126255018 1.65715287e-07 -0.991997818 0.126255018 1.65715287e-07 -0.803169026 0.533539926 0.265055962 -0.803169026 0.533539926 0.265055962 -0.803169026 0.533539926 0.265055962 -0.80524266 0.530632732 0.264600006 -0.80524266 0.530632732 0.264600006 -0.80524266 0.530632732 0.264600006 -0.593994717 0.70472575 0.387984399 -0.593994717 0.70472575 0.387984399 -0.593994717 0.70472575 0.387984399 -0.597220198 0.702289781 0.387449479 -0.597220198 0.702289781 0.387449479 -0.597220198 0.702289781 0.387449479 -0.390193465 0.796694749 0.461547979 -0.390193465 0.796694749 0.461547979 -0.390193465 0.796694749 0.461547979 -0.383059324 0.799893256 0.461991702 -0.383059324 0.799893256 0.461991702 -0.383059324 0.799893256 0.461991702 -0.320962998 0.817738656 0.477793098 -0.320962998 0.817738656 0.477793098 -0.320962998 0.817738656 0.477793098 -0.326988346 0.809963132 0.48686584 -0.326988346 0.809963132 0.48686584 -0.326988346 0.809963132 0.48686584 -0.358116991 0.801659416 0.478638069 -0.358116991 0.801659416 0.478638069 -0.358116991 0.801659416 0.478638069 -0.358606809 0.800866761 0.479597319 -0.358606809 0.800866761 0.479597319 -0.358606809 0.800866761 0.479597319 -0.354938895 0.801894608 0.480607344 -0.354938895 0.801894608 0.480607344 -0.354938895 0.801894608 0.480607344 -0.354311583 0.802994031 0.479232603 -0.354311583 0.802994031 0.479232603 -0.354311583 0.802994031 0.479232603 -0.331715497 0.809044747 0.485192154 -0.331715497 0.809044747 0.485192154 -0.331715497 0.809044747 0.485192154 -0.330087849 0.81193724 0.481456052 -0.330087849 0.81193724 0.481456052 -0.330087849 0.81193724 0.481456052 -0.28538256 0.82255843 0.49188863 -0.28538256 0.82255843 0.49188863 -0.28538256 0.82255843 0.49188863 -0.282267586 0.82790687 0.484659906 -0.282267586 0.82790687 0.484659906 -0.282267586 0.82790687 0.484659906 -0.209605529 0.841420066 0.498074085 -0.209605529 0.841420066 0.498074085 -0.209605529 0.841420066 0.498074085 -0.206504959 0.846409992 0.49086233 -0.206504959 0.846409992 0.49086233 -0.206504959 0.846409992 0.49086233 -0.0848337881 0.859545453 0.503969089 -0.0848337881 0.859545453 0.503969089 -0.0848337881 0.859545453 0.503969089 -0.0825368372 0.862956126 0.498492121 -0.0825368372 0.862956126 0.498492121 -0.0825368372 0.862956126 0.498492121 0.093110759 0.862148874 0.498025807 0.093110759 0.862148874 0.498025807 0.093110759 0.862148874 0.498025807 0.0909922833 0.858834737 0.504106436 0.0909922833 0.858834737 0.504106436 0.0909922833 0.858834737 0.504106436 0.21705001 0.844522618 0.489561887 0.21705001 0.844522618 0.489561887 0.21705001 0.844522618 0.489561887 0.215211741 0.840911802 0.496539271 0.215211741 0.840911802 0.496539271 0.215211741 0.840911802 0.496539271 0.292115759 0.826089247 0.48191798 0.292115759 0.826089247 0.48191798 0.292115759 0.826089247 0.48191798 0.290778079 0.822777319 0.488349866 0.290778079 0.822777319 0.488349866 0.290778079 0.822777319 0.488349866 0.33868453 0.811085126 0.476900101 0.33868453 0.811085126 0.476900101 0.33868453 0.811085126 0.476900101 0.3373216 0.807035746 0.484672511 0.3373216 0.807035746 0.484672511 0.3373216 0.807035746 0.484672511 0.36245014 0.800135794 0.477925315 0.36245014 0.800135794 0.477925315 0.36245014 0.800135794 0.477925315 0.362189055 0.799305658 0.479509701 0.362189055 0.799305658 0.479509701 0.362189055 0.799305658 0.479509701 0.365703193 0.798295335 0.478524538 0.365703193 0.798295335 0.478524538 0.365703193 0.798295335 0.478524538 0.366256192 0.799888701 0.475430824 0.366256192 0.799888701 0.475430824 0.366256192 0.799888701 0.475430824 0.33166433 0.809297671 0.484805169 0.33166433 0.809297671 0.484805169 0.33166433 0.809297671 0.484805169 0.333387362 0.81258363 0.478080235 0.333387362 0.81258363 0.478080235 0.333387362 0.81258363 0.478080235 0.368240018 0.80258936 0.469307584 0.368240018 0.80258936 0.469307584 0.368240018 0.80258936 0.469307584 0.388609169 0.798766163 0.459298955 0.388609169 0.798766163 0.459298955 0.388609169 0.798766163 0.459298955 0.604695124 0.699033654 0.381701135 0.604695124 0.699033654 0.381701135 0.604695124 0.699033654 0.381701135 0.601326012 0.700551492 0.384232526 0.601326012 0.700551492 0.384232526 0.601326012 0.700551492 0.384232526 0.801433981 0.535495451 0.266361027 0.801433981 0.535495451 0.266361027 0.801433981 0.535495451 0.266361027 0.802036372 0.535000639 0.265540907 0.802036372 0.535000639 0.265540907 0.802036372 0.535000639 0.265540907 0.991966993 0.126458925 -0.00310230644 0.991966993 0.126458925 -0.00310230644 0.991966993 0.126458925 -0.00310230644 -0.964844634 -0.192033583 0.179437831 -0.964844634 -0.192033583 0.179437831 -0.964844634 -0.192033583 0.179437831 -0.740910442 -0.147463832 0.655214572 -0.740910442 -0.147463832 0.655214572 -0.740910442 -0.147463832 0.655214572 -0.741975259 -0.148395857 0.653797663 -0.741975259 -0.148395857 0.653797663 -0.741975259 -0.148395857 0.653797663 -0.528190853 -0.105638744 0.842528859 -0.528190853 -0.105638744 0.842528859 -0.528190853 -0.105638744 0.842528859 -0.527170841 -0.10508407 0.843236765 -0.527170841 -0.10508407 0.843236765 -0.527170841 -0.10508407 0.843236765 -0.309188897 -0.0616324448 0.949001406 -0.309188897 -0.0616324448 0.949001406 -0.309188897 -0.0616324448 0.949001406 -0.312191024 -0.0630386519 0.947925574 -0.312191024 -0.0630386519 0.947925574 -0.312191024 -0.0630386519 0.947925574 -0.231980006 -0.0468421759 0.971592038 -0.231980006 -0.0468421759 0.971592038 -0.231980006 -0.0468421759 0.971592038 -0.234418937 -0.0609929418 0.970220399 -0.234418937 -0.0609929418 0.970220399 -0.234418937 -0.0609929418 0.970220399 -0.256328614 -0.066693572 0.964286062 -0.256328614 -0.066693572 0.964286062 -0.256328614 -0.066693572 0.964286062 -0.256410547 -0.0684773681 0.964139244 -0.256410547 -0.0684773681 0.964139244 -0.256410547 -0.0684773681 0.964139244 -0.253518915 -0.0677051248 0.964958121 -0.253518915 -0.0677051248 0.964958121 -0.253518915 -0.0677051248 0.964958121 -0.25347842 -0.064958383 0.965157551 -0.25347842 -0.064958383 0.965157551 -0.25347842 -0.064958383 0.965157551 -0.23746054 -0.0608535144 0.969489217 -0.23746054 -0.0608535144 0.969489217 -0.23746054 -0.0608535144 0.969489217 -0.237272054 -0.0537569686 0.969954721 -0.237272054 -0.0537569686 0.969954721 -0.237272054 -0.0537569686 0.969954721 -0.206110354 -0.0466968936 0.977413895 -0.206110354 -0.0466968936 0.977413895 -0.206110354 -0.0466968936 0.977413895 -0.205465691 -0.0375187035 0.977944884 -0.205465691 -0.0375187035 0.977944884 -0.205465691 -0.0375187035 0.977944884 -0.153140075 -0.0279638758 0.987808756 -0.153140075 -0.0279638758 0.987808756 -0.153140075 -0.0279638758 0.987808756 -0.151529036 -0.0169466859 0.988307524 -0.151529036 -0.0169466859 0.988307524 -0.151529036 -0.0169466859 0.988307524 -0.0624960109 -0.00698942126 0.99802074 -0.0624960109 -0.00698942126 0.99802074 -0.0624960109 -0.00698942126 0.99802074 -0.0606138727 0 0.998161289 -0.0606138727 0 0.998161289 -0.0606138727 0 0.998161289 0.0718856132 0 0.997412883 0.0718856132 0 0.997412883 0.0718856132 0 0.997412883 0.068763005 -0.00774795928 0.997602936 0.068763005 -0.00774795928 0.997602936 0.068763005 -0.00774795928 0.997602936 0.162280303 -0.0182851401 0.986575267 0.162280303 -0.0182851401 0.986575267 0.162280303 -0.0182851401 0.986575267 0.15732421 -0.0289617382 0.987122237 0.15732421 -0.0289617382 0.987122237 0.15732421 -0.0289617382 0.987122237 0.215649563 -0.0396988245 0.975663502 0.215649563 -0.0396988245 0.975663502 0.215649563 -0.0396988245 0.975663502 0.211402172 -0.0482681873 0.976206589 0.211402172 -0.0482681873 0.976206589 0.211402172 -0.0482681873 0.976206589 0.246798928 -0.0563501158 0.967426976 0.246798928 -0.0563501158 0.967426976 0.246798928 -0.0563501158 0.967426976 0.243451609 -0.0628261598 0.967876122 0.243451609 -0.0628261598 0.967876122 0.243451609 -0.0628261598 0.967876122 0.261148225 -0.0673930239 0.962943293 0.261148225 -0.0673930239 0.962943293 0.261148225 -0.0673930239 0.962943293 0.259925201 -0.0696897103 0.963110707 0.259925201 -0.0696897103 0.963110707 0.259925201 -0.0696897103 0.963110707 0.263852599 -0.0707427024 0.96196532 0.263852599 -0.0707427024 0.96196532 0.263852599 -0.0707427024 0.96196532 0.26489108 -0.068871598 0.961815689 0.26489108 -0.068871598 0.961815689 0.26489108 -0.068871598 0.961815689 0.23788758 -0.0618506965 0.969321407 0.23788758 -0.0618506965 0.969321407 0.23788758 -0.0618506965 0.969321407 0.245326562 -0.0494864605 0.96817662 0.245326562 -0.0494864605 0.96817662 0.245326562 -0.0494864605 0.96817662 0.307934896 -0.0621156062 0.94937756 0.307934896 -0.0621156062 0.94937756 0.307934896 -0.0621156062 0.94937756 0.306755794 -0.0621620747 0.949756158 0.306755794 -0.0621620747 0.949756158 0.306755794 -0.0621620747 0.949756158 0.528542539 -0.107105722 0.842123001 0.528542539 -0.107105722 0.842123001 0.528542539 -0.107105722 0.842123001 0.527976258 -0.107163959 0.842470746 0.527976258 -0.107163959 0.842470746 0.527976258 -0.107163959 0.842470746 0.73458897 -0.149100383 0.66192758 0.73458897 -0.149100383 0.66192758 0.73458897 -0.149100383 0.66192758 0.73691703 -0.148340411 0.659506189 0.73691703 -0.148340411 0.659506189 0.73691703 -0.148340411 0.659506189 0.964961996 -0.194245557 0.176400143 0.964961996 -0.194245557 0.176400143 0.964961996 -0.194245557 0.176400143 -0.867686304 -0.497112138 1.1388766e-06 -0.867686304 -0.497112138 1.1388766e-06 -0.867686304 -0.497112138 1.1388766e-06 -0.534554956 -0.802189242 0.265976352 -0.534554956 -0.802189242 0.265976352 -0.534554956 -0.802189242 0.265976352 -0.532169996 -0.802904091 0.268589122 -0.532169996 -0.802904091 0.268589122 -0.532169996 -0.802904091 0.268589122 -0.28278063 -0.878156602 0.385844654 -0.28278063 -0.878156602 0.385844654 -0.28278063 -0.878156602 0.385844654 -0.280552213 -0.878202589 0.387363742 -0.280552213 -0.878202589 0.387363742 -0.280552213 -0.878202589 0.387363742 -0.0418220625 -0.884421191 0.464811867 -0.0418220625 -0.884421191 0.464811867 -0.0418220625 -0.884421191 0.464811867 -0.0506996282 -0.886274653 0.460376789 -0.0506996282 -0.886274653 0.460376789 -0.0506996282 -0.886274653 0.460376789 0.0781451527 -0.868089407 0.490218437 0.0781451527 -0.868089407 0.490218437 0.0781451527 -0.868089407 0.490218437 0.0771418661 -0.873352488 0.480941331 0.0771418661 -0.873352488 0.480941331 0.0771418661 -0.873352488 0.480941331 0.0871497083 -0.870940688 0.483598229 0.0871497083 -0.870940688 0.483598229 0.0871497083 -0.870940688 0.483598229 0.0872846204 -0.873160289 0.479554485 0.0872846204 -0.873160289 0.479554485 0.0872846204 -0.873160289 0.479554485 0.0872723334 -0.873163396 0.479551064 0.0872723334 -0.873163396 0.479551064 0.0872723334 -0.873163396 0.479551064 0.0871651605 -0.872300654 0.481138029 0.0871651605 -0.872300654 0.481138029 0.0871651605 -0.872300654 0.481138029 0.0795678279 -0.874130168 0.479129847 0.0795678279 -0.874130168 0.479129847 0.0795678279 -0.874130168 0.479129847 0.0792137852 -0.870166448 0.486349185 0.0792137852 -0.870166448 0.486349185 0.0792137852 -0.870166448 0.486349185 0.0672728686 -0.872737565 0.48353232 0.0672728686 -0.872737565 0.48353232 0.0672728686 -0.872737565 0.48353232 0.0673611983 -0.868278915 0.491481633 0.0673611983 -0.868278915 0.491481633 0.0673611983 -0.868278915 0.491481633 0.04790354 -0.871630386 0.487817303 0.04790354 -0.871630386 0.487817303 0.04790354 -0.871630386 0.487817303 0.0491697133 -0.865512382 0.498468311 0.0491697133 -0.865512382 0.498468311 0.0491697133 -0.865512382 0.498468311 0.0216156046 -0.868458275 0.495290814 0.0216156046 -0.868458275 0.495290814 0.0216156046 -0.868458275 0.495290814 0.0231899912 -0.865422292 0.500506225 0.0231899912 -0.865422292 0.500506225 0.0231899912 -0.865422292 0.500506225 -0.0121012346 -0.865591702 0.500604201 -0.0121012346 -0.865591702 0.500604201 -0.0121012346 -0.865591702 0.500604201 -0.0150311281 -0.868824263 0.494892377 -0.0150311281 -0.868824263 0.494892377 -0.0150311281 -0.868824263 0.494892377 -0.0374601526 -0.866610334 0.497577396 -0.0374601526 -0.866610334 0.497577396 -0.0374601526 -0.866610334 0.497577396 -0.0434699284 -0.871865102 0.487813089 -0.0434699284 -0.871865102 0.487813089 -0.0434699284 -0.871865102 0.487813089 -0.0564536909 -0.869721739 0.490303046 -0.0564536909 -0.869721739 0.490303046 -0.0564536909 -0.869721739 0.490303046 -0.060728411 -0.872991267 0.483940398 -0.060728411 -0.872991267 0.483940398 -0.060728411 -0.872991267 0.483940398 -0.0687744699 -0.871320508 0.485871016 -0.0687744699 -0.871320508 0.485871016 -0.0687744699 -0.871320508 0.485871016 -0.074453554 -0.875296485 0.477820815 -0.074453554 -0.875296485 0.477820815 -0.074453554 -0.875296485 0.477820815 -0.0784732946 -0.874358484 0.478893708 -0.0784732946 -0.874358484 0.478893708 -0.0784732946 -0.874358484 0.478893708 -0.0805384779 -0.875717867 0.47605858 -0.0805384779 -0.875717867 0.47605858 -0.0805384779 -0.875717867 0.47605858 -0.0819520855 -0.875369843 0.476457233 -0.0819520855 -0.875369843 0.476457233 -0.0819520855 -0.875369843 0.476457233 -0.079189412 -0.873626808 0.480109609 -0.079189412 -0.873626808 0.480109609 -0.079189412 -0.873626808 0.480109609 -0.0731223373 -0.875060214 0.478458719 -0.0731223373 -0.875060214 0.478458719 -0.0731223373 -0.875060214 0.478458719 -0.0646011708 -0.869791828 0.489171611 -0.0646011708 -0.869791828 0.489171611 -0.0646011708 -0.869791828 0.489171611 0.0460837851 -0.884958923 0.463383199 0.0460837851 -0.884958923 0.463383199 0.0460837851 -0.884958923 0.463383199 0.0331904643 -0.885187836 0.464048367 0.0331904643 -0.885187836 0.464048367 0.0331904643 -0.885187836 0.464048367 0.273583263 -0.880210005 0.387791885 0.273583263 -0.880210005 0.387791885 0.273583263 -0.880210005 0.387791885 0.29145114 -0.875532432 0.38535593 0.29145114 -0.875532432 0.38535593 0.29145114 -0.875532432 0.38535593 0.540726076 -0.797931055 0.266310613 0.540726076 -0.797931055 0.266310613 0.540726076 -0.797931055 0.266310613 0.526400042 -0.806734738 0.268481022 0.526400042 -0.806734738 0.268481022 0.526400042 -0.806734738 0.268481022 0.866279361 -0.499550241 -0.00310245925 0.866279361 -0.499550241 -0.00310245925 0.866279361 -0.499550241 -0.00310245925 -0.797452246 -0.483221659 -0.361340203 -0.797452246 -0.483221659 -0.361340203 -0.797452246 -0.483221659 -0.361340203 -0.390237045 -0.769186381 -0.506030987 -0.390237045 -0.769186381 -0.506030987 -0.390237045 -0.769186381 -0.506030987 -0.384851328 -0.772555382 -0.505022413 -0.384851328 -0.772555382 -0.505022413 -0.384851328 -0.772555382 -0.505022413 -0.106774989 -0.843102589 -0.527045658 -0.106774989 -0.843102589 -0.527045658 -0.106774989 -0.843102589 -0.527045658 -0.104233687 -0.843783309 -0.526464687 -0.104233687 -0.843783309 -0.526464687 -0.104233687 -0.843783309 -0.526464687 0.148406975 -0.847571682 -0.509507227 0.148406975 -0.847571682 -0.509507227 0.148406975 -0.847571682 -0.509507227 0.148232926 -0.847566575 -0.509566385 0.148232926 -0.847566575 -0.509566385 0.148232926 -0.847566575 -0.509566385 0.300299341 -0.822801189 -0.482512705 0.300299341 -0.822801189 -0.482512705 0.300299341 -0.822801189 -0.482512705 0.295345384 -0.816116518 -0.496714136 0.295345384 -0.816116518 -0.496714136 0.295345384 -0.816116518 -0.496714136 0.328421233 -0.808332812 -0.488607777 0.328421233 -0.808332812 -0.488607777 0.328421233 -0.808332812 -0.488607777 0.328357798 -0.808203595 -0.488864096 0.328357798 -0.808203595 -0.488864096 0.328357798 -0.808203595 -0.488864096 0.326073127 -0.808773651 -0.489450198 0.326073127 -0.808773651 -0.489450198 0.326073127 -0.808773651 -0.489450198 0.326713826 -0.810313793 -0.486466477 0.326713826 -0.810313793 -0.486466477 0.326713826 -0.810313793 -0.486466477 0.302216304 -0.81616848 -0.492477733 0.302216304 -0.81616848 -0.492477733 0.302216304 -0.81616848 -0.492477733 0.3036933 -0.819743068 -0.485583857 0.3036933 -0.819743068 -0.485583857 0.3036933 -0.819743068 -0.485583857 0.26097123 -0.828798945 -0.494960934 0.26097123 -0.828798945 -0.494960934 0.26097123 -0.828798945 -0.494960934 0.262490699 -0.832079548 -0.488612586 0.262490699 -0.832079548 -0.488612586 0.262490699 -0.832079548 -0.488612586 0.192546832 -0.843881182 -0.500789645 0.192546832 -0.843881182 -0.500789645 0.192546832 -0.843881182 -0.500789645 0.194972335 -0.84822527 -0.492442565 0.194972335 -0.84822527 -0.492442565 0.194972335 -0.84822527 -0.492442565 0.082790589 -0.859653821 -0.504124019 0.082790589 -0.859653821 -0.504124019 0.082790589 -0.859653821 -0.504124019 0.0848349537 -0.862534452 -0.498835995 0.0848349537 -0.862534452 -0.498835995 0.0848349537 -0.862534452 -0.498835995 -0.0736629852 -0.863303304 -0.499280652 -0.0736629852 -0.863303304 -0.499280652 -0.0736629852 -0.863303304 -0.499280652 -0.075989735 -0.860130241 -0.504382325 -0.075989735 -0.860130241 -0.504382325 -0.075989735 -0.860130241 -0.504382325 -0.184123246 -0.850018607 -0.493525073 -0.184123246 -0.850018607 -0.493525073 -0.184123246 -0.850018607 -0.493525073 -0.187572501 -0.844643987 -0.501391157 -0.187572501 -0.844643987 -0.501391157 -0.187572501 -0.844643987 -0.501391157 -0.251677235 -0.834252024 -0.490593651 -0.251677235 -0.834252024 -0.490593651 -0.251677235 -0.834252024 -0.490593651 -0.254826763 -0.828801889 -0.498147317 -0.254826763 -0.828801889 -0.498147317 -0.254826763 -0.828801889 -0.498147317 -0.294386058 -0.820660204 -0.489748587 -0.294386058 -0.820660204 -0.489748587 -0.294386058 -0.820660204 -0.489748587 -0.296416039 -0.816901711 -0.494781899 -0.296416039 -0.816901711 -0.494781899 -0.296416039 -0.816901711 -0.494781899 -0.318395734 -0.811807593 -0.48948196 -0.318395734 -0.811807593 -0.48948196 -0.318395734 -0.811807593 -0.48948196 -0.318635404 -0.811352058 -0.49008093 -0.318635404 -0.811352058 -0.49008093 -0.318635404 -0.811352058 -0.49008093 -0.320634752 -0.810867607 -0.489578472 -0.320634752 -0.810867607 -0.489578472 -0.320634752 -0.810867607 -0.489578472 -0.321327136 -0.809590741 -0.491234875 -0.321327136 -0.809590741 -0.491234875 -0.321327136 -0.809590741 -0.491234875 -0.293759793 -0.815970499 -0.497892889 -0.293759793 -0.815970499 -0.497892889 -0.293759793 -0.815970499 -0.497892889 -0.286463037 -0.827499951 -0.482890008 -0.286463037 -0.827499951 -0.482890008 -0.286463037 -0.827499951 -0.482890008 -0.147635041 -0.849167943 -0.507067746 -0.147635041 -0.849167943 -0.507067746 -0.147635041 -0.849167943 -0.507067746 -0.153310305 -0.847950221 -0.507421297 -0.153310305 -0.847950221 -0.507421297 -0.153310305 -0.847950221 -0.507421297 0.10509519 -0.844525993 -0.525100798 0.10509519 -0.844525993 -0.525100798 0.10509519 -0.844525993 -0.525100798 0.102157199 -0.844481802 -0.525751265 0.102157199 -0.844481802 -0.525751265 0.102157199 -0.844481802 -0.525751265 0.395065263 -0.76969319 -0.5014936 0.395065263 -0.76969319 -0.5014936 0.395065263 -0.76969319 -0.5014936 0.397198714 -0.769300075 -0.500410408 0.397198714 -0.769300075 -0.500410408 0.397198714 -0.769300075 -0.500410408 0.797110827 -0.486742496 -0.357345872 0.797110827 -0.486742496 -0.357345872 0.797110827 -0.486742496 -0.357345872 -0.824585731 -0.16411543 -0.541409732 -0.824585731 -0.16411543 -0.541409732 -0.824585731 -0.16411543 -0.541409732 -0.451616481 -0.0898842048 -0.887673017 -0.451616481 -0.0898842048 -0.887673017 -0.451616481 -0.0898842048 -0.887673017 -0.450537171 -0.0901071083 -0.88819872 -0.450537171 -0.0901071083 -0.88819872 -0.450537171 -0.0901071083 -0.88819872 -0.178321932 -0.0356642574 -0.983325658 -0.178321932 -0.0356642574 -0.983325658 -0.178321932 -0.0356642574 -0.983325658 -0.179218634 -0.0356061267 -0.983164729 -0.179218634 -0.0356061267 -0.983164729 -0.179218634 -0.0356061267 -0.983164729 0.0821557373 0.016322229 -0.996485835 0.0821557373 0.016322229 -0.996485835 0.0821557373 0.016322229 -0.996485835 0.081002599 0.0163563147 -0.996579676 0.081002599 0.0163563147 -0.996579676 0.081002599 0.0163563147 -0.996579676 0.210809403 0.0425673373 -0.976599927 0.210809403 0.0425673373 -0.976599927 0.210809403 0.0425673373 -0.976599927 0.20333876 0.0529062596 -0.977678002 0.20333876 0.0529062596 -0.977678002 0.20333876 0.0529062596 -0.977678002 0.226723602 0.0589907097 -0.972171026 0.226723602 0.0589907097 -0.972171026 0.226723602 0.0589907097 -0.972171026 0.225785212 0.0604663407 -0.97229875 0.225785212 0.0604663407 -0.97229875 0.225785212 0.0604663407 -0.97229875 0.223631675 0.0598896134 -0.972832004 0.223631675 0.0598896134 -0.972832004 0.223631675 0.0598896134 -0.972832004 0.224956794 0.0576492057 -0.972661817 0.224956794 0.0576492057 -0.972661817 0.224956794 0.0576492057 -0.972661817 0.208944684 0.0535458159 -0.976460426 0.208944684 0.0535458159 -0.976460426 0.208944684 0.0535458159 -0.976460426 0.211746767 0.0485253007 -0.976119154 0.211746767 0.0485253007 -0.976119154 0.211746767 0.0485253007 -0.976119154 0.181422899 0.0415760811 -0.982525909 0.181422899 0.0415760811 -0.982525909 0.181422899 0.0415760811 -0.982525909 0.185485456 0.0338702476 -0.98206311 0.185485456 0.0338702476 -0.98206311 0.185485456 0.0338702476 -0.98206311 0.136053099 0.0248437384 -0.990389995 0.136053099 0.0248437384 -0.990389995 0.136053099 0.0248437384 -0.990389995 0.140498083 0.0157130258 -0.989956256 0.140498083 0.0157130258 -0.989956256 0.140498083 0.0157130258 -0.989956256 0.0592618558 0.00662772791 -0.998220469 0.0592618558 0.00662772791 -0.998220469 0.0592618558 0.00662772791 -0.998220469 0.0621059903 0 -0.99806956 0.0621059903 0 -0.99806956 0.0621059903 0 -0.99806956 -0.0512792458 0 -0.998684354 -0.0512792458 0 -0.998684354 -0.0512792458 0 -0.998684354 -0.0529744651 0.0058391866 -0.998578795 -0.0529744651 0.0058391866 -0.998578795 -0.0529744651 0.0058391866 -0.998578795 -0.12917922 0.0142389653 -0.991519027 -0.12917922 0.0142389653 -0.991519027 -0.12917922 0.0142389653 -0.991519027 -0.130583798 0.0236334693 -0.991155553 -0.130583798 0.0236334693 -0.991155553 -0.130583798 0.0236334693 -0.991155553 -0.174437321 0.0315702188 -0.984162051 -0.174437321 0.0315702188 -0.984162051 -0.174437321 0.0315702188 -0.984162051 -0.17493554 0.0399419803 -0.983769381 -0.17493554 0.0399419803 -0.983769381 -0.17493554 0.0399419803 -0.983769381 -0.203056719 0.04636272 -0.978068744 -0.203056719 0.04636272 -0.978068744 -0.203056719 0.04636272 -0.978068744 -0.203079455 0.0517524753 -0.977793647 -0.203079455 0.0517524753 -0.977793647 -0.203079455 0.0517524753 -0.977793647 -0.217085639 0.0553217909 -0.974583668 -0.217085639 0.0553217909 -0.974583668 -0.217085639 0.0553217909 -0.974583668 -0.217008562 0.0587568792 -0.974399771 -0.217008562 0.0587568792 -0.974399771 -0.217008562 0.0587568792 -0.974399771 -0.218078769 0.0590466466 -0.974143287 -0.218078769 0.0590466466 -0.974143287 -0.218078769 0.0590466466 -0.974143287 -0.218113649 0.0560614013 -0.974311837 -0.218113649 0.0560614013 -0.974311837 -0.218113649 0.0560614013 -0.974311837 -0.200601864 0.0515603753 -0.978315092 -0.200601864 0.0515603753 -0.978315092 -0.200601864 0.0515603753 -0.978315092 -0.199812487 0.0401332719 -0.979011895 -0.199812487 0.0401332719 -0.979011895 -0.199812487 0.0401332719 -0.979011895 -0.0727755853 0.0146173165 -0.997241219 -0.0727755853 0.0146173165 -0.997241219 -0.0727755853 0.0146173165 -0.997241219 -0.0720235976 0.0142778405 -0.997300729 -0.0720235976 0.0142778405 -0.997300729 -0.0720235976 0.0142778405 -0.997300729 0.171072137 -0.0339130615 -0.984674681 0.171072137 -0.0339130615 -0.984674681 0.171072137 -0.0339130615 -0.984674681 0.170373686 -0.0335710204 -0.984807491 0.170373686 -0.0335710204 -0.984807491 0.170373686 -0.0335710204 -0.984807491 0.456239905 -0.0898990887 -0.885304074 0.456239905 -0.0898990887 -0.885304074 0.456239905 -0.0898990887 -0.885304074 0.459042408 -0.0918087708 -0.883657862 0.459042408 -0.0918087708 -0.883657862 0.459042408 -0.0918087708 -0.883657862 0.824954655 -0.164991451 -0.540580834 0.824954655 -0.164991451 -0.540580834 0.824954655 -0.164991451 -0.540580834 -0.922109452 0.140307027 -0.360594088 -0.922109452 0.140307027 -0.360594088 -0.922109452 0.140307027 -0.360594088 -0.655485805 0.561294376 -0.505259323 -0.655485805 0.561294376 -0.505259323 -0.655485805 0.561294376 -0.505259323 -0.657919277 0.559730472 -0.50382936 -0.657919277 0.559730472 -0.50382936 -0.657919277 0.559730472 -0.50382936 -0.418031174 0.739917044 -0.527041466 -0.418031174 0.739917044 -0.527041466 -0.418031174 0.739917044 -0.527041466 -0.425355753 0.736971178 -0.525305594 -0.425355753 0.736971178 -0.525305594 -0.425355753 0.736971178 -0.525305594 -0.194288725 0.838942751 -0.508357111 -0.194288725 0.838942751 -0.508357111 -0.194288725 0.838942751 -0.508357111 -0.187142639 0.840297801 -0.508799801 -0.187142639 0.840297801 -0.508799801 -0.187142639 0.840297801 -0.508799801 -0.100268789 0.863380277 -0.494490311 -0.100268789 0.863380277 -0.494490311 -0.100268789 0.863380277 -0.494490311 -0.107888791 0.866986202 -0.486513036 -0.107888791 0.866986202 -0.486513036 -0.107888791 0.866986202 -0.486513036 -0.116969867 0.864523645 -0.488791282 -0.116969867 0.864523645 -0.488791282 -0.116969867 0.864523645 -0.488791282 -0.116958414 0.86451754 -0.488804821 -0.116958414 0.86451754 -0.488804821 -0.116958414 0.86451754 -0.488804821 -0.115934217 0.86480769 -0.488535482 -0.115934217 0.86480769 -0.488535482 -0.115934217 0.86480769 -0.488535482 -0.115976506 0.864832373 -0.488481747 -0.115976506 0.864832373 -0.488481747 -0.115976506 0.864832373 -0.488481747 -0.108903766 0.866743689 -0.486718961 -0.108903766 0.866743689 -0.486718961 -0.108903766 0.866743689 -0.486718961 -0.105283639 0.864430552 -0.491604695 -0.105283639 0.864430552 -0.491604695 -0.105283639 0.864430552 -0.491604695 -0.0918744971 0.86764345 -0.488624519 -0.0918744971 0.86764345 -0.488624519 -0.0918744971 0.86764345 -0.488624519 -0.0874388841 0.864447868 -0.49505992 -0.0874388841 0.864447868 -0.49505992 -0.0874388841 0.864447868 -0.49505992 -0.0654273622 0.868627877 -0.491126125 -0.0654273622 0.868627877 -0.491126125 -0.0654273622 0.868627877 -0.491126125 -0.060171354 0.864146706 -0.499629741 -0.060171354 0.864146706 -0.499629741 -0.060171354 0.864146706 -0.499629741 -0.0241047094 0.868220004 -0.495593572 -0.0241047094 0.868220004 -0.495593572 -0.0241047094 0.868220004 -0.495593572 -0.0218515016 0.865703881 -0.500079296 -0.0218515016 0.865703881 -0.500079296 -0.0218515016 0.865703881 -0.500079296 0.0320247865 0.865466489 -0.499942166 0.0320247865 0.865466489 -0.499942166 0.0320247865 0.865466489 -0.499942166 0.0307993449 0.867921868 -0.495744927 0.0307993449 0.867921868 -0.495744927 0.0307993449 0.867921868 -0.495744927 0.0718375914 0.862964489 -0.500131633 0.0718375914 0.862964489 -0.500131633 0.0718375914 0.862964489 -0.500131633 0.0708717069 0.86829599 -0.490957509 0.0708717069 0.86829599 -0.490957509 0.0708717069 0.86829599 -0.490957509 0.0980840075 0.86292876 -0.495715123 0.0980840075 0.86292876 -0.495715123 0.0980840075 0.86292876 -0.495715123 0.0981417405 0.865773565 -0.49071818 0.0981417405 0.865773565 -0.49071818 0.0981417405 0.865773565 -0.49071818 0.11355286 0.861980599 -0.494059911 0.11355286 0.861980599 -0.494059911 0.11355286 0.861980599 -0.494059911 0.114032525 0.865165505 -0.488349498 0.114032525 0.865165505 -0.488349498 0.114032525 0.865165505 -0.488349498 0.12336407 0.86257299 -0.490661945 0.12336407 0.86257299 -0.490661945 0.12336407 0.86257299 -0.490661945 0.123570005 0.863539172 -0.488907509 0.123570005 0.863539172 -0.488907509 0.123570005 0.863539172 -0.488907509 0.125556885 0.862963311 -0.489417811 0.125556885 0.862963311 -0.489417811 0.125556885 0.862963311 -0.489417811 0.125285159 0.861518089 -0.492026637 0.125285159 0.861518089 -0.492026637 0.125285159 0.861518089 -0.492026637 0.111644072 0.865326644 -0.488615801 0.111644072 0.865326644 -0.488615801 0.111644072 0.865326644 -0.488615801 0.111660598 0.860662002 -0.496782477 0.111660598 0.860662002 -0.496782477 0.111660598 0.860662002 -0.496782477 0.190010014 0.839188324 -0.509567612 0.190010014 0.839188324 -0.509567612 0.190010014 0.839188324 -0.509567612 0.187166806 0.840472201 -0.508502768 0.187166806 0.840472201 -0.508502768 0.187166806 0.840472201 -0.508502768 0.428259358 0.734313656 -0.526666287 0.428259358 0.734313656 -0.526666287 0.428259358 0.734313656 -0.526666287 0.42029753 0.74048114 -0.524440337 0.42029753 0.74048114 -0.524440337 0.42029753 0.74048114 -0.524440337 0.657091715 0.56237042 -0.501966123 0.657091715 0.56237042 -0.501966123 0.657091715 0.56237042 -0.501966123 0.658818118 0.559926921 -0.502434604 0.658818118 0.559926921 -0.502434604 0.658818118 0.559926921 -0.502434604 0.922843328 0.141341343 -0.358305479 0.922843328 0.141341343 -0.358305479 0.922843328 0.141341343 -0.358305479</float_array><technique_common><accessor source="#part0-normals-array" count="3780" stride="3"><param name="X" type="float" /><param name="Y" type="float" /><param name="Z" type="float" /></accessor></technique_common></source><vertices id="part0-vertices"><input semantic="POSITION" source="#part0-positions" /></vertices><triangles count="1260" material="material"><input semantic="VERTEX" source="#part0-vertices" offset="0" /><input semantic="NORMAL" source="#part0-normals" offset="0" /><p>0 1 2 3 4 5 6 7 8 9 10 11 12 13 14 15 16 17 18 19 20 21 22 23 24 25 26 27 28 29 30 31 32 33 34 35 36 37 38 39 40 41 42 43 44 45 46 47 48 49 50 51 52 53 54 55 56 57 58 59 60 61 62 63 64 65 66 67 68 69 70 71 72 73 74 75 76 77 78 79 80 81 82 83 84 85 86 87 88 89 90 91 92 93 94 95 96 97 98 99 100 101 102 103 104 105 106 107 108 109 110 111 112 113 114 115 116 117 118 119 120 121 122 123 124 125 126 127 128 129 130 131 132 133 134 135 136 137 138 139 140 141 142 143 144 145 146 147 148 149 150 151 152 153 154 155 156 157 158 159 160 161 162 163 164 165 166 167 168 169 170 171 172 173 174 175 176 177 178 179 180 181 182 183 184 185 186 187 188 189 190 191 192 193 194 195 196 197 198 199 200 201 202 203 204 205 206 207 208 209 210 211 212 213 214 215 216 217 218 219 220 221 222 223 224 225 226 227 228 229 230 231 232 233 234 235 236 237 238 239 240 241 242 243 244 245 246 247 248 249 250 251 252 253 254 255 256 257 258 259 260 261 262 263 264 265 266 267 268 269 270 271 272 273 274 275 276 277 278 279 280 281 282 283 284 285 286 287 288 289 290 291 292 293 294 295 296 297 298 299 300 301 302 303 304 305 306 307 308 309 310 311 312 313 314 315 316 317 318 319 320 321 322 323 324 325 326 327 328 329 330 331 332 333 334 335 336 337 338 339 340 341 342 343 344 345 346 347 348 349 350 351 352 353 354 355 356 357 358 359 360 361 362 363 364 365 366 367 368 369 370 371 372 373 374 375 376 377 378 379 380 381 382 383 384 385 386 387 388 389 390 391 392 393 394 395 396 397 398 399 400 401 402 403 404 405 406 407 408 409 410 411 412 413 414 415 416 417 418 419 420 421 422 423 424 425 426 427 428 429 430 431 432 433 434 435 436 437 438 439 440 441 442 443 444 445 446 447 448 449 450 451 452 453 454 455 456 457 458 459 460 461 462 463 464 465 466 467 468 469 470 471 472 473 474 475 476 477 478 479 480 481 482 483 484 485 486 487 488 489 490 491 492 493 494 495 496 497 498 499 500 501 502 503 504 505 506 507 508 509 510 511 512 513 514 515 516 517 518 519 520 521 522 523 524 525 526 527 528 529 530 531 532 533 534 535 536 537 538 539 540 541 542 543 544 545 546 547 548 549 550 551 552 553 554 555 556 557 558 559 560 561 562 563 564 565 566 567 568 569 570 571 572 573 574 575 576 577 578 579 580 581 582 583 584 585 586 587 588 589 590 591 592 593 594 595 596 597 598 599 600 601 602 603 604 605 606 607 608 609 610 611 612 613 614 615 616 617 618 619 620 621 622 623 624 625 626 627 628 629 630 631 632 633 634 635 636 637 638 639 640 641 642 643 644 645 646 647 648 649 650 651 652 653 654 655 656 657 658 659 660 661 662 663 664 665 666 667 668 669 670 671 672 673 674 675 676 677 678 679 680 681 682 683 684 685 686 687 688 689 690 691 692 693 694 695 696 697 698 699 700 701 702 703 704 705 706 707 708 709 710 711 712 713 714 715 716 717 718 719 720 721 722 723 724 725 726 727 728 729 730 731 732 733 734 735 736 737 738 739 740 741 742 743 744 745 746 747 748 749 750 751 752 753 754 755 756 757 758 759 760 761 762 763 764 765 766 767 768 769 770 771 772 773 774 775 776 777 778 779 780 781 782 783 784 785 786 787 788 789 790 791 792 793 794 795 796 797 798 799 800 801 802 803 804 805 806 807 808 809 810 811 812 813 814 815 816 817 818 819 820 821 822 823 824 825 826 827 828 829 830 831 832 833 834 835 836 837 838 839 840 841 842 843 844 845 846 847 848 849 850 851 852 853 854 855 856 857 858 859 860 861 862 863 864 865 866 867 868 869 870 871 872 873 874 875 876 877 878 879 880 881 882 883 884 885 886 887 888 889 890 891 892 893 894 895 896 897 898 899 900 901 902 903 904 905 906 907 908 909 910 911 912 913 914 915 916 917 918 919 920 921 922 923 924 925 926 927 928 929 930 931 932 933 934 935 936 937 938 939 940 941 942 943 944 945 946 947 948 949 950 951 952 953 954 955 956 957 958 959 960 961 962 963 964 965 966 967 968 969 970 971 972 973 974 975 976 977 978 979 980 981 982 983 984 985 986 987 988 989 990 991 992 993 994 995 996 997 998 999 1000 1001 1002 1003 1004 1005 1006 1007 1008 1009 1010 1011 1012 1013 1014 1015 1016 1017 1018 1019 1020 1021 1022 1023 1024 1025 1026 1027 1028 1029 1030 1031 1032 1033 1034 1035 1036 1037 1038 1039 1040 1041 1042 1043 1044 1045 1046 1047 1048 1049 1050 1051 1052 1053 1054 1055 1056 1057 1058 1059 1060 1061 1062 1063 1064 1065 1066 1067 1068 1069 1070 1071 1072 1073 1074 1075 1076 1077 1078 1079 1080 1081 1082 1083 1084 1085 1086 1087 1088 1089 1090 1091 1092 1093 1094 1095 1096 1097 1098 1099 1100 1101 1102 1103 1104 1105 1106 1107 1108 1109 1110 1111 1112 1113 1114 1115 1116 1117 1118 1119 1120 1121 1122 1123 1124 1125 1126 1127 1128 1129 1130 1131 1132 1133 1134 1135 1136 1137 1138 1139 1140 1141 1142 1143 1144 1145 1146 1147 1148 1149 1150 1151 1152 1153 1154 1155 1156 1157 1158 1159 1160 1161 1162 1163 1164 1165 1166 1167 1168 1169 1170 1171 1172 1173 1174 1175 1176 1177 1178 1179 1180 1181 1182 1183 1184 1185 1186 1187 1188 1189 1190 1191 1192 1193 1194 1195 1196 1197 1198 1199 1200 1201 1202 1203 1204 1205 1206 1207 1208 1209 1210 1211 1212 1213 1214 1215 1216 1217 1218 1219 1220 1221 1222 1223 1224 1225 1226 1227 1228 1229 1230 1231 1232 1233 1234 1235 1236 1237 1238 1239 1240 1241 1242 1243 1244 1245 1246 1247 1248 1249 1250 1251 1252 1253 1254 1255 1256 1257 1258 1259 1260 1261 1262 1263 1264 1265 1266 1267 1268 1269 1270 1271 1272 1273 1274 1275 1276 1277 1278 1279 1280 1281 1282 1283 1284 1285 1286 1287 1288 1289 1290 1291 1292 1293 1294 1295 1296 1297 1298 1299 1300 1301 1302 1303 1304 1305 1306 1307 1308 1309 1310 1311 1312 1313 1314 1315 1316 1317 1318 1319 1320 1321 1322 1323 1324 1325 1326 1327 1328 1329 1330 1331 1332 1333 1334 1335 1336 1337 1338 1339 1340 1341 1342 1343 1344 1345 1346 1347 1348 1349 1350 1351 1352 1353 1354 1355 1356 1357 1358 1359 1360 1361 1362 1363 1364 1365 1366 1367 1368 1369 1370 1371 1372 1373 1374 1375 1376 1377 1378 1379 1380 1381 1382 1383 1384 1385 1386 1387 1388 1389 1390 1391 1392 1393 1394 1395 1396 1397 1398 1399 1400 1401 1402 1403 1404 1405 1406 1407 1408 1409 1410 1411 1412 1413 1414 1415 1416 1417 1418 1419 1420 1421 1422 1423 1424 1425 1426 1427 1428 1429 1430 1431 1432 1433 1434 1435 1436 1437 1438 1439 1440 1441 1442 1443 1444 1445 1446 1447 1448 1449 1450 1451 1452 1453 1454 1455 1456 1457 1458 1459 1460 1461 1462 1463 1464 1465 1466 1467 1468 1469 1470 1471 1472 1473 1474 1475 1476 1477 1478 1479 1480 1481 1482 1483 1484 1485 1486 1487 1488 1489 1490 1491 1492 1493 1494 1495 1496 1497 1498 1499 1500 1501 1502 1503 1504 1505 1506 1507 1508 1509 1510 1511 1512 1513 1514 1515 1516 1517 1518 1519 1520 1521 1522 1523 1524 1525 1526 1527 1528 1529 1530 1531 1532 1533 1534 1535 1536 1537 1538 1539 1540 1541 1542 1543 1544 1545 1546 1547 1548 1549 1550 1551 1552 1553 1554 1555 1556 1557 1558 1559 1560 1561 1562 1563 1564 1565 1566 1567 1568 1569 1570 1571 1572 1573 1574 1575 1576 1577 1578 1579 1580 1581 1582 1583 1584 1585 1586 1587 1588 1589 1590 1591 1592 1593 1594 1595 1596 1597 1598 1599 1600 1601 1602 1603 1604 1605 1606 1607 1608 1609 1610 1611 1612 1613 1614 1615 1616 1617 1618 1619 1620 1621 1622 1623 1624 1625 1626 1627 1628 1629 1630 1631 1632 1633 1634 1635 1636 1637 1638 1639 1640 1641 1642 1643 1644 1645 1646 1647 1648 1649 1650 1651 1652 1653 1654 1655 1656 1657 1658 1659 1660 1661 1662 1663 1664 1665 1666 1667 1668 1669 1670 1671 1672 1673 1674 1675 1676 1677 1678 1679 1680 1681 1682 1683 1684 1685 1686 1687 1688 1689 1690 1691 1692 1693 1694 1695 1696 1697 1698 1699 1700 1701 1702 1703 1704 1705 1706 1707 1708 1709 1710 1711 1712 1713 1714 1715 1716 1717 1718 1719 1720 1721 1722 1723 1724 1725 1726 1727 1728 1729 1730 1731 1732 1733 1734 1735 1736 1737 1738 1739 1740 1741 1742 1743 1744 1745 1746 1747 1748 1749 1750 1751 1752 1753 1754 1755 1756 1757 1758 1759 1760 1761 1762 1763 1764 1765 1766 1767 1768 1769 1770 1771 1772 1773 1774 1775 1776 1777 1778 1779 1780 1781 1782 1783 1784 1785 1786 1787 1788 1789 1790 1791 1792 1793 1794 1795 1796 1797 1798 1799 1800 1801 1802 1803 1804 1805 1806 1807 1808 1809 1810 1811 1812 1813 1814 1815 1816 1817 1818 1819 1820 1821 1822 1823 1824 1825 1826 1827 1828 1829 1830 1831 1832 1833 1834 1835 1836 1837 1838 1839 1840 1841 1842 1843 1844 1845 1846 1847 1848 1849 1850 1851 1852 1853 1854 1855 1856 1857 1858 1859 1860 1861 1862 1863 1864 1865 1866 1867 1868 1869 1870 1871 1872 1873 1874 1875 1876 1877 1878 1879 1880 1881 1882 1883 1884 1885 1886 1887 1888 1889 1890 1891 1892 1893 1894 1895 1896 1897 1898 1899 1900 1901 1902 1903 1904 1905 1906 1907 1908 1909 1910 1911 1912 1913 1914 1915 1916 1917 1918 1919 1920 1921 1922 1923 1924 1925 1926 1927 1928 1929 1930 1931 1932 1933 1934 1935 1936 1937 1938 1939 1940 1941 1942 1943 1944 1945 1946 1947 1948 1949 1950 1951 1952 1953 1954 1955 1956 1957 1958 1959 1960 1961 1962 1963 1964 1965 1966 1967 1968 1969 1970 1971 1972 1973 1974 1975 1976 1977 1978 1979 1980 1981 1982 1983 1984 1985 1986 1987 1988 1989 1990 1991 1992 1993 1994 1995 1996 1997 1998 1999 2000 2001 2002 2003 2004 2005 2006 2007 2008 2009 2010 2011 2012 2013 2014 2015 2016 2017 2018 2019 2020 2021 2022 2023 2024 2025 2026 2027 2028 2029 2030 2031 2032 2033 2034 2035 2036 2037 2038 2039 2040 2041 2042 2043 2044 2045 2046 2047 2048 2049 2050 2051 2052 2053 2054 2055 2056 2057 2058 2059 2060 2061 2062 2063 2064 2065 2066 2067 2068 2069 2070 2071 2072 2073 2074 2075 2076 2077 2078 2079 2080 2081 2082 2083 2084 2085 2086 2087 2088 2089 2090 2091 2092 2093 2094 2095 2096 2097 2098 2099 2100 2101 2102 2103 2104 2105 2106 2107 2108 2109 2110 2111 2112 2113 2114 2115 2116 2117 2118 2119 2120 2121 2122 2123 2124 2125 2126 2127 2128 2129 2130 2131 2132 2133 2134 2135 2136 2137 2138 2139 2140 2141 2142 2143 2144 2145 2146 2147 2148 2149 2150 2151 2152 2153 2154 2155 2156 2157 2158 2159 2160 2161 2162 2163 2164 2165 2166 2167 2168 2169 2170 2171 2172 2173 2174 2175 2176 2177 2178 2179 2180 2181 2182 2183 2184 2185 2186 2187 2188 2189 2190 2191 2192 2193 2194 2195 2196 2197 2198 2199 2200 2201 2202 2203 2204 2205 2206 2207 2208 2209 2210 2211 2212 2213 2214 2215 2216 2217 2218 2219 2220 2221 2222 2223 2224 2225 2226 2227 2228 2229 2230 2231 2232 2233 2234 2235 2236 2237 2238 2239 2240 2241 2242 2243 2244 2245 2246 2247 2248 2249 2250 2251 2252 2253 2254 2255 2256 2257 2258 2259 2260 2261 2262 2263 2264 2265 2266 2267 2268 2269 2270 2271 2272 2273 2274 2275 2276 2277 2278 2279 2280 2281 2282 2283 2284 2285 2286 2287 2288 2289 2290 2291 2292 2293 2294 2295 2296 2297 2298 2299 2300 2301 2302 2303 2304 2305 2306 2307 2308 2309 2310 2311 2312 2313 2314 2315 2316 2317 2318 2319 2320 2321 2322 2323 2324 2325 2326 2327 2328 2329 2330 2331 2332 2333 2334 2335 2336 2337 2338 2339 2340 2341 2342 2343 2344 2345 2346 2347 2348 2349 2350 2351 2352 2353 2354 2355 2356 2357 2358 2359 2360 2361 2362 2363 2364 2365 2366 2367 2368 2369 2370 2371 2372 2373 2374 2375 2376 2377 2378 2379 2380 2381 2382 2383 2384 2385 2386 2387 2388 2389 2390 2391 2392 2393 2394 2395 2396 2397 2398 2399 2400 2401 2402 2403 2404 2405 2406 2407 2408 2409 2410 2411 2412 2413 2414 2415 2416 2417 2418 2419 2420 2421 2422 2423 2424 2425 2426 2427 2428 2429 2430 2431 2432 2433 2434 2435 2436 2437 2438 2439 2440 2441 2442 2443 2444 2445 2446 2447 2448 2449 2450 2451 2452 2453 2454 2455 2456 2457 2458 2459 2460 2461 2462 2463 2464 2465 2466 2467 2468 2469 2470 2471 2472 2473 2474 2475 2476 2477 2478 2479 2480 2481 2482 2483 2484 2485 2486 2487 2488 2489 2490 2491 2492 2493 2494 2495 2496 2497 2498 2499 2500 2501 2502 2503 2504 2505 2506 2507 2508 2509 2510 2511 2512 2513 2514 2515 2516 2517 2518 2519 2520 2521 2522 2523 2524 2525 2526 2527 2528 2529 2530 2531 2532 2533 2534 2535 2536 2537 2538 2539 2540 2541 2542 2543 2544 2545 2546 2547 2548 2549 2550 2551 2552 2553 2554 2555 2556 2557 2558 2559 2560 2561 2562 2563 2564 2565 2566 2567 2568 2569 2570 2571 2572 2573 2574 2575 2576 2577 2578 2579 2580 2581 2582 2583 2584 2585 2586 2587 2588 2589 2590 2591 2592 2593 2594 2595 2596 2597 2598 2599 2600 2601 2602 2603 2604 2605 2606 2607 2608 2609 2610 2611 2612 2613 2614 2615 2616 2617 2618 2619 2620 2621 2622 2623 2624 2625 2626 2627 2628 2629 2630 2631 2632 2633 2634 2635 2636 2637 2638 2639 2640 2641 2642 2643 2644 2645 2646 2647 2648 2649 2650 2651 2652 2653 2654 2655 2656 2657 2658 2659 2660 2661 2662 2663 2664 2665 2666 2667 2668 2669 2670 2671 2672 2673 2674 2675 2676 2677 2678 2679 2680 2681 2682 2683 2684 2685 2686 2687 2688 2689 2690 2691 2692 2693 2694 2695 2696 2697 2698 2699 2700 2701 2702 2703 2704 2705 2706 2707 2708 2709 2710 2711 2712 2713 2714 2715 2716 2717 2718 2719 2720 2721 2722 2723 2724 2725 2726 2727 2728 2729 2730 2731 2732 2733 2734 2735 2736 2737 2738 2739 2740 2741 2742 2743 2744 2745 2746 2747 2748 2749 2750 2751 2752 2753 2754 2755 2756 2757 2758 2759 2760 2761 2762 2763 2764 2765 2766 2767 2768 2769 2770 2771 2772 2773 2774 2775 2776 2777 2778 2779 2780 2781 2782 2783 2784 2785 2786 2787 2788 2789 2790 2791 2792 2793 2794 2795 2796 2797 2798 2799 2800 2801 2802 2803 2804 2805 2806 2807 2808 2809 2810 2811 2812 2813 2814 2815 2816 2817 2818 2819 2820 2821 2822 2823 2824 2825 2826 2827 2828 2829 2830 2831 2832 2833 2834 2835 2836 2837 2838 2839 2840 2841 2842 2843 2844 2845 2846 2847 2848 2849 2850 2851 2852 2853 2854 2855 2856 2857 2858 2859 2860 2861 2862 2863 2864 2865 2866 2867 2868 2869 2870 2871 2872 2873 2874 2875 2876 2877 2878 2879 2880 2881 2882 2883 2884 2885 2886 2887 2888 2889 2890 2891 2892 2893 2894 2895 2896 2897 2898 2899 2900 2901 2902 2903 2904 2905 2906 2907 2908 2909 2910 2911 2912 2913 2914 2915 2916 2917 2918 2919 2920 2921 2922 2923 2924 2925 2926 2927 2928 2929 2930 2931 2932 2933 2934 2935 2936 2937 2938 2939 2940 2941 2942 2943 2944 2945 2946 2947 2948 2949 2950 2951 2952 2953 2954 2955 2956 2957 2958 2959 2960 2961 2962 2963 2964 2965 2966 2967 2968 2969 2970 2971 2972 2973 2974 2975 2976 2977 2978 2979 2980 2981 2982 2983 2984 2985 2986 2987 2988 2989 2990 2991 2992 2993 2994 2995 2996 2997 2998 2999 3000 3001 3002 3003 3004 3005 3006 3007 3008 3009 3010 3011 3012 3013 3014 3015 3016 3017 3018 3019 3020 3021 3022 3023 3024 3025 3026 3027 3028 3029 3030 3031 3032 3033 3034 3035 3036 3037 3038 3039 3040 3041 3042 3043 3044 3045 3046 3047 3048 3049 3050 3051 3052 3053 3054 3055 3056 3057 3058 3059 3060 3061 3062 3063 3064 3065 3066 3067 3068 3069 3070 3071 3072 3073 3074 3075 3076 3077 3078 3079 3080 3081 3082 3083 3084 3085 3086 3087 3088 3089 3090 3091 3092 3093 3094 3095 3096 3097 3098 3099 3100 3101 3102 3103 3104 3105 3106 3107 3108 3109 3110 3111 3112 3113 3114 3115 3116 3117 3118 3119 3120 3121 3122 3123 3124 3125 3126 3127 3128 3129 3130 3131 3132 3133 3134 3135 3136 3137 3138 3139 3140 3141 3142 3143 3144 3145 3146 3147 3148 3149 3150 3151 3152 3153 3154 3155 3156 3157 3158 3159 3160 3161 3162 3163 3164 3165 3166 3167 3168 3169 3170 3171 3172 3173 3174 3175 3176 3177 3178 3179 3180 3181 3182 3183 3184 3185 3186 3187 3188 3189 3190 3191 3192 3193 3194 3195 3196 3197 3198 3199 3200 3201 3202 3203 3204 3205 3206 3207 3208 3209 3210 3211 3212 3213 3214 3215 3216 3217 3218 3219 3220 3221 3222 3223 3224 3225 3226 3227 3228 3229 3230 3231 3232 3233 3234 3235 3236 3237 3238 3239 3240 3241 3242 3243 3244 3245 3246 3247 3248 3249 3250 3251 3252 3253 3254 3255 3256 3257 3258 3259 3260 3261 3262 3263 3264 3265 3266 3267 3268 3269 3270 3271 3272 3273 3274 3275 3276 3277 3278 3279 3280 3281 3282 3283 3284 3285 3286 3287 3288 3289 3290 3291 3292 3293 3294 3295 3296 3297 3298 3299 3300 3301 3302 3303 3304 3305 3306 3307 3308 3309 3310 3311 3312 3313 3314 3315 3316 3317 3318 3319 3320 3321 3322 3323 3324 3325 3326 3327 3328 3329 3330 3331 3332 3333 3334 3335 3336 3337 3338 3339 3340 3341 3342 3343 3344 3345 3346 3347 3348 3349 3350 3351 3352 3353 3354 3355 3356 3357 3358 3359 3360 3361 3362 3363 3364 3365 3366 3367 3368 3369 3370 3371 3372 3373 3374 3375 3376 3377 3378 3379 3380 3381 3382 3383 3384 3385 3386 3387 3388 3389 3390 3391 3392 3393 3394 3395 3396 3397 3398 3399 3400 3401 3402 3403 3404 3405 3406 3407 3408 3409 3410 3411 3412 3413 3414 3415 3416 3417 3418 3419 3420 3421 3422 3423 3424 3425 3426 3427 3428 3429 3430 3431 3432 3433 3434 3435 3436 3437 3438 3439 3440 3441 3442 3443 3444 3445 3446 3447 3448 3449 3450 3451 3452 3453 3454 3455 3456 3457 3458 3459 3460 3461 3462 3463 3464 3465 3466 3467 3468 3469 3470 3471 3472 3473 3474 3475 3476 3477 3478 3479 3480 3481 3482 3483 3484 3485 3486 3487 3488 3489 3490 3491 3492 3493 3494 3495 3496 3497 3498 3499 3500 3501 3502 3503 3504 3505 3506 3507 3508 3509 3510 3511 3512 3513 3514 3515 3516 3517 3518 3519 3520 3521 3522 3523 3524 3525 3526 3527 3528 3529 3530 3531 3532 3533 3534 3535 3536 3537 3538 3539 3540 3541 3542 3543 3544 3545 3546 3547 3548 3549 3550 3551 3552 3553 3554 3555 3556 3557 3558 3559 3560 3561 3562 3563 3564 3565 3566 3567 3568 3569 3570 3571 3572 3573 3574 3575 3576 3577 3578 3579 3580 3581 3582 3583 3584 3585 3586 3587 3588 3589 3590 3591 3592 3593 3594 3595 3596 3597 3598 3599 3600 3601 3602 3603 3604 3605 3606 3607 3608 3609 3610 3611 3612 3613 3614 3615 3616 3617 3618 3619 3620 3621 3622 3623 3624 3625 3626 3627 3628 3629 3630 3631 3632 3633 3634 3635 3636 3637 3638 3639 3640 3641 3642 3643 3644 3645 3646 3647 3648 3649 3650 3651 3652 3653 3654 3655 3656 3657 3658 3659 3660 3661 3662 3663 3664 3665 3666 3667 3668 3669 3670 3671 3672 3673 3674 3675 3676 3677 3678 3679 3680 3681 3682 3683 3684 3685 3686 3687 3688 3689 3690 3691 3692 3693 3694 3695 3696 3697 3698 3699 3700 3701 3702 3703 3704 3705 3706 3707 3708 3709 3710 3711 3712 3713 3714 3715 3716 3717 3718 3719 3720 3721 3722 3723 3724 3725 3726 3727 3728 3729 3730 3731 3732 3733 3734 3735 3736 3737 3738 3739 3740 3741 3742 3743 3744 3745 3746 3747 3748 3749 3750 3751 3752 3753 3754 3755 3756 3757 3758 3759 3760 3761 3762 3763 3764 3765 3766 3767 3768 3769 3770 3771 3772 3773 3774 3775 3776 3777 3778 3779</p></triangles></mesh></geometry><geometry id="part1"><mesh><source id="part1-positions"><float_array id="part1-positions-array" count="4176">0.176887417 0 -0.00660346697 0.213807325 0.0940227176 0.0477098277 0.213807325 0.108626589 -0.00660346697 0.213807325 0.108626589 -0.00660346697 0.213807325 0.0940227176 0.0477098277 0.250727234 0.123230471 0.0646109436 0.213807325 0.108626589 -0.00660346697 0.250727234 0.123230471 0.0646109436 0.250727234 0.142264738 -0.00660346697 0.250727234 0.142264738 -0.00660346697 0.250727234 0.123230471 0.0646109436 0.287647142 0.13767026 0.0729794573 0.250727234 0.142264738 -0.00660346697 0.287647142 0.13767026 0.0729794573 0.287647142 0.159001765 -0.00660346697 0.287647142 0.159001765 -0.00660346697 0.287647142 0.13767026 0.0729794573 0.324731154 0.142264738 0.0756048734 0.287647142 0.159001765 -0.00660346697 0.324731154 0.142264738 0.0756048734 0.324731154 0.164252597 -0.00660346697 0.324731154 0.164252597 -0.00660346697 0.324731154 0.142264738 0.0756048734 0.363332978 0.13816252 0.0729794573 0.324731154 0.164252597 -0.00660346697 0.363332978 0.13816252 0.0729794573 0.362676604 0.159658119 -0.00676755547 0.362676604 0.159658119 -0.00676755547 0.363332978 0.13816252 0.0729794573 0.417810341 0.132255334 0.0690413332 0.362676604 0.159658119 -0.00676755547 0.417810341 0.132255334 0.0690413332 0.417154007 0.152602308 -0.00725982098 0.417154007 0.152602308 -0.00725982098 0.417810341 0.132255334 0.0690413332 0.479671702 0.125691794 0.0649391206 0.417154007 0.152602308 -0.00725982098 0.479671702 0.125691794 0.0649391206 0.479507618 0.145054237 -0.00775208649 0.479507618 0.145054237 -0.00775208649 0.479671702 0.125691794 0.0649391206 0.540548562 0.119948701 0.0616573505 0.479507618 0.145054237 -0.00775208649 0.540548562 0.119948701 0.0616573505 0.541204896 0.138490697 -0.00758799799 0.541204896 0.138490697 -0.00758799799 0.540548562 0.119948701 0.0616573505 0.591251884 0.116338754 0.060508731 0.541204896 0.138490697 -0.00758799799 0.591251884 0.116338754 0.060508731 0.593549134 0.134388489 -0.00660346697 0.593549134 0.134388489 -0.00660346697 0.591251884 0.116338754 0.060508731 0.633422665 0.1156824 0.0623137046 0.593549134 0.134388489 -0.00660346697 0.633422665 0.1156824 0.0623137046 0.638017123 0.133568042 -0.00430622792 0.638017123 0.133568042 -0.00430622792 0.633422665 0.1156824 0.0623137046 0.674157635 0.116995108 0.0662518286 0.638017123 0.133568042 -0.00430622792 0.674157635 0.116995108 0.0662518286 0.680228884 0.135044843 -0.00102445784 0.680228884 0.135044843 -0.00102445784 0.674157635 0.116995108 0.0662518286 0.711241627 0.119128254 0.0711744838 0.680228884 0.135044843 -0.00102445784 0.711241627 0.119128254 0.0711744838 0.718297457 0.13767026 0.00274957774 0.718297457 0.13767026 0.00274957774 0.711241627 0.119128254 0.0711744838 0.742418452 0.121425493 0.0757689619 0.718297457 0.13767026 0.00274957774 0.742418452 0.121425493 0.0757689619 0.74980245 0.140295676 0.00603134781 0.74980245 0.140295676 0.00603134781 0.742418452 0.121425493 0.0757689619 0.766867614 0.122902294 0.0790507319 0.74980245 0.140295676 0.00603134781 0.766867614 0.122902294 0.0790507319 0.77277478 0.141936561 0.00832858686 0.77277478 0.141936561 0.00832858686 0.766867614 0.122902294 0.0790507319 0.798864857 0.11896417 0.0793789089 0.77277478 0.141936561 0.00832858686 0.798864857 0.11896417 0.0793789089 0.80460794 0.137342083 0.0109540029 0.80460794 0.137342083 0.0109540029 0.798864857 0.11896417 0.0793789089 0.831190348 0.10632935 0.0749485193 0.80460794 0.137342083 0.0109540029 0.831190348 0.10632935 0.0749485193 0.83644118 0.122902294 0.013579419 0.83644118 0.122902294 0.013579419 0.831190348 0.10632935 0.0749485193 0.864336175 0.0812238093 0.0631341471 0.83644118 0.122902294 0.013579419 0.864336175 0.0812238093 0.0631341471 0.868110256 0.0938586241 0.0163689235 0.868110256 0.0938586241 0.0163689235 0.864336175 0.0812238093 0.0631341471 0.899943416 0 0.0189943396 0.176887417 0 -0.00660346697 0.213807325 0.0543132947 0.0875833341 0.213807325 0.0940227176 0.0477098277 0.213807325 0.0940227176 0.0477098277 0.213807325 0.0543132947 0.0875833341 0.250727234 0.0710503221 0.116627004 0.213807325 0.0940227176 0.0477098277 0.250727234 0.0710503221 0.116627004 0.250727234 0.123230471 0.0646109436 0.250727234 0.123230471 0.0646109436 0.250727234 0.0710503221 0.116627004 0.287647142 0.0795829243 0.131066793 0.250727234 0.123230471 0.0646109436 0.287647142 0.0795829243 0.131066793 0.287647142 0.13767026 0.0729794573 0.287647142 0.13767026 0.0729794573 0.287647142 0.0795829243 0.131066793 0.324731154 0.0822083403 0.135661271 0.287647142 0.13767026 0.0729794573 0.324731154 0.0822083403 0.135661271 0.324731154 0.142264738 0.0756048734 0.324731154 0.142264738 0.0756048734 0.324731154 0.0822083403 0.135661271 0.363825228 0.0797470128 0.13139497 0.324731154 0.142264738 0.0756048734 0.363825228 0.0797470128 0.13139497 0.363332978 0.13816252 0.0729794573 0.363332978 0.13816252 0.0729794573 0.363825228 0.0797470128 0.13139497 0.418302632 0.0763011542 0.124831429 0.363332978 0.13816252 0.0729794573 0.418302632 0.0763011542 0.124831429 0.417810341 0.132255334 0.0690413332 0.417810341 0.132255334 0.0690413332 0.418302632 0.0763011542 0.124831429 0.479835826 0.0725271186 0.117939712 0.417810341 0.132255334 0.0690413332 0.479835826 0.0725271186 0.117939712 0.479671702 0.125691794 0.0649391206 0.479671702 0.125691794 0.0649391206 0.479835826 0.0725271186 0.117939712 0.540220395 0.0692453485 0.112360703 0.479671702 0.125691794 0.0649391206 0.540220395 0.0692453485 0.112360703 0.540548562 0.119948701 0.0616573505 0.540548562 0.119948701 0.0616573505 0.540220395 0.0692453485 0.112360703 0.589611009 0.0672762865 0.109735287 0.540548562 0.119948701 0.0616573505 0.589611009 0.0672762865 0.109735287 0.591251884 0.116338754 0.060508731 0.591251884 0.116338754 0.060508731 0.589611009 0.0672762865 0.109735287 0.630304958 0.066784021 0.111212079 0.591251884 0.116338754 0.060508731 0.630304958 0.066784021 0.111212079 0.633422665 0.1156824 0.0623137046 0.633422665 0.1156824 0.0623137046 0.630304958 0.066784021 0.111212079 0.669686199 0.0676044635 0.11547838 0.633422665 0.1156824 0.0623137046 0.669686199 0.0676044635 0.11547838 0.674157635 0.116995108 0.0662518286 0.674157635 0.116995108 0.0662518286 0.669686199 0.0676044635 0.11547838 0.705990794 0.068753083 0.121221482 0.674157635 0.116995108 0.0662518286 0.705990794 0.068753083 0.121221482 0.711241627 0.119128254 0.0711744838 0.711241627 0.119128254 0.0711744838 0.705990794 0.068753083 0.121221482 0.737003537 0.0700657911 0.126800491 0.711241627 0.119128254 0.0711744838 0.737003537 0.0700657911 0.126800491 0.742418452 0.121425493 0.0757689619 0.742418452 0.121425493 0.0757689619 0.737003537 0.0700657911 0.126800491 0.762601283 0.0708862336 0.130738616 0.742418452 0.121425493 0.0757689619 0.762601283 0.0708862336 0.130738616 0.766867614 0.122902294 0.0790507319 0.766867614 0.122902294 0.0790507319 0.762601283 0.0708862336 0.130738616 0.794598606 0.068753083 0.129589991 0.766867614 0.122902294 0.0790507319 0.794598606 0.068753083 0.129589991 0.798864857 0.11896417 0.0793789089 0.798864857 0.11896417 0.0793789089 0.794598606 0.068753083 0.129589991 0.827580351 0.0613691004 0.119744681 0.798864857 0.11896417 0.0793789089 0.827580351 0.0613691004 0.119744681 0.831190348 0.10632935 0.0749485193 0.831190348 0.10632935 0.0749485193 0.827580351 0.0613691004 0.119744681 0.861382592 0.046929312 0.0972645608 0.831190348 0.10632935 0.0749485193 0.861382592 0.046929312 0.0972645608 0.864336175 0.0812238093 0.0631341471 0.864336175 0.0812238093 0.0631341471 0.861382592 0.046929312 0.0972645608 0.899943416 0 0.0189943396 0.176887417 0 -0.00660346697 0.213807325 0 0.102023122 0.213807325 0.0543132947 0.0875833341 0.213807325 0.0543132947 0.0875833341 0.213807325 0 0.102023122 0.250727234 0 0.135661271 0.213807325 0.0543132947 0.0875833341 0.250727234 0 0.135661271 0.250727234 0.0710503221 0.116627004 0.250727234 0.0710503221 0.116627004 0.250727234 0 0.135661271 0.287647142 0 0.152398298 0.250727234 0.0710503221 0.116627004 0.287647142 0 0.152398298 0.287647142 0.0795829243 0.131066793 0.287647142 0.0795829243 0.131066793 0.287647142 0 0.152398298 0.324731154 0 0.15764913 0.287647142 0.0795829243 0.131066793 0.324731154 0 0.15764913 0.324731154 0.0822083403 0.135661271 0.324731154 0.0822083403 0.135661271 0.324731154 0 0.15764913 0.364153395 0 0.152726475 0.324731154 0.0822083403 0.135661271 0.364153395 0 0.152726475 0.363825228 0.0797470128 0.13139497 0.363825228 0.0797470128 0.13139497 0.364153395 0 0.152726475 0.418466715 0 0.145342487 0.363825228 0.0797470128 0.13139497 0.418466715 0 0.145342487 0.418302632 0.0763011542 0.124831429 0.418302632 0.0763011542 0.124831429 0.418466715 0 0.145342487 0.479999909 0 0.137466239 0.418302632 0.0763011542 0.124831429 0.479999909 0 0.137466239 0.479835826 0.0725271186 0.117939712 0.479835826 0.0725271186 0.117939712 0.479999909 0 0.137466239 0.540056271 0 0.130902699 0.479835826 0.0725271186 0.117939712 0.540056271 0 0.130902699 0.540220395 0.0692453485 0.112360703 0.540220395 0.0692453485 0.112360703 0.540056271 0 0.130902699 0.588954675 0 0.127785023 0.540220395 0.0692453485 0.112360703 0.588954675 0 0.127785023 0.589611009 0.0672762865 0.109735287 0.589611009 0.0672762865 0.109735287 0.588954675 0 0.127785023 0.62899225 0 0.128933637 0.589611009 0.0672762865 0.109735287 0.62899225 0 0.128933637 0.630304958 0.066784021 0.111212079 0.630304958 0.066784021 0.111212079 0.62899225 0 0.128933637 0.668209408 0 0.133528115 0.630304958 0.066784021 0.111212079 0.668209408 0 0.133528115 0.669686199 0.0676044635 0.11547838 0.669686199 0.0676044635 0.11547838 0.668209408 0 0.133528115 0.704021712 0 0.139599395 0.669686199 0.0676044635 0.11547838 0.704021712 0 0.139599395 0.705990794 0.068753083 0.121221482 0.705990794 0.068753083 0.121221482 0.704021712 0 0.139599395 0.735034455 0 0.145506581 0.705990794 0.068753083 0.121221482 0.735034455 0 0.145506581 0.737003537 0.0700657911 0.126800491 0.737003537 0.0700657911 0.126800491 0.735034455 0 0.145506581 0.760960448 0 0.149772882 0.737003537 0.0700657911 0.126800491 0.760960448 0 0.149772882 0.762601283 0.0708862336 0.130738616 0.762601283 0.0708862336 0.130738616 0.760960448 0 0.149772882 0.793121775 0 0.14780382 0.762601283 0.0708862336 0.130738616 0.793121775 0 0.14780382 0.794598606 0.068753083 0.129589991 0.794598606 0.068753083 0.129589991 0.793121775 0 0.14780382 0.826103599 0 0.136153531 0.794598606 0.068753083 0.129589991 0.826103599 0 0.136153531 0.827580351 0.0613691004 0.119744681 0.827580351 0.0613691004 0.119744681 0.826103599 0 0.136153531 0.860398091 0 0.109899371 0.827580351 0.0613691004 0.119744681 0.860398091 0 0.109899371 0.861382592 0.046929312 0.0972645608 0.861382592 0.046929312 0.0972645608 0.860398091 0 0.109899371 0.899943416 0 0.0189943396 0.176887417 0 -0.00660346697 0.213807325 -0.0543132947 0.0875833341 0.213807325 0 0.102023122 0.213807325 0 0.102023122 0.213807325 -0.0543132947 0.0875833341 0.250727234 -0.0710503221 0.116627004 0.213807325 0 0.102023122 0.250727234 -0.0710503221 0.116627004 0.250727234 0 0.135661271 0.250727234 0 0.135661271 0.250727234 -0.0710503221 0.116627004 0.287647142 -0.0795829243 0.131066793 0.250727234 0 0.135661271 0.287647142 -0.0795829243 0.131066793 0.287647142 0 0.152398298 0.287647142 0 0.152398298 0.287647142 -0.0795829243 0.131066793 0.324731154 -0.0822083403 0.135661271 0.287647142 0 0.152398298 0.324731154 -0.0822083403 0.135661271 0.324731154 0 0.15764913 0.324731154 0 0.15764913 0.324731154 -0.0822083403 0.135661271 0.363825228 -0.0797470128 0.13139497 0.324731154 0 0.15764913 0.363825228 -0.0797470128 0.13139497 0.364153395 0 0.152726475 0.364153395 0 0.152726475 0.363825228 -0.0797470128 0.13139497 0.418302632 -0.0763011542 0.124831429 0.364153395 0 0.152726475 0.418302632 -0.0763011542 0.124831429 0.418466715 0 0.145342487 0.418466715 0 0.145342487 0.418302632 -0.0763011542 0.124831429 0.479835826 -0.0725271186 0.117939712 0.418466715 0 0.145342487 0.479835826 -0.0725271186 0.117939712 0.479999909 0 0.137466239 0.479999909 0 0.137466239 0.479835826 -0.0725271186 0.117939712 0.540220395 -0.0692453485 0.112360703 0.479999909 0 0.137466239 0.540220395 -0.0692453485 0.112360703 0.540056271 0 0.130902699 0.540056271 0 0.130902699 0.540220395 -0.0692453485 0.112360703 0.589611009 -0.0672762865 0.109735287 0.540056271 0 0.130902699 0.589611009 -0.0672762865 0.109735287 0.588954675 0 0.127785023 0.588954675 0 0.127785023 0.589611009 -0.0672762865 0.109735287 0.630304958 -0.066784021 0.111212079 0.588954675 0 0.127785023 0.630304958 -0.066784021 0.111212079 0.62899225 0 0.128933637 0.62899225 0 0.128933637 0.630304958 -0.066784021 0.111212079 0.669686199 -0.0676044635 0.11547838 0.62899225 0 0.128933637 0.669686199 -0.0676044635 0.11547838 0.668209408 0 0.133528115 0.668209408 0 0.133528115 0.669686199 -0.0676044635 0.11547838 0.705990794 -0.068753083 0.121221482 0.668209408 0 0.133528115 0.705990794 -0.068753083 0.121221482 0.704021712 0 0.139599395 0.704021712 0 0.139599395 0.705990794 -0.068753083 0.121221482 0.737003537 -0.0700657911 0.126800491 0.704021712 0 0.139599395 0.737003537 -0.0700657911 0.126800491 0.735034455 0 0.145506581 0.735034455 0 0.145506581 0.737003537 -0.0700657911 0.126800491 0.762601283 -0.0708862336 0.130738616 0.735034455 0 0.145506581 0.762601283 -0.0708862336 0.130738616 0.760960448 0 0.149772882 0.760960448 0 0.149772882 0.762601283 -0.0708862336 0.130738616 0.794598606 -0.068753083 0.129589991 0.760960448 0 0.149772882 0.794598606 -0.068753083 0.129589991 0.793121775 0 0.14780382 0.793121775 0 0.14780382 0.794598606 -0.068753083 0.129589991 0.827580351 -0.0613691004 0.119744681 0.793121775 0 0.14780382 0.827580351 -0.0613691004 0.119744681 0.826103599 0 0.136153531 0.826103599 0 0.136153531 0.827580351 -0.0613691004 0.119744681 0.861382592 -0.046929312 0.0972645608 0.826103599 0 0.136153531 0.861382592 -0.046929312 0.0972645608 0.860398091 0 0.109899371 0.860398091 0 0.109899371 0.861382592 -0.046929312 0.0972645608 0.899943416 0 0.0189943396 0.176887417 0 -0.00660346697 0.213807325 -0.0940227176 0.0477098277 0.213807325 -0.0543132947 0.0875833341 0.213807325 -0.0543132947 0.0875833341 0.213807325 -0.0940227176 0.0477098277 0.250727234 -0.123230471 0.0646109436 0.213807325 -0.0543132947 0.0875833341 0.250727234 -0.123230471 0.0646109436 0.250727234 -0.0710503221 0.116627004 0.250727234 -0.0710503221 0.116627004 0.250727234 -0.123230471 0.0646109436 0.287647142 -0.13767026 0.0729794573 0.250727234 -0.0710503221 0.116627004 0.287647142 -0.13767026 0.0729794573 0.287647142 -0.0795829243 0.131066793 0.287647142 -0.0795829243 0.131066793 0.287647142 -0.13767026 0.0729794573 0.324731154 -0.142264738 0.0756048734 0.287647142 -0.0795829243 0.131066793 0.324731154 -0.142264738 0.0756048734 0.324731154 -0.0822083403 0.135661271 0.324731154 -0.0822083403 0.135661271 0.324731154 -0.142264738 0.0756048734 0.363332978 -0.13816252 0.0729794573 0.324731154 -0.0822083403 0.135661271 0.363332978 -0.13816252 0.0729794573 0.363825228 -0.0797470128 0.13139497 0.363825228 -0.0797470128 0.13139497 0.363332978 -0.13816252 0.0729794573 0.417810341 -0.132255334 0.0690413332 0.363825228 -0.0797470128 0.13139497 0.417810341 -0.132255334 0.0690413332 0.418302632 -0.0763011542 0.124831429 0.418302632 -0.0763011542 0.124831429 0.417810341 -0.132255334 0.0690413332 0.479671702 -0.125691794 0.0649391206 0.418302632 -0.0763011542 0.124831429 0.479671702 -0.125691794 0.0649391206 0.479835826 -0.0725271186 0.117939712 0.479835826 -0.0725271186 0.117939712 0.479671702 -0.125691794 0.0649391206 0.540548562 -0.119948701 0.0616573505 0.479835826 -0.0725271186 0.117939712 0.540548562 -0.119948701 0.0616573505 0.540220395 -0.0692453485 0.112360703 0.540220395 -0.0692453485 0.112360703 0.540548562 -0.119948701 0.0616573505 0.591251884 -0.116338754 0.060508731 0.540220395 -0.0692453485 0.112360703 0.591251884 -0.116338754 0.060508731 0.589611009 -0.0672762865 0.109735287 0.589611009 -0.0672762865 0.109735287 0.591251884 -0.116338754 0.060508731 0.633422665 -0.1156824 0.0623137046 0.589611009 -0.0672762865 0.109735287 0.633422665 -0.1156824 0.0623137046 0.630304958 -0.066784021 0.111212079 0.630304958 -0.066784021 0.111212079 0.633422665 -0.1156824 0.0623137046 0.674157635 -0.116995108 0.0662518286 0.630304958 -0.066784021 0.111212079 0.674157635 -0.116995108 0.0662518286 0.669686199 -0.0676044635 0.11547838 0.669686199 -0.0676044635 0.11547838 0.674157635 -0.116995108 0.0662518286 0.711241627 -0.119128254 0.0711744838 0.669686199 -0.0676044635 0.11547838 0.711241627 -0.119128254 0.0711744838 0.705990794 -0.068753083 0.121221482 0.705990794 -0.068753083 0.121221482 0.711241627 -0.119128254 0.0711744838 0.742418452 -0.121425493 0.0757689619 0.705990794 -0.068753083 0.121221482 0.742418452 -0.121425493 0.0757689619 0.737003537 -0.0700657911 0.126800491 0.737003537 -0.0700657911 0.126800491 0.742418452 -0.121425493 0.0757689619 0.766867614 -0.122902294 0.0790507319 0.737003537 -0.0700657911 0.126800491 0.766867614 -0.122902294 0.0790507319 0.762601283 -0.0708862336 0.130738616 0.762601283 -0.0708862336 0.130738616 0.766867614 -0.122902294 0.0790507319 0.798864857 -0.11896417 0.0793789089 0.762601283 -0.0708862336 0.130738616 0.798864857 -0.11896417 0.0793789089 0.794598606 -0.068753083 0.129589991 0.794598606 -0.068753083 0.129589991 0.798864857 -0.11896417 0.0793789089 0.831190348 -0.10632935 0.0749485193 0.794598606 -0.068753083 0.129589991 0.831190348 -0.10632935 0.0749485193 0.827580351 -0.0613691004 0.119744681 0.827580351 -0.0613691004 0.119744681 0.831190348 -0.10632935 0.0749485193 0.864336175 -0.0812238093 0.0631341471 0.827580351 -0.0613691004 0.119744681 0.864336175 -0.0812238093 0.0631341471 0.861382592 -0.046929312 0.0972645608 0.861382592 -0.046929312 0.0972645608 0.864336175 -0.0812238093 0.0631341471 0.899943416 0 0.0189943396 0.176887417 0 -0.00660346697 0.213807325 -0.108626589 -0.00660346697 0.213807325 -0.0940227176 0.0477098277 0.213807325 -0.0940227176 0.0477098277 0.213807325 -0.108626589 -0.00660346697 0.250727234 -0.142264738 -0.00660346697 0.213807325 -0.0940227176 0.0477098277 0.250727234 -0.142264738 -0.00660346697 0.250727234 -0.123230471 0.0646109436 0.250727234 -0.123230471 0.0646109436 0.250727234 -0.142264738 -0.00660346697 0.287647142 -0.159001765 -0.00660346697 0.250727234 -0.123230471 0.0646109436 0.287647142 -0.159001765 -0.00660346697 0.287647142 -0.13767026 0.0729794573 0.287647142 -0.13767026 0.0729794573 0.287647142 -0.159001765 -0.00660346697 0.324731154 -0.164252597 -0.00660346697 0.287647142 -0.13767026 0.0729794573 0.324731154 -0.164252597 -0.00660346697 0.324731154 -0.142264738 0.0756048734 0.324731154 -0.142264738 0.0756048734 0.324731154 -0.164252597 -0.00660346697 0.362676604 -0.159658119 -0.00676755547 0.324731154 -0.142264738 0.0756048734 0.362676604 -0.159658119 -0.00676755547 0.363332978 -0.13816252 0.0729794573 0.363332978 -0.13816252 0.0729794573 0.362676604 -0.159658119 -0.00676755547 0.417154007 -0.152602308 -0.00725982098 0.363332978 -0.13816252 0.0729794573 0.417154007 -0.152602308 -0.00725982098 0.417810341 -0.132255334 0.0690413332 0.417810341 -0.132255334 0.0690413332 0.417154007 -0.152602308 -0.00725982098 0.479507618 -0.145054237 -0.00775208649 0.417810341 -0.132255334 0.0690413332 0.479507618 -0.145054237 -0.00775208649 0.479671702 -0.125691794 0.0649391206 0.479671702 -0.125691794 0.0649391206 0.479507618 -0.145054237 -0.00775208649 0.541204896 -0.138490697 -0.00758799799 0.479671702 -0.125691794 0.0649391206 0.541204896 -0.138490697 -0.00758799799 0.540548562 -0.119948701 0.0616573505 0.540548562 -0.119948701 0.0616573505 0.541204896 -0.138490697 -0.00758799799 0.593549134 -0.134388489 -0.00660346697 0.540548562 -0.119948701 0.0616573505 0.593549134 -0.134388489 -0.00660346697 0.591251884 -0.116338754 0.060508731 0.591251884 -0.116338754 0.060508731 0.593549134 -0.134388489 -0.00660346697 0.638017123 -0.133568042 -0.00430622792 0.591251884 -0.116338754 0.060508731 0.638017123 -0.133568042 -0.00430622792 0.633422665 -0.1156824 0.0623137046 0.633422665 -0.1156824 0.0623137046 0.638017123 -0.133568042 -0.00430622792 0.680228884 -0.135044843 -0.00102445784 0.633422665 -0.1156824 0.0623137046 0.680228884 -0.135044843 -0.00102445784 0.674157635 -0.116995108 0.0662518286 0.674157635 -0.116995108 0.0662518286 0.680228884 -0.135044843 -0.00102445784 0.718297457 -0.13767026 0.00274957774 0.674157635 -0.116995108 0.0662518286 0.718297457 -0.13767026 0.00274957774 0.711241627 -0.119128254 0.0711744838 0.711241627 -0.119128254 0.0711744838 0.718297457 -0.13767026 0.00274957774 0.74980245 -0.140295676 0.00603134781 0.711241627 -0.119128254 0.0711744838 0.74980245 -0.140295676 0.00603134781 0.742418452 -0.121425493 0.0757689619 0.742418452 -0.121425493 0.0757689619 0.74980245 -0.140295676 0.00603134781 0.77277478 -0.141936561 0.00832858686 0.742418452 -0.121425493 0.0757689619 0.77277478 -0.141936561 0.00832858686 0.766867614 -0.122902294 0.0790507319 0.766867614 -0.122902294 0.0790507319 0.77277478 -0.141936561 0.00832858686 0.80460794 -0.137342083 0.0109540029 0.766867614 -0.122902294 0.0790507319 0.80460794 -0.137342083 0.0109540029 0.798864857 -0.11896417 0.0793789089 0.798864857 -0.11896417 0.0793789089 0.80460794 -0.137342083 0.0109540029 0.83644118 -0.122902294 0.013579419 0.798864857 -0.11896417 0.0793789089 0.83644118 -0.122902294 0.013579419 0.831190348 -0.10632935 0.0749485193 0.831190348 -0.10632935 0.0749485193 0.83644118 -0.122902294 0.013579419 0.868110256 -0.0938586241 0.0163689235 0.831190348 -0.10632935 0.0749485193 0.868110256 -0.0938586241 0.0163689235 0.864336175 -0.0812238093 0.0631341471 0.864336175 -0.0812238093 0.0631341471 0.868110256 -0.0938586241 0.0163689235 0.899943416 0 0.0189943396 0.176887417 0 -0.00660346697 0.213807325 -0.0940227176 -0.0609167617 0.213807325 -0.108626589 -0.00660346697 0.213807325 -0.108626589 -0.00660346697 0.213807325 -0.0940227176 -0.0609167617 0.250727234 -0.123230471 -0.077653789 0.213807325 -0.108626589 -0.00660346697 0.250727234 -0.123230471 -0.077653789 0.250727234 -0.142264738 -0.00660346697 0.250727234 -0.142264738 -0.00660346697 0.250727234 -0.123230471 -0.077653789 0.287647142 -0.13767026 -0.0861863912 0.250727234 -0.142264738 -0.00660346697 0.287647142 -0.13767026 -0.0861863912 0.287647142 -0.159001765 -0.00660346697 0.287647142 -0.159001765 -0.00660346697 0.287647142 -0.13767026 -0.0861863912 0.324731154 -0.142264738 -0.0888118073 0.287647142 -0.159001765 -0.00660346697 0.324731154 -0.142264738 -0.0888118073 0.324731154 -0.164252597 -0.00660346697 0.324731154 -0.164252597 -0.00660346697 0.324731154 -0.142264738 -0.0888118073 0.36202027 -0.13816252 -0.0866786567 0.324731154 -0.164252597 -0.00660346697 0.36202027 -0.13816252 -0.0866786567 0.362676604 -0.159658119 -0.00676755547 0.362676604 -0.159658119 -0.00676755547 0.36202027 -0.13816252 -0.0866786567 0.416497633 -0.132255334 -0.0837250637 0.362676604 -0.159658119 -0.00676755547 0.416497633 -0.132255334 -0.0837250637 0.417154007 -0.152602308 -0.00725982098 0.417154007 -0.152602308 -0.00725982098 0.416497633 -0.132255334 -0.0837250637 0.479343535 -0.125691794 -0.0802792051 0.417154007 -0.152602308 -0.00725982098 0.479343535 -0.125691794 -0.0802792051 0.479507618 -0.145054237 -0.00775208649 0.479507618 -0.145054237 -0.00775208649 0.479343535 -0.125691794 -0.0802792051 0.541697186 -0.119948701 -0.0768333465 0.479507618 -0.145054237 -0.00775208649 0.541697186 -0.119948701 -0.0768333465 0.541204896 -0.138490697 -0.00758799799 0.541204896 -0.138490697 -0.00758799799 0.541697186 -0.119948701 -0.0768333465 0.595682299 -0.116338754 -0.073715665 0.541204896 -0.138490697 -0.00758799799 0.595682299 -0.116338754 -0.073715665 0.593549134 -0.134388489 -0.00660346697 0.593549134 -0.134388489 -0.00660346697 0.595682299 -0.116338754 -0.073715665 0.642447498 -0.1156824 -0.0709261604 0.593549134 -0.134388489 -0.00660346697 0.642447498 -0.1156824 -0.0709261604 0.638017123 -0.133568042 -0.00430622792 0.638017123 -0.133568042 -0.00430622792 0.642447498 -0.1156824 -0.0709261604 0.686300134 -0.116995108 -0.0683007443 0.638017123 -0.133568042 -0.00430622792 0.686300134 -0.116995108 -0.0683007443 0.680228884 -0.135044843 -0.00102445784 0.680228884 -0.135044843 -0.00102445784 0.686300134 -0.116995108 -0.0683007443 0.725353208 -0.119128254 -0.0656753283 0.680228884 -0.135044843 -0.00102445784 0.725353208 -0.119128254 -0.0656753283 0.718297457 -0.13767026 0.00274957774 0.718297457 -0.13767026 0.00274957774 0.725353208 -0.119128254 -0.0656753283 0.757186367 -0.121425493 -0.0637062662 0.718297457 -0.13767026 0.00274957774 0.757186367 -0.121425493 -0.0637062662 0.74980245 -0.140295676 0.00603134781 0.74980245 -0.140295676 0.00603134781 0.757186367 -0.121425493 -0.0637062662 0.778682027 -0.122902294 -0.0623935582 0.74980245 -0.140295676 0.00603134781 0.778682027 -0.122902294 -0.0623935582 0.77277478 -0.141936561 0.00832858686 0.77277478 -0.141936561 0.00832858686 0.778682027 -0.122902294 -0.0623935582 0.810351103 -0.11896417 -0.0574709031 0.77277478 -0.141936561 0.00832858686 0.810351103 -0.11896417 -0.0574709031 0.80460794 -0.137342083 0.0109540029 0.80460794 -0.137342083 0.0109540029 0.810351103 -0.11896417 -0.0574709031 0.841527928 -0.10632935 -0.0476255929 0.80460794 -0.137342083 0.0109540029 0.841527928 -0.10632935 -0.0476255929 0.83644118 -0.122902294 0.013579419 0.83644118 -0.122902294 0.013579419 0.841527928 -0.10632935 -0.0476255929 0.87204834 -0.0812238093 -0.0303963 0.83644118 -0.122902294 0.013579419 0.87204834 -0.0812238093 -0.0303963 0.868110256 -0.0938586241 0.0163689235 0.868110256 -0.0938586241 0.0163689235 0.87204834 -0.0812238093 -0.0303963 0.899943416 0 0.0189943396 0.176887417 0 -0.00660346697 0.213807325 -0.0543132947 -0.100626185 0.213807325 -0.0940227176 -0.0609167617 0.213807325 -0.0940227176 -0.0609167617 0.213807325 -0.0543132947 -0.100626185 0.250727234 -0.0710503221 -0.129833938 0.213807325 -0.0940227176 -0.0609167617 0.250727234 -0.0710503221 -0.129833938 0.250727234 -0.123230471 -0.077653789 0.250727234 -0.123230471 -0.077653789 0.250727234 -0.0710503221 -0.129833938 0.287647142 -0.0795829243 -0.144273727 0.250727234 -0.123230471 -0.077653789 0.287647142 -0.0795829243 -0.144273727 0.287647142 -0.13767026 -0.0861863912 0.287647142 -0.13767026 -0.0861863912 0.287647142 -0.0795829243 -0.144273727 0.32456707 -0.0822083403 -0.148868205 0.287647142 -0.13767026 -0.0861863912 0.32456707 -0.0822083403 -0.148868205 0.324731154 -0.142264738 -0.0888118073 0.324731154 -0.142264738 -0.0888118073 0.32456707 -0.0822083403 -0.148868205 0.361527979 -0.0797470128 -0.145094164 0.324731154 -0.142264738 -0.0888118073 0.361527979 -0.0797470128 -0.145094164 0.36202027 -0.13816252 -0.0866786567 0.36202027 -0.13816252 -0.0866786567 0.361527979 -0.0797470128 -0.145094164 0.416169466 -0.0763011542 -0.139515155 0.36202027 -0.13816252 -0.0866786567 0.416169466 -0.0763011542 -0.139515155 0.416497633 -0.132255334 -0.0837250637 0.416497633 -0.132255334 -0.0837250637 0.416169466 -0.0763011542 -0.139515155 0.479179451 -0.0725271186 -0.133279792 0.416497633 -0.132255334 -0.0837250637 0.479179451 -0.0725271186 -0.133279792 0.479343535 -0.125691794 -0.0802792051 0.479343535 -0.125691794 -0.0802792051 0.479179451 -0.0725271186 -0.133279792 0.542189437 -0.0692453485 -0.127536699 0.479343535 -0.125691794 -0.0802792051 0.542189437 -0.0692453485 -0.127536699 0.541697186 -0.119948701 -0.0768333465 0.541697186 -0.119948701 -0.0768333465 0.542189437 -0.0692453485 -0.127536699 0.597323174 -0.0672762865 -0.122942221 0.541697186 -0.119948701 -0.0768333465 0.597323174 -0.0672762865 -0.122942221 0.595682299 -0.116338754 -0.073715665 0.595682299 -0.116338754 -0.073715665 0.597323174 -0.0672762865 -0.122942221 0.645729288 -0.066784021 -0.119824534 0.595682299 -0.116338754 -0.073715665 0.645729288 -0.066784021 -0.119824534 0.642447498 -0.1156824 -0.0709261604 0.642447498 -0.1156824 -0.0709261604 0.645729288 -0.066784021 -0.119824534 0.690730549 -0.0676044635 -0.117527295 0.642447498 -0.1156824 -0.0709261604 0.690730549 -0.0676044635 -0.117527295 0.686300134 -0.116995108 -0.0683007443 0.686300134 -0.116995108 -0.0683007443 0.690730549 -0.0676044635 -0.117527295 0.73060404 -0.068753083 -0.11588641 0.686300134 -0.116995108 -0.0683007443 0.73060404 -0.068753083 -0.11588641 0.725353208 -0.119128254 -0.0656753283 0.725353208 -0.119128254 -0.0656753283 0.73060404 -0.068753083 -0.11588641 0.762601283 -0.0700657911 -0.114737796 0.725353208 -0.119128254 -0.0656753283 0.762601283 -0.0700657911 -0.114737796 0.757186367 -0.121425493 -0.0637062662 0.757186367 -0.121425493 -0.0637062662 0.762601283 -0.0700657911 -0.114737796 0.782948278 -0.0708862336 -0.114081442 0.757186367 -0.121425493 -0.0637062662 0.782948278 -0.0708862336 -0.114081442 0.778682027 -0.122902294 -0.0623935582 0.778682027 -0.122902294 -0.0623935582 0.782948278 -0.0708862336 -0.114081442 0.81445327 -0.068753083 -0.107517902 0.778682027 -0.122902294 -0.0623935582 0.81445327 -0.068753083 -0.107517902 0.810351103 -0.11896417 -0.0574709031 0.810351103 -0.11896417 -0.0574709031 0.81445327 -0.068753083 -0.107517902 0.845301929 -0.0613691004 -0.0924217594 0.810351103 -0.11896417 -0.0574709031 0.845301929 -0.0613691004 -0.0924217594 0.841527928 -0.10632935 -0.0476255929 0.841527928 -0.10632935 -0.0476255929 0.845301929 -0.0613691004 -0.0924217594 0.875001923 -0.046929312 -0.0646907973 0.841527928 -0.10632935 -0.0476255929 0.875001923 -0.046929312 -0.0646907973 0.87204834 -0.0812238093 -0.0303963 0.87204834 -0.0812238093 -0.0303963 0.875001923 -0.046929312 -0.0646907973 0.899943416 0 0.0189943396 0.176887417 0 -0.00660346697 0.213807325 0 -0.115230056 0.213807325 -0.0543132947 -0.100626185 0.213807325 -0.0543132947 -0.100626185 0.213807325 0 -0.115230056 0.250727234 0 -0.148868205 0.213807325 -0.0543132947 -0.100626185 0.250727234 0 -0.148868205 0.250727234 -0.0710503221 -0.129833938 0.250727234 -0.0710503221 -0.129833938 0.250727234 0 -0.148868205 0.287647142 0 -0.165605232 0.250727234 -0.0710503221 -0.129833938 0.287647142 0 -0.165605232 0.287647142 -0.0795829243 -0.144273727 0.287647142 -0.0795829243 -0.144273727 0.287647142 0 -0.165605232 0.32456707 0 -0.170856064 0.287647142 -0.0795829243 -0.144273727 0.32456707 0 -0.170856064 0.32456707 -0.0822083403 -0.148868205 0.32456707 -0.0822083403 -0.148868205 0.32456707 0 -0.170856064 0.361363896 0 -0.16642567 0.32456707 -0.0822083403 -0.148868205 0.361363896 0 -0.16642567 0.361527979 -0.0797470128 -0.145094164 0.361527979 -0.0797470128 -0.145094164 0.361363896 0 -0.16642567 0.416005383 0 -0.160026223 0.361527979 -0.0797470128 -0.145094164 0.416005383 0 -0.160026223 0.416169466 -0.0763011542 -0.139515155 0.416169466 -0.0763011542 -0.139515155 0.416005383 0 -0.160026223 0.479179451 0 -0.152806329 0.416169466 -0.0763011542 -0.139515155 0.479179451 0 -0.152806329 0.479179451 -0.0725271186 -0.133279792 0.479179451 -0.0725271186 -0.133279792 0.479179451 0 -0.152806329 0.54235352 0 -0.146078695 0.479179451 -0.0725271186 -0.133279792 0.54235352 0 -0.146078695 0.542189437 -0.0692453485 -0.127536699 0.542189437 -0.0692453485 -0.127536699 0.54235352 0 -0.146078695 0.597979548 0 -0.140991956 0.542189437 -0.0692453485 -0.127536699 0.597979548 0 -0.140991956 0.597323174 -0.0672762865 -0.122942221 0.597323174 -0.0672762865 -0.122942221 0.597979548 0 -0.140991956 0.646877912 0 -0.137710186 0.597323174 -0.0672762865 -0.122942221 0.646877912 0 -0.137710186 0.645729288 -0.066784021 -0.119824534 0.645729288 -0.066784021 -0.119824534 0.646877912 0 -0.137710186 0.692371464 0 -0.135577031 0.645729288 -0.066784021 -0.119824534 0.692371464 0 -0.135577031 0.690730549 -0.0676044635 -0.117527295 0.690730549 -0.0676044635 -0.117527295 0.692371464 0 -0.135577031 0.732409038 0 -0.134100239 0.690730549 -0.0676044635 -0.117527295 0.732409038 0 -0.134100239 0.73060404 -0.068753083 -0.11588641 0.73060404 -0.068753083 -0.11588641 0.732409038 0 -0.134100239 0.764570365 0 -0.133443885 0.73060404 -0.068753083 -0.11588641 0.764570365 0 -0.133443885 0.762601283 -0.0700657911 -0.114737796 0.762601283 -0.0700657911 -0.114737796 0.764570365 0 -0.133443885 0.784589193 0 -0.133115708 0.762601283 -0.0700657911 -0.114737796 0.784589193 0 -0.133115708 0.782948278 -0.0708862336 -0.114081442 0.782948278 -0.0708862336 -0.114081442 0.784589193 0 -0.133115708 0.815930102 0 -0.125895814 0.782948278 -0.0708862336 -0.114081442 0.815930102 0 -0.125895814 0.81445327 -0.068753083 -0.107517902 0.81445327 -0.068753083 -0.107517902 0.815930102 0 -0.125895814 0.846614597 0 -0.10883061 0.81445327 -0.068753083 -0.107517902 0.846614597 0 -0.10883061 0.845301929 -0.0613691004 -0.0924217594 0.845301929 -0.0613691004 -0.0924217594 0.846614597 0 -0.10883061 0.875986504 0 -0.0771615235 0.845301929 -0.0613691004 -0.0924217594 0.875986504 0 -0.0771615235 0.875001923 -0.046929312 -0.0646907973 0.875001923 -0.046929312 -0.0646907973 0.875986504 0 -0.0771615235 0.899943416 0 0.0189943396 0.176887417 0 -0.00660346697 0.213807325 0.0543132947 -0.100626185 0.213807325 0 -0.115230056 0.213807325 0 -0.115230056 0.213807325 0.0543132947 -0.100626185 0.250727234 0.0710503221 -0.129833938 0.213807325 0 -0.115230056 0.250727234 0.0710503221 -0.129833938 0.250727234 0 -0.148868205 0.250727234 0 -0.148868205 0.250727234 0.0710503221 -0.129833938 0.287647142 0.0795829243 -0.144273727 0.250727234 0 -0.148868205 0.287647142 0.0795829243 -0.144273727 0.287647142 0 -0.165605232 0.287647142 0 -0.165605232 0.287647142 0.0795829243 -0.144273727 0.32456707 0.0822083403 -0.148868205 0.287647142 0 -0.165605232 0.32456707 0.0822083403 -0.148868205 0.32456707 0 -0.170856064 0.32456707 0 -0.170856064 0.32456707 0.0822083403 -0.148868205 0.361527979 0.0797470128 -0.145094164 0.32456707 0 -0.170856064 0.361527979 0.0797470128 -0.145094164 0.361363896 0 -0.16642567 0.361363896 0 -0.16642567 0.361527979 0.0797470128 -0.145094164 0.416169466 0.0763011542 -0.139515155 0.361363896 0 -0.16642567 0.416169466 0.0763011542 -0.139515155 0.416005383 0 -0.160026223 0.416005383 0 -0.160026223 0.416169466 0.0763011542 -0.139515155 0.479179451 0.0725271186 -0.133279792 0.416005383 0 -0.160026223 0.479179451 0.0725271186 -0.133279792 0.479179451 0 -0.152806329 0.479179451 0 -0.152806329 0.479179451 0.0725271186 -0.133279792 0.542189437 0.0692453485 -0.127536699 0.479179451 0 -0.152806329 0.542189437 0.0692453485 -0.127536699 0.54235352 0 -0.146078695 0.54235352 0 -0.146078695 0.542189437 0.0692453485 -0.127536699 0.597323174 0.0672762865 -0.122942221 0.54235352 0 -0.146078695 0.597323174 0.0672762865 -0.122942221 0.597979548 0 -0.140991956 0.597979548 0 -0.140991956 0.597323174 0.0672762865 -0.122942221 0.645729288 0.066784021 -0.119824534 0.597979548 0 -0.140991956 0.645729288 0.066784021 -0.119824534 0.646877912 0 -0.137710186 0.646877912 0 -0.137710186 0.645729288 0.066784021 -0.119824534 0.690730549 0.0676044635 -0.117527295 0.646877912 0 -0.137710186 0.690730549 0.0676044635 -0.117527295 0.692371464 0 -0.135577031 0.692371464 0 -0.135577031 0.690730549 0.0676044635 -0.117527295 0.73060404 0.068753083 -0.11588641 0.692371464 0 -0.135577031 0.73060404 0.068753083 -0.11588641 0.732409038 0 -0.134100239 0.732409038 0 -0.134100239 0.73060404 0.068753083 -0.11588641 0.762601283 0.0700657911 -0.114737796 0.732409038 0 -0.134100239 0.762601283 0.0700657911 -0.114737796 0.764570365 0 -0.133443885 0.764570365 0 -0.133443885 0.762601283 0.0700657911 -0.114737796 0.782948278 0.0708862336 -0.114081442 0.764570365 0 -0.133443885 0.782948278 0.0708862336 -0.114081442 0.784589193 0 -0.133115708 0.784589193 0 -0.133115708 0.782948278 0.0708862336 -0.114081442 0.81445327 0.068753083 -0.107517902 0.784589193 0 -0.133115708 0.81445327 0.068753083 -0.107517902 0.815930102 0 -0.125895814 0.815930102 0 -0.125895814 0.81445327 0.068753083 -0.107517902 0.845301929 0.0613691004 -0.0924217594 0.815930102 0 -0.125895814 0.845301929 0.0613691004 -0.0924217594 0.846614597 0 -0.10883061 0.846614597 0 -0.10883061 0.845301929 0.0613691004 -0.0924217594 0.875001923 0.046929312 -0.0646907973 0.846614597 0 -0.10883061 0.875001923 0.046929312 -0.0646907973 0.875986504 0 -0.0771615235 0.875986504 0 -0.0771615235 0.875001923 0.046929312 -0.0646907973 0.899943416 0 0.0189943396 0.176887417 0 -0.00660346697 0.213807325 0.0940227176 -0.0609167617 0.213807325 0.0543132947 -0.100626185 0.213807325 0.0543132947 -0.100626185 0.213807325 0.0940227176 -0.0609167617 0.250727234 0.123230471 -0.077653789 0.213807325 0.0543132947 -0.100626185 0.250727234 0.123230471 -0.077653789 0.250727234 0.0710503221 -0.129833938 0.250727234 0.0710503221 -0.129833938 0.250727234 0.123230471 -0.077653789 0.287647142 0.13767026 -0.0861863912 0.250727234 0.0710503221 -0.129833938 0.287647142 0.13767026 -0.0861863912 0.287647142 0.0795829243 -0.144273727 0.287647142 0.0795829243 -0.144273727 0.287647142 0.13767026 -0.0861863912 0.324731154 0.142264738 -0.0888118073 0.287647142 0.0795829243 -0.144273727 0.324731154 0.142264738 -0.0888118073 0.32456707 0.0822083403 -0.148868205 0.32456707 0.0822083403 -0.148868205 0.324731154 0.142264738 -0.0888118073 0.36202027 0.13816252 -0.0866786567 0.32456707 0.0822083403 -0.148868205 0.36202027 0.13816252 -0.0866786567 0.361527979 0.0797470128 -0.145094164 0.361527979 0.0797470128 -0.145094164 0.36202027 0.13816252 -0.0866786567 0.416497633 0.132255334 -0.0837250637 0.361527979 0.0797470128 -0.145094164 0.416497633 0.132255334 -0.0837250637 0.416169466 0.0763011542 -0.139515155 0.416169466 0.0763011542 -0.139515155 0.416497633 0.132255334 -0.0837250637 0.479343535 0.125691794 -0.0802792051 0.416169466 0.0763011542 -0.139515155 0.479343535 0.125691794 -0.0802792051 0.479179451 0.0725271186 -0.133279792 0.479179451 0.0725271186 -0.133279792 0.479343535 0.125691794 -0.0802792051 0.541697186 0.119948701 -0.0768333465 0.479179451 0.0725271186 -0.133279792 0.541697186 0.119948701 -0.0768333465 0.542189437 0.0692453485 -0.127536699 0.542189437 0.0692453485 -0.127536699 0.541697186 0.119948701 -0.0768333465 0.595682299 0.116338754 -0.073715665 0.542189437 0.0692453485 -0.127536699 0.595682299 0.116338754 -0.073715665 0.597323174 0.0672762865 -0.122942221 0.597323174 0.0672762865 -0.122942221 0.595682299 0.116338754 -0.073715665 0.642447498 0.1156824 -0.0709261604 0.597323174 0.0672762865 -0.122942221 0.642447498 0.1156824 -0.0709261604 0.645729288 0.066784021 -0.119824534 0.645729288 0.066784021 -0.119824534 0.642447498 0.1156824 -0.0709261604 0.686300134 0.116995108 -0.0683007443 0.645729288 0.066784021 -0.119824534 0.686300134 0.116995108 -0.0683007443 0.690730549 0.0676044635 -0.117527295 0.690730549 0.0676044635 -0.117527295 0.686300134 0.116995108 -0.0683007443 0.725353208 0.119128254 -0.0656753283 0.690730549 0.0676044635 -0.117527295 0.725353208 0.119128254 -0.0656753283 0.73060404 0.068753083 -0.11588641 0.73060404 0.068753083 -0.11588641 0.725353208 0.119128254 -0.0656753283 0.757186367 0.121425493 -0.0637062662 0.73060404 0.068753083 -0.11588641 0.757186367 0.121425493 -0.0637062662 0.762601283 0.0700657911 -0.114737796 0.762601283 0.0700657911 -0.114737796 0.757186367 0.121425493 -0.0637062662 0.778682027 0.122902294 -0.0623935582 0.762601283 0.0700657911 -0.114737796 0.778682027 0.122902294 -0.0623935582 0.782948278 0.0708862336 -0.114081442 0.782948278 0.0708862336 -0.114081442 0.778682027 0.122902294 -0.0623935582 0.810351103 0.11896417 -0.0574709031 0.782948278 0.0708862336 -0.114081442 0.810351103 0.11896417 -0.0574709031 0.81445327 0.068753083 -0.107517902 0.81445327 0.068753083 -0.107517902 0.810351103 0.11896417 -0.0574709031 0.841527928 0.10632935 -0.0476255929 0.81445327 0.068753083 -0.107517902 0.841527928 0.10632935 -0.0476255929 0.845301929 0.0613691004 -0.0924217594 0.845301929 0.0613691004 -0.0924217594 0.841527928 0.10632935 -0.0476255929 0.87204834 0.0812238093 -0.0303963 0.845301929 0.0613691004 -0.0924217594 0.87204834 0.0812238093 -0.0303963 0.875001923 0.046929312 -0.0646907973 0.875001923 0.046929312 -0.0646907973 0.87204834 0.0812238093 -0.0303963 0.899943416 0 0.0189943396 0.176887417 0 -0.00660346697 0.213807325 0.108626589 -0.00660346697 0.213807325 0.0940227176 -0.0609167617 0.213807325 0.0940227176 -0.0609167617 0.213807325 0.108626589 -0.00660346697 0.250727234 0.142264738 -0.00660346697 0.213807325 0.0940227176 -0.0609167617 0.250727234 0.142264738 -0.00660346697 0.250727234 0.123230471 -0.077653789 0.250727234 0.123230471 -0.077653789 0.250727234 0.142264738 -0.00660346697 0.287647142 0.159001765 -0.00660346697 0.250727234 0.123230471 -0.077653789 0.287647142 0.159001765 -0.00660346697 0.287647142 0.13767026 -0.0861863912 0.287647142 0.13767026 -0.0861863912 0.287647142 0.159001765 -0.00660346697 0.324731154 0.164252597 -0.00660346697 0.287647142 0.13767026 -0.0861863912 0.324731154 0.164252597 -0.00660346697 0.324731154 0.142264738 -0.0888118073 0.324731154 0.142264738 -0.0888118073 0.324731154 0.164252597 -0.00660346697 0.362676604 0.159658119 -0.00676755547 0.324731154 0.142264738 -0.0888118073 0.362676604 0.159658119 -0.00676755547 0.36202027 0.13816252 -0.0866786567 0.36202027 0.13816252 -0.0866786567 0.362676604 0.159658119 -0.00676755547 0.417154007 0.152602308 -0.00725982098 0.36202027 0.13816252 -0.0866786567 0.417154007 0.152602308 -0.00725982098 0.416497633 0.132255334 -0.0837250637 0.416497633 0.132255334 -0.0837250637 0.417154007 0.152602308 -0.00725982098 0.479507618 0.145054237 -0.00775208649 0.416497633 0.132255334 -0.0837250637 0.479507618 0.145054237 -0.00775208649 0.479343535 0.125691794 -0.0802792051 0.479343535 0.125691794 -0.0802792051 0.479507618 0.145054237 -0.00775208649 0.541204896 0.138490697 -0.00758799799 0.479343535 0.125691794 -0.0802792051 0.541204896 0.138490697 -0.00758799799 0.541697186 0.119948701 -0.0768333465 0.541697186 0.119948701 -0.0768333465 0.541204896 0.138490697 -0.00758799799 0.593549134 0.134388489 -0.00660346697 0.541697186 0.119948701 -0.0768333465 0.593549134 0.134388489 -0.00660346697 0.595682299 0.116338754 -0.073715665 0.595682299 0.116338754 -0.073715665 0.593549134 0.134388489 -0.00660346697 0.638017123 0.133568042 -0.00430622792 0.595682299 0.116338754 -0.073715665 0.638017123 0.133568042 -0.00430622792 0.642447498 0.1156824 -0.0709261604 0.642447498 0.1156824 -0.0709261604 0.638017123 0.133568042 -0.00430622792 0.680228884 0.135044843 -0.00102445784 0.642447498 0.1156824 -0.0709261604 0.680228884 0.135044843 -0.00102445784 0.686300134 0.116995108 -0.0683007443 0.686300134 0.116995108 -0.0683007443 0.680228884 0.135044843 -0.00102445784 0.718297457 0.13767026 0.00274957774 0.686300134 0.116995108 -0.0683007443 0.718297457 0.13767026 0.00274957774 0.725353208 0.119128254 -0.0656753283 0.725353208 0.119128254 -0.0656753283 0.718297457 0.13767026 0.00274957774 0.74980245 0.140295676 0.00603134781 0.725353208 0.119128254 -0.0656753283 0.74980245 0.140295676 0.00603134781 0.757186367 0.121425493 -0.0637062662 0.757186367 0.121425493 -0.0637062662 0.74980245 0.140295676 0.00603134781 0.77277478 0.141936561 0.00832858686 0.757186367 0.121425493 -0.0637062662 0.77277478 0.141936561 0.00832858686 0.778682027 0.122902294 -0.0623935582 0.778682027 0.122902294 -0.0623935582 0.77277478 0.141936561 0.00832858686 0.80460794 0.137342083 0.0109540029 0.778682027 0.122902294 -0.0623935582 0.80460794 0.137342083 0.0109540029 0.810351103 0.11896417 -0.0574709031 0.810351103 0.11896417 -0.0574709031 0.80460794 0.137342083 0.0109540029 0.83644118 0.122902294 0.013579419 0.810351103 0.11896417 -0.0574709031 0.83644118 0.122902294 0.013579419 0.841527928 0.10632935 -0.0476255929 0.841527928 0.10632935 -0.0476255929 0.83644118 0.122902294 0.013579419 0.868110256 0.0938586241 0.0163689235 0.841527928 0.10632935 -0.0476255929 0.868110256 0.0938586241 0.0163689235 0.87204834 0.0812238093 -0.0303963 0.87204834 0.0812238093 -0.0303963 0.868110256 0.0938586241 0.0163689235 0.899943416 0 0.0189943396 -0.0561182682 0.858757176 -0.129833938 0.175246522 0.373342352 -0.129833938 -0.123394555 1.344172 -0.129833938 -0.0561182682 0.858757176 -0.0625576467 -0.123394555 1.344172 -0.0625576467 0.175246522 0.373342352 -0.0625576467 -0.0561182682 0.858757176 -0.129833938 -0.123394555 1.344172 -0.129833938 -0.242850985 1.20978353 -0.129833938 -0.0561182682 0.858757176 -0.0625576467 -0.242850985 1.20978353 -0.0625576467 -0.123394555 1.344172 -0.0625576467 -0.0561182682 0.858757176 -0.129833938 -0.242850985 1.20978353 -0.129833938 -0.0338022317 0.507730861 -0.129833938 -0.0561182682 0.858757176 -0.0625576467 -0.0338022317 0.507730861 -0.0625576467 -0.242850985 1.20978353 -0.0625576467 -0.0561182682 0.858757176 -0.129833938 -0.0338022317 0.507730861 -0.129833938 0.175246522 0.373342352 -0.129833938 -0.0561182682 0.858757176 -0.0625576467 0.175246522 0.373342352 -0.0625576467 -0.0338022317 0.507730861 -0.0625576467 0.175246522 0.373342352 -0.0625576467 -0.123394555 1.344172 -0.129833938 0.175246522 0.373342352 -0.129833938 0.175246522 0.373342352 -0.0625576467 -0.123394555 1.344172 -0.0625576467 -0.123394555 1.344172 -0.129833938 -0.123394555 1.344172 -0.0625576467 -0.242850985 1.20978353 -0.129833938 -0.123394555 1.344172 -0.129833938 -0.123394555 1.344172 -0.0625576467 -0.242850985 1.20978353 -0.0625576467 -0.242850985 1.20978353 -0.129833938 -0.242850985 1.20978353 -0.0625576467 -0.0338022317 0.507730861 -0.129833938 -0.242850985 1.20978353 -0.129833938 -0.242850985 1.20978353 -0.0625576467 -0.0338022317 0.507730861 -0.0625576467 -0.0338022317 0.507730861 -0.129833938 -0.0338022317 0.507730861 -0.0625576467 0.175246522 0.373342352 -0.129833938 -0.0338022317 0.507730861 -0.129833938 -0.0338022317 0.507730861 -0.0625576467 0.175246522 0.373342352 -0.0625576467 0.175246522 0.373342352 -0.129833938 -0.0561182682 -0.858757176 -0.129833938 -0.123394555 -1.344172 -0.129833938 0.175246522 -0.373342352 -0.129833938 -0.0561182682 -0.858757176 -0.0625576467 0.175246522 -0.373342352 -0.0625576467 -0.123394555 -1.344172 -0.0625576467 -0.0561182682 -0.858757176 -0.129833938 -0.242850985 -1.20978353 -0.129833938 -0.123394555 -1.344172 -0.129833938 -0.0561182682 -0.858757176 -0.0625576467 -0.123394555 -1.344172 -0.0625576467 -0.242850985 -1.20978353 -0.0625576467 -0.0561182682 -0.858757176 -0.129833938 -0.0338022317 -0.507730861 -0.129833938 -0.242850985 -1.20978353 -0.129833938 -0.0561182682 -0.858757176 -0.0625576467 -0.242850985 -1.20978353 -0.0625576467 -0.0338022317 -0.507730861 -0.0625576467 -0.0561182682 -0.858757176 -0.129833938 0.175246522 -0.373342352 -0.129833938 -0.0338022317 -0.507730861 -0.129833938 -0.0561182682 -0.858757176 -0.0625576467 -0.0338022317 -0.507730861 -0.0625576467 0.175246522 -0.373342352 -0.0625576467 0.175246522 -0.373342352 -0.0625576467 0.175246522 -0.373342352 -0.129833938 -0.123394555 -1.344172 -0.129833938 0.175246522 -0.373342352 -0.0625576467 -0.123394555 -1.344172 -0.129833938 -0.123394555 -1.344172 -0.0625576467 -0.123394555 -1.344172 -0.0625576467 -0.123394555 -1.344172 -0.129833938 -0.242850985 -1.20978353 -0.129833938 -0.123394555 -1.344172 -0.0625576467 -0.242850985 -1.20978353 -0.129833938 -0.242850985 -1.20978353 -0.0625576467 -0.242850985 -1.20978353 -0.0625576467 -0.242850985 -1.20978353 -0.129833938 -0.0338022317 -0.507730861 -0.129833938 -0.242850985 -1.20978353 -0.0625576467 -0.0338022317 -0.507730861 -0.129833938 -0.0338022317 -0.507730861 -0.0625576467 -0.0338022317 -0.507730861 -0.0625576467 -0.0338022317 -0.507730861 -0.129833938 0.175246522 -0.373342352 -0.129833938 -0.0338022317 -0.507730861 -0.0625576467 0.175246522 -0.373342352 -0.129833938 0.175246522 -0.373342352 -0.0625576467 -0.780486945 0.497885531 -0.122285867 -0.571397181 0.328505194 -0.122285867 -0.870079258 0.687120631 -0.122285867 -0.780486945 0.497885531 -0.0701057179 -0.870079258 0.687120631 -0.0701057179 -0.571397181 0.328505194 -0.0701057179 -0.780486945 0.497885531 -0.122285867 -0.870079258 0.687120631 -0.122285867 -0.899943416 0.477866743 -0.122285867 -0.780486945 0.497885531 -0.0701057179 -0.899943416 0.477866743 -0.0701057179 -0.870079258 0.687120631 -0.0701057179 -0.780486945 0.497885531 -0.122285867 -0.899943416 0.477866743 -0.122285867 -0.571397181 0.328505194 -0.122285867 -0.780486945 0.497885531 -0.0701057179 -0.571397181 0.328505194 -0.0701057179 -0.899943416 0.477866743 -0.0701057179 -0.571397181 0.328505194 -0.0701057179 -0.870079258 0.687120631 -0.122285867 -0.571397181 0.328505194 -0.122285867 -0.571397181 0.328505194 -0.0701057179 -0.870079258 0.687120631 -0.0701057179 -0.870079258 0.687120631 -0.122285867 -0.870079258 0.687120631 -0.0701057179 -0.899943416 0.477866743 -0.122285867 -0.870079258 0.687120631 -0.122285867 -0.870079258 0.687120631 -0.0701057179 -0.899943416 0.477866743 -0.0701057179 -0.899943416 0.477866743 -0.122285867 -0.899943416 0.477866743 -0.0701057179 -0.571397181 0.328505194 -0.122285867 -0.899943416 0.477866743 -0.122285867 -0.899943416 0.477866743 -0.0701057179 -0.571397181 0.328505194 -0.0701057179 -0.571397181 0.328505194 -0.122285867 -0.780486945 -0.497885531 -0.122285867 -0.870079258 -0.687120631 -0.122285867 -0.571397181 -0.328505194 -0.122285867 -0.780486945 -0.497885531 -0.0701057179 -0.571397181 -0.328505194 -0.0701057179 -0.870079258 -0.687120631 -0.0701057179 -0.780486945 -0.497885531 -0.122285867 -0.899943416 -0.477866743 -0.122285867 -0.870079258 -0.687120631 -0.122285867 -0.780486945 -0.497885531 -0.0701057179 -0.870079258 -0.687120631 -0.0701057179 -0.899943416 -0.477866743 -0.0701057179 -0.780486945 -0.497885531 -0.122285867 -0.571397181 -0.328505194 -0.122285867 -0.899943416 -0.477866743 -0.122285867 -0.780486945 -0.497885531 -0.0701057179 -0.899943416 -0.477866743 -0.0701057179 -0.571397181 -0.328505194 -0.0701057179 -0.571397181 -0.328505194 -0.0701057179 -0.571397181 -0.328505194 -0.122285867 -0.870079258 -0.687120631 -0.122285867 -0.571397181 -0.328505194 -0.0701057179 -0.870079258 -0.687120631 -0.122285867 -0.870079258 -0.687120631 -0.0701057179 -0.870079258 -0.687120631 -0.0701057179 -0.870079258 -0.687120631 -0.122285867 -0.899943416 -0.477866743 -0.122285867 -0.870079258 -0.687120631 -0.0701057179 -0.899943416 -0.477866743 -0.122285867 -0.899943416 -0.477866743 -0.0701057179 -0.899943416 -0.477866743 -0.0701057179 -0.899943416 -0.477866743 -0.122285867 -0.571397181 -0.328505194 -0.122285867 -0.899943416 -0.477866743 -0.0701057179 -0.571397181 -0.328505194 -0.122285867 -0.571397181 -0.328505194 -0.0701057179</float_array><technique_common><accessor source="#part1-positions-array" count="1392" stride="3"><param name="X" type="float" /><param name="Y" type="float" /><param name="Z" type="float" /></accessor></technique_common></source><source id="part1-normals"><float_array id="part1-normals-array" count="4176">-0.943283123 0.320602226 0.0862041944 -0.943283123 0.320602226 0.0862041944 -0.943283123 0.320602226 0.0862041944 -0.661828025 0.723942686 0.194655217 -0.661828025 0.723942686 0.194655217 -0.661828025 0.723942686 0.194655217 -0.660717932 0.725178012 0.193826381 -0.660717932 0.725178012 0.193826381 -0.660717932 0.725178012 0.193826381 -0.399954406 0.88545258 0.236664745 -0.399954406 0.88545258 0.236664745 -0.399954406 0.88545258 0.236664745 -0.401108181 0.884797339 0.237162173 -0.401108181 0.884797339 0.237162173 -0.401108181 0.884797339 0.237162173 -0.136703253 0.956835735 0.256471434 -0.136703253 0.956835735 0.256471434 -0.136703253 0.956835735 0.256471434 -0.135522817 0.957130157 0.255998884 -0.135522817 0.957130157 0.255998884 -0.135522817 0.957130157 0.255998884 0.119374941 0.959134714 0.256535033 0.119374941 0.959134714 0.256535033 0.119374941 0.959134714 0.256535033 0.117245333 0.959121709 0.25756374 0.117245333 0.959121709 0.25756374 0.117245333 0.959121709 0.25756374 0.122539539 0.958515303 0.257356709 0.122539539 0.958515303 0.257356709 0.122539539 0.958515303 0.257356709 0.126475395 0.958746141 0.254577711 0.126475395 0.958746141 0.254577711 0.126475395 0.958746141 0.254577711 0.118722474 0.959654997 0.254886762 0.118722474 0.959654997 0.254886762 0.118722474 0.959654997 0.254886762 0.11817823 0.95960213 0.255338322 0.11817823 0.95960213 0.255338322 0.11817823 0.95960213 0.255338322 0.104455541 0.961079799 0.255762898 0.104455541 0.961079799 0.255762898 0.104455541 0.961079799 0.255762898 0.10151931 0.960737046 0.258221142 0.10151931 0.960737046 0.258221142 0.10151931 0.960737046 0.258221142 0.0744294301 0.963112683 0.258600503 0.0744294301 0.963112683 0.258600503 0.0744294301 0.963112683 0.258600503 0.0705291769 0.962671156 0.261323325 0.0705291769 0.962671156 0.261323325 0.0705291769 0.962671156 0.261323325 0.00390781206 0.965643185 0.2598422 0.00390781206 0.965643185 0.2598422 0.00390781206 0.965643185 0.2598422 0.00440808607 0.965713724 0.259571902 0.00440808607 0.965713724 0.259571902 0.00440808607 0.965713724 0.259571902 -0.0557870471 0.965252021 0.255296577 -0.0557870471 0.965252021 0.255296577 -0.0557870471 0.965252021 0.255296577 -0.0535504445 0.965655944 0.254245843 -0.0535504445 0.965655944 0.254245843 -0.0535504445 0.965655944 0.254245843 -0.088721204 0.964008891 0.250630017 -0.088721204 0.964008891 0.250630017 -0.088721204 0.964008891 0.250630017 -0.0913969625 0.96348919 0.251664807 -0.0913969625 0.96348919 0.251664807 -0.0913969625 0.96348919 0.251664807 -0.107701143 0.962323499 0.249667672 -0.107701143 0.962323499 0.249667672 -0.107701143 0.962323499 0.249667672 -0.106178443 0.962606723 0.249227677 -0.106178443 0.962606723 0.249227677 -0.106178443 0.962606723 0.249227677 -0.0918978864 0.963611898 0.251011728 -0.0918978864 0.963611898 0.251011728 -0.0918978864 0.963611898 0.251011728 -0.0939498339 0.963307837 0.251418855 -0.0939498339 0.963307837 0.251418855 -0.0939498339 0.963307837 0.251418855 0.115017467 0.956776079 0.267115174 0.115017467 0.956776079 0.267115174 0.115017467 0.956776079 0.267115174 0.11609172 0.956758013 0.266714861 0.11609172 0.956758013 0.266714861 0.11609172 0.956758013 0.266714861 0.382390278 0.88383182 0.269479109 0.382390278 0.88383182 0.269479109 0.382390278 0.88383182 0.269479109 0.378946019 0.884742099 0.27135094 0.378946019 0.884742099 0.27135094 0.378946019 0.884742099 0.27135094 0.639711573 0.726501068 0.250928878 0.639711573 0.726501068 0.250928878 0.639711573 0.726501068 0.250928878 0.642892266 0.724797523 0.247705642 0.642892266 0.724797523 0.247705642 0.642892266 0.724797523 0.247705642 0.933112746 0.321007597 0.162033103 0.933112746 0.321007597 0.162033103 0.933112746 0.321007597 0.162033103 -0.943329029 0.235143013 0.234175376 -0.943329029 0.235143013 0.234175376 -0.943329029 0.235143013 0.234175376 -0.659068729 0.532898122 0.530705193 -0.659068729 0.532898122 0.530705193 -0.659068729 0.532898122 0.530705193 -0.661778725 0.529281915 0.530951574 -0.661778725 0.529281915 0.530951574 -0.661778725 0.529281915 0.530951574 -0.402857647 0.64616843 0.648206816 -0.402857647 0.64616843 0.648206816 -0.402857647 0.64616843 0.648206816 -0.400307215 0.647979218 0.647979218 -0.400307215 0.647979218 0.647979218 -0.400307215 0.647979218 0.647979218 -0.136380485 0.700499951 0.700499951 -0.136380485 0.700499951 0.700499951 -0.136380485 0.700499951 0.700499951 -0.136380485 0.700499951 0.700499951 -0.136380485 0.700499951 0.700499951 -0.136380485 0.700499951 0.700499951 0.120793707 0.701929085 0.701929085 0.120793707 0.701929085 0.701929085 0.120793707 0.701929085 0.701929085 0.12233065 0.702311249 0.701280344 0.12233065 0.702311249 0.701280344 0.12233065 0.702311249 0.701280344 0.128806802 0.701758903 0.700673426 0.128806802 0.701758903 0.700673426 0.128806802 0.701758903 0.700673426 0.126742805 0.700932676 0.701875804 0.126742805 0.700932676 0.701875804 0.126742805 0.700932676 0.701875804 0.121679464 0.701357884 0.702346942 0.121679464 0.701357884 0.702346942 0.121679464 0.701357884 0.702346942 0.120983625 0.701014349 0.702809963 0.120983625 0.701014349 0.702809963 0.120983625 0.701014349 0.702809963 0.103240971 0.702400232 0.704255079 0.103240971 0.702400232 0.704255079 0.103240971 0.702400232 0.704255079 0.104242293 0.702916991 0.703591677 0.104242293 0.702916991 0.703591677 0.104242293 0.702916991 0.703591677 0.0656383776 0.705369441 0.705794272 0.0656383776 0.705369441 0.705794272 0.0656383776 0.705369441 0.705794272 0.066220652 0.705627055 0.705482306 0.066220652 0.705627055 0.705482306 0.066220652 0.705627055 0.705482306 -0.0170339451 0.708467347 0.705537995 -0.0170339451 0.708467347 0.705537995 -0.0170339451 0.708467347 0.705537995 -0.0192203761 0.707588592 0.706363194 -0.0192203761 0.707588592 0.706363194 -0.0192203761 0.707588592 0.706363194 -0.0907043531 0.707077623 0.701294486 -0.0907043531 0.707077623 0.701294486 -0.0907043531 0.707077623 0.701294486 -0.0905830086 0.707129098 0.701258267 -0.0905830086 0.707129098 0.701258267 -0.0905830086 0.707129098 0.701258267 -0.132432686 0.705700364 0.696023404 -0.132432686 0.705700364 0.696023404 -0.132432686 0.705700364 0.696023404 -0.132989176 0.705473869 0.696146895 -0.132989176 0.705473869 0.696146895 -0.132989176 0.705473869 0.696146895 -0.154447098 0.704390932 0.692805534 -0.154447098 0.704390932 0.692805534 -0.154447098 0.704390932 0.692805534 -0.154002454 0.704551507 0.692741235 -0.154002454 0.704551507 0.692741235 -0.154002454 0.704551507 0.692741235 -0.129773056 0.705727967 0.696496224 -0.129773056 0.705727967 0.696496224 -0.129773056 0.705727967 0.696496224 -0.136093369 0.703901689 0.697137724 -0.136093369 0.703901689 0.697137724 -0.136093369 0.703901689 0.697137724 0.0721726106 0.70004265 0.710444511 0.0721726106 0.70004265 0.710444511 0.0721726106 0.70004265 0.710444511 0.079077529 0.70152495 0.708243947 0.079077529 0.70152495 0.708243947 0.079077529 0.70152495 0.708243947 0.347394583 0.648144776 0.677661681 0.347394583 0.648144776 0.677661681 0.347394583 0.648144776 0.677661681 0.346267247 0.648050231 0.678328749 0.346267247 0.648050231 0.678328749 0.346267247 0.648050231 0.678328749 0.614670986 0.531419349 0.582900553 0.614670986 0.531419349 0.582900553 0.614670986 0.531419349 0.582900553 0.611384618 0.531138992 0.586600563 0.611384618 0.531138992 0.586600563 0.611384618 0.531138992 0.586600563 0.92046473 0.233000574 0.313776055 0.92046473 0.233000574 0.313776055 0.92046473 0.233000574 0.313776055 -0.943361448 0.0852427147 0.320628847 -0.943361448 0.0852427147 0.320628847 -0.943361448 0.0852427147 0.320628847 -0.660849503 0.192834963 0.725322419 -0.660849503 0.192834963 0.725322419 -0.660849503 0.192834963 0.725322419 -0.659433192 0.194536202 0.726156685 -0.659433192 0.194536202 0.726156685 -0.659433192 0.194536202 0.726156685 -0.401120202 0.237042881 0.884823856 -0.401120202 0.237042881 0.884823856 -0.401120202 0.237042881 0.884823856 -0.400904043 0.237185309 0.884883652 -0.400904043 0.237185309 0.884883652 -0.400904043 0.237185309 0.884883652 -0.135503668 0.256514102 0.956994917 -0.135503668 0.256514102 0.956994917 -0.135503668 0.256514102 0.956994917 -0.136684259 0.255957656 0.956976014 -0.136684259 0.255957656 0.956976014 -0.136684259 0.255957656 0.956976014 0.11976153 0.256523004 0.959089737 0.11976153 0.256523004 0.959089737 0.11976153 0.256523004 0.959089737 0.120815905 0.256975989 0.9588362 0.120815905 0.256975989 0.9588362 0.120815905 0.256975989 0.9588362 0.130198204 0.256705303 0.957679913 0.130198204 0.256705303 0.957679913 0.130198204 0.256705303 0.957679913 0.131624793 0.257606341 0.957242857 0.131624793 0.257606341 0.957242857 0.131624793 0.257606341 0.957242857 0.122669595 0.257886393 0.95835629 0.122669595 0.257886393 0.95835629 0.122669595 0.257886393 0.95835629 0.12315738 0.25825406 0.958194709 0.12315738 0.25825406 0.958194709 0.12315738 0.25825406 0.958194709 0.104942598 0.258759277 0.96022429 0.104942598 0.258759277 0.96022429 0.104942598 0.258759277 0.96022429 0.102751171 0.257063427 0.960916537 0.102751171 0.257063427 0.960916537 0.102751171 0.257063427 0.960916537 0.061474295 0.25803457 0.964177925 0.061474295 0.25803457 0.964177925 0.061474295 0.25803457 0.964177925 0.0615399797 0.258077317 0.964162294 0.0615399797 0.258077317 0.964162294 0.0615399797 0.258077317 0.964162294 -0.0276959289 0.259281207 0.965404677 -0.0276959289 0.259281207 0.965404677 -0.0276959289 0.259281207 0.965404677 -0.0319446266 0.256935632 0.96590042 -0.0319446266 0.256935632 0.96590042 -0.0319446266 0.256935632 0.96590042 -0.112453207 0.25691752 0.959868566 -0.112453207 0.25691752 0.959868566 -0.112453207 0.25691752 0.959868566 -0.109362694 0.258636646 0.959763974 -0.109362694 0.258636646 0.959763974 -0.109362694 0.258636646 0.959763974 -0.161493143 0.257860093 0.952590225 -0.161493143 0.257860093 0.952590225 -0.161493143 0.257860093 0.952590225 -0.158904328 0.259200464 0.952661815 -0.158904328 0.259200464 0.952661815 -0.158904328 0.259200464 0.952661815 -0.180736702 0.258811682 0.948868146 -0.180736702 0.258811682 0.948868146 -0.180736702 0.258811682 0.948868146 -0.181622972 0.258415643 0.948806857 -0.181622972 0.258415643 0.948806857 -0.181622972 0.258415643 0.948806857 -0.156838444 0.258864099 0.953095526 -0.156838444 0.258864099 0.953095526 -0.156838444 0.258864099 0.953095526 -0.154967795 0.259543458 0.953216752 -0.154967795 0.259543458 0.953216752 -0.154967795 0.259543458 0.953216752 0.0590476637 0.257604425 0.964444572 0.0590476637 0.257604425 0.964444572 0.0590476637 0.257604425 0.964444572 0.0516443004 0.254704393 0.965638928 0.0516443004 0.254704393 0.965638928 0.0516443004 0.254704393 0.965638928 0.323673809 0.235794831 0.916316574 0.323673809 0.235794831 0.916316574 0.323673809 0.235794831 0.916316574 0.326203564 0.236842543 0.915148537 0.326203564 0.236842543 0.915148537 0.326203564 0.236842543 0.915148537 0.596333097 0.193928249 0.778959994 0.596333097 0.193928249 0.778959994 0.596333097 0.193928249 0.778959994 0.59975053 0.196271909 0.775742638 0.59975053 0.196271909 0.775742638 0.59975053 0.196271909 0.775742638 0.913448143 0.0878205509 0.39736638 0.913448143 0.0878205509 0.39736638 0.913448143 0.0878205509 0.39736638 -0.943361448 -0.0852427147 0.320628847 -0.943361448 -0.0852427147 0.320628847 -0.943361448 -0.0852427147 0.320628847 -0.659243113 -0.193197607 0.726686454 -0.659243113 -0.193197607 0.726686454 -0.659243113 -0.193197607 0.726686454 -0.660660547 -0.194257144 0.725115028 -0.660660547 -0.194257144 0.725115028 -0.660660547 -0.194257144 0.725115028 -0.40089154 -0.237068783 0.884920542 -0.40089154 -0.237068783 0.884920542 -0.40089154 -0.237068783 0.884920542 -0.401108181 -0.237162173 0.884797339 -0.401108181 -0.237162173 0.884797339 -0.401108181 -0.237162173 0.884797339 -0.136703253 -0.256471434 0.956835735 -0.136703253 -0.256471434 0.956835735 -0.136703253 -0.256471434 0.956835735 -0.135522817 -0.255998884 0.957130157 -0.135522817 -0.255998884 0.957130157 -0.135522817 -0.255998884 0.957130157 0.120799746 -0.256490502 0.958968218 0.120799746 -0.256490502 0.958968218 0.120799746 -0.256490502 0.958968218 0.119745651 -0.257005387 0.95896257 0.119745651 -0.257005387 0.95896257 0.119745651 -0.257005387 0.95896257 0.131596124 -0.256662976 0.957500171 0.131596124 -0.256662976 0.957500171 0.131596124 -0.256662976 0.957500171 0.130164211 -0.257653474 0.957429875 0.130164211 -0.257653474 0.957429875 0.130164211 -0.257653474 0.957429875 0.123145641 -0.257872043 0.958299098 0.123145641 -0.257872043 0.958299098 0.123145641 -0.257872043 0.958299098 0.122656615 -0.258269127 0.958254879 0.122656615 -0.258269127 0.958254879 0.122656615 -0.258269127 0.958254879 0.102802345 -0.258812873 0.960441344 0.102802345 -0.258812873 0.960441344 0.102802345 -0.258812873 0.960441344 0.104993674 -0.256997889 0.960691633 0.104993674 -0.256997889 0.960691633 0.104993674 -0.256997889 0.960691633 0.0615388575 -0.258033399 0.96417412 0.0615388575 -0.258033399 0.96417412 0.0615388575 -0.258033399 0.96417412 0.0614735402 -0.258078983 0.964166087 0.0614735402 -0.258078983 0.964166087 0.0614735402 -0.258078983 0.964166087 -0.0318934345 -0.259286982 0.965273572 -0.0318934345 -0.259286982 0.965273572 -0.0318934345 -0.259286982 0.965273572 -0.0277142443 -0.256890341 0.966043101 -0.0277142443 -0.256890341 0.966043101 -0.0277142443 -0.256890341 0.966043101 -0.10937646 -0.256949123 0.960215569 -0.10937646 -0.256949123 0.960215569 -0.10937646 -0.256949123 0.960215569 -0.112400634 -0.258611122 0.959419817 -0.112400634 -0.258611122 0.959419817 -0.112400634 -0.258611122 0.959419817 -0.15891846 -0.257915434 0.953008159 -0.15891846 -0.257915434 0.953008159 -0.15891846 -0.257915434 0.953008159 -0.16143491 -0.259161987 0.95224673 -0.16143491 -0.259161987 0.95224673 -0.16143491 -0.259161987 0.95224673 -0.181620524 -0.258793227 0.948704407 -0.181620524 -0.258793227 0.948704407 -0.181620524 -0.258793227 0.948704407 -0.180755615 -0.25843414 0.94896744 -0.180755615 -0.25843414 0.94896744 -0.180755615 -0.25843414 0.94896744 -0.15497402 -0.258891152 0.953393111 -0.15497402 -0.258891152 0.953393111 -0.15497402 -0.258891152 0.953393111 -0.156810396 -0.25950779 0.952925079 -0.156810396 -0.25950779 0.952925079 -0.156810396 -0.25950779 0.952925079 0.0518245026 -0.257864434 0.964790213 0.0518245026 -0.257864434 0.964790213 0.0518245026 -0.257864434 0.964790213 0.0590987374 -0.25444886 0.965278777 0.0590987374 -0.25444886 0.965278777 0.0590987374 -0.25444886 0.965278777 0.326030682 -0.23554012 0.915546201 0.326030682 -0.23554012 0.915546201 0.326030682 -0.23554012 0.915546201 0.323565093 -0.237136051 0.916008801 0.323565093 -0.237136051 0.916008801 0.323565093 -0.237136051 0.916008801 0.599239863 -0.193302692 0.776882009 0.599239863 -0.193302692 0.776882009 0.599239863 -0.193302692 0.776882009 0.595950755 -0.19708337 0.77846056 0.595950755 -0.19708337 0.77846056 0.595950755 -0.19708337 0.77846056 0.913448143 -0.0878205509 0.39736638 0.913448143 -0.0878205509 0.39736638 0.913448143 -0.0878205509 0.39736638 -0.943329029 -0.235143013 0.234175376 -0.943329029 -0.235143013 0.234175376 -0.943329029 -0.235143013 0.234175376 -0.662139342 -0.530983601 0.52879855 -0.662139342 -0.530983601 0.52879855 -0.662139342 -0.530983601 0.52879855 -0.659433459 -0.530738884 0.532413139 -0.659433459 -0.530738884 0.532413139 -0.659433459 -0.530738884 0.532413139 -0.400165869 -0.647001558 0.649042572 -0.400165869 -0.647001558 0.649042572 -0.400165869 -0.647001558 0.649042572 -0.402721446 -0.647230808 0.647230808 -0.402721446 -0.647230808 0.647230808 -0.402721446 -0.647230808 0.647230808 -0.136380485 -0.700499951 0.700499951 -0.136380485 -0.700499951 0.700499951 -0.136380485 -0.700499951 0.700499951 -0.136380485 -0.700499951 0.700499951 -0.136380485 -0.700499951 0.700499951 -0.136380485 -0.700499951 0.700499951 0.122311258 -0.701797676 0.701797676 0.122311258 -0.701797676 0.701797676 0.122311258 -0.701797676 0.701797676 0.120770524 -0.702439774 0.701422016 0.120770524 -0.702439774 0.701422016 0.120770524 -0.702439774 0.701422016 0.126778565 -0.701935157 0.700866771 0.126778565 -0.701935157 0.700866771 0.126778565 -0.701935157 0.700866771 0.128863355 -0.700749089 0.701672965 0.128863355 -0.700749089 0.701672965 0.128863355 -0.700749089 0.701672965 0.120999383 -0.701413585 0.702408807 0.120999383 -0.701413585 0.702408807 0.120999383 -0.701413585 0.702408807 0.121699467 -0.700953675 0.702746885 0.121699467 -0.700953675 0.702746885 0.121699467 -0.700953675 0.702746885 0.104218682 -0.702329754 0.704181356 0.104218682 -0.702329754 0.704181356 0.104218682 -0.702329754 0.704181356 0.103218714 -0.70299579 0.703663852 0.103218714 -0.70299579 0.703663852 0.103218714 -0.70299579 0.703663852 0.0662067962 -0.705341047 0.705769557 0.0662067962 -0.705341047 0.705769557 0.0662067962 -0.705341047 0.705769557 0.0656344818 -0.705664271 0.705499859 0.0656344818 -0.705664271 0.705499859 0.0656344818 -0.705664271 0.705499859 -0.0191685556 -0.708475536 0.705475004 -0.0191685556 -0.708475536 0.705475004 -0.0191685556 -0.708475536 0.705475004 -0.0170784923 -0.707547858 0.706459025 -0.0170784923 -0.707547858 0.706459025 -0.0170784923 -0.707547858 0.706459025 -0.0905860775 -0.70708148 0.701305884 -0.0905860775 -0.70708148 0.701305884 -0.0905860775 -0.70708148 0.701305884 -0.0907000604 -0.707126863 0.701245392 -0.0907000604 -0.707126863 0.701245392 -0.0907000604 -0.707126863 0.701245392 -0.132974172 -0.705673566 0.695947331 -0.132974172 -0.705673566 0.695947331 -0.132974172 -0.705673566 0.695947331 -0.13245817 -0.705496405 0.696225291 -0.13245817 -0.705496405 0.696225291 -0.13245817 -0.705496405 0.696225291 -0.154012432 -0.704416216 0.692876588 -0.154012432 -0.704416216 0.692876588 -0.154012432 -0.704416216 0.692876588 -0.154428708 -0.704526962 0.692671303 -0.154428708 -0.704526962 0.692671303 -0.154428708 -0.704526962 0.692671303 -0.135978276 -0.70546751 0.695575661 -0.135978276 -0.70546751 0.695575661 -0.135978276 -0.70546751 0.695575661 -0.129952765 -0.704231184 0.697976159 -0.129952765 -0.704231184 0.697976159 -0.129952765 -0.704231184 0.697976159 0.0787961079 -0.699414681 0.710359259 0.0787961079 -0.699414681 0.710359259 0.0787961079 -0.699414681 0.710359259 0.0722391413 -0.702183692 0.708321656 0.0722391413 -0.702183692 0.708321656 0.0722391413 -0.702183692 0.708321656 0.346366366 -0.648458394 0.677887935 0.346366366 -0.648458394 0.677887935 0.346366366 -0.648458394 0.677887935 0.347418155 -0.647702422 0.678072414 0.347418155 -0.647702422 0.678072414 0.347418155 -0.647702422 0.678072414 0.611975978 -0.533011251 0.584281103 0.611975978 -0.533011251 0.584281103 0.611975978 -0.533011251 0.584281103 0.614918169 -0.529042006 0.584799283 0.614918169 -0.529042006 0.584799283 0.614918169 -0.529042006 0.584799283 0.92046473 -0.233000574 0.313776055 0.92046473 -0.233000574 0.313776055 0.92046473 -0.233000574 0.313776055 -0.943283123 -0.320602226 0.0862041944 -0.943283123 -0.320602226 0.0862041944 -0.943283123 -0.320602226 0.0862041944 -0.660568855 -0.725014391 0.19494338 -0.660568855 -0.725014391 0.19494338 -0.660568855 -0.725014391 0.19494338 -0.661678652 -0.724359996 0.193607741 -0.661678652 -0.724359996 0.193607741 -0.661678652 -0.724359996 0.193607741 -0.401172085 -0.884938303 0.236527288 -0.401172085 -0.884938303 0.236527288 -0.401172085 -0.884938303 0.236527288 -0.400018754 -0.885257363 0.237285479 -0.400018754 -0.885257363 0.237285479 -0.400018754 -0.885257363 0.237285479 -0.135503668 -0.956994917 0.256514102 -0.135503668 -0.956994917 0.256514102 -0.135503668 -0.956994917 0.256514102 -0.136684259 -0.956976014 0.255957656 -0.136684259 -0.956976014 0.255957656 -0.136684259 -0.956976014 0.255957656 0.11727205 -0.959376787 0.256599779 0.11727205 -0.959376787 0.256599779 0.11727205 -0.959376787 0.256599779 0.119411808 -0.958876901 0.257479921 0.119411808 -0.958876901 0.257479921 0.119411808 -0.958876901 0.257479921 0.126409518 -0.958054517 0.257200653 0.126409518 -0.958054517 0.257200653 0.126409518 -0.958054517 0.257200653 0.12242774 -0.95922805 0.254741037 0.12242774 -0.95922805 0.254741037 0.12242774 -0.95922805 0.254741037 0.11818854 -0.959715403 0.254907463 0.11818854 -0.959715403 0.254907463 0.11818854 -0.959715403 0.254907463 0.118738766 -0.959537826 0.255319928 0.118738766 -0.959537826 0.255319928 0.118738766 -0.959537826 0.255319928 0.101592406 -0.961364751 0.255845263 0.101592406 -0.961364751 0.255845263 0.101592406 -0.961364751 0.255845263 0.104523787 -0.960429313 0.258167217 0.104523787 -0.960429313 0.258167217 0.104523787 -0.960429313 0.258167217 0.0706358719 -0.963388184 0.258638318 0.0706358719 -0.963388184 0.258638318 0.0706358719 -0.963388184 0.258638318 0.0744388833 -0.962362902 0.26137425 0.0744388833 -0.962362902 0.26137425 0.0744388833 -0.962362902 0.26137425 0.00439193698 -0.965637086 0.259857132 0.00439193698 -0.965637086 0.259857132 0.00439193698 -0.965637086 0.259857132 0.00392195628 -0.965724084 0.259541158 0.00392195628 -0.965724084 0.259541158 0.00392195628 -0.965724084 0.259541158 -0.0536338634 -0.965329284 0.255465815 -0.0536338634 -0.965329284 0.255465815 -0.0536338634 -0.965329284 0.255465815 -0.055676148 -0.965590806 0.254036536 -0.055676148 -0.965590806 0.254036536 -0.055676148 -0.965590806 0.254036536 -0.0912911712 -0.963840903 0.250353024 -0.0912911712 -0.963840903 0.250353024 -0.0912911712 -0.963840903 0.250353024 -0.088877802 -0.963645864 0.251967033 -0.088877802 -0.963645864 0.251967033 -0.088877802 -0.963645864 0.251967033 -0.106229427 -0.96243953 0.249850875 -0.106229427 -0.96243953 0.249850875 -0.106229427 -0.96243953 0.249850875 -0.107621834 -0.962493881 0.249044314 -0.107621834 -0.962493881 0.249044314 -0.107621834 -0.962493881 0.249044314 -0.0938970104 -0.963483333 0.250765267 -0.0938970104 -0.963483333 0.250765267 -0.0938970104 -0.963483333 0.250765267 -0.0919697069 -0.963446016 0.251621438 -0.0919697069 -0.963446016 0.251621438 -0.0919697069 -0.963446016 0.251621438 0.116037589 -0.956639376 0.267163588 0.116037589 -0.956639376 0.267163588 0.116037589 -0.956639376 0.267163588 0.115037275 -0.956899447 0.266664346 0.115037275 -0.956899447 0.266664346 0.115037275 -0.956899447 0.266664346 0.379275653 -0.885145059 0.269570407 0.379275653 -0.885145059 0.269570407 0.379275653 -0.885145059 0.269570407 0.382416749 -0.883277727 0.271252442 0.382416749 -0.883277727 0.271252442 0.382416749 -0.883277727 0.271252442 0.642254365 -0.724377347 0.250572925 0.642254365 -0.724377347 0.250572925 0.642254365 -0.724377347 0.250572925 0.639552949 -0.727581341 0.248188269 0.639552949 -0.727581341 0.248188269 0.639552949 -0.727581341 0.248188269 0.933112746 -0.321007597 0.162033103 0.933112746 -0.321007597 0.162033103 0.933112746 -0.321007597 0.162033103 -0.943283123 -0.320602226 -0.0862041944 -0.943283123 -0.320602226 -0.0862041944 -0.943283123 -0.320602226 -0.0862041944 -0.661341416 -0.724357278 -0.194766694 -0.661341416 -0.724357278 -0.194766694 -0.661341416 -0.724357278 -0.194766694 -0.660660547 -0.725115028 -0.194257144 -0.660660547 -0.725115028 -0.194257144 -0.660660547 -0.725115028 -0.194257144 -0.40089154 -0.884920542 -0.237068783 -0.40089154 -0.884920542 -0.237068783 -0.40089154 -0.884920542 -0.237068783 -0.401108181 -0.884797339 -0.237162173 -0.401108181 -0.884797339 -0.237162173 -0.401108181 -0.884797339 -0.237162173 -0.136703253 -0.956835735 -0.256471434 -0.136703253 -0.956835735 -0.256471434 -0.136703253 -0.956835735 -0.256471434 -0.135522817 -0.957130157 -0.255998884 -0.135522817 -0.957130157 -0.255998884 -0.135522817 -0.957130157 -0.255998884 0.120179015 -0.959041 -0.256509968 0.120179015 -0.959041 -0.256509968 0.120179015 -0.959041 -0.256509968 0.115000672 -0.959028979 -0.258917483 0.115000672 -0.959028979 -0.258917483 0.115000672 -0.959028979 -0.258917483 0.117987781 -0.958684463 -0.258849344 0.117987781 -0.958684463 -0.258849344 0.117987781 -0.958684463 -0.258849344 0.121880772 -0.958907447 -0.25620614 0.121880772 -0.958907447 -0.25620614 0.121880772 -0.958907447 -0.25620614 0.114296942 -0.959795239 -0.256377278 0.114296942 -0.959795239 -0.256377278 0.114296942 -0.959795239 -0.256377278 0.114159211 -0.95978163 -0.256489566 0.114159211 -0.95978163 -0.256489566 0.114159211 -0.95978163 -0.256489566 0.102703518 -0.960995357 -0.256787675 0.102703518 -0.960995357 -0.256787675 0.102703518 -0.960995357 -0.256787675 0.102918791 -0.96102155 -0.256603397 0.102918791 -0.96102155 -0.256603397 0.102918791 -0.96102155 -0.256603397 0.0792602708 -0.963070167 -0.257320158 0.0792602708 -0.963070167 -0.257320158 0.0792602708 -0.963070167 -0.257320158 0.0803103991 -0.963202146 -0.256499251 0.0803103991 -0.963202146 -0.256499251 0.0803103991 -0.963202146 -0.256499251 0.0289852938 -0.965509057 -0.258751063 0.0289852938 -0.965509057 -0.258751063 0.0289852938 -0.965509057 -0.258751063 0.0311090778 -0.965847979 -0.257235118 0.0311090778 -0.965847979 -0.257235118 0.0311090778 -0.965847979 -0.257235118 -0.0133299033 -0.965491124 -0.260094604 -0.0133299033 -0.965491124 -0.260094604 -0.0133299033 -0.965491124 -0.260094604 -0.0135438801 -0.965447674 -0.260244794 -0.0135438801 -0.965447674 -0.260244794 -0.0135438801 -0.965447674 -0.260244794 -0.0350719224 -0.964451995 -0.261920427 -0.0350719224 -0.964451995 -0.261920427 -0.0350719224 -0.964451995 -0.261920427 -0.0401477101 -0.963358852 -0.265194047 -0.0401477101 -0.963358852 -0.265194047 -0.0401477101 -0.963358852 -0.265194047 -0.0529842966 -0.962441392 -0.266269097 -0.0529842966 -0.962441392 -0.266269097 -0.0529842966 -0.962441392 -0.266269097 -0.0525021372 -0.962539219 -0.266010859 -0.0525021372 -0.962539219 -0.266010859 -0.0525021372 -0.962539219 -0.266010859 -0.04991091 -0.962737985 -0.26579028 -0.04991091 -0.962737985 -0.26579028 -0.04991091 -0.962737985 -0.26579028 -0.0425505942 -0.963865173 -0.262970295 -0.0425505942 -0.963865173 -0.262970295 -0.0425505942 -0.963865173 -0.262970295 0.156983123 -0.956877067 -0.244422946 0.156983123 -0.956877067 -0.244422946 0.156983123 -0.956877067 -0.244422946 0.158203444 -0.956855742 -0.243718609 0.158203444 -0.956855742 -0.243718609 0.158203444 -0.956855742 -0.243718609 0.421963003 -0.883830657 -0.201966813 0.421963003 -0.883830657 -0.201966813 0.421963003 -0.883830657 -0.201966813 0.418296182 -0.884909687 -0.204849091 0.418296182 -0.884909687 -0.204849091 0.418296182 -0.884909687 -0.204849091 0.674970139 -0.72442931 -0.140062433 0.674970139 -0.72442931 -0.140062433 0.674970139 -0.72442931 -0.140062433 0.675976678 -0.723767837 -0.13862052 0.675976678 -0.723767837 -0.13862052 0.675976678 -0.723767837 -0.13862052 0.947051004 -0.321007339 -0.00697744633 0.947051004 -0.321007339 -0.00697744633 0.947051004 -0.321007339 -0.00697744633 -0.943271899 -0.234774493 -0.234774493 -0.943271899 -0.234774493 -0.234774493 -0.943271899 -0.234774493 -0.234774493 -0.660608951 -0.530846406 -0.530846406 -0.660608951 -0.530846406 -0.530846406 -0.660608951 -0.530846406 -0.530846406 -0.660608951 -0.530846406 -0.530846406 -0.660608951 -0.530846406 -0.530846406 -0.660608951 -0.530846406 -0.530846406 -0.402721446 -0.647230808 -0.647230808 -0.402721446 -0.647230808 -0.647230808 -0.402721446 -0.647230808 -0.647230808 -0.402721446 -0.647230808 -0.647230808 -0.402721446 -0.647230808 -0.647230808 -0.402721446 -0.647230808 -0.647230808 -0.136975254 -0.700441925 -0.700441925 -0.136975254 -0.700441925 -0.700441925 -0.136975254 -0.700441925 -0.700441925 -0.136390189 -0.700685301 -0.700312662 -0.136390189 -0.700685301 -0.700312662 -0.136390189 -0.700685301 -0.700312662 0.118455974 -0.70196642 -0.70229006 0.118455974 -0.70196642 -0.70229006 0.118455974 -0.70196642 -0.70229006 0.117396396 -0.701722386 -0.702711732 0.117396396 -0.701722386 -0.702711732 0.117396396 -0.701722386 -0.702711732 0.116019744 -0.701842581 -0.702820326 0.116019744 -0.701842581 -0.702820326 0.116019744 -0.701842581 -0.702820326 0.114184833 -0.701113759 -0.703847513 0.114184833 -0.701113759 -0.703847513 0.114184833 -0.701113759 -0.703847513 0.111677111 -0.701322383 -0.704042 0.111677111 -0.701322383 -0.704042 0.111677111 -0.701322383 -0.704042 0.111850809 -0.701409654 -0.703927478 0.111850809 -0.701409654 -0.703927478 0.111850809 -0.701409654 -0.703927478 0.100810712 -0.702260276 -0.704746554 0.100810712 -0.702260276 -0.704746554 0.100810712 -0.702260276 -0.704746554 0.103662233 -0.703800304 -0.702793905 0.103662233 -0.703800304 -0.702793905 0.103662233 -0.703800304 -0.702793905 0.0838634371 -0.7050228 -0.704208617 0.0838634371 -0.7050228 -0.704208617 0.0838634371 -0.7050228 -0.704208617 0.0878028401 -0.707012617 -0.701729165 0.0878028401 -0.707012617 -0.701729165 0.0878028401 -0.707012617 -0.701729165 0.0525488544 -0.70818293 -0.704070703 0.0525488544 -0.70818293 -0.704070703 0.0525488544 -0.70818293 -0.704070703 0.0519525911 -0.707893068 -0.704406369 0.0519525911 -0.707893068 -0.704406369 0.0519525911 -0.707893068 -0.704406369 0.0231449326 -0.707693579 -0.706140291 0.0231449326 -0.707693579 -0.706140291 0.0231449326 -0.707693579 -0.706140291 0.021182337 -0.706723394 -0.707172789 0.021182337 -0.706723394 -0.707172789 0.021182337 -0.706723394 -0.707172789 0.0087840762 -0.706297156 -0.70786098 0.0087840762 -0.706297156 -0.70786098 0.0087840762 -0.706297156 -0.70786098 0.0089961605 -0.706393985 -0.707761688 0.0089961605 -0.706393985 -0.707761688 0.0089961605 -0.706393985 -0.707761688 -0.00352339228 -0.705763689 -0.708438566 -0.00352339228 -0.705763689 -0.708438566 -0.00352339228 -0.705763689 -0.708438566 -0.00693664659 -0.704451762 -0.709717971 -0.00693664659 -0.704451762 -0.709717971 -0.00693664659 -0.704451762 -0.709717971 -0.00551668097 -0.704533363 -0.709649425 -0.00551668097 -0.704533363 -0.709649425 -0.00551668097 -0.704533363 -0.709649425 -0.00508030627 -0.704646789 -0.709540058 -0.00508030627 -0.704646789 -0.709540058 -0.00508030627 -0.704646789 -0.709540058 0.190803633 -0.699745883 -0.688440029 0.190803633 -0.699745883 -0.688440029 0.190803633 -0.699745883 -0.688440029 0.19386915 -0.700454906 -0.686860741 0.19386915 -0.700454906 -0.686860741 0.19386915 -0.700454906 -0.686860741 0.45443593 -0.647194504 -0.612068019 0.45443593 -0.647194504 -0.612068019 0.45443593 -0.647194504 -0.612068019 0.455358283 -0.647281868 -0.611289634 0.455358283 -0.647281868 -0.611289634 0.455358283 -0.647281868 -0.611289634 0.701545092 -0.531669235 -0.474512706 0.701545092 -0.531669235 -0.474512706 0.701545092 -0.531669235 -0.474512706 0.703560728 -0.531877529 -0.471283988 0.703560728 -0.531877529 -0.471283988 0.703560728 -0.531877529 -0.471283988 0.95950645 -0.236168217 -0.153531578 0.95950645 -0.236168217 -0.153531578 0.95950645 -0.236168217 -0.153531578 -0.943283123 -0.0862041944 -0.320602226 -0.943283123 -0.0862041944 -0.320602226 -0.943283123 -0.0862041944 -0.320602226 -0.660568855 -0.19494338 -0.725014391 -0.660568855 -0.19494338 -0.725014391 -0.660568855 -0.19494338 -0.725014391 -0.661251263 -0.194122507 -0.724612462 -0.661251263 -0.194122507 -0.724612462 -0.661251263 -0.194122507 -0.724612462 -0.401120202 -0.237042881 -0.884823856 -0.401120202 -0.237042881 -0.884823856 -0.401120202 -0.237042881 -0.884823856 -0.400904043 -0.237185309 -0.884883652 -0.400904043 -0.237185309 -0.884883652 -0.400904043 -0.237185309 -0.884883652 -0.136094758 -0.256493125 -0.95691666 -0.136094758 -0.256493125 -0.95691666 -0.136094758 -0.256493125 -0.95691666 -0.137280303 -0.255936359 -0.956896389 -0.137280303 -0.255936359 -0.956896389 -0.137280303 -0.255936359 -0.956896389 0.115534137 -0.256652408 -0.959573554 0.115534137 -0.256652408 -0.959573554 0.115534137 -0.256652408 -0.959573554 0.115070673 -0.256467415 -0.959678699 0.115070673 -0.256467415 -0.959678699 0.115070673 -0.256467415 -0.959678699 0.112428748 -0.256550651 -0.959969552 0.112428748 -0.256550651 -0.959969552 0.112428748 -0.256550651 -0.959969552 0.114212335 -0.257673319 -0.959458182 0.114212335 -0.257673319 -0.959458182 0.114212335 -0.257673319 -0.959458182 0.109708105 -0.257814097 -0.959945844 0.109708105 -0.257814097 -0.959945844 0.109708105 -0.257814097 -0.959945844 0.11044718 -0.258383016 -0.9597081 0.11044718 -0.258383016 -0.9597081 0.11044718 -0.258383016 -0.9597081 0.102292473 -0.25860981 -0.960550476 0.102292473 -0.25860981 -0.960550476 0.102292473 -0.25860981 -0.960550476 0.101002829 -0.257560307 -0.960968843 0.101002829 -0.257560307 -0.960968843 0.101002829 -0.257560307 -0.960968843 0.0879859289 -0.257851122 -0.962170086 0.0879859289 -0.257851122 -0.962170086 0.0879859289 -0.257851122 -0.962170086 0.089393043 -0.258904625 -0.961757391 0.089393043 -0.258904625 -0.961757391 0.089393043 -0.258904625 -0.961757391 0.0646753557 -0.259174624 -0.963662603 0.0646753557 -0.259174624 -0.963662603 0.0646753557 -0.259174624 -0.963662603 0.0647019276 -0.259192735 -0.963655948 0.0647019276 -0.259192735 -0.963655948 0.0647019276 -0.259192735 -0.963655948 0.0452375152 -0.259157671 -0.964775035 0.0452375152 -0.259157671 -0.964775035 0.0452375152 -0.259157671 -0.964775035 0.0445413313 -0.258707585 -0.964928213 0.0445413313 -0.258707585 -0.964928213 0.0445413313 -0.258707585 -0.964928213 0.0356062828 -0.258597631 -0.965328679 0.0356062828 -0.258597631 -0.965328679 0.0356062828 -0.258597631 -0.965328679 0.0323546814 -0.256742412 -0.965938149 0.0323546814 -0.256742412 -0.965938149 0.0323546814 -0.256742412 -0.965938149 0.0197212072 -0.256516814 -0.966338553 0.0197212072 -0.256516814 -0.966338553 0.0197212072 -0.256516814 -0.966338553 0.0240612613 -0.258500776 -0.965711346 0.0240612613 -0.258500776 -0.965711346 0.0240612613 -0.258500776 -0.965711346 0.0158348559 -0.258327338 -0.96592766 0.0158348559 -0.258327338 -0.96592766 0.0158348559 -0.258327338 -0.96592766 0.0206712143 -0.259722912 -0.965461915 0.0206712143 -0.259722912 -0.965461915 0.0206712143 -0.259722912 -0.965461915 0.216896493 -0.257838577 -0.941528109 0.216896493 -0.257838577 -0.941528109 0.216896493 -0.257838577 -0.941528109 0.213745603 -0.256551146 -0.94259977 0.213745603 -0.256551146 -0.94259977 0.213745603 -0.256551146 -0.94259977 0.472182459 -0.23708796 -0.84901886 0.472182459 -0.23708796 -0.84901886 0.472182459 -0.23708796 -0.84901886 0.47221863 -0.237104408 -0.848994149 0.47221863 -0.237104408 -0.848994149 0.47221863 -0.237104408 -0.848994149 0.719303416 -0.193761994 -0.667127339 0.719303416 -0.193761994 -0.667127339 0.719303416 -0.193761994 -0.667127339 0.718098575 -0.192765496 -0.668712121 0.718098575 -0.192765496 -0.668712121 0.718098575 -0.192765496 -0.668712121 0.966883065 -0.0842995284 -0.24089568 0.966883065 -0.0842995284 -0.24089568 0.966883065 -0.0842995284 -0.24089568 -0.943283123 0.0862041944 -0.320602226 -0.943283123 0.0862041944 -0.320602226 -0.943283123 0.0862041944 -0.320602226 -0.661341416 0.194766694 -0.724357278 -0.661341416 0.194766694 -0.724357278 -0.661341416 0.194766694 -0.724357278 -0.660660547 0.194257144 -0.725115028 -0.660660547 0.194257144 -0.725115028 -0.660660547 0.194257144 -0.725115028 -0.40089154 0.237068783 -0.884920542 -0.40089154 0.237068783 -0.884920542 -0.40089154 0.237068783 -0.884920542 -0.401108181 0.237162173 -0.884797339 -0.401108181 0.237162173 -0.884797339 -0.401108181 0.237162173 -0.884797339 -0.137299376 0.256450088 -0.956756099 -0.137299376 0.256450088 -0.956756099 -0.137299376 0.256450088 -0.956756099 -0.136113988 0.255977944 -0.957051866 -0.136113988 0.255977944 -0.957051866 -0.136113988 0.255977944 -0.957051866 0.115078384 0.256666077 -0.959624661 0.115078384 0.256666077 -0.959624661 0.115078384 0.256666077 -0.959624661 0.115540483 0.256452421 -0.959626257 0.115540483 0.256452421 -0.959626257 0.115540483 0.256452421 -0.959626257 0.114170797 0.256495973 -0.95977854 0.114170797 0.256495973 -0.95977854 0.114170797 0.256495973 -0.95977854 0.112392218 0.257730852 -0.959657646 0.112392218 0.257730852 -0.959657646 0.112392218 0.257730852 -0.959657646 0.110427728 0.257791965 -0.959869272 0.110427728 0.257791965 -0.959869272 0.110427728 0.257791965 -0.959869272 0.109690186 0.25840481 -0.959789048 0.109690186 0.25840481 -0.959789048 0.109690186 0.25840481 -0.959789048 0.101032435 0.258643285 -0.960674814 0.101032435 0.258643285 -0.960674814 0.101032435 0.258643285 -0.960674814 0.102323064 0.257528328 -0.960837734 0.102323064 0.257528328 -0.960837734 0.102323064 0.257528328 -0.960837734 0.0893787228 0.257822127 -0.962049476 0.0893787228 0.257822127 -0.962049476 0.0893787228 0.257822127 -0.962049476 0.0879597807 0.258924648 -0.961884143 0.0879597807 0.258924648 -0.961884143 0.0879597807 0.258924648 -0.961884143 0.0647020581 0.259174418 -0.963660866 0.0647020581 0.259174418 -0.963660866 0.0647020581 0.259174418 -0.963660866 0.0646750299 0.259192755 -0.963657749 0.0646750299 0.259192755 -0.963657749 0.0646750299 0.259192755 -0.963657749 0.0445270935 0.25915453 -0.964808928 0.0445270935 0.25915453 -0.964808928 0.0445270935 0.25915453 -0.964808928 0.0452430692 0.258715345 -0.964893484 0.0452430692 0.258715345 -0.964893484 0.0452430692 0.258715345 -0.964893484 0.0322828055 0.258551464 -0.965457902 0.0322828055 0.258551464 -0.965457902 0.0322828055 0.258551464 -0.965457902 0.0356240125 0.256794123 -0.965809354 0.0356240125 0.256794123 -0.965809354 0.0356240125 0.256794123 -0.965809354 0.0241573133 0.256600694 -0.96621556 0.0241573133 0.256600694 -0.96621556 0.0241573133 0.256600694 -0.96621556 0.0197109081 0.258411235 -0.965833895 0.0197109081 0.258411235 -0.965833895 0.0197109081 0.258411235 -0.965833895 0.0207343598 0.25843274 -0.965806712 0.0207343598 0.25843274 -0.965806712 0.0207343598 0.25843274 -0.965806712 0.015829081 0.259641295 -0.965575392 0.015829081 0.259641295 -0.965575392 0.015829081 0.259641295 -0.965575392 0.213760084 0.257950298 -0.942214557 0.213760084 0.257950298 -0.942214557 0.213760084 0.257950298 -0.942214557 0.216980529 0.256431686 -0.941892903 0.216980529 0.256431686 -0.941892903 0.216980529 0.256431686 -0.941892903 0.472216972 0.237083875 -0.849000805 0.472216972 0.237083875 -0.849000805 0.472216972 0.237083875 -0.849000805 0.472179965 0.237108989 -0.849014374 0.472179965 0.237108989 -0.849014374 0.472179965 0.237108989 -0.849014374 0.718234559 0.194026276 -0.66820126 0.718234559 0.194026276 -0.66820126 0.718234559 0.194026276 -0.66820126 0.719496853 0.192421375 -0.667306745 0.719496853 0.192421375 -0.667306745 0.719496853 0.192421375 -0.667306745 0.966883065 0.0842995284 -0.24089568 0.966883065 0.0842995284 -0.24089568 0.966883065 0.0842995284 -0.24089568 -0.943271899 0.234774493 -0.234774493 -0.943271899 0.234774493 -0.234774493 -0.943271899 0.234774493 -0.234774493 -0.660608951 0.530846406 -0.530846406 -0.660608951 0.530846406 -0.530846406 -0.660608951 0.530846406 -0.530846406 -0.660608951 0.530846406 -0.530846406 -0.660608951 0.530846406 -0.530846406 -0.660608951 0.530846406 -0.530846406 -0.402721446 0.647230808 -0.647230808 -0.402721446 0.647230808 -0.647230808 -0.402721446 0.647230808 -0.647230808 -0.402721446 0.647230808 -0.647230808 -0.402721446 0.647230808 -0.647230808 -0.402721446 0.647230808 -0.647230808 -0.136380485 0.700499951 -0.700499951 -0.136380485 0.700499951 -0.700499951 -0.136380485 0.700499951 -0.700499951 -0.136965457 0.700629963 -0.700255752 -0.136965457 0.700629963 -0.700255752 -0.136965457 0.700629963 -0.700255752 0.11741383 0.702055361 -0.702376154 0.11741383 0.702055361 -0.702376154 0.11741383 0.702055361 -0.702376154 0.118467761 0.701627899 -0.702626274 0.118467761 0.701627899 -0.702626274 0.118467761 0.701627899 -0.702626274 0.114232404 0.701996593 -0.702959274 0.114232404 0.701996593 -0.702959274 0.114232404 0.701996593 -0.702959274 0.116053571 0.700955349 -0.703699629 0.116053571 0.700955349 -0.703699629 0.116053571 0.700955349 -0.703699629 0.111845813 0.70130849 -0.704029059 0.111845813 0.70130849 -0.704029059 0.111845813 0.70130849 -0.704029059 0.111673239 0.701424028 -0.703941347 0.111673239 0.701424028 -0.703941347 0.111673239 0.701424028 -0.703941347 0.103598305 0.702053754 -0.704548023 0.103598305 0.702053754 -0.704548023 0.103598305 0.702053754 -0.704548023 0.100743868 0.703998164 -0.703020098 0.100743868 0.703998164 -0.703020098 0.100743868 0.703998164 -0.703020098 0.0877833893 0.704803048 -0.703950808 0.0877833893 0.704803048 -0.703950808 0.0877833893 0.704803048 -0.703950808 0.0837604035 0.707191901 -0.702042599 0.0837604035 0.707191901 -0.702042599 0.0837604035 0.707191901 -0.702042599 0.0519387652 0.708195381 -0.704103449 0.0519387652 0.708195381 -0.704103449 0.0519387652 0.708195381 -0.704103449 0.0525647186 0.707890908 -0.704363126 0.0525647186 0.707890908 -0.704363126 0.0525647186 0.707890908 -0.704363126 0.0210986076 0.707656999 -0.706241049 0.0210986076 0.707656999 -0.706241049 0.0210986076 0.707656999 -0.706241049 0.0232079768 0.706782673 -0.707049958 0.0232079768 0.706782673 -0.707049958 0.0232079768 0.706782673 -0.707049958 0.00900688713 0.706305778 -0.707849578 0.00900688713 0.706305778 -0.707849578 0.00900688713 0.706305778 -0.707849578 0.00877801436 0.706383955 -0.707774437 0.00877801436 0.706383955 -0.707774437 0.00877801436 0.706383955 -0.707774437 -0.00708540119 0.70556403 -0.708610751 -0.00708540119 0.70556403 -0.708610751 -0.00708540119 0.70556403 -0.708610751 -0.00343794117 0.704650244 -0.709546485 -0.00343794117 0.704650244 -0.709546485 -0.00343794117 0.704650244 -0.709546485 -0.00506892041 0.704558798 -0.709627512 -0.00506892041 0.704558798 -0.709627512 -0.00506892041 0.704558798 -0.709627512 -0.00552344588 0.704626839 -0.709556558 -0.00552344588 0.704626839 -0.709556558 -0.00552344588 0.704626839 -0.709556558 0.193902005 0.69944419 -0.687880685 0.193902005 0.69944419 -0.687880685 0.193902005 0.69944419 -0.687880685 0.190664093 0.700768361 -0.68743793 0.190664093 0.700768361 -0.68743793 0.190664093 0.700768361 -0.68743793 0.455336616 0.646905405 -0.611704147 0.455336616 0.646905405 -0.611704147 0.455336616 0.646905405 -0.611704147 0.454352402 0.64760356 -0.611697248 0.454352402 0.64760356 -0.611697248 0.454352402 0.64760356 -0.611697248 0.703414154 0.530438994 -0.473120494 0.703414154 0.530438994 -0.473120494 0.703414154 0.530438994 -0.473120494 0.701114989 0.533487947 -0.473105043 0.701114989 0.533487947 -0.473105043 0.701114989 0.533487947 -0.473105043 0.95950645 0.236168217 -0.153531578 0.95950645 0.236168217 -0.153531578 0.95950645 0.236168217 -0.153531578 -0.943283123 0.320602226 -0.0862041944 -0.943283123 0.320602226 -0.0862041944 -0.943283123 0.320602226 -0.0862041944 -0.660568855 0.725014391 -0.19494338 -0.660568855 0.725014391 -0.19494338 -0.660568855 0.725014391 -0.19494338 -0.661251263 0.724612462 -0.194122507 -0.661251263 0.724612462 -0.194122507 -0.661251263 0.724612462 -0.194122507 -0.401120202 0.884823856 -0.237042881 -0.401120202 0.884823856 -0.237042881 -0.401120202 0.884823856 -0.237042881 -0.400904043 0.884883652 -0.237185309 -0.400904043 0.884883652 -0.237185309 -0.400904043 0.884883652 -0.237185309 -0.135503668 0.956994917 -0.256514102 -0.135503668 0.956994917 -0.256514102 -0.135503668 0.956994917 -0.256514102 -0.136684259 0.956976014 -0.255957656 -0.136684259 0.956976014 -0.255957656 -0.136684259 0.956976014 -0.255957656 0.115082478 0.959624203 -0.256665954 0.115082478 0.959624203 -0.256665954 0.115082478 0.959624203 -0.256665954 0.120241353 0.958418726 -0.258796372 0.120241353 0.958418726 -0.258796372 0.120241353 0.958418726 -0.258796372 0.121770673 0.958235537 -0.258759656 0.121770673 0.958235537 -0.258759656 0.121770673 0.958235537 -0.258759656 0.117924583 0.959377656 -0.256297301 0.117924583 0.959377656 -0.256297301 0.117924583 0.959377656 -0.256297301 0.114163551 0.959810346 -0.256380153 0.114163551 0.959810346 -0.256380153 0.114163551 0.959810346 -0.256380153 0.114299826 0.95976593 -0.256485692 0.114299826 0.95976593 -0.256485692 0.114299826 0.95976593 -0.256485692 0.10291423 0.960974197 -0.256782503 0.10291423 0.960974197 -0.256782503 0.10291423 0.960974197 -0.256782503 0.102698146 0.961043188 -0.25661076 0.102698146 0.961043188 -0.25661076 0.102698146 0.961043188 -0.25661076 0.0803087497 0.962990961 -0.257291495 0.0803087497 0.962990961 -0.257291495 0.0803087497 0.962990961 -0.257291495 0.0792298491 0.963277115 -0.256553759 0.0792298491 0.963277115 -0.256553759 0.0792298491 0.963277115 -0.256553759 0.0311760455 0.965462795 -0.258668988 0.0311760455 0.965462795 -0.258668988 0.0311760455 0.965462795 -0.258668988 0.0289091761 0.965875394 -0.257388777 0.0289091761 0.965875394 -0.257388777 0.0289091761 0.965875394 -0.257388777 -0.0135558142 0.965484416 -0.260107827 -0.0135558142 0.965484416 -0.260107827 -0.0135558142 0.965484416 -0.260107827 -0.0133209257 0.965455624 -0.260226807 -0.0133209257 0.965455624 -0.260226807 -0.0133209257 0.965455624 -0.260226807 -0.040485586 0.964130542 -0.262322732 -0.040485586 0.964130542 -0.262322732 -0.040485586 0.964130542 -0.262322732 -0.0348410194 0.963691078 -0.264736867 -0.0348410194 0.963691078 -0.264736867 -0.0348410194 0.963691078 -0.264736867 -0.0524747346 0.962480884 -0.266227255 -0.0524747346 0.962480884 -0.266227255 -0.0524747346 0.962480884 -0.266227255 -0.0530018901 0.962500128 -0.266053196 -0.0530018901 0.962500128 -0.266053196 -0.0530018901 0.962500128 -0.266053196 -0.04229298 0.963284273 -0.265131501 -0.04229298 0.963284273 -0.265131501 -0.04229298 0.963284273 -0.265131501 -0.0500960323 0.963366918 -0.263466446 -0.0500960323 0.963366918 -0.263466446 -0.0500960323 0.963366918 -0.263466446 0.158228216 0.956710014 -0.244273986 0.158228216 0.956710014 -0.244273986 0.158228216 0.956710014 -0.244273986 0.156916445 0.957028316 -0.243872982 0.156916445 0.957028316 -0.243872982 0.156916445 0.957028316 -0.243872982 0.418335214 0.885388356 -0.202689682 0.418335214 0.885388356 -0.202689682 0.418335214 0.885388356 -0.202689682 0.422349919 0.883169211 -0.204040903 0.422349919 0.883169211 -0.204040903 0.422349919 0.883169211 -0.204040903 0.675922547 0.723599508 -0.139758587 0.675922547 0.723599508 -0.139758587 0.675922547 0.723599508 -0.139758587 0.674730167 0.724853747 -0.139018875 0.674730167 0.724853747 -0.139018875 0.674730167 0.724853747 -0.139018875 0.947051004 0.321007339 -0.00697744633 0.947051004 0.321007339 -0.00697744633 0.947051004 0.321007339 -0.00697744633 -0 -0 1 -0 -0 1 -0 -0 1 0 0 -1 0 0 -1 0 0 -1 0 0 1 0 0 1 0 0 1 0 0 -1 0 0 -1 0 0 -1 0 0 1 0 0 1 0 0 1 -0 -0 -1 -0 -0 -1 -0 -0 -1 0 0 1 0 0 1 0 0 1 -0 -0 -1 -0 -0 -1 -0 -0 -1 -0.955799965 -0.294017731 0 -0.955799965 -0.294017731 0 -0.955799965 -0.294017731 0 -0.955799965 -0.294017731 -0 -0.955799965 -0.294017731 -0 -0.955799965 -0.294017731 -0 0.747409282 -0.66436388 0 0.747409282 -0.66436388 0 0.747409282 -0.66436388 0 0.747409282 -0.66436388 0 0.747409282 -0.66436388 0 0.747409282 -0.66436388 0 0.958413064 0.285384651 0 0.958413064 0.285384651 0 0.958413064 0.285384651 0 0.958413064 0.285384651 0 0.958413064 0.285384651 0 0.958413064 0.285384651 0 0.540757663 0.84117843 0 0.540757663 0.84117843 0 0.540757663 0.84117843 0 0.540757663 0.84117843 0 0.540757663 0.84117843 0 0.540757663 0.84117843 0 -0 0 1 -0 0 1 -0 0 1 0 -0 -1 0 -0 -1 0 -0 -1 0 0 1 0 0 1 0 0 1 -0 0 -1 -0 0 -1 -0 0 -1 0 -0 1 0 -0 1 0 -0 1 -0 0 -1 -0 0 -1 -0 0 -1 0 -0 1 0 -0 1 0 -0 1 0 0 -1 0 0 -1 0 0 -1 -0.955799965 0.294017731 0 -0.955799965 0.294017731 0 -0.955799965 0.294017731 0 -0.955799965 0.294017731 0 -0.955799965 0.294017731 0 -0.955799965 0.294017731 0 0.747409282 0.66436388 0 0.747409282 0.66436388 0 0.747409282 0.66436388 0 0.747409282 0.66436388 -0 0.747409282 0.66436388 -0 0.747409282 0.66436388 -0 0.958413064 -0.285384651 0 0.958413064 -0.285384651 0 0.958413064 -0.285384651 0 0.958413064 -0.285384651 0 0.958413064 -0.285384651 0 0.958413064 -0.285384651 0 0.540757663 -0.84117843 0 0.540757663 -0.84117843 0 0.540757663 -0.84117843 0 0.540757663 -0.84117843 0 0.540757663 -0.84117843 0 0.540757663 -0.84117843 0 -0 -0 1 -0 -0 1 -0 -0 1 0 0 -1 0 0 -1 0 0 -1 0 0 1 0 0 1 0 0 1 -0 0 -1 -0 0 -1 -0 0 -1 0 0 1 0 0 1 0 0 1 -0 -0 -1 -0 -0 -1 -0 -0 -1 -0.768394197 -0.639976842 0 -0.768394197 -0.639976842 0 -0.768394197 -0.639976842 0 -0.768394197 -0.639976842 -0 -0.768394197 -0.639976842 -0 -0.768394197 -0.639976842 -0 0.989968861 -0.14128572 0 0.989968861 -0.14128572 0 0.989968861 -0.14128572 0 0.989968861 -0.14128572 0 0.989968861 -0.14128572 0 0.989968861 -0.14128572 0 0.413854271 0.910343146 0 0.413854271 0.910343146 0 0.413854271 0.910343146 0 0.413854271 0.910343146 0 0.413854271 0.910343146 0 0.413854271 0.910343146 0 -0 0 1 -0 0 1 -0 0 1 0 -0 -1 0 -0 -1 0 -0 -1 0 0 1 0 0 1 0 0 1 -0 0 -1 -0 0 -1 -0 0 -1 0 -0 1 0 -0 1 0 -0 1 0 0 -1 0 0 -1 0 0 -1 -0.768394197 0.639976842 0 -0.768394197 0.639976842 0 -0.768394197 0.639976842 0 -0.768394197 0.639976842 0 -0.768394197 0.639976842 0 -0.768394197 0.639976842 0 0.989968861 0.14128572 0 0.989968861 0.14128572 0 0.989968861 0.14128572 0 0.989968861 0.14128572 -0 0.989968861 0.14128572 -0 0.989968861 0.14128572 -0 0.413854271 -0.910343146 0 0.413854271 -0.910343146 0 0.413854271 -0.910343146 0 0.413854271 -0.910343146 0 0.413854271 -0.910343146 0 0.413854271 -0.910343146 0</float_array><technique_common><accessor source="#part1-normals-array" count="1392" stride="3"><param name="X" type="float" /><param name="Y" type="float" /><param name="Z" type="float" /></accessor></technique_common></source><vertices id="part1-vertices"><input semantic="POSITION" source="#part1-positions" /></vertices><triangles count="464" material="material"><input semantic="VERTEX" source="#part1-vertices" offset="0" /><input semantic="NORMAL" source="#part1-normals" offset="0" /><p>0 1 2 3 4 5 6 7 8 9 10 11 12 13 14 15 16 17 18 19 20 21 22 23 24 25 26 27 28 29 30 31 32 33 34 35 36 37 38 39 40 41 42 43 44 45 46 47 48 49 50 51 52 53 54 55 56 57 58 59 60 61 62 63 64 65 66 67 68 69 70 71 72 73 74 75 76 77 78 79 80 81 82 83 84 85 86 87 88 89 90 91 92 93 94 95 96 97 98 99 100 101 102 103 104 105 106 107 108 109 110 111 112 113 114 115 116 117 118 119 120 121 122 123 124 125 126 127 128 129 130 131 132 133 134 135 136 137 138 139 140 141 142 143 144 145 146 147 148 149 150 151 152 153 154 155 156 157 158 159 160 161 162 163 164 165 166 167 168 169 170 171 172 173 174 175 176 177 178 179 180 181 182 183 184 185 186 187 188 189 190 191 192 193 194 195 196 197 198 199 200 201 202 203 204 205 206 207 208 209 210 211 212 213 214 215 216 217 218 219 220 221 222 223 224 225 226 227 228 229 230 231 232 233 234 235 236 237 238 239 240 241 242 243 244 245 246 247 248 249 250 251 252 253 254 255 256 257 258 259 260 261 262 263 264 265 266 267 268 269 270 271 272 273 274 275 276 277 278 279 280 281 282 283 284 285 286 287 288 289 290 291 292 293 294 295 296 297 298 299 300 301 302 303 304 305 306 307 308 309 310 311 312 313 314 315 316 317 318 319 320 321 322 323 324 325 326 327 328 329 330 331 332 333 334 335 336 337 338 339 340 341 342 343 344 345 346 347 348 349 350 351 352 353 354 355 356 357 358 359 360 361 362 363 364 365 366 367 368 369 370 371 372 373 374 375 376 377 378 379 380 381 382 383 384 385 386 387 388 389 390 391 392 393 394 395 396 397 398 399 400 401 402 403 404 405 406 407 408 409 410 411 412 413 414 415 416 417 418 419 420 421 422 423 424 425 426 427 428 429 430 431 432 433 434 435 436 437 438 439 440 441 442 443 444 445 446 447 448 449 450 451 452 453 454 455 456 457 458 459 460 461 462 463 464 465 466 467 468 469 470 471 472 473 474 475 476 477 478 479 480 481 482 483 484 485 486 487 488 489 490 491 492 493 494 495 496 497 498 499 500 501 502 503 504 505 506 507 508 509 510 511 512 513 514 515 516 517 518 519 520 521 522 523 524 525 526 527 528 529 530 531 532 533 534 535 536 537 538 539 540 541 542 543 544 545 546 547 548 549 550 551 552 553 554 555 556 557 558 559 560 561 562 563 564 565 566 567 568 569 570 571 572 573 574 575 576 577 578 579 580 581 582 583 584 585 586 587 588 589 590 591 592 593 594 595 596 597 598 599 600 601 602 603 604 605 606 607 608 609 610 611 612 613 614 615 616 617 618 619 620 621 622 623 624 625 626 627 628 629 630 631 632 633 634 635 636 637 638 639 640 641 642 643 644 645 646 647 648 649 650 651 652 653 654 655 656 657 658 659 660 661 662 663 664 665 666 667 668 669 670 671 672 673 674 675 676 677 678 679 680 681 682 683 684 685 686 687 688 689 690 691 692 693 694 695 696 697 698 699 700 701 702 703 704 705 706 707 708 709 710 711 712 713 714 715 716 717 718 719 720 721 722 723 724 725 726 727 728 729 730 731 732 733 734 735 736 737 738 739 740 741 742 743 744 745 746 747 748 749 750 751 752 753 754 755 756 757 758 759 760 761 762 763 764 765 766 767 768 769 770 771 772 773 774 775 776 777 778 779 780 781 782 783 784 785 786 787 788 789 790 791 792 793 794 795 796 797 798 799 800 801 802 803 804 805 806 807 808 809 810 811 812 813 814 815 816 817 818 819 820 821 822 823 824 825 826 827 828 829 830 831 832 833 834 835 836 837 838 839 840 841 842 843 844 845 846 847 848 849 850 851 852 853 854 855 856 857 858 859 860 861 862 863 864 865 866 867 868 869 870 871 872 873 874 875 876 877 878 879 880 881 882 883 884 885 886 887 888 889 890 891 892 893 894 895 896 897 898 899 900 901 902 903 904 905 906 907 908 909 910 911 912 913 914 915 916 917 918 919 920 921 922 923 924 925 926 927 928 929 930 931 932 933 934 935 936 937 938 939 940 941 942 943 944 945 946 947 948 949 950 951 952 953 954 955 956 957 958 959 960 961 962 963 964 965 966 967 968 969 970 971 972 973 974 975 976 977 978 979 980 981 982 983 984 985 986 987 988 989 990 991 992 993 994 995 996 997 998 999 1000 1001 1002 1003 1004 1005 1006 1007 1008 1009 1010 1011 1012 1013 1014 1015 1016 1017 1018 1019 1020 1021 1022 1023 1024 1025 1026 1027 1028 1029 1030 1031 1032 1033 1034 1035 1036 1037 1038 1039 1040 1041 1042 1043 1044 1045 1046 1047 1048 1049 1050 1051 1052 1053 1054 1055 1056 1057 1058 1059 1060 1061 1062 1063 1064 1065 1066 1067 1068 1069 1070 1071 1072 1073 1074 1075 1076 1077 1078 1079 1080 1081 1082 1083 1084 1085 1086 1087 1088 1089 1090 1091 1092 1093 1094 1095 1096 1097 1098 1099 1100 1101 1102 1103 1104 1105 1106 1107 1108 1109 1110 1111 1112 1113 1114 1115 1116 1117 1118 1119 1120 1121 1122 1123 1124 1125 1126 1127 1128 1129 1130 1131 1132 1133 1134 1135 1136 1137 1138 1139 1140 1141 1142 1143 1144 1145 1146 1147 1148 1149 1150 1151 1152 1153 1154 1155 1156 1157 1158 1159 1160 1161 1162 1163 1164 1165 1166 1167 1168 1169 1170 1171 1172 1173 1174 1175 1176 1177 1178 1179 1180 1181 1182 1183 1184 1185 1186 1187 1188 1189 1190 1191 1192 1193 1194 1195 1196 1197 1198 1199 1200 1201 1202 1203 1204 1205 1206 1207 1208 1209 1210 1211 1212 1213 1214 1215 1216 1217 1218 1219 1220 1221 1222 1223 1224 1225 1226 1227 1228 1229 1230 1231 1232 1233 1234 1235 1236 1237 1238 1239 1240 1241 1242 1243 1244 1245 1246 1247 1248 1249 1250 1251 1252 1253 1254 1255 1256 1257 1258 1259 1260 1261 1262 1263 1264 1265 1266 1267 1268 1269 1270 1271 1272 1273 1274 1275 1276 1277 1278 1279 1280 1281 1282 1283 1284 1285 1286 1287 1288 1289 1290 1291 1292 1293 1294 1295 1296 1297 1298 1299 1300 1301 1302 1303 1304 1305 1306 1307 1308 1309 1310 1311 1312 1313 1314 1315 1316 1317 1318 1319 1320 1321 1322 1323 1324 1325 1326 1327 1328 1329 1330 1331 1332 1333 1334 1335 1336 1337 1338 1339 1340 1341 1342 1343 1344 1345 1346 1347 1348 1349 1350 1351 1352 1353 1354 1355 1356 1357 1358 1359 1360 1361 1362 1363 1364 1365 1366 1367 1368 1369 1370 1371 1372 1373 1374 1375 1376 1377 1378 1379 1380 1381 1382 1383 1384 1385 1386 1387 1388 1389 1390 1391</p></triangles></mesh></geometry><geometry id="part2"><mesh><source id="part2-positions"><float_array id="part2-positions-array" count="2268">-0.123367295 0 -0.00663959739 -0.041307499 0.124765864 -0.0124697779 -0.123367295 0.138466788 -0.0124697779 -0.123367295 0.138466788 -0.0124697779 -0.041307499 0.124765864 -0.0124697779 0.0328268877 0.237306567 -0.0294501766 -0.123367295 0.138466788 -0.0124697779 0.0328268877 0.237306567 -0.0294501766 -0.123367295 0.263323754 -0.0294501766 -0.123367295 0.263323754 -0.0294501766 0.0328268877 0.237306567 -0.0294501766 0.0915659611 0.326599423 -0.055831748 -0.123367295 0.263323754 -0.0294501766 0.0915659611 0.326599423 -0.055831748 -0.123367295 0.362455042 -0.055831748 -0.123367295 0.362455042 -0.055831748 0.0915659611 0.326599423 -0.055831748 0.129316367 0.383953818 -0.0891366543 -0.123367295 0.362455042 -0.055831748 0.129316367 0.383953818 -0.0891366543 -0.123367295 0.426149743 -0.0891366543 -0.123367295 0.426149743 -0.0891366543 0.129316367 0.383953818 -0.0891366543 0.142288532 0.403703556 -0.126085424 -0.123367295 0.426149743 -0.0891366543 0.142288532 0.403703556 -0.126085424 -0.123367295 0.448104022 -0.126085424 -0.123367295 0.448104022 -0.126085424 0.142288532 0.403703556 -0.126085424 0.129316367 0.383953818 -0.163034193 -0.123367295 0.448104022 -0.126085424 0.129316367 0.383953818 -0.163034193 -0.123367295 0.426149743 -0.163034193 -0.123367295 0.426149743 -0.163034193 0.129316367 0.383953818 -0.163034193 0.0915659611 0.326599423 -0.196339099 -0.123367295 0.426149743 -0.163034193 0.0915659611 0.326599423 -0.196339099 -0.123367295 0.362455042 -0.196339099 -0.123367295 0.362455042 -0.196339099 0.0915659611 0.326599423 -0.196339099 0.0328268877 0.237306567 -0.222720671 -0.123367295 0.362455042 -0.196339099 0.0328268877 0.237306567 -0.222720671 -0.123367295 0.263323754 -0.222720671 -0.123367295 0.263323754 -0.222720671 0.0328268877 0.237306567 -0.222720671 -0.041307499 0.124765864 -0.239701069 -0.123367295 0.263323754 -0.222720671 -0.041307499 0.124765864 -0.239701069 -0.123367295 0.138466788 -0.239701069 -0.123367295 0.138466788 -0.239701069 -0.041307499 0.124765864 -0.239701069 -0.123367295 0 -0.24553125 -0.123367295 0 -0.00663959739 0.0245735411 0.0862866721 -0.0124697779 -0.041307499 0.124765864 -0.0124697779 -0.041307499 0.124765864 -0.0124697779 0.0245735411 0.0862866721 -0.0124697779 0.158030019 0.164210685 -0.0294501766 -0.041307499 0.124765864 -0.0124697779 0.158030019 0.164210685 -0.0294501766 0.0328268877 0.237306567 -0.0294501766 0.0328268877 0.237306567 -0.0294501766 0.158030019 0.164210685 -0.0294501766 0.263938881 0.226010599 -0.055831748 0.0328268877 0.237306567 -0.0294501766 0.263938881 0.226010599 -0.055831748 0.0915659611 0.326599423 -0.055831748 0.0915659611 0.326599423 -0.055831748 0.263938881 0.226010599 -0.055831748 0.331951569 0.265655827 -0.0891366543 0.0915659611 0.326599423 -0.055831748 0.331951569 0.265655827 -0.0891366543 0.129316367 0.383953818 -0.0891366543 0.129316367 0.383953818 -0.0891366543 0.331951569 0.265655827 -0.0891366543 0.355418077 0.279356742 -0.126085424 0.129316367 0.383953818 -0.0891366543 0.355418077 0.279356742 -0.126085424 0.142288532 0.403703556 -0.126085424 0.142288532 0.403703556 -0.126085424 0.355418077 0.279356742 -0.126085424 0.331951569 0.265655827 -0.163034193 0.142288532 0.403703556 -0.126085424 0.331951569 0.265655827 -0.163034193 0.129316367 0.383953818 -0.163034193 0.129316367 0.383953818 -0.163034193 0.331951569 0.265655827 -0.163034193 0.263938881 0.226010599 -0.196339099 0.129316367 0.383953818 -0.163034193 0.263938881 0.226010599 -0.196339099 0.0915659611 0.326599423 -0.196339099 0.0915659611 0.326599423 -0.196339099 0.263938881 0.226010599 -0.196339099 0.158030019 0.164210685 -0.222720671 0.0915659611 0.326599423 -0.196339099 0.158030019 0.164210685 -0.222720671 0.0328268877 0.237306567 -0.222720671 0.0328268877 0.237306567 -0.222720671 0.158030019 0.164210685 -0.222720671 0.0245735411 0.0862866721 -0.239701069 0.0328268877 0.237306567 -0.222720671 0.0245735411 0.0862866721 -0.239701069 -0.041307499 0.124765864 -0.239701069 -0.041307499 0.124765864 -0.239701069 0.0245735411 0.0862866721 -0.239701069 -0.123367295 0 -0.24553125 -0.123367295 0 -0.00663959739 0.0611032544 0.0308270796 -0.0124697779 0.0245735411 0.0862866721 -0.0124697779 0.0245735411 0.0862866721 -0.0124697779 0.0611032544 0.0308270796 -0.0124697779 0.227573137 0.0585933145 -0.0294501766 0.0245735411 0.0862866721 -0.0124697779 0.227573137 0.0585933145 -0.0294501766 0.158030019 0.164210685 -0.0294501766 0.158030019 0.164210685 -0.0294501766 0.227573137 0.0585933145 -0.0294501766 0.359644936 0.0806751255 -0.055831748 0.158030019 0.164210685 -0.0294501766 0.359644936 0.0806751255 -0.055831748 0.263938881 0.226010599 -0.055831748 0.263938881 0.226010599 -0.055831748 0.359644936 0.0806751255 -0.055831748 0.444401197 0.0948133089 -0.0891366543 0.263938881 0.226010599 -0.055831748 0.444401197 0.0948133089 -0.0891366543 0.331951569 0.265655827 -0.0891366543 0.331951569 0.265655827 -0.0891366543 0.444401197 0.0948133089 -0.0891366543 0.473624974 0.0996960873 -0.126085424 0.331951569 0.265655827 -0.0891366543 0.473624974 0.0996960873 -0.126085424 0.355418077 0.279356742 -0.126085424 0.355418077 0.279356742 -0.126085424 0.473624974 0.0996960873 -0.126085424 0.444401197 0.0948133089 -0.163034193 0.355418077 0.279356742 -0.126085424 0.444401197 0.0948133089 -0.163034193 0.331951569 0.265655827 -0.163034193 0.331951569 0.265655827 -0.163034193 0.444401197 0.0948133089 -0.163034193 0.359644936 0.0806751255 -0.196339099 0.331951569 0.265655827 -0.163034193 0.359644936 0.0806751255 -0.196339099 0.263938881 0.226010599 -0.196339099 0.263938881 0.226010599 -0.196339099 0.359644936 0.0806751255 -0.196339099 0.227573137 0.0585933145 -0.222720671 0.263938881 0.226010599 -0.196339099 0.227573137 0.0585933145 -0.222720671 0.158030019 0.164210685 -0.222720671 0.158030019 0.164210685 -0.222720671 0.227573137 0.0585933145 -0.222720671 0.0611032544 0.0308270796 -0.239701069 0.158030019 0.164210685 -0.222720671 0.0611032544 0.0308270796 -0.239701069 0.0245735411 0.0862866721 -0.239701069 0.0245735411 0.0862866721 -0.239701069 0.0611032544 0.0308270796 -0.239701069 -0.123367295 0 -0.24553125 -0.123367295 0 -0.00663959739 0.0611032544 -0.0308270796 -0.0124697779 0.0611032544 0.0308270796 -0.0124697779 0.0611032544 0.0308270796 -0.0124697779 0.0611032544 -0.0308270796 -0.0124697779 0.227573137 -0.0585933145 -0.0294501766 0.0611032544 0.0308270796 -0.0124697779 0.227573137 -0.0585933145 -0.0294501766 0.227573137 0.0585933145 -0.0294501766 0.227573137 0.0585933145 -0.0294501766 0.227573137 -0.0585933145 -0.0294501766 0.359644936 -0.0806751255 -0.055831748 0.227573137 0.0585933145 -0.0294501766 0.359644936 -0.0806751255 -0.055831748 0.359644936 0.0806751255 -0.055831748 0.359644936 0.0806751255 -0.055831748 0.359644936 -0.0806751255 -0.055831748 0.444401197 -0.0948133089 -0.0891366543 0.359644936 0.0806751255 -0.055831748 0.444401197 -0.0948133089 -0.0891366543 0.444401197 0.0948133089 -0.0891366543 0.444401197 0.0948133089 -0.0891366543 0.444401197 -0.0948133089 -0.0891366543 0.473624974 -0.0996960873 -0.126085424 0.444401197 0.0948133089 -0.0891366543 0.473624974 -0.0996960873 -0.126085424 0.473624974 0.0996960873 -0.126085424 0.473624974 0.0996960873 -0.126085424 0.473624974 -0.0996960873 -0.126085424 0.444401197 -0.0948133089 -0.163034193 0.473624974 0.0996960873 -0.126085424 0.444401197 -0.0948133089 -0.163034193 0.444401197 0.0948133089 -0.163034193 0.444401197 0.0948133089 -0.163034193 0.444401197 -0.0948133089 -0.163034193 0.359644936 -0.0806751255 -0.196339099 0.444401197 0.0948133089 -0.163034193 0.359644936 -0.0806751255 -0.196339099 0.359644936 0.0806751255 -0.196339099 0.359644936 0.0806751255 -0.196339099 0.359644936 -0.0806751255 -0.196339099 0.227573137 -0.0585933145 -0.222720671 0.359644936 0.0806751255 -0.196339099 0.227573137 -0.0585933145 -0.222720671 0.227573137 0.0585933145 -0.222720671 0.227573137 0.0585933145 -0.222720671 0.227573137 -0.0585933145 -0.222720671 0.0611032544 -0.0308270796 -0.239701069 0.227573137 0.0585933145 -0.222720671 0.0611032544 -0.0308270796 -0.239701069 0.0611032544 0.0308270796 -0.239701069 0.0611032544 0.0308270796 -0.239701069 0.0611032544 -0.0308270796 -0.239701069 -0.123367295 0 -0.24553125 -0.123367295 0 -0.00663959739 0.0245735411 -0.0862866721 -0.0124697779 0.0611032544 -0.0308270796 -0.0124697779 0.0611032544 -0.0308270796 -0.0124697779 0.0245735411 -0.0862866721 -0.0124697779 0.158030019 -0.164210685 -0.0294501766 0.0611032544 -0.0308270796 -0.0124697779 0.158030019 -0.164210685 -0.0294501766 0.227573137 -0.0585933145 -0.0294501766 0.227573137 -0.0585933145 -0.0294501766 0.158030019 -0.164210685 -0.0294501766 0.263938881 -0.226010599 -0.055831748 0.227573137 -0.0585933145 -0.0294501766 0.263938881 -0.226010599 -0.055831748 0.359644936 -0.0806751255 -0.055831748 0.359644936 -0.0806751255 -0.055831748 0.263938881 -0.226010599 -0.055831748 0.331951569 -0.265655827 -0.0891366543 0.359644936 -0.0806751255 -0.055831748 0.331951569 -0.265655827 -0.0891366543 0.444401197 -0.0948133089 -0.0891366543 0.444401197 -0.0948133089 -0.0891366543 0.331951569 -0.265655827 -0.0891366543 0.355418077 -0.279356742 -0.126085424 0.444401197 -0.0948133089 -0.0891366543 0.355418077 -0.279356742 -0.126085424 0.473624974 -0.0996960873 -0.126085424 0.473624974 -0.0996960873 -0.126085424 0.355418077 -0.279356742 -0.126085424 0.331951569 -0.265655827 -0.163034193 0.473624974 -0.0996960873 -0.126085424 0.331951569 -0.265655827 -0.163034193 0.444401197 -0.0948133089 -0.163034193 0.444401197 -0.0948133089 -0.163034193 0.331951569 -0.265655827 -0.163034193 0.263938881 -0.226010599 -0.196339099 0.444401197 -0.0948133089 -0.163034193 0.263938881 -0.226010599 -0.196339099 0.359644936 -0.0806751255 -0.196339099 0.359644936 -0.0806751255 -0.196339099 0.263938881 -0.226010599 -0.196339099 0.158030019 -0.164210685 -0.222720671 0.359644936 -0.0806751255 -0.196339099 0.158030019 -0.164210685 -0.222720671 0.227573137 -0.0585933145 -0.222720671 0.227573137 -0.0585933145 -0.222720671 0.158030019 -0.164210685 -0.222720671 0.0245735411 -0.0862866721 -0.239701069 0.227573137 -0.0585933145 -0.222720671 0.0245735411 -0.0862866721 -0.239701069 0.0611032544 -0.0308270796 -0.239701069 0.0611032544 -0.0308270796 -0.239701069 0.0245735411 -0.0862866721 -0.239701069 -0.123367295 0 -0.24553125 -0.123367295 0 -0.00663959739 -0.041307499 -0.124765864 -0.0124697779 0.0245735411 -0.0862866721 -0.0124697779 0.0245735411 -0.0862866721 -0.0124697779 -0.041307499 -0.124765864 -0.0124697779 0.0328268877 -0.237306567 -0.0294501766 0.0245735411 -0.0862866721 -0.0124697779 0.0328268877 -0.237306567 -0.0294501766 0.158030019 -0.164210685 -0.0294501766 0.158030019 -0.164210685 -0.0294501766 0.0328268877 -0.237306567 -0.0294501766 0.0915659611 -0.326599423 -0.055831748 0.158030019 -0.164210685 -0.0294501766 0.0915659611 -0.326599423 -0.055831748 0.263938881 -0.226010599 -0.055831748 0.263938881 -0.226010599 -0.055831748 0.0915659611 -0.326599423 -0.055831748 0.129316367 -0.383953818 -0.0891366543 0.263938881 -0.226010599 -0.055831748 0.129316367 -0.383953818 -0.0891366543 0.331951569 -0.265655827 -0.0891366543 0.331951569 -0.265655827 -0.0891366543 0.129316367 -0.383953818 -0.0891366543 0.142288532 -0.403703556 -0.126085424 0.331951569 -0.265655827 -0.0891366543 0.142288532 -0.403703556 -0.126085424 0.355418077 -0.279356742 -0.126085424 0.355418077 -0.279356742 -0.126085424 0.142288532 -0.403703556 -0.126085424 0.129316367 -0.383953818 -0.163034193 0.355418077 -0.279356742 -0.126085424 0.129316367 -0.383953818 -0.163034193 0.331951569 -0.265655827 -0.163034193 0.331951569 -0.265655827 -0.163034193 0.129316367 -0.383953818 -0.163034193 0.0915659611 -0.326599423 -0.196339099 0.331951569 -0.265655827 -0.163034193 0.0915659611 -0.326599423 -0.196339099 0.263938881 -0.226010599 -0.196339099 0.263938881 -0.226010599 -0.196339099 0.0915659611 -0.326599423 -0.196339099 0.0328268877 -0.237306567 -0.222720671 0.263938881 -0.226010599 -0.196339099 0.0328268877 -0.237306567 -0.222720671 0.158030019 -0.164210685 -0.222720671 0.158030019 -0.164210685 -0.222720671 0.0328268877 -0.237306567 -0.222720671 -0.041307499 -0.124765864 -0.239701069 0.158030019 -0.164210685 -0.222720671 -0.041307499 -0.124765864 -0.239701069 0.0245735411 -0.0862866721 -0.239701069 0.0245735411 -0.0862866721 -0.239701069 -0.041307499 -0.124765864 -0.239701069 -0.123367295 0 -0.24553125 -0.123367295 0 -0.00663959739 -0.123367295 -0.138466788 -0.0124697779 -0.041307499 -0.124765864 -0.0124697779 -0.041307499 -0.124765864 -0.0124697779 -0.123367295 -0.138466788 -0.0124697779 -0.123367295 -0.263323754 -0.0294501766 -0.041307499 -0.124765864 -0.0124697779 -0.123367295 -0.263323754 -0.0294501766 0.0328268877 -0.237306567 -0.0294501766 0.0328268877 -0.237306567 -0.0294501766 -0.123367295 -0.263323754 -0.0294501766 -0.123367295 -0.362455042 -0.055831748 0.0328268877 -0.237306567 -0.0294501766 -0.123367295 -0.362455042 -0.055831748 0.0915659611 -0.326599423 -0.055831748 0.0915659611 -0.326599423 -0.055831748 -0.123367295 -0.362455042 -0.055831748 -0.123367295 -0.426149743 -0.0891366543 0.0915659611 -0.326599423 -0.055831748 -0.123367295 -0.426149743 -0.0891366543 0.129316367 -0.383953818 -0.0891366543 0.129316367 -0.383953818 -0.0891366543 -0.123367295 -0.426149743 -0.0891366543 -0.123367295 -0.448104022 -0.126085424 0.129316367 -0.383953818 -0.0891366543 -0.123367295 -0.448104022 -0.126085424 0.142288532 -0.403703556 -0.126085424 0.142288532 -0.403703556 -0.126085424 -0.123367295 -0.448104022 -0.126085424 -0.123367295 -0.426149743 -0.163034193 0.142288532 -0.403703556 -0.126085424 -0.123367295 -0.426149743 -0.163034193 0.129316367 -0.383953818 -0.163034193 0.129316367 -0.383953818 -0.163034193 -0.123367295 -0.426149743 -0.163034193 -0.123367295 -0.362455042 -0.196339099 0.129316367 -0.383953818 -0.163034193 -0.123367295 -0.362455042 -0.196339099 0.0915659611 -0.326599423 -0.196339099 0.0915659611 -0.326599423 -0.196339099 -0.123367295 -0.362455042 -0.196339099 -0.123367295 -0.263323754 -0.222720671 0.0915659611 -0.326599423 -0.196339099 -0.123367295 -0.263323754 -0.222720671 0.0328268877 -0.237306567 -0.222720671 0.0328268877 -0.237306567 -0.222720671 -0.123367295 -0.263323754 -0.222720671 -0.123367295 -0.138466788 -0.239701069 0.0328268877 -0.237306567 -0.222720671 -0.123367295 -0.138466788 -0.239701069 -0.041307499 -0.124765864 -0.239701069 -0.041307499 -0.124765864 -0.239701069 -0.123367295 -0.138466788 -0.239701069 -0.123367295 0 -0.24553125 -0.123367295 0 -0.00663959739 -0.20542709 -0.124765864 -0.0124697779 -0.123367295 -0.138466788 -0.0124697779 -0.123367295 -0.138466788 -0.0124697779 -0.20542709 -0.124765864 -0.0124697779 -0.279561477 -0.237306567 -0.0294501766 -0.123367295 -0.138466788 -0.0124697779 -0.279561477 -0.237306567 -0.0294501766 -0.123367295 -0.263323754 -0.0294501766 -0.123367295 -0.263323754 -0.0294501766 -0.279561477 -0.237306567 -0.0294501766 -0.33830055 -0.326599423 -0.055831748 -0.123367295 -0.263323754 -0.0294501766 -0.33830055 -0.326599423 -0.055831748 -0.123367295 -0.362455042 -0.055831748 -0.123367295 -0.362455042 -0.055831748 -0.33830055 -0.326599423 -0.055831748 -0.376050956 -0.383953818 -0.0891366543 -0.123367295 -0.362455042 -0.055831748 -0.376050956 -0.383953818 -0.0891366543 -0.123367295 -0.426149743 -0.0891366543 -0.123367295 -0.426149743 -0.0891366543 -0.376050956 -0.383953818 -0.0891366543 -0.389023121 -0.403703556 -0.126085424 -0.123367295 -0.426149743 -0.0891366543 -0.389023121 -0.403703556 -0.126085424 -0.123367295 -0.448104022 -0.126085424 -0.123367295 -0.448104022 -0.126085424 -0.389023121 -0.403703556 -0.126085424 -0.376050956 -0.383953818 -0.163034193 -0.123367295 -0.448104022 -0.126085424 -0.376050956 -0.383953818 -0.163034193 -0.123367295 -0.426149743 -0.163034193 -0.123367295 -0.426149743 -0.163034193 -0.376050956 -0.383953818 -0.163034193 -0.33830055 -0.326599423 -0.196339099 -0.123367295 -0.426149743 -0.163034193 -0.33830055 -0.326599423 -0.196339099 -0.123367295 -0.362455042 -0.196339099 -0.123367295 -0.362455042 -0.196339099 -0.33830055 -0.326599423 -0.196339099 -0.279561477 -0.237306567 -0.222720671 -0.123367295 -0.362455042 -0.196339099 -0.279561477 -0.237306567 -0.222720671 -0.123367295 -0.263323754 -0.222720671 -0.123367295 -0.263323754 -0.222720671 -0.279561477 -0.237306567 -0.222720671 -0.20542709 -0.124765864 -0.239701069 -0.123367295 -0.263323754 -0.222720671 -0.20542709 -0.124765864 -0.239701069 -0.123367295 -0.138466788 -0.239701069 -0.123367295 -0.138466788 -0.239701069 -0.20542709 -0.124765864 -0.239701069 -0.123367295 0 -0.24553125 -0.123367295 0 -0.00663959739 -0.27130813 -0.0862866721 -0.0124697779 -0.20542709 -0.124765864 -0.0124697779 -0.20542709 -0.124765864 -0.0124697779 -0.27130813 -0.0862866721 -0.0124697779 -0.404764609 -0.164210685 -0.0294501766 -0.20542709 -0.124765864 -0.0124697779 -0.404764609 -0.164210685 -0.0294501766 -0.279561477 -0.237306567 -0.0294501766 -0.279561477 -0.237306567 -0.0294501766 -0.404764609 -0.164210685 -0.0294501766 -0.510673471 -0.226010599 -0.055831748 -0.279561477 -0.237306567 -0.0294501766 -0.510673471 -0.226010599 -0.055831748 -0.33830055 -0.326599423 -0.055831748 -0.33830055 -0.326599423 -0.055831748 -0.510673471 -0.226010599 -0.055831748 -0.578686159 -0.265655827 -0.0891366543 -0.33830055 -0.326599423 -0.055831748 -0.578686159 -0.265655827 -0.0891366543 -0.376050956 -0.383953818 -0.0891366543 -0.376050956 -0.383953818 -0.0891366543 -0.578686159 -0.265655827 -0.0891366543 -0.602152667 -0.279356742 -0.126085424 -0.376050956 -0.383953818 -0.0891366543 -0.602152667 -0.279356742 -0.126085424 -0.389023121 -0.403703556 -0.126085424 -0.389023121 -0.403703556 -0.126085424 -0.602152667 -0.279356742 -0.126085424 -0.578686159 -0.265655827 -0.163034193 -0.389023121 -0.403703556 -0.126085424 -0.578686159 -0.265655827 -0.163034193 -0.376050956 -0.383953818 -0.163034193 -0.376050956 -0.383953818 -0.163034193 -0.578686159 -0.265655827 -0.163034193 -0.510673471 -0.226010599 -0.196339099 -0.376050956 -0.383953818 -0.163034193 -0.510673471 -0.226010599 -0.196339099 -0.33830055 -0.326599423 -0.196339099 -0.33830055 -0.326599423 -0.196339099 -0.510673471 -0.226010599 -0.196339099 -0.404764609 -0.164210685 -0.222720671 -0.33830055 -0.326599423 -0.196339099 -0.404764609 -0.164210685 -0.222720671 -0.279561477 -0.237306567 -0.222720671 -0.279561477 -0.237306567 -0.222720671 -0.404764609 -0.164210685 -0.222720671 -0.27130813 -0.0862866721 -0.239701069 -0.279561477 -0.237306567 -0.222720671 -0.27130813 -0.0862866721 -0.239701069 -0.20542709 -0.124765864 -0.239701069 -0.20542709 -0.124765864 -0.239701069 -0.27130813 -0.0862866721 -0.239701069 -0.123367295 0 -0.24553125 -0.123367295 0 -0.00663959739 -0.307837844 -0.0308270796 -0.0124697779 -0.27130813 -0.0862866721 -0.0124697779 -0.27130813 -0.0862866721 -0.0124697779 -0.307837844 -0.0308270796 -0.0124697779 -0.474307726 -0.0585933145 -0.0294501766 -0.27130813 -0.0862866721 -0.0124697779 -0.474307726 -0.0585933145 -0.0294501766 -0.404764609 -0.164210685 -0.0294501766 -0.404764609 -0.164210685 -0.0294501766 -0.474307726 -0.0585933145 -0.0294501766 -0.606379525 -0.0806751255 -0.055831748 -0.404764609 -0.164210685 -0.0294501766 -0.606379525 -0.0806751255 -0.055831748 -0.510673471 -0.226010599 -0.055831748 -0.510673471 -0.226010599 -0.055831748 -0.606379525 -0.0806751255 -0.055831748 -0.691135786 -0.0948133089 -0.0891366543 -0.510673471 -0.226010599 -0.055831748 -0.691135786 -0.0948133089 -0.0891366543 -0.578686159 -0.265655827 -0.0891366543 -0.578686159 -0.265655827 -0.0891366543 -0.691135786 -0.0948133089 -0.0891366543 -0.720359564 -0.0996960873 -0.126085424 -0.578686159 -0.265655827 -0.0891366543 -0.720359564 -0.0996960873 -0.126085424 -0.602152667 -0.279356742 -0.126085424 -0.602152667 -0.279356742 -0.126085424 -0.720359564 -0.0996960873 -0.126085424 -0.691135786 -0.0948133089 -0.163034193 -0.602152667 -0.279356742 -0.126085424 -0.691135786 -0.0948133089 -0.163034193 -0.578686159 -0.265655827 -0.163034193 -0.578686159 -0.265655827 -0.163034193 -0.691135786 -0.0948133089 -0.163034193 -0.606379525 -0.0806751255 -0.196339099 -0.578686159 -0.265655827 -0.163034193 -0.606379525 -0.0806751255 -0.196339099 -0.510673471 -0.226010599 -0.196339099 -0.510673471 -0.226010599 -0.196339099 -0.606379525 -0.0806751255 -0.196339099 -0.474307726 -0.0585933145 -0.222720671 -0.510673471 -0.226010599 -0.196339099 -0.474307726 -0.0585933145 -0.222720671 -0.404764609 -0.164210685 -0.222720671 -0.404764609 -0.164210685 -0.222720671 -0.474307726 -0.0585933145 -0.222720671 -0.307837844 -0.0308270796 -0.239701069 -0.404764609 -0.164210685 -0.222720671 -0.307837844 -0.0308270796 -0.239701069 -0.27130813 -0.0862866721 -0.239701069 -0.27130813 -0.0862866721 -0.239701069 -0.307837844 -0.0308270796 -0.239701069 -0.123367295 0 -0.24553125 -0.123367295 0 -0.00663959739 -0.307837844 0.0308270796 -0.0124697779 -0.307837844 -0.0308270796 -0.0124697779 -0.307837844 -0.0308270796 -0.0124697779 -0.307837844 0.0308270796 -0.0124697779 -0.474307726 0.0585933145 -0.0294501766 -0.307837844 -0.0308270796 -0.0124697779 -0.474307726 0.0585933145 -0.0294501766 -0.474307726 -0.0585933145 -0.0294501766 -0.474307726 -0.0585933145 -0.0294501766 -0.474307726 0.0585933145 -0.0294501766 -0.606379525 0.0806751255 -0.055831748 -0.474307726 -0.0585933145 -0.0294501766 -0.606379525 0.0806751255 -0.055831748 -0.606379525 -0.0806751255 -0.055831748 -0.606379525 -0.0806751255 -0.055831748 -0.606379525 0.0806751255 -0.055831748 -0.691135786 0.0948133089 -0.0891366543 -0.606379525 -0.0806751255 -0.055831748 -0.691135786 0.0948133089 -0.0891366543 -0.691135786 -0.0948133089 -0.0891366543 -0.691135786 -0.0948133089 -0.0891366543 -0.691135786 0.0948133089 -0.0891366543 -0.720359564 0.0996960873 -0.126085424 -0.691135786 -0.0948133089 -0.0891366543 -0.720359564 0.0996960873 -0.126085424 -0.720359564 -0.0996960873 -0.126085424 -0.720359564 -0.0996960873 -0.126085424 -0.720359564 0.0996960873 -0.126085424 -0.691135786 0.0948133089 -0.163034193 -0.720359564 -0.0996960873 -0.126085424 -0.691135786 0.0948133089 -0.163034193 -0.691135786 -0.0948133089 -0.163034193 -0.691135786 -0.0948133089 -0.163034193 -0.691135786 0.0948133089 -0.163034193 -0.606379525 0.0806751255 -0.196339099 -0.691135786 -0.0948133089 -0.163034193 -0.606379525 0.0806751255 -0.196339099 -0.606379525 -0.0806751255 -0.196339099 -0.606379525 -0.0806751255 -0.196339099 -0.606379525 0.0806751255 -0.196339099 -0.474307726 0.0585933145 -0.222720671 -0.606379525 -0.0806751255 -0.196339099 -0.474307726 0.0585933145 -0.222720671 -0.474307726 -0.0585933145 -0.222720671 -0.474307726 -0.0585933145 -0.222720671 -0.474307726 0.0585933145 -0.222720671 -0.307837844 0.0308270796 -0.239701069 -0.474307726 -0.0585933145 -0.222720671 -0.307837844 0.0308270796 -0.239701069 -0.307837844 -0.0308270796 -0.239701069 -0.307837844 -0.0308270796 -0.239701069 -0.307837844 0.0308270796 -0.239701069 -0.123367295 0 -0.24553125 -0.123367295 0 -0.00663959739 -0.27130813 0.0862866721 -0.0124697779 -0.307837844 0.0308270796 -0.0124697779 -0.307837844 0.0308270796 -0.0124697779 -0.27130813 0.0862866721 -0.0124697779 -0.404764609 0.164210685 -0.0294501766 -0.307837844 0.0308270796 -0.0124697779 -0.404764609 0.164210685 -0.0294501766 -0.474307726 0.0585933145 -0.0294501766 -0.474307726 0.0585933145 -0.0294501766 -0.404764609 0.164210685 -0.0294501766 -0.510673471 0.226010599 -0.055831748 -0.474307726 0.0585933145 -0.0294501766 -0.510673471 0.226010599 -0.055831748 -0.606379525 0.0806751255 -0.055831748 -0.606379525 0.0806751255 -0.055831748 -0.510673471 0.226010599 -0.055831748 -0.578686159 0.265655827 -0.0891366543 -0.606379525 0.0806751255 -0.055831748 -0.578686159 0.265655827 -0.0891366543 -0.691135786 0.0948133089 -0.0891366543 -0.691135786 0.0948133089 -0.0891366543 -0.578686159 0.265655827 -0.0891366543 -0.602152667 0.279356742 -0.126085424 -0.691135786 0.0948133089 -0.0891366543 -0.602152667 0.279356742 -0.126085424 -0.720359564 0.0996960873 -0.126085424 -0.720359564 0.0996960873 -0.126085424 -0.602152667 0.279356742 -0.126085424 -0.578686159 0.265655827 -0.163034193 -0.720359564 0.0996960873 -0.126085424 -0.578686159 0.265655827 -0.163034193 -0.691135786 0.0948133089 -0.163034193 -0.691135786 0.0948133089 -0.163034193 -0.578686159 0.265655827 -0.163034193 -0.510673471 0.226010599 -0.196339099 -0.691135786 0.0948133089 -0.163034193 -0.510673471 0.226010599 -0.196339099 -0.606379525 0.0806751255 -0.196339099 -0.606379525 0.0806751255 -0.196339099 -0.510673471 0.226010599 -0.196339099 -0.404764609 0.164210685 -0.222720671 -0.606379525 0.0806751255 -0.196339099 -0.404764609 0.164210685 -0.222720671 -0.474307726 0.0585933145 -0.222720671 -0.474307726 0.0585933145 -0.222720671 -0.404764609 0.164210685 -0.222720671 -0.27130813 0.0862866721 -0.239701069 -0.474307726 0.0585933145 -0.222720671 -0.27130813 0.0862866721 -0.239701069 -0.307837844 0.0308270796 -0.239701069 -0.307837844 0.0308270796 -0.239701069 -0.27130813 0.0862866721 -0.239701069 -0.123367295 0 -0.24553125 -0.123367295 0 -0.00663959739 -0.20542709 0.124765864 -0.0124697779 -0.27130813 0.0862866721 -0.0124697779 -0.27130813 0.0862866721 -0.0124697779 -0.20542709 0.124765864 -0.0124697779 -0.279561477 0.237306567 -0.0294501766 -0.27130813 0.0862866721 -0.0124697779 -0.279561477 0.237306567 -0.0294501766 -0.404764609 0.164210685 -0.0294501766 -0.404764609 0.164210685 -0.0294501766 -0.279561477 0.237306567 -0.0294501766 -0.33830055 0.326599423 -0.055831748 -0.404764609 0.164210685 -0.0294501766 -0.33830055 0.326599423 -0.055831748 -0.510673471 0.226010599 -0.055831748 -0.510673471 0.226010599 -0.055831748 -0.33830055 0.326599423 -0.055831748 -0.376050956 0.383953818 -0.0891366543 -0.510673471 0.226010599 -0.055831748 -0.376050956 0.383953818 -0.0891366543 -0.578686159 0.265655827 -0.0891366543 -0.578686159 0.265655827 -0.0891366543 -0.376050956 0.383953818 -0.0891366543 -0.389023121 0.403703556 -0.126085424 -0.578686159 0.265655827 -0.0891366543 -0.389023121 0.403703556 -0.126085424 -0.602152667 0.279356742 -0.126085424 -0.602152667 0.279356742 -0.126085424 -0.389023121 0.403703556 -0.126085424 -0.376050956 0.383953818 -0.163034193 -0.602152667 0.279356742 -0.126085424 -0.376050956 0.383953818 -0.163034193 -0.578686159 0.265655827 -0.163034193 -0.578686159 0.265655827 -0.163034193 -0.376050956 0.383953818 -0.163034193 -0.33830055 0.326599423 -0.196339099 -0.578686159 0.265655827 -0.163034193 -0.33830055 0.326599423 -0.196339099 -0.510673471 0.226010599 -0.196339099 -0.510673471 0.226010599 -0.196339099 -0.33830055 0.326599423 -0.196339099 -0.279561477 0.237306567 -0.222720671 -0.510673471 0.226010599 -0.196339099 -0.279561477 0.237306567 -0.222720671 -0.404764609 0.164210685 -0.222720671 -0.404764609 0.164210685 -0.222720671 -0.279561477 0.237306567 -0.222720671 -0.20542709 0.124765864 -0.239701069 -0.404764609 0.164210685 -0.222720671 -0.20542709 0.124765864 -0.239701069 -0.27130813 0.0862866721 -0.239701069 -0.27130813 0.0862866721 -0.239701069 -0.20542709 0.124765864 -0.239701069 -0.123367295 0 -0.24553125 -0.123367295 0 -0.00663959739 -0.123367295 0.138466788 -0.0124697779 -0.20542709 0.124765864 -0.0124697779 -0.20542709 0.124765864 -0.0124697779 -0.123367295 0.138466788 -0.0124697779 -0.123367295 0.263323754 -0.0294501766 -0.20542709 0.124765864 -0.0124697779 -0.123367295 0.263323754 -0.0294501766 -0.279561477 0.237306567 -0.0294501766 -0.279561477 0.237306567 -0.0294501766 -0.123367295 0.263323754 -0.0294501766 -0.123367295 0.362455042 -0.055831748 -0.279561477 0.237306567 -0.0294501766 -0.123367295 0.362455042 -0.055831748 -0.33830055 0.326599423 -0.055831748 -0.33830055 0.326599423 -0.055831748 -0.123367295 0.362455042 -0.055831748 -0.123367295 0.426149743 -0.0891366543 -0.33830055 0.326599423 -0.055831748 -0.123367295 0.426149743 -0.0891366543 -0.376050956 0.383953818 -0.0891366543 -0.376050956 0.383953818 -0.0891366543 -0.123367295 0.426149743 -0.0891366543 -0.123367295 0.448104022 -0.126085424 -0.376050956 0.383953818 -0.0891366543 -0.123367295 0.448104022 -0.126085424 -0.389023121 0.403703556 -0.126085424 -0.389023121 0.403703556 -0.126085424 -0.123367295 0.448104022 -0.126085424 -0.123367295 0.426149743 -0.163034193 -0.389023121 0.403703556 -0.126085424 -0.123367295 0.426149743 -0.163034193 -0.376050956 0.383953818 -0.163034193 -0.376050956 0.383953818 -0.163034193 -0.123367295 0.426149743 -0.163034193 -0.123367295 0.362455042 -0.196339099 -0.376050956 0.383953818 -0.163034193 -0.123367295 0.362455042 -0.196339099 -0.33830055 0.326599423 -0.196339099 -0.33830055 0.326599423 -0.196339099 -0.123367295 0.362455042 -0.196339099 -0.123367295 0.263323754 -0.222720671 -0.33830055 0.326599423 -0.196339099 -0.123367295 0.263323754 -0.222720671 -0.279561477 0.237306567 -0.222720671 -0.279561477 0.237306567 -0.222720671 -0.123367295 0.263323754 -0.222720671 -0.123367295 0.138466788 -0.239701069 -0.279561477 0.237306567 -0.222720671 -0.123367295 0.138466788 -0.239701069 -0.20542709 0.124765864 -0.239701069 -0.20542709 0.124765864 -0.239701069 -0.123367295 0.138466788 -0.239701069 -0.123367295 0 -0.24553125</float_array><technique_common><accessor source="#part2-positions-array" count="756" stride="3"><param name="X" type="float" /><param name="Y" type="float" /><param name="Z" type="float" /></accessor></technique_common></source><source id="part2-normals"><float_array id="part2-normals-array" count="2268">0.00702361147 0.0420669518 0.999090106 0.00702361147 0.0420669518 0.999090106 0.00702361147 0.0420669518 0.999090106 0.0224830622 0.134659199 0.990636872 0.0224830622 0.134659199 0.990636872 0.0224830622 0.134659199 0.990636872 0.0224409695 0.134724359 0.990628967 0.0224409695 0.134724359 0.990628967 0.0224409695 0.134724359 0.990628967 0.0428203323 0.257071862 0.965443151 0.0428203323 0.257071862 0.965443151 0.0428203323 0.257071862 0.965443151 0.0428632573 0.256939906 0.965476372 0.0428632573 0.256939906 0.965476372 0.0428632573 0.256939906 0.965476372 0.0771096263 0.462226658 0.883402865 0.0771096263 0.462226658 0.883402865 0.0771096263 0.462226658 0.883402865 0.0771468836 0.461981981 0.883527593 0.0771468836 0.461981981 0.883527593 0.0771468836 0.461981981 0.883527593 0.142167369 0.851346934 0.504972116 0.142167369 0.851346934 0.504972116 0.142167369 0.851346934 0.504972116 0.142224214 0.850952582 0.505620388 0.142224214 0.850952582 0.505620388 0.142224214 0.850952582 0.505620388 0.142284543 0.851313543 -0.504995406 0.142284543 0.851313543 -0.504995406 0.142284543 0.851313543 -0.504995406 0.142103995 0.850967425 -0.505629208 0.142103995 0.850967425 -0.505629208 0.142103995 0.850967425 -0.505629208 0.0771812402 0.46218772 -0.883416984 0.0771812402 0.46218772 -0.883416984 0.0771812402 0.46218772 -0.883416984 0.0770692728 0.461984762 -0.883532912 0.0770692728 0.461984762 -0.883532912 0.0770692728 0.461984762 -0.883532912 0.0428791656 0.257035267 -0.965450283 0.0428791656 0.257035267 -0.965450283 0.0428791656 0.257035267 -0.965450283 0.0427984715 0.256940621 -0.965479056 0.0427984715 0.256940621 -0.965479056 0.0427984715 0.256940621 -0.965479056 0.02243528 0.134690202 -0.99063374 0.02243528 0.134690202 -0.99063374 0.02243528 0.134690202 -0.99063374 0.0224939147 0.134724198 -0.990627788 0.0224939147 0.134724198 -0.990627788 0.0224939147 0.134724198 -0.990627788 0.00702361147 0.0420669518 -0.999090106 0.00702361147 0.0420669518 -0.999090106 0.00702361147 0.0420669518 -0.999090106 0.0197032145 0.0337342916 0.999236599 0.0197032145 0.0337342916 0.999236599 0.0197032145 0.0337342916 0.999236599 0.0631271596 0.108081349 0.992135769 0.0631271596 0.108081349 0.992135769 0.0631271596 0.108081349 0.992135769 0.0631200412 0.108115897 0.992132458 0.0631200412 0.108115897 0.992132458 0.0631200412 0.108115897 0.992132458 0.120942925 0.207158495 0.970802847 0.120942925 0.207158495 0.970802847 0.120942925 0.207158495 0.970802847 0.120945295 0.207256559 0.97078162 0.120945295 0.207256559 0.97078162 0.120945295 0.207256559 0.97078162 0.220330604 0.377567089 0.899387302 0.220330604 0.377567089 0.899387302 0.220330604 0.377567089 0.899387302 0.220286455 0.377333462 0.899496157 0.220286455 0.377333462 0.899496157 0.220286455 0.377333462 0.899496157 0.424564344 0.727245502 0.539313542 0.424564344 0.727245502 0.539313542 0.424564344 0.727245502 0.539313542 0.424718381 0.72796425 0.538221467 0.424718381 0.72796425 0.538221467 0.424718381 0.72796425 0.538221467 0.424385395 0.727393514 -0.539254774 0.424385395 0.727393514 -0.539254774 0.424385395 0.727393514 -0.539254774 0.424914687 0.727845612 -0.538226973 0.424914687 0.727845612 -0.538226973 0.424914687 0.727845612 -0.538226973 0.22038103 0.377495461 -0.899405014 0.22038103 0.377495461 -0.899405014 0.22038103 0.377495461 -0.899405014 0.220219439 0.377376593 -0.899494472 0.220219439 0.377376593 -0.899494472 0.220219439 0.377376593 -0.899494472 0.120914721 0.207204167 -0.970796613 0.120914721 0.207204167 -0.970796613 0.120914721 0.207204167 -0.970796613 0.120985021 0.207230601 -0.970782212 0.120985021 0.207230601 -0.970782212 0.120985021 0.207230601 -0.970782212 0.0631134096 0.108104538 -0.992134117 0.0631134096 0.108104538 -0.992134117 0.0631134096 0.108104538 -0.992134117 0.0631397637 0.108102929 -0.992132616 0.0631397637 0.108102929 -0.992132616 0.0631397637 0.108102929 -0.992132616 0.0197032145 0.0337342916 -0.999236599 0.0197032145 0.0337342916 -0.999236599 0.0197032145 0.0337342916 -0.999236599 0.0284545529 0.018742234 0.999419365 0.0284545529 0.018742234 0.999419365 0.0284545529 0.018742234 0.999419365 0.0913542509 0.0601725409 0.993998826 0.0913542509 0.0601725409 0.993998826 0.0913542509 0.0601725409 0.993998826 0.0913512723 0.0601496914 0.994000483 0.0913512723 0.0601496914 0.994000483 0.0913512723 0.0601496914 0.994000483 0.1759059 0.115824173 0.977569371 0.1759059 0.115824173 0.977569371 0.1759059 0.115824173 0.977569371 0.175912747 0.115841746 0.977566057 0.175912747 0.115841746 0.977566057 0.175912747 0.115841746 0.977566057 0.325975019 0.214660484 0.92068516 0.325975019 0.214660484 0.92068516 0.325975019 0.214660484 0.92068516 0.325861974 0.214484415 0.920766208 0.325861974 0.214484415 0.920766208 0.325861974 0.214484415 0.920766208 0.673593958 0.44336381 0.591354133 0.673593958 0.44336381 0.591354133 0.673593958 0.44336381 0.591354133 0.673331891 0.443015605 0.591913286 0.673331891 0.443015605 0.591913286 0.673331891 0.443015605 0.591913286 0.673655705 0.443228657 -0.59138511 0.673655705 0.443228657 -0.59138511 0.673655705 0.443228657 -0.59138511 0.673253511 0.443139726 -0.591909532 0.673253511 0.443139726 -0.591909532 0.673253511 0.443139726 -0.591909532 0.325995085 0.21457203 -0.920698674 0.325995085 0.21457203 -0.920698674 0.325995085 0.21457203 -0.920698674 0.325818579 0.214557465 -0.920764545 0.325818579 0.214557465 -0.920764545 0.325818579 0.214557465 -0.920764545 0.175903753 0.115835824 -0.977568377 0.175903753 0.115835824 -0.977568377 0.175903753 0.115835824 -0.977568377 0.175918276 0.115832322 -0.977566178 0.175918276 0.115832322 -0.977566178 0.175918276 0.115832322 -0.977566178 0.0913574674 0.0601537705 -0.993999667 0.0913574674 0.0601537705 -0.993999667 0.0913574674 0.0601537705 -0.993999667 0.0913424545 0.0601647709 -0.99400038 0.0913424545 0.0601647709 -0.99400038 0.0913424545 0.0601647709 -0.99400038 0.0284545529 0.018742234 -0.999419365 0.0284545529 0.018742234 -0.999419365 0.0284545529 0.018742234 -0.999419365 0.0315891667 -0 0.999500938 0.0315891667 -0 0.999500938 0.0315891667 -0 0.999500938 0.101476284 0 0.994837959 0.101476284 0 0.994837959 0.101476284 0 0.994837959 0.101476284 -0 0.994837959 0.101476284 -0 0.994837959 0.101476284 -0 0.994837959 0.19588204 0 0.980627466 0.19588204 0 0.980627466 0.19588204 0 0.980627466 0.19588204 -0 0.980627466 0.19588204 -0 0.980627466 0.19588204 -0 0.980627466 0.36572661 0 0.930722325 0.36572661 0 0.930722325 0.36572661 0 0.930722325 0.36572661 -0 0.930722325 0.36572661 -0 0.930722325 0.36572661 -0 0.930722325 0.784328089 0 0.620346233 0.784328089 0 0.620346233 0.784328089 0 0.620346233 0.784328089 -0 0.620346233 0.784328089 -0 0.620346233 0.784328089 -0 0.620346233 0.784328089 0 -0.620346233 0.784328089 0 -0.620346233 0.784328089 0 -0.620346233 0.784328089 0 -0.620346233 0.784328089 0 -0.620346233 0.784328089 0 -0.620346233 0.36572661 0 -0.930722325 0.36572661 0 -0.930722325 0.36572661 0 -0.930722325 0.36572661 0 -0.930722325 0.36572661 0 -0.930722325 0.36572661 0 -0.930722325 0.19588204 0 -0.980627466 0.19588204 0 -0.980627466 0.19588204 0 -0.980627466 0.19588204 0 -0.980627466 0.19588204 0 -0.980627466 0.19588204 0 -0.980627466 0.101476284 0 -0.994837959 0.101476284 0 -0.994837959 0.101476284 0 -0.994837959 0.101476284 0 -0.994837959 0.101476284 0 -0.994837959 0.101476284 0 -0.994837959 0.0315891667 0 -0.999500938 0.0315891667 0 -0.999500938 0.0315891667 0 -0.999500938 0.0284545529 -0.018742234 0.999419365 0.0284545529 -0.018742234 0.999419365 0.0284545529 -0.018742234 0.999419365 0.0913424545 -0.0601647709 0.99400038 0.0913424545 -0.0601647709 0.99400038 0.0913424545 -0.0601647709 0.99400038 0.0913574674 -0.0601537705 0.993999667 0.0913574674 -0.0601537705 0.993999667 0.0913574674 -0.0601537705 0.993999667 0.175918276 -0.115832322 0.977566178 0.175918276 -0.115832322 0.977566178 0.175918276 -0.115832322 0.977566178 0.175903753 -0.115835824 0.977568377 0.175903753 -0.115835824 0.977568377 0.175903753 -0.115835824 0.977568377 0.325818579 -0.214557465 0.920764545 0.325818579 -0.214557465 0.920764545 0.325818579 -0.214557465 0.920764545 0.325995085 -0.21457203 0.920698674 0.325995085 -0.21457203 0.920698674 0.325995085 -0.21457203 0.920698674 0.673253511 -0.443139726 0.591909532 0.673253511 -0.443139726 0.591909532 0.673253511 -0.443139726 0.591909532 0.673655705 -0.443228657 0.59138511 0.673655705 -0.443228657 0.59138511 0.673655705 -0.443228657 0.59138511 0.673331891 -0.443015605 -0.591913286 0.673331891 -0.443015605 -0.591913286 0.673331891 -0.443015605 -0.591913286 0.673593958 -0.44336381 -0.591354133 0.673593958 -0.44336381 -0.591354133 0.673593958 -0.44336381 -0.591354133 0.325861974 -0.214484415 -0.920766208 0.325861974 -0.214484415 -0.920766208 0.325861974 -0.214484415 -0.920766208 0.325975019 -0.214660484 -0.92068516 0.325975019 -0.214660484 -0.92068516 0.325975019 -0.214660484 -0.92068516 0.175912747 -0.115841746 -0.977566057 0.175912747 -0.115841746 -0.977566057 0.175912747 -0.115841746 -0.977566057 0.1759059 -0.115824173 -0.977569371 0.1759059 -0.115824173 -0.977569371 0.1759059 -0.115824173 -0.977569371 0.0913512723 -0.0601496914 -0.994000483 0.0913512723 -0.0601496914 -0.994000483 0.0913512723 -0.0601496914 -0.994000483 0.0913542509 -0.0601725409 -0.993998826 0.0913542509 -0.0601725409 -0.993998826 0.0913542509 -0.0601725409 -0.993998826 0.0284545529 -0.018742234 -0.999419365 0.0284545529 -0.018742234 -0.999419365 0.0284545529 -0.018742234 -0.999419365 0.0197032145 -0.0337342916 0.999236599 0.0197032145 -0.0337342916 0.999236599 0.0197032145 -0.0337342916 0.999236599 0.0631397637 -0.108102929 0.992132616 0.0631397637 -0.108102929 0.992132616 0.0631397637 -0.108102929 0.992132616 0.0631134096 -0.108104538 0.992134117 0.0631134096 -0.108104538 0.992134117 0.0631134096 -0.108104538 0.992134117 0.120985021 -0.207230601 0.970782212 0.120985021 -0.207230601 0.970782212 0.120985021 -0.207230601 0.970782212 0.120914721 -0.207204167 0.970796613 0.120914721 -0.207204167 0.970796613 0.120914721 -0.207204167 0.970796613 0.220219439 -0.377376593 0.899494472 0.220219439 -0.377376593 0.899494472 0.220219439 -0.377376593 0.899494472 0.22038103 -0.377495461 0.899405014 0.22038103 -0.377495461 0.899405014 0.22038103 -0.377495461 0.899405014 0.424914687 -0.727845612 0.538226973 0.424914687 -0.727845612 0.538226973 0.424914687 -0.727845612 0.538226973 0.424385395 -0.727393514 0.539254774 0.424385395 -0.727393514 0.539254774 0.424385395 -0.727393514 0.539254774 0.424718381 -0.72796425 -0.538221467 0.424718381 -0.72796425 -0.538221467 0.424718381 -0.72796425 -0.538221467 0.424564344 -0.727245502 -0.539313542 0.424564344 -0.727245502 -0.539313542 0.424564344 -0.727245502 -0.539313542 0.220286455 -0.377333462 -0.899496157 0.220286455 -0.377333462 -0.899496157 0.220286455 -0.377333462 -0.899496157 0.220330604 -0.377567089 -0.899387302 0.220330604 -0.377567089 -0.899387302 0.220330604 -0.377567089 -0.899387302 0.120945295 -0.207256559 -0.97078162 0.120945295 -0.207256559 -0.97078162 0.120945295 -0.207256559 -0.97078162 0.120942925 -0.207158495 -0.970802847 0.120942925 -0.207158495 -0.970802847 0.120942925 -0.207158495 -0.970802847 0.0631200412 -0.108115897 -0.992132458 0.0631200412 -0.108115897 -0.992132458 0.0631200412 -0.108115897 -0.992132458 0.0631271596 -0.108081349 -0.992135769 0.0631271596 -0.108081349 -0.992135769 0.0631271596 -0.108081349 -0.992135769 0.0197032145 -0.0337342916 -0.999236599 0.0197032145 -0.0337342916 -0.999236599 0.0197032145 -0.0337342916 -0.999236599 0.00702361147 -0.0420669518 0.999090106 0.00702361147 -0.0420669518 0.999090106 0.00702361147 -0.0420669518 0.999090106 0.0224939147 -0.134724198 0.990627788 0.0224939147 -0.134724198 0.990627788 0.0224939147 -0.134724198 0.990627788 0.02243528 -0.134690202 0.99063374 0.02243528 -0.134690202 0.99063374 0.02243528 -0.134690202 0.99063374 0.0427984715 -0.256940621 0.965479056 0.0427984715 -0.256940621 0.965479056 0.0427984715 -0.256940621 0.965479056 0.0428791656 -0.257035267 0.965450283 0.0428791656 -0.257035267 0.965450283 0.0428791656 -0.257035267 0.965450283 0.0770692728 -0.461984762 0.883532912 0.0770692728 -0.461984762 0.883532912 0.0770692728 -0.461984762 0.883532912 0.0771812402 -0.46218772 0.883416984 0.0771812402 -0.46218772 0.883416984 0.0771812402 -0.46218772 0.883416984 0.142103995 -0.850967425 0.505629208 0.142103995 -0.850967425 0.505629208 0.142103995 -0.850967425 0.505629208 0.142284543 -0.851313543 0.504995406 0.142284543 -0.851313543 0.504995406 0.142284543 -0.851313543 0.504995406 0.142224214 -0.850952582 -0.505620388 0.142224214 -0.850952582 -0.505620388 0.142224214 -0.850952582 -0.505620388 0.142167369 -0.851346934 -0.504972116 0.142167369 -0.851346934 -0.504972116 0.142167369 -0.851346934 -0.504972116 0.0771468836 -0.461981981 -0.883527593 0.0771468836 -0.461981981 -0.883527593 0.0771468836 -0.461981981 -0.883527593 0.0771096263 -0.462226658 -0.883402865 0.0771096263 -0.462226658 -0.883402865 0.0771096263 -0.462226658 -0.883402865 0.0428632573 -0.256939906 -0.965476372 0.0428632573 -0.256939906 -0.965476372 0.0428632573 -0.256939906 -0.965476372 0.0428203323 -0.257071862 -0.965443151 0.0428203323 -0.257071862 -0.965443151 0.0428203323 -0.257071862 -0.965443151 0.0224409695 -0.134724359 -0.990628967 0.0224409695 -0.134724359 -0.990628967 0.0224409695 -0.134724359 -0.990628967 0.0224830622 -0.134659199 -0.990636872 0.0224830622 -0.134659199 -0.990636872 0.0224830622 -0.134659199 -0.990636872 0.00702361147 -0.0420669518 -0.999090106 0.00702361147 -0.0420669518 -0.999090106 0.00702361147 -0.0420669518 -0.999090106 -0.00702361147 -0.0420669518 0.999090106 -0.00702361147 -0.0420669518 0.999090106 -0.00702361147 -0.0420669518 0.999090106 -0.0224830622 -0.134659199 0.990636872 -0.0224830622 -0.134659199 0.990636872 -0.0224830622 -0.134659199 0.990636872 -0.0224409695 -0.134724359 0.990628967 -0.0224409695 -0.134724359 0.990628967 -0.0224409695 -0.134724359 0.990628967 -0.0428203323 -0.257071862 0.965443151 -0.0428203323 -0.257071862 0.965443151 -0.0428203323 -0.257071862 0.965443151 -0.0428632573 -0.256939906 0.965476372 -0.0428632573 -0.256939906 0.965476372 -0.0428632573 -0.256939906 0.965476372 -0.0771096263 -0.462226658 0.883402865 -0.0771096263 -0.462226658 0.883402865 -0.0771096263 -0.462226658 0.883402865 -0.0771468836 -0.461981981 0.883527593 -0.0771468836 -0.461981981 0.883527593 -0.0771468836 -0.461981981 0.883527593 -0.142167369 -0.851346934 0.504972116 -0.142167369 -0.851346934 0.504972116 -0.142167369 -0.851346934 0.504972116 -0.142224214 -0.850952582 0.505620388 -0.142224214 -0.850952582 0.505620388 -0.142224214 -0.850952582 0.505620388 -0.142284543 -0.851313543 -0.504995406 -0.142284543 -0.851313543 -0.504995406 -0.142284543 -0.851313543 -0.504995406 -0.142103995 -0.850967425 -0.505629208 -0.142103995 -0.850967425 -0.505629208 -0.142103995 -0.850967425 -0.505629208 -0.0771812402 -0.46218772 -0.883416984 -0.0771812402 -0.46218772 -0.883416984 -0.0771812402 -0.46218772 -0.883416984 -0.0770692728 -0.461984762 -0.883532912 -0.0770692728 -0.461984762 -0.883532912 -0.0770692728 -0.461984762 -0.883532912 -0.0428791656 -0.257035267 -0.965450283 -0.0428791656 -0.257035267 -0.965450283 -0.0428791656 -0.257035267 -0.965450283 -0.0427984715 -0.256940621 -0.965479056 -0.0427984715 -0.256940621 -0.965479056 -0.0427984715 -0.256940621 -0.965479056 -0.02243528 -0.134690202 -0.99063374 -0.02243528 -0.134690202 -0.99063374 -0.02243528 -0.134690202 -0.99063374 -0.0224939147 -0.134724198 -0.990627788 -0.0224939147 -0.134724198 -0.990627788 -0.0224939147 -0.134724198 -0.990627788 -0.00702361147 -0.0420669518 -0.999090106 -0.00702361147 -0.0420669518 -0.999090106 -0.00702361147 -0.0420669518 -0.999090106 -0.0197032145 -0.0337342916 0.999236599 -0.0197032145 -0.0337342916 0.999236599 -0.0197032145 -0.0337342916 0.999236599 -0.0631271596 -0.108081349 0.992135769 -0.0631271596 -0.108081349 0.992135769 -0.0631271596 -0.108081349 0.992135769 -0.0631200412 -0.108115897 0.992132458 -0.0631200412 -0.108115897 0.992132458 -0.0631200412 -0.108115897 0.992132458 -0.120942925 -0.207158495 0.970802847 -0.120942925 -0.207158495 0.970802847 -0.120942925 -0.207158495 0.970802847 -0.120945295 -0.207256559 0.97078162 -0.120945295 -0.207256559 0.97078162 -0.120945295 -0.207256559 0.97078162 -0.220330604 -0.377567089 0.899387302 -0.220330604 -0.377567089 0.899387302 -0.220330604 -0.377567089 0.899387302 -0.220286455 -0.377333462 0.899496157 -0.220286455 -0.377333462 0.899496157 -0.220286455 -0.377333462 0.899496157 -0.424564344 -0.727245502 0.539313542 -0.424564344 -0.727245502 0.539313542 -0.424564344 -0.727245502 0.539313542 -0.424718381 -0.72796425 0.538221467 -0.424718381 -0.72796425 0.538221467 -0.424718381 -0.72796425 0.538221467 -0.424385395 -0.727393514 -0.539254774 -0.424385395 -0.727393514 -0.539254774 -0.424385395 -0.727393514 -0.539254774 -0.424914687 -0.727845612 -0.538226973 -0.424914687 -0.727845612 -0.538226973 -0.424914687 -0.727845612 -0.538226973 -0.22038103 -0.377495461 -0.899405014 -0.22038103 -0.377495461 -0.899405014 -0.22038103 -0.377495461 -0.899405014 -0.220219439 -0.377376593 -0.899494472 -0.220219439 -0.377376593 -0.899494472 -0.220219439 -0.377376593 -0.899494472 -0.120914721 -0.207204167 -0.970796613 -0.120914721 -0.207204167 -0.970796613 -0.120914721 -0.207204167 -0.970796613 -0.120985021 -0.207230601 -0.970782212 -0.120985021 -0.207230601 -0.970782212 -0.120985021 -0.207230601 -0.970782212 -0.0631134096 -0.108104538 -0.992134117 -0.0631134096 -0.108104538 -0.992134117 -0.0631134096 -0.108104538 -0.992134117 -0.0631397637 -0.108102929 -0.992132616 -0.0631397637 -0.108102929 -0.992132616 -0.0631397637 -0.108102929 -0.992132616 -0.0197032145 -0.0337342916 -0.999236599 -0.0197032145 -0.0337342916 -0.999236599 -0.0197032145 -0.0337342916 -0.999236599 -0.0284545529 -0.018742234 0.999419365 -0.0284545529 -0.018742234 0.999419365 -0.0284545529 -0.018742234 0.999419365 -0.0913542509 -0.0601725409 0.993998826 -0.0913542509 -0.0601725409 0.993998826 -0.0913542509 -0.0601725409 0.993998826 -0.0913512723 -0.0601496914 0.994000483 -0.0913512723 -0.0601496914 0.994000483 -0.0913512723 -0.0601496914 0.994000483 -0.1759059 -0.115824173 0.977569371 -0.1759059 -0.115824173 0.977569371 -0.1759059 -0.115824173 0.977569371 -0.175912747 -0.115841746 0.977566057 -0.175912747 -0.115841746 0.977566057 -0.175912747 -0.115841746 0.977566057 -0.325975019 -0.214660484 0.92068516 -0.325975019 -0.214660484 0.92068516 -0.325975019 -0.214660484 0.92068516 -0.325861974 -0.214484415 0.920766208 -0.325861974 -0.214484415 0.920766208 -0.325861974 -0.214484415 0.920766208 -0.673593958 -0.44336381 0.591354133 -0.673593958 -0.44336381 0.591354133 -0.673593958 -0.44336381 0.591354133 -0.673331891 -0.443015605 0.591913286 -0.673331891 -0.443015605 0.591913286 -0.673331891 -0.443015605 0.591913286 -0.673655705 -0.443228657 -0.59138511 -0.673655705 -0.443228657 -0.59138511 -0.673655705 -0.443228657 -0.59138511 -0.673253511 -0.443139726 -0.591909532 -0.673253511 -0.443139726 -0.591909532 -0.673253511 -0.443139726 -0.591909532 -0.325995085 -0.21457203 -0.920698674 -0.325995085 -0.21457203 -0.920698674 -0.325995085 -0.21457203 -0.920698674 -0.325818579 -0.214557465 -0.920764545 -0.325818579 -0.214557465 -0.920764545 -0.325818579 -0.214557465 -0.920764545 -0.175903753 -0.115835824 -0.977568377 -0.175903753 -0.115835824 -0.977568377 -0.175903753 -0.115835824 -0.977568377 -0.175918276 -0.115832322 -0.977566178 -0.175918276 -0.115832322 -0.977566178 -0.175918276 -0.115832322 -0.977566178 -0.0913574674 -0.0601537705 -0.993999667 -0.0913574674 -0.0601537705 -0.993999667 -0.0913574674 -0.0601537705 -0.993999667 -0.0913424545 -0.0601647709 -0.99400038 -0.0913424545 -0.0601647709 -0.99400038 -0.0913424545 -0.0601647709 -0.99400038 -0.0284545529 -0.018742234 -0.999419365 -0.0284545529 -0.018742234 -0.999419365 -0.0284545529 -0.018742234 -0.999419365 -0.0315891667 0 0.999500938 -0.0315891667 0 0.999500938 -0.0315891667 0 0.999500938 -0.101476284 0 0.994837959 -0.101476284 0 0.994837959 -0.101476284 0 0.994837959 -0.101476284 0 0.994837959 -0.101476284 0 0.994837959 -0.101476284 0 0.994837959 -0.19588204 0 0.980627466 -0.19588204 0 0.980627466 -0.19588204 0 0.980627466 -0.19588204 0 0.980627466 -0.19588204 0 0.980627466 -0.19588204 0 0.980627466 -0.36572661 0 0.930722325 -0.36572661 0 0.930722325 -0.36572661 0 0.930722325 -0.36572661 0 0.930722325 -0.36572661 0 0.930722325 -0.36572661 0 0.930722325 -0.784328089 0 0.620346233 -0.784328089 0 0.620346233 -0.784328089 0 0.620346233 -0.784328089 0 0.620346233 -0.784328089 0 0.620346233 -0.784328089 0 0.620346233 -0.784328089 0 -0.620346233 -0.784328089 0 -0.620346233 -0.784328089 0 -0.620346233 -0.784328089 -0 -0.620346233 -0.784328089 -0 -0.620346233 -0.784328089 -0 -0.620346233 -0.36572661 0 -0.930722325 -0.36572661 0 -0.930722325 -0.36572661 0 -0.930722325 -0.36572661 -0 -0.930722325 -0.36572661 -0 -0.930722325 -0.36572661 -0 -0.930722325 -0.19588204 0 -0.980627466 -0.19588204 0 -0.980627466 -0.19588204 0 -0.980627466 -0.19588204 -0 -0.980627466 -0.19588204 -0 -0.980627466 -0.19588204 -0 -0.980627466 -0.101476284 0 -0.994837959 -0.101476284 0 -0.994837959 -0.101476284 0 -0.994837959 -0.101476284 -0 -0.994837959 -0.101476284 -0 -0.994837959 -0.101476284 -0 -0.994837959 -0.0315891667 0 -0.999500938 -0.0315891667 0 -0.999500938 -0.0315891667 0 -0.999500938 -0.0284545529 0.018742234 0.999419365 -0.0284545529 0.018742234 0.999419365 -0.0284545529 0.018742234 0.999419365 -0.0913424545 0.0601647709 0.99400038 -0.0913424545 0.0601647709 0.99400038 -0.0913424545 0.0601647709 0.99400038 -0.0913574674 0.0601537705 0.993999667 -0.0913574674 0.0601537705 0.993999667 -0.0913574674 0.0601537705 0.993999667 -0.175918276 0.115832322 0.977566178 -0.175918276 0.115832322 0.977566178 -0.175918276 0.115832322 0.977566178 -0.175903753 0.115835824 0.977568377 -0.175903753 0.115835824 0.977568377 -0.175903753 0.115835824 0.977568377 -0.325818579 0.214557465 0.920764545 -0.325818579 0.214557465 0.920764545 -0.325818579 0.214557465 0.920764545 -0.325995085 0.21457203 0.920698674 -0.325995085 0.21457203 0.920698674 -0.325995085 0.21457203 0.920698674 -0.673253511 0.443139726 0.591909532 -0.673253511 0.443139726 0.591909532 -0.673253511 0.443139726 0.591909532 -0.673655705 0.443228657 0.59138511 -0.673655705 0.443228657 0.59138511 -0.673655705 0.443228657 0.59138511 -0.673331891 0.443015605 -0.591913286 -0.673331891 0.443015605 -0.591913286 -0.673331891 0.443015605 -0.591913286 -0.673593958 0.44336381 -0.591354133 -0.673593958 0.44336381 -0.591354133 -0.673593958 0.44336381 -0.591354133 -0.325861974 0.214484415 -0.920766208 -0.325861974 0.214484415 -0.920766208 -0.325861974 0.214484415 -0.920766208 -0.325975019 0.214660484 -0.92068516 -0.325975019 0.214660484 -0.92068516 -0.325975019 0.214660484 -0.92068516 -0.175912747 0.115841746 -0.977566057 -0.175912747 0.115841746 -0.977566057 -0.175912747 0.115841746 -0.977566057 -0.1759059 0.115824173 -0.977569371 -0.1759059 0.115824173 -0.977569371 -0.1759059 0.115824173 -0.977569371 -0.0913512723 0.0601496914 -0.994000483 -0.0913512723 0.0601496914 -0.994000483 -0.0913512723 0.0601496914 -0.994000483 -0.0913542509 0.0601725409 -0.993998826 -0.0913542509 0.0601725409 -0.993998826 -0.0913542509 0.0601725409 -0.993998826 -0.0284545529 0.018742234 -0.999419365 -0.0284545529 0.018742234 -0.999419365 -0.0284545529 0.018742234 -0.999419365 -0.0197032145 0.0337342916 0.999236599 -0.0197032145 0.0337342916 0.999236599 -0.0197032145 0.0337342916 0.999236599 -0.0631397637 0.108102929 0.992132616 -0.0631397637 0.108102929 0.992132616 -0.0631397637 0.108102929 0.992132616 -0.0631134096 0.108104538 0.992134117 -0.0631134096 0.108104538 0.992134117 -0.0631134096 0.108104538 0.992134117 -0.120985021 0.207230601 0.970782212 -0.120985021 0.207230601 0.970782212 -0.120985021 0.207230601 0.970782212 -0.120914721 0.207204167 0.970796613 -0.120914721 0.207204167 0.970796613 -0.120914721 0.207204167 0.970796613 -0.220219439 0.377376593 0.899494472 -0.220219439 0.377376593 0.899494472 -0.220219439 0.377376593 0.899494472 -0.22038103 0.377495461 0.899405014 -0.22038103 0.377495461 0.899405014 -0.22038103 0.377495461 0.899405014 -0.424914687 0.727845612 0.538226973 -0.424914687 0.727845612 0.538226973 -0.424914687 0.727845612 0.538226973 -0.424385395 0.727393514 0.539254774 -0.424385395 0.727393514 0.539254774 -0.424385395 0.727393514 0.539254774 -0.424718381 0.72796425 -0.538221467 -0.424718381 0.72796425 -0.538221467 -0.424718381 0.72796425 -0.538221467 -0.424564344 0.727245502 -0.539313542 -0.424564344 0.727245502 -0.539313542 -0.424564344 0.727245502 -0.539313542 -0.220286455 0.377333462 -0.899496157 -0.220286455 0.377333462 -0.899496157 -0.220286455 0.377333462 -0.899496157 -0.220330604 0.377567089 -0.899387302 -0.220330604 0.377567089 -0.899387302 -0.220330604 0.377567089 -0.899387302 -0.120945295 0.207256559 -0.97078162 -0.120945295 0.207256559 -0.97078162 -0.120945295 0.207256559 -0.97078162 -0.120942925 0.207158495 -0.970802847 -0.120942925 0.207158495 -0.970802847 -0.120942925 0.207158495 -0.970802847 -0.0631200412 0.108115897 -0.992132458 -0.0631200412 0.108115897 -0.992132458 -0.0631200412 0.108115897 -0.992132458 -0.0631271596 0.108081349 -0.992135769 -0.0631271596 0.108081349 -0.992135769 -0.0631271596 0.108081349 -0.992135769 -0.0197032145 0.0337342916 -0.999236599 -0.0197032145 0.0337342916 -0.999236599 -0.0197032145 0.0337342916 -0.999236599 -0.00702361147 0.0420669518 0.999090106 -0.00702361147 0.0420669518 0.999090106 -0.00702361147 0.0420669518 0.999090106 -0.0224939147 0.134724198 0.990627788 -0.0224939147 0.134724198 0.990627788 -0.0224939147 0.134724198 0.990627788 -0.02243528 0.134690202 0.99063374 -0.02243528 0.134690202 0.99063374 -0.02243528 0.134690202 0.99063374 -0.0427984715 0.256940621 0.965479056 -0.0427984715 0.256940621 0.965479056 -0.0427984715 0.256940621 0.965479056 -0.0428791656 0.257035267 0.965450283 -0.0428791656 0.257035267 0.965450283 -0.0428791656 0.257035267 0.965450283 -0.0770692728 0.461984762 0.883532912 -0.0770692728 0.461984762 0.883532912 -0.0770692728 0.461984762 0.883532912 -0.0771812402 0.46218772 0.883416984 -0.0771812402 0.46218772 0.883416984 -0.0771812402 0.46218772 0.883416984 -0.142103995 0.850967425 0.505629208 -0.142103995 0.850967425 0.505629208 -0.142103995 0.850967425 0.505629208 -0.142284543 0.851313543 0.504995406 -0.142284543 0.851313543 0.504995406 -0.142284543 0.851313543 0.504995406 -0.142224214 0.850952582 -0.505620388 -0.142224214 0.850952582 -0.505620388 -0.142224214 0.850952582 -0.505620388 -0.142167369 0.851346934 -0.504972116 -0.142167369 0.851346934 -0.504972116 -0.142167369 0.851346934 -0.504972116 -0.0771468836 0.461981981 -0.883527593 -0.0771468836 0.461981981 -0.883527593 -0.0771468836 0.461981981 -0.883527593 -0.0771096263 0.462226658 -0.883402865 -0.0771096263 0.462226658 -0.883402865 -0.0771096263 0.462226658 -0.883402865 -0.0428632573 0.256939906 -0.965476372 -0.0428632573 0.256939906 -0.965476372 -0.0428632573 0.256939906 -0.965476372 -0.0428203323 0.257071862 -0.965443151 -0.0428203323 0.257071862 -0.965443151 -0.0428203323 0.257071862 -0.965443151 -0.0224409695 0.134724359 -0.990628967 -0.0224409695 0.134724359 -0.990628967 -0.0224409695 0.134724359 -0.990628967 -0.0224830622 0.134659199 -0.990636872 -0.0224830622 0.134659199 -0.990636872 -0.0224830622 0.134659199 -0.990636872 -0.00702361147 0.0420669518 -0.999090106 -0.00702361147 0.0420669518 -0.999090106 -0.00702361147 0.0420669518 -0.999090106</float_array><technique_common><accessor source="#part2-normals-array" count="756" stride="3"><param name="X" type="float" /><param name="Y" type="float" /><param name="Z" type="float" /></accessor></technique_common></source><vertices id="part2-vertices"><input semantic="POSITION" source="#part2-positions" /></vertices><triangles count="252" material="material"><input semantic="VERTEX" source="#part2-vertices" offset="0" /><input semantic="NORMAL" source="#part2-normals" offset="0" /><p>0 1 2 3 4 5 6 7 8 9 10 11 12 13 14 15 16 17 18 19 20 21 22 23 24 25 26 27 28 29 30 31 32 33 34 35 36 37 38 39 40 41 42 43 44 45 46 47 48 49 50 51 52 53 54 55 56 57 58 59 60 61 62 63 64 65 66 67 68 69 70 71 72 73 74 75 76 77 78 79 80 81 82 83 84 85 86 87 88 89 90 91 92 93 94 95 96 97 98 99 100 101 102 103 104 105 106 107 108 109 110 111 112 113 114 115 116 117 118 119 120 121 122 123 124 125 126 127 128 129 130 131 132 133 134 135 136 137 138 139 140 141 142 143 144 145 146 147 148 149 150 151 152 153 154 155 156 157 158 159 160 161 162 163 164 165 166 167 168 169 170 171 172 173 174 175 176 177 178 179 180 181 182 183 184 185 186 187 188 189 190 191 192 193 194 195 196 197 198 199 200 201 202 203 204 205 206 207 208 209 210 211 212 213 214 215 216 217 218 219 220 221 222 223 224 225 226 227 228 229 230 231 232 233 234 235 236 237 238 239 240 241 242 243 244 245 246 247 248 249 250 251 252 253 254 255 256 257 258 259 260 261 262 263 264 265 266 267 268 269 270 271 272 273 274 275 276 277 278 279 280 281 282 283 284 285 286 287 288 289 290 291 292 293 294 295 296 297 298 299 300 301 302 303 304 305 306 307 308 309 310 311 312 313 314 315 316 317 318 319 320 321 322 323 324 325 326 327 328 329 330 331 332 333 334 335 336 337 338 339 340 341 342 343 344 345 346 347 348 349 350 351 352 353 354 355 356 357 358 359 360 361 362 363 364 365 366 367 368 369 370 371 372 373 374 375 376 377 378 379 380 381 382 383 384 385 386 387 388 389 390 391 392 393 394 395 396 397 398 399 400 401 402 403 404 405 406 407 408 409 410 411 412 413 414 415 416 417 418 419 420 421 422 423 424 425 426 427 428 429 430 431 432 433 434 435 436 437 438 439 440 441 442 443 444 445 446 447 448 449 450 451 452 453 454 455 456 457 458 459 460 461 462 463 464 465 466 467 468 469 470 471 472 473 474 475 476 477 478 479 480 481 482 483 484 485 486 487 488 489 490 491 492 493 494 495 496 497 498 499 500 501 502 503 504 505 506 507 508 509 510 511 512 513 514 515 516 517 518 519 520 521 522 523 524 525 526 527 528 529 530 531 532 533 534 535 536 537 538 539 540 541 542 543 544 545 546 547 548 549 550 551 552 553 554 555 556 557 558 559 560 561 562 563 564 565 566 567 568 569 570 571 572 573 574 575 576 577 578 579 580 581 582 583 584 585 586 587 588 589 590 591 592 593 594 595 596 597 598 599 600 601 602 603 604 605 606 607 608 609 610 611 612 613 614 615 616 617 618 619 620 621 622 623 624 625 626 627 628 629 630 631 632 633 634 635 636 637 638 639 640 641 642 643 644 645 646 647 648 649 650 651 652 653 654 655 656 657 658 659 660 661 662 663 664 665 666 667 668 669 670 671 672 673 674 675 676 677 678 679 680 681 682 683 684 685 686 687 688 689 690 691 692 693 694 695 696 697 698 699 700 701 702 703 704 705 706 707 708 709 710 711 712 713 714 715 716 717 718 719 720 721 722 723 724 725 726 727 728 729 730 731 732 733 734 735 736 737 738 739 740 741 742 743 744 745 746 747 748 749 750 751 752 753 754 755</p></triangles></mesh></geometry><geometry id="part3"><mesh><source id="part3-positions"><float_array id="part3-positions-array" count="4860">-0.123370901 0 0.277195377 -0.0312515501 0.137203191 0.263240853 -0.123370901 0.152328711 0.263240853 -0.123370901 0.152328711 0.263240853 -0.0312515501 0.137203191 0.263240853 0.0517924832 0.26096416 0.222938629 -0.123370901 0.152328711 0.263240853 0.0517924832 0.26096416 0.222938629 -0.123370901 0.289653879 0.222938629 -0.123370901 0.289653879 0.222938629 0.0517924832 0.26096416 0.222938629 0.117759309 0.359231309 0.160167681 -0.123370901 0.289653879 0.222938629 0.117759309 0.359231309 0.160167681 -0.123370901 0.398752862 0.160167681 -0.123370901 0.398752862 0.160167681 0.117759309 0.359231309 0.160167681 0.160110784 0.422294988 0.0811246003 -0.123370901 0.398752862 0.160167681 0.160110784 0.422294988 0.0811246003 -0.123370901 0.468745011 0.0811246003 -0.123370901 0.468745011 0.0811246003 0.160110784 0.422294988 0.0811246003 0.174748399 0.444056236 -0.00660347069 -0.123370901 0.468745011 0.0811246003 0.174748399 0.444056236 -0.00660347069 -0.123370901 0.4928483 -0.00660347069 -0.123370901 0.4928483 -0.00660347069 0.174748399 0.444056236 -0.00660347069 0.160110784 0.422294988 -0.0943315417 -0.123370901 0.4928483 -0.00660347069 0.160110784 0.422294988 -0.0943315417 -0.123370901 0.468745011 -0.0943315417 -0.123370901 0.468745011 -0.0943315417 0.160110784 0.422294988 -0.0943315417 0.117759309 0.359231309 -0.173374623 -0.123370901 0.468745011 -0.0943315417 0.117759309 0.359231309 -0.173374623 -0.123370901 0.398752862 -0.173374623 -0.123370901 0.398752862 -0.173374623 0.117759309 0.359231309 -0.173374623 0.0517924832 0.26096416 -0.23614557 -0.123370901 0.398752862 -0.173374623 0.0517924832 0.26096416 -0.23614557 -0.123370901 0.289653879 -0.23614557 -0.123370901 0.289653879 -0.23614557 0.0517924832 0.26096416 -0.23614557 -0.0312515501 0.137203191 -0.276447795 -0.123370901 0.289653879 -0.23614557 -0.0312515501 0.137203191 -0.276447795 -0.123370901 0.152328711 -0.276447795 -0.123370901 0.152328711 -0.276447795 -0.0312515501 0.137203191 -0.276447795 -0.123370901 0 -0.290402318 -0.123370901 0 0.277195377 0.0426195817 0.0949492913 0.263240853 -0.0312515501 0.137203191 0.263240853 -0.0312515501 0.137203191 0.263240853 0.0426195817 0.0949492913 0.263240853 0.192313529 0.180628094 0.222938629 -0.0312515501 0.137203191 0.263240853 0.192313529 0.180628094 0.222938629 0.0517924832 0.26096416 0.222938629 0.0517924832 0.26096416 0.222938629 0.192313529 0.180628094 0.222938629 0.311195313 0.248570982 0.160167681 0.0517924832 0.26096416 0.222938629 0.311195313 0.248570982 0.160167681 0.117759309 0.359231309 0.160167681 0.117759309 0.359231309 0.160167681 0.311195313 0.248570982 0.160167681 0.387506028 0.29228864 0.0811246003 0.117759309 0.359231309 0.160167681 0.387506028 0.29228864 0.0811246003 0.160110784 0.422294988 0.0811246003 0.160110784 0.422294988 0.0811246003 0.387506028 0.29228864 0.0811246003 0.413780544 0.307316602 -0.00660347069 0.160110784 0.422294988 0.0811246003 0.413780544 0.307316602 -0.00660347069 0.174748399 0.444056236 -0.00660347069 0.174748399 0.444056236 -0.00660347069 0.413780544 0.307316602 -0.00660347069 0.387506028 0.29228864 -0.0943315417 0.174748399 0.444056236 -0.00660347069 0.387506028 0.29228864 -0.0943315417 0.160110784 0.422294988 -0.0943315417 0.160110784 0.422294988 -0.0943315417 0.387506028 0.29228864 -0.0943315417 0.311195313 0.248570982 -0.173374623 0.160110784 0.422294988 -0.0943315417 0.311195313 0.248570982 -0.173374623 0.117759309 0.359231309 -0.173374623 0.117759309 0.359231309 -0.173374623 0.311195313 0.248570982 -0.173374623 0.192313529 0.180628094 -0.23614557 0.117759309 0.359231309 -0.173374623 0.192313529 0.180628094 -0.23614557 0.0517924832 0.26096416 -0.23614557 0.0517924832 0.26096416 -0.23614557 0.192313529 0.180628094 -0.23614557 0.0426195817 0.0949492913 -0.276447795 0.0517924832 0.26096416 -0.23614557 0.0426195817 0.0949492913 -0.276447795 -0.0312515501 0.137203191 -0.276447795 -0.0312515501 0.137203191 -0.276447795 0.0426195817 0.0949492913 -0.276447795 -0.123370901 0 -0.290402318 -0.123370901 0 0.277195377 0.083604889 0.0338616681 0.263240853 0.0426195817 0.0949492913 0.263240853 0.0426195817 0.0949492913 0.263240853 0.083604889 0.0338616681 0.263240853 0.270307578 0.0645030652 0.222938629 0.0426195817 0.0949492913 0.263240853 0.270307578 0.0645030652 0.222938629 0.192313529 0.180628094 0.222938629 0.192313529 0.180628094 0.222938629 0.270307578 0.0645030652 0.222938629 0.41856216 0.0887039116 0.160167681 0.192313529 0.180628094 0.222938629 0.41856216 0.0887039116 0.160167681 0.311195313 0.248570982 0.160167681 0.311195313 0.248570982 0.160167681 0.41856216 0.0887039116 0.160167681 0.513609038 0.104317355 0.0811246003 0.311195313 0.248570982 0.160167681 0.513609038 0.104317355 0.0811246003 0.387506028 0.29228864 0.0811246003 0.387506028 0.29228864 0.0811246003 0.513609038 0.104317355 0.0811246003 0.546397282 0.109684481 -0.00660347069 0.387506028 0.29228864 0.0811246003 0.546397282 0.109684481 -0.00660347069 0.413780544 0.307316602 -0.00660347069 0.413780544 0.307316602 -0.00660347069 0.546397282 0.109684481 -0.00660347069 0.513609038 0.104317355 -0.0943315417 0.413780544 0.307316602 -0.00660347069 0.513609038 0.104317355 -0.0943315417 0.387506028 0.29228864 -0.0943315417 0.387506028 0.29228864 -0.0943315417 0.513609038 0.104317355 -0.0943315417 0.41856216 0.0887039116 -0.173374623 0.387506028 0.29228864 -0.0943315417 0.41856216 0.0887039116 -0.173374623 0.311195313 0.248570982 -0.173374623 0.311195313 0.248570982 -0.173374623 0.41856216 0.0887039116 -0.173374623 0.270307578 0.0645030652 -0.23614557 0.311195313 0.248570982 -0.173374623 0.270307578 0.0645030652 -0.23614557 0.192313529 0.180628094 -0.23614557 0.192313529 0.180628094 -0.23614557 0.270307578 0.0645030652 -0.23614557 0.083604889 0.0338616681 -0.276447795 0.192313529 0.180628094 -0.23614557 0.083604889 0.0338616681 -0.276447795 0.0426195817 0.0949492913 -0.276447795 0.0426195817 0.0949492913 -0.276447795 0.083604889 0.0338616681 -0.276447795 -0.123370901 0 -0.290402318 -0.123370901 0 0.277195377 0.083604889 -0.0338616681 0.263240853 0.083604889 0.0338616681 0.263240853 0.083604889 0.0338616681 0.263240853 0.083604889 -0.0338616681 0.263240853 0.270307578 -0.0645030652 0.222938629 0.083604889 0.0338616681 0.263240853 0.270307578 -0.0645030652 0.222938629 0.270307578 0.0645030652 0.222938629 0.270307578 0.0645030652 0.222938629 0.270307578 -0.0645030652 0.222938629 0.41856216 -0.0887039116 0.160167681 0.270307578 0.0645030652 0.222938629 0.41856216 -0.0887039116 0.160167681 0.41856216 0.0887039116 0.160167681 0.41856216 0.0887039116 0.160167681 0.41856216 -0.0887039116 0.160167681 0.513609038 -0.104317355 0.0811246003 0.41856216 0.0887039116 0.160167681 0.513609038 -0.104317355 0.0811246003 0.513609038 0.104317355 0.0811246003 0.513609038 0.104317355 0.0811246003 0.513609038 -0.104317355 0.0811246003 0.546397282 -0.109684481 -0.00660347069 0.513609038 0.104317355 0.0811246003 0.546397282 -0.109684481 -0.00660347069 0.546397282 0.109684481 -0.00660347069 0.546397282 0.109684481 -0.00660347069 0.546397282 -0.109684481 -0.00660347069 0.513609038 -0.104317355 -0.0943315417 0.546397282 0.109684481 -0.00660347069 0.513609038 -0.104317355 -0.0943315417 0.513609038 0.104317355 -0.0943315417 0.513609038 0.104317355 -0.0943315417 0.513609038 -0.104317355 -0.0943315417 0.41856216 -0.0887039116 -0.173374623 0.513609038 0.104317355 -0.0943315417 0.41856216 -0.0887039116 -0.173374623 0.41856216 0.0887039116 -0.173374623 0.41856216 0.0887039116 -0.173374623 0.41856216 -0.0887039116 -0.173374623 0.270307578 -0.0645030652 -0.23614557 0.41856216 0.0887039116 -0.173374623 0.270307578 -0.0645030652 -0.23614557 0.270307578 0.0645030652 -0.23614557 0.270307578 0.0645030652 -0.23614557 0.270307578 -0.0645030652 -0.23614557 0.083604889 -0.0338616681 -0.276447795 0.270307578 0.0645030652 -0.23614557 0.083604889 -0.0338616681 -0.276447795 0.083604889 0.0338616681 -0.276447795 0.083604889 0.0338616681 -0.276447795 0.083604889 -0.0338616681 -0.276447795 -0.123370901 0 -0.290402318 -0.123370901 0 0.277195377 0.0426195817 -0.0949492913 0.263240853 0.083604889 -0.0338616681 0.263240853 0.083604889 -0.0338616681 0.263240853 0.0426195817 -0.0949492913 0.263240853 0.192313529 -0.180628094 0.222938629 0.083604889 -0.0338616681 0.263240853 0.192313529 -0.180628094 0.222938629 0.270307578 -0.0645030652 0.222938629 0.270307578 -0.0645030652 0.222938629 0.192313529 -0.180628094 0.222938629 0.311195313 -0.248570982 0.160167681 0.270307578 -0.0645030652 0.222938629 0.311195313 -0.248570982 0.160167681 0.41856216 -0.0887039116 0.160167681 0.41856216 -0.0887039116 0.160167681 0.311195313 -0.248570982 0.160167681 0.387506028 -0.29228864 0.0811246003 0.41856216 -0.0887039116 0.160167681 0.387506028 -0.29228864 0.0811246003 0.513609038 -0.104317355 0.0811246003 0.513609038 -0.104317355 0.0811246003 0.387506028 -0.29228864 0.0811246003 0.413780544 -0.307316602 -0.00660347069 0.513609038 -0.104317355 0.0811246003 0.413780544 -0.307316602 -0.00660347069 0.546397282 -0.109684481 -0.00660347069 0.546397282 -0.109684481 -0.00660347069 0.413780544 -0.307316602 -0.00660347069 0.387506028 -0.29228864 -0.0943315417 0.546397282 -0.109684481 -0.00660347069 0.387506028 -0.29228864 -0.0943315417 0.513609038 -0.104317355 -0.0943315417 0.513609038 -0.104317355 -0.0943315417 0.387506028 -0.29228864 -0.0943315417 0.311195313 -0.248570982 -0.173374623 0.513609038 -0.104317355 -0.0943315417 0.311195313 -0.248570982 -0.173374623 0.41856216 -0.0887039116 -0.173374623 0.41856216 -0.0887039116 -0.173374623 0.311195313 -0.248570982 -0.173374623 0.192313529 -0.180628094 -0.23614557 0.41856216 -0.0887039116 -0.173374623 0.192313529 -0.180628094 -0.23614557 0.270307578 -0.0645030652 -0.23614557 0.270307578 -0.0645030652 -0.23614557 0.192313529 -0.180628094 -0.23614557 0.0426195817 -0.0949492913 -0.276447795 0.270307578 -0.0645030652 -0.23614557 0.0426195817 -0.0949492913 -0.276447795 0.083604889 -0.0338616681 -0.276447795 0.083604889 -0.0338616681 -0.276447795 0.0426195817 -0.0949492913 -0.276447795 -0.123370901 0 -0.290402318 -0.123370901 0 0.277195377 -0.0312515501 -0.137203191 0.263240853 0.0426195817 -0.0949492913 0.263240853 0.0426195817 -0.0949492913 0.263240853 -0.0312515501 -0.137203191 0.263240853 0.0517924832 -0.26096416 0.222938629 0.0426195817 -0.0949492913 0.263240853 0.0517924832 -0.26096416 0.222938629 0.192313529 -0.180628094 0.222938629 0.192313529 -0.180628094 0.222938629 0.0517924832 -0.26096416 0.222938629 0.117759309 -0.359231309 0.160167681 0.192313529 -0.180628094 0.222938629 0.117759309 -0.359231309 0.160167681 0.311195313 -0.248570982 0.160167681 0.311195313 -0.248570982 0.160167681 0.117759309 -0.359231309 0.160167681 0.160110784 -0.422294988 0.0811246003 0.311195313 -0.248570982 0.160167681 0.160110784 -0.422294988 0.0811246003 0.387506028 -0.29228864 0.0811246003 0.387506028 -0.29228864 0.0811246003 0.160110784 -0.422294988 0.0811246003 0.174748399 -0.444056236 -0.00660347069 0.387506028 -0.29228864 0.0811246003 0.174748399 -0.444056236 -0.00660347069 0.413780544 -0.307316602 -0.00660347069 0.413780544 -0.307316602 -0.00660347069 0.174748399 -0.444056236 -0.00660347069 0.160110784 -0.422294988 -0.0943315417 0.413780544 -0.307316602 -0.00660347069 0.160110784 -0.422294988 -0.0943315417 0.387506028 -0.29228864 -0.0943315417 0.387506028 -0.29228864 -0.0943315417 0.160110784 -0.422294988 -0.0943315417 0.117759309 -0.359231309 -0.173374623 0.387506028 -0.29228864 -0.0943315417 0.117759309 -0.359231309 -0.173374623 0.311195313 -0.248570982 -0.173374623 0.311195313 -0.248570982 -0.173374623 0.117759309 -0.359231309 -0.173374623 0.0517924832 -0.26096416 -0.23614557 0.311195313 -0.248570982 -0.173374623 0.0517924832 -0.26096416 -0.23614557 0.192313529 -0.180628094 -0.23614557 0.192313529 -0.180628094 -0.23614557 0.0517924832 -0.26096416 -0.23614557 -0.0312515501 -0.137203191 -0.276447795 0.192313529 -0.180628094 -0.23614557 -0.0312515501 -0.137203191 -0.276447795 0.0426195817 -0.0949492913 -0.276447795 0.0426195817 -0.0949492913 -0.276447795 -0.0312515501 -0.137203191 -0.276447795 -0.123370901 0 -0.290402318 -0.123370901 0 0.277195377 -0.123370901 -0.152328711 0.263240853 -0.0312515501 -0.137203191 0.263240853 -0.0312515501 -0.137203191 0.263240853 -0.123370901 -0.152328711 0.263240853 -0.123370901 -0.289653879 0.222938629 -0.0312515501 -0.137203191 0.263240853 -0.123370901 -0.289653879 0.222938629 0.0517924832 -0.26096416 0.222938629 0.0517924832 -0.26096416 0.222938629 -0.123370901 -0.289653879 0.222938629 -0.123370901 -0.398752862 0.160167681 0.0517924832 -0.26096416 0.222938629 -0.123370901 -0.398752862 0.160167681 0.117759309 -0.359231309 0.160167681 0.117759309 -0.359231309 0.160167681 -0.123370901 -0.398752862 0.160167681 -0.123370901 -0.468745011 0.0811246003 0.117759309 -0.359231309 0.160167681 -0.123370901 -0.468745011 0.0811246003 0.160110784 -0.422294988 0.0811246003 0.160110784 -0.422294988 0.0811246003 -0.123370901 -0.468745011 0.0811246003 -0.123370901 -0.4928483 -0.00660347069 0.160110784 -0.422294988 0.0811246003 -0.123370901 -0.4928483 -0.00660347069 0.174748399 -0.444056236 -0.00660347069 0.174748399 -0.444056236 -0.00660347069 -0.123370901 -0.4928483 -0.00660347069 -0.123370901 -0.468745011 -0.0943315417 0.174748399 -0.444056236 -0.00660347069 -0.123370901 -0.468745011 -0.0943315417 0.160110784 -0.422294988 -0.0943315417 0.160110784 -0.422294988 -0.0943315417 -0.123370901 -0.468745011 -0.0943315417 -0.123370901 -0.398752862 -0.173374623 0.160110784 -0.422294988 -0.0943315417 -0.123370901 -0.398752862 -0.173374623 0.117759309 -0.359231309 -0.173374623 0.117759309 -0.359231309 -0.173374623 -0.123370901 -0.398752862 -0.173374623 -0.123370901 -0.289653879 -0.23614557 0.117759309 -0.359231309 -0.173374623 -0.123370901 -0.289653879 -0.23614557 0.0517924832 -0.26096416 -0.23614557 0.0517924832 -0.26096416 -0.23614557 -0.123370901 -0.289653879 -0.23614557 -0.123370901 -0.152328711 -0.276447795 0.0517924832 -0.26096416 -0.23614557 -0.123370901 -0.152328711 -0.276447795 -0.0312515501 -0.137203191 -0.276447795 -0.0312515501 -0.137203191 -0.276447795 -0.123370901 -0.152328711 -0.276447795 -0.123370901 0 -0.290402318 -0.123370901 0 0.277195377 -0.215514647 -0.137203191 0.263240853 -0.123370901 -0.152328711 0.263240853 -0.123370901 -0.152328711 0.263240853 -0.215514647 -0.137203191 0.263240853 -0.298558671 -0.26096416 0.222938629 -0.123370901 -0.152328711 0.263240853 -0.298558671 -0.26096416 0.222938629 -0.123370901 -0.289653879 0.222938629 -0.123370901 -0.289653879 0.222938629 -0.298558671 -0.26096416 0.222938629 -0.364525506 -0.359231309 0.160167681 -0.123370901 -0.289653879 0.222938629 -0.364525506 -0.359231309 0.160167681 -0.123370901 -0.398752862 0.160167681 -0.123370901 -0.398752862 0.160167681 -0.364525506 -0.359231309 0.160167681 -0.4069014 -0.422294988 0.0811246003 -0.123370901 -0.398752862 0.160167681 -0.4069014 -0.422294988 0.0811246003 -0.123370901 -0.468745011 0.0811246003 -0.123370901 -0.468745011 0.0811246003 -0.4069014 -0.422294988 0.0811246003 -0.42144141 -0.444056236 -0.00660347069 -0.123370901 -0.468745011 0.0811246003 -0.42144141 -0.444056236 -0.00660347069 -0.123370901 -0.4928483 -0.00660347069 -0.123370901 -0.4928483 -0.00660347069 -0.42144141 -0.444056236 -0.00660347069 -0.4069014 -0.422294988 -0.0943315417 -0.123370901 -0.4928483 -0.00660347069 -0.4069014 -0.422294988 -0.0943315417 -0.123370901 -0.468745011 -0.0943315417 -0.123370901 -0.468745011 -0.0943315417 -0.4069014 -0.422294988 -0.0943315417 -0.364525506 -0.359231309 -0.173374623 -0.123370901 -0.468745011 -0.0943315417 -0.364525506 -0.359231309 -0.173374623 -0.123370901 -0.398752862 -0.173374623 -0.123370901 -0.398752862 -0.173374623 -0.364525506 -0.359231309 -0.173374623 -0.298558671 -0.26096416 -0.23614557 -0.123370901 -0.398752862 -0.173374623 -0.298558671 -0.26096416 -0.23614557 -0.123370901 -0.289653879 -0.23614557 -0.123370901 -0.289653879 -0.23614557 -0.298558671 -0.26096416 -0.23614557 -0.215514647 -0.137203191 -0.276447795 -0.123370901 -0.289653879 -0.23614557 -0.215514647 -0.137203191 -0.276447795 -0.123370901 -0.152328711 -0.276447795 -0.123370901 -0.152328711 -0.276447795 -0.215514647 -0.137203191 -0.276447795 -0.123370901 0 -0.290402318 -0.123370901 0 0.277195377 -0.289385787 -0.0949492913 0.263240853 -0.215514647 -0.137203191 0.263240853 -0.215514647 -0.137203191 0.263240853 -0.289385787 -0.0949492913 0.263240853 -0.439104109 -0.180628094 0.222938629 -0.215514647 -0.137203191 0.263240853 -0.439104109 -0.180628094 0.222938629 -0.298558671 -0.26096416 0.222938629 -0.298558671 -0.26096416 0.222938629 -0.439104109 -0.180628094 0.222938629 -0.557961486 -0.248570982 0.160167681 -0.298558671 -0.26096416 0.222938629 -0.557961486 -0.248570982 0.160167681 -0.364525506 -0.359231309 0.160167681 -0.364525506 -0.359231309 0.160167681 -0.557961486 -0.248570982 0.160167681 -0.634199039 -0.29228864 0.0811246003 -0.364525506 -0.359231309 0.160167681 -0.634199039 -0.29228864 0.0811246003 -0.4069014 -0.422294988 0.0811246003 -0.4069014 -0.422294988 0.0811246003 -0.634199039 -0.29228864 0.0811246003 -0.660546741 -0.307316602 -0.00660347069 -0.4069014 -0.422294988 0.0811246003 -0.660546741 -0.307316602 -0.00660347069 -0.42144141 -0.444056236 -0.00660347069 -0.42144141 -0.444056236 -0.00660347069 -0.660546741 -0.307316602 -0.00660347069 -0.634199039 -0.29228864 -0.0943315417 -0.42144141 -0.444056236 -0.00660347069 -0.634199039 -0.29228864 -0.0943315417 -0.4069014 -0.422294988 -0.0943315417 -0.4069014 -0.422294988 -0.0943315417 -0.634199039 -0.29228864 -0.0943315417 -0.557961486 -0.248570982 -0.173374623 -0.4069014 -0.422294988 -0.0943315417 -0.557961486 -0.248570982 -0.173374623 -0.364525506 -0.359231309 -0.173374623 -0.364525506 -0.359231309 -0.173374623 -0.557961486 -0.248570982 -0.173374623 -0.439104109 -0.180628094 -0.23614557 -0.364525506 -0.359231309 -0.173374623 -0.439104109 -0.180628094 -0.23614557 -0.298558671 -0.26096416 -0.23614557 -0.298558671 -0.26096416 -0.23614557 -0.439104109 -0.180628094 -0.23614557 -0.289385787 -0.0949492913 -0.276447795 -0.298558671 -0.26096416 -0.23614557 -0.289385787 -0.0949492913 -0.276447795 -0.215514647 -0.137203191 -0.276447795 -0.215514647 -0.137203191 -0.276447795 -0.289385787 -0.0949492913 -0.276447795 -0.123370901 0 -0.290402318 -0.123370901 0 0.277195377 -0.33037108 -0.0338616681 0.263240853 -0.289385787 -0.0949492913 0.263240853 -0.289385787 -0.0949492913 0.263240853 -0.33037108 -0.0338616681 0.263240853 -0.517073775 -0.0645030652 0.222938629 -0.289385787 -0.0949492913 0.263240853 -0.517073775 -0.0645030652 0.222938629 -0.439104109 -0.180628094 0.222938629 -0.439104109 -0.180628094 0.222938629 -0.517073775 -0.0645030652 0.222938629 -0.665230776 -0.0887039116 0.160167681 -0.439104109 -0.180628094 0.222938629 -0.665230776 -0.0887039116 0.160167681 -0.557961486 -0.248570982 0.160167681 -0.557961486 -0.248570982 0.160167681 -0.665230776 -0.0887039116 0.160167681 -0.760375235 -0.104317355 0.0811246003 -0.557961486 -0.248570982 0.160167681 -0.760375235 -0.104317355 0.0811246003 -0.634199039 -0.29228864 0.0811246003 -0.634199039 -0.29228864 0.0811246003 -0.760375235 -0.104317355 0.0811246003 -0.793163478 -0.109684481 -0.00660347069 -0.634199039 -0.29228864 0.0811246003 -0.793163478 -0.109684481 -0.00660347069 -0.660546741 -0.307316602 -0.00660347069 -0.660546741 -0.307316602 -0.00660347069 -0.793163478 -0.109684481 -0.00660347069 -0.760375235 -0.104317355 -0.0943315417 -0.660546741 -0.307316602 -0.00660347069 -0.760375235 -0.104317355 -0.0943315417 -0.634199039 -0.29228864 -0.0943315417 -0.634199039 -0.29228864 -0.0943315417 -0.760375235 -0.104317355 -0.0943315417 -0.665230776 -0.0887039116 -0.173374623 -0.634199039 -0.29228864 -0.0943315417 -0.665230776 -0.0887039116 -0.173374623 -0.557961486 -0.248570982 -0.173374623 -0.557961486 -0.248570982 -0.173374623 -0.665230776 -0.0887039116 -0.173374623 -0.517073775 -0.0645030652 -0.23614557 -0.557961486 -0.248570982 -0.173374623 -0.517073775 -0.0645030652 -0.23614557 -0.439104109 -0.180628094 -0.23614557 -0.439104109 -0.180628094 -0.23614557 -0.517073775 -0.0645030652 -0.23614557 -0.33037108 -0.0338616681 -0.276447795 -0.439104109 -0.180628094 -0.23614557 -0.33037108 -0.0338616681 -0.276447795 -0.289385787 -0.0949492913 -0.276447795 -0.289385787 -0.0949492913 -0.276447795 -0.33037108 -0.0338616681 -0.276447795 -0.123370901 0 -0.290402318 -0.123370901 0 0.277195377 -0.33037108 0.0338616681 0.263240853 -0.33037108 -0.0338616681 0.263240853 -0.33037108 -0.0338616681 0.263240853 -0.33037108 0.0338616681 0.263240853 -0.517073775 0.0645030652 0.222938629 -0.33037108 -0.0338616681 0.263240853 -0.517073775 0.0645030652 0.222938629 -0.517073775 -0.0645030652 0.222938629 -0.517073775 -0.0645030652 0.222938629 -0.517073775 0.0645030652 0.222938629 -0.665230776 0.0887039116 0.160167681 -0.517073775 -0.0645030652 0.222938629 -0.665230776 0.0887039116 0.160167681 -0.665230776 -0.0887039116 0.160167681 -0.665230776 -0.0887039116 0.160167681 -0.665230776 0.0887039116 0.160167681 -0.760375235 0.104317355 0.0811246003 -0.665230776 -0.0887039116 0.160167681 -0.760375235 0.104317355 0.0811246003 -0.760375235 -0.104317355 0.0811246003 -0.760375235 -0.104317355 0.0811246003 -0.760375235 0.104317355 0.0811246003 -0.793163478 0.109684481 -0.00660347069 -0.760375235 -0.104317355 0.0811246003 -0.793163478 0.109684481 -0.00660347069 -0.793163478 -0.109684481 -0.00660347069 -0.793163478 -0.109684481 -0.00660347069 -0.793163478 0.109684481 -0.00660347069 -0.760375235 0.104317355 -0.0943315417 -0.793163478 -0.109684481 -0.00660347069 -0.760375235 0.104317355 -0.0943315417 -0.760375235 -0.104317355 -0.0943315417 -0.760375235 -0.104317355 -0.0943315417 -0.760375235 0.104317355 -0.0943315417 -0.665230776 0.0887039116 -0.173374623 -0.760375235 -0.104317355 -0.0943315417 -0.665230776 0.0887039116 -0.173374623 -0.665230776 -0.0887039116 -0.173374623 -0.665230776 -0.0887039116 -0.173374623 -0.665230776 0.0887039116 -0.173374623 -0.517073775 0.0645030652 -0.23614557 -0.665230776 -0.0887039116 -0.173374623 -0.517073775 0.0645030652 -0.23614557 -0.517073775 -0.0645030652 -0.23614557 -0.517073775 -0.0645030652 -0.23614557 -0.517073775 0.0645030652 -0.23614557 -0.33037108 0.0338616681 -0.276447795 -0.517073775 -0.0645030652 -0.23614557 -0.33037108 0.0338616681 -0.276447795 -0.33037108 -0.0338616681 -0.276447795 -0.33037108 -0.0338616681 -0.276447795 -0.33037108 0.0338616681 -0.276447795 -0.123370901 0 -0.290402318 -0.123370901 0 0.277195377 -0.289385787 0.0949492913 0.263240853 -0.33037108 0.0338616681 0.263240853 -0.33037108 0.0338616681 0.263240853 -0.289385787 0.0949492913 0.263240853 -0.439104109 0.180628094 0.222938629 -0.33037108 0.0338616681 0.263240853 -0.439104109 0.180628094 0.222938629 -0.517073775 0.0645030652 0.222938629 -0.517073775 0.0645030652 0.222938629 -0.439104109 0.180628094 0.222938629 -0.557961486 0.248570982 0.160167681 -0.517073775 0.0645030652 0.222938629 -0.557961486 0.248570982 0.160167681 -0.665230776 0.0887039116 0.160167681 -0.665230776 0.0887039116 0.160167681 -0.557961486 0.248570982 0.160167681 -0.634199039 0.29228864 0.0811246003 -0.665230776 0.0887039116 0.160167681 -0.634199039 0.29228864 0.0811246003 -0.760375235 0.104317355 0.0811246003 -0.760375235 0.104317355 0.0811246003 -0.634199039 0.29228864 0.0811246003 -0.660546741 0.307316602 -0.00660347069 -0.760375235 0.104317355 0.0811246003 -0.660546741 0.307316602 -0.00660347069 -0.793163478 0.109684481 -0.00660347069 -0.793163478 0.109684481 -0.00660347069 -0.660546741 0.307316602 -0.00660347069 -0.634199039 0.29228864 -0.0943315417 -0.793163478 0.109684481 -0.00660347069 -0.634199039 0.29228864 -0.0943315417 -0.760375235 0.104317355 -0.0943315417 -0.760375235 0.104317355 -0.0943315417 -0.634199039 0.29228864 -0.0943315417 -0.557961486 0.248570982 -0.173374623 -0.760375235 0.104317355 -0.0943315417 -0.557961486 0.248570982 -0.173374623 -0.665230776 0.0887039116 -0.173374623 -0.665230776 0.0887039116 -0.173374623 -0.557961486 0.248570982 -0.173374623 -0.439104109 0.180628094 -0.23614557 -0.665230776 0.0887039116 -0.173374623 -0.439104109 0.180628094 -0.23614557 -0.517073775 0.0645030652 -0.23614557 -0.517073775 0.0645030652 -0.23614557 -0.439104109 0.180628094 -0.23614557 -0.289385787 0.0949492913 -0.276447795 -0.517073775 0.0645030652 -0.23614557 -0.289385787 0.0949492913 -0.276447795 -0.33037108 0.0338616681 -0.276447795 -0.33037108 0.0338616681 -0.276447795 -0.289385787 0.0949492913 -0.276447795 -0.123370901 0 -0.290402318 -0.123370901 0 0.277195377 -0.215514647 0.137203191 0.263240853 -0.289385787 0.0949492913 0.263240853 -0.289385787 0.0949492913 0.263240853 -0.215514647 0.137203191 0.263240853 -0.298558671 0.26096416 0.222938629 -0.289385787 0.0949492913 0.263240853 -0.298558671 0.26096416 0.222938629 -0.439104109 0.180628094 0.222938629 -0.439104109 0.180628094 0.222938629 -0.298558671 0.26096416 0.222938629 -0.364525506 0.359231309 0.160167681 -0.439104109 0.180628094 0.222938629 -0.364525506 0.359231309 0.160167681 -0.557961486 0.248570982 0.160167681 -0.557961486 0.248570982 0.160167681 -0.364525506 0.359231309 0.160167681 -0.4069014 0.422294988 0.0811246003 -0.557961486 0.248570982 0.160167681 -0.4069014 0.422294988 0.0811246003 -0.634199039 0.29228864 0.0811246003 -0.634199039 0.29228864 0.0811246003 -0.4069014 0.422294988 0.0811246003 -0.42144141 0.444056236 -0.00660347069 -0.634199039 0.29228864 0.0811246003 -0.42144141 0.444056236 -0.00660347069 -0.660546741 0.307316602 -0.00660347069 -0.660546741 0.307316602 -0.00660347069 -0.42144141 0.444056236 -0.00660347069 -0.4069014 0.422294988 -0.0943315417 -0.660546741 0.307316602 -0.00660347069 -0.4069014 0.422294988 -0.0943315417 -0.634199039 0.29228864 -0.0943315417 -0.634199039 0.29228864 -0.0943315417 -0.4069014 0.422294988 -0.0943315417 -0.364525506 0.359231309 -0.173374623 -0.634199039 0.29228864 -0.0943315417 -0.364525506 0.359231309 -0.173374623 -0.557961486 0.248570982 -0.173374623 -0.557961486 0.248570982 -0.173374623 -0.364525506 0.359231309 -0.173374623 -0.298558671 0.26096416 -0.23614557 -0.557961486 0.248570982 -0.173374623 -0.298558671 0.26096416 -0.23614557 -0.439104109 0.180628094 -0.23614557 -0.439104109 0.180628094 -0.23614557 -0.298558671 0.26096416 -0.23614557 -0.215514647 0.137203191 -0.276447795 -0.439104109 0.180628094 -0.23614557 -0.215514647 0.137203191 -0.276447795 -0.289385787 0.0949492913 -0.276447795 -0.289385787 0.0949492913 -0.276447795 -0.215514647 0.137203191 -0.276447795 -0.123370901 0 -0.290402318 -0.123370901 0 0.277195377 -0.123370901 0.152328711 0.263240853 -0.215514647 0.137203191 0.263240853 -0.215514647 0.137203191 0.263240853 -0.123370901 0.152328711 0.263240853 -0.123370901 0.289653879 0.222938629 -0.215514647 0.137203191 0.263240853 -0.123370901 0.289653879 0.222938629 -0.298558671 0.26096416 0.222938629 -0.298558671 0.26096416 0.222938629 -0.123370901 0.289653879 0.222938629 -0.123370901 0.398752862 0.160167681 -0.298558671 0.26096416 0.222938629 -0.123370901 0.398752862 0.160167681 -0.364525506 0.359231309 0.160167681 -0.364525506 0.359231309 0.160167681 -0.123370901 0.398752862 0.160167681 -0.123370901 0.468745011 0.0811246003 -0.364525506 0.359231309 0.160167681 -0.123370901 0.468745011 0.0811246003 -0.4069014 0.422294988 0.0811246003 -0.4069014 0.422294988 0.0811246003 -0.123370901 0.468745011 0.0811246003 -0.123370901 0.4928483 -0.00660347069 -0.4069014 0.422294988 0.0811246003 -0.123370901 0.4928483 -0.00660347069 -0.42144141 0.444056236 -0.00660347069 -0.42144141 0.444056236 -0.00660347069 -0.123370901 0.4928483 -0.00660347069 -0.123370901 0.468745011 -0.0943315417 -0.42144141 0.444056236 -0.00660347069 -0.123370901 0.468745011 -0.0943315417 -0.4069014 0.422294988 -0.0943315417 -0.4069014 0.422294988 -0.0943315417 -0.123370901 0.468745011 -0.0943315417 -0.123370901 0.398752862 -0.173374623 -0.4069014 0.422294988 -0.0943315417 -0.123370901 0.398752862 -0.173374623 -0.364525506 0.359231309 -0.173374623 -0.364525506 0.359231309 -0.173374623 -0.123370901 0.398752862 -0.173374623 -0.123370901 0.289653879 -0.23614557 -0.364525506 0.359231309 -0.173374623 -0.123370901 0.289653879 -0.23614557 -0.298558671 0.26096416 -0.23614557 -0.298558671 0.26096416 -0.23614557 -0.123370901 0.289653879 -0.23614557 -0.123370901 0.152328711 -0.276447795 -0.298558671 0.26096416 -0.23614557 -0.123370901 0.152328711 -0.276447795 -0.215514647 0.137203191 -0.276447795 -0.215514647 0.137203191 -0.276447795 -0.123370901 0.152328711 -0.276447795 -0.123370901 0 -0.290402318 0.780233092 0.117979123 0.0845400393 0.785795356 0.123834166 0.0832714496 0.780233092 0.126273777 0.0832714496 0.780233092 0.126273777 0.0832714496 0.785795356 0.123834166 0.0832714496 0.790772134 0.129103711 0.0796608364 0.780233092 0.126273777 0.0832714496 0.790772134 0.129103711 0.0796608364 0.780233092 0.133787746 0.0796608364 0.780233092 0.133787746 0.0796608364 0.790772134 0.129103711 0.0796608364 0.794773101 0.13339741 0.0740009611 0.780233092 0.133787746 0.0796608364 0.794773101 0.13339741 0.0740009611 0.780233092 0.139740371 0.0740009611 0.780233092 0.139740371 0.0740009611 0.794773101 0.13339741 0.0740009611 0.797310305 0.136032183 0.0669749089 0.780233092 0.139740371 0.0740009611 0.797310305 0.136032183 0.0669749089 0.780233092 0.143546152 0.0669749089 0.780233092 0.143546152 0.0669749089 0.797310305 0.136032183 0.0669749089 0.798188534 0.137008017 0.0590706032 0.780233092 0.143546152 0.0669749089 0.798188534 0.137008017 0.0590706032 0.780233092 0.144814742 0.0590706032 0.780233092 0.144814742 0.0590706032 0.798188534 0.137008017 0.0590706032 0.797310305 0.136032183 0.0512638786 0.780233092 0.144814742 0.0590706032 0.797310305 0.136032183 0.0512638786 0.780233092 0.143546152 0.0512638786 0.780233092 0.143546152 0.0512638786 0.797310305 0.136032183 0.0512638786 0.794773101 0.13339741 0.0441402394 0.780233092 0.143546152 0.0512638786 0.794773101 0.13339741 0.0441402394 0.780233092 0.139740371 0.0441402394 0.780233092 0.139740371 0.0441402394 0.794773101 0.13339741 0.0441402394 0.790772134 0.129103711 0.0385779481 0.780233092 0.139740371 0.0441402394 0.790772134 0.129103711 0.0385779481 0.780233092 0.133787746 0.0385779481 0.780233092 0.133787746 0.0385779481 0.790772134 0.129103711 0.0385779481 0.785795356 0.123834166 0.0349673379 0.780233092 0.133787746 0.0385779481 0.785795356 0.123834166 0.0349673379 0.780233092 0.126273777 0.0349673379 0.780233092 0.126273777 0.0349673379 0.785795356 0.123834166 0.0349673379 0.780233092 0.117979123 0.0336987452 0.780233092 0.117979123 0.0845400393 0.788039816 0.117979123 0.0832714496 0.785795356 0.123834166 0.0832714496 0.785795356 0.123834166 0.0832714496 0.788039816 0.117979123 0.0832714496 0.795163426 0.117979123 0.0796608364 0.785795356 0.123834166 0.0832714496 0.795163426 0.117979123 0.0796608364 0.790772134 0.129103711 0.0796608364 0.790772134 0.129103711 0.0796608364 0.795163426 0.117979123 0.0796608364 0.800725738 0.117979123 0.0740009611 0.790772134 0.129103711 0.0796608364 0.800725738 0.117979123 0.0740009611 0.794773101 0.13339741 0.0740009611 0.794773101 0.13339741 0.0740009611 0.800725738 0.117979123 0.0740009611 0.804336333 0.117979123 0.0669749089 0.794773101 0.13339741 0.0740009611 0.804336333 0.117979123 0.0669749089 0.797310305 0.136032183 0.0669749089 0.797310305 0.136032183 0.0669749089 0.804336333 0.117979123 0.0669749089 0.805604935 0.117979123 0.0590706032 0.797310305 0.136032183 0.0669749089 0.805604935 0.117979123 0.0590706032 0.798188534 0.137008017 0.0590706032 0.798188534 0.137008017 0.0590706032 0.805604935 0.117979123 0.0590706032 0.804336333 0.117979123 0.0512638786 0.798188534 0.137008017 0.0590706032 0.804336333 0.117979123 0.0512638786 0.797310305 0.136032183 0.0512638786 0.797310305 0.136032183 0.0512638786 0.804336333 0.117979123 0.0512638786 0.800725738 0.117979123 0.0441402394 0.797310305 0.136032183 0.0512638786 0.800725738 0.117979123 0.0441402394 0.794773101 0.13339741 0.0441402394 0.794773101 0.13339741 0.0441402394 0.800725738 0.117979123 0.0441402394 0.795163426 0.117979123 0.0385779481 0.794773101 0.13339741 0.0441402394 0.795163426 0.117979123 0.0385779481 0.790772134 0.129103711 0.0385779481 0.790772134 0.129103711 0.0385779481 0.795163426 0.117979123 0.0385779481 0.788039816 0.117979123 0.0349673379 0.790772134 0.129103711 0.0385779481 0.788039816 0.117979123 0.0349673379 0.785795356 0.123834166 0.0349673379 0.785795356 0.123834166 0.0349673379 0.788039816 0.117979123 0.0349673379 0.780233092 0.117979123 0.0336987452 0.780233092 0.117979123 0.0845400393 0.785795356 0.112124079 0.0832714496 0.788039816 0.117979123 0.0832714496 0.788039816 0.117979123 0.0832714496 0.785795356 0.112124079 0.0832714496 0.790772134 0.106756965 0.0796608364 0.788039816 0.117979123 0.0832714496 0.790772134 0.106756965 0.0796608364 0.795163426 0.117979123 0.0796608364 0.795163426 0.117979123 0.0796608364 0.790772134 0.106756965 0.0796608364 0.794773101 0.102560848 0.0740009611 0.795163426 0.117979123 0.0796608364 0.794773101 0.102560848 0.0740009611 0.800725738 0.117979123 0.0740009611 0.800725738 0.117979123 0.0740009611 0.794773101 0.102560848 0.0740009611 0.797310305 0.0999260752 0.0669749089 0.800725738 0.117979123 0.0740009611 0.797310305 0.0999260752 0.0669749089 0.804336333 0.117979123 0.0669749089 0.804336333 0.117979123 0.0669749089 0.797310305 0.0999260752 0.0669749089 0.798188534 0.0989502346 0.0590706032 0.804336333 0.117979123 0.0669749089 0.798188534 0.0989502346 0.0590706032 0.805604935 0.117979123 0.0590706032 0.805604935 0.117979123 0.0590706032 0.798188534 0.0989502346 0.0590706032 0.797310305 0.0999260752 0.0512638786 0.805604935 0.117979123 0.0590706032 0.797310305 0.0999260752 0.0512638786 0.804336333 0.117979123 0.0512638786 0.804336333 0.117979123 0.0512638786 0.797310305 0.0999260752 0.0512638786 0.794773101 0.102560848 0.0441402394 0.804336333 0.117979123 0.0512638786 0.794773101 0.102560848 0.0441402394 0.800725738 0.117979123 0.0441402394 0.800725738 0.117979123 0.0441402394 0.794773101 0.102560848 0.0441402394 0.790772134 0.106756965 0.0385779481 0.800725738 0.117979123 0.0441402394 0.790772134 0.106756965 0.0385779481 0.795163426 0.117979123 0.0385779481 0.795163426 0.117979123 0.0385779481 0.790772134 0.106756965 0.0385779481 0.785795356 0.112124079 0.0349673379 0.795163426 0.117979123 0.0385779481 0.785795356 0.112124079 0.0349673379 0.788039816 0.117979123 0.0349673379 0.788039816 0.117979123 0.0349673379 0.785795356 0.112124079 0.0349673379 0.780233092 0.117979123 0.0336987452 0.780233092 0.117979123 0.0845400393 0.780233092 0.109684481 0.0832714496 0.785795356 0.112124079 0.0832714496 0.785795356 0.112124079 0.0832714496 0.780233092 0.109684481 0.0832714496 0.780233092 0.102170512 0.0796608364 0.785795356 0.112124079 0.0832714496 0.780233092 0.102170512 0.0796608364 0.790772134 0.106756965 0.0796608364 0.790772134 0.106756965 0.0796608364 0.780233092 0.102170512 0.0796608364 0.780233092 0.096217881 0.0740009611 0.790772134 0.106756965 0.0796608364 0.780233092 0.096217881 0.0740009611 0.794773101 0.102560848 0.0740009611 0.794773101 0.102560848 0.0740009611 0.780233092 0.096217881 0.0740009611 0.780233092 0.0924121057 0.0669749089 0.794773101 0.102560848 0.0740009611 0.780233092 0.0924121057 0.0669749089 0.797310305 0.0999260752 0.0669749089 0.797310305 0.0999260752 0.0669749089 0.780233092 0.0924121057 0.0669749089 0.780233092 0.09114351 0.0590706032 0.797310305 0.0999260752 0.0669749089 0.780233092 0.09114351 0.0590706032 0.798188534 0.0989502346 0.0590706032 0.798188534 0.0989502346 0.0590706032 0.780233092 0.09114351 0.0590706032 0.780233092 0.0924121057 0.0512638786 0.798188534 0.0989502346 0.0590706032 0.780233092 0.0924121057 0.0512638786 0.797310305 0.0999260752 0.0512638786 0.797310305 0.0999260752 0.0512638786 0.780233092 0.0924121057 0.0512638786 0.780233092 0.096217881 0.0441402394 0.797310305 0.0999260752 0.0512638786 0.780233092 0.096217881 0.0441402394 0.794773101 0.102560848 0.0441402394 0.794773101 0.102560848 0.0441402394 0.780233092 0.096217881 0.0441402394 0.780233092 0.102170512 0.0385779481 0.794773101 0.102560848 0.0441402394 0.780233092 0.102170512 0.0385779481 0.790772134 0.106756965 0.0385779481 0.790772134 0.106756965 0.0385779481 0.780233092 0.102170512 0.0385779481 0.780233092 0.109684481 0.0349673379 0.790772134 0.106756965 0.0385779481 0.780233092 0.109684481 0.0349673379 0.785795356 0.112124079 0.0349673379 0.785795356 0.112124079 0.0349673379 0.780233092 0.109684481 0.0349673379 0.780233092 0.117979123 0.0336987452 0.780233092 0.117979123 0.0845400393 0.774670779 0.112124079 0.0832714496 0.780233092 0.109684481 0.0832714496 0.780233092 0.109684481 0.0832714496 0.774670779 0.112124079 0.0832714496 0.769694001 0.106756965 0.0796608364 0.780233092 0.109684481 0.0832714496 0.769694001 0.106756965 0.0796608364 0.780233092 0.102170512 0.0796608364 0.780233092 0.102170512 0.0796608364 0.769694001 0.106756965 0.0796608364 0.765693034 0.102560848 0.0740009611 0.780233092 0.102170512 0.0796608364 0.765693034 0.102560848 0.0740009611 0.780233092 0.096217881 0.0740009611 0.780233092 0.096217881 0.0740009611 0.765693034 0.102560848 0.0740009611 0.763155878 0.0999260752 0.0669749089 0.780233092 0.096217881 0.0740009611 0.763155878 0.0999260752 0.0669749089 0.780233092 0.0924121057 0.0669749089 0.780233092 0.0924121057 0.0669749089 0.763155878 0.0999260752 0.0669749089 0.762277601 0.0989502346 0.0590706032 0.780233092 0.0924121057 0.0669749089 0.762277601 0.0989502346 0.0590706032 0.780233092 0.09114351 0.0590706032 0.780233092 0.09114351 0.0590706032 0.762277601 0.0989502346 0.0590706032 0.763155878 0.0999260752 0.0512638786 0.780233092 0.09114351 0.0590706032 0.763155878 0.0999260752 0.0512638786 0.780233092 0.0924121057 0.0512638786 0.780233092 0.0924121057 0.0512638786 0.763155878 0.0999260752 0.0512638786 0.765693034 0.102560848 0.0441402394 0.780233092 0.0924121057 0.0512638786 0.765693034 0.102560848 0.0441402394 0.780233092 0.096217881 0.0441402394 0.780233092 0.096217881 0.0441402394 0.765693034 0.102560848 0.0441402394 0.769694001 0.106756965 0.0385779481 0.780233092 0.096217881 0.0441402394 0.769694001 0.106756965 0.0385779481 0.780233092 0.102170512 0.0385779481 0.780233092 0.102170512 0.0385779481 0.769694001 0.106756965 0.0385779481 0.774670779 0.112124079 0.0349673379 0.780233092 0.102170512 0.0385779481 0.774670779 0.112124079 0.0349673379 0.780233092 0.109684481 0.0349673379 0.780233092 0.109684481 0.0349673379 0.774670779 0.112124079 0.0349673379 0.780233092 0.117979123 0.0336987452 0.780233092 0.117979123 0.0845400393 0.772328786 0.117979123 0.0832714496 0.774670779 0.112124079 0.0832714496 0.774670779 0.112124079 0.0832714496 0.772328786 0.117979123 0.0832714496 0.76530271 0.117979123 0.0796608364 0.774670779 0.112124079 0.0832714496 0.76530271 0.117979123 0.0796608364 0.769694001 0.106756965 0.0796608364 0.769694001 0.106756965 0.0796608364 0.76530271 0.117979123 0.0796608364 0.759642864 0.117979123 0.0740009611 0.769694001 0.106756965 0.0796608364 0.759642864 0.117979123 0.0740009611 0.765693034 0.102560848 0.0740009611 0.765693034 0.102560848 0.0740009611 0.759642864 0.117979123 0.0740009611 0.756032221 0.117979123 0.0669749089 0.765693034 0.102560848 0.0740009611 0.756032221 0.117979123 0.0669749089 0.763155878 0.0999260752 0.0669749089 0.763155878 0.0999260752 0.0669749089 0.756032221 0.117979123 0.0669749089 0.754861201 0.117979123 0.0590706032 0.763155878 0.0999260752 0.0669749089 0.754861201 0.117979123 0.0590706032 0.762277601 0.0989502346 0.0590706032 0.762277601 0.0989502346 0.0590706032 0.754861201 0.117979123 0.0590706032 0.756032221 0.117979123 0.0512638786 0.762277601 0.0989502346 0.0590706032 0.756032221 0.117979123 0.0512638786 0.763155878 0.0999260752 0.0512638786 0.763155878 0.0999260752 0.0512638786 0.756032221 0.117979123 0.0512638786 0.759642864 0.117979123 0.0441402394 0.763155878 0.0999260752 0.0512638786 0.759642864 0.117979123 0.0441402394 0.765693034 0.102560848 0.0441402394 0.765693034 0.102560848 0.0441402394 0.759642864 0.117979123 0.0441402394 0.76530271 0.117979123 0.0385779481 0.765693034 0.102560848 0.0441402394 0.76530271 0.117979123 0.0385779481 0.769694001 0.106756965 0.0385779481 0.769694001 0.106756965 0.0385779481 0.76530271 0.117979123 0.0385779481 0.772328786 0.117979123 0.0349673379 0.769694001 0.106756965 0.0385779481 0.772328786 0.117979123 0.0349673379 0.774670779 0.112124079 0.0349673379 0.774670779 0.112124079 0.0349673379 0.772328786 0.117979123 0.0349673379 0.780233092 0.117979123 0.0336987452 0.780233092 0.117979123 0.0845400393 0.774670779 0.123834166 0.0832714496 0.772328786 0.117979123 0.0832714496 0.772328786 0.117979123 0.0832714496 0.774670779 0.123834166 0.0832714496 0.769694001 0.129103711 0.0796608364 0.772328786 0.117979123 0.0832714496 0.769694001 0.129103711 0.0796608364 0.76530271 0.117979123 0.0796608364 0.76530271 0.117979123 0.0796608364 0.769694001 0.129103711 0.0796608364 0.765693034 0.13339741 0.0740009611 0.76530271 0.117979123 0.0796608364 0.765693034 0.13339741 0.0740009611 0.759642864 0.117979123 0.0740009611 0.759642864 0.117979123 0.0740009611 0.765693034 0.13339741 0.0740009611 0.763155878 0.136032183 0.0669749089 0.759642864 0.117979123 0.0740009611 0.763155878 0.136032183 0.0669749089 0.756032221 0.117979123 0.0669749089 0.756032221 0.117979123 0.0669749089 0.763155878 0.136032183 0.0669749089 0.762277601 0.137008017 0.0590706032 0.756032221 0.117979123 0.0669749089 0.762277601 0.137008017 0.0590706032 0.754861201 0.117979123 0.0590706032 0.754861201 0.117979123 0.0590706032 0.762277601 0.137008017 0.0590706032 0.763155878 0.136032183 0.0512638786 0.754861201 0.117979123 0.0590706032 0.763155878 0.136032183 0.0512638786 0.756032221 0.117979123 0.0512638786 0.756032221 0.117979123 0.0512638786 0.763155878 0.136032183 0.0512638786 0.765693034 0.13339741 0.0441402394 0.756032221 0.117979123 0.0512638786 0.765693034 0.13339741 0.0441402394 0.759642864 0.117979123 0.0441402394 0.759642864 0.117979123 0.0441402394 0.765693034 0.13339741 0.0441402394 0.769694001 0.129103711 0.0385779481 0.759642864 0.117979123 0.0441402394 0.769694001 0.129103711 0.0385779481 0.76530271 0.117979123 0.0385779481 0.76530271 0.117979123 0.0385779481 0.769694001 0.129103711 0.0385779481 0.774670779 0.123834166 0.0349673379 0.76530271 0.117979123 0.0385779481 0.774670779 0.123834166 0.0349673379 0.772328786 0.117979123 0.0349673379 0.772328786 0.117979123 0.0349673379 0.774670779 0.123834166 0.0349673379 0.780233092 0.117979123 0.0336987452 0.780233092 0.117979123 0.0845400393 0.780233092 0.126273777 0.0832714496 0.774670779 0.123834166 0.0832714496 0.774670779 0.123834166 0.0832714496 0.780233092 0.126273777 0.0832714496 0.780233092 0.133787746 0.0796608364 0.774670779 0.123834166 0.0832714496 0.780233092 0.133787746 0.0796608364 0.769694001 0.129103711 0.0796608364 0.769694001 0.129103711 0.0796608364 0.780233092 0.133787746 0.0796608364 0.780233092 0.139740371 0.0740009611 0.769694001 0.129103711 0.0796608364 0.780233092 0.139740371 0.0740009611 0.765693034 0.13339741 0.0740009611 0.765693034 0.13339741 0.0740009611 0.780233092 0.139740371 0.0740009611 0.780233092 0.143546152 0.0669749089 0.765693034 0.13339741 0.0740009611 0.780233092 0.143546152 0.0669749089 0.763155878 0.136032183 0.0669749089 0.763155878 0.136032183 0.0669749089 0.780233092 0.143546152 0.0669749089 0.780233092 0.144814742 0.0590706032 0.763155878 0.136032183 0.0669749089 0.780233092 0.144814742 0.0590706032 0.762277601 0.137008017 0.0590706032 0.762277601 0.137008017 0.0590706032 0.780233092 0.144814742 0.0590706032 0.780233092 0.143546152 0.0512638786 0.762277601 0.137008017 0.0590706032 0.780233092 0.143546152 0.0512638786 0.763155878 0.136032183 0.0512638786 0.763155878 0.136032183 0.0512638786 0.780233092 0.143546152 0.0512638786 0.780233092 0.139740371 0.0441402394 0.763155878 0.136032183 0.0512638786 0.780233092 0.139740371 0.0441402394 0.765693034 0.13339741 0.0441402394 0.765693034 0.13339741 0.0441402394 0.780233092 0.139740371 0.0441402394 0.780233092 0.133787746 0.0385779481 0.765693034 0.13339741 0.0441402394 0.780233092 0.133787746 0.0385779481 0.769694001 0.129103711 0.0385779481 0.769694001 0.129103711 0.0385779481 0.780233092 0.133787746 0.0385779481 0.780233092 0.126273777 0.0349673379 0.769694001 0.129103711 0.0385779481 0.780233092 0.126273777 0.0349673379 0.774670779 0.123834166 0.0349673379 0.774670779 0.123834166 0.0349673379 0.780233092 0.126273777 0.0349673379 0.780233092 0.117979123 0.0336987452 0.780233092 -0.117979123 0.0845400393 0.780233092 -0.126273777 0.0832714496 0.785795356 -0.123834166 0.0832714496 0.780233092 -0.126273777 0.0832714496 0.790772134 -0.129103711 0.0796608364 0.785795356 -0.123834166 0.0832714496 0.780233092 -0.126273777 0.0832714496 0.780233092 -0.133787746 0.0796608364 0.790772134 -0.129103711 0.0796608364 0.780233092 -0.133787746 0.0796608364 0.794773101 -0.13339741 0.0740009611 0.790772134 -0.129103711 0.0796608364 0.780233092 -0.133787746 0.0796608364 0.780233092 -0.139740371 0.0740009611 0.794773101 -0.13339741 0.0740009611 0.780233092 -0.139740371 0.0740009611 0.797310305 -0.136032183 0.0669749089 0.794773101 -0.13339741 0.0740009611 0.780233092 -0.139740371 0.0740009611 0.780233092 -0.143546152 0.0669749089 0.797310305 -0.136032183 0.0669749089 0.780233092 -0.143546152 0.0669749089 0.798188534 -0.137008017 0.0590706032 0.797310305 -0.136032183 0.0669749089 0.780233092 -0.143546152 0.0669749089 0.780233092 -0.144814742 0.0590706032 0.798188534 -0.137008017 0.0590706032 0.780233092 -0.144814742 0.0590706032 0.797310305 -0.136032183 0.0512638786 0.798188534 -0.137008017 0.0590706032 0.780233092 -0.144814742 0.0590706032 0.780233092 -0.143546152 0.0512638786 0.797310305 -0.136032183 0.0512638786 0.780233092 -0.143546152 0.0512638786 0.794773101 -0.13339741 0.0441402394 0.797310305 -0.136032183 0.0512638786 0.780233092 -0.143546152 0.0512638786 0.780233092 -0.139740371 0.0441402394 0.794773101 -0.13339741 0.0441402394 0.780233092 -0.139740371 0.0441402394 0.790772134 -0.129103711 0.0385779481 0.794773101 -0.13339741 0.0441402394 0.780233092 -0.139740371 0.0441402394 0.780233092 -0.133787746 0.0385779481 0.790772134 -0.129103711 0.0385779481 0.780233092 -0.133787746 0.0385779481 0.785795356 -0.123834166 0.0349673379 0.790772134 -0.129103711 0.0385779481 0.780233092 -0.133787746 0.0385779481 0.780233092 -0.126273777 0.0349673379 0.785795356 -0.123834166 0.0349673379 0.780233092 -0.126273777 0.0349673379 0.780233092 -0.117979123 0.0336987452 0.785795356 -0.123834166 0.0349673379 0.780233092 -0.117979123 0.0845400393 0.785795356 -0.123834166 0.0832714496 0.788039816 -0.117979123 0.0832714496 0.785795356 -0.123834166 0.0832714496 0.795163426 -0.117979123 0.0796608364 0.788039816 -0.117979123 0.0832714496 0.785795356 -0.123834166 0.0832714496 0.790772134 -0.129103711 0.0796608364 0.795163426 -0.117979123 0.0796608364 0.790772134 -0.129103711 0.0796608364 0.800725738 -0.117979123 0.0740009611 0.795163426 -0.117979123 0.0796608364 0.790772134 -0.129103711 0.0796608364 0.794773101 -0.13339741 0.0740009611 0.800725738 -0.117979123 0.0740009611 0.794773101 -0.13339741 0.0740009611 0.804336333 -0.117979123 0.0669749089 0.800725738 -0.117979123 0.0740009611 0.794773101 -0.13339741 0.0740009611 0.797310305 -0.136032183 0.0669749089 0.804336333 -0.117979123 0.0669749089 0.797310305 -0.136032183 0.0669749089 0.805604935 -0.117979123 0.0590706032 0.804336333 -0.117979123 0.0669749089 0.797310305 -0.136032183 0.0669749089 0.798188534 -0.137008017 0.0590706032 0.805604935 -0.117979123 0.0590706032 0.798188534 -0.137008017 0.0590706032 0.804336333 -0.117979123 0.0512638786 0.805604935 -0.117979123 0.0590706032 0.798188534 -0.137008017 0.0590706032 0.797310305 -0.136032183 0.0512638786 0.804336333 -0.117979123 0.0512638786 0.797310305 -0.136032183 0.0512638786 0.800725738 -0.117979123 0.0441402394 0.804336333 -0.117979123 0.0512638786 0.797310305 -0.136032183 0.0512638786 0.794773101 -0.13339741 0.0441402394 0.800725738 -0.117979123 0.0441402394 0.794773101 -0.13339741 0.0441402394 0.795163426 -0.117979123 0.0385779481 0.800725738 -0.117979123 0.0441402394 0.794773101 -0.13339741 0.0441402394 0.790772134 -0.129103711 0.0385779481 0.795163426 -0.117979123 0.0385779481 0.790772134 -0.129103711 0.0385779481 0.788039816 -0.117979123 0.0349673379 0.795163426 -0.117979123 0.0385779481 0.790772134 -0.129103711 0.0385779481 0.785795356 -0.123834166 0.0349673379 0.788039816 -0.117979123 0.0349673379 0.785795356 -0.123834166 0.0349673379 0.780233092 -0.117979123 0.0336987452 0.788039816 -0.117979123 0.0349673379 0.780233092 -0.117979123 0.0845400393 0.788039816 -0.117979123 0.0832714496 0.785795356 -0.112124079 0.0832714496 0.788039816 -0.117979123 0.0832714496 0.790772134 -0.106756965 0.0796608364 0.785795356 -0.112124079 0.0832714496 0.788039816 -0.117979123 0.0832714496 0.795163426 -0.117979123 0.0796608364 0.790772134 -0.106756965 0.0796608364 0.795163426 -0.117979123 0.0796608364 0.794773101 -0.102560848 0.0740009611 0.790772134 -0.106756965 0.0796608364 0.795163426 -0.117979123 0.0796608364 0.800725738 -0.117979123 0.0740009611 0.794773101 -0.102560848 0.0740009611 0.800725738 -0.117979123 0.0740009611 0.797310305 -0.0999260752 0.0669749089 0.794773101 -0.102560848 0.0740009611 0.800725738 -0.117979123 0.0740009611 0.804336333 -0.117979123 0.0669749089 0.797310305 -0.0999260752 0.0669749089 0.804336333 -0.117979123 0.0669749089 0.798188534 -0.0989502346 0.0590706032 0.797310305 -0.0999260752 0.0669749089 0.804336333 -0.117979123 0.0669749089 0.805604935 -0.117979123 0.0590706032 0.798188534 -0.0989502346 0.0590706032 0.805604935 -0.117979123 0.0590706032 0.797310305 -0.0999260752 0.0512638786 0.798188534 -0.0989502346 0.0590706032 0.805604935 -0.117979123 0.0590706032 0.804336333 -0.117979123 0.0512638786 0.797310305 -0.0999260752 0.0512638786 0.804336333 -0.117979123 0.0512638786 0.794773101 -0.102560848 0.0441402394 0.797310305 -0.0999260752 0.0512638786 0.804336333 -0.117979123 0.0512638786 0.800725738 -0.117979123 0.0441402394 0.794773101 -0.102560848 0.0441402394 0.800725738 -0.117979123 0.0441402394 0.790772134 -0.106756965 0.0385779481 0.794773101 -0.102560848 0.0441402394 0.800725738 -0.117979123 0.0441402394 0.795163426 -0.117979123 0.0385779481 0.790772134 -0.106756965 0.0385779481 0.795163426 -0.117979123 0.0385779481 0.785795356 -0.112124079 0.0349673379 0.790772134 -0.106756965 0.0385779481 0.795163426 -0.117979123 0.0385779481 0.788039816 -0.117979123 0.0349673379 0.785795356 -0.112124079 0.0349673379 0.788039816 -0.117979123 0.0349673379 0.780233092 -0.117979123 0.0336987452 0.785795356 -0.112124079 0.0349673379 0.780233092 -0.117979123 0.0845400393 0.785795356 -0.112124079 0.0832714496 0.780233092 -0.109684481 0.0832714496 0.785795356 -0.112124079 0.0832714496 0.780233092 -0.102170512 0.0796608364 0.780233092 -0.109684481 0.0832714496 0.785795356 -0.112124079 0.0832714496 0.790772134 -0.106756965 0.0796608364 0.780233092 -0.102170512 0.0796608364 0.790772134 -0.106756965 0.0796608364 0.780233092 -0.096217881 0.0740009611 0.780233092 -0.102170512 0.0796608364 0.790772134 -0.106756965 0.0796608364 0.794773101 -0.102560848 0.0740009611 0.780233092 -0.096217881 0.0740009611 0.794773101 -0.102560848 0.0740009611 0.780233092 -0.0924121057 0.0669749089 0.780233092 -0.096217881 0.0740009611 0.794773101 -0.102560848 0.0740009611 0.797310305 -0.0999260752 0.0669749089 0.780233092 -0.0924121057 0.0669749089 0.797310305 -0.0999260752 0.0669749089 0.780233092 -0.09114351 0.0590706032 0.780233092 -0.0924121057 0.0669749089 0.797310305 -0.0999260752 0.0669749089 0.798188534 -0.0989502346 0.0590706032 0.780233092 -0.09114351 0.0590706032 0.798188534 -0.0989502346 0.0590706032 0.780233092 -0.0924121057 0.0512638786 0.780233092 -0.09114351 0.0590706032 0.798188534 -0.0989502346 0.0590706032 0.797310305 -0.0999260752 0.0512638786 0.780233092 -0.0924121057 0.0512638786 0.797310305 -0.0999260752 0.0512638786 0.780233092 -0.096217881 0.0441402394 0.780233092 -0.0924121057 0.0512638786 0.797310305 -0.0999260752 0.0512638786 0.794773101 -0.102560848 0.0441402394 0.780233092 -0.096217881 0.0441402394 0.794773101 -0.102560848 0.0441402394 0.780233092 -0.102170512 0.0385779481 0.780233092 -0.096217881 0.0441402394 0.794773101 -0.102560848 0.0441402394 0.790772134 -0.106756965 0.0385779481 0.780233092 -0.102170512 0.0385779481 0.790772134 -0.106756965 0.0385779481 0.780233092 -0.109684481 0.0349673379 0.780233092 -0.102170512 0.0385779481 0.790772134 -0.106756965 0.0385779481 0.785795356 -0.112124079 0.0349673379 0.780233092 -0.109684481 0.0349673379 0.785795356 -0.112124079 0.0349673379 0.780233092 -0.117979123 0.0336987452 0.780233092 -0.109684481 0.0349673379 0.780233092 -0.117979123 0.0845400393 0.780233092 -0.109684481 0.0832714496 0.774670779 -0.112124079 0.0832714496 0.780233092 -0.109684481 0.0832714496 0.769694001 -0.106756965 0.0796608364 0.774670779 -0.112124079 0.0832714496 0.780233092 -0.109684481 0.0832714496 0.780233092 -0.102170512 0.0796608364 0.769694001 -0.106756965 0.0796608364 0.780233092 -0.102170512 0.0796608364 0.765693034 -0.102560848 0.0740009611 0.769694001 -0.106756965 0.0796608364 0.780233092 -0.102170512 0.0796608364 0.780233092 -0.096217881 0.0740009611 0.765693034 -0.102560848 0.0740009611 0.780233092 -0.096217881 0.0740009611 0.763155878 -0.0999260752 0.0669749089 0.765693034 -0.102560848 0.0740009611 0.780233092 -0.096217881 0.0740009611 0.780233092 -0.0924121057 0.0669749089 0.763155878 -0.0999260752 0.0669749089 0.780233092 -0.0924121057 0.0669749089 0.762277601 -0.0989502346 0.0590706032 0.763155878 -0.0999260752 0.0669749089 0.780233092 -0.0924121057 0.0669749089 0.780233092 -0.09114351 0.0590706032 0.762277601 -0.0989502346 0.0590706032 0.780233092 -0.09114351 0.0590706032 0.763155878 -0.0999260752 0.0512638786 0.762277601 -0.0989502346 0.0590706032 0.780233092 -0.09114351 0.0590706032 0.780233092 -0.0924121057 0.0512638786 0.763155878 -0.0999260752 0.0512638786 0.780233092 -0.0924121057 0.0512638786 0.765693034 -0.102560848 0.0441402394 0.763155878 -0.0999260752 0.0512638786 0.780233092 -0.0924121057 0.0512638786 0.780233092 -0.096217881 0.0441402394 0.765693034 -0.102560848 0.0441402394 0.780233092 -0.096217881 0.0441402394 0.769694001 -0.106756965 0.0385779481 0.765693034 -0.102560848 0.0441402394 0.780233092 -0.096217881 0.0441402394 0.780233092 -0.102170512 0.0385779481 0.769694001 -0.106756965 0.0385779481 0.780233092 -0.102170512 0.0385779481 0.774670779 -0.112124079 0.0349673379 0.769694001 -0.106756965 0.0385779481 0.780233092 -0.102170512 0.0385779481 0.780233092 -0.109684481 0.0349673379 0.774670779 -0.112124079 0.0349673379 0.780233092 -0.109684481 0.0349673379 0.780233092 -0.117979123 0.0336987452 0.774670779 -0.112124079 0.0349673379 0.780233092 -0.117979123 0.0845400393 0.774670779 -0.112124079 0.0832714496 0.772328786 -0.117979123 0.0832714496 0.774670779 -0.112124079 0.0832714496 0.76530271 -0.117979123 0.0796608364 0.772328786 -0.117979123 0.0832714496 0.774670779 -0.112124079 0.0832714496 0.769694001 -0.106756965 0.0796608364 0.76530271 -0.117979123 0.0796608364 0.769694001 -0.106756965 0.0796608364 0.759642864 -0.117979123 0.0740009611 0.76530271 -0.117979123 0.0796608364 0.769694001 -0.106756965 0.0796608364 0.765693034 -0.102560848 0.0740009611 0.759642864 -0.117979123 0.0740009611 0.765693034 -0.102560848 0.0740009611 0.756032221 -0.117979123 0.0669749089 0.759642864 -0.117979123 0.0740009611 0.765693034 -0.102560848 0.0740009611 0.763155878 -0.0999260752 0.0669749089 0.756032221 -0.117979123 0.0669749089 0.763155878 -0.0999260752 0.0669749089 0.754861201 -0.117979123 0.0590706032 0.756032221 -0.117979123 0.0669749089 0.763155878 -0.0999260752 0.0669749089 0.762277601 -0.0989502346 0.0590706032 0.754861201 -0.117979123 0.0590706032 0.762277601 -0.0989502346 0.0590706032 0.756032221 -0.117979123 0.0512638786 0.754861201 -0.117979123 0.0590706032 0.762277601 -0.0989502346 0.0590706032 0.763155878 -0.0999260752 0.0512638786 0.756032221 -0.117979123 0.0512638786 0.763155878 -0.0999260752 0.0512638786 0.759642864 -0.117979123 0.0441402394 0.756032221 -0.117979123 0.0512638786 0.763155878 -0.0999260752 0.0512638786 0.765693034 -0.102560848 0.0441402394 0.759642864 -0.117979123 0.0441402394 0.765693034 -0.102560848 0.0441402394 0.76530271 -0.117979123 0.0385779481 0.759642864 -0.117979123 0.0441402394 0.765693034 -0.102560848 0.0441402394 0.769694001 -0.106756965 0.0385779481 0.76530271 -0.117979123 0.0385779481 0.769694001 -0.106756965 0.0385779481 0.772328786 -0.117979123 0.0349673379 0.76530271 -0.117979123 0.0385779481 0.769694001 -0.106756965 0.0385779481 0.774670779 -0.112124079 0.0349673379 0.772328786 -0.117979123 0.0349673379 0.774670779 -0.112124079 0.0349673379 0.780233092 -0.117979123 0.0336987452 0.772328786 -0.117979123 0.0349673379 0.780233092 -0.117979123 0.0845400393 0.772328786 -0.117979123 0.0832714496 0.774670779 -0.123834166 0.0832714496 0.772328786 -0.117979123 0.0832714496 0.769694001 -0.129103711 0.0796608364 0.774670779 -0.123834166 0.0832714496 0.772328786 -0.117979123 0.0832714496 0.76530271 -0.117979123 0.0796608364 0.769694001 -0.129103711 0.0796608364 0.76530271 -0.117979123 0.0796608364 0.765693034 -0.13339741 0.0740009611 0.769694001 -0.129103711 0.0796608364 0.76530271 -0.117979123 0.0796608364 0.759642864 -0.117979123 0.0740009611 0.765693034 -0.13339741 0.0740009611 0.759642864 -0.117979123 0.0740009611 0.763155878 -0.136032183 0.0669749089 0.765693034 -0.13339741 0.0740009611 0.759642864 -0.117979123 0.0740009611 0.756032221 -0.117979123 0.0669749089 0.763155878 -0.136032183 0.0669749089 0.756032221 -0.117979123 0.0669749089 0.762277601 -0.137008017 0.0590706032 0.763155878 -0.136032183 0.0669749089 0.756032221 -0.117979123 0.0669749089 0.754861201 -0.117979123 0.0590706032 0.762277601 -0.137008017 0.0590706032 0.754861201 -0.117979123 0.0590706032 0.763155878 -0.136032183 0.0512638786 0.762277601 -0.137008017 0.0590706032 0.754861201 -0.117979123 0.0590706032 0.756032221 -0.117979123 0.0512638786 0.763155878 -0.136032183 0.0512638786 0.756032221 -0.117979123 0.0512638786 0.765693034 -0.13339741 0.0441402394 0.763155878 -0.136032183 0.0512638786 0.756032221 -0.117979123 0.0512638786 0.759642864 -0.117979123 0.0441402394 0.765693034 -0.13339741 0.0441402394 0.759642864 -0.117979123 0.0441402394 0.769694001 -0.129103711 0.0385779481 0.765693034 -0.13339741 0.0441402394 0.759642864 -0.117979123 0.0441402394 0.76530271 -0.117979123 0.0385779481 0.769694001 -0.129103711 0.0385779481 0.76530271 -0.117979123 0.0385779481 0.774670779 -0.123834166 0.0349673379 0.769694001 -0.129103711 0.0385779481 0.76530271 -0.117979123 0.0385779481 0.772328786 -0.117979123 0.0349673379 0.774670779 -0.123834166 0.0349673379 0.772328786 -0.117979123 0.0349673379 0.780233092 -0.117979123 0.0336987452 0.774670779 -0.123834166 0.0349673379 0.780233092 -0.117979123 0.0845400393 0.774670779 -0.123834166 0.0832714496 0.780233092 -0.126273777 0.0832714496 0.774670779 -0.123834166 0.0832714496 0.780233092 -0.133787746 0.0796608364 0.780233092 -0.126273777 0.0832714496 0.774670779 -0.123834166 0.0832714496 0.769694001 -0.129103711 0.0796608364 0.780233092 -0.133787746 0.0796608364 0.769694001 -0.129103711 0.0796608364 0.780233092 -0.139740371 0.0740009611 0.780233092 -0.133787746 0.0796608364 0.769694001 -0.129103711 0.0796608364 0.765693034 -0.13339741 0.0740009611 0.780233092 -0.139740371 0.0740009611 0.765693034 -0.13339741 0.0740009611 0.780233092 -0.143546152 0.0669749089 0.780233092 -0.139740371 0.0740009611 0.765693034 -0.13339741 0.0740009611 0.763155878 -0.136032183 0.0669749089 0.780233092 -0.143546152 0.0669749089 0.763155878 -0.136032183 0.0669749089 0.780233092 -0.144814742 0.0590706032 0.780233092 -0.143546152 0.0669749089 0.763155878 -0.136032183 0.0669749089 0.762277601 -0.137008017 0.0590706032 0.780233092 -0.144814742 0.0590706032 0.762277601 -0.137008017 0.0590706032 0.780233092 -0.143546152 0.0512638786 0.780233092 -0.144814742 0.0590706032 0.762277601 -0.137008017 0.0590706032 0.763155878 -0.136032183 0.0512638786 0.780233092 -0.143546152 0.0512638786 0.763155878 -0.136032183 0.0512638786 0.780233092 -0.139740371 0.0441402394 0.780233092 -0.143546152 0.0512638786 0.763155878 -0.136032183 0.0512638786 0.765693034 -0.13339741 0.0441402394 0.780233092 -0.139740371 0.0441402394 0.765693034 -0.13339741 0.0441402394 0.780233092 -0.133787746 0.0385779481 0.780233092 -0.139740371 0.0441402394 0.765693034 -0.13339741 0.0441402394 0.769694001 -0.129103711 0.0385779481 0.780233092 -0.133787746 0.0385779481 0.769694001 -0.129103711 0.0385779481 0.780233092 -0.126273777 0.0349673379 0.780233092 -0.133787746 0.0385779481 0.769694001 -0.129103711 0.0385779481 0.774670779 -0.123834166 0.0349673379 0.780233092 -0.126273777 0.0349673379 0.774670779 -0.123834166 0.0349673379 0.780233092 -0.117979123 0.0336987452 0.780233092 -0.126273777 0.0349673379</float_array><technique_common><accessor source="#part3-positions-array" count="1620" stride="3"><param name="X" type="float" /><param name="Y" type="float" /><param name="Z" type="float" /></accessor></technique_common></source><source id="part3-normals"><float_array id="part3-normals-array" count="4860">0.0149771531 0.0912157474 0.995718521 0.0149771531 0.0912157474 0.995718521 0.0149771531 0.0912157474 0.995718521 0.0461664746 0.281168889 0.958547189 0.0461664746 0.281168889 0.958547189 0.0461664746 0.281168889 0.958547189 0.0460743646 0.28130431 0.958511887 0.0460743646 0.28130431 0.958511887 0.0460743646 0.28130431 0.958511887 0.0814259622 0.497141401 0.863840402 0.0814259622 0.497141401 0.863840402 0.0814259622 0.497141401 0.863840402 0.081466563 0.497046504 0.863891181 0.081466563 0.497046504 0.863891181 0.081466563 0.497046504 0.863891181 0.121784696 0.743036838 0.65807655 0.121784696 0.743036838 0.65807655 0.121784696 0.743036838 0.65807655 0.121760936 0.743099632 0.658010039 0.121760936 0.743099632 0.658010039 0.121760936 0.743099632 0.658010039 0.156039383 0.952298922 0.262256505 0.156039383 0.952298922 0.262256505 0.156039383 0.952298922 0.262256505 0.155888573 0.95247849 0.261693482 0.155888573 0.95247849 0.261693482 0.155888573 0.95247849 0.261693482 0.155864792 0.952333194 -0.262235875 0.155864792 0.952333194 -0.262235875 0.155864792 0.952333194 -0.262235875 0.156064419 0.952451715 -0.261686126 0.156064419 0.952451715 -0.261686126 0.156064419 0.952451715 -0.261686126 0.121752613 0.743048839 -0.658068935 0.121752613 0.743048839 -0.658068935 0.121752613 0.743048839 -0.658068935 0.121794483 0.74309655 -0.658007311 0.121794483 0.74309655 -0.658007311 0.121794483 0.74309655 -0.658007311 0.0814775904 0.497113785 -0.863851427 0.0814775904 0.497113785 -0.863851427 0.0814775904 0.497113785 -0.863851427 0.0814107914 0.497048777 -0.863895131 0.0814107914 0.497048777 -0.863895131 0.0814107914 0.497048777 -0.863895131 0.0460628249 0.281233855 -0.958533116 0.0460628249 0.281233855 -0.958533116 0.0460628249 0.281233855 -0.958533116 0.0461884665 0.281302826 -0.958506831 0.0461884665 0.281302826 -0.958506831 0.0461884665 0.281302826 -0.958506831 0.0149771531 0.0912157474 -0.995718521 0.0149771531 0.0912157474 -0.995718521 0.0149771531 0.0912157474 -0.995718521 0.0418834887 0.0732235536 0.99643569 0.0418834887 0.0732235536 0.99643569 0.0418834887 0.0732235536 0.99643569 0.129886213 0.22707588 0.965176728 0.129886213 0.22707588 0.965176728 0.129886213 0.22707588 0.965176728 0.129867033 0.227158888 0.965159776 0.129867033 0.227158888 0.965159776 0.129867033 0.227158888 0.965159776 0.233111381 0.407750303 0.882835644 0.233111381 0.407750303 0.882835644 0.233111381 0.407750303 0.882835644 0.233125954 0.407507857 0.882943733 0.233125954 0.407507857 0.882943733 0.233125954 0.407507857 0.882943733 0.358308004 0.626328061 0.692335564 0.358308004 0.626328061 0.692335564 0.358308004 0.626328061 0.692335564 0.358302347 0.626709777 0.691992979 0.358302347 0.626709777 0.691992979 0.358302347 0.626709777 0.691992979 0.475741273 0.832123232 0.285028364 0.475741273 0.832123232 0.285028364 0.475741273 0.832123232 0.285028364 0.475847678 0.831820945 0.285732223 0.475847678 0.831820945 0.285732223 0.475847678 0.831820945 0.285732223 0.475945991 0.831992805 -0.285067335 0.475945991 0.831992805 -0.285067335 0.475945991 0.831992805 -0.285067335 0.475637965 0.831942536 -0.285727393 0.475637965 0.831942536 -0.285727393 0.475637965 0.831942536 -0.285727393 0.358166437 0.626472056 -0.692278533 0.358166437 0.626472056 -0.692278533 0.358166437 0.626472056 -0.692278533 0.358467819 0.62660742 -0.691999974 0.358467819 0.62660742 -0.691999974 0.358467819 0.62660742 -0.691999974 0.233196556 0.407631271 -0.882868118 0.233196556 0.407631271 -0.882868118 0.233196556 0.407631271 -0.882868118 0.233014213 0.407580339 -0.882939773 0.233014213 0.407580339 -0.882939773 0.233014213 0.407580339 -0.882939773 0.129851721 0.227132103 -0.96516814 0.129851721 0.227132103 -0.96516814 0.129851721 0.227132103 -0.96516814 0.129915345 0.227126812 -0.965160823 0.129915345 0.227126812 -0.965160823 0.129915345 0.227126812 -0.965160823 0.0418834887 0.0732235536 -0.99643569 0.0418834887 0.0732235536 -0.99643569 0.0418834887 0.0732235536 -0.99643569 0.0605906076 0.0406518463 0.997334551 0.0605906076 0.0406518463 0.997334551 0.0605906076 0.0406518463 0.997334551 0.189330319 0.127026734 0.973662282 0.189330319 0.127026734 0.973662282 0.189330319 0.127026734 0.973662282 0.18934585 0.127171976 0.973640302 0.18934585 0.127171976 0.973640302 0.18934585 0.127171976 0.973640302 0.346696314 0.232854617 0.908614546 0.346696314 0.232854617 0.908614546 0.346696314 0.232854617 0.908614546 0.346691325 0.23283816 0.908620667 0.346691325 0.23283816 0.908620667 0.346691325 0.23283816 0.908620667 0.55610311 0.373479275 0.74247058 0.55610311 0.373479275 0.74247058 0.55610311 0.373479275 0.74247058 0.55587915 0.372918843 0.742919852 0.55587915 0.372918843 0.742919852 0.55587915 0.372918843 0.742919852 0.785163213 0.526737073 0.32567896 0.785163213 0.526737073 0.32567896 0.785163213 0.526737073 0.32567896 0.785178563 0.526877001 0.325415505 0.785178563 0.526877001 0.325415505 0.785178563 0.526877001 0.325415505 0.785107574 0.526829365 -0.325663811 0.785107574 0.526829365 -0.325663811 0.785107574 0.526829365 -0.325663811 0.785237863 0.526787154 -0.325417874 0.785237863 0.526787154 -0.325417874 0.785237863 0.526787154 -0.325417874 0.556221746 0.373148678 -0.742547933 0.556221746 0.373148678 -0.742547933 0.556221746 0.373148678 -0.742547933 0.555700526 0.3732089 -0.742907829 0.555700526 0.3732089 -0.742907829 0.555700526 0.3732089 -0.742907829 0.346698964 0.23284329 -0.908616438 0.346698964 0.23284329 -0.908616438 0.346698964 0.23284329 -0.908616438 0.346685799 0.232847555 -0.908620368 0.346685799 0.232847555 -0.908620368 0.346685799 0.232847555 -0.908620368 0.189308183 0.127146678 -0.97365093 0.189308183 0.127146678 -0.97365093 0.189308183 0.127146678 -0.97365093 0.189401951 0.127074794 -0.973642079 0.189401951 0.127074794 -0.973642079 0.189401951 0.127074794 -0.973642079 0.0605906076 0.0406518463 -0.997334551 0.0605906076 0.0406518463 -0.997334551 0.0605906076 0.0406518463 -0.997334551 0.0672683272 -0 0.997734921 0.0672683272 -0 0.997734921 0.0672683272 -0 0.997734921 0.211003048 0 0.977485403 0.211003048 0 0.977485403 0.211003048 0 0.977485403 0.211003048 -0 0.977485403 0.211003048 -0 0.977485403 0.211003048 -0 0.977485403 0.389892093 0 0.920860552 0.389892093 0 0.920860552 0.389892093 0 0.920860552 0.389892093 -0 0.920860552 0.389892093 -0 0.920860552 0.389892093 -0 0.920860552 0.639407569 0 0.768867973 0.639407569 0 0.768867973 0.639407569 0 0.768867973 0.639407569 -0 0.768867973 0.639407569 -0 0.768867973 0.639407569 -0 0.768867973 0.936713997 0 0.350095542 0.936713997 0 0.350095542 0.936713997 0 0.350095542 0.936713997 -0 0.350095542 0.936713997 -0 0.350095542 0.936713997 -0 0.350095542 0.936713997 0 -0.350095542 0.936713997 0 -0.350095542 0.936713997 0 -0.350095542 0.936713997 0 -0.350095542 0.936713997 0 -0.350095542 0.936713997 0 -0.350095542 0.639407569 0 -0.768867973 0.639407569 0 -0.768867973 0.639407569 0 -0.768867973 0.639407569 0 -0.768867973 0.639407569 0 -0.768867973 0.639407569 0 -0.768867973 0.389892093 0 -0.920860552 0.389892093 0 -0.920860552 0.389892093 0 -0.920860552 0.389892093 0 -0.920860552 0.389892093 0 -0.920860552 0.389892093 0 -0.920860552 0.211003048 0 -0.977485403 0.211003048 0 -0.977485403 0.211003048 0 -0.977485403 0.211003048 0 -0.977485403 0.211003048 0 -0.977485403 0.211003048 0 -0.977485403 0.0672683272 0 -0.997734921 0.0672683272 0 -0.997734921 0.0672683272 0 -0.997734921 0.0605906076 -0.0406518463 0.997334551 0.0605906076 -0.0406518463 0.997334551 0.0605906076 -0.0406518463 0.997334551 0.189401951 -0.127074794 0.973642079 0.189401951 -0.127074794 0.973642079 0.189401951 -0.127074794 0.973642079 0.189308183 -0.127146678 0.97365093 0.189308183 -0.127146678 0.97365093 0.189308183 -0.127146678 0.97365093 0.346685799 -0.232847555 0.908620368 0.346685799 -0.232847555 0.908620368 0.346685799 -0.232847555 0.908620368 0.346698964 -0.23284329 0.908616438 0.346698964 -0.23284329 0.908616438 0.346698964 -0.23284329 0.908616438 0.555700526 -0.3732089 0.742907829 0.555700526 -0.3732089 0.742907829 0.555700526 -0.3732089 0.742907829 0.556221746 -0.373148678 0.742547933 0.556221746 -0.373148678 0.742547933 0.556221746 -0.373148678 0.742547933 0.785237863 -0.526787154 0.325417874 0.785237863 -0.526787154 0.325417874 0.785237863 -0.526787154 0.325417874 0.785107574 -0.526829365 0.325663811 0.785107574 -0.526829365 0.325663811 0.785107574 -0.526829365 0.325663811 0.785178563 -0.526877001 -0.325415505 0.785178563 -0.526877001 -0.325415505 0.785178563 -0.526877001 -0.325415505 0.785163213 -0.526737073 -0.32567896 0.785163213 -0.526737073 -0.32567896 0.785163213 -0.526737073 -0.32567896 0.55587915 -0.372918843 -0.742919852 0.55587915 -0.372918843 -0.742919852 0.55587915 -0.372918843 -0.742919852 0.55610311 -0.373479275 -0.74247058 0.55610311 -0.373479275 -0.74247058 0.55610311 -0.373479275 -0.74247058 0.346691325 -0.23283816 -0.908620667 0.346691325 -0.23283816 -0.908620667 0.346691325 -0.23283816 -0.908620667 0.346696314 -0.232854617 -0.908614546 0.346696314 -0.232854617 -0.908614546 0.346696314 -0.232854617 -0.908614546 0.18934585 -0.127171976 -0.973640302 0.18934585 -0.127171976 -0.973640302 0.18934585 -0.127171976 -0.973640302 0.189330319 -0.127026734 -0.973662282 0.189330319 -0.127026734 -0.973662282 0.189330319 -0.127026734 -0.973662282 0.0605906076 -0.0406518463 -0.997334551 0.0605906076 -0.0406518463 -0.997334551 0.0605906076 -0.0406518463 -0.997334551 0.0418834887 -0.0732235536 0.99643569 0.0418834887 -0.0732235536 0.99643569 0.0418834887 -0.0732235536 0.99643569 0.129915345 -0.227126812 0.965160823 0.129915345 -0.227126812 0.965160823 0.129915345 -0.227126812 0.965160823 0.129851721 -0.227132103 0.96516814 0.129851721 -0.227132103 0.96516814 0.129851721 -0.227132103 0.96516814 0.233014213 -0.407580339 0.882939773 0.233014213 -0.407580339 0.882939773 0.233014213 -0.407580339 0.882939773 0.233196556 -0.407631271 0.882868118 0.233196556 -0.407631271 0.882868118 0.233196556 -0.407631271 0.882868118 0.358467819 -0.62660742 0.691999974 0.358467819 -0.62660742 0.691999974 0.358467819 -0.62660742 0.691999974 0.358166437 -0.626472056 0.692278533 0.358166437 -0.626472056 0.692278533 0.358166437 -0.626472056 0.692278533 0.475637965 -0.831942536 0.285727393 0.475637965 -0.831942536 0.285727393 0.475637965 -0.831942536 0.285727393 0.475945991 -0.831992805 0.285067335 0.475945991 -0.831992805 0.285067335 0.475945991 -0.831992805 0.285067335 0.475847678 -0.831820945 -0.285732223 0.475847678 -0.831820945 -0.285732223 0.475847678 -0.831820945 -0.285732223 0.475741273 -0.832123232 -0.285028364 0.475741273 -0.832123232 -0.285028364 0.475741273 -0.832123232 -0.285028364 0.358302347 -0.626709777 -0.691992979 0.358302347 -0.626709777 -0.691992979 0.358302347 -0.626709777 -0.691992979 0.358308004 -0.626328061 -0.692335564 0.358308004 -0.626328061 -0.692335564 0.358308004 -0.626328061 -0.692335564 0.233125954 -0.407507857 -0.882943733 0.233125954 -0.407507857 -0.882943733 0.233125954 -0.407507857 -0.882943733 0.233111381 -0.407750303 -0.882835644 0.233111381 -0.407750303 -0.882835644 0.233111381 -0.407750303 -0.882835644 0.129867033 -0.227158888 -0.965159776 0.129867033 -0.227158888 -0.965159776 0.129867033 -0.227158888 -0.965159776 0.129886213 -0.22707588 -0.965176728 0.129886213 -0.22707588 -0.965176728 0.129886213 -0.22707588 -0.965176728 0.0418834887 -0.0732235536 -0.99643569 0.0418834887 -0.0732235536 -0.99643569 0.0418834887 -0.0732235536 -0.99643569 0.0149771531 -0.0912157474 0.995718521 0.0149771531 -0.0912157474 0.995718521 0.0149771531 -0.0912157474 0.995718521 0.0461884665 -0.281302826 0.958506831 0.0461884665 -0.281302826 0.958506831 0.0461884665 -0.281302826 0.958506831 0.0460628249 -0.281233855 0.958533116 0.0460628249 -0.281233855 0.958533116 0.0460628249 -0.281233855 0.958533116 0.0814107914 -0.497048777 0.863895131 0.0814107914 -0.497048777 0.863895131 0.0814107914 -0.497048777 0.863895131 0.0814775904 -0.497113785 0.863851427 0.0814775904 -0.497113785 0.863851427 0.0814775904 -0.497113785 0.863851427 0.121794483 -0.74309655 0.658007311 0.121794483 -0.74309655 0.658007311 0.121794483 -0.74309655 0.658007311 0.121752613 -0.743048839 0.658068935 0.121752613 -0.743048839 0.658068935 0.121752613 -0.743048839 0.658068935 0.156064419 -0.952451715 0.261686126 0.156064419 -0.952451715 0.261686126 0.156064419 -0.952451715 0.261686126 0.155864792 -0.952333194 0.262235875 0.155864792 -0.952333194 0.262235875 0.155864792 -0.952333194 0.262235875 0.155888573 -0.95247849 -0.261693482 0.155888573 -0.95247849 -0.261693482 0.155888573 -0.95247849 -0.261693482 0.156039383 -0.952298922 -0.262256505 0.156039383 -0.952298922 -0.262256505 0.156039383 -0.952298922 -0.262256505 0.121760936 -0.743099632 -0.658010039 0.121760936 -0.743099632 -0.658010039 0.121760936 -0.743099632 -0.658010039 0.121784696 -0.743036838 -0.65807655 0.121784696 -0.743036838 -0.65807655 0.121784696 -0.743036838 -0.65807655 0.081466563 -0.497046504 -0.863891181 0.081466563 -0.497046504 -0.863891181 0.081466563 -0.497046504 -0.863891181 0.0814259622 -0.497141401 -0.863840402 0.0814259622 -0.497141401 -0.863840402 0.0814259622 -0.497141401 -0.863840402 0.0460743646 -0.28130431 -0.958511887 0.0460743646 -0.28130431 -0.958511887 0.0460743646 -0.28130431 -0.958511887 0.0461664746 -0.281168889 -0.958547189 0.0461664746 -0.281168889 -0.958547189 0.0461664746 -0.281168889 -0.958547189 0.0149771531 -0.0912157474 -0.995718521 0.0149771531 -0.0912157474 -0.995718521 0.0149771531 -0.0912157474 -0.995718521 -0.0149731887 -0.0912157528 0.99571858 -0.0149731887 -0.0912157528 0.99571858 -0.0149731887 -0.0912157528 0.99571858 -0.0461553927 -0.281175838 0.958545684 -0.0461553927 -0.281175838 0.958545684 -0.0461553927 -0.281175838 0.958545684 -0.0460679646 -0.281304393 0.95851217 -0.0460679646 -0.281304393 0.95851217 -0.0460679646 -0.281304393 0.95851217 -0.0814155397 -0.49714697 0.863838179 -0.0814155397 -0.49714697 0.863838179 -0.0814155397 -0.49714697 0.863838179 -0.0814583765 -0.497046838 0.863891761 -0.0814583765 -0.497046838 0.863891761 -0.0814583765 -0.497046838 0.863891761 -0.121770073 -0.743022785 0.658095122 -0.121770073 -0.743022785 0.658095122 -0.121770073 -0.743022785 0.658095122 -0.121740284 -0.743101528 0.658011719 -0.121740284 -0.743101528 0.658011719 -0.121740284 -0.743101528 0.658011719 -0.156020456 -0.952347372 0.262091779 -0.156020456 -0.952347372 0.262091779 -0.156020456 -0.952347372 0.262091779 -0.155913469 -0.952474701 0.261692441 -0.155913469 -0.952474701 0.261692441 -0.155913469 -0.952474701 0.261692441 -0.1558966 -0.952371647 -0.262077272 -0.1558966 -0.952371647 -0.262077272 -0.1558966 -0.952371647 -0.262077272 -0.156038204 -0.952455708 -0.261687223 -0.156038204 -0.952455708 -0.261687223 -0.156038204 -0.952455708 -0.261687223 -0.121729849 -0.743037838 -0.658085568 -0.121729849 -0.743037838 -0.658085568 -0.121729849 -0.743037838 -0.658085568 -0.121782345 -0.743097665 -0.658008298 -0.121782345 -0.743097665 -0.658008298 -0.121782345 -0.743097665 -0.658008298 -0.0814700116 -0.497117833 -0.863849812 -0.0814700116 -0.497117833 -0.863849812 -0.0814700116 -0.497117833 -0.863849812 -0.0813995341 -0.497049235 -0.863895928 -0.0813995341 -0.497049235 -0.863895928 -0.0813995341 -0.497049235 -0.863895928 -0.0460570102 -0.281237503 -0.958532325 -0.0460570102 -0.281237503 -0.958532325 -0.0460570102 -0.281237503 -0.958532325 -0.046176264 -0.281302985 -0.958507372 -0.046176264 -0.281302985 -0.958507372 -0.046176264 -0.281302985 -0.958507372 -0.0149731887 -0.0912157528 -0.99571858 -0.0149731887 -0.0912157528 -0.99571858 -0.0149731887 -0.0912157528 -0.99571858 -0.0418804294 -0.073218214 0.996436211 -0.0418804294 -0.073218214 0.996436211 -0.0418804294 -0.073218214 0.996436211 -0.129876358 -0.227058678 0.965182101 -0.129876358 -0.227058678 0.965182101 -0.129876358 -0.227058678 0.965182101 -0.129850699 -0.227169742 0.965159419 -0.129850699 -0.227169742 0.965159419 -0.129850699 -0.227169742 0.965159419 -0.233107541 -0.407814362 0.882807069 -0.233107541 -0.407814362 0.882807069 -0.233107541 -0.407814362 0.882807069 -0.233125968 -0.407507832 0.882943741 -0.233125968 -0.407507832 0.882943741 -0.233125968 -0.407507832 0.882943741 -0.358390312 -0.626471861 0.692162836 -0.358390312 -0.626471861 0.692162836 -0.358390312 -0.626471861 0.692162836 -0.358388537 -0.626591465 0.692055484 -0.358388537 -0.626591465 0.692055484 -0.358388537 -0.626591465 0.692055484 -0.47583712 -0.831933635 0.285421552 -0.47583712 -0.831933635 0.285421552 -0.47583712 -0.831933635 0.285421552 -0.475810199 -0.832010093 0.285243509 -0.475810199 -0.832010093 0.285243509 -0.475810199 -0.832010093 0.285243509 -0.475785349 -0.831966639 -0.285411657 -0.475785349 -0.831966639 -0.285411657 -0.475785349 -0.831966639 -0.285411657 -0.475863264 -0.831979344 -0.285244676 -0.475863264 -0.831979344 -0.285244676 -0.475863264 -0.831979344 -0.285244676 -0.358345931 -0.626516974 -0.692144981 -0.358345931 -0.626516974 -0.692144981 -0.358345931 -0.626516974 -0.692144981 -0.358440381 -0.626559382 -0.692057681 -0.358440381 -0.626559382 -0.692057681 -0.358440381 -0.626559382 -0.692057681 -0.233215242 -0.407663883 -0.882848124 -0.233215242 -0.407663883 -0.882848124 -0.233215242 -0.407663883 -0.882848124 -0.232984704 -0.407599463 -0.882938733 -0.232984704 -0.407599463 -0.882938733 -0.232984704 -0.407599463 -0.882938733 -0.129830214 -0.227133905 -0.965170609 -0.129830214 -0.227133905 -0.965170609 -0.129830214 -0.227133905 -0.965170609 -0.129915338 -0.227126826 -0.965160821 -0.129915338 -0.227126826 -0.965160821 -0.129915338 -0.227126826 -0.965160821 -0.0418804294 -0.073218214 -0.996436211 -0.0418804294 -0.073218214 -0.996436211 -0.0418804294 -0.073218214 -0.996436211 -0.0605842111 -0.04064754 0.997335115 -0.0605842111 -0.04064754 0.997335115 -0.0605842111 -0.04064754 0.997335115 -0.189330321 -0.12702669 0.973662287 -0.189330321 -0.12702669 0.973662287 -0.189330321 -0.12702669 0.973662287 -0.189341277 -0.127129148 0.973646784 -0.189341277 -0.127129148 0.973646784 -0.189341277 -0.127129148 0.973646784 -0.346880902 -0.232905757 0.908530983 -0.346880902 -0.232905757 0.908530983 -0.346880902 -0.232905757 0.908530983 -0.346823049 -0.232714981 0.908601954 -0.346823049 -0.232714981 0.908601954 -0.346823049 -0.232714981 0.908601954 -0.555917763 -0.373015553 0.742842404 -0.555917763 -0.373015553 0.742842404 -0.555917763 -0.373015553 0.742842404 -0.555997315 -0.37321459 0.742682877 -0.555997315 -0.37321459 0.742682877 -0.555997315 -0.37321459 0.742682877 -0.785031997 -0.526954694 0.325643232 -0.785031997 -0.526954694 0.325643232 -0.785031997 -0.526954694 0.325643232 -0.785011083 -0.526764618 0.326000977 -0.785011083 -0.526764618 0.326000977 -0.785011083 -0.526764618 0.326000977 -0.785107574 -0.526829365 -0.325663811 -0.785107574 -0.526829365 -0.325663811 -0.785107574 -0.526829365 -0.325663811 -0.784930571 -0.526886612 -0.325997694 -0.784930571 -0.526886612 -0.325997694 -0.784930571 -0.526886612 -0.325997694 -0.555875682 -0.373132944 -0.742814938 -0.555875682 -0.373132944 -0.742814938 -0.555875682 -0.373132944 -0.742814938 -0.556060809 -0.373111536 -0.74268712 -0.556060809 -0.373111536 -0.74268712 -0.556060809 -0.373111536 -0.74268712 -0.346911642 -0.232774426 -0.908552904 -0.346911642 -0.232774426 -0.908552904 -0.346911642 -0.232774426 -0.908552904 -0.346758973 -0.232823891 -0.908598509 -0.346758973 -0.232823891 -0.908598509 -0.346758973 -0.232823891 -0.908598509 -0.189314705 -0.127111307 -0.973654281 -0.189314705 -0.127111307 -0.973654281 -0.189314705 -0.127111307 -0.973654281 -0.189380848 -0.12706059 -0.973648037 -0.189380848 -0.12706059 -0.973648037 -0.189380848 -0.12706059 -0.973648037 -0.0605842111 -0.04064754 -0.997335115 -0.0605842111 -0.04064754 -0.997335115 -0.0605842111 -0.04064754 -0.997335115 -0.0672604374 0 0.997735453 -0.0672604374 0 0.997735453 -0.0672604374 0 0.997735453 -0.211003042 0 0.977485405 -0.211003042 0 0.977485405 -0.211003042 0 0.977485405 -0.211003042 0 0.977485405 -0.211003042 0 0.977485405 -0.211003042 0 0.977485405 -0.390109819 0 0.920768336 -0.390109819 0 0.920768336 -0.390109819 0 0.920768336 -0.390109819 0 0.920768336 -0.390109819 0 0.920768336 -0.390109819 0 0.920768336 -0.639019654 0 0.769190407 -0.639019654 0 0.769190407 -0.639019654 0 0.769190407 -0.639019654 0 0.769190407 -0.639019654 0 0.769190407 -0.639019654 0 0.769190407 -0.936713997 0 0.350095542 -0.936713997 0 0.350095542 -0.936713997 0 0.350095542 -0.936713997 0 0.350095542 -0.936713997 0 0.350095542 -0.936713997 0 0.350095542 -0.936713997 0 -0.350095542 -0.936713997 0 -0.350095542 -0.936713997 0 -0.350095542 -0.936713997 -0 -0.350095542 -0.936713997 -0 -0.350095542 -0.936713997 -0 -0.350095542 -0.639019654 0 -0.769190407 -0.639019654 0 -0.769190407 -0.639019654 0 -0.769190407 -0.639019654 -0 -0.769190407 -0.639019654 -0 -0.769190407 -0.639019654 -0 -0.769190407 -0.390109819 0 -0.920768336 -0.390109819 0 -0.920768336 -0.390109819 0 -0.920768336 -0.390109819 -0 -0.920768336 -0.390109819 -0 -0.920768336 -0.390109819 -0 -0.920768336 -0.211003042 0 -0.977485405 -0.211003042 0 -0.977485405 -0.211003042 0 -0.977485405 -0.211003042 -0 -0.977485405 -0.211003042 -0 -0.977485405 -0.211003042 -0 -0.977485405 -0.0672604374 0 -0.997735453 -0.0672604374 0 -0.997735453 -0.0672604374 0 -0.997735453 -0.0605842111 0.04064754 0.997335115 -0.0605842111 0.04064754 0.997335115 -0.0605842111 0.04064754 0.997335115 -0.189380848 0.12706059 0.973648037 -0.189380848 0.12706059 0.973648037 -0.189380848 0.12706059 0.973648037 -0.189314705 0.127111307 0.973654281 -0.189314705 0.127111307 0.973654281 -0.189314705 0.127111307 0.973654281 -0.346758973 0.232823891 0.908598509 -0.346758973 0.232823891 0.908598509 -0.346758973 0.232823891 0.908598509 -0.346911642 0.232774426 0.908552904 -0.346911642 0.232774426 0.908552904 -0.346911642 0.232774426 0.908552904 -0.556060809 0.373111536 0.74268712 -0.556060809 0.373111536 0.74268712 -0.556060809 0.373111536 0.74268712 -0.555875682 0.373132944 0.742814938 -0.555875682 0.373132944 0.742814938 -0.555875682 0.373132944 0.742814938 -0.784930571 0.526886612 0.325997694 -0.784930571 0.526886612 0.325997694 -0.784930571 0.526886612 0.325997694 -0.785107574 0.526829365 0.325663811 -0.785107574 0.526829365 0.325663811 -0.785107574 0.526829365 0.325663811 -0.785011083 0.526764618 -0.326000977 -0.785011083 0.526764618 -0.326000977 -0.785011083 0.526764618 -0.326000977 -0.785031997 0.526954694 -0.325643232 -0.785031997 0.526954694 -0.325643232 -0.785031997 0.526954694 -0.325643232 -0.555997315 0.37321459 -0.742682877 -0.555997315 0.37321459 -0.742682877 -0.555997315 0.37321459 -0.742682877 -0.555917763 0.373015553 -0.742842404 -0.555917763 0.373015553 -0.742842404 -0.555917763 0.373015553 -0.742842404 -0.346823049 0.232714981 -0.908601954 -0.346823049 0.232714981 -0.908601954 -0.346823049 0.232714981 -0.908601954 -0.346880902 0.232905757 -0.908530983 -0.346880902 0.232905757 -0.908530983 -0.346880902 0.232905757 -0.908530983 -0.189341277 0.127129148 -0.973646784 -0.189341277 0.127129148 -0.973646784 -0.189341277 0.127129148 -0.973646784 -0.189330321 0.12702669 -0.973662287 -0.189330321 0.12702669 -0.973662287 -0.189330321 0.12702669 -0.973662287 -0.0605842111 0.04064754 -0.997335115 -0.0605842111 0.04064754 -0.997335115 -0.0605842111 0.04064754 -0.997335115 -0.0418804294 0.073218214 0.996436211 -0.0418804294 0.073218214 0.996436211 -0.0418804294 0.073218214 0.996436211 -0.129915338 0.227126826 0.965160821 -0.129915338 0.227126826 0.965160821 -0.129915338 0.227126826 0.965160821 -0.129830214 0.227133905 0.965170609 -0.129830214 0.227133905 0.965170609 -0.129830214 0.227133905 0.965170609 -0.232984704 0.407599463 0.882938733 -0.232984704 0.407599463 0.882938733 -0.232984704 0.407599463 0.882938733 -0.233215242 0.407663883 0.882848124 -0.233215242 0.407663883 0.882848124 -0.233215242 0.407663883 0.882848124 -0.358440381 0.626559382 0.692057681 -0.358440381 0.626559382 0.692057681 -0.358440381 0.626559382 0.692057681 -0.358345931 0.626516974 0.692144981 -0.358345931 0.626516974 0.692144981 -0.358345931 0.626516974 0.692144981 -0.475863264 0.831979344 0.285244676 -0.475863264 0.831979344 0.285244676 -0.475863264 0.831979344 0.285244676 -0.475785349 0.831966639 0.285411657 -0.475785349 0.831966639 0.285411657 -0.475785349 0.831966639 0.285411657 -0.475810199 0.832010093 -0.285243509 -0.475810199 0.832010093 -0.285243509 -0.475810199 0.832010093 -0.285243509 -0.47583712 0.831933635 -0.285421552 -0.47583712 0.831933635 -0.285421552 -0.47583712 0.831933635 -0.285421552 -0.358388537 0.626591465 -0.692055484 -0.358388537 0.626591465 -0.692055484 -0.358388537 0.626591465 -0.692055484 -0.358390312 0.626471861 -0.692162836 -0.358390312 0.626471861 -0.692162836 -0.358390312 0.626471861 -0.692162836 -0.233125968 0.407507832 -0.882943741 -0.233125968 0.407507832 -0.882943741 -0.233125968 0.407507832 -0.882943741 -0.233107541 0.407814362 -0.882807069 -0.233107541 0.407814362 -0.882807069 -0.233107541 0.407814362 -0.882807069 -0.129850699 0.227169742 -0.965159419 -0.129850699 0.227169742 -0.965159419 -0.129850699 0.227169742 -0.965159419 -0.129876358 0.227058678 -0.965182101 -0.129876358 0.227058678 -0.965182101 -0.129876358 0.227058678 -0.965182101 -0.0418804294 0.073218214 -0.996436211 -0.0418804294 0.073218214 -0.996436211 -0.0418804294 0.073218214 -0.996436211 -0.0149731887 0.0912157528 0.99571858 -0.0149731887 0.0912157528 0.99571858 -0.0149731887 0.0912157528 0.99571858 -0.046176264 0.281302985 0.958507372 -0.046176264 0.281302985 0.958507372 -0.046176264 0.281302985 0.958507372 -0.0460570102 0.281237503 0.958532325 -0.0460570102 0.281237503 0.958532325 -0.0460570102 0.281237503 0.958532325 -0.0813995341 0.497049235 0.863895928 -0.0813995341 0.497049235 0.863895928 -0.0813995341 0.497049235 0.863895928 -0.0814700116 0.497117833 0.863849812 -0.0814700116 0.497117833 0.863849812 -0.0814700116 0.497117833 0.863849812 -0.121782345 0.743097665 0.658008298 -0.121782345 0.743097665 0.658008298 -0.121782345 0.743097665 0.658008298 -0.121729849 0.743037838 0.658085568 -0.121729849 0.743037838 0.658085568 -0.121729849 0.743037838 0.658085568 -0.156038204 0.952455708 0.261687223 -0.156038204 0.952455708 0.261687223 -0.156038204 0.952455708 0.261687223 -0.1558966 0.952371647 0.262077272 -0.1558966 0.952371647 0.262077272 -0.1558966 0.952371647 0.262077272 -0.155913469 0.952474701 -0.261692441 -0.155913469 0.952474701 -0.261692441 -0.155913469 0.952474701 -0.261692441 -0.156020456 0.952347372 -0.262091779 -0.156020456 0.952347372 -0.262091779 -0.156020456 0.952347372 -0.262091779 -0.121740284 0.743101528 -0.658011719 -0.121740284 0.743101528 -0.658011719 -0.121740284 0.743101528 -0.658011719 -0.121770073 0.743022785 -0.658095122 -0.121770073 0.743022785 -0.658095122 -0.121770073 0.743022785 -0.658095122 -0.0814583765 0.497046838 -0.863891761 -0.0814583765 0.497046838 -0.863891761 -0.0814583765 0.497046838 -0.863891761 -0.0814155397 0.49714697 -0.863838179 -0.0814155397 0.49714697 -0.863838179 -0.0814155397 0.49714697 -0.863838179 -0.0460679646 0.281304393 -0.95851217 -0.0460679646 0.281304393 -0.95851217 -0.0460679646 0.281304393 -0.95851217 -0.0461553927 0.281175838 -0.958545684 -0.0461553927 0.281175838 -0.958545684 -0.0461553927 0.281175838 -0.958545684 -0.0149731887 0.0912157528 -0.99571858 -0.0149731887 0.0912157528 -0.99571858 -0.0149731887 0.0912157528 -0.99571858 0.0661634801 0.150851455 0.986339816 0.0661634801 0.150851455 0.986339816 0.0661634801 0.150851455 0.986339816 0.187832103 0.428253563 0.883921935 0.187832103 0.428253563 0.883921935 0.187832103 0.428253563 0.883921935 0.189024647 0.425304014 0.885091057 0.189024647 0.425304014 0.885091057 0.189024647 0.425304014 0.885091057 0.290021389 0.652545912 0.700051017 0.290021389 0.652545912 0.700051017 0.290021389 0.652545912 0.700051017 0.287872891 0.659892877 0.69402492 0.287872891 0.659892877 0.69402492 0.287872891 0.659892877 0.69402492 0.35933003 0.823694535 0.43864478 0.35933003 0.823694535 0.43864478 0.35933003 0.823694535 0.43864478 0.360824903 0.820057067 0.444197925 0.360824903 0.820057067 0.444197925 0.360824903 0.820057067 0.444197925 0.397819051 0.904134722 0.155821716 0.397819051 0.904134722 0.155821716 0.397819051 0.904134722 0.155821716 0.394476664 0.907295123 0.14561498 0.394476664 0.907295123 0.14561498 0.394476664 0.907295123 0.14561498 0.39375018 0.905624212 -0.157497879 0.39375018 0.905624212 -0.157497879 0.39375018 0.905624212 -0.157497879 0.398356091 0.905355269 -0.147119886 0.398356091 0.905355269 -0.147119886 0.398356091 0.905355269 -0.147119886 0.362796774 0.824538593 -0.434182691 0.362796774 0.824538593 -0.434182691 0.362796774 0.824538593 -0.434182691 0.359107422 0.82318425 -0.439783527 0.359107422 0.82318425 -0.439783527 0.359107422 0.82318425 -0.439783527 0.283423731 0.649694038 -0.705385459 0.283423731 0.649694038 -0.705385459 0.283423731 0.649694038 -0.705385459 0.29036933 0.653328776 -0.69917606 0.29036933 0.653328776 -0.69917606 0.29036933 0.653328776 -0.69917606 0.189667192 0.426749734 -0.884257327 0.189667192 0.426749734 -0.884257327 0.189667192 0.426749734 -0.884257327 0.186625459 0.425502438 -0.885504722 0.186625459 0.425502438 -0.885504722 0.186625459 0.425502438 -0.885504722 0.0661636312 0.1508518 -0.986339753 0.0661636312 0.1508518 -0.986339753 0.0661636312 0.1508518 -0.986339753 0.160093372 0.0613698586 0.985192292 0.160093372 0.0613698586 0.985192292 0.160093372 0.0613698586 0.985192292 0.445455971 0.170760161 0.87886856 0.445455971 0.170760161 0.87886856 0.445455971 0.170760161 0.87886856 0.448299672 0.176960662 0.876191947 0.448299672 0.176960662 0.876191947 0.448299672 0.176960662 0.876191947 0.686537423 0.27100202 0.674703099 0.686537423 0.27100202 0.674703099 0.686537423 0.27100202 0.674703099 0.682212278 0.263386047 0.682066124 0.682212278 0.263386047 0.682066124 0.682212278 0.263386047 0.682066124 0.841217381 0.324774161 0.432290483 0.841217381 0.324774161 0.432290483 0.841217381 0.324774161 0.432290483 0.842577477 0.327920771 0.42723666 0.842577477 0.327920771 0.42723666 0.842577477 0.327920771 0.42723666 0.921658713 0.358698213 0.147921632 0.921658713 0.358698213 0.147921632 0.921658713 0.358698213 0.147921632 0.921648102 0.359206961 0.146748543 0.921648102 0.359206961 0.146748543 0.921648102 0.359206961 0.146748543 0.921235675 0.359046219 -0.149701851 0.921235675 0.359046219 -0.149701851 0.921235675 0.359046219 -0.149701851 0.92157692 0.358666381 -0.148507264 0.92157692 0.358666381 -0.148507264 0.92157692 0.358666381 -0.148507264 0.842641829 0.327945816 -0.427090494 0.842641829 0.327945816 -0.427090494 0.842641829 0.327945816 -0.427090494 0.845753059 0.326525279 -0.421998822 0.845753059 0.326525279 -0.421998822 0.845753059 0.326525279 -0.421998822 0.682143084 0.263359332 -0.682145641 0.682143084 0.263359332 -0.682145641 0.682143084 0.263359332 -0.682145641 0.673524017 0.265865142 -0.6896964 0.673524017 0.265865142 -0.6896964 0.673524017 0.265865142 -0.6896964 0.445064199 0.1756835 -0.878096331 0.445064199 0.1756835 -0.878096331 0.445064199 0.1756835 -0.878096331 0.451653392 0.173135868 -0.875233218 0.451653392 0.173135868 -0.875233218 0.451653392 0.173135868 -0.875233218 0.160093736 0.0613699985 -0.985192224 0.160093736 0.0613699985 -0.985192224 0.160093736 0.0613699985 -0.985192224 0.160093372 -0.0613698586 0.985192292 0.160093372 -0.0613698586 0.985192292 0.160093372 -0.0613698586 0.985192292 0.449810603 -0.172429457 0.876321005 0.449810603 -0.172429457 0.876321005 0.449810603 -0.172429457 0.876321005 0.445183442 -0.17420271 0.878330871 0.445183442 -0.17420271 0.878330871 0.445183442 -0.17420271 0.878330871 0.682448185 -0.267045698 0.680405078 0.682448185 -0.267045698 0.680405078 0.682448185 -0.267045698 0.680405078 0.687634168 -0.265479515 0.675780939 0.687634168 -0.265479515 0.675780939 0.687634168 -0.265479515 0.675780939 0.843654337 -0.325715264 0.426798462 0.843654337 -0.325715264 0.426798462 0.843654337 -0.325715264 0.426798462 0.840500304 -0.327112576 0.431921986 0.840500304 -0.327112576 0.431921986 0.840500304 -0.327112576 0.431921986 0.92182627 -0.358763661 0.146713881 0.92182627 -0.358763661 0.146713881 0.92182627 -0.358763661 0.146713881 0.921489043 -0.359145081 0.147894401 0.921489043 -0.359145081 0.147894401 0.921489043 -0.359145081 0.147894401 0.921398487 -0.359109787 -0.14854289 0.921398487 -0.359109787 -0.14854289 0.921398487 -0.359109787 -0.14854289 0.921405088 -0.358599743 -0.149729381 0.921405088 -0.358599743 -0.149729381 0.921405088 -0.358599743 -0.149729381 0.844677651 -0.32873835 -0.422434331 0.844677651 -0.32873835 -0.422434331 0.844677651 -0.32873835 -0.422434331 0.843364278 -0.325603279 -0.427456665 0.843364278 -0.325603279 -0.427456665 0.843364278 -0.325603279 -0.427456665 0.678801595 -0.262069465 -0.685965007 0.678801595 -0.262069465 -0.685965007 0.678801595 -0.262069465 -0.685965007 0.681498855 -0.26667422 -0.681501409 0.681498855 -0.26667422 -0.681501409 0.681498855 -0.26667422 -0.681501409 0.447441976 -0.175086486 -0.8770065 0.447441976 -0.175086486 -0.8770065 0.447441976 -0.175086486 -0.8770065 0.445455687 -0.170760052 -0.878868725 0.445455687 -0.170760052 -0.878868725 0.445455687 -0.170760052 -0.878868725 0.160093736 -0.0613699985 -0.985192224 0.160093736 -0.0613699985 -0.985192224 0.160093736 -0.0613699985 -0.985192224 0.0661632509 -0.150851669 0.986339799 0.0661632509 -0.150851669 0.986339799 0.0661632509 -0.150851669 0.986339799 0.1866247 -0.425502785 0.885504715 0.1866247 -0.425502785 0.885504715 0.1866247 -0.425502785 0.885504715 0.18485693 -0.42477591 0.886224205 0.18485693 -0.42477591 0.886224205 0.18485693 -0.42477591 0.886224205 0.287234122 -0.660024678 0.694164233 0.287234122 -0.660024678 0.694164233 0.287234122 -0.660024678 0.694164233 0.288132184 -0.660486635 0.693352182 0.288132184 -0.660486635 0.693352182 0.288132184 -0.660486635 0.693352182 0.358140371 -0.820966701 0.444689948 0.358140371 -0.820966701 0.444689948 0.358140371 -0.820966701 0.444689948 0.361844019 -0.822373239 0.439057129 0.361844019 -0.822373239 0.439057129 0.361844019 -0.822373239 0.439057129 0.39846188 -0.905595698 0.145342915 0.39846188 -0.905595698 0.145342915 0.39846188 -0.905595698 0.145342915 0.393870028 -0.905899862 0.155601549 0.393870028 -0.905899862 0.155601549 0.393870028 -0.905899862 0.155601549 0.394371461 -0.907053156 -0.147396484 0.394371461 -0.907053156 -0.147396484 0.394371461 -0.907053156 -0.147396484 0.397697572 -0.903858634 -0.157721941 0.397697572 -0.903858634 -0.157721941 0.397697572 -0.903858634 -0.157721941 0.361797554 -0.822267637 -0.439293141 0.361797554 -0.822267637 -0.439293141 0.361797554 -0.822267637 -0.439293141 0.360274658 -0.825859136 -0.433772818 0.360274658 -0.825859136 -0.433772818 0.360274658 -0.825859136 -0.433772818 0.285449968 -0.654338179 -0.700256998 0.285449968 -0.654338179 -0.700256998 0.285449968 -0.654338179 -0.700256998 0.285175884 -0.655295128 -0.69947338 0.285175884 -0.655295128 -0.69947338 0.285175884 -0.655295128 -0.69947338 0.185223121 -0.425617366 -0.885743898 0.185223121 -0.425617366 -0.885743898 0.185223121 -0.425617366 -0.885743898 0.185926706 -0.423911365 -0.886414358 0.185926706 -0.423911365 -0.886414358 0.185926706 -0.423911365 -0.886414358 0.066163402 -0.150852014 -0.986339736 0.066163402 -0.150852014 -0.986339736 0.066163402 -0.150852014 -0.986339736 -0.0661626866 -0.150851675 0.986339835 -0.0661626866 -0.150851675 0.986339835 -0.0661626866 -0.150851675 0.986339835 -0.185925651 -0.42391259 0.886413994 -0.185925651 -0.42391259 0.886413994 -0.185925651 -0.42391259 0.886413994 -0.185222432 -0.425617708 0.885743878 -0.185222432 -0.425617708 0.885743878 -0.185222432 -0.425617708 0.885743878 -0.287590097 -0.660845647 0.693235145 -0.287590097 -0.660845647 0.693235145 -0.287590097 -0.660845647 0.693235145 -0.287872135 -0.659892687 0.694025414 -0.287872135 -0.659892687 0.694025414 -0.287872135 -0.659892687 0.694025414 -0.35932973 -0.823695774 0.438642699 -0.35932973 -0.823695774 0.438642699 -0.35932973 -0.823695774 0.438642699 -0.360825015 -0.82005732 0.444197367 -0.360825015 -0.82005732 0.444197367 -0.360825015 -0.82005732 0.444197367 -0.39781886 -0.904134288 0.15582472 -0.39781886 -0.904134288 0.15582472 -0.39781886 -0.904134288 0.15582472 -0.39447574 -0.907295407 0.145615709 -0.39447574 -0.907295407 0.145615709 -0.39447574 -0.907295407 0.145615709 -0.393749112 -0.90562416 -0.157500847 -0.393749112 -0.90562416 -0.157500847 -0.393749112 -0.90562416 -0.157500847 -0.398356051 -0.905355177 -0.147120562 -0.398356051 -0.905355177 -0.147120562 -0.398356051 -0.905355177 -0.147120562 -0.362797156 -0.824539462 -0.434180722 -0.362797156 -0.824539462 -0.434180722 -0.362797156 -0.824539462 -0.434180722 -0.3591068 -0.823184747 -0.439783104 -0.3591068 -0.823184747 -0.439783104 -0.3591068 -0.823184747 -0.439783104 -0.285710887 -0.654938432 -0.699589122 -0.285710887 -0.654938432 -0.699589122 -0.285710887 -0.654938432 -0.699589122 -0.284814327 -0.65446728 -0.700395159 -0.284814327 -0.65446728 -0.700395159 -0.284814327 -0.65446728 -0.700395159 -0.184856192 -0.424776134 -0.886224252 -0.184856192 -0.424776134 -0.886224252 -0.184856192 -0.424776134 -0.886224252 -0.186623036 -0.425502637 -0.885505137 -0.186623036 -0.425502637 -0.885505137 -0.186623036 -0.425502637 -0.885505137 -0.0661628377 -0.150852019 -0.986339773 -0.0661628377 -0.150852019 -0.986339773 -0.0661628377 -0.150852019 -0.986339773 -0.158148215 -0.0632586425 0.985386973 -0.158148215 -0.0632586425 0.985386973 -0.158148215 -0.0632586425 0.985386973 -0.449615481 -0.179844363 0.874929668 -0.449615481 -0.179844363 0.874929668 -0.449615481 -0.179844363 0.874929668 -0.447442259 -0.175086597 0.877006333 -0.447442259 -0.175086597 0.877006333 -0.447442259 -0.175086597 0.877006333 -0.681501707 -0.266675336 0.681498121 -0.681501707 -0.266675336 0.681498121 -0.681501707 -0.266675336 0.681498121 -0.68205405 -0.267639722 0.680566861 -0.68205405 -0.267639722 0.680566861 -0.68205405 -0.267639722 0.680566861 -0.839753321 -0.329521312 0.431543816 -0.839753321 -0.329521312 0.431543816 -0.839753321 -0.329521312 0.431543816 -0.840701685 -0.331737366 0.427984809 -0.840701685 -0.331737366 0.427984809 -0.840701685 -0.331737366 0.427984809 -0.921491023 -0.3636165 0.136518629 -0.921491023 -0.3636165 0.136518629 -0.921491023 -0.3636165 0.136518629 -0.921647275 -0.359206751 0.146754251 -0.921647275 -0.359206751 0.146754251 -0.921647275 -0.359206751 0.146754251 -0.922766422 -0.359642932 -0.138416371 -0.922766422 -0.359642932 -0.138416371 -0.922766422 -0.359642932 -0.138416371 -0.919836752 -0.362963732 -0.148854557 -0.919836752 -0.362963732 -0.148854557 -0.919836752 -0.362963732 -0.148854557 -0.841374596 -0.332002894 -0.426453828 -0.841374596 -0.332002894 -0.426453828 -0.841374596 -0.332002894 -0.426453828 -0.843566007 -0.331017419 -0.422875702 -0.843566007 -0.331017419 -0.422875702 -0.843566007 -0.331017419 -0.422875702 -0.675835468 -0.265199535 -0.687688612 -0.675835468 -0.265199535 -0.687688612 -0.675835468 -0.265199535 -0.687688612 -0.676924547 -0.264884268 -0.686738292 -0.676924547 -0.264884268 -0.686738292 -0.676924547 -0.264884268 -0.686738292 -0.449928044 -0.176059298 -0.875538622 -0.449928044 -0.176059298 -0.875538622 -0.449928044 -0.176059298 -0.875538622 -0.444880462 -0.177950375 -0.877732897 -0.444880462 -0.177950375 -0.877732897 -0.444880462 -0.177950375 -0.877732897 -0.158148575 -0.0632587866 -0.985386906 -0.158148575 -0.0632587866 -0.985386906 -0.158148575 -0.0632587866 -0.985386906 -0.158148215 0.0632586425 0.985386973 -0.158148215 0.0632586425 0.985386973 -0.158148215 0.0632586425 0.985386973 -0.446765254 0.178704284 0.87662169 -0.446765254 0.178704284 0.87662169 -0.446765254 0.178704284 0.87662169 -0.449805524 0.177555078 0.875299483 -0.449805524 0.177555078 0.875299483 -0.449805524 0.177555078 0.875299483 -0.679067943 0.268053537 0.683384248 -0.679067943 0.268053537 0.683384248 -0.679067943 0.268053537 0.683384248 -0.681365718 0.267369412 0.681362133 -0.681365718 0.267369412 0.681362133 -0.681365718 0.267369412 0.681362133 -0.841464245 0.330192427 0.427680822 -0.841464245 0.330192427 0.427680822 -0.841464245 0.330192427 0.427680822 -0.839242757 0.331161461 0.431281441 -0.839242757 0.331161461 0.431281441 -0.839242757 0.331161461 0.431281441 -0.920087037 0.363062254 0.147056602 -0.920087037 0.363062254 0.147056602 -0.920087037 0.363062254 0.147056602 -0.922983446 0.359727403 0.136739731 -0.922983446 0.359727403 0.136739731 -0.922983446 0.359727403 0.136739731 -0.921397793 0.359109404 -0.148548114 -0.921397793 0.359109404 -0.148548114 -0.921397793 0.359109404 -0.148548114 -0.921275167 0.363531085 -0.138192681 -0.921275167 0.363531085 -0.138192681 -0.921275167 0.363531085 -0.138192681 -0.842804736 0.332567002 -0.423177701 -0.842804736 0.332567002 -0.423177701 -0.842804736 0.332567002 -0.423177701 -0.841889195 0.330359179 -0.426714655 -0.841889195 0.330359179 -0.426714655 -0.841889195 0.330359179 -0.426714655 -0.674369909 0.264624241 -0.689346964 -0.674369909 0.264624241 -0.689346964 -0.674369909 0.264624241 -0.689346964 -0.675551974 0.266665653 -0.687400146 -0.675551974 0.266665653 -0.687400146 -0.675551974 0.266665653 -0.687400146 -0.448299388 0.17696055 -0.876192115 -0.448299388 0.17696055 -0.876192115 -0.448299388 0.17696055 -0.876192115 -0.449615197 0.17984425 -0.874929837 -0.449615197 0.17984425 -0.874929837 -0.449615197 0.17984425 -0.874929837 -0.158148575 0.0632587866 -0.985386906 -0.158148575 0.0632587866 -0.985386906 -0.158148575 0.0632587866 -0.985386906 -0.0661629158 0.150851461 0.986339853 -0.0661629158 0.150851461 0.986339853 -0.0661629158 0.150851461 0.986339853 -0.186624037 0.42550284 0.885504829 -0.186624037 0.42550284 0.885504829 -0.186624037 0.42550284 0.885504829 -0.189666686 0.426750525 0.884257054 -0.189666686 0.426750525 0.884257054 -0.189666686 0.426750525 0.884257054 -0.292825209 0.658857466 0.692935954 -0.292825209 0.658857466 0.692935954 -0.292825209 0.658857466 0.692935954 -0.285864663 0.655291549 0.699195524 -0.285864663 0.655291549 0.699195524 -0.285864663 0.655291549 0.699195524 -0.358138944 0.820966891 0.444690747 -0.358138944 0.820966891 0.444690747 -0.358138944 0.820966891 0.444690747 -0.361844408 0.822374125 0.439055148 -0.361844408 0.822374125 0.439055148 -0.361844408 0.822374125 0.439055148 -0.398461919 0.905595787 0.145342247 -0.398461919 0.905595787 0.145342247 -0.398461919 0.905595787 0.145342247 -0.393869048 0.905900013 0.15560315 -0.393869048 0.905900013 0.15560315 -0.393869048 0.905900013 0.15560315 -0.394370617 0.907053623 -0.147395868 -0.394370617 0.907053623 -0.147395868 -0.394370617 0.907053623 -0.147395868 -0.397697463 0.903858386 -0.157723635 -0.397697463 0.903858386 -0.157723635 -0.397697463 0.903858386 -0.157723635 -0.361797444 0.822267388 -0.439293696 -0.361797444 0.822267388 -0.439293696 -0.361797444 0.822267388 -0.439293696 -0.360273797 0.825860645 -0.43377066 -0.360273797 0.825860645 -0.43377066 -0.360273797 0.825860645 -0.43377066 -0.285449002 0.654338725 -0.700256882 -0.285449002 0.654338725 -0.700256882 -0.285449002 0.654338725 -0.700256882 -0.287537242 0.646959526 -0.706233465 -0.287537242 0.646959526 -0.706233465 -0.287537242 0.646959526 -0.706233465 -0.189023701 0.425303808 -0.885091358 -0.189023701 0.425303808 -0.885091358 -0.189023701 0.425303808 -0.885091358 -0.187830798 0.428254256 -0.883921877 -0.187830798 0.428254256 -0.883921877 -0.187830798 0.428254256 -0.883921877 -0.0661630669 0.150851805 -0.98633979 -0.0661630669 0.150851805 -0.98633979 -0.0661630669 0.150851805 -0.98633979 0.0661634801 -0.150851455 0.986339816 0.0661634801 -0.150851455 0.986339816 0.0661634801 -0.150851455 0.986339816 0.187832103 -0.428253563 0.883921935 0.187832103 -0.428253563 0.883921935 0.187832103 -0.428253563 0.883921935 0.189024647 -0.425304014 0.885091057 0.189024647 -0.425304014 0.885091057 0.189024647 -0.425304014 0.885091057 0.290021389 -0.652545912 0.700051017 0.290021389 -0.652545912 0.700051017 0.290021389 -0.652545912 0.700051017 0.287872891 -0.659892877 0.69402492 0.287872891 -0.659892877 0.69402492 0.287872891 -0.659892877 0.69402492 0.35933003 -0.823694535 0.43864478 0.35933003 -0.823694535 0.43864478 0.35933003 -0.823694535 0.43864478 0.360824903 -0.820057067 0.444197925 0.360824903 -0.820057067 0.444197925 0.360824903 -0.820057067 0.444197925 0.397819051 -0.904134722 0.155821716 0.397819051 -0.904134722 0.155821716 0.397819051 -0.904134722 0.155821716 0.394476664 -0.907295123 0.14561498 0.394476664 -0.907295123 0.14561498 0.394476664 -0.907295123 0.14561498 0.39375018 -0.905624212 -0.157497879 0.39375018 -0.905624212 -0.157497879 0.39375018 -0.905624212 -0.157497879 0.398356091 -0.905355269 -0.147119886 0.398356091 -0.905355269 -0.147119886 0.398356091 -0.905355269 -0.147119886 0.362796774 -0.824538593 -0.434182691 0.362796774 -0.824538593 -0.434182691 0.362796774 -0.824538593 -0.434182691 0.359107422 -0.82318425 -0.439783527 0.359107422 -0.82318425 -0.439783527 0.359107422 -0.82318425 -0.439783527 0.283423731 -0.649694038 -0.705385459 0.283423731 -0.649694038 -0.705385459 0.283423731 -0.649694038 -0.705385459 0.29036933 -0.653328776 -0.69917606 0.29036933 -0.653328776 -0.69917606 0.29036933 -0.653328776 -0.69917606 0.189667192 -0.426749734 -0.884257327 0.189667192 -0.426749734 -0.884257327 0.189667192 -0.426749734 -0.884257327 0.186625459 -0.425502438 -0.885504722 0.186625459 -0.425502438 -0.885504722 0.186625459 -0.425502438 -0.885504722 0.0661636312 -0.1508518 -0.986339753 0.0661636312 -0.1508518 -0.986339753 0.0661636312 -0.1508518 -0.986339753 0.160093372 -0.0613698586 0.985192292 0.160093372 -0.0613698586 0.985192292 0.160093372 -0.0613698586 0.985192292 0.445455971 -0.170760161 0.87886856 0.445455971 -0.170760161 0.87886856 0.445455971 -0.170760161 0.87886856 0.448299672 -0.176960662 0.876191947 0.448299672 -0.176960662 0.876191947 0.448299672 -0.176960662 0.876191947 0.686537423 -0.27100202 0.674703099 0.686537423 -0.27100202 0.674703099 0.686537423 -0.27100202 0.674703099 0.682212278 -0.263386047 0.682066124 0.682212278 -0.263386047 0.682066124 0.682212278 -0.263386047 0.682066124 0.841217381 -0.324774161 0.432290483 0.841217381 -0.324774161 0.432290483 0.841217381 -0.324774161 0.432290483 0.842577477 -0.327920771 0.42723666 0.842577477 -0.327920771 0.42723666 0.842577477 -0.327920771 0.42723666 0.921658713 -0.358698213 0.147921632 0.921658713 -0.358698213 0.147921632 0.921658713 -0.358698213 0.147921632 0.921648102 -0.359206961 0.146748543 0.921648102 -0.359206961 0.146748543 0.921648102 -0.359206961 0.146748543 0.921235675 -0.359046219 -0.149701851 0.921235675 -0.359046219 -0.149701851 0.921235675 -0.359046219 -0.149701851 0.92157692 -0.358666381 -0.148507264 0.92157692 -0.358666381 -0.148507264 0.92157692 -0.358666381 -0.148507264 0.842641829 -0.327945816 -0.427090494 0.842641829 -0.327945816 -0.427090494 0.842641829 -0.327945816 -0.427090494 0.845753059 -0.326525279 -0.421998822 0.845753059 -0.326525279 -0.421998822 0.845753059 -0.326525279 -0.421998822 0.682143084 -0.263359332 -0.682145641 0.682143084 -0.263359332 -0.682145641 0.682143084 -0.263359332 -0.682145641 0.673524017 -0.265865142 -0.6896964 0.673524017 -0.265865142 -0.6896964 0.673524017 -0.265865142 -0.6896964 0.445064199 -0.1756835 -0.878096331 0.445064199 -0.1756835 -0.878096331 0.445064199 -0.1756835 -0.878096331 0.451653392 -0.173135868 -0.875233218 0.451653392 -0.173135868 -0.875233218 0.451653392 -0.173135868 -0.875233218 0.160093736 -0.0613699985 -0.985192224 0.160093736 -0.0613699985 -0.985192224 0.160093736 -0.0613699985 -0.985192224 0.160093372 0.0613698586 0.985192292 0.160093372 0.0613698586 0.985192292 0.160093372 0.0613698586 0.985192292 0.449810603 0.172429457 0.876321005 0.449810603 0.172429457 0.876321005 0.449810603 0.172429457 0.876321005 0.445183442 0.17420271 0.878330871 0.445183442 0.17420271 0.878330871 0.445183442 0.17420271 0.878330871 0.682448185 0.267045698 0.680405078 0.682448185 0.267045698 0.680405078 0.682448185 0.267045698 0.680405078 0.687634168 0.265479515 0.675780939 0.687634168 0.265479515 0.675780939 0.687634168 0.265479515 0.675780939 0.843654337 0.325715264 0.426798462 0.843654337 0.325715264 0.426798462 0.843654337 0.325715264 0.426798462 0.840500304 0.327112576 0.431921986 0.840500304 0.327112576 0.431921986 0.840500304 0.327112576 0.431921986 0.92182627 0.358763661 0.146713881 0.92182627 0.358763661 0.146713881 0.92182627 0.358763661 0.146713881 0.921489043 0.359145081 0.147894401 0.921489043 0.359145081 0.147894401 0.921489043 0.359145081 0.147894401 0.921398487 0.359109787 -0.14854289 0.921398487 0.359109787 -0.14854289 0.921398487 0.359109787 -0.14854289 0.921405088 0.358599743 -0.149729381 0.921405088 0.358599743 -0.149729381 0.921405088 0.358599743 -0.149729381 0.844677651 0.32873835 -0.422434331 0.844677651 0.32873835 -0.422434331 0.844677651 0.32873835 -0.422434331 0.843364278 0.325603279 -0.427456665 0.843364278 0.325603279 -0.427456665 0.843364278 0.325603279 -0.427456665 0.678801595 0.262069465 -0.685965007 0.678801595 0.262069465 -0.685965007 0.678801595 0.262069465 -0.685965007 0.681498855 0.26667422 -0.681501409 0.681498855 0.26667422 -0.681501409 0.681498855 0.26667422 -0.681501409 0.447441976 0.175086486 -0.8770065 0.447441976 0.175086486 -0.8770065 0.447441976 0.175086486 -0.8770065 0.445455687 0.170760052 -0.878868725 0.445455687 0.170760052 -0.878868725 0.445455687 0.170760052 -0.878868725 0.160093736 0.0613699985 -0.985192224 0.160093736 0.0613699985 -0.985192224 0.160093736 0.0613699985 -0.985192224 0.0661632509 0.150851669 0.986339799 0.0661632509 0.150851669 0.986339799 0.0661632509 0.150851669 0.986339799 0.1866247 0.425502785 0.885504715 0.1866247 0.425502785 0.885504715 0.1866247 0.425502785 0.885504715 0.18485693 0.42477591 0.886224205 0.18485693 0.42477591 0.886224205 0.18485693 0.42477591 0.886224205 0.287234122 0.660024678 0.694164233 0.287234122 0.660024678 0.694164233 0.287234122 0.660024678 0.694164233 0.288132184 0.660486635 0.693352182 0.288132184 0.660486635 0.693352182 0.288132184 0.660486635 0.693352182 0.358140371 0.820966701 0.444689948 0.358140371 0.820966701 0.444689948 0.358140371 0.820966701 0.444689948 0.361844019 0.822373239 0.439057129 0.361844019 0.822373239 0.439057129 0.361844019 0.822373239 0.439057129 0.39846188 0.905595698 0.145342915 0.39846188 0.905595698 0.145342915 0.39846188 0.905595698 0.145342915 0.393870028 0.905899862 0.155601549 0.393870028 0.905899862 0.155601549 0.393870028 0.905899862 0.155601549 0.394371461 0.907053156 -0.147396484 0.394371461 0.907053156 -0.147396484 0.394371461 0.907053156 -0.147396484 0.397697572 0.903858634 -0.157721941 0.397697572 0.903858634 -0.157721941 0.397697572 0.903858634 -0.157721941 0.361797554 0.822267637 -0.439293141 0.361797554 0.822267637 -0.439293141 0.361797554 0.822267637 -0.439293141 0.360274658 0.825859136 -0.433772818 0.360274658 0.825859136 -0.433772818 0.360274658 0.825859136 -0.433772818 0.285449968 0.654338179 -0.700256998 0.285449968 0.654338179 -0.700256998 0.285449968 0.654338179 -0.700256998 0.285175884 0.655295128 -0.69947338 0.285175884 0.655295128 -0.69947338 0.285175884 0.655295128 -0.69947338 0.185223121 0.425617366 -0.885743898 0.185223121 0.425617366 -0.885743898 0.185223121 0.425617366 -0.885743898 0.185926706 0.423911365 -0.886414358 0.185926706 0.423911365 -0.886414358 0.185926706 0.423911365 -0.886414358 0.066163402 0.150852014 -0.986339736 0.066163402 0.150852014 -0.986339736 0.066163402 0.150852014 -0.986339736 -0.0661626866 0.150851675 0.986339835 -0.0661626866 0.150851675 0.986339835 -0.0661626866 0.150851675 0.986339835 -0.185925651 0.42391259 0.886413994 -0.185925651 0.42391259 0.886413994 -0.185925651 0.42391259 0.886413994 -0.185222432 0.425617708 0.885743878 -0.185222432 0.425617708 0.885743878 -0.185222432 0.425617708 0.885743878 -0.287590097 0.660845647 0.693235145 -0.287590097 0.660845647 0.693235145 -0.287590097 0.660845647 0.693235145 -0.287872135 0.659892687 0.694025414 -0.287872135 0.659892687 0.694025414 -0.287872135 0.659892687 0.694025414 -0.35932973 0.823695774 0.438642699 -0.35932973 0.823695774 0.438642699 -0.35932973 0.823695774 0.438642699 -0.360825015 0.82005732 0.444197367 -0.360825015 0.82005732 0.444197367 -0.360825015 0.82005732 0.444197367 -0.39781886 0.904134288 0.15582472 -0.39781886 0.904134288 0.15582472 -0.39781886 0.904134288 0.15582472 -0.39447574 0.907295407 0.145615709 -0.39447574 0.907295407 0.145615709 -0.39447574 0.907295407 0.145615709 -0.393749112 0.90562416 -0.157500847 -0.393749112 0.90562416 -0.157500847 -0.393749112 0.90562416 -0.157500847 -0.398356051 0.905355177 -0.147120562 -0.398356051 0.905355177 -0.147120562 -0.398356051 0.905355177 -0.147120562 -0.362797156 0.824539462 -0.434180722 -0.362797156 0.824539462 -0.434180722 -0.362797156 0.824539462 -0.434180722 -0.3591068 0.823184747 -0.439783104 -0.3591068 0.823184747 -0.439783104 -0.3591068 0.823184747 -0.439783104 -0.285710887 0.654938432 -0.699589122 -0.285710887 0.654938432 -0.699589122 -0.285710887 0.654938432 -0.699589122 -0.284814327 0.65446728 -0.700395159 -0.284814327 0.65446728 -0.700395159 -0.284814327 0.65446728 -0.700395159 -0.184856192 0.424776134 -0.886224252 -0.184856192 0.424776134 -0.886224252 -0.184856192 0.424776134 -0.886224252 -0.186623036 0.425502637 -0.885505137 -0.186623036 0.425502637 -0.885505137 -0.186623036 0.425502637 -0.885505137 -0.0661628377 0.150852019 -0.986339773 -0.0661628377 0.150852019 -0.986339773 -0.0661628377 0.150852019 -0.986339773 -0.158148215 0.0632586425 0.985386973 -0.158148215 0.0632586425 0.985386973 -0.158148215 0.0632586425 0.985386973 -0.449615481 0.179844363 0.874929668 -0.449615481 0.179844363 0.874929668 -0.449615481 0.179844363 0.874929668 -0.447442259 0.175086597 0.877006333 -0.447442259 0.175086597 0.877006333 -0.447442259 0.175086597 0.877006333 -0.681501707 0.266675336 0.681498121 -0.681501707 0.266675336 0.681498121 -0.681501707 0.266675336 0.681498121 -0.68205405 0.267639722 0.680566861 -0.68205405 0.267639722 0.680566861 -0.68205405 0.267639722 0.680566861 -0.839753321 0.329521312 0.431543816 -0.839753321 0.329521312 0.431543816 -0.839753321 0.329521312 0.431543816 -0.840701685 0.331737366 0.427984809 -0.840701685 0.331737366 0.427984809 -0.840701685 0.331737366 0.427984809 -0.921491023 0.3636165 0.136518629 -0.921491023 0.3636165 0.136518629 -0.921491023 0.3636165 0.136518629 -0.921647275 0.359206751 0.146754251 -0.921647275 0.359206751 0.146754251 -0.921647275 0.359206751 0.146754251 -0.922766422 0.359642932 -0.138416371 -0.922766422 0.359642932 -0.138416371 -0.922766422 0.359642932 -0.138416371 -0.919836752 0.362963732 -0.148854557 -0.919836752 0.362963732 -0.148854557 -0.919836752 0.362963732 -0.148854557 -0.841374596 0.332002894 -0.426453828 -0.841374596 0.332002894 -0.426453828 -0.841374596 0.332002894 -0.426453828 -0.843566007 0.331017419 -0.422875702 -0.843566007 0.331017419 -0.422875702 -0.843566007 0.331017419 -0.422875702 -0.675835468 0.265199535 -0.687688612 -0.675835468 0.265199535 -0.687688612 -0.675835468 0.265199535 -0.687688612 -0.676924547 0.264884268 -0.686738292 -0.676924547 0.264884268 -0.686738292 -0.676924547 0.264884268 -0.686738292 -0.449928044 0.176059298 -0.875538622 -0.449928044 0.176059298 -0.875538622 -0.449928044 0.176059298 -0.875538622 -0.444880462 0.177950375 -0.877732897 -0.444880462 0.177950375 -0.877732897 -0.444880462 0.177950375 -0.877732897 -0.158148575 0.0632587866 -0.985386906 -0.158148575 0.0632587866 -0.985386906 -0.158148575 0.0632587866 -0.985386906 -0.158148215 -0.0632586425 0.985386973 -0.158148215 -0.0632586425 0.985386973 -0.158148215 -0.0632586425 0.985386973 -0.446765254 -0.178704284 0.87662169 -0.446765254 -0.178704284 0.87662169 -0.446765254 -0.178704284 0.87662169 -0.449805524 -0.177555078 0.875299483 -0.449805524 -0.177555078 0.875299483 -0.449805524 -0.177555078 0.875299483 -0.679067943 -0.268053537 0.683384248 -0.679067943 -0.268053537 0.683384248 -0.679067943 -0.268053537 0.683384248 -0.681365718 -0.267369412 0.681362133 -0.681365718 -0.267369412 0.681362133 -0.681365718 -0.267369412 0.681362133 -0.841464245 -0.330192427 0.427680822 -0.841464245 -0.330192427 0.427680822 -0.841464245 -0.330192427 0.427680822 -0.839242757 -0.331161461 0.431281441 -0.839242757 -0.331161461 0.431281441 -0.839242757 -0.331161461 0.431281441 -0.920087037 -0.363062254 0.147056602 -0.920087037 -0.363062254 0.147056602 -0.920087037 -0.363062254 0.147056602 -0.922983446 -0.359727403 0.136739731 -0.922983446 -0.359727403 0.136739731 -0.922983446 -0.359727403 0.136739731 -0.921397793 -0.359109404 -0.148548114 -0.921397793 -0.359109404 -0.148548114 -0.921397793 -0.359109404 -0.148548114 -0.921275167 -0.363531085 -0.138192681 -0.921275167 -0.363531085 -0.138192681 -0.921275167 -0.363531085 -0.138192681 -0.842804736 -0.332567002 -0.423177701 -0.842804736 -0.332567002 -0.423177701 -0.842804736 -0.332567002 -0.423177701 -0.841889195 -0.330359179 -0.426714655 -0.841889195 -0.330359179 -0.426714655 -0.841889195 -0.330359179 -0.426714655 -0.674369909 -0.264624241 -0.689346964 -0.674369909 -0.264624241 -0.689346964 -0.674369909 -0.264624241 -0.689346964 -0.675551974 -0.266665653 -0.687400146 -0.675551974 -0.266665653 -0.687400146 -0.675551974 -0.266665653 -0.687400146 -0.448299388 -0.17696055 -0.876192115 -0.448299388 -0.17696055 -0.876192115 -0.448299388 -0.17696055 -0.876192115 -0.449615197 -0.17984425 -0.874929837 -0.449615197 -0.17984425 -0.874929837 -0.449615197 -0.17984425 -0.874929837 -0.158148575 -0.0632587866 -0.985386906 -0.158148575 -0.0632587866 -0.985386906 -0.158148575 -0.0632587866 -0.985386906 -0.0661629158 -0.150851461 0.986339853 -0.0661629158 -0.150851461 0.986339853 -0.0661629158 -0.150851461 0.986339853 -0.186624037 -0.42550284 0.885504829 -0.186624037 -0.42550284 0.885504829 -0.186624037 -0.42550284 0.885504829 -0.189666686 -0.426750525 0.884257054 -0.189666686 -0.426750525 0.884257054 -0.189666686 -0.426750525 0.884257054 -0.292825209 -0.658857466 0.692935954 -0.292825209 -0.658857466 0.692935954 -0.292825209 -0.658857466 0.692935954 -0.285864663 -0.655291549 0.699195524 -0.285864663 -0.655291549 0.699195524 -0.285864663 -0.655291549 0.699195524 -0.358138944 -0.820966891 0.444690747 -0.358138944 -0.820966891 0.444690747 -0.358138944 -0.820966891 0.444690747 -0.361844408 -0.822374125 0.439055148 -0.361844408 -0.822374125 0.439055148 -0.361844408 -0.822374125 0.439055148 -0.398461919 -0.905595787 0.145342247 -0.398461919 -0.905595787 0.145342247 -0.398461919 -0.905595787 0.145342247 -0.393869048 -0.905900013 0.15560315 -0.393869048 -0.905900013 0.15560315 -0.393869048 -0.905900013 0.15560315 -0.394370617 -0.907053623 -0.147395868 -0.394370617 -0.907053623 -0.147395868 -0.394370617 -0.907053623 -0.147395868 -0.397697463 -0.903858386 -0.157723635 -0.397697463 -0.903858386 -0.157723635 -0.397697463 -0.903858386 -0.157723635 -0.361797444 -0.822267388 -0.439293696 -0.361797444 -0.822267388 -0.439293696 -0.361797444 -0.822267388 -0.439293696 -0.360273797 -0.825860645 -0.43377066 -0.360273797 -0.825860645 -0.43377066 -0.360273797 -0.825860645 -0.43377066 -0.285449002 -0.654338725 -0.700256882 -0.285449002 -0.654338725 -0.700256882 -0.285449002 -0.654338725 -0.700256882 -0.287537242 -0.646959526 -0.706233465 -0.287537242 -0.646959526 -0.706233465 -0.287537242 -0.646959526 -0.706233465 -0.189023701 -0.425303808 -0.885091358 -0.189023701 -0.425303808 -0.885091358 -0.189023701 -0.425303808 -0.885091358 -0.187830798 -0.428254256 -0.883921877 -0.187830798 -0.428254256 -0.883921877 -0.187830798 -0.428254256 -0.883921877 -0.0661630669 -0.150851805 -0.98633979 -0.0661630669 -0.150851805 -0.98633979 -0.0661630669 -0.150851805 -0.98633979</float_array><technique_common><accessor source="#part3-normals-array" count="1620" stride="3"><param name="X" type="float" /><param name="Y" type="float" /><param name="Z" type="float" /></accessor></technique_common></source><vertices id="part3-vertices"><input semantic="POSITION" source="#part3-positions" /></vertices><triangles count="540" material="material"><input semantic="VERTEX" source="#part3-vertices" offset="0" /><input semantic="NORMAL" source="#part3-normals" offset="0" /><p>0 1 2 3 4 5 6 7 8 9 10 11 12 13 14 15 16 17 18 19 20 21 22 23 24 25 26 27 28 29 30 31 32 33 34 35 36 37 38 39 40 41 42 43 44 45 46 47 48 49 50 51 52 53 54 55 56 57 58 59 60 61 62 63 64 65 66 67 68 69 70 71 72 73 74 75 76 77 78 79 80 81 82 83 84 85 86 87 88 89 90 91 92 93 94 95 96 97 98 99 100 101 102 103 104 105 106 107 108 109 110 111 112 113 114 115 116 117 118 119 120 121 122 123 124 125 126 127 128 129 130 131 132 133 134 135 136 137 138 139 140 141 142 143 144 145 146 147 148 149 150 151 152 153 154 155 156 157 158 159 160 161 162 163 164 165 166 167 168 169 170 171 172 173 174 175 176 177 178 179 180 181 182 183 184 185 186 187 188 189 190 191 192 193 194 195 196 197 198 199 200 201 202 203 204 205 206 207 208 209 210 211 212 213 214 215 216 217 218 219 220 221 222 223 224 225 226 227 228 229 230 231 232 233 234 235 236 237 238 239 240 241 242 243 244 245 246 247 248 249 250 251 252 253 254 255 256 257 258 259 260 261 262 263 264 265 266 267 268 269 270 271 272 273 274 275 276 277 278 279 280 281 282 283 284 285 286 287 288 289 290 291 292 293 294 295 296 297 298 299 300 301 302 303 304 305 306 307 308 309 310 311 312 313 314 315 316 317 318 319 320 321 322 323 324 325 326 327 328 329 330 331 332 333 334 335 336 337 338 339 340 341 342 343 344 345 346 347 348 349 350 351 352 353 354 355 356 357 358 359 360 361 362 363 364 365 366 367 368 369 370 371 372 373 374 375 376 377 378 379 380 381 382 383 384 385 386 387 388 389 390 391 392 393 394 395 396 397 398 399 400 401 402 403 404 405 406 407 408 409 410 411 412 413 414 415 416 417 418 419 420 421 422 423 424 425 426 427 428 429 430 431 432 433 434 435 436 437 438 439 440 441 442 443 444 445 446 447 448 449 450 451 452 453 454 455 456 457 458 459 460 461 462 463 464 465 466 467 468 469 470 471 472 473 474 475 476 477 478 479 480 481 482 483 484 485 486 487 488 489 490 491 492 493 494 495 496 497 498 499 500 501 502 503 504 505 506 507 508 509 510 511 512 513 514 515 516 517 518 519 520 521 522 523 524 525 526 527 528 529 530 531 532 533 534 535 536 537 538 539 540 541 542 543 544 545 546 547 548 549 550 551 552 553 554 555 556 557 558 559 560 561 562 563 564 565 566 567 568 569 570 571 572 573 574 575 576 577 578 579 580 581 582 583 584 585 586 587 588 589 590 591 592 593 594 595 596 597 598 599 600 601 602 603 604 605 606 607 608 609 610 611 612 613 614 615 616 617 618 619 620 621 622 623 624 625 626 627 628 629 630 631 632 633 634 635 636 637 638 639 640 641 642 643 644 645 646 647 648 649 650 651 652 653 654 655 656 657 658 659 660 661 662 663 664 665 666 667 668 669 670 671 672 673 674 675 676 677 678 679 680 681 682 683 684 685 686 687 688 689 690 691 692 693 694 695 696 697 698 699 700 701 702 703 704 705 706 707 708 709 710 711 712 713 714 715 716 717 718 719 720 721 722 723 724 725 726 727 728 729 730 731 732 733 734 735 736 737 738 739 740 741 742 743 744 745 746 747 748 749 750 751 752 753 754 755 756 757 758 759 760 761 762 763 764 765 766 767 768 769 770 771 772 773 774 775 776 777 778 779 780 781 782 783 784 785 786 787 788 789 790 791 792 793 794 795 796 797 798 799 800 801 802 803 804 805 806 807 808 809 810 811 812 813 814 815 816 817 818 819 820 821 822 823 824 825 826 827 828 829 830 831 832 833 834 835 836 837 838 839 840 841 842 843 844 845 846 847 848 849 850 851 852 853 854 855 856 857 858 859 860 861 862 863 864 865 866 867 868 869 870 871 872 873 874 875 876 877 878 879 880 881 882 883 884 885 886 887 888 889 890 891 892 893 894 895 896 897 898 899 900 901 902 903 904 905 906 907 908 909 910 911 912 913 914 915 916 917 918 919 920 921 922 923 924 925 926 927 928 929 930 931 932 933 934 935 936 937 938 939 940 941 942 943 944 945 946 947 948 949 950 951 952 953 954 955 956 957 958 959 960 961 962 963 964 965 966 967 968 969 970 971 972 973 974 975 976 977 978 979 980 981 982 983 984 985 986 987 988 989 990 991 992 993 994 995 996 997 998 999 1000 1001 1002 1003 1004 1005 1006 1007 1008 1009 1010 1011 1012 1013 1014 1015 1016 1017 1018 1019 1020 1021 1022 1023 1024 1025 1026 1027 1028 1029 1030 1031 1032 1033 1034 1035 1036 1037 1038 1039 1040 1041 1042 1043 1044 1045 1046 1047 1048 1049 1050 1051 1052 1053 1054 1055 1056 1057 1058 1059 1060 1061 1062 1063 1064 1065 1066 1067 1068 1069 1070 1071 1072 1073 1074 1075 1076 1077 1078 1079 1080 1081 1082 1083 1084 1085 1086 1087 1088 1089 1090 1091 1092 1093 1094 1095 1096 1097 1098 1099 1100 1101 1102 1103 1104 1105 1106 1107 1108 1109 1110 1111 1112 1113 1114 1115 1116 1117 1118 1119 1120 1121 1122 1123 1124 1125 1126 1127 1128 1129 1130 1131 1132 1133 1134 1135 1136 1137 1138 1139 1140 1141 1142 1143 1144 1145 1146 1147 1148 1149 1150 1151 1152 1153 1154 1155 1156 1157 1158 1159 1160 1161 1162 1163 1164 1165 1166 1167 1168 1169 1170 1171 1172 1173 1174 1175 1176 1177 1178 1179 1180 1181 1182 1183 1184 1185 1186 1187 1188 1189 1190 1191 1192 1193 1194 1195 1196 1197 1198 1199 1200 1201 1202 1203 1204 1205 1206 1207 1208 1209 1210 1211 1212 1213 1214 1215 1216 1217 1218 1219 1220 1221 1222 1223 1224 1225 1226 1227 1228 1229 1230 1231 1232 1233 1234 1235 1236 1237 1238 1239 1240 1241 1242 1243 1244 1245 1246 1247 1248 1249 1250 1251 1252 1253 1254 1255 1256 1257 1258 1259 1260 1261 1262 1263 1264 1265 1266 1267 1268 1269 1270 1271 1272 1273 1274 1275 1276 1277 1278 1279 1280 1281 1282 1283 1284 1285 1286 1287 1288 1289 1290 1291 1292 1293 1294 1295 1296 1297 1298 1299 1300 1301 1302 1303 1304 1305 1306 1307 1308 1309 1310 1311 1312 1313 1314 1315 1316 1317 1318 1319 1320 1321 1322 1323 1324 1325 1326 1327 1328 1329 1330 1331 1332 1333 1334 1335 1336 1337 1338 1339 1340 1341 1342 1343 1344 1345 1346 1347 1348 1349 1350 1351 1352 1353 1354 1355 1356 1357 1358 1359 1360 1361 1362 1363 1364 1365 1366 1367 1368 1369 1370 1371 1372 1373 1374 1375 1376 1377 1378 1379 1380 1381 1382 1383 1384 1385 1386 1387 1388 1389 1390 1391 1392 1393 1394 1395 1396 1397 1398 1399 1400 1401 1402 1403 1404 1405 1406 1407 1408 1409 1410 1411 1412 1413 1414 1415 1416 1417 1418 1419 1420 1421 1422 1423 1424 1425 1426 1427 1428 1429 1430 1431 1432 1433 1434 1435 1436 1437 1438 1439 1440 1441 1442 1443 1444 1445 1446 1447 1448 1449 1450 1451 1452 1453 1454 1455 1456 1457 1458 1459 1460 1461 1462 1463 1464 1465 1466 1467 1468 1469 1470 1471 1472 1473 1474 1475 1476 1477 1478 1479 1480 1481 1482 1483 1484 1485 1486 1487 1488 1489 1490 1491 1492 1493 1494 1495 1496 1497 1498 1499 1500 1501 1502 1503 1504 1505 1506 1507 1508 1509 1510 1511 1512 1513 1514 1515 1516 1517 1518 1519 1520 1521 1522 1523 1524 1525 1526 1527 1528 1529 1530 1531 1532 1533 1534 1535 1536 1537 1538 1539 1540 1541 1542 1543 1544 1545 1546 1547 1548 1549 1550 1551 1552 1553 1554 1555 1556 1557 1558 1559 1560 1561 1562 1563 1564 1565 1566 1567 1568 1569 1570 1571 1572 1573 1574 1575 1576 1577 1578 1579 1580 1581 1582 1583 1584 1585 1586 1587 1588 1589 1590 1591 1592 1593 1594 1595 1596 1597 1598 1599 1600 1601 1602 1603 1604 1605 1606 1607 1608 1609 1610 1611 1612 1613 1614 1615 1616 1617 1618 1619</p></triangles></mesh></geometry></library_geometries><library_visual_scenes><visual_scene id="scene"><node id="part0-node"><instance_geometry url="#part0"><bind_material><technique_common><instance_material symbol="material" target="#part0-material" /></technique_common></bind_material></instance_geometry></node><node id="part1-node"><instance_geometry url="#part1"><bind_material><technique_common><instance_material symbol="material" target="#part1-material" /></technique_common></bind_material></instance_geometry></node><node id="part2-node"><instance_geometry url="#part2"><bind_material><technique_common><instance_material symbol="material" target="#part2-material" /></technique_common></bind_material></instance_geometry></node><node id="part3-node"><instance_geometry url="#part3"><bind_material><technique_common><instance_material symbol="material" target="#part3-material" /></technique_common></bind_material></instance_geometry></node></visual_scene></library_visual_scenes><scene><instance_visual_scene url="#scene" /></scene></COLLADA>