<?xml version='1.0' encoding='utf-8'?>
<COLLADA xmlns="http://www.collada.org/2005/11/COLLADASchema" version="1.4.1"><asset><created>2026-10-07T00:00:00Z</created><modified>2026-10-07T00:00:00Z</modified><unit name="meter" meter="1" /><up_axis>Z_UP</up_axis></asset><library_effects><effect id="part0-effect"><profile_COMMON><technique sid="common"><phong><diffuse><color>0.2196078431372549 0.3215686274509804 0.4 1.0</color></diffuse><specular><color>0.04 0.04 0.04 1</color></specular><shininess><float>2.733727810650887</float></shininess></phong></technique></profile_COMMON></effect><effect id="part1-effect"><profile_COMMON><technique sid="common"><phong><diffuse><color>0.5803921568627451 0.6196078431372549 0.6980392156862745 1.0</color></diffuse><specular><color>0.04 0.04 0.04 1</color></specular><shininess><float>14.326530612244902</float></shininess></phong></technique></profile_COMMON></effect></library_effects><library_materials><material id="part0-material" name="blue"><instance_effect url="#part0-effect" /></material><material id="part1-material" name="jelly"><instance_effect url="#part1-effect" /></material></library_materials><library_geometries><geometry id="part0"><mesh><source id="part0-positions"><float_array id="part0-positions-array" count="10044">0.00672587585 0.0100787205 0.239201437 0.252553703 0.0100787205 0.158363733 2.30374866e-05 0.0100787205 0.400815666 0.00672587585 -0.0100787205 0.239201437 2.30374866e-05 -0.0100787205 0.400815666 0.252553703 -0.0100787205 0.158363733 0.00672587585 0.0100787205 0.239201437 2.30374866e-05 0.0100787205 0.400815666 -0.232350187 0.0100787205 0.158363733 0.00672587585 -0.0100787205 0.239201437 -0.232350187 -0.0100787205 0.158363733 2.30374866e-05 -0.0100787205 0.400815666 0.00672587585 0.0100787205 0.239201437 -0.232350187 0.0100787205 0.158363733 0.252553703 0.0100787205 0.158363733 0.00672587585 -0.0100787205 0.239201437 0.252553703 -0.0100787205 0.158363733 -0.232350187 -0.0100787205 0.158363733 0.252553703 -0.0100787205 0.158363733 2.30374866e-05 0.0100787205 0.400815666 0.252553703 0.0100787205 0.158363733 0.252553703 -0.0100787205 0.158363733 2.30374866e-05 -0.0100787205 0.400815666 2.30374866e-05 0.0100787205 0.400815666 2.30374866e-05 -0.0100787205 0.400815666 -0.232350187 0.0100787205 0.158363733 2.30374866e-05 0.0100787205 0.400815666 2.30374866e-05 -0.0100787205 0.400815666 -0.232350187 -0.0100787205 0.158363733 -0.232350187 0.0100787205 0.158363733 -0.232350187 -0.0100787205 0.158363733 0.252553703 0.0100787205 0.158363733 -0.232350187 0.0100787205 0.158363733 -0.232350187 -0.0100787205 0.158363733 0.252553703 -0.0100787205 0.158363733 0.252553703 0.0100787205 0.158363733 0.0999785015 0.0979005793 0.0598148824 0.108100192 0.103050021 0.0574175124 0.0999785015 0.107649051 0.0582003256 0.0999785015 0.107649051 0.0582003256 0.108100192 0.103050021 0.0574175124 0.110607642 0.105007054 0.054530893 0.0999785015 0.107649051 0.0582003256 0.110607642 0.105007054 0.054530893 0.0999785015 0.111024938 0.0555583339 0.0999785015 0.111024938 0.0555583339 0.110607642 0.105007054 0.054530893 0.11187971 0.106230198 0.0514974887 0.0999785015 0.111024938 0.0555583339 0.11187971 0.106230198 0.0514974887 0.0999785015 0.112981971 0.0526717086 0.0999785015 0.112981971 0.0526717086 0.11187971 0.106230198 0.0514974887 0.112271117 0.106964087 0.0484151631 0.0999785015 0.112981971 0.0526717086 0.112271117 0.106964087 0.0484151631 0.0999785015 0.113960482 0.049589383 0.0999785015 0.113960482 0.049589383 0.112271117 0.106964087 0.0484151631 0.111537228 0.11136742 0.0266920957 0.0999785015 0.113960482 0.049589383 0.111537228 0.11136742 0.0266920957 0.0994892462 0.118070257 0.0286002015 0.0994892462 0.118070257 0.0286002015 0.111537228 0.11136742 0.0266920957 0.110155074 0.118168106 -0.00388654795 0.0994892462 0.118070257 0.0286002015 0.110155074 0.118168106 -0.00388654795 0.098412875 0.12472417 -0.00202736651 0.098412875 0.12472417 -0.00202736651 0.110155074 0.118168106 -0.00388654795 0.108931929 0.125506983 -0.0397002537 0.098412875 0.12472417 -0.00202736651 0.108931929 0.125506983 -0.0397002537 0.0975322131 0.131916262 -0.0382814062 0.0975322131 0.131916262 -0.0382814062 0.108931929 0.125506983 -0.0397002537 0.108540523 0.13157378 -0.0771774405 0.0975322131 0.131916262 -0.0382814062 0.108540523 0.13157378 -0.0771774405 0.0974832888 0.13788521 -0.0764924759 0.0974832888 0.13788521 -0.0764924759 0.108540523 0.13157378 -0.0771774405 0.109616894 0.134607184 -0.112709819 0.0974832888 0.13788521 -0.0764924759 0.109616894 0.134607184 -0.112709819 0.0989999849 0.140771841 -0.113296935 0.0989999849 0.140771841 -0.113296935 0.109616894 0.134607184 -0.112709819 0.112858233 0.132747999 -0.144854086 0.0989999849 0.140771841 -0.113296935 0.112858233 0.132747999 -0.144854086 0.102767278 0.138374477 -0.147251451 0.102767278 0.138374477 -0.147251451 0.112858233 0.132747999 -0.144854086 0.118142216 0.12570268 -0.177047278 0.102767278 0.138374477 -0.147251451 0.118142216 0.12570268 -0.177047278 0.108540523 0.130693118 -0.18037424 0.108540523 0.130693118 -0.18037424 0.118142216 0.12570268 -0.177047278 0.124747204 0.1160643 -0.208714533 0.108540523 0.130693118 -0.18037424 0.124747204 0.1160643 -0.208714533 0.115647003 0.12056547 -0.212335029 0.115647003 0.12056547 -0.212335029 0.124747204 0.1160643 -0.208714533 0.131939296 0.106425907 -0.238950679 0.115647003 0.12056547 -0.212335029 0.131939296 0.106425907 -0.238950679 0.123377275 0.11073138 -0.242424426 0.123377275 0.11073138 -0.242424426 0.131939296 0.106425907 -0.238950679 0.13903354 0.0993683571 -0.267034107 0.123377275 0.11073138 -0.242424426 0.13903354 0.0993683571 -0.267034107 0.13100971 0.103832834 -0.269871814 0.13100971 0.103832834 -0.269871814 0.13903354 0.0993683571 -0.267034107 0.145393906 0.097411324 -0.292279828 0.13100971 0.103832834 -0.269871814 0.145393906 0.097411324 -0.292279828 0.138006105 0.101973661 -0.293943327 0.138006105 0.101973661 -0.293943327 0.145393906 0.097411324 -0.292279828 0.151998895 0.10089729 -0.317146386 0.138006105 0.101973661 -0.293943327 0.151998895 0.10089729 -0.317146386 0.145491755 0.105202763 -0.318075972 0.145491755 0.105202763 -0.318075972 0.151998895 0.10089729 -0.317146386 0.158848505 0.107991534 -0.341364672 0.145491755 0.105202763 -0.318075972 0.158848505 0.107991534 -0.341364672 0.153270963 0.111758827 -0.341805015 0.153270963 0.111758827 -0.341805015 0.158848505 0.107991534 -0.341364672 0.16530672 0.116602479 -0.363381291 0.153270963 0.111758827 -0.341805015 0.16530672 0.116602479 -0.363381291 0.160658765 0.119782657 -0.363576988 0.160658765 0.119782657 -0.363576988 0.16530672 0.116602479 -0.363381291 0.170835337 0.124675245 -0.381875263 0.160658765 0.119782657 -0.363576988 0.170835337 0.124675245 -0.381875263 0.166921271 0.127317231 -0.382022036 0.166921271 0.127317231 -0.382022036 0.170835337 0.124675245 -0.381875263 0.174798327 0.130203862 -0.395623407 0.166921271 0.127317231 -0.382022036 0.174798327 0.130203862 -0.395623407 0.171422441 0.132405517 -0.395965901 0.171422441 0.132405517 -0.395965901 0.174798327 0.130203862 -0.395623407 0.1749451 0.13039956 -0.396504093 0.171422441 0.132405517 -0.395965901 0.1749451 0.13039956 -0.396504093 0.171715999 0.132552302 -0.396846563 0.171715999 0.132552302 -0.396846563 0.1749451 0.13039956 -0.396504093 0.174847252 0.130497408 -0.397482603 0.171715999 0.132552302 -0.396846563 0.174847252 0.130497408 -0.397482603 0.171960632 0.132454442 -0.397776149 0.171960632 0.132454442 -0.397776149 0.174847252 0.130497408 -0.397482603 0.174455845 0.130448484 -0.398656811 0.171960632 0.132454442 -0.397776149 0.174455845 0.130448484 -0.398656811 0.172205254 0.131916262 -0.398901457 0.172205254 0.131916262 -0.398901457 0.174455845 0.130448484 -0.398656811 0.172498812 0.129665671 -0.400516008 0.0999785015 0.0979005793 0.0598148824 0.108100192 0.0937908098 0.0559008162 0.108100192 0.103050021 0.0574175124 0.108100192 0.103050021 0.0574175124 0.108100192 0.0937908098 0.0559008162 0.110607642 0.0929101478 0.0525249296 0.108100192 0.103050021 0.0574175124 0.110607642 0.0929101478 0.0525249296 0.110607642 0.105007054 0.054530893 0.110607642 0.105007054 0.054530893 0.110607642 0.0929101478 0.0525249296 0.11187971 0.0927144445 0.0492469007 0.110607642 0.105007054 0.054530893 0.11187971 0.0927144445 0.0492469007 0.11187971 0.106230198 0.0514974887 0.11187971 0.106230198 0.0514974887 0.11187971 0.0927144445 0.0492469007 0.112271117 0.0930079965 0.0460667234 0.11187971 0.106230198 0.0514974887 0.112271117 0.0930079965 0.0460667234 0.112271117 0.106964087 0.0484151631 0.112271117 0.106964087 0.0484151631 0.112271117 0.0930079965 0.0460667234 0.111537228 0.0978027306 0.0236097671 0.112271117 0.106964087 0.0484151631 0.111537228 0.0978027306 0.0236097671 0.111537228 0.11136742 0.0266920957 0.111537228 0.11136742 0.0266920957 0.111537228 0.0978027306 0.0236097671 0.110155074 0.104909205 -0.00687102343 0.111537228 0.11136742 0.0266920957 0.110155074 0.104909205 -0.00687102343 0.110155074 0.118168106 -0.00388654795 0.110155074 0.118168106 -0.00388654795 0.110155074 0.104909205 -0.00687102343 0.108931929 0.11254164 -0.0422443967 0.110155074 0.118168106 -0.00388654795 0.108931929 0.11254164 -0.0422443967 0.108931929 0.125506983 -0.0397002537 0.108931929 0.125506983 -0.0397002537 0.108931929 0.11254164 -0.0422443967 0.108540523 0.118950919 -0.07888984 0.108931929 0.125506983 -0.0397002537 0.108540523 0.118950919 -0.07888984 0.108540523 0.13157378 -0.0771774405 0.108540523 0.13157378 -0.0771774405 0.108540523 0.118950919 -0.07888984 0.109616894 0.122326806 -0.113101226 0.108540523 0.13157378 -0.0771774405 0.109616894 0.122326806 -0.113101226 0.109616894 0.134607184 -0.112709819 0.109616894 0.134607184 -0.112709819 0.109616894 0.122326806 -0.113101226 0.112858233 0.12110365 -0.143141687 0.109616894 0.134607184 -0.112709819 0.112858233 0.12110365 -0.143141687 0.112858233 0.132747999 -0.144854086 0.112858233 0.132747999 -0.144854086 0.112858233 0.12110365 -0.143141687 0.118142216 0.114792219 -0.174111734 0.112858233 0.132747999 -0.144854086 0.118142216 0.114792219 -0.174111734 0.118142216 0.12570268 -0.177047278 0.118142216 0.12570268 -0.177047278 0.118142216 0.114792219 -0.174111734 0.124747204 0.105740943 -0.205436483 0.118142216 0.12570268 -0.177047278 0.124747204 0.105740943 -0.205436483 0.124747204 0.1160643 -0.208714533 0.124747204 0.1160643 -0.208714533 0.124747204 0.105740943 -0.205436483 0.131939296 0.0965795864 -0.236210845 0.124747204 0.1160643 -0.208714533 0.131939296 0.0965795864 -0.236210845 0.131939296 0.106425907 -0.238950679 0.131939296 0.106425907 -0.238950679 0.131939296 0.0965795864 -0.236210845 0.13903354 0.0899256739 -0.265566329 0.131939296 0.106425907 -0.238950679 0.13903354 0.0899256739 -0.265566329 0.13903354 0.0993683571 -0.267034107 0.13903354 0.0993683571 -0.267034107 0.13903354 0.0899256739 -0.265566329 0.145393906 0.0886535994 -0.292964793 0.13903354 0.0993683571 -0.267034107 0.145393906 0.0886535994 -0.292964793 0.145393906 0.097411324 -0.292279828 0.145393906 0.097411324 -0.292279828 0.145393906 0.0886535994 -0.292964793 0.151998895 0.0933015545 -0.319152355 0.145393906 0.097411324 -0.292279828 0.151998895 0.0933015545 -0.319152355 0.151998895 0.10089729 -0.317146386 0.151998895 0.10089729 -0.317146386 0.151998895 0.0933015545 -0.319152355 0.158848505 0.101680104 -0.34381096 0.151998895 0.10089729 -0.317146386 0.158848505 0.101680104 -0.34381096 0.158848505 0.107991534 -0.341364672 0.158848505 0.107991534 -0.341364672 0.158848505 0.101680104 -0.34381096 0.16530672 0.111465269 -0.365729731 0.158848505 0.107991534 -0.341364672 0.16530672 0.111465269 -0.365729731 0.16530672 0.116602479 -0.363381291 0.16530672 0.116602479 -0.363381291 0.16530672 0.111465269 -0.365729731 0.170835337 0.120418697 -0.383881208 0.16530672 0.116602479 -0.363381291 0.170835337 0.120418697 -0.383881208 0.170835337 0.124675245 -0.381875263 0.170835337 0.124675245 -0.381875263 0.170835337 0.120418697 -0.383881208 0.174798327 0.126338721 -0.396895487 0.170835337 0.124675245 -0.381875263 0.174798327 0.126338721 -0.396895487 0.174798327 0.130203862 -0.395623407 0.174798327 0.130203862 -0.395623407 0.174798327 0.126338721 -0.396895487 0.1749451 0.126681203 -0.397727225 0.174798327 0.130203862 -0.395623407 0.1749451 0.126681203 -0.397727225 0.1749451 0.13039956 -0.396504093 0.1749451 0.13039956 -0.396504093 0.1749451 0.126681203 -0.397727225 0.174847252 0.127170458 -0.398558963 0.1749451 0.13039956 -0.396504093 0.174847252 0.127170458 -0.398558963 0.174847252 0.130497408 -0.397482603 0.174847252 0.130497408 -0.397482603 0.174847252 0.127170458 -0.398558963 0.174455845 0.127904347 -0.399488549 0.174847252 0.130497408 -0.397482603 0.174455845 0.127904347 -0.399488549 0.174455845 0.130448484 -0.398656811 0.174455845 0.130448484 -0.398656811 0.174455845 0.127904347 -0.399488549 0.172498812 0.129665671 -0.400516008 0.0999785015 0.0979005793 0.0598148824 0.0999785015 0.089191785 0.055118003 0.108100192 0.0937908098 0.0559008162 0.108100192 0.0937908098 0.0559008162 0.0999785015 0.089191785 0.055118003 0.0999785015 0.0868433452 0.0514974887 0.108100192 0.0937908098 0.0559008162 0.0999785015 0.0868433452 0.0514974887 0.110607642 0.0929101478 0.0525249296 0.110607642 0.0929101478 0.0525249296 0.0999785015 0.0868433452 0.0514974887 0.0999785015 0.0859626774 0.0481216081 0.110607642 0.0929101478 0.0525249296 0.0999785015 0.0859626774 0.0481216081 0.11187971 0.0927144445 0.0492469007 0.11187971 0.0927144445 0.0492469007 0.0999785015 0.0859626774 0.0481216081 0.0999785015 0.086060532 0.0448925035 0.11187971 0.0927144445 0.0492469007 0.0999785015 0.086060532 0.0448925035 0.112271117 0.0930079965 0.0460667234 0.112271117 0.0930079965 0.0460667234 0.0999785015 0.086060532 0.0448925035 0.0994892462 0.0909531147 0.022484473 0.112271117 0.0930079965 0.0460667234 0.0994892462 0.0909531147 0.022484473 0.111537228 0.0978027306 0.0236097671 0.111537228 0.0978027306 0.0236097671 0.0994892462 0.0909531147 0.022484473 0.098412875 0.0981941372 -0.00794739163 0.111537228 0.0978027306 0.0236097671 0.098412875 0.0981941372 -0.00794739163 0.110155074 0.104909205 -0.00687102343 0.110155074 0.104909205 -0.00687102343 0.098412875 0.0981941372 -0.00794739163 0.0975322131 0.106034501 -0.0433207649 0.110155074 0.104909205 -0.00687102343 0.0975322131 0.106034501 -0.0433207649 0.108931929 0.11254164 -0.0422443967 0.108931929 0.11254164 -0.0422443967 0.0975322131 0.106034501 -0.0433207649 0.0974832888 0.112639489 -0.0799662111 0.108931929 0.11254164 -0.0422443967 0.0974832888 0.112639489 -0.0799662111 0.108540523 0.118950919 -0.07888984 0.108540523 0.118950919 -0.07888984 0.0974832888 0.112639489 -0.0799662111 0.0989999849 0.116211073 -0.114079748 0.108540523 0.118950919 -0.07888984 0.0989999849 0.116211073 -0.114079748 0.109616894 0.122326806 -0.113101226 0.109616894 0.122326806 -0.113101226 0.0989999849 0.116211073 -0.114079748 0.102767278 0.115036853 -0.143777715 0.109616894 0.122326806 -0.113101226 0.102767278 0.115036853 -0.143777715 0.112858233 0.12110365 -0.143141687 0.112858233 0.12110365 -0.143141687 0.102767278 0.115036853 -0.143777715 0.108540523 0.108823271 -0.174454217 0.112858233 0.12110365 -0.143141687 0.108540523 0.108823271 -0.174454217 0.118142216 0.114792219 -0.174111734 0.118142216 0.114792219 -0.174111734 0.108540523 0.108823271 -0.174454217 0.115647003 0.099955467 -0.205827902 0.118142216 0.114792219 -0.174111734 0.115647003 0.099955467 -0.205827902 0.124747204 0.105740943 -0.205436483 0.124747204 0.105740943 -0.205436483 0.115647003 0.099955467 -0.205827902 0.123377275 0.0910509634 -0.236895809 0.124747204 0.105740943 -0.205436483 0.123377275 0.0910509634 -0.236895809 0.131939296 0.0965795864 -0.236210845 0.131939296 0.0965795864 -0.236210845 0.123377275 0.0910509634 -0.236895809 0.13100971 0.0848863121 -0.266936259 0.131939296 0.0965795864 -0.236210845 0.13100971 0.0848863121 -0.266936259 0.13903354 0.0899256739 -0.265566329 0.13903354 0.0899256739 -0.265566329 0.13100971 0.0848863121 -0.266936259 0.138006105 0.0843970509 -0.295313233 0.13903354 0.0899256739 -0.265566329 0.138006105 0.0843970509 -0.295313233 0.145393906 0.0886535994 -0.292964793 0.145393906 0.0886535994 -0.292964793 0.138006105 0.0843970509 -0.295313233 0.145491755 0.0899745982 -0.322038962 0.145393906 0.0886535994 -0.292964793 0.145491755 0.0899745982 -0.322038962 0.151998895 0.0933015545 -0.319152355 0.151998895 0.0933015545 -0.319152355 0.145491755 0.0899745982 -0.322038962 0.153270963 0.0991726538 -0.346599743 0.151998895 0.0933015545 -0.319152355 0.153270963 0.0991726538 -0.346599743 0.158848505 0.101680104 -0.34381096 0.158848505 0.101680104 -0.34381096 0.153270963 0.0991726538 -0.346599743 0.160658765 0.109508236 -0.368273868 0.158848505 0.101680104 -0.34381096 0.160658765 0.109508236 -0.368273868 0.16530672 0.111465269 -0.365729731 0.16530672 0.111465269 -0.365729731 0.160658765 0.109508236 -0.368273868 0.166921271 0.118804146 -0.385936102 0.16530672 0.111465269 -0.365729731 0.166921271 0.118804146 -0.385936102 0.170835337 0.120418697 -0.383881208 0.170835337 0.120418697 -0.383881208 0.166921271 0.118804146 -0.385936102 0.171422441 0.12472417 -0.398461114 0.170835337 0.120418697 -0.383881208 0.171422441 0.12472417 -0.398461114 0.174798327 0.126338721 -0.396895487 0.174798327 0.126338721 -0.396895487 0.171422441 0.12472417 -0.398461114 0.171715999 0.125115576 -0.399243927 0.174798327 0.126338721 -0.396895487 0.171715999 0.125115576 -0.399243927 0.1749451 0.126681203 -0.397727225 0.1749451 0.126681203 -0.397727225 0.171715999 0.125115576 -0.399243927 0.171960632 0.125800529 -0.399977816 0.1749451 0.126681203 -0.397727225 0.171960632 0.125800529 -0.399977816 0.174847252 0.127170458 -0.398558963 0.174847252 0.127170458 -0.398558963 0.171960632 0.125800529 -0.399977816 0.172205254 0.126827976 -0.400516008 0.174847252 0.127170458 -0.398558963 0.172205254 0.126827976 -0.400516008 0.174455845 0.127904347 -0.399488549 0.174455845 0.127904347 -0.399488549 0.172205254 0.126827976 -0.400516008 0.172498812 0.129665671 -0.400516008 0.0999785015 0.0979005793 0.0598148824 0.0919057415 0.0937908098 0.0559008162 0.0999785015 0.089191785 0.055118003 0.0999785015 0.089191785 0.055118003 0.0919057415 0.0937908098 0.0559008162 0.0894105228 0.0929101478 0.0525249296 0.0999785015 0.089191785 0.055118003 0.0894105228 0.0929101478 0.0525249296 0.0999785015 0.0868433452 0.0514974887 0.0999785015 0.0868433452 0.0514974887 0.0894105228 0.0929101478 0.0525249296 0.0881384542 0.0927144445 0.0492469007 0.0999785015 0.0868433452 0.0514974887 0.0881384542 0.0927144445 0.0492469007 0.0999785015 0.0859626774 0.0481216081 0.0999785015 0.0859626774 0.0481216081 0.0881384542 0.0927144445 0.0492469007 0.0877470476 0.0930079965 0.0460667234 0.0999785015 0.0859626774 0.0481216081 0.0877470476 0.0930079965 0.0460667234 0.0999785015 0.086060532 0.0448925035 0.0999785015 0.086060532 0.0448925035 0.0877470476 0.0930079965 0.0460667234 0.0874534897 0.0976559516 0.0243925803 0.0999785015 0.086060532 0.0448925035 0.0874534897 0.0976559516 0.0243925803 0.0994892462 0.0909531147 0.022484473 0.0994892462 0.0909531147 0.022484473 0.0874534897 0.0976559516 0.0243925803 0.0866706764 0.104762432 -0.00613713602 0.0994892462 0.0909531147 0.022484473 0.0866706764 0.104762432 -0.00613713602 0.098412875 0.0981941372 -0.00794739163 0.098412875 0.0981941372 -0.00794739163 0.0866706764 0.104762432 -0.00613713602 0.0860835665 0.112492704 -0.0418529901 0.098412875 0.0981941372 -0.00794739163 0.0860835665 0.112492704 -0.0418529901 0.0975322131 0.106034501 -0.0433207649 0.0975322131 0.106034501 -0.0433207649 0.0860835665 0.112492704 -0.0418529901 0.0864260488 0.118999843 -0.0792812466 0.0975322131 0.106034501 -0.0433207649 0.0864260488 0.118999843 -0.0792812466 0.0974832888 0.112639489 -0.0799662111 0.0974832888 0.112639489 -0.0799662111 0.0864260488 0.118999843 -0.0792812466 0.0884320062 0.12237573 -0.114715777 0.0974832888 0.112639489 -0.0799662111 0.0884320062 0.12237573 -0.114715777 0.0989999849 0.116211073 -0.114079748 0.0989999849 0.116211073 -0.114079748 0.0884320062 0.12237573 -0.114715777 0.0926396304 0.120614394 -0.146126155 0.0989999849 0.116211073 -0.114079748 0.0926396304 0.120614394 -0.146126155 0.102767278 0.115036853 -0.143777715 0.102767278 0.115036853 -0.143777715 0.0926396304 0.120614394 -0.146126155 0.0989021363 0.113813709 -0.177781167 0.102767278 0.115036853 -0.143777715 0.0989021363 0.113813709 -0.177781167 0.108540523 0.108823271 -0.174454217 0.108540523 0.108823271 -0.174454217 0.0989021363 0.113813709 -0.177781167 0.106485641 0.104517799 -0.209448422 0.108540523 0.108823271 -0.174454217 0.106485641 0.104517799 -0.209448422 0.115647003 0.099955467 -0.205827902 0.115647003 0.099955467 -0.205827902 0.106485641 0.104517799 -0.209448422 0.114766329 0.0954053665 -0.240369533 0.115647003 0.099955467 -0.205827902 0.114766329 0.0954053665 -0.240369533 0.123377275 0.0910509634 -0.236895809 0.123377275 0.0910509634 -0.236895809 0.114766329 0.0954053665 -0.240369533 0.122985869 0.0892896336 -0.269773966 0.123377275 0.0910509634 -0.236895809 0.122985869 0.0892896336 -0.269773966 0.13100971 0.0848863121 -0.266936259 0.13100971 0.0848863121 -0.266936259 0.122985869 0.0892896336 -0.269773966 0.130667228 0.0889471573 -0.296976708 0.13100971 0.0848863121 -0.266936259 0.130667228 0.0889471573 -0.296976708 0.138006105 0.0843970509 -0.295313233 0.138006105 0.0843970509 -0.295313233 0.130667228 0.0889471573 -0.296976708 0.138984616 0.094280071 -0.322919648 0.138006105 0.0843970509 -0.295313233 0.138984616 0.094280071 -0.322919648 0.145491755 0.0899745982 -0.322038962 0.145491755 0.0899745982 -0.322038962 0.138984616 0.094280071 -0.322919648 0.147693422 0.102952172 -0.347040062 0.145491755 0.0899745982 -0.322038962 0.147693422 0.102952172 -0.347040062 0.153270963 0.0991726538 -0.346599743 0.153270963 0.0991726538 -0.346599743 0.147693422 0.102952172 -0.347040062 0.155961885 0.112688413 -0.368420665 0.153270963 0.0991726538 -0.346599743 0.155961885 0.112688413 -0.368420665 0.160658765 0.109508236 -0.368273868 0.160658765 0.109508236 -0.368273868 0.155961885 0.112688413 -0.368420665 0.163056129 0.121446132 -0.386082875 0.160658765 0.109508236 -0.368273868 0.163056129 0.121446132 -0.386082875 0.166921271 0.118804146 -0.385936102 0.166921271 0.118804146 -0.385936102 0.163056129 0.121446132 -0.386082875 0.16809549 0.126974749 -0.398803584 0.166921271 0.118804146 -0.385936102 0.16809549 0.126974749 -0.398803584 0.171422441 0.12472417 -0.398461114 0.171422441 0.12472417 -0.398461114 0.16809549 0.126974749 -0.398803584 0.168437973 0.127268307 -0.399586397 0.171422441 0.12472417 -0.398461114 0.168437973 0.127268307 -0.399586397 0.171715999 0.125115576 -0.399243927 0.171715999 0.125115576 -0.399243927 0.168437973 0.127268307 -0.399586397 0.169074001 0.127708638 -0.400271362 0.171715999 0.125115576 -0.399243927 0.169074001 0.127708638 -0.400271362 0.171960632 0.125800529 -0.399977816 0.171960632 0.125800529 -0.399977816 0.169074001 0.127708638 -0.400271362 0.170003599 0.128295754 -0.400760629 0.171960632 0.125800529 -0.399977816 0.170003599 0.128295754 -0.400760629 0.172205254 0.126827976 -0.400516008 0.172205254 0.126827976 -0.400516008 0.170003599 0.128295754 -0.400760629 0.172498812 0.129665671 -0.400516008 0.0999785015 0.0979005793 0.0598148824 0.0919057415 0.103050021 0.0574175124 0.0919057415 0.0937908098 0.0559008162 0.0919057415 0.0937908098 0.0559008162 0.0919057415 0.103050021 0.0574175124 0.0894105228 0.105007054 0.054530893 0.0919057415 0.0937908098 0.0559008162 0.0894105228 0.105007054 0.054530893 0.0894105228 0.0929101478 0.0525249296 0.0894105228 0.0929101478 0.0525249296 0.0894105228 0.105007054 0.054530893 0.0881384542 0.106230198 0.0515464131 0.0894105228 0.0929101478 0.0525249296 0.0881384542 0.106230198 0.0515464131 0.0881384542 0.0927144445 0.0492469007 0.0881384542 0.0927144445 0.0492469007 0.0881384542 0.106230198 0.0515464131 0.0877470476 0.106964087 0.0484151631 0.0881384542 0.0927144445 0.0492469007 0.0877470476 0.106964087 0.0484151631 0.0877470476 0.0930079965 0.0460667234 0.0877470476 0.0930079965 0.0460667234 0.0877470476 0.106964087 0.0484151631 0.0874534897 0.111220635 0.0274749089 0.0877470476 0.0930079965 0.0460667234 0.0874534897 0.111220635 0.0274749089 0.0874534897 0.0976559516 0.0243925803 0.0874534897 0.0976559516 0.0243925803 0.0874534897 0.111220635 0.0274749089 0.0866706764 0.117972397 -0.00315266054 0.0874534897 0.0976559516 0.0243925803 0.0866706764 0.117972397 -0.00315266054 0.0866706764 0.104762432 -0.00613713602 0.0866706764 0.104762432 -0.00613713602 0.0866706764 0.117972397 -0.00315266054 0.0860835665 0.125409122 -0.0393577744 0.0866706764 0.104762432 -0.00613713602 0.0860835665 0.125409122 -0.0393577744 0.0860835665 0.112492704 -0.0418529901 0.0860835665 0.112492704 -0.0418529901 0.0860835665 0.125409122 -0.0393577744 0.0864260488 0.131622704 -0.0775199168 0.0860835665 0.112492704 -0.0418529901 0.0864260488 0.131622704 -0.0775199168 0.0864260488 0.118999843 -0.0792812466 0.0864260488 0.118999843 -0.0792812466 0.0864260488 0.131622704 -0.0775199168 0.0884320062 0.134656108 -0.11432437 0.0864260488 0.118999843 -0.0792812466 0.0884320062 0.134656108 -0.11432437 0.0884320062 0.12237573 -0.114715777 0.0884320062 0.12237573 -0.114715777 0.0884320062 0.134656108 -0.11432437 0.0926396304 0.132307669 -0.147887491 0.0884320062 0.12237573 -0.114715777 0.0926396304 0.132307669 -0.147887491 0.0926396304 0.120614394 -0.146126155 0.0926396304 0.120614394 -0.146126155 0.0926396304 0.132307669 -0.147887491 0.0989021363 0.12472417 -0.180765647 0.0926396304 0.120614394 -0.146126155 0.0989021363 0.12472417 -0.180765647 0.0989021363 0.113813709 -0.177781167 0.0989021363 0.113813709 -0.177781167 0.0989021363 0.12472417 -0.180765647 0.106485641 0.114792219 -0.212726448 0.0989021363 0.113813709 -0.177781167 0.106485641 0.114792219 -0.212726448 0.106485641 0.104517799 -0.209448422 0.106485641 0.104517799 -0.209448422 0.106485641 0.114792219 -0.212726448 0.114766329 0.105251687 -0.243158315 0.106485641 0.104517799 -0.209448422 0.114766329 0.105251687 -0.243158315 0.114766329 0.0954053665 -0.240369533 0.114766329 0.0954053665 -0.240369533 0.114766329 0.105251687 -0.243158315 0.122985869 0.0987323228 -0.271192795 0.114766329 0.0954053665 -0.240369533 0.122985869 0.0987323228 -0.271192795 0.122985869 0.0892896336 -0.269773966 0.122985869 0.0892896336 -0.269773966 0.122985869 0.0987323228 -0.271192795 0.130667228 0.0977538063 -0.296340691 0.122985869 0.0892896336 -0.269773966 0.130667228 0.0977538063 -0.296340691 0.130667228 0.0889471573 -0.296976708 0.130667228 0.0889471573 -0.296976708 0.130667228 0.0977538063 -0.296340691 0.138984616 0.101875801 -0.320962603 0.130667228 0.0889471573 -0.296976708 0.138984616 0.101875801 -0.320962603 0.138984616 0.094280071 -0.322919648 0.138984616 0.094280071 -0.322919648 0.138984616 0.101875801 -0.320962603 0.147693422 0.109214678 -0.344593773 0.138984616 0.094280071 -0.322919648 0.147693422 0.109214678 -0.344593773 0.147693422 0.102952172 -0.347040062 0.147693422 0.102952172 -0.347040062 0.147693422 0.109214678 -0.344593773 0.155961885 0.117825624 -0.366072225 0.147693422 0.102952172 -0.347040062 0.155961885 0.117825624 -0.366072225 0.155961885 0.112688413 -0.368420665 0.155961885 0.112688413 -0.368420665 0.155961885 0.117825624 -0.366072225 0.163056129 0.12570268 -0.384125854 0.155961885 0.112688413 -0.368420665 0.163056129 0.12570268 -0.384125854 0.163056129 0.121446132 -0.386082875 0.163056129 0.121446132 -0.386082875 0.163056129 0.12570268 -0.384125854 0.16809549 0.130790966 -0.397580452 0.163056129 0.121446132 -0.386082875 0.16809549 0.130790966 -0.397580452 0.16809549 0.126974749 -0.398803584 0.16809549 0.126974749 -0.398803584 0.16809549 0.130790966 -0.397580452 0.168437973 0.130986676 -0.39841219 0.16809549 0.126974749 -0.398803584 0.168437973 0.130986676 -0.39841219 0.168437973 0.127268307 -0.399586397 0.168437973 0.127268307 -0.399586397 0.168437973 0.130986676 -0.39841219 0.169074001 0.1310356 -0.399195003 0.168437973 0.127268307 -0.399586397 0.169074001 0.1310356 -0.399195003 0.169074001 0.127708638 -0.400271362 0.169074001 0.127708638 -0.400271362 0.169074001 0.1310356 -0.399195003 0.170003599 0.130839891 -0.399928892 0.169074001 0.127708638 -0.400271362 0.170003599 0.130839891 -0.399928892 0.170003599 0.128295754 -0.400760629 0.170003599 0.128295754 -0.400760629 0.170003599 0.130839891 -0.399928892 0.172498812 0.129665671 -0.400516008 0.0999785015 0.0979005793 0.0598148824 0.0999785015 0.107649051 0.0582003256 0.0919057415 0.103050021 0.0574175124 0.0919057415 0.103050021 0.0574175124 0.0999785015 0.107649051 0.0582003256 0.0999785015 0.111024938 0.0555583339 0.0919057415 0.103050021 0.0574175124 0.0999785015 0.111024938 0.0555583339 0.0894105228 0.105007054 0.054530893 0.0894105228 0.105007054 0.054530893 0.0999785015 0.111024938 0.0555583339 0.0999785015 0.112981971 0.0526717086 0.0894105228 0.105007054 0.054530893 0.0999785015 0.112981971 0.0526717086 0.0881384542 0.106230198 0.0515464131 0.0881384542 0.106230198 0.0515464131 0.0999785015 0.112981971 0.0526717086 0.0999785015 0.113960482 0.049589383 0.0881384542 0.106230198 0.0515464131 0.0999785015 0.113960482 0.049589383 0.0877470476 0.106964087 0.0484151631 0.0877470476 0.106964087 0.0484151631 0.0999785015 0.113960482 0.049589383 0.0994892462 0.118070257 0.0286002015 0.0877470476 0.106964087 0.0484151631 0.0994892462 0.118070257 0.0286002015 0.0874534897 0.111220635 0.0274749089 0.0874534897 0.111220635 0.0274749089 0.0994892462 0.118070257 0.0286002015 0.098412875 0.12472417 -0.00202736651 0.0874534897 0.111220635 0.0274749089 0.098412875 0.12472417 -0.00202736651 0.0866706764 0.117972397 -0.00315266054 0.0866706764 0.117972397 -0.00315266054 0.098412875 0.12472417 -0.00202736651 0.0975322131 0.131916262 -0.0382814062 0.0866706764 0.117972397 -0.00315266054 0.0975322131 0.131916262 -0.0382814062 0.0860835665 0.125409122 -0.0393577744 0.0860835665 0.125409122 -0.0393577744 0.0975322131 0.131916262 -0.0382814062 0.0974832888 0.13788521 -0.0764924759 0.0860835665 0.125409122 -0.0393577744 0.0974832888 0.13788521 -0.0764924759 0.0864260488 0.131622704 -0.0775199168 0.0864260488 0.131622704 -0.0775199168 0.0974832888 0.13788521 -0.0764924759 0.0989999849 0.140771841 -0.113296935 0.0864260488 0.131622704 -0.0775199168 0.0989999849 0.140771841 -0.113296935 0.0884320062 0.134656108 -0.11432437 0.0884320062 0.134656108 -0.11432437 0.0989999849 0.140771841 -0.113296935 0.102767278 0.138374477 -0.147251451 0.0884320062 0.134656108 -0.11432437 0.102767278 0.138374477 -0.147251451 0.0926396304 0.132307669 -0.147887491 0.0926396304 0.132307669 -0.147887491 0.102767278 0.138374477 -0.147251451 0.108540523 0.130693118 -0.18037424 0.0926396304 0.132307669 -0.147887491 0.108540523 0.130693118 -0.18037424 0.0989021363 0.12472417 -0.180765647 0.0989021363 0.12472417 -0.180765647 0.108540523 0.130693118 -0.18037424 0.115647003 0.12056547 -0.212335029 0.0989021363 0.12472417 -0.180765647 0.115647003 0.12056547 -0.212335029 0.106485641 0.114792219 -0.212726448 0.106485641 0.114792219 -0.212726448 0.115647003 0.12056547 -0.212335029 0.123377275 0.11073138 -0.242424426 0.106485641 0.114792219 -0.212726448 0.123377275 0.11073138 -0.242424426 0.114766329 0.105251687 -0.243158315 0.114766329 0.105251687 -0.243158315 0.123377275 0.11073138 -0.242424426 0.13100971 0.103832834 -0.269871814 0.114766329 0.105251687 -0.243158315 0.13100971 0.103832834 -0.269871814 0.122985869 0.0987323228 -0.271192795 0.122985869 0.0987323228 -0.271192795 0.13100971 0.103832834 -0.269871814 0.138006105 0.101973661 -0.293943327 0.122985869 0.0987323228 -0.271192795 0.138006105 0.101973661 -0.293943327 0.130667228 0.0977538063 -0.296340691 0.130667228 0.0977538063 -0.296340691 0.138006105 0.101973661 -0.293943327 0.145491755 0.105202763 -0.318075972 0.130667228 0.0977538063 -0.296340691 0.145491755 0.105202763 -0.318075972 0.138984616 0.101875801 -0.320962603 0.138984616 0.101875801 -0.320962603 0.145491755 0.105202763 -0.318075972 0.153270963 0.111758827 -0.341805015 0.138984616 0.101875801 -0.320962603 0.153270963 0.111758827 -0.341805015 0.147693422 0.109214678 -0.344593773 0.147693422 0.109214678 -0.344593773 0.153270963 0.111758827 -0.341805015 0.160658765 0.119782657 -0.363576988 0.147693422 0.109214678 -0.344593773 0.160658765 0.119782657 -0.363576988 0.155961885 0.117825624 -0.366072225 0.155961885 0.117825624 -0.366072225 0.160658765 0.119782657 -0.363576988 0.166921271 0.127317231 -0.382022036 0.155961885 0.117825624 -0.366072225 0.166921271 0.127317231 -0.382022036 0.163056129 0.12570268 -0.384125854 0.163056129 0.12570268 -0.384125854 0.166921271 0.127317231 -0.382022036 0.171422441 0.132405517 -0.395965901 0.163056129 0.12570268 -0.384125854 0.171422441 0.132405517 -0.395965901 0.16809549 0.130790966 -0.397580452 0.16809549 0.130790966 -0.397580452 0.171422441 0.132405517 -0.395965901 0.171715999 0.132552302 -0.396846563 0.16809549 0.130790966 -0.397580452 0.171715999 0.132552302 -0.396846563 0.168437973 0.130986676 -0.39841219 0.168437973 0.130986676 -0.39841219 0.171715999 0.132552302 -0.396846563 0.171960632 0.132454442 -0.397776149 0.168437973 0.130986676 -0.39841219 0.171960632 0.132454442 -0.397776149 0.169074001 0.1310356 -0.399195003 0.169074001 0.1310356 -0.399195003 0.171960632 0.132454442 -0.397776149 0.172205254 0.131916262 -0.398901457 0.169074001 0.1310356 -0.399195003 0.172205254 0.131916262 -0.398901457 0.170003599 0.130839891 -0.399928892 0.170003599 0.130839891 -0.399928892 0.172205254 0.131916262 -0.398901457 0.172498812 0.129665671 -0.400516008 0.0999785015 -0.0979005793 0.0598148824 0.108100192 -0.0937908098 0.0559008162 0.0999785015 -0.089191785 0.055118003 0.0999785015 -0.089191785 0.055118003 0.108100192 -0.0937908098 0.0559008162 0.110607642 -0.0929101478 0.0525249296 0.0999785015 -0.089191785 0.055118003 0.110607642 -0.0929101478 0.0525249296 0.0999785015 -0.0868433452 0.0514974887 0.0999785015 -0.0868433452 0.0514974887 0.110607642 -0.0929101478 0.0525249296 0.11187971 -0.0927144445 0.0492469007 0.0999785015 -0.0868433452 0.0514974887 0.11187971 -0.0927144445 0.0492469007 0.0999785015 -0.0859626774 0.0481216081 0.0999785015 -0.0859626774 0.0481216081 0.11187971 -0.0927144445 0.0492469007 0.112271117 -0.0930079965 0.0460667234 0.0999785015 -0.0859626774 0.0481216081 0.112271117 -0.0930079965 0.0460667234 0.0999785015 -0.086060532 0.0448925035 0.0999785015 -0.086060532 0.0448925035 0.112271117 -0.0930079965 0.0460667234 0.111537228 -0.0978027306 0.0236097671 0.0999785015 -0.086060532 0.0448925035 0.111537228 -0.0978027306 0.0236097671 0.0994892462 -0.0909531147 0.022484473 0.0994892462 -0.0909531147 0.022484473 0.111537228 -0.0978027306 0.0236097671 0.110155074 -0.104909205 -0.00687102343 0.0994892462 -0.0909531147 0.022484473 0.110155074 -0.104909205 -0.00687102343 0.098412875 -0.0981941372 -0.00794739163 0.098412875 -0.0981941372 -0.00794739163 0.110155074 -0.104909205 -0.00687102343 0.108931929 -0.11254164 -0.0422443967 0.098412875 -0.0981941372 -0.00794739163 0.108931929 -0.11254164 -0.0422443967 0.0975322131 -0.106034501 -0.0433207649 0.0975322131 -0.106034501 -0.0433207649 0.108931929 -0.11254164 -0.0422443967 0.108540523 -0.118950919 -0.07888984 0.0975322131 -0.106034501 -0.0433207649 0.108540523 -0.118950919 -0.07888984 0.0974832888 -0.112639489 -0.0799662111 0.0974832888 -0.112639489 -0.0799662111 0.108540523 -0.118950919 -0.07888984 0.109616894 -0.122326806 -0.113101226 0.0974832888 -0.112639489 -0.0799662111 0.109616894 -0.122326806 -0.113101226 0.0989999849 -0.116211073 -0.114079748 0.0989999849 -0.116211073 -0.114079748 0.109616894 -0.122326806 -0.113101226 0.112858233 -0.12110365 -0.143141687 0.0989999849 -0.116211073 -0.114079748 0.112858233 -0.12110365 -0.143141687 0.102767278 -0.115036853 -0.143777715 0.102767278 -0.115036853 -0.143777715 0.112858233 -0.12110365 -0.143141687 0.118142216 -0.114792219 -0.174111734 0.102767278 -0.115036853 -0.143777715 0.118142216 -0.114792219 -0.174111734 0.108540523 -0.108823271 -0.174454217 0.108540523 -0.108823271 -0.174454217 0.118142216 -0.114792219 -0.174111734 0.124747204 -0.105740943 -0.205436483 0.108540523 -0.108823271 -0.174454217 0.124747204 -0.105740943 -0.205436483 0.115647003 -0.099955467 -0.205827902 0.115647003 -0.099955467 -0.205827902 0.124747204 -0.105740943 -0.205436483 0.131939296 -0.0965795864 -0.236210845 0.115647003 -0.099955467 -0.205827902 0.131939296 -0.0965795864 -0.236210845 0.123377275 -0.0910509634 -0.236895809 0.123377275 -0.0910509634 -0.236895809 0.131939296 -0.0965795864 -0.236210845 0.13903354 -0.0899256739 -0.265566329 0.123377275 -0.0910509634 -0.236895809 0.13903354 -0.0899256739 -0.265566329 0.13100971 -0.0848863121 -0.266936259 0.13100971 -0.0848863121 -0.266936259 0.13903354 -0.0899256739 -0.265566329 0.145393906 -0.0886535994 -0.292964793 0.13100971 -0.0848863121 -0.266936259 0.145393906 -0.0886535994 -0.292964793 0.138006105 -0.0843970509 -0.295313233 0.138006105 -0.0843970509 -0.295313233 0.145393906 -0.0886535994 -0.292964793 0.151998895 -0.0933015545 -0.319152355 0.138006105 -0.0843970509 -0.295313233 0.151998895 -0.0933015545 -0.319152355 0.145491755 -0.0899745982 -0.322038962 0.145491755 -0.0899745982 -0.322038962 0.151998895 -0.0933015545 -0.319152355 0.158848505 -0.101680104 -0.34381096 0.145491755 -0.0899745982 -0.322038962 0.158848505 -0.101680104 -0.34381096 0.153270963 -0.0991726538 -0.346599743 0.153270963 -0.0991726538 -0.346599743 0.158848505 -0.101680104 -0.34381096 0.16530672 -0.111465269 -0.365729731 0.153270963 -0.0991726538 -0.346599743 0.16530672 -0.111465269 -0.365729731 0.160658765 -0.109508236 -0.368273868 0.160658765 -0.109508236 -0.368273868 0.16530672 -0.111465269 -0.365729731 0.170835337 -0.120418697 -0.383881208 0.160658765 -0.109508236 -0.368273868 0.170835337 -0.120418697 -0.383881208 0.166921271 -0.118804146 -0.385936102 0.166921271 -0.118804146 -0.385936102 0.170835337 -0.120418697 -0.383881208 0.174798327 -0.126338721 -0.396895487 0.166921271 -0.118804146 -0.385936102 0.174798327 -0.126338721 -0.396895487 0.171422441 -0.12472417 -0.398461114 0.171422441 -0.12472417 -0.398461114 0.174798327 -0.126338721 -0.396895487 0.1749451 -0.126681203 -0.397727225 0.171422441 -0.12472417 -0.398461114 0.1749451 -0.126681203 -0.397727225 0.171715999 -0.125115576 -0.399243927 0.171715999 -0.125115576 -0.399243927 0.1749451 -0.126681203 -0.397727225 0.174847252 -0.127170458 -0.398558963 0.171715999 -0.125115576 -0.399243927 0.174847252 -0.127170458 -0.398558963 0.171960632 -0.125800529 -0.399977816 0.171960632 -0.125800529 -0.399977816 0.174847252 -0.127170458 -0.398558963 0.174455845 -0.127904347 -0.399488549 0.171960632 -0.125800529 -0.399977816 0.174455845 -0.127904347 -0.399488549 0.172205254 -0.126827976 -0.400516008 0.172205254 -0.126827976 -0.400516008 0.174455845 -0.127904347 -0.399488549 0.172498812 -0.129665671 -0.400516008 0.0999785015 -0.0979005793 0.0598148824 0.108100192 -0.103050021 0.0574175124 0.108100192 -0.0937908098 0.0559008162 0.108100192 -0.0937908098 0.0559008162 0.108100192 -0.103050021 0.0574175124 0.110607642 -0.105007054 0.054530893 0.108100192 -0.0937908098 0.0559008162 0.110607642 -0.105007054 0.054530893 0.110607642 -0.0929101478 0.0525249296 0.110607642 -0.0929101478 0.0525249296 0.110607642 -0.105007054 0.054530893 0.11187971 -0.106230198 0.0514974887 0.110607642 -0.0929101478 0.0525249296 0.11187971 -0.106230198 0.0514974887 0.11187971 -0.0927144445 0.0492469007 0.11187971 -0.0927144445 0.0492469007 0.11187971 -0.106230198 0.0514974887 0.112271117 -0.106964087 0.0484151631 0.11187971 -0.0927144445 0.0492469007 0.112271117 -0.106964087 0.0484151631 0.112271117 -0.0930079965 0.0460667234 0.112271117 -0.0930079965 0.0460667234 0.112271117 -0.106964087 0.0484151631 0.111537228 -0.11136742 0.0266920957 0.112271117 -0.0930079965 0.0460667234 0.111537228 -0.11136742 0.0266920957 0.111537228 -0.0978027306 0.0236097671 0.111537228 -0.0978027306 0.0236097671 0.111537228 -0.11136742 0.0266920957 0.110155074 -0.118168106 -0.00388654795 0.111537228 -0.0978027306 0.0236097671 0.110155074 -0.118168106 -0.00388654795 0.110155074 -0.104909205 -0.00687102343 0.110155074 -0.104909205 -0.00687102343 0.110155074 -0.118168106 -0.00388654795 0.108931929 -0.125506983 -0.0397002537 0.110155074 -0.104909205 -0.00687102343 0.108931929 -0.125506983 -0.0397002537 0.108931929 -0.11254164 -0.0422443967 0.108931929 -0.11254164 -0.0422443967 0.108931929 -0.125506983 -0.0397002537 0.108540523 -0.13157378 -0.0771774405 0.108931929 -0.11254164 -0.0422443967 0.108540523 -0.13157378 -0.0771774405 0.108540523 -0.118950919 -0.07888984 0.108540523 -0.118950919 -0.07888984 0.108540523 -0.13157378 -0.0771774405 0.109616894 -0.134607184 -0.112709819 0.108540523 -0.118950919 -0.07888984 0.109616894 -0.134607184 -0.112709819 0.109616894 -0.122326806 -0.113101226 0.109616894 -0.122326806 -0.113101226 0.109616894 -0.134607184 -0.112709819 0.112858233 -0.132747999 -0.144854086 0.109616894 -0.122326806 -0.113101226 0.112858233 -0.132747999 -0.144854086 0.112858233 -0.12110365 -0.143141687 0.112858233 -0.12110365 -0.143141687 0.112858233 -0.132747999 -0.144854086 0.118142216 -0.12570268 -0.177047278 0.112858233 -0.12110365 -0.143141687 0.118142216 -0.12570268 -0.177047278 0.118142216 -0.114792219 -0.174111734 0.118142216 -0.114792219 -0.174111734 0.118142216 -0.12570268 -0.177047278 0.124747204 -0.1160643 -0.208714533 0.118142216 -0.114792219 -0.174111734 0.124747204 -0.1160643 -0.208714533 0.124747204 -0.105740943 -0.205436483 0.124747204 -0.105740943 -0.205436483 0.124747204 -0.1160643 -0.208714533 0.131939296 -0.106425907 -0.238950679 0.124747204 -0.105740943 -0.205436483 0.131939296 -0.106425907 -0.238950679 0.131939296 -0.0965795864 -0.236210845 0.131939296 -0.0965795864 -0.236210845 0.131939296 -0.106425907 -0.238950679 0.13903354 -0.0993683571 -0.267034107 0.131939296 -0.0965795864 -0.236210845 0.13903354 -0.0993683571 -0.267034107 0.13903354 -0.0899256739 -0.265566329 0.13903354 -0.0899256739 -0.265566329 0.13903354 -0.0993683571 -0.267034107 0.145393906 -0.097411324 -0.292279828 0.13903354 -0.0899256739 -0.265566329 0.145393906 -0.097411324 -0.292279828 0.145393906 -0.0886535994 -0.292964793 0.145393906 -0.0886535994 -0.292964793 0.145393906 -0.097411324 -0.292279828 0.151998895 -0.10089729 -0.317146386 0.145393906 -0.0886535994 -0.292964793 0.151998895 -0.10089729 -0.317146386 0.151998895 -0.0933015545 -0.319152355 0.151998895 -0.0933015545 -0.319152355 0.151998895 -0.10089729 -0.317146386 0.158848505 -0.107991534 -0.341364672 0.151998895 -0.0933015545 -0.319152355 0.158848505 -0.107991534 -0.341364672 0.158848505 -0.101680104 -0.34381096 0.158848505 -0.101680104 -0.34381096 0.158848505 -0.107991534 -0.341364672 0.16530672 -0.116602479 -0.363381291 0.158848505 -0.101680104 -0.34381096 0.16530672 -0.116602479 -0.363381291 0.16530672 -0.111465269 -0.365729731 0.16530672 -0.111465269 -0.365729731 0.16530672 -0.116602479 -0.363381291 0.170835337 -0.124675245 -0.381875263 0.16530672 -0.111465269 -0.365729731 0.170835337 -0.124675245 -0.381875263 0.170835337 -0.120418697 -0.383881208 0.170835337 -0.120418697 -0.383881208 0.170835337 -0.124675245 -0.381875263 0.174798327 -0.130203862 -0.395623407 0.170835337 -0.120418697 -0.383881208 0.174798327 -0.130203862 -0.395623407 0.174798327 -0.126338721 -0.396895487 0.174798327 -0.126338721 -0.396895487 0.174798327 -0.130203862 -0.395623407 0.1749451 -0.13039956 -0.396504093 0.174798327 -0.126338721 -0.396895487 0.1749451 -0.13039956 -0.396504093 0.1749451 -0.126681203 -0.397727225 0.1749451 -0.126681203 -0.397727225 0.1749451 -0.13039956 -0.396504093 0.174847252 -0.130497408 -0.397482603 0.1749451 -0.126681203 -0.397727225 0.174847252 -0.130497408 -0.397482603 0.174847252 -0.127170458 -0.398558963 0.174847252 -0.127170458 -0.398558963 0.174847252 -0.130497408 -0.397482603 0.174455845 -0.130448484 -0.398656811 0.174847252 -0.127170458 -0.398558963 0.174455845 -0.130448484 -0.398656811 0.174455845 -0.127904347 -0.399488549 0.174455845 -0.127904347 -0.399488549 0.174455845 -0.130448484 -0.398656811 0.172498812 -0.129665671 -0.400516008 0.0999785015 -0.0979005793 0.0598148824 0.0999785015 -0.107649051 0.0582003256 0.108100192 -0.103050021 0.0574175124 0.108100192 -0.103050021 0.0574175124 0.0999785015 -0.107649051 0.0582003256 0.0999785015 -0.111024938 0.0555583339 0.108100192 -0.103050021 0.0574175124 0.0999785015 -0.111024938 0.0555583339 0.110607642 -0.105007054 0.054530893 0.110607642 -0.105007054 0.054530893 0.0999785015 -0.111024938 0.0555583339 0.0999785015 -0.112981971 0.0526717086 0.110607642 -0.105007054 0.054530893 0.0999785015 -0.112981971 0.0526717086 0.11187971 -0.106230198 0.0514974887 0.11187971 -0.106230198 0.0514974887 0.0999785015 -0.112981971 0.0526717086 0.0999785015 -0.113960482 0.049589383 0.11187971 -0.106230198 0.0514974887 0.0999785015 -0.113960482 0.049589383 0.112271117 -0.106964087 0.0484151631 0.112271117 -0.106964087 0.0484151631 0.0999785015 -0.113960482 0.049589383 0.0994892462 -0.118070257 0.0286002015 0.112271117 -0.106964087 0.0484151631 0.0994892462 -0.118070257 0.0286002015 0.111537228 -0.11136742 0.0266920957 0.111537228 -0.11136742 0.0266920957 0.0994892462 -0.118070257 0.0286002015 0.098412875 -0.12472417 -0.00202736651 0.111537228 -0.11136742 0.0266920957 0.098412875 -0.12472417 -0.00202736651 0.110155074 -0.118168106 -0.00388654795 0.110155074 -0.118168106 -0.00388654795 0.098412875 -0.12472417 -0.00202736651 0.0975322131 -0.131916262 -0.0382814062 0.110155074 -0.118168106 -0.00388654795 0.0975322131 -0.131916262 -0.0382814062 0.108931929 -0.125506983 -0.0397002537 0.108931929 -0.125506983 -0.0397002537 0.0975322131 -0.131916262 -0.0382814062 0.0974832888 -0.13788521 -0.0764924759 0.108931929 -0.125506983 -0.0397002537 0.0974832888 -0.13788521 -0.0764924759 0.108540523 -0.13157378 -0.0771774405 0.108540523 -0.13157378 -0.0771774405 0.0974832888 -0.13788521 -0.0764924759 0.0989999849 -0.140771841 -0.113296935 0.108540523 -0.13157378 -0.0771774405 0.0989999849 -0.140771841 -0.113296935 0.109616894 -0.134607184 -0.112709819 0.109616894 -0.134607184 -0.112709819 0.0989999849 -0.140771841 -0.113296935 0.102767278 -0.138374477 -0.147251451 0.109616894 -0.134607184 -0.112709819 0.102767278 -0.138374477 -0.147251451 0.112858233 -0.132747999 -0.144854086 0.112858233 -0.132747999 -0.144854086 0.102767278 -0.138374477 -0.147251451 0.108540523 -0.130693118 -0.18037424 0.112858233 -0.132747999 -0.144854086 0.108540523 -0.130693118 -0.18037424 0.118142216 -0.12570268 -0.177047278 0.118142216 -0.12570268 -0.177047278 0.108540523 -0.130693118 -0.18037424 0.115647003 -0.12056547 -0.212335029 0.118142216 -0.12570268 -0.177047278 0.115647003 -0.12056547 -0.212335029 0.124747204 -0.1160643 -0.208714533 0.124747204 -0.1160643 -0.208714533 0.115647003 -0.12056547 -0.212335029 0.123377275 -0.11073138 -0.242424426 0.124747204 -0.1160643 -0.208714533 0.123377275 -0.11073138 -0.242424426 0.131939296 -0.106425907 -0.238950679 0.131939296 -0.106425907 -0.238950679 0.123377275 -0.11073138 -0.242424426 0.13100971 -0.103832834 -0.269871814 0.131939296 -0.106425907 -0.238950679 0.13100971 -0.103832834 -0.269871814 0.13903354 -0.0993683571 -0.267034107 0.13903354 -0.0993683571 -0.267034107 0.13100971 -0.103832834 -0.269871814 0.138006105 -0.101973661 -0.293943327 0.13903354 -0.0993683571 -0.267034107 0.138006105 -0.101973661 -0.293943327 0.145393906 -0.097411324 -0.292279828 0.145393906 -0.097411324 -0.292279828 0.138006105 -0.101973661 -0.293943327 0.145491755 -0.105202763 -0.318075972 0.145393906 -0.097411324 -0.292279828 0.145491755 -0.105202763 -0.318075972 0.151998895 -0.10089729 -0.317146386 0.151998895 -0.10089729 -0.317146386 0.145491755 -0.105202763 -0.318075972 0.153270963 -0.111758827 -0.341805015 0.151998895 -0.10089729 -0.317146386 0.153270963 -0.111758827 -0.341805015 0.158848505 -0.107991534 -0.341364672 0.158848505 -0.107991534 -0.341364672 0.153270963 -0.111758827 -0.341805015 0.160658765 -0.119782657 -0.363576988 0.158848505 -0.107991534 -0.341364672 0.160658765 -0.119782657 -0.363576988 0.16530672 -0.116602479 -0.363381291 0.16530672 -0.116602479 -0.363381291 0.160658765 -0.119782657 -0.363576988 0.166921271 -0.127317231 -0.382022036 0.16530672 -0.116602479 -0.363381291 0.166921271 -0.127317231 -0.382022036 0.170835337 -0.124675245 -0.381875263 0.170835337 -0.124675245 -0.381875263 0.166921271 -0.127317231 -0.382022036 0.171422441 -0.132405517 -0.395965901 0.170835337 -0.124675245 -0.381875263 0.171422441 -0.132405517 -0.395965901 0.174798327 -0.130203862 -0.395623407 0.174798327 -0.130203862 -0.395623407 0.171422441 -0.132405517 -0.395965901 0.171715999 -0.132552302 -0.396846563 0.174798327 -0.130203862 -0.395623407 0.171715999 -0.132552302 -0.396846563 0.1749451 -0.13039956 -0.396504093 0.1749451 -0.13039956 -0.396504093 0.171715999 -0.132552302 -0.396846563 0.171960632 -0.132454442 -0.397776149 0.1749451 -0.13039956 -0.396504093 0.171960632 -0.132454442 -0.397776149 0.174847252 -0.130497408 -0.397482603 0.174847252 -0.130497408 -0.397482603 0.171960632 -0.132454442 -0.397776149 0.172205254 -0.131916262 -0.398901457 0.174847252 -0.130497408 -0.397482603 0.172205254 -0.131916262 -0.398901457 0.174455845 -0.130448484 -0.398656811 0.174455845 -0.130448484 -0.398656811 0.172205254 -0.131916262 -0.398901457 0.172498812 -0.129665671 -0.400516008 0.0999785015 -0.0979005793 0.0598148824 0.0919057415 -0.103050021 0.0574175124 0.0999785015 -0.107649051 0.0582003256 0.0999785015 -0.107649051 0.0582003256 0.0919057415 -0.103050021 0.0574175124 0.0894105228 -0.105007054 0.054530893 0.0999785015 -0.107649051 0.0582003256 0.0894105228 -0.105007054 0.054530893 0.0999785015 -0.111024938 0.0555583339 0.0999785015 -0.111024938 0.0555583339 0.0894105228 -0.105007054 0.054530893 0.0881384542 -0.106230198 0.0515464131 0.0999785015 -0.111024938 0.0555583339 0.0881384542 -0.106230198 0.0515464131 0.0999785015 -0.112981971 0.0526717086 0.0999785015 -0.112981971 0.0526717086 0.0881384542 -0.106230198 0.0515464131 0.0877470476 -0.106964087 0.0484151631 0.0999785015 -0.112981971 0.0526717086 0.0877470476 -0.106964087 0.0484151631 0.0999785015 -0.113960482 0.049589383 0.0999785015 -0.113960482 0.049589383 0.0877470476 -0.106964087 0.0484151631 0.0874534897 -0.111220635 0.0274749089 0.0999785015 -0.113960482 0.049589383 0.0874534897 -0.111220635 0.0274749089 0.0994892462 -0.118070257 0.0286002015 0.0994892462 -0.118070257 0.0286002015 0.0874534897 -0.111220635 0.0274749089 0.0866706764 -0.117972397 -0.00315266054 0.0994892462 -0.118070257 0.0286002015 0.0866706764 -0.117972397 -0.00315266054 0.098412875 -0.12472417 -0.00202736651 0.098412875 -0.12472417 -0.00202736651 0.0866706764 -0.117972397 -0.00315266054 0.0860835665 -0.125409122 -0.0393577744 0.098412875 -0.12472417 -0.00202736651 0.0860835665 -0.125409122 -0.0393577744 0.0975322131 -0.131916262 -0.0382814062 0.0975322131 -0.131916262 -0.0382814062 0.0860835665 -0.125409122 -0.0393577744 0.0864260488 -0.131622704 -0.0775199168 0.0975322131 -0.131916262 -0.0382814062 0.0864260488 -0.131622704 -0.0775199168 0.0974832888 -0.13788521 -0.0764924759 0.0974832888 -0.13788521 -0.0764924759 0.0864260488 -0.131622704 -0.0775199168 0.0884320062 -0.134656108 -0.11432437 0.0974832888 -0.13788521 -0.0764924759 0.0884320062 -0.134656108 -0.11432437 0.0989999849 -0.140771841 -0.113296935 0.0989999849 -0.140771841 -0.113296935 0.0884320062 -0.134656108 -0.11432437 0.0926396304 -0.132307669 -0.147887491 0.0989999849 -0.140771841 -0.113296935 0.0926396304 -0.132307669 -0.147887491 0.102767278 -0.138374477 -0.147251451 0.102767278 -0.138374477 -0.147251451 0.0926396304 -0.132307669 -0.147887491 0.0989021363 -0.12472417 -0.180765647 0.102767278 -0.138374477 -0.147251451 0.0989021363 -0.12472417 -0.180765647 0.108540523 -0.130693118 -0.18037424 0.108540523 -0.130693118 -0.18037424 0.0989021363 -0.12472417 -0.180765647 0.106485641 -0.114792219 -0.212726448 0.108540523 -0.130693118 -0.18037424 0.106485641 -0.114792219 -0.212726448 0.115647003 -0.12056547 -0.212335029 0.115647003 -0.12056547 -0.212335029 0.106485641 -0.114792219 -0.212726448 0.114766329 -0.105251687 -0.243158315 0.115647003 -0.12056547 -0.212335029 0.114766329 -0.105251687 -0.243158315 0.123377275 -0.11073138 -0.242424426 0.123377275 -0.11073138 -0.242424426 0.114766329 -0.105251687 -0.243158315 0.122985869 -0.0987323228 -0.271192795 0.123377275 -0.11073138 -0.242424426 0.122985869 -0.0987323228 -0.271192795 0.13100971 -0.103832834 -0.269871814 0.13100971 -0.103832834 -0.269871814 0.122985869 -0.0987323228 -0.271192795 0.130667228 -0.0977538063 -0.296340691 0.13100971 -0.103832834 -0.269871814 0.130667228 -0.0977538063 -0.296340691 0.138006105 -0.101973661 -0.293943327 0.138006105 -0.101973661 -0.293943327 0.130667228 -0.0977538063 -0.296340691 0.138984616 -0.101875801 -0.320962603 0.138006105 -0.101973661 -0.293943327 0.138984616 -0.101875801 -0.320962603 0.145491755 -0.105202763 -0.318075972 0.145491755 -0.105202763 -0.318075972 0.138984616 -0.101875801 -0.320962603 0.147693422 -0.109214678 -0.344593773 0.145491755 -0.105202763 -0.318075972 0.147693422 -0.109214678 -0.344593773 0.153270963 -0.111758827 -0.341805015 0.153270963 -0.111758827 -0.341805015 0.147693422 -0.109214678 -0.344593773 0.155961885 -0.117825624 -0.366072225 0.153270963 -0.111758827 -0.341805015 0.155961885 -0.117825624 -0.366072225 0.160658765 -0.119782657 -0.363576988 0.160658765 -0.119782657 -0.363576988 0.155961885 -0.117825624 -0.366072225 0.163056129 -0.12570268 -0.384125854 0.160658765 -0.119782657 -0.363576988 0.163056129 -0.12570268 -0.384125854 0.166921271 -0.127317231 -0.382022036 0.166921271 -0.127317231 -0.382022036 0.163056129 -0.12570268 -0.384125854 0.16809549 -0.130790966 -0.397580452 0.166921271 -0.127317231 -0.382022036 0.16809549 -0.130790966 -0.397580452 0.171422441 -0.132405517 -0.395965901 0.171422441 -0.132405517 -0.395965901 0.16809549 -0.130790966 -0.397580452 0.168437973 -0.130986676 -0.39841219 0.171422441 -0.132405517 -0.395965901 0.168437973 -0.130986676 -0.39841219 0.171715999 -0.132552302 -0.396846563 0.171715999 -0.132552302 -0.396846563 0.168437973 -0.130986676 -0.39841219 0.169074001 -0.1310356 -0.399195003 0.171715999 -0.132552302 -0.396846563 0.169074001 -0.1310356 -0.399195003 0.171960632 -0.132454442 -0.397776149 0.171960632 -0.132454442 -0.397776149 0.169074001 -0.1310356 -0.399195003 0.170003599 -0.130839891 -0.399928892 0.171960632 -0.132454442 -0.397776149 0.170003599 -0.130839891 -0.399928892 0.172205254 -0.131916262 -0.398901457 0.172205254 -0.131916262 -0.398901457 0.170003599 -0.130839891 -0.399928892 0.172498812 -0.129665671 -0.400516008 0.0999785015 -0.0979005793 0.0598148824 0.0919057415 -0.0937908098 0.0559008162 0.0919057415 -0.103050021 0.0574175124 0.0919057415 -0.103050021 0.0574175124 0.0919057415 -0.0937908098 0.0559008162 0.0894105228 -0.0929101478 0.0525249296 0.0919057415 -0.103050021 0.0574175124 0.0894105228 -0.0929101478 0.0525249296 0.0894105228 -0.105007054 0.054530893 0.0894105228 -0.105007054 0.054530893 0.0894105228 -0.0929101478 0.0525249296 0.0881384542 -0.0927144445 0.0492469007 0.0894105228 -0.105007054 0.054530893 0.0881384542 -0.0927144445 0.0492469007 0.0881384542 -0.106230198 0.0515464131 0.0881384542 -0.106230198 0.0515464131 0.0881384542 -0.0927144445 0.0492469007 0.0877470476 -0.0930079965 0.0460667234 0.0881384542 -0.106230198 0.0515464131 0.0877470476 -0.0930079965 0.0460667234 0.0877470476 -0.106964087 0.0484151631 0.0877470476 -0.106964087 0.0484151631 0.0877470476 -0.0930079965 0.0460667234 0.0874534897 -0.0976559516 0.0243925803 0.0877470476 -0.106964087 0.0484151631 0.0874534897 -0.0976559516 0.0243925803 0.0874534897 -0.111220635 0.0274749089 0.0874534897 -0.111220635 0.0274749089 0.0874534897 -0.0976559516 0.0243925803 0.0866706764 -0.104762432 -0.00613713602 0.0874534897 -0.111220635 0.0274749089 0.0866706764 -0.104762432 -0.00613713602 0.0866706764 -0.117972397 -0.00315266054 0.0866706764 -0.117972397 -0.00315266054 0.0866706764 -0.104762432 -0.00613713602 0.0860835665 -0.112492704 -0.0418529901 0.0866706764 -0.117972397 -0.00315266054 0.0860835665 -0.112492704 -0.0418529901 0.0860835665 -0.125409122 -0.0393577744 0.0860835665 -0.125409122 -0.0393577744 0.0860835665 -0.112492704 -0.0418529901 0.0864260488 -0.118999843 -0.0792812466 0.0860835665 -0.125409122 -0.0393577744 0.0864260488 -0.118999843 -0.0792812466 0.0864260488 -0.131622704 -0.0775199168 0.0864260488 -0.131622704 -0.0775199168 0.0864260488 -0.118999843 -0.0792812466 0.0884320062 -0.12237573 -0.114715777 0.0864260488 -0.131622704 -0.0775199168 0.0884320062 -0.12237573 -0.114715777 0.0884320062 -0.134656108 -0.11432437 0.0884320062 -0.134656108 -0.11432437 0.0884320062 -0.12237573 -0.114715777 0.0926396304 -0.120614394 -0.146126155 0.0884320062 -0.134656108 -0.11432437 0.0926396304 -0.120614394 -0.146126155 0.0926396304 -0.132307669 -0.147887491 0.0926396304 -0.132307669 -0.147887491 0.0926396304 -0.120614394 -0.146126155 0.0989021363 -0.113813709 -0.177781167 0.0926396304 -0.132307669 -0.147887491 0.0989021363 -0.113813709 -0.177781167 0.0989021363 -0.12472417 -0.180765647 0.0989021363 -0.12472417 -0.180765647 0.0989021363 -0.113813709 -0.177781167 0.106485641 -0.104517799 -0.209448422 0.0989021363 -0.12472417 -0.180765647 0.106485641 -0.104517799 -0.209448422 0.106485641 -0.114792219 -0.212726448 0.106485641 -0.114792219 -0.212726448 0.106485641 -0.104517799 -0.209448422 0.114766329 -0.0954053665 -0.240369533 0.106485641 -0.114792219 -0.212726448 0.114766329 -0.0954053665 -0.240369533 0.114766329 -0.105251687 -0.243158315 0.114766329 -0.105251687 -0.243158315 0.114766329 -0.0954053665 -0.240369533 0.122985869 -0.0892896336 -0.269773966 0.114766329 -0.105251687 -0.243158315 0.122985869 -0.0892896336 -0.269773966 0.122985869 -0.0987323228 -0.271192795 0.122985869 -0.0987323228 -0.271192795 0.122985869 -0.0892896336 -0.269773966 0.130667228 -0.0889471573 -0.296976708 0.122985869 -0.0987323228 -0.271192795 0.130667228 -0.0889471573 -0.296976708 0.130667228 -0.0977538063 -0.296340691 0.130667228 -0.0977538063 -0.296340691 0.130667228 -0.0889471573 -0.296976708 0.138984616 -0.094280071 -0.322919648 0.130667228 -0.0977538063 -0.296340691 0.138984616 -0.094280071 -0.322919648 0.138984616 -0.101875801 -0.320962603 0.138984616 -0.101875801 -0.320962603 0.138984616 -0.094280071 -0.322919648 0.147693422 -0.102952172 -0.347040062 0.138984616 -0.101875801 -0.320962603 0.147693422 -0.102952172 -0.347040062 0.147693422 -0.109214678 -0.344593773 0.147693422 -0.109214678 -0.344593773 0.147693422 -0.102952172 -0.347040062 0.155961885 -0.112688413 -0.368420665 0.147693422 -0.109214678 -0.344593773 0.155961885 -0.112688413 -0.368420665 0.155961885 -0.117825624 -0.366072225 0.155961885 -0.117825624 -0.366072225 0.155961885 -0.112688413 -0.368420665 0.163056129 -0.121446132 -0.386082875 0.155961885 -0.117825624 -0.366072225 0.163056129 -0.121446132 -0.386082875 0.163056129 -0.12570268 -0.384125854 0.163056129 -0.12570268 -0.384125854 0.163056129 -0.121446132 -0.386082875 0.16809549 -0.126974749 -0.398803584 0.163056129 -0.12570268 -0.384125854 0.16809549 -0.126974749 -0.398803584 0.16809549 -0.130790966 -0.397580452 0.16809549 -0.130790966 -0.397580452 0.16809549 -0.126974749 -0.398803584 0.168437973 -0.127268307 -0.399586397 0.16809549 -0.130790966 -0.397580452 0.168437973 -0.127268307 -0.399586397 0.168437973 -0.130986676 -0.39841219 0.168437973 -0.130986676 -0.39841219 0.168437973 -0.127268307 -0.399586397 0.169074001 -0.127708638 -0.400271362 0.168437973 -0.130986676 -0.39841219 0.169074001 -0.127708638 -0.400271362 0.169074001 -0.1310356 -0.399195003 0.169074001 -0.1310356 -0.399195003 0.169074001 -0.127708638 -0.400271362 0.170003599 -0.128295754 -0.400760629 0.169074001 -0.1310356 -0.399195003 0.170003599 -0.128295754 -0.400760629 0.170003599 -0.130839891 -0.399928892 0.170003599 -0.130839891 -0.399928892 0.170003599 -0.128295754 -0.400760629 0.172498812 -0.129665671 -0.400516008 0.0999785015 -0.0979005793 0.0598148824 0.0999785015 -0.089191785 0.055118003 0.0919057415 -0.0937908098 0.0559008162 0.0919057415 -0.0937908098 0.0559008162 0.0999785015 -0.089191785 0.055118003 0.0999785015 -0.0868433452 0.0514974887 0.0919057415 -0.0937908098 0.0559008162 0.0999785015 -0.0868433452 0.0514974887 0.0894105228 -0.0929101478 0.0525249296 0.0894105228 -0.0929101478 0.0525249296 0.0999785015 -0.0868433452 0.0514974887 0.0999785015 -0.0859626774 0.0481216081 0.0894105228 -0.0929101478 0.0525249296 0.0999785015 -0.0859626774 0.0481216081 0.0881384542 -0.0927144445 0.0492469007 0.0881384542 -0.0927144445 0.0492469007 0.0999785015 -0.0859626774 0.0481216081 0.0999785015 -0.086060532 0.0448925035 0.0881384542 -0.0927144445 0.0492469007 0.0999785015 -0.086060532 0.0448925035 0.0877470476 -0.0930079965 0.0460667234 0.0877470476 -0.0930079965 0.0460667234 0.0999785015 -0.086060532 0.0448925035 0.0994892462 -0.0909531147 0.022484473 0.0877470476 -0.0930079965 0.0460667234 0.0994892462 -0.0909531147 0.022484473 0.0874534897 -0.0976559516 0.0243925803 0.0874534897 -0.0976559516 0.0243925803 0.0994892462 -0.0909531147 0.022484473 0.098412875 -0.0981941372 -0.00794739163 0.0874534897 -0.0976559516 0.0243925803 0.098412875 -0.0981941372 -0.00794739163 0.0866706764 -0.104762432 -0.00613713602 0.0866706764 -0.104762432 -0.00613713602 0.098412875 -0.0981941372 -0.00794739163 0.0975322131 -0.106034501 -0.0433207649 0.0866706764 -0.104762432 -0.00613713602 0.0975322131 -0.106034501 -0.0433207649 0.0860835665 -0.112492704 -0.0418529901 0.0860835665 -0.112492704 -0.0418529901 0.0975322131 -0.106034501 -0.0433207649 0.0974832888 -0.112639489 -0.0799662111 0.0860835665 -0.112492704 -0.0418529901 0.0974832888 -0.112639489 -0.0799662111 0.0864260488 -0.118999843 -0.0792812466 0.0864260488 -0.118999843 -0.0792812466 0.0974832888 -0.112639489 -0.0799662111 0.0989999849 -0.116211073 -0.114079748 0.0864260488 -0.118999843 -0.0792812466 0.0989999849 -0.116211073 -0.114079748 0.0884320062 -0.12237573 -0.114715777 0.0884320062 -0.12237573 -0.114715777 0.0989999849 -0.116211073 -0.114079748 0.102767278 -0.115036853 -0.143777715 0.0884320062 -0.12237573 -0.114715777 0.102767278 -0.115036853 -0.143777715 0.0926396304 -0.120614394 -0.146126155 0.0926396304 -0.120614394 -0.146126155 0.102767278 -0.115036853 -0.143777715 0.108540523 -0.108823271 -0.174454217 0.0926396304 -0.120614394 -0.146126155 0.108540523 -0.108823271 -0.174454217 0.0989021363 -0.113813709 -0.177781167 0.0989021363 -0.113813709 -0.177781167 0.108540523 -0.108823271 -0.174454217 0.115647003 -0.099955467 -0.205827902 0.0989021363 -0.113813709 -0.177781167 0.115647003 -0.099955467 -0.205827902 0.106485641 -0.104517799 -0.209448422 0.106485641 -0.104517799 -0.209448422 0.115647003 -0.099955467 -0.205827902 0.123377275 -0.0910509634 -0.236895809 0.106485641 -0.104517799 -0.209448422 0.123377275 -0.0910509634 -0.236895809 0.114766329 -0.0954053665 -0.240369533 0.114766329 -0.0954053665 -0.240369533 0.123377275 -0.0910509634 -0.236895809 0.13100971 -0.0848863121 -0.266936259 0.114766329 -0.0954053665 -0.240369533 0.13100971 -0.0848863121 -0.266936259 0.122985869 -0.0892896336 -0.269773966 0.122985869 -0.0892896336 -0.269773966 0.13100971 -0.0848863121 -0.266936259 0.138006105 -0.0843970509 -0.295313233 0.122985869 -0.0892896336 -0.269773966 0.138006105 -0.0843970509 -0.295313233 0.130667228 -0.0889471573 -0.296976708 0.130667228 -0.0889471573 -0.296976708 0.138006105 -0.0843970509 -0.295313233 0.145491755 -0.0899745982 -0.322038962 0.130667228 -0.0889471573 -0.296976708 0.145491755 -0.0899745982 -0.322038962 0.138984616 -0.094280071 -0.322919648 0.138984616 -0.094280071 -0.322919648 0.145491755 -0.0899745982 -0.322038962 0.153270963 -0.0991726538 -0.346599743 0.138984616 -0.094280071 -0.322919648 0.153270963 -0.0991726538 -0.346599743 0.147693422 -0.102952172 -0.347040062 0.147693422 -0.102952172 -0.347040062 0.153270963 -0.0991726538 -0.346599743 0.160658765 -0.109508236 -0.368273868 0.147693422 -0.102952172 -0.347040062 0.160658765 -0.109508236 -0.368273868 0.155961885 -0.112688413 -0.368420665 0.155961885 -0.112688413 -0.368420665 0.160658765 -0.109508236 -0.368273868 0.166921271 -0.118804146 -0.385936102 0.155961885 -0.112688413 -0.368420665 0.166921271 -0.118804146 -0.385936102 0.163056129 -0.121446132 -0.386082875 0.163056129 -0.121446132 -0.386082875 0.166921271 -0.118804146 -0.385936102 0.171422441 -0.12472417 -0.398461114 0.163056129 -0.121446132 -0.386082875 0.171422441 -0.12472417 -0.398461114 0.16809549 -0.126974749 -0.398803584 0.16809549 -0.126974749 -0.398803584 0.171422441 -0.12472417 -0.398461114 0.171715999 -0.125115576 -0.399243927 0.16809549 -0.126974749 -0.398803584 0.171715999 -0.125115576 -0.399243927 0.168437973 -0.127268307 -0.399586397 0.168437973 -0.127268307 -0.399586397 0.171715999 -0.125115576 -0.399243927 0.171960632 -0.125800529 -0.399977816 0.168437973 -0.127268307 -0.399586397 0.171960632 -0.125800529 -0.399977816 0.169074001 -0.127708638 -0.400271362 0.169074001 -0.127708638 -0.400271362 0.171960632 -0.125800529 -0.399977816 0.172205254 -0.126827976 -0.400516008 0.169074001 -0.127708638 -0.400271362 0.172205254 -0.126827976 -0.400516008 0.170003599 -0.128295754 -0.400760629 0.170003599 -0.128295754 -0.400760629 0.172205254 -0.126827976 -0.400516008 0.172498812 -0.129665671 -0.400516008 -0.0999935819 -0.0979005793 0.0598148824 -0.0919208279 -0.0937908098 0.0559008162 -0.0999935819 -0.089191785 0.055118003 -0.0999935819 -0.089191785 0.055118003 -0.0919208279 -0.0937908098 0.0559008162 -0.0894133781 -0.0929101478 0.0525249296 -0.0999935819 -0.089191785 0.055118003 -0.0894133781 -0.0929101478 0.0525249296 -0.0999935819 -0.0868433452 0.0514974887 -0.0999935819 -0.0868433452 0.0514974887 -0.0894133781 -0.0929101478 0.0525249296 -0.0881413036 -0.0927144445 0.0492469007 -0.0999935819 -0.0868433452 0.0514974887 -0.0881413036 -0.0927144445 0.0492469007 -0.0999935819 -0.0859626774 0.0481216081 -0.0999935819 -0.0859626774 0.0481216081 -0.0881413036 -0.0927144445 0.0492469007 -0.087749897 -0.0930079965 0.0460667234 -0.0999935819 -0.0859626774 0.0481216081 -0.087749897 -0.0930079965 0.0460667234 -0.0999935819 -0.086060532 0.0448925035 -0.0999935819 -0.086060532 0.0448925035 -0.087749897 -0.0930079965 0.0460667234 -0.087456345 -0.0976559516 0.0243925803 -0.0999935819 -0.086060532 0.0448925035 -0.087456345 -0.0976559516 0.0243925803 -0.0995043267 -0.0909531147 0.022484473 -0.0995043267 -0.0909531147 0.022484473 -0.087456345 -0.0976559516 0.0243925803 -0.0866735318 -0.104762432 -0.00613713602 -0.0995043267 -0.0909531147 0.022484473 -0.0866735318 -0.104762432 -0.00613713602 -0.0984279555 -0.0981941372 -0.00794739163 -0.0984279555 -0.0981941372 -0.00794739163 -0.0866735318 -0.104762432 -0.00613713602 -0.0860864218 -0.112492704 -0.0418529901 -0.0984279555 -0.0981941372 -0.00794739163 -0.0860864218 -0.112492704 -0.0418529901 -0.0975472936 -0.106034501 -0.0433207649 -0.0975472936 -0.106034501 -0.0433207649 -0.0860864218 -0.112492704 -0.0418529901 -0.0864288981 -0.118999843 -0.0792812466 -0.0975472936 -0.106034501 -0.0433207649 -0.0864288981 -0.118999843 -0.0792812466 -0.0974983692 -0.112639489 -0.0799662111 -0.0974983692 -0.112639489 -0.0799662111 -0.0864288981 -0.118999843 -0.0792812466 -0.0883859312 -0.12237573 -0.114715777 -0.0974983692 -0.112639489 -0.0799662111 -0.0883859312 -0.12237573 -0.114715777 -0.0990150714 -0.116211073 -0.114079748 -0.0990150714 -0.116211073 -0.114079748 -0.0883859312 -0.12237573 -0.114715777 -0.0926547168 -0.120614394 -0.146126155 -0.0990150714 -0.116211073 -0.114079748 -0.0926547168 -0.120614394 -0.146126155 -0.102782353 -0.115036853 -0.143777715 -0.102782353 -0.115036853 -0.143777715 -0.0926547168 -0.120614394 -0.146126155 -0.0989172227 -0.113813709 -0.177781167 -0.102782353 -0.115036853 -0.143777715 -0.0989172227 -0.113813709 -0.177781167 -0.108506679 -0.108823271 -0.174454217 -0.108506679 -0.108823271 -0.174454217 -0.0989172227 -0.113813709 -0.177781167 -0.106500721 -0.104517799 -0.209448422 -0.108506679 -0.108823271 -0.174454217 -0.106500721 -0.104517799 -0.209448422 -0.115649847 -0.099955467 -0.205827902 -0.115649847 -0.099955467 -0.205827902 -0.106500721 -0.104517799 -0.209448422 -0.114769185 -0.0954053665 -0.240369533 -0.115649847 -0.099955467 -0.205827902 -0.114769185 -0.0954053665 -0.240369533 -0.12338013 -0.0910509634 -0.236895809 -0.12338013 -0.0910509634 -0.236895809 -0.114769185 -0.0954053665 -0.240369533 -0.122988724 -0.0892896336 -0.269773966 -0.12338013 -0.0910509634 -0.236895809 -0.122988724 -0.0892896336 -0.269773966 -0.131012566 -0.0848863121 -0.266936259 -0.131012566 -0.0848863121 -0.266936259 -0.122988724 -0.0892896336 -0.269773966 -0.130670083 -0.0889471573 -0.296976708 -0.131012566 -0.0848863121 -0.266936259 -0.130670083 -0.0889471573 -0.296976708 -0.138008948 -0.0843970509 -0.295313233 -0.138008948 -0.0843970509 -0.295313233 -0.130670083 -0.0889471573 -0.296976708 -0.138987471 -0.094280071 -0.322919648 -0.138008948 -0.0843970509 -0.295313233 -0.138987471 -0.094280071 -0.322919648 -0.14549461 -0.0899745982 -0.322038962 -0.14549461 -0.0899745982 -0.322038962 -0.138987471 -0.094280071 -0.322919648 -0.147696265 -0.102952172 -0.347040062 -0.14549461 -0.0899745982 -0.322038962 -0.147696265 -0.102952172 -0.347040062 -0.153273807 -0.0991726538 -0.346599743 -0.153273807 -0.0991726538 -0.346599743 -0.147696265 -0.102952172 -0.347040062 -0.155964729 -0.112688413 -0.368420665 -0.153273807 -0.0991726538 -0.346599743 -0.155964729 -0.112688413 -0.368420665 -0.160661608 -0.109508236 -0.368273868 -0.160661608 -0.109508236 -0.368273868 -0.155964729 -0.112688413 -0.368420665 -0.163058972 -0.121446132 -0.386082875 -0.160661608 -0.109508236 -0.368273868 -0.163058972 -0.121446132 -0.386082875 -0.166924114 -0.118804146 -0.385936102 -0.166924114 -0.118804146 -0.385936102 -0.163058972 -0.121446132 -0.386082875 -0.168098334 -0.126974749 -0.398803584 -0.166924114 -0.118804146 -0.385936102 -0.168098334 -0.126974749 -0.398803584 -0.171425296 -0.12472417 -0.398461114 -0.171425296 -0.12472417 -0.398461114 -0.168098334 -0.126974749 -0.398803584 -0.168440816 -0.127268307 -0.399586397 -0.171425296 -0.12472417 -0.398461114 -0.168440816 -0.127268307 -0.399586397 -0.171669918 -0.125115576 -0.399243927 -0.171669918 -0.125115576 -0.399243927 -0.168440816 -0.127268307 -0.399586397 -0.169076856 -0.127708638 -0.400271362 -0.171669918 -0.125115576 -0.399243927 -0.169076856 -0.127708638 -0.400271362 -0.171963476 -0.125800529 -0.399977816 -0.171963476 -0.125800529 -0.399977816 -0.169076856 -0.127708638 -0.400271362 -0.170006443 -0.128295754 -0.400760629 -0.171963476 -0.125800529 -0.399977816 -0.170006443 -0.128295754 -0.400760629 -0.172208109 -0.126827976 -0.400516008 -0.172208109 -0.126827976 -0.400516008 -0.170006443 -0.128295754 -0.400760629 -0.172501667 -0.129665671 -0.400516008 -0.0999935819 -0.0979005793 0.0598148824 -0.0919208279 -0.103050021 0.0574175124 -0.0919208279 -0.0937908098 0.0559008162 -0.0919208279 -0.0937908098 0.0559008162 -0.0919208279 -0.103050021 0.0574175124 -0.0894133781 -0.105007054 0.054530893 -0.0919208279 -0.0937908098 0.0559008162 -0.0894133781 -0.105007054 0.054530893 -0.0894133781 -0.0929101478 0.0525249296 -0.0894133781 -0.0929101478 0.0525249296 -0.0894133781 -0.105007054 0.054530893 -0.0881413036 -0.106230198 0.0515464131 -0.0894133781 -0.0929101478 0.0525249296 -0.0881413036 -0.106230198 0.0515464131 -0.0881413036 -0.0927144445 0.0492469007 -0.0881413036 -0.0927144445 0.0492469007 -0.0881413036 -0.106230198 0.0515464131 -0.087749897 -0.106964087 0.0484151631 -0.0881413036 -0.0927144445 0.0492469007 -0.087749897 -0.106964087 0.0484151631 -0.087749897 -0.0930079965 0.0460667234 -0.087749897 -0.0930079965 0.0460667234 -0.087749897 -0.106964087 0.0484151631 -0.087456345 -0.111220635 0.0274749089 -0.087749897 -0.0930079965 0.0460667234 -0.087456345 -0.111220635 0.0274749089 -0.087456345 -0.0976559516 0.0243925803 -0.087456345 -0.0976559516 0.0243925803 -0.087456345 -0.111220635 0.0274749089 -0.0866735318 -0.117972397 -0.00315266054 -0.087456345 -0.0976559516 0.0243925803 -0.0866735318 -0.117972397 -0.00315266054 -0.0866735318 -0.104762432 -0.00613713602 -0.0866735318 -0.104762432 -0.00613713602 -0.0866735318 -0.117972397 -0.00315266054 -0.0860864218 -0.125409122 -0.0393577744 -0.0866735318 -0.104762432 -0.00613713602 -0.0860864218 -0.125409122 -0.0393577744 -0.0860864218 -0.112492704 -0.0418529901 -0.0860864218 -0.112492704 -0.0418529901 -0.0860864218 -0.125409122 -0.0393577744 -0.0864288981 -0.131622704 -0.0775199168 -0.0860864218 -0.112492704 -0.0418529901 -0.0864288981 -0.131622704 -0.0775199168 -0.0864288981 -0.118999843 -0.0792812466 -0.0864288981 -0.118999843 -0.0792812466 -0.0864288981 -0.131622704 -0.0775199168 -0.0883859312 -0.134656108 -0.11432437 -0.0864288981 -0.118999843 -0.0792812466 -0.0883859312 -0.134656108 -0.11432437 -0.0883859312 -0.12237573 -0.114715777 -0.0883859312 -0.12237573 -0.114715777 -0.0883859312 -0.134656108 -0.11432437 -0.0926547168 -0.132307669 -0.147887491 -0.0883859312 -0.12237573 -0.114715777 -0.0926547168 -0.132307669 -0.147887491 -0.0926547168 -0.120614394 -0.146126155 -0.0926547168 -0.120614394 -0.146126155 -0.0926547168 -0.132307669 -0.147887491 -0.0989172227 -0.12472417 -0.180765647 -0.0926547168 -0.120614394 -0.146126155 -0.0989172227 -0.12472417 -0.180765647 -0.0989172227 -0.113813709 -0.177781167 -0.0989172227 -0.113813709 -0.177781167 -0.0989172227 -0.12472417 -0.180765647 -0.106500721 -0.114792219 -0.212726448 -0.0989172227 -0.113813709 -0.177781167 -0.106500721 -0.114792219 -0.212726448 -0.106500721 -0.104517799 -0.209448422 -0.106500721 -0.104517799 -0.209448422 -0.106500721 -0.114792219 -0.212726448 -0.114769185 -0.105251687 -0.243158315 -0.106500721 -0.104517799 -0.209448422 -0.114769185 -0.105251687 -0.243158315 -0.114769185 -0.0954053665 -0.240369533 -0.114769185 -0.0954053665 -0.240369533 -0.114769185 -0.105251687 -0.243158315 -0.122988724 -0.0987323228 -0.271192795 -0.114769185 -0.0954053665 -0.240369533 -0.122988724 -0.0987323228 -0.271192795 -0.122988724 -0.0892896336 -0.269773966 -0.122988724 -0.0892896336 -0.269773966 -0.122988724 -0.0987323228 -0.271192795 -0.130670083 -0.0977538063 -0.296340691 -0.122988724 -0.0892896336 -0.269773966 -0.130670083 -0.0977538063 -0.296340691 -0.130670083 -0.0889471573 -0.296976708 -0.130670083 -0.0889471573 -0.296976708 -0.130670083 -0.0977538063 -0.296340691 -0.138987471 -0.101875801 -0.320962603 -0.130670083 -0.0889471573 -0.296976708 -0.138987471 -0.101875801 -0.320962603 -0.138987471 -0.094280071 -0.322919648 -0.138987471 -0.094280071 -0.322919648 -0.138987471 -0.101875801 -0.320962603 -0.147696265 -0.109214678 -0.344593773 -0.138987471 -0.094280071 -0.322919648 -0.147696265 -0.109214678 -0.344593773 -0.147696265 -0.102952172 -0.347040062 -0.147696265 -0.102952172 -0.347040062 -0.147696265 -0.109214678 -0.344593773 -0.155964729 -0.117825624 -0.366072225 -0.147696265 -0.102952172 -0.347040062 -0.155964729 -0.117825624 -0.366072225 -0.155964729 -0.112688413 -0.368420665 -0.155964729 -0.112688413 -0.368420665 -0.155964729 -0.117825624 -0.366072225 -0.163058972 -0.12570268 -0.384125854 -0.155964729 -0.112688413 -0.368420665 -0.163058972 -0.12570268 -0.384125854 -0.163058972 -0.121446132 -0.386082875 -0.163058972 -0.121446132 -0.386082875 -0.163058972 -0.12570268 -0.384125854 -0.168098334 -0.130790966 -0.397580452 -0.163058972 -0.121446132 -0.386082875 -0.168098334 -0.130790966 -0.397580452 -0.168098334 -0.126974749 -0.398803584 -0.168098334 -0.126974749 -0.398803584 -0.168098334 -0.130790966 -0.397580452 -0.168440816 -0.130986676 -0.39841219 -0.168098334 -0.126974749 -0.398803584 -0.168440816 -0.130986676 -0.39841219 -0.168440816 -0.127268307 -0.399586397 -0.168440816 -0.127268307 -0.399586397 -0.168440816 -0.130986676 -0.39841219 -0.169076856 -0.1310356 -0.399195003 -0.168440816 -0.127268307 -0.399586397 -0.169076856 -0.1310356 -0.399195003 -0.169076856 -0.127708638 -0.400271362 -0.169076856 -0.127708638 -0.400271362 -0.169076856 -0.1310356 -0.399195003 -0.170006443 -0.130839891 -0.399928892 -0.169076856 -0.127708638 -0.400271362 -0.170006443 -0.130839891 -0.399928892 -0.170006443 -0.128295754 -0.400760629 -0.170006443 -0.128295754 -0.400760629 -0.170006443 -0.130839891 -0.399928892 -0.172501667 -0.129665671 -0.400516008 -0.0999935819 -0.0979005793 0.0598148824 -0.0999935819 -0.107649051 0.0582003256 -0.0919208279 -0.103050021 0.0574175124 -0.0919208279 -0.103050021 0.0574175124 -0.0999935819 -0.107649051 0.0582003256 -0.0999935819 -0.111024938 0.0555583339 -0.0919208279 -0.103050021 0.0574175124 -0.0999935819 -0.111024938 0.0555583339 -0.0894133781 -0.105007054 0.054530893 -0.0894133781 -0.105007054 0.054530893 -0.0999935819 -0.111024938 0.0555583339 -0.0999935819 -0.112981971 0.0526717086 -0.0894133781 -0.105007054 0.054530893 -0.0999935819 -0.112981971 0.0526717086 -0.0881413036 -0.106230198 0.0515464131 -0.0881413036 -0.106230198 0.0515464131 -0.0999935819 -0.112981971 0.0526717086 -0.0999935819 -0.113960482 0.049589383 -0.0881413036 -0.106230198 0.0515464131 -0.0999935819 -0.113960482 0.049589383 -0.087749897 -0.106964087 0.0484151631 -0.087749897 -0.106964087 0.0484151631 -0.0999935819 -0.113960482 0.049589383 -0.0995043267 -0.118070257 0.0286002015 -0.087749897 -0.106964087 0.0484151631 -0.0995043267 -0.118070257 0.0286002015 -0.087456345 -0.111220635 0.0274749089 -0.087456345 -0.111220635 0.0274749089 -0.0995043267 -0.118070257 0.0286002015 -0.0984279555 -0.12472417 -0.00202736651 -0.087456345 -0.111220635 0.0274749089 -0.0984279555 -0.12472417 -0.00202736651 -0.0866735318 -0.117972397 -0.00315266054 -0.0866735318 -0.117972397 -0.00315266054 -0.0984279555 -0.12472417 -0.00202736651 -0.0975472936 -0.131916262 -0.0382814062 -0.0866735318 -0.117972397 -0.00315266054 -0.0975472936 -0.131916262 -0.0382814062 -0.0860864218 -0.125409122 -0.0393577744 -0.0860864218 -0.125409122 -0.0393577744 -0.0975472936 -0.131916262 -0.0382814062 -0.0974983692 -0.13788521 -0.0764924759 -0.0860864218 -0.125409122 -0.0393577744 -0.0974983692 -0.13788521 -0.0764924759 -0.0864288981 -0.131622704 -0.0775199168 -0.0864288981 -0.131622704 -0.0775199168 -0.0974983692 -0.13788521 -0.0764924759 -0.0990150714 -0.140771841 -0.113296935 -0.0864288981 -0.131622704 -0.0775199168 -0.0990150714 -0.140771841 -0.113296935 -0.0883859312 -0.134656108 -0.11432437 -0.0883859312 -0.134656108 -0.11432437 -0.0990150714 -0.140771841 -0.113296935 -0.102782353 -0.138374477 -0.147251451 -0.0883859312 -0.134656108 -0.11432437 -0.102782353 -0.138374477 -0.147251451 -0.0926547168 -0.132307669 -0.147887491 -0.0926547168 -0.132307669 -0.147887491 -0.102782353 -0.138374477 -0.147251451 -0.108506679 -0.130693118 -0.18037424 -0.0926547168 -0.132307669 -0.147887491 -0.108506679 -0.130693118 -0.18037424 -0.0989172227 -0.12472417 -0.180765647 -0.0989172227 -0.12472417 -0.180765647 -0.108506679 -0.130693118 -0.18037424 -0.115649847 -0.12056547 -0.212335029 -0.0989172227 -0.12472417 -0.180765647 -0.115649847 -0.12056547 -0.212335029 -0.106500721 -0.114792219 -0.212726448 -0.106500721 -0.114792219 -0.212726448 -0.115649847 -0.12056547 -0.212335029 -0.12338013 -0.11073138 -0.242424426 -0.106500721 -0.114792219 -0.212726448 -0.12338013 -0.11073138 -0.242424426 -0.114769185 -0.105251687 -0.243158315 -0.114769185 -0.105251687 -0.243158315 -0.12338013 -0.11073138 -0.242424426 -0.131012566 -0.103832834 -0.269871814 -0.114769185 -0.105251687 -0.243158315 -0.131012566 -0.103832834 -0.269871814 -0.122988724 -0.0987323228 -0.271192795 -0.122988724 -0.0987323228 -0.271192795 -0.131012566 -0.103832834 -0.269871814 -0.138008948 -0.101973661 -0.293943327 -0.122988724 -0.0987323228 -0.271192795 -0.138008948 -0.101973661 -0.293943327 -0.130670083 -0.0977538063 -0.296340691 -0.130670083 -0.0977538063 -0.296340691 -0.138008948 -0.101973661 -0.293943327 -0.14549461 -0.105202763 -0.318075972 -0.130670083 -0.0977538063 -0.296340691 -0.14549461 -0.105202763 -0.318075972 -0.138987471 -0.101875801 -0.320962603 -0.138987471 -0.101875801 -0.320962603 -0.14549461 -0.105202763 -0.318075972 -0.153273807 -0.111758827 -0.341805015 -0.138987471 -0.101875801 -0.320962603 -0.153273807 -0.111758827 -0.341805015 -0.147696265 -0.109214678 -0.344593773 -0.147696265 -0.109214678 -0.344593773 -0.153273807 -0.111758827 -0.341805015 -0.160661608 -0.119782657 -0.363576988 -0.147696265 -0.109214678 -0.344593773 -0.160661608 -0.119782657 -0.363576988 -0.155964729 -0.117825624 -0.366072225 -0.155964729 -0.117825624 -0.366072225 -0.160661608 -0.119782657 -0.363576988 -0.166924114 -0.127317231 -0.382022036 -0.155964729 -0.117825624 -0.366072225 -0.166924114 -0.127317231 -0.382022036 -0.163058972 -0.12570268 -0.384125854 -0.163058972 -0.12570268 -0.384125854 -0.166924114 -0.127317231 -0.382022036 -0.171425296 -0.132405517 -0.395965901 -0.163058972 -0.12570268 -0.384125854 -0.171425296 -0.132405517 -0.395965901 -0.168098334 -0.130790966 -0.397580452 -0.168098334 -0.130790966 -0.397580452 -0.171425296 -0.132405517 -0.395965901 -0.171669918 -0.132552302 -0.396846563 -0.168098334 -0.130790966 -0.397580452 -0.171669918 -0.132552302 -0.396846563 -0.168440816 -0.130986676 -0.39841219 -0.168440816 -0.130986676 -0.39841219 -0.171669918 -0.132552302 -0.396846563 -0.171963476 -0.132454442 -0.397776149 -0.168440816 -0.130986676 -0.39841219 -0.171963476 -0.132454442 -0.397776149 -0.169076856 -0.1310356 -0.399195003 -0.169076856 -0.1310356 -0.399195003 -0.171963476 -0.132454442 -0.397776149 -0.172208109 -0.131916262 -0.398901457 -0.169076856 -0.1310356 -0.399195003 -0.172208109 -0.131916262 -0.398901457 -0.170006443 -0.130839891 -0.399928892 -0.170006443 -0.130839891 -0.399928892 -0.172208109 -0.131916262 -0.398901457 -0.172501667 -0.129665671 -0.400516008 -0.0999935819 -0.0979005793 0.0598148824 -0.108115272 -0.103050021 0.0574175124 -0.0999935819 -0.107649051 0.0582003256 -0.0999935819 -0.107649051 0.0582003256 -0.108115272 -0.103050021 0.0574175124 -0.110610485 -0.105007054 0.054530893 -0.0999935819 -0.107649051 0.0582003256 -0.110610485 -0.105007054 0.054530893 -0.0999935819 -0.111024938 0.0555583339 -0.0999935819 -0.111024938 0.0555583339 -0.110610485 -0.105007054 0.054530893 -0.111882565 -0.106230198 0.0514974887 -0.0999935819 -0.111024938 0.0555583339 -0.111882565 -0.106230198 0.0514974887 -0.0999935819 -0.112981971 0.0526717086 -0.0999935819 -0.112981971 0.0526717086 -0.111882565 -0.106230198 0.0514974887 -0.112273972 -0.106964087 0.0484151631 -0.0999935819 -0.112981971 0.0526717086 -0.112273972 -0.106964087 0.0484151631 -0.0999935819 -0.113960482 0.049589383 -0.0999935819 -0.113960482 0.049589383 -0.112273972 -0.106964087 0.0484151631 -0.111540083 -0.11136742 0.0266920957 -0.0999935819 -0.113960482 0.049589383 -0.111540083 -0.11136742 0.0266920957 -0.0995043267 -0.118070257 0.0286002015 -0.0995043267 -0.118070257 0.0286002015 -0.111540083 -0.11136742 0.0266920957 -0.110170154 -0.118168106 -0.00388654795 -0.0995043267 -0.118070257 0.0286002015 -0.110170154 -0.118168106 -0.00388654795 -0.0984279555 -0.12472417 -0.00202736651 -0.0984279555 -0.12472417 -0.00202736651 -0.110170154 -0.118168106 -0.00388654795 -0.10894701 -0.125506983 -0.0397002537 -0.0984279555 -0.12472417 -0.00202736651 -0.10894701 -0.125506983 -0.0397002537 -0.0975472936 -0.131916262 -0.0382814062 -0.0975472936 -0.131916262 -0.0382814062 -0.10894701 -0.125506983 -0.0397002537 -0.108506679 -0.13157378 -0.0771774405 -0.0975472936 -0.131916262 -0.0382814062 -0.108506679 -0.13157378 -0.0771774405 -0.0974983692 -0.13788521 -0.0764924759 -0.0974983692 -0.13788521 -0.0764924759 -0.108506679 -0.13157378 -0.0771774405 -0.109631974 -0.134607184 -0.112709819 -0.0974983692 -0.13788521 -0.0764924759 -0.109631974 -0.134607184 -0.112709819 -0.0990150714 -0.140771841 -0.113296935 -0.0990150714 -0.140771841 -0.113296935 -0.109631974 -0.134607184 -0.112709819 -0.112861076 -0.132747999 -0.144854086 -0.0990150714 -0.140771841 -0.113296935 -0.112861076 -0.132747999 -0.144854086 -0.102782353 -0.138374477 -0.147251451 -0.102782353 -0.138374477 -0.147251451 -0.112861076 -0.132747999 -0.144854086 -0.118145071 -0.12570268 -0.177047278 -0.102782353 -0.138374477 -0.147251451 -0.118145071 -0.12570268 -0.177047278 -0.108506679 -0.130693118 -0.18037424 -0.108506679 -0.130693118 -0.18037424 -0.118145071 -0.12570268 -0.177047278 -0.12475006 -0.1160643 -0.208714533 -0.108506679 -0.130693118 -0.18037424 -0.12475006 -0.1160643 -0.208714533 -0.115649847 -0.12056547 -0.212335029 -0.115649847 -0.12056547 -0.212335029 -0.12475006 -0.1160643 -0.208714533 -0.131942152 -0.106425907 -0.238950679 -0.115649847 -0.12056547 -0.212335029 -0.131942152 -0.106425907 -0.238950679 -0.12338013 -0.11073138 -0.242424426 -0.12338013 -0.11073138 -0.242424426 -0.131942152 -0.106425907 -0.238950679 -0.139036395 -0.0993683571 -0.267034107 -0.12338013 -0.11073138 -0.242424426 -0.139036395 -0.0993683571 -0.267034107 -0.131012566 -0.103832834 -0.269871814 -0.131012566 -0.103832834 -0.269871814 -0.139036395 -0.0993683571 -0.267034107 -0.14539675 -0.097411324 -0.292279828 -0.131012566 -0.103832834 -0.269871814 -0.14539675 -0.097411324 -0.292279828 -0.138008948 -0.101973661 -0.293943327 -0.138008948 -0.101973661 -0.293943327 -0.14539675 -0.097411324 -0.292279828 -0.152001738 -0.10089729 -0.317146386 -0.138008948 -0.101973661 -0.293943327 -0.152001738 -0.10089729 -0.317146386 -0.14549461 -0.105202763 -0.318075972 -0.14549461 -0.105202763 -0.318075972 -0.152001738 -0.10089729 -0.317146386 -0.15885136 -0.107991534 -0.341364672 -0.14549461 -0.105202763 -0.318075972 -0.15885136 -0.107991534 -0.341364672 -0.153273807 -0.111758827 -0.341805015 -0.153273807 -0.111758827 -0.341805015 -0.15885136 -0.107991534 -0.341364672 -0.165309563 -0.116602479 -0.363381291 -0.153273807 -0.111758827 -0.341805015 -0.165309563 -0.116602479 -0.363381291 -0.160661608 -0.119782657 -0.363576988 -0.160661608 -0.119782657 -0.363576988 -0.165309563 -0.116602479 -0.363381291 -0.17083818 -0.124675245 -0.381875263 -0.160661608 -0.119782657 -0.363576988 -0.17083818 -0.124675245 -0.381875263 -0.166924114 -0.127317231 -0.382022036 -0.166924114 -0.127317231 -0.382022036 -0.17083818 -0.124675245 -0.381875263 -0.174752246 -0.130203862 -0.395623407 -0.166924114 -0.127317231 -0.382022036 -0.174752246 -0.130203862 -0.395623407 -0.171425296 -0.132405517 -0.395965901 -0.171425296 -0.132405517 -0.395965901 -0.174752246 -0.130203862 -0.395623407 -0.174947956 -0.13039956 -0.396504093 -0.171425296 -0.132405517 -0.395965901 -0.174947956 -0.13039956 -0.396504093 -0.171669918 -0.132552302 -0.396846563 -0.171669918 -0.132552302 -0.396846563 -0.174947956 -0.13039956 -0.396504093 -0.174850107 -0.130497408 -0.397482603 -0.171669918 -0.132552302 -0.396846563 -0.174850107 -0.130497408 -0.397482603 -0.171963476 -0.132454442 -0.397776149 -0.171963476 -0.132454442 -0.397776149 -0.174850107 -0.130497408 -0.397482603 -0.1744587 -0.130448484 -0.398656811 -0.171963476 -0.132454442 -0.397776149 -0.1744587 -0.130448484 -0.398656811 -0.172208109 -0.131916262 -0.398901457 -0.172208109 -0.131916262 -0.398901457 -0.1744587 -0.130448484 -0.398656811 -0.172501667 -0.129665671 -0.400516008 -0.0999935819 -0.0979005793 0.0598148824 -0.108115272 -0.0937908098 0.0559008162 -0.108115272 -0.103050021 0.0574175124 -0.108115272 -0.103050021 0.0574175124 -0.108115272 -0.0937908098 0.0559008162 -0.110610485 -0.0929101478 0.0525249296 -0.108115272 -0.103050021 0.0574175124 -0.110610485 -0.0929101478 0.0525249296 -0.110610485 -0.105007054 0.054530893 -0.110610485 -0.105007054 0.054530893 -0.110610485 -0.0929101478 0.0525249296 -0.111882565 -0.0927144445 0.0492469007 -0.110610485 -0.105007054 0.054530893 -0.111882565 -0.0927144445 0.0492469007 -0.111882565 -0.106230198 0.0514974887 -0.111882565 -0.106230198 0.0514974887 -0.111882565 -0.0927144445 0.0492469007 -0.112273972 -0.0930079965 0.0460667234 -0.111882565 -0.106230198 0.0514974887 -0.112273972 -0.0930079965 0.0460667234 -0.112273972 -0.106964087 0.0484151631 -0.112273972 -0.106964087 0.0484151631 -0.112273972 -0.0930079965 0.0460667234 -0.111540083 -0.0978027306 0.0236097671 -0.112273972 -0.106964087 0.0484151631 -0.111540083 -0.0978027306 0.0236097671 -0.111540083 -0.11136742 0.0266920957 -0.111540083 -0.11136742 0.0266920957 -0.111540083 -0.0978027306 0.0236097671 -0.110170154 -0.104909205 -0.00687102343 -0.111540083 -0.11136742 0.0266920957 -0.110170154 -0.104909205 -0.00687102343 -0.110170154 -0.118168106 -0.00388654795 -0.110170154 -0.118168106 -0.00388654795 -0.110170154 -0.104909205 -0.00687102343 -0.10894701 -0.11254164 -0.0422443967 -0.110170154 -0.118168106 -0.00388654795 -0.10894701 -0.11254164 -0.0422443967 -0.10894701 -0.125506983 -0.0397002537 -0.10894701 -0.125506983 -0.0397002537 -0.10894701 -0.11254164 -0.0422443967 -0.108506679 -0.118950919 -0.07888984 -0.10894701 -0.125506983 -0.0397002537 -0.108506679 -0.118950919 -0.07888984 -0.108506679 -0.13157378 -0.0771774405 -0.108506679 -0.13157378 -0.0771774405 -0.108506679 -0.118950919 -0.07888984 -0.109631974 -0.122326806 -0.113101226 -0.108506679 -0.13157378 -0.0771774405 -0.109631974 -0.122326806 -0.113101226 -0.109631974 -0.134607184 -0.112709819 -0.109631974 -0.134607184 -0.112709819 -0.109631974 -0.122326806 -0.113101226 -0.112861076 -0.12110365 -0.143141687 -0.109631974 -0.134607184 -0.112709819 -0.112861076 -0.12110365 -0.143141687 -0.112861076 -0.132747999 -0.144854086 -0.112861076 -0.132747999 -0.144854086 -0.112861076 -0.12110365 -0.143141687 -0.118145071 -0.114792219 -0.174111734 -0.112861076 -0.132747999 -0.144854086 -0.118145071 -0.114792219 -0.174111734 -0.118145071 -0.12570268 -0.177047278 -0.118145071 -0.12570268 -0.177047278 -0.118145071 -0.114792219 -0.174111734 -0.12475006 -0.105740943 -0.205436483 -0.118145071 -0.12570268 -0.177047278 -0.12475006 -0.105740943 -0.205436483 -0.12475006 -0.1160643 -0.208714533 -0.12475006 -0.1160643 -0.208714533 -0.12475006 -0.105740943 -0.205436483 -0.131942152 -0.0965795864 -0.236210845 -0.12475006 -0.1160643 -0.208714533 -0.131942152 -0.0965795864 -0.236210845 -0.131942152 -0.106425907 -0.238950679 -0.131942152 -0.106425907 -0.238950679 -0.131942152 -0.0965795864 -0.236210845 -0.139036395 -0.0899256739 -0.265566329 -0.131942152 -0.106425907 -0.238950679 -0.139036395 -0.0899256739 -0.265566329 -0.139036395 -0.0993683571 -0.267034107 -0.139036395 -0.0993683571 -0.267034107 -0.139036395 -0.0899256739 -0.265566329 -0.14539675 -0.0886535994 -0.292964793 -0.139036395 -0.0993683571 -0.267034107 -0.14539675 -0.0886535994 -0.292964793 -0.14539675 -0.097411324 -0.292279828 -0.14539675 -0.097411324 -0.292279828 -0.14539675 -0.0886535994 -0.292964793 -0.152001738 -0.0933015545 -0.319152355 -0.14539675 -0.097411324 -0.292279828 -0.152001738 -0.0933015545 -0.319152355 -0.152001738 -0.10089729 -0.317146386 -0.152001738 -0.10089729 -0.317146386 -0.152001738 -0.0933015545 -0.319152355 -0.15885136 -0.101680104 -0.34381096 -0.152001738 -0.10089729 -0.317146386 -0.15885136 -0.101680104 -0.34381096 -0.15885136 -0.107991534 -0.341364672 -0.15885136 -0.107991534 -0.341364672 -0.15885136 -0.101680104 -0.34381096 -0.165309563 -0.111465269 -0.365729731 -0.15885136 -0.107991534 -0.341364672 -0.165309563 -0.111465269 -0.365729731 -0.165309563 -0.116602479 -0.363381291 -0.165309563 -0.116602479 -0.363381291 -0.165309563 -0.111465269 -0.365729731 -0.17083818 -0.120418697 -0.383881208 -0.165309563 -0.116602479 -0.363381291 -0.17083818 -0.120418697 -0.383881208 -0.17083818 -0.124675245 -0.381875263 -0.17083818 -0.124675245 -0.381875263 -0.17083818 -0.120418697 -0.383881208 -0.174752246 -0.126338721 -0.396895487 -0.17083818 -0.124675245 -0.381875263 -0.174752246 -0.126338721 -0.396895487 -0.174752246 -0.130203862 -0.395623407 -0.174752246 -0.130203862 -0.395623407 -0.174752246 -0.126338721 -0.396895487 -0.174947956 -0.126681203 -0.397727225 -0.174752246 -0.130203862 -0.395623407 -0.174947956 -0.126681203 -0.397727225 -0.174947956 -0.13039956 -0.396504093 -0.174947956 -0.13039956 -0.396504093 -0.174947956 -0.126681203 -0.397727225 -0.174850107 -0.127170458 -0.398558963 -0.174947956 -0.13039956 -0.396504093 -0.174850107 -0.127170458 -0.398558963 -0.174850107 -0.130497408 -0.397482603 -0.174850107 -0.130497408 -0.397482603 -0.174850107 -0.127170458 -0.398558963 -0.1744587 -0.127904347 -0.399488549 -0.174850107 -0.130497408 -0.397482603 -0.1744587 -0.127904347 -0.399488549 -0.1744587 -0.130448484 -0.398656811 -0.1744587 -0.130448484 -0.398656811 -0.1744587 -0.127904347 -0.399488549 -0.172501667 -0.129665671 -0.400516008 -0.0999935819 -0.0979005793 0.0598148824 -0.0999935819 -0.089191785 0.055118003 -0.108115272 -0.0937908098 0.0559008162 -0.108115272 -0.0937908098 0.0559008162 -0.0999935819 -0.089191785 0.055118003 -0.0999935819 -0.0868433452 0.0514974887 -0.108115272 -0.0937908098 0.0559008162 -0.0999935819 -0.0868433452 0.0514974887 -0.110610485 -0.0929101478 0.0525249296 -0.110610485 -0.0929101478 0.0525249296 -0.0999935819 -0.0868433452 0.0514974887 -0.0999935819 -0.0859626774 0.0481216081 -0.110610485 -0.0929101478 0.0525249296 -0.0999935819 -0.0859626774 0.0481216081 -0.111882565 -0.0927144445 0.0492469007 -0.111882565 -0.0927144445 0.0492469007 -0.0999935819 -0.0859626774 0.0481216081 -0.0999935819 -0.086060532 0.0448925035 -0.111882565 -0.0927144445 0.0492469007 -0.0999935819 -0.086060532 0.0448925035 -0.112273972 -0.0930079965 0.0460667234 -0.112273972 -0.0930079965 0.0460667234 -0.0999935819 -0.086060532 0.0448925035 -0.0995043267 -0.0909531147 0.022484473 -0.112273972 -0.0930079965 0.0460667234 -0.0995043267 -0.0909531147 0.022484473 -0.111540083 -0.0978027306 0.0236097671 -0.111540083 -0.0978027306 0.0236097671 -0.0995043267 -0.0909531147 0.022484473 -0.0984279555 -0.0981941372 -0.00794739163 -0.111540083 -0.0978027306 0.0236097671 -0.0984279555 -0.0981941372 -0.00794739163 -0.110170154 -0.104909205 -0.00687102343 -0.110170154 -0.104909205 -0.00687102343 -0.0984279555 -0.0981941372 -0.00794739163 -0.0975472936 -0.106034501 -0.0433207649 -0.110170154 -0.104909205 -0.00687102343 -0.0975472936 -0.106034501 -0.0433207649 -0.10894701 -0.11254164 -0.0422443967 -0.10894701 -0.11254164 -0.0422443967 -0.0975472936 -0.106034501 -0.0433207649 -0.0974983692 -0.112639489 -0.0799662111 -0.10894701 -0.11254164 -0.0422443967 -0.0974983692 -0.112639489 -0.0799662111 -0.108506679 -0.118950919 -0.07888984 -0.108506679 -0.118950919 -0.07888984 -0.0974983692 -0.112639489 -0.0799662111 -0.0990150714 -0.116211073 -0.114079748 -0.108506679 -0.118950919 -0.07888984 -0.0990150714 -0.116211073 -0.114079748 -0.109631974 -0.122326806 -0.113101226 -0.109631974 -0.122326806 -0.113101226 -0.0990150714 -0.116211073 -0.114079748 -0.102782353 -0.115036853 -0.143777715 -0.109631974 -0.122326806 -0.113101226 -0.102782353 -0.115036853 -0.143777715 -0.112861076 -0.12110365 -0.143141687 -0.112861076 -0.12110365 -0.143141687 -0.102782353 -0.115036853 -0.143777715 -0.108506679 -0.108823271 -0.174454217 -0.112861076 -0.12110365 -0.143141687 -0.108506679 -0.108823271 -0.174454217 -0.118145071 -0.114792219 -0.174111734 -0.118145071 -0.114792219 -0.174111734 -0.108506679 -0.108823271 -0.174454217 -0.115649847 -0.099955467 -0.205827902 -0.118145071 -0.114792219 -0.174111734 -0.115649847 -0.099955467 -0.205827902 -0.12475006 -0.105740943 -0.205436483 -0.12475006 -0.105740943 -0.205436483 -0.115649847 -0.099955467 -0.205827902 -0.12338013 -0.0910509634 -0.236895809 -0.12475006 -0.105740943 -0.205436483 -0.12338013 -0.0910509634 -0.236895809 -0.131942152 -0.0965795864 -0.236210845 -0.131942152 -0.0965795864 -0.236210845 -0.12338013 -0.0910509634 -0.236895809 -0.131012566 -0.0848863121 -0.266936259 -0.131942152 -0.0965795864 -0.236210845 -0.131012566 -0.0848863121 -0.266936259 -0.139036395 -0.0899256739 -0.265566329 -0.139036395 -0.0899256739 -0.265566329 -0.131012566 -0.0848863121 -0.266936259 -0.138008948 -0.0843970509 -0.295313233 -0.139036395 -0.0899256739 -0.265566329 -0.138008948 -0.0843970509 -0.295313233 -0.14539675 -0.0886535994 -0.292964793 -0.14539675 -0.0886535994 -0.292964793 -0.138008948 -0.0843970509 -0.295313233 -0.14549461 -0.0899745982 -0.322038962 -0.14539675 -0.0886535994 -0.292964793 -0.14549461 -0.0899745982 -0.322038962 -0.152001738 -0.0933015545 -0.319152355 -0.152001738 -0.0933015545 -0.319152355 -0.14549461 -0.0899745982 -0.322038962 -0.153273807 -0.0991726538 -0.346599743 -0.152001738 -0.0933015545 -0.319152355 -0.153273807 -0.0991726538 -0.346599743 -0.15885136 -0.101680104 -0.34381096 -0.15885136 -0.101680104 -0.34381096 -0.153273807 -0.0991726538 -0.346599743 -0.160661608 -0.109508236 -0.368273868 -0.15885136 -0.101680104 -0.34381096 -0.160661608 -0.109508236 -0.368273868 -0.165309563 -0.111465269 -0.365729731 -0.165309563 -0.111465269 -0.365729731 -0.160661608 -0.109508236 -0.368273868 -0.166924114 -0.118804146 -0.385936102 -0.165309563 -0.111465269 -0.365729731 -0.166924114 -0.118804146 -0.385936102 -0.17083818 -0.120418697 -0.383881208 -0.17083818 -0.120418697 -0.383881208 -0.166924114 -0.118804146 -0.385936102 -0.171425296 -0.12472417 -0.398461114 -0.17083818 -0.120418697 -0.383881208 -0.171425296 -0.12472417 -0.398461114 -0.174752246 -0.126338721 -0.396895487 -0.174752246 -0.126338721 -0.396895487 -0.171425296 -0.12472417 -0.398461114 -0.171669918 -0.125115576 -0.399243927 -0.174752246 -0.126338721 -0.396895487 -0.171669918 -0.125115576 -0.399243927 -0.174947956 -0.126681203 -0.397727225 -0.174947956 -0.126681203 -0.397727225 -0.171669918 -0.125115576 -0.399243927 -0.171963476 -0.125800529 -0.399977816 -0.174947956 -0.126681203 -0.397727225 -0.171963476 -0.125800529 -0.399977816 -0.174850107 -0.127170458 -0.398558963 -0.174850107 -0.127170458 -0.398558963 -0.171963476 -0.125800529 -0.399977816 -0.172208109 -0.126827976 -0.400516008 -0.174850107 -0.127170458 -0.398558963 -0.172208109 -0.126827976 -0.400516008 -0.1744587 -0.127904347 -0.399488549 -0.1744587 -0.127904347 -0.399488549 -0.172208109 -0.126827976 -0.400516008 -0.172501667 -0.129665671 -0.400516008 -0.0999935819 0.0979005793 0.0598148824 -0.0919208279 0.103050021 0.0574175124 -0.0999935819 0.107649051 0.0582003256 -0.0999935819 0.107649051 0.0582003256 -0.0919208279 0.103050021 0.0574175124 -0.0894133781 0.105007054 0.054530893 -0.0999935819 0.107649051 0.0582003256 -0.0894133781 0.105007054 0.054530893 -0.0999935819 0.111024938 0.0555583339 -0.0999935819 0.111024938 0.0555583339 -0.0894133781 0.105007054 0.054530893 -0.0881413036 0.106230198 0.0515464131 -0.0999935819 0.111024938 0.0555583339 -0.0881413036 0.106230198 0.0515464131 -0.0999935819 0.112981971 0.0526717086 -0.0999935819 0.112981971 0.0526717086 -0.0881413036 0.106230198 0.0515464131 -0.087749897 0.106964087 0.0484151631 -0.0999935819 0.112981971 0.0526717086 -0.087749897 0.106964087 0.0484151631 -0.0999935819 0.113960482 0.049589383 -0.0999935819 0.113960482 0.049589383 -0.087749897 0.106964087 0.0484151631 -0.087456345 0.111220635 0.0274749089 -0.0999935819 0.113960482 0.049589383 -0.087456345 0.111220635 0.0274749089 -0.0995043267 0.118070257 0.0286002015 -0.0995043267 0.118070257 0.0286002015 -0.087456345 0.111220635 0.0274749089 -0.0866735318 0.117972397 -0.00315266054 -0.0995043267 0.118070257 0.0286002015 -0.0866735318 0.117972397 -0.00315266054 -0.0984279555 0.12472417 -0.00202736651 -0.0984279555 0.12472417 -0.00202736651 -0.0866735318 0.117972397 -0.00315266054 -0.0860864218 0.125409122 -0.0393577744 -0.0984279555 0.12472417 -0.00202736651 -0.0860864218 0.125409122 -0.0393577744 -0.0975472936 0.131916262 -0.0382814062 -0.0975472936 0.131916262 -0.0382814062 -0.0860864218 0.125409122 -0.0393577744 -0.0864288981 0.131622704 -0.0775199168 -0.0975472936 0.131916262 -0.0382814062 -0.0864288981 0.131622704 -0.0775199168 -0.0974983692 0.13788521 -0.0764924759 -0.0974983692 0.13788521 -0.0764924759 -0.0864288981 0.131622704 -0.0775199168 -0.0883859312 0.134656108 -0.11432437 -0.0974983692 0.13788521 -0.0764924759 -0.0883859312 0.134656108 -0.11432437 -0.0990150714 0.140771841 -0.113296935 -0.0990150714 0.140771841 -0.113296935 -0.0883859312 0.134656108 -0.11432437 -0.0926547168 0.132307669 -0.147887491 -0.0990150714 0.140771841 -0.113296935 -0.0926547168 0.132307669 -0.147887491 -0.102782353 0.138374477 -0.147251451 -0.102782353 0.138374477 -0.147251451 -0.0926547168 0.132307669 -0.147887491 -0.0989172227 0.12472417 -0.180765647 -0.102782353 0.138374477 -0.147251451 -0.0989172227 0.12472417 -0.180765647 -0.108506679 0.130693118 -0.18037424 -0.108506679 0.130693118 -0.18037424 -0.0989172227 0.12472417 -0.180765647 -0.106500721 0.114792219 -0.212726448 -0.108506679 0.130693118 -0.18037424 -0.106500721 0.114792219 -0.212726448 -0.115649847 0.12056547 -0.212335029 -0.115649847 0.12056547 -0.212335029 -0.106500721 0.114792219 -0.212726448 -0.114769185 0.105251687 -0.243158315 -0.115649847 0.12056547 -0.212335029 -0.114769185 0.105251687 -0.243158315 -0.12338013 0.11073138 -0.242424426 -0.12338013 0.11073138 -0.242424426 -0.114769185 0.105251687 -0.243158315 -0.122988724 0.0987323228 -0.271192795 -0.12338013 0.11073138 -0.242424426 -0.122988724 0.0987323228 -0.271192795 -0.131012566 0.103832834 -0.269871814 -0.131012566 0.103832834 -0.269871814 -0.122988724 0.0987323228 -0.271192795 -0.130670083 0.0977538063 -0.296340691 -0.131012566 0.103832834 -0.269871814 -0.130670083 0.0977538063 -0.296340691 -0.138008948 0.101973661 -0.293943327 -0.138008948 0.101973661 -0.293943327 -0.130670083 0.0977538063 -0.296340691 -0.138987471 0.101875801 -0.320962603 -0.138008948 0.101973661 -0.293943327 -0.138987471 0.101875801 -0.320962603 -0.14549461 0.105202763 -0.318075972 -0.14549461 0.105202763 -0.318075972 -0.138987471 0.101875801 -0.320962603 -0.147696265 0.109214678 -0.344593773 -0.14549461 0.105202763 -0.318075972 -0.147696265 0.109214678 -0.344593773 -0.153273807 0.111758827 -0.341805015 -0.153273807 0.111758827 -0.341805015 -0.147696265 0.109214678 -0.344593773 -0.155964729 0.117825624 -0.366072225 -0.153273807 0.111758827 -0.341805015 -0.155964729 0.117825624 -0.366072225 -0.160661608 0.119782657 -0.363576988 -0.160661608 0.119782657 -0.363576988 -0.155964729 0.117825624 -0.366072225 -0.163058972 0.12570268 -0.384125854 -0.160661608 0.119782657 -0.363576988 -0.163058972 0.12570268 -0.384125854 -0.166924114 0.127317231 -0.382022036 -0.166924114 0.127317231 -0.382022036 -0.163058972 0.12570268 -0.384125854 -0.168098334 0.130790966 -0.397580452 -0.166924114 0.127317231 -0.382022036 -0.168098334 0.130790966 -0.397580452 -0.171425296 0.132405517 -0.395965901 -0.171425296 0.132405517 -0.395965901 -0.168098334 0.130790966 -0.397580452 -0.168440816 0.130986676 -0.39841219 -0.171425296 0.132405517 -0.395965901 -0.168440816 0.130986676 -0.39841219 -0.171669918 0.132552302 -0.396846563 -0.171669918 0.132552302 -0.396846563 -0.168440816 0.130986676 -0.39841219 -0.169076856 0.1310356 -0.399195003 -0.171669918 0.132552302 -0.396846563 -0.169076856 0.1310356 -0.399195003 -0.171963476 0.132454442 -0.397776149 -0.171963476 0.132454442 -0.397776149 -0.169076856 0.1310356 -0.399195003 -0.170006443 0.130839891 -0.399928892 -0.171963476 0.132454442 -0.397776149 -0.170006443 0.130839891 -0.399928892 -0.172208109 0.131916262 -0.398901457 -0.172208109 0.131916262 -0.398901457 -0.170006443 0.130839891 -0.399928892 -0.172501667 0.129665671 -0.400516008 -0.0999935819 0.0979005793 0.0598148824 -0.0919208279 0.0937908098 0.0559008162 -0.0919208279 0.103050021 0.0574175124 -0.0919208279 0.103050021 0.0574175124 -0.0919208279 0.0937908098 0.0559008162 -0.0894133781 0.0929101478 0.0525249296 -0.0919208279 0.103050021 0.0574175124 -0.0894133781 0.0929101478 0.0525249296 -0.0894133781 0.105007054 0.054530893 -0.0894133781 0.105007054 0.054530893 -0.0894133781 0.0929101478 0.0525249296 -0.0881413036 0.0927144445 0.0492469007 -0.0894133781 0.105007054 0.054530893 -0.0881413036 0.0927144445 0.0492469007 -0.0881413036 0.106230198 0.0515464131 -0.0881413036 0.106230198 0.0515464131 -0.0881413036 0.0927144445 0.0492469007 -0.087749897 0.0930079965 0.0460667234 -0.0881413036 0.106230198 0.0515464131 -0.087749897 0.0930079965 0.0460667234 -0.087749897 0.106964087 0.0484151631 -0.087749897 0.106964087 0.0484151631 -0.087749897 0.0930079965 0.0460667234 -0.087456345 0.0976559516 0.0243925803 -0.087749897 0.106964087 0.0484151631 -0.087456345 0.0976559516 0.0243925803 -0.087456345 0.111220635 0.0274749089 -0.087456345 0.111220635 0.0274749089 -0.087456345 0.0976559516 0.0243925803 -0.0866735318 0.104762432 -0.00613713602 -0.087456345 0.111220635 0.0274749089 -0.0866735318 0.104762432 -0.00613713602 -0.0866735318 0.117972397 -0.00315266054 -0.0866735318 0.117972397 -0.00315266054 -0.0866735318 0.104762432 -0.00613713602 -0.0860864218 0.112492704 -0.0418529901 -0.0866735318 0.117972397 -0.00315266054 -0.0860864218 0.112492704 -0.0418529901 -0.0860864218 0.125409122 -0.0393577744 -0.0860864218 0.125409122 -0.0393577744 -0.0860864218 0.112492704 -0.0418529901 -0.0864288981 0.118999843 -0.0792812466 -0.0860864218 0.125409122 -0.0393577744 -0.0864288981 0.118999843 -0.0792812466 -0.0864288981 0.131622704 -0.0775199168 -0.0864288981 0.131622704 -0.0775199168 -0.0864288981 0.118999843 -0.0792812466 -0.0883859312 0.12237573 -0.114715777 -0.0864288981 0.131622704 -0.0775199168 -0.0883859312 0.12237573 -0.114715777 -0.0883859312 0.134656108 -0.11432437 -0.0883859312 0.134656108 -0.11432437 -0.0883859312 0.12237573 -0.114715777 -0.0926547168 0.120614394 -0.146126155 -0.0883859312 0.134656108 -0.11432437 -0.0926547168 0.120614394 -0.146126155 -0.0926547168 0.132307669 -0.147887491 -0.0926547168 0.132307669 -0.147887491 -0.0926547168 0.120614394 -0.146126155 -0.0989172227 0.113813709 -0.177781167 -0.0926547168 0.132307669 -0.147887491 -0.0989172227 0.113813709 -0.177781167 -0.0989172227 0.12472417 -0.180765647 -0.0989172227 0.12472417 -0.180765647 -0.0989172227 0.113813709 -0.177781167 -0.106500721 0.104517799 -0.209448422 -0.0989172227 0.12472417 -0.180765647 -0.106500721 0.104517799 -0.209448422 -0.106500721 0.114792219 -0.212726448 -0.106500721 0.114792219 -0.212726448 -0.106500721 0.104517799 -0.209448422 -0.114769185 0.0954053665 -0.240369533 -0.106500721 0.114792219 -0.212726448 -0.114769185 0.0954053665 -0.240369533 -0.114769185 0.105251687 -0.243158315 -0.114769185 0.105251687 -0.243158315 -0.114769185 0.0954053665 -0.240369533 -0.122988724 0.0892896336 -0.269773966 -0.114769185 0.105251687 -0.243158315 -0.122988724 0.0892896336 -0.269773966 -0.122988724 0.0987323228 -0.271192795 -0.122988724 0.0987323228 -0.271192795 -0.122988724 0.0892896336 -0.269773966 -0.130670083 0.0889471573 -0.296976708 -0.122988724 0.0987323228 -0.271192795 -0.130670083 0.0889471573 -0.296976708 -0.130670083 0.0977538063 -0.296340691 -0.130670083 0.0977538063 -0.296340691 -0.130670083 0.0889471573 -0.296976708 -0.138987471 0.094280071 -0.322919648 -0.130670083 0.0977538063 -0.296340691 -0.138987471 0.094280071 -0.322919648 -0.138987471 0.101875801 -0.320962603 -0.138987471 0.101875801 -0.320962603 -0.138987471 0.094280071 -0.322919648 -0.147696265 0.102952172 -0.347040062 -0.138987471 0.101875801 -0.320962603 -0.147696265 0.102952172 -0.347040062 -0.147696265 0.109214678 -0.344593773 -0.147696265 0.109214678 -0.344593773 -0.147696265 0.102952172 -0.347040062 -0.155964729 0.112688413 -0.368420665 -0.147696265 0.109214678 -0.344593773 -0.155964729 0.112688413 -0.368420665 -0.155964729 0.117825624 -0.366072225 -0.155964729 0.117825624 -0.366072225 -0.155964729 0.112688413 -0.368420665 -0.163058972 0.121446132 -0.386082875 -0.155964729 0.117825624 -0.366072225 -0.163058972 0.121446132 -0.386082875 -0.163058972 0.12570268 -0.384125854 -0.163058972 0.12570268 -0.384125854 -0.163058972 0.121446132 -0.386082875 -0.168098334 0.126974749 -0.398803584 -0.163058972 0.12570268 -0.384125854 -0.168098334 0.126974749 -0.398803584 -0.168098334 0.130790966 -0.397580452 -0.168098334 0.130790966 -0.397580452 -0.168098334 0.126974749 -0.398803584 -0.168440816 0.127268307 -0.399586397 -0.168098334 0.130790966 -0.397580452 -0.168440816 0.127268307 -0.399586397 -0.168440816 0.130986676 -0.39841219 -0.168440816 0.130986676 -0.39841219 -0.168440816 0.127268307 -0.399586397 -0.169076856 0.127708638 -0.400271362 -0.168440816 0.130986676 -0.39841219 -0.169076856 0.127708638 -0.400271362 -0.169076856 0.1310356 -0.399195003 -0.169076856 0.1310356 -0.399195003 -0.169076856 0.127708638 -0.400271362 -0.170006443 0.128295754 -0.400760629 -0.169076856 0.1310356 -0.399195003 -0.170006443 0.128295754 -0.400760629 -0.170006443 0.130839891 -0.399928892 -0.170006443 0.130839891 -0.399928892 -0.170006443 0.128295754 -0.400760629 -0.172501667 0.129665671 -0.400516008 -0.0999935819 0.0979005793 0.0598148824 -0.0999935819 0.089191785 0.055118003 -0.0919208279 0.0937908098 0.0559008162 -0.0919208279 0.0937908098 0.0559008162 -0.0999935819 0.089191785 0.055118003 -0.0999935819 0.0868433452 0.0514974887 -0.0919208279 0.0937908098 0.0559008162 -0.0999935819 0.0868433452 0.0514974887 -0.0894133781 0.0929101478 0.0525249296 -0.0894133781 0.0929101478 0.0525249296 -0.0999935819 0.0868433452 0.0514974887 -0.0999935819 0.0859626774 0.0481216081 -0.0894133781 0.0929101478 0.0525249296 -0.0999935819 0.0859626774 0.0481216081 -0.0881413036 0.0927144445 0.0492469007 -0.0881413036 0.0927144445 0.0492469007 -0.0999935819 0.0859626774 0.0481216081 -0.0999935819 0.086060532 0.0448925035 -0.0881413036 0.0927144445 0.0492469007 -0.0999935819 0.086060532 0.0448925035 -0.087749897 0.0930079965 0.0460667234 -0.087749897 0.0930079965 0.0460667234 -0.0999935819 0.086060532 0.0448925035 -0.0995043267 0.0909531147 0.022484473 -0.087749897 0.0930079965 0.0460667234 -0.0995043267 0.0909531147 0.022484473 -0.087456345 0.0976559516 0.0243925803 -0.087456345 0.0976559516 0.0243925803 -0.0995043267 0.0909531147 0.022484473 -0.0984279555 0.0981941372 -0.00794739163 -0.087456345 0.0976559516 0.0243925803 -0.0984279555 0.0981941372 -0.00794739163 -0.0866735318 0.104762432 -0.00613713602 -0.0866735318 0.104762432 -0.00613713602 -0.0984279555 0.0981941372 -0.00794739163 -0.0975472936 0.106034501 -0.0433207649 -0.0866735318 0.104762432 -0.00613713602 -0.0975472936 0.106034501 -0.0433207649 -0.0860864218 0.112492704 -0.0418529901 -0.0860864218 0.112492704 -0.0418529901 -0.0975472936 0.106034501 -0.0433207649 -0.0974983692 0.112639489 -0.0799662111 -0.0860864218 0.112492704 -0.0418529901 -0.0974983692 0.112639489 -0.0799662111 -0.0864288981 0.118999843 -0.0792812466 -0.0864288981 0.118999843 -0.0792812466 -0.0974983692 0.112639489 -0.0799662111 -0.0990150714 0.116211073 -0.114079748 -0.0864288981 0.118999843 -0.0792812466 -0.0990150714 0.116211073 -0.114079748 -0.0883859312 0.12237573 -0.114715777 -0.0883859312 0.12237573 -0.114715777 -0.0990150714 0.116211073 -0.114079748 -0.102782353 0.115036853 -0.143777715 -0.0883859312 0.12237573 -0.114715777 -0.102782353 0.115036853 -0.143777715 -0.0926547168 0.120614394 -0.146126155 -0.0926547168 0.120614394 -0.146126155 -0.102782353 0.115036853 -0.143777715 -0.108506679 0.108823271 -0.174454217 -0.0926547168 0.120614394 -0.146126155 -0.108506679 0.108823271 -0.174454217 -0.0989172227 0.113813709 -0.177781167 -0.0989172227 0.113813709 -0.177781167 -0.108506679 0.108823271 -0.174454217 -0.115649847 0.099955467 -0.205827902 -0.0989172227 0.113813709 -0.177781167 -0.115649847 0.099955467 -0.205827902 -0.106500721 0.104517799 -0.209448422 -0.106500721 0.104517799 -0.209448422 -0.115649847 0.099955467 -0.205827902 -0.12338013 0.0910509634 -0.236895809 -0.106500721 0.104517799 -0.209448422 -0.12338013 0.0910509634 -0.236895809 -0.114769185 0.0954053665 -0.240369533 -0.114769185 0.0954053665 -0.240369533 -0.12338013 0.0910509634 -0.236895809 -0.131012566 0.0848863121 -0.266936259 -0.114769185 0.0954053665 -0.240369533 -0.131012566 0.0848863121 -0.266936259 -0.122988724 0.0892896336 -0.269773966 -0.122988724 0.0892896336 -0.269773966 -0.131012566 0.0848863121 -0.266936259 -0.138008948 0.0843970509 -0.295313233 -0.122988724 0.0892896336 -0.269773966 -0.138008948 0.0843970509 -0.295313233 -0.130670083 0.0889471573 -0.296976708 -0.130670083 0.0889471573 -0.296976708 -0.138008948 0.0843970509 -0.295313233 -0.14549461 0.0899745982 -0.322038962 -0.130670083 0.0889471573 -0.296976708 -0.14549461 0.0899745982 -0.322038962 -0.138987471 0.094280071 -0.322919648 -0.138987471 0.094280071 -0.322919648 -0.14549461 0.0899745982 -0.322038962 -0.153273807 0.0991726538 -0.346599743 -0.138987471 0.094280071 -0.322919648 -0.153273807 0.0991726538 -0.346599743 -0.147696265 0.102952172 -0.347040062 -0.147696265 0.102952172 -0.347040062 -0.153273807 0.0991726538 -0.346599743 -0.160661608 0.109508236 -0.368273868 -0.147696265 0.102952172 -0.347040062 -0.160661608 0.109508236 -0.368273868 -0.155964729 0.112688413 -0.368420665 -0.155964729 0.112688413 -0.368420665 -0.160661608 0.109508236 -0.368273868 -0.166924114 0.118804146 -0.385936102 -0.155964729 0.112688413 -0.368420665 -0.166924114 0.118804146 -0.385936102 -0.163058972 0.121446132 -0.386082875 -0.163058972 0.121446132 -0.386082875 -0.166924114 0.118804146 -0.385936102 -0.171425296 0.12472417 -0.398461114 -0.163058972 0.121446132 -0.386082875 -0.171425296 0.12472417 -0.398461114 -0.168098334 0.126974749 -0.398803584 -0.168098334 0.126974749 -0.398803584 -0.171425296 0.12472417 -0.398461114 -0.171669918 0.125115576 -0.399243927 -0.168098334 0.126974749 -0.398803584 -0.171669918 0.125115576 -0.399243927 -0.168440816 0.127268307 -0.399586397 -0.168440816 0.127268307 -0.399586397 -0.171669918 0.125115576 -0.399243927 -0.171963476 0.125800529 -0.399977816 -0.168440816 0.127268307 -0.399586397 -0.171963476 0.125800529 -0.399977816 -0.169076856 0.127708638 -0.400271362 -0.169076856 0.127708638 -0.400271362 -0.171963476 0.125800529 -0.399977816 -0.172208109 0.126827976 -0.400516008 -0.169076856 0.127708638 -0.400271362 -0.172208109 0.126827976 -0.400516008 -0.170006443 0.128295754 -0.400760629 -0.170006443 0.128295754 -0.400760629 -0.172208109 0.126827976 -0.400516008 -0.172501667 0.129665671 -0.400516008 -0.0999935819 0.0979005793 0.0598148824 -0.108115272 0.0937908098 0.0559008162 -0.0999935819 0.089191785 0.055118003 -0.0999935819 0.089191785 0.055118003 -0.108115272 0.0937908098 0.0559008162 -0.110610485 0.0929101478 0.0525249296 -0.0999935819 0.089191785 0.055118003 -0.110610485 0.0929101478 0.0525249296 -0.0999935819 0.0868433452 0.0514974887 -0.0999935819 0.0868433452 0.0514974887 -0.110610485 0.0929101478 0.0525249296 -0.111882565 0.0927144445 0.0492469007 -0.0999935819 0.0868433452 0.0514974887 -0.111882565 0.0927144445 0.0492469007 -0.0999935819 0.0859626774 0.0481216081 -0.0999935819 0.0859626774 0.0481216081 -0.111882565 0.0927144445 0.0492469007 -0.112273972 0.0930079965 0.0460667234 -0.0999935819 0.0859626774 0.0481216081 -0.112273972 0.0930079965 0.0460667234 -0.0999935819 0.086060532 0.0448925035 -0.0999935819 0.086060532 0.0448925035 -0.112273972 0.0930079965 0.0460667234 -0.111540083 0.0978027306 0.0236097671 -0.0999935819 0.086060532 0.0448925035 -0.111540083 0.0978027306 0.0236097671 -0.0995043267 0.0909531147 0.022484473 -0.0995043267 0.0909531147 0.022484473 -0.111540083 0.0978027306 0.0236097671 -0.110170154 0.104909205 -0.00687102343 -0.0995043267 0.0909531147 0.022484473 -0.110170154 0.104909205 -0.00687102343 -0.0984279555 0.0981941372 -0.00794739163 -0.0984279555 0.0981941372 -0.00794739163 -0.110170154 0.104909205 -0.00687102343 -0.10894701 0.11254164 -0.0422443967 -0.0984279555 0.0981941372 -0.00794739163 -0.10894701 0.11254164 -0.0422443967 -0.0975472936 0.106034501 -0.0433207649 -0.0975472936 0.106034501 -0.0433207649 -0.10894701 0.11254164 -0.0422443967 -0.108506679 0.118950919 -0.07888984 -0.0975472936 0.106034501 -0.0433207649 -0.108506679 0.118950919 -0.07888984 -0.0974983692 0.112639489 -0.0799662111 -0.0974983692 0.112639489 -0.0799662111 -0.108506679 0.118950919 -0.07888984 -0.109631974 0.122326806 -0.113101226 -0.0974983692 0.112639489 -0.0799662111 -0.109631974 0.122326806 -0.113101226 -0.0990150714 0.116211073 -0.114079748 -0.0990150714 0.116211073 -0.114079748 -0.109631974 0.122326806 -0.113101226 -0.112861076 0.12110365 -0.143141687 -0.0990150714 0.116211073 -0.114079748 -0.112861076 0.12110365 -0.143141687 -0.102782353 0.115036853 -0.143777715 -0.102782353 0.115036853 -0.143777715 -0.112861076 0.12110365 -0.143141687 -0.118145071 0.114792219 -0.174111734 -0.102782353 0.115036853 -0.143777715 -0.118145071 0.114792219 -0.174111734 -0.108506679 0.108823271 -0.174454217 -0.108506679 0.108823271 -0.174454217 -0.118145071 0.114792219 -0.174111734 -0.12475006 0.105740943 -0.205436483 -0.108506679 0.108823271 -0.174454217 -0.12475006 0.105740943 -0.205436483 -0.115649847 0.099955467 -0.205827902 -0.115649847 0.099955467 -0.205827902 -0.12475006 0.105740943 -0.205436483 -0.131942152 0.0965795864 -0.236210845 -0.115649847 0.099955467 -0.205827902 -0.131942152 0.0965795864 -0.236210845 -0.12338013 0.0910509634 -0.236895809 -0.12338013 0.0910509634 -0.236895809 -0.131942152 0.0965795864 -0.236210845 -0.139036395 0.0899256739 -0.265566329 -0.12338013 0.0910509634 -0.236895809 -0.139036395 0.0899256739 -0.265566329 -0.131012566 0.0848863121 -0.266936259 -0.131012566 0.0848863121 -0.266936259 -0.139036395 0.0899256739 -0.265566329 -0.14539675 0.0886535994 -0.292964793 -0.131012566 0.0848863121 -0.266936259 -0.14539675 0.0886535994 -0.292964793 -0.138008948 0.0843970509 -0.295313233 -0.138008948 0.0843970509 -0.295313233 -0.14539675 0.0886535994 -0.292964793 -0.152001738 0.0933015545 -0.319152355 -0.138008948 0.0843970509 -0.295313233 -0.152001738 0.0933015545 -0.319152355 -0.14549461 0.0899745982 -0.322038962 -0.14549461 0.0899745982 -0.322038962 -0.152001738 0.0933015545 -0.319152355 -0.15885136 0.101680104 -0.34381096 -0.14549461 0.0899745982 -0.322038962 -0.15885136 0.101680104 -0.34381096 -0.153273807 0.0991726538 -0.346599743 -0.153273807 0.0991726538 -0.346599743 -0.15885136 0.101680104 -0.34381096 -0.165309563 0.111465269 -0.365729731 -0.153273807 0.0991726538 -0.346599743 -0.165309563 0.111465269 -0.365729731 -0.160661608 0.109508236 -0.368273868 -0.160661608 0.109508236 -0.368273868 -0.165309563 0.111465269 -0.365729731 -0.17083818 0.120418697 -0.383881208 -0.160661608 0.109508236 -0.368273868 -0.17083818 0.120418697 -0.383881208 -0.166924114 0.118804146 -0.385936102 -0.166924114 0.118804146 -0.385936102 -0.17083818 0.120418697 -0.383881208 -0.174752246 0.126338721 -0.396895487 -0.166924114 0.118804146 -0.385936102 -0.174752246 0.126338721 -0.396895487 -0.171425296 0.12472417 -0.398461114 -0.171425296 0.12472417 -0.398461114 -0.174752246 0.126338721 -0.396895487 -0.174947956 0.126681203 -0.397727225 -0.171425296 0.12472417 -0.398461114 -0.174947956 0.126681203 -0.397727225 -0.171669918 0.125115576 -0.399243927 -0.171669918 0.125115576 -0.399243927 -0.174947956 0.126681203 -0.397727225 -0.174850107 0.127170458 -0.398558963 -0.171669918 0.125115576 -0.399243927 -0.174850107 0.127170458 -0.398558963 -0.171963476 0.125800529 -0.399977816 -0.171963476 0.125800529 -0.399977816 -0.174850107 0.127170458 -0.398558963 -0.1744587 0.127904347 -0.399488549 -0.171963476 0.125800529 -0.399977816 -0.1744587 0.127904347 -0.399488549 -0.172208109 0.126827976 -0.400516008 -0.172208109 0.126827976 -0.400516008 -0.1744587 0.127904347 -0.399488549 -0.172501667 0.129665671 -0.400516008 -0.0999935819 0.0979005793 0.0598148824 -0.108115272 0.103050021 0.0574175124 -0.108115272 0.0937908098 0.0559008162 -0.108115272 0.0937908098 0.0559008162 -0.108115272 0.103050021 0.0574175124 -0.110610485 0.105007054 0.054530893 -0.108115272 0.0937908098 0.0559008162 -0.110610485 0.105007054 0.054530893 -0.110610485 0.0929101478 0.0525249296 -0.110610485 0.0929101478 0.0525249296 -0.110610485 0.105007054 0.054530893 -0.111882565 0.106230198 0.0514974887 -0.110610485 0.0929101478 0.0525249296 -0.111882565 0.106230198 0.0514974887 -0.111882565 0.0927144445 0.0492469007 -0.111882565 0.0927144445 0.0492469007 -0.111882565 0.106230198 0.0514974887 -0.112273972 0.106964087 0.0484151631 -0.111882565 0.0927144445 0.0492469007 -0.112273972 0.106964087 0.0484151631 -0.112273972 0.0930079965 0.0460667234 -0.112273972 0.0930079965 0.0460667234 -0.112273972 0.106964087 0.0484151631 -0.111540083 0.11136742 0.0266920957 -0.112273972 0.0930079965 0.0460667234 -0.111540083 0.11136742 0.0266920957 -0.111540083 0.0978027306 0.0236097671 -0.111540083 0.0978027306 0.0236097671 -0.111540083 0.11136742 0.0266920957 -0.110170154 0.118168106 -0.00388654795 -0.111540083 0.0978027306 0.0236097671 -0.110170154 0.118168106 -0.00388654795 -0.110170154 0.104909205 -0.00687102343 -0.110170154 0.104909205 -0.00687102343 -0.110170154 0.118168106 -0.00388654795 -0.10894701 0.125506983 -0.0397002537 -0.110170154 0.104909205 -0.00687102343 -0.10894701 0.125506983 -0.0397002537 -0.10894701 0.11254164 -0.0422443967 -0.10894701 0.11254164 -0.0422443967 -0.10894701 0.125506983 -0.0397002537 -0.108506679 0.13157378 -0.0771774405 -0.10894701 0.11254164 -0.0422443967 -0.108506679 0.13157378 -0.0771774405 -0.108506679 0.118950919 -0.07888984 -0.108506679 0.118950919 -0.07888984 -0.108506679 0.13157378 -0.0771774405 -0.109631974 0.134607184 -0.112709819 -0.108506679 0.118950919 -0.07888984 -0.109631974 0.134607184 -0.112709819 -0.109631974 0.122326806 -0.113101226 -0.109631974 0.122326806 -0.113101226 -0.109631974 0.134607184 -0.112709819 -0.112861076 0.132747999 -0.144854086 -0.109631974 0.122326806 -0.113101226 -0.112861076 0.132747999 -0.144854086 -0.112861076 0.12110365 -0.143141687 -0.112861076 0.12110365 -0.143141687 -0.112861076 0.132747999 -0.144854086 -0.118145071 0.12570268 -0.177047278 -0.112861076 0.12110365 -0.143141687 -0.118145071 0.12570268 -0.177047278 -0.118145071 0.114792219 -0.174111734 -0.118145071 0.114792219 -0.174111734 -0.118145071 0.12570268 -0.177047278 -0.12475006 0.1160643 -0.208714533 -0.118145071 0.114792219 -0.174111734 -0.12475006 0.1160643 -0.208714533 -0.12475006 0.105740943 -0.205436483 -0.12475006 0.105740943 -0.205436483 -0.12475006 0.1160643 -0.208714533 -0.131942152 0.106425907 -0.238950679 -0.12475006 0.105740943 -0.205436483 -0.131942152 0.106425907 -0.238950679 -0.131942152 0.0965795864 -0.236210845 -0.131942152 0.0965795864 -0.236210845 -0.131942152 0.106425907 -0.238950679 -0.139036395 0.0993683571 -0.267034107 -0.131942152 0.0965795864 -0.236210845 -0.139036395 0.0993683571 -0.267034107 -0.139036395 0.0899256739 -0.265566329 -0.139036395 0.0899256739 -0.265566329 -0.139036395 0.0993683571 -0.267034107 -0.14539675 0.097411324 -0.292279828 -0.139036395 0.0899256739 -0.265566329 -0.14539675 0.097411324 -0.292279828 -0.14539675 0.0886535994 -0.292964793 -0.14539675 0.0886535994 -0.292964793 -0.14539675 0.097411324 -0.292279828 -0.152001738 0.10089729 -0.317146386 -0.14539675 0.0886535994 -0.292964793 -0.152001738 0.10089729 -0.317146386 -0.152001738 0.0933015545 -0.319152355 -0.152001738 0.0933015545 -0.319152355 -0.152001738 0.10089729 -0.317146386 -0.15885136 0.107991534 -0.341364672 -0.152001738 0.0933015545 -0.319152355 -0.15885136 0.107991534 -0.341364672 -0.15885136 0.101680104 -0.34381096 -0.15885136 0.101680104 -0.34381096 -0.15885136 0.107991534 -0.341364672 -0.165309563 0.116602479 -0.363381291 -0.15885136 0.101680104 -0.34381096 -0.165309563 0.116602479 -0.363381291 -0.165309563 0.111465269 -0.365729731 -0.165309563 0.111465269 -0.365729731 -0.165309563 0.116602479 -0.363381291 -0.17083818 0.124675245 -0.381875263 -0.165309563 0.111465269 -0.365729731 -0.17083818 0.124675245 -0.381875263 -0.17083818 0.120418697 -0.383881208 -0.17083818 0.120418697 -0.383881208 -0.17083818 0.124675245 -0.381875263 -0.174752246 0.130203862 -0.395623407 -0.17083818 0.120418697 -0.383881208 -0.174752246 0.130203862 -0.395623407 -0.174752246 0.126338721 -0.396895487 -0.174752246 0.126338721 -0.396895487 -0.174752246 0.130203862 -0.395623407 -0.174947956 0.13039956 -0.396504093 -0.174752246 0.126338721 -0.396895487 -0.174947956 0.13039956 -0.396504093 -0.174947956 0.126681203 -0.397727225 -0.174947956 0.126681203 -0.397727225 -0.174947956 0.13039956 -0.396504093 -0.174850107 0.130497408 -0.397482603 -0.174947956 0.126681203 -0.397727225 -0.174850107 0.130497408 -0.397482603 -0.174850107 0.127170458 -0.398558963 -0.174850107 0.127170458 -0.398558963 -0.174850107 0.130497408 -0.397482603 -0.1744587 0.130448484 -0.398656811 -0.174850107 0.127170458 -0.398558963 -0.1744587 0.130448484 -0.398656811 -0.1744587 0.127904347 -0.399488549 -0.1744587 0.127904347 -0.399488549 -0.1744587 0.130448484 -0.398656811 -0.172501667 0.129665671 -0.400516008 -0.0999935819 0.0979005793 0.0598148824 -0.0999935819 0.107649051 0.0582003256 -0.108115272 0.103050021 0.0574175124 -0.108115272 0.103050021 0.0574175124 -0.0999935819 0.107649051 0.0582003256 -0.0999935819 0.111024938 0.0555583339 -0.108115272 0.103050021 0.0574175124 -0.0999935819 0.111024938 0.0555583339 -0.110610485 0.105007054 0.054530893 -0.110610485 0.105007054 0.054530893 -0.0999935819 0.111024938 0.0555583339 -0.0999935819 0.112981971 0.0526717086 -0.110610485 0.105007054 0.054530893 -0.0999935819 0.112981971 0.0526717086 -0.111882565 0.106230198 0.0514974887 -0.111882565 0.106230198 0.0514974887 -0.0999935819 0.112981971 0.0526717086 -0.0999935819 0.113960482 0.049589383 -0.111882565 0.106230198 0.0514974887 -0.0999935819 0.113960482 0.049589383 -0.112273972 0.106964087 0.0484151631 -0.112273972 0.106964087 0.0484151631 -0.0999935819 0.113960482 0.049589383 -0.0995043267 0.118070257 0.0286002015 -0.112273972 0.106964087 0.0484151631 -0.0995043267 0.118070257 0.0286002015 -0.111540083 0.11136742 0.0266920957 -0.111540083 0.11136742 0.0266920957 -0.0995043267 0.118070257 0.0286002015 -0.0984279555 0.12472417 -0.00202736651 -0.111540083 0.11136742 0.0266920957 -0.0984279555 0.12472417 -0.00202736651 -0.110170154 0.118168106 -0.00388654795 -0.110170154 0.118168106 -0.00388654795 -0.0984279555 0.12472417 -0.00202736651 -0.0975472936 0.131916262 -0.0382814062 -0.110170154 0.118168106 -0.00388654795 -0.0975472936 0.131916262 -0.0382814062 -0.10894701 0.125506983 -0.0397002537 -0.10894701 0.125506983 -0.0397002537 -0.0975472936 0.131916262 -0.0382814062 -0.0974983692 0.13788521 -0.0764924759 -0.10894701 0.125506983 -0.0397002537 -0.0974983692 0.13788521 -0.0764924759 -0.108506679 0.13157378 -0.0771774405 -0.108506679 0.13157378 -0.0771774405 -0.0974983692 0.13788521 -0.0764924759 -0.0990150714 0.140771841 -0.113296935 -0.108506679 0.13157378 -0.0771774405 -0.0990150714 0.140771841 -0.113296935 -0.109631974 0.134607184 -0.112709819 -0.109631974 0.134607184 -0.112709819 -0.0990150714 0.140771841 -0.113296935 -0.102782353 0.138374477 -0.147251451 -0.109631974 0.134607184 -0.112709819 -0.102782353 0.138374477 -0.147251451 -0.112861076 0.132747999 -0.144854086 -0.112861076 0.132747999 -0.144854086 -0.102782353 0.138374477 -0.147251451 -0.108506679 0.130693118 -0.18037424 -0.112861076 0.132747999 -0.144854086 -0.108506679 0.130693118 -0.18037424 -0.118145071 0.12570268 -0.177047278 -0.118145071 0.12570268 -0.177047278 -0.108506679 0.130693118 -0.18037424 -0.115649847 0.12056547 -0.212335029 -0.118145071 0.12570268 -0.177047278 -0.115649847 0.12056547 -0.212335029 -0.12475006 0.1160643 -0.208714533 -0.12475006 0.1160643 -0.208714533 -0.115649847 0.12056547 -0.212335029 -0.12338013 0.11073138 -0.242424426 -0.12475006 0.1160643 -0.208714533 -0.12338013 0.11073138 -0.242424426 -0.131942152 0.106425907 -0.238950679 -0.131942152 0.106425907 -0.238950679 -0.12338013 0.11073138 -0.242424426 -0.131012566 0.103832834 -0.269871814 -0.131942152 0.106425907 -0.238950679 -0.131012566 0.103832834 -0.269871814 -0.139036395 0.0993683571 -0.267034107 -0.139036395 0.0993683571 -0.267034107 -0.131012566 0.103832834 -0.269871814 -0.138008948 0.101973661 -0.293943327 -0.139036395 0.0993683571 -0.267034107 -0.138008948 0.101973661 -0.293943327 -0.14539675 0.097411324 -0.292279828 -0.14539675 0.097411324 -0.292279828 -0.138008948 0.101973661 -0.293943327 -0.14549461 0.105202763 -0.318075972 -0.14539675 0.097411324 -0.292279828 -0.14549461 0.105202763 -0.318075972 -0.152001738 0.10089729 -0.317146386 -0.152001738 0.10089729 -0.317146386 -0.14549461 0.105202763 -0.318075972 -0.153273807 0.111758827 -0.341805015 -0.152001738 0.10089729 -0.317146386 -0.153273807 0.111758827 -0.341805015 -0.15885136 0.107991534 -0.341364672 -0.15885136 0.107991534 -0.341364672 -0.153273807 0.111758827 -0.341805015 -0.160661608 0.119782657 -0.363576988 -0.15885136 0.107991534 -0.341364672 -0.160661608 0.119782657 -0.363576988 -0.165309563 0.116602479 -0.363381291 -0.165309563 0.116602479 -0.363381291 -0.160661608 0.119782657 -0.363576988 -0.166924114 0.127317231 -0.382022036 -0.165309563 0.116602479 -0.363381291 -0.166924114 0.127317231 -0.382022036 -0.17083818 0.124675245 -0.381875263 -0.17083818 0.124675245 -0.381875263 -0.166924114 0.127317231 -0.382022036 -0.171425296 0.132405517 -0.395965901 -0.17083818 0.124675245 -0.381875263 -0.171425296 0.132405517 -0.395965901 -0.174752246 0.130203862 -0.395623407 -0.174752246 0.130203862 -0.395623407 -0.171425296 0.132405517 -0.395965901 -0.171669918 0.132552302 -0.396846563 -0.174752246 0.130203862 -0.395623407 -0.171669918 0.132552302 -0.396846563 -0.174947956 0.13039956 -0.396504093 -0.174947956 0.13039956 -0.396504093 -0.171669918 0.132552302 -0.396846563 -0.171963476 0.132454442 -0.397776149 -0.174947956 0.13039956 -0.396504093 -0.171963476 0.132454442 -0.397776149 -0.174850107 0.130497408 -0.397482603 -0.174850107 0.130497408 -0.397482603 -0.171963476 0.132454442 -0.397776149 -0.172208109 0.131916262 -0.398901457 -0.174850107 0.130497408 -0.397482603 -0.172208109 0.131916262 -0.398901457 -0.1744587 0.130448484 -0.398656811 -0.1744587 0.130448484 -0.398656811 -0.172208109 0.131916262 -0.398901457 -0.172501667 0.129665671 -0.400516008</float_array><technique_common><accessor source="#part0-positions-array" count="3348" stride="3"><param name="X" type="float" /><param name="Y" type="float" /><param name="Z" type="float" /></accessor></technique_common></source><source id="part0-normals"><float_array id="part0-normals-array" count="10044">0 -1 0 0 -1 0 0 -1 0 -0 1 -0 -0 1 -0 -0 1 -0 -0 -1 0 -0 -1 0 -0 -1 0 0 1 -0 0 1 -0 0 1 -0 0 -1 -0 0 -1 -0 0 -1 -0 0 1 0 0 1 0 0 1 0 -0.692565266 0 -0.72135522 -0.692565266 0 -0.72135522 -0.692565266 0 -0.72135522 -0.692565266 0 -0.72135522 -0.692565266 0 -0.72135522 -0.692565266 0 -0.72135522 0.721953314 0 -0.691941769 0.721953314 0 -0.691941769 0.721953314 0 -0.691941769 0.721953314 0 -0.691941769 0.721953314 0 -0.691941769 0.721953314 0 -0.691941769 0 -0 1 0 -0 1 0 -0 1 0 0 1 0 0 1 0 0 1 0.184398131 0.1605937 0.969642714 0.184398131 0.1605937 0.969642714 0.184398131 0.1605937 0.969642714 0.391179193 0.567481449 0.724529947 0.391179193 0.567481449 0.724529947 0.391179193 0.567481449 0.724529947 0.391184434 0.567195212 0.724751219 0.391184434 0.567195212 0.724751219 0.391184434 0.567195212 0.724751219 0.464507354 0.736481275 0.491760359 0.464507354 0.736481275 0.491760359 0.464507354 0.736481275 0.491760359 0.464792453 0.732869497 0.496860419 0.464792453 0.732869497 0.496860419 0.464792453 0.732869497 0.496860419 0.495737155 0.828568234 0.260229428 0.495737155 0.828568234 0.260229428 0.495737155 0.828568234 0.260229428 0.496105827 0.827562068 0.26271664 0.496105827 0.827562068 0.26271664 0.496105827 0.827562068 0.26271664 0.499806855 0.85200564 0.155818796 0.499806855 0.85200564 0.155818796 0.499806855 0.85200564 0.155818796 0.498940758 0.852605291 0.155313675 0.498940758 0.852605291 0.155313675 0.498940758 0.852605291 0.155313675 0.499390429 0.850224201 0.166517288 0.499390429 0.850224201 0.166517288 0.499390429 0.850224201 0.166517288 0.500673022 0.849387393 0.16693586 0.500673022 0.849387393 0.16693586 0.500673022 0.849387393 0.16693586 0.500300216 0.85142778 0.157386242 0.500300216 0.85142778 0.157386242 0.500300216 0.85142778 0.157386242 0.498780828 0.852393289 0.15698206 0.498780828 0.852393289 0.15698206 0.498780828 0.852393289 0.15698206 0.49826908 0.856686635 0.133476341 0.49826908 0.856686635 0.133476341 0.49826908 0.856686635 0.133476341 0.497517343 0.85715717 0.133259442 0.497517343 0.85715717 0.133259442 0.497517343 0.85715717 0.133259442 0.497909927 0.862677635 0.0887299427 0.497909927 0.862677635 0.0887299427 0.497909927 0.862677635 0.0887299427 0.496527354 0.863529485 0.0881896495 0.496527354 0.863529485 0.0881896495 0.496527354 0.863529485 0.0881896495 0.502110127 0.864803472 0.000612234369 0.502110127 0.864803472 0.000612234369 0.502110127 0.864803472 0.000612234369 0.488323973 0.87263077 -0.00743212086 0.488323973 0.87263077 -0.00743212086 0.488323973 0.87263077 -0.00743212086 0.503226894 0.857737433 -0.105115127 0.503226894 0.857737433 -0.105115127 0.503226894 0.857737433 -0.105115127 0.489242345 0.864504899 -0.11520941 0.489242345 0.864504899 -0.11520941 0.489242345 0.864504899 -0.11520941 0.49753793 0.853309866 -0.1559432 0.49753793 0.853309866 -0.1559432 0.49753793 0.853309866 -0.1559432 0.488747021 0.857079177 -0.162916029 0.488747021 0.857079177 -0.162916029 0.488747021 0.857079177 -0.162916029 0.487522019 0.858736863 -0.157776046 0.487522019 0.858736863 -0.157776046 0.487522019 0.858736863 -0.157776046 0.492884153 0.856484233 -0.153297003 0.492884153 0.856484233 -0.153297003 0.492884153 0.856484233 -0.153297003 0.478638482 0.872486248 -0.0983511558 0.478638482 0.872486248 -0.0983511558 0.478638482 0.872486248 -0.0983511558 0.505105958 0.859737518 -0.0756265239 0.505105958 0.859737518 -0.0756265239 0.505105958 0.859737518 -0.0756265239 0.471848481 0.880224044 0.0506423127 0.471848481 0.880224044 0.0506423127 0.471848481 0.880224044 0.0506423127 0.510197758 0.85612322 0.0821661774 0.510197758 0.85612322 0.0821661774 0.510197758 0.85612322 0.0821661774 0.469295235 0.84876508 0.24363871 0.469295235 0.84876508 0.24363871 0.469295235 0.84876508 0.24363871 0.505076364 0.820896149 0.266509623 0.505076364 0.820896149 0.266509623 0.505076364 0.820896149 0.266509623 0.475781559 0.798643818 0.368510461 0.475781559 0.798643818 0.368510461 0.475781559 0.798643818 0.368510461 0.497318776 0.780553075 0.378696357 0.497318776 0.780553075 0.378696357 0.497318776 0.780553075 0.378696357 0.479162904 0.760609112 0.438037316 0.479162904 0.760609112 0.438037316 0.479162904 0.760609112 0.438037316 0.493398858 0.748397284 0.443237038 0.493398858 0.748397284 0.443237038 0.493398858 0.748397284 0.443237038 0.485658524 0.738582504 0.467580671 0.485658524 0.738582504 0.467580671 0.485658524 0.738582504 0.467580671 0.482738964 0.741094367 0.466628581 0.482738964 0.741094367 0.466628581 0.482738964 0.741094367 0.466628581 0.49006838 0.750647204 0.443127248 0.49006838 0.750647204 0.443127248 0.49006838 0.750647204 0.443127248 0.461578757 0.774926167 0.4317806 0.461578757 0.774926167 0.4317806 0.461578757 0.774926167 0.4317806 0.507363511 0.819440789 0.266644072 0.507363511 0.819440789 0.266644072 0.507363511 0.819440789 0.266644072 0.5061005 0.807394717 0.303275541 0.5061005 0.807394717 0.303275541 0.5061005 0.807394717 0.303275541 0.55242063 0.833092862 0.028066538 0.55242063 0.833092862 0.028066538 0.55242063 0.833092862 0.028066538 0.556057919 0.829042641 0.0590583594 0.556057919 0.829042641 0.0590583594 0.556057919 0.829042641 0.0590583594 0.562596662 0.79672028 -0.220730131 0.562596662 0.79672028 -0.220730131 0.562596662 0.79672028 -0.220730131 0.547049592 0.795238452 -0.261404952 0.547049592 0.795238452 -0.261404952 0.547049592 0.795238452 -0.261404952 0.4415929 0.560309561 -0.700748819 0.4415929 0.560309561 -0.700748819 0.4415929 0.560309561 -0.700748819 0.366404744 -0.150407884 0.918218401 0.366404744 -0.150407884 0.918218401 0.366404744 -0.150407884 0.918218401 0.786114039 -0.0999126999 0.609952596 0.786114039 -0.0999126999 0.609952596 0.786114039 -0.0999126999 0.609952596 0.784101026 -0.101529739 0.612272238 0.784101026 -0.101529739 0.612272238 0.784101026 -0.101529739 0.612272238 0.929342181 -0.0604008432 0.364245589 0.929342181 -0.0604008432 0.364245589 0.929342181 -0.0604008432 0.364245589 0.928995058 -0.0607892234 0.365065545 0.928995058 -0.0607892234 0.365065545 0.928995058 -0.0607892234 0.365065545 0.992534347 -0.0200333493 0.120308916 0.992534347 -0.0200333493 0.120308916 0.992534347 -0.0200333493 0.120308916 0.992422663 -0.0203892567 0.121167389 0.992422663 -0.0203892567 0.121167389 0.992422663 -0.0203892567 0.121167389 0.999488715 0.00530571019 -0.031530284 0.999488715 0.00530571019 -0.031530284 0.999488715 0.00530571019 -0.031530284 0.999451998 0.00733471673 -0.032278569 0.999451998 0.00733471673 -0.032278569 0.999451998 0.00733471673 -0.032278569 0.999026307 0.00977590367 -0.043021727 0.999026307 0.00977590367 -0.043021727 0.999026307 0.00977590367 -0.043021727 0.999028038 0.00967970577 -0.0430032879 0.999028038 0.00967970577 -0.0430032879 0.999028038 0.00967970577 -0.0430032879 0.999429215 0.0074185198 -0.03295769 0.999429215 0.0074185198 -0.03295769 0.999429215 0.0074185198 -0.03295769 0.999440721 0.00643904983 -0.0328143848 0.999440721 0.00643904983 -0.0328143848 0.999440721 0.00643904983 -0.0328143848 0.999944633 0.00202622074 -0.0103259314 0.999944633 0.00202622074 -0.0103259314 0.999944633 0.00202622074 -0.0103259314 0.999946825 0.00138628121 -0.0102188972 0.999946825 0.00138628121 -0.0102188972 0.999946825 0.00138628121 -0.0102188972 0.999509541 -0.00420969435 0.0310315351 0.999509541 -0.00420969435 0.0310315351 0.999509541 -0.00420969435 0.0310315351 0.999543513 -0.000962444768 0.0301966936 0.999543513 -0.000962444768 0.0301966936 0.999543513 -0.000962444768 0.0301966936 0.994208528 -0.00342354231 0.107413601 0.994208528 -0.00342354231 0.107413601 0.994208528 -0.00342354231 0.107413601 0.994932009 0.0146293753 0.0994800375 0.994932009 0.0146293753 0.0994800375 0.994932009 0.0146293753 0.0994800375 0.986271069 0.024025999 0.163377262 0.986271069 0.024025999 0.163377262 0.986271069 0.024025999 0.163377262 0.987360549 0.0411785535 0.153047289 0.987360549 0.0411785535 0.153047289 0.987360549 0.0411785535 0.153047289 0.980087025 0.0515915841 0.191749137 0.980087025 0.0515915841 0.191749137 0.980087025 0.0515915841 0.191749137 0.980665176 0.0592256919 0.186515762 0.980665176 0.0592256919 0.186515762 0.980665176 0.0592256919 0.186515762 0.97581282 0.0661606885 0.208355712 0.97581282 0.0661606885 0.208355712 0.97581282 0.0661606885 0.208355712 0.975235535 0.0592898058 0.213073628 0.975235535 0.0592898058 0.213073628 0.975235535 0.0592898058 0.213073628 0.973271313 0.0615656282 0.221252399 0.973271313 0.0615656282 0.221252399 0.973271313 0.0615656282 0.221252399 0.971041482 0.0366958248 0.236075955 0.971041482 0.0366958248 0.236075955 0.971041482 0.0366958248 0.236075955 0.973859678 0.0348894571 0.224455015 0.973859678 0.0348894571 0.224455015 0.973859678 0.0348894571 0.224455015 0.969165747 -0.0192136726 0.245659499 0.969165747 -0.0192136726 0.245659499 0.969165747 -0.0192136726 0.245659499 0.970250856 -0.0188777632 0.241364676 0.970250856 -0.0188777632 0.241364676 0.970250856 -0.0188777632 0.241364676 0.966654944 -0.0653874288 0.247593827 0.966654944 -0.0653874288 0.247593827 0.966654944 -0.0653874288 0.247593827 0.96695888 -0.0650937766 0.246481894 0.96695888 -0.0650937766 0.246481894 0.96695888 -0.0650937766 0.246481894 0.964843519 -0.0949847767 0.245060965 0.964843519 -0.0949847767 0.245060965 0.964843519 -0.0949847767 0.245060965 0.965577643 -0.0940053839 0.242534129 0.965577643 -0.0940053839 0.242534129 0.965577643 -0.0940053839 0.242534129 0.964547115 -0.10972348 0.240020042 0.964547115 -0.10972348 0.240020042 0.964547115 -0.10972348 0.240020042 0.964628964 -0.109599033 0.239747814 0.964628964 -0.109599033 0.239747814 0.964628964 -0.109599033 0.239747814 0.964429178 -0.112687469 0.239118998 0.964429178 -0.112687469 0.239118998 0.964429178 -0.112687469 0.239118998 0.963659839 -0.113877268 0.241643712 0.963659839 -0.113877268 0.241643712 0.963659839 -0.113877268 0.241643712 0.965914177 -0.0809256581 0.245887863 0.965914177 -0.0809256581 0.245887863 0.965914177 -0.0809256581 0.245887863 0.986879464 -0.0504752668 0.153366136 0.986879464 -0.0504752668 0.153366136 0.986879464 -0.0504752668 0.153366136 0.986897247 -0.05041751 0.153270668 0.986897247 -0.05041751 0.153270668 0.986897247 -0.05041751 0.153270668 0.994659336 0.032251091 -0.0980442362 0.994659336 0.032251091 -0.0980442362 0.994659336 0.032251091 -0.0980442362 0.994857602 0.0311769391 -0.0963657136 0.994857602 0.0311769391 -0.0963657136 0.994857602 0.0311769391 -0.0963657136 0.943119106 0.1023358 -0.31631272 0.943119106 0.1023358 -0.31631272 0.943119106 0.1023358 -0.31631272 0.942219037 0.104096774 -0.318413485 0.942219037 0.104096774 -0.318413485 0.942219037 0.104096774 -0.318413485 0.61438512 0.245175034 -0.74994675 0.61438512 0.245175034 -0.74994675 0.61438512 0.245175034 -0.74994675 0.180929662 -0.466855317 0.86562727 0.180929662 -0.466855317 0.86562727 0.180929662 -0.466855317 0.86562727 0.389284536 -0.772782158 0.501263689 0.389284536 -0.772782158 0.501263689 0.389284536 -0.772782158 0.501263689 0.394198525 -0.774442417 0.494819629 0.394198525 -0.774442417 0.494819629 0.394198525 -0.774442417 0.494819629 0.46683463 -0.855706932 0.223228751 0.46683463 -0.855706932 0.223228751 0.46683463 -0.855706932 0.223228751 0.4634925 -0.855478443 0.230935784 0.4634925 -0.855478443 0.230935784 0.4634925 -0.855478443 0.230935784 0.495151545 -0.868407971 -0.0263161961 0.495151545 -0.868407971 -0.0263161961 0.495151545 -0.868407971 -0.0263161961 0.493349266 -0.869611554 -0.0195511187 0.493349266 -0.869611554 -0.0195511187 0.493349266 -0.869611554 -0.0195511187 0.496621882 -0.845666439 -0.195486521 0.496621882 -0.845666439 -0.195486521 0.496621882 -0.845666439 -0.195486521 0.498405253 -0.844365936 -0.196566452 0.498405253 -0.844365936 -0.196566452 0.498405253 -0.844365936 -0.196566452 0.497682711 -0.839672951 -0.217396538 0.497682711 -0.839672951 -0.217396538 0.497682711 -0.839672951 -0.217396538 0.499467942 -0.838423468 -0.218123503 0.499467942 -0.838423468 -0.218123503 0.499467942 -0.838423468 -0.218123503 0.500177166 -0.842691837 -0.1992317 0.500177166 -0.842691837 -0.1992317 0.500177166 -0.842691837 -0.1992317 0.499922946 -0.842862239 -0.199148922 0.499922946 -0.842862239 -0.199148922 0.499922946 -0.842862239 -0.199148922 0.500750093 -0.851748444 -0.154187979 0.500750093 -0.851748444 -0.154187979 0.500750093 -0.851748444 -0.154187979 0.501074878 -0.851539661 -0.15428601 0.501074878 -0.851539661 -0.15428601 0.501074878 -0.851539661 -0.15428601 0.499570202 -0.863584319 -0.0682036467 0.499570202 -0.863584319 -0.0682036467 0.499570202 -0.863584319 -0.0682036467 0.502731335 -0.861667682 -0.0692099067 0.502731335 -0.861667682 -0.0692099067 0.502731335 -0.861667682 -0.0692099067 0.490132324 -0.866297911 0.0964273547 0.490132324 -0.866297911 0.0964273547 0.490132324 -0.866297911 0.0964273547 0.509015732 -0.856062374 0.0897785931 0.509015732 -0.856062374 0.0897785931 0.509015732 -0.856062374 0.0897785931 0.485374415 -0.834627274 0.260401596 0.485374415 -0.834627274 0.260401596 0.485374415 -0.834627274 0.260401596 0.504054757 -0.82541215 0.254211694 0.504054757 -0.82541215 0.254211694 0.504054757 -0.82541215 0.254211694 0.488156355 -0.804645796 0.338006681 0.488156355 -0.804645796 0.338006681 0.488156355 -0.804645796 0.338006681 0.495000502 -0.801332311 0.335918189 0.495000502 -0.801332311 0.335918189 0.495000502 -0.801332311 0.335918189 0.491629037 -0.797033846 0.350767642 0.491629037 -0.797033846 0.350767642 0.491629037 -0.797033846 0.350767642 0.487746217 -0.798948515 0.351830781 0.487746217 -0.798948515 0.351830781 0.487746217 -0.798948515 0.351830781 0.50168484 -0.813417897 0.294386898 0.50168484 -0.813417897 0.294386898 0.50168484 -0.813417897 0.294386898 0.469638512 -0.829754726 0.30157381 0.469638512 -0.829754726 0.30157381 0.469638512 -0.829754726 0.30157381 0.509322769 -0.849076209 0.140213797 0.509322769 -0.849076209 0.140213797 0.509322769 -0.849076209 0.140213797 0.458279299 -0.876553754 0.14708365 0.458279299 -0.876553754 0.14708365 0.458279299 -0.876553754 0.14708365 0.507774854 -0.86067776 -0.0373963982 0.507774854 -0.86067776 -0.0373963982 0.507774854 -0.86067776 -0.0373963982 0.468387644 -0.882682587 -0.0385287551 0.468387644 -0.882682587 -0.0385287551 0.468387644 -0.882682587 -0.0385287551 0.504236688 -0.848946773 -0.158223698 0.504236688 -0.848946773 -0.158223698 0.504236688 -0.848946773 -0.158223698 0.471374045 -0.866639504 -0.163531282 0.471374045 -0.866639504 -0.163531282 0.471374045 -0.866639504 -0.163531282 0.492938828 -0.838597574 -0.231873717 0.492938828 -0.838597574 -0.231873717 0.492938828 -0.838597574 -0.231873717 0.483344191 -0.843531984 -0.234162733 0.483344191 -0.843531984 -0.234162733 0.483344191 -0.843531984 -0.234162733 0.492784983 -0.829772003 -0.261995006 0.492784983 -0.829772003 -0.261995006 0.492784983 -0.829772003 -0.261995006 0.483155634 -0.834618125 -0.264524514 0.483155634 -0.834618125 -0.264524514 0.483155634 -0.834618125 -0.264524514 0.472536108 -0.850215333 -0.232042051 0.472536108 -0.850215333 -0.232042051 0.472536108 -0.850215333 -0.232042051 0.503598018 -0.833864409 -0.225962792 0.503598018 -0.833864409 -0.225962792 0.503598018 -0.833864409 -0.225962792 0.504016118 -0.833172217 -0.227578142 0.504016118 -0.833172217 -0.227578142 0.504016118 -0.833172217 -0.227578142 0.514319471 -0.821149836 -0.247362949 0.514319471 -0.821149836 -0.247362949 0.514319471 -0.821149836 -0.247362949 0.553165825 -0.692976031 -0.462376245 0.553165825 -0.692976031 -0.462376245 0.553165825 -0.692976031 -0.462376245 0.556141638 -0.686100016 -0.469013055 0.556141638 -0.686100016 -0.469013055 0.556141638 -0.686100016 -0.469013055 0.560240225 -0.485090568 -0.671429841 0.560240225 -0.485090568 -0.671429841 0.560240225 -0.485090568 -0.671429841 0.548535105 -0.528322087 -0.648062505 0.548535105 -0.528322087 -0.648062505 0.548535105 -0.528322087 -0.648062505 0.432510865 -0.0447430055 -0.900517859 0.432510865 -0.0447430055 -0.900517859 0.432510865 -0.0447430055 -0.900517859 -0.181990091 -0.466762433 0.865455047 -0.181990091 -0.466762433 0.865455047 -0.181990091 -0.466762433 0.865455047 -0.393923713 -0.775454078 0.493452207 -0.393923713 -0.775454078 0.493452207 -0.393923713 -0.775454078 0.493452207 -0.394033634 -0.771086169 0.500163589 -0.394033634 -0.771086169 0.500163589 -0.394033634 -0.771086169 0.500163589 -0.467177617 -0.85312166 0.232225123 -0.467177617 -0.85312166 0.232225123 -0.467177617 -0.85312166 0.232225123 -0.466768061 -0.855740932 0.22323762 -0.466768061 -0.855740932 0.22323762 -0.466768061 -0.855740932 0.22323762 -0.496636919 -0.867750961 -0.018974739 -0.496636919 -0.867750961 -0.018974739 -0.496636919 -0.867750961 -0.018974739 -0.495627199 -0.868136838 -0.0263079797 -0.495627199 -0.868136838 -0.0263079797 -0.495627199 -0.868136838 -0.0263079797 -0.498912793 -0.848747353 -0.175253977 -0.498912793 -0.848747353 -0.175253977 -0.498912793 -0.848747353 -0.175253977 -0.500046605 -0.848277374 -0.174295407 -0.500046605 -0.848277374 -0.174295407 -0.500046605 -0.848277374 -0.174295407 -0.500347212 -0.846025462 -0.184102106 -0.500347212 -0.846025462 -0.184102106 -0.500347212 -0.846025462 -0.184102106 -0.501293995 -0.845601447 -0.183473498 -0.501293995 -0.845601447 -0.183473498 -0.501293995 -0.845601447 -0.183473498 -0.501072088 -0.847487239 -0.175191731 -0.501072088 -0.847487239 -0.175191731 -0.501072088 -0.847487239 -0.175191731 -0.500667223 -0.847679288 -0.175419945 -0.500667223 -0.847679288 -0.175419945 -0.500667223 -0.847679288 -0.175419945 -0.500338639 -0.852249677 -0.152747288 -0.500338639 -0.852249677 -0.152747288 -0.500338639 -0.852249677 -0.152747288 -0.499849301 -0.852493882 -0.152986464 -0.499849301 -0.852493882 -0.152986464 -0.499849301 -0.852493882 -0.152986464 -0.500699213 -0.858585349 -0.110143073 -0.500699213 -0.858585349 -0.110143073 -0.500699213 -0.858585349 -0.110143073 -0.49564202 -0.861248338 -0.112206454 -0.49564202 -0.861248338 -0.112206454 -0.49564202 -0.861248338 -0.112206454 -0.502931425 -0.864119313 -0.018915473 -0.502931425 -0.864119313 -0.018915473 -0.502931425 -0.864119313 -0.018915473 -0.477635251 -0.878177333 -0.0258677226 -0.477635251 -0.878177333 -0.0258677226 -0.477635251 -0.878177333 -0.0258677226 -0.496041677 -0.8638828 0.0874594943 -0.496041677 -0.8638828 0.0874594943 -0.496041677 -0.8638828 0.0874594943 -0.481357943 -0.872285838 0.0860926746 -0.481357943 -0.872285838 0.0860926746 -0.481357943 -0.872285838 0.0860926746 -0.491873855 -0.860181427 0.1347146 -0.491873855 -0.860181427 0.1347146 -0.491873855 -0.860181427 0.1347146 -0.483884189 -0.864687853 0.134799885 -0.483884189 -0.864687853 0.134799885 -0.483884189 -0.864687853 0.134799885 -0.481806447 -0.867098017 0.126505242 -0.481806447 -0.867098017 0.126505242 -0.481806447 -0.867098017 0.126505242 -0.48773695 -0.863817169 0.126224267 -0.48773695 -0.863817169 0.126224267 -0.48773695 -0.863817169 0.126224267 -0.4675279 -0.882397814 0.0528371198 -0.4675279 -0.882397814 0.0528371198 -0.4675279 -0.882397814 0.0528371198 -0.494606245 -0.867538318 0.0523634366 -0.494606245 -0.867538318 0.0523634366 -0.494606245 -0.867538318 0.0523634366 -0.446381908 -0.887438511 -0.114874198 -0.446381908 -0.887438511 -0.114874198 -0.446381908 -0.887438511 -0.114874198 -0.505632972 -0.855718937 -0.109910866 -0.505632972 -0.855718937 -0.109910866 -0.505632972 -0.855718937 -0.109910866 -0.447359083 -0.836873872 -0.315455183 -0.447359083 -0.836873872 -0.315455183 -0.447359083 -0.836873872 -0.315455183 -0.495560082 -0.812028546 -0.308269112 -0.495560082 -0.812028546 -0.308269112 -0.495560082 -0.812028546 -0.308269112 -0.452644156 -0.774498716 -0.441888003 -0.452644156 -0.774498716 -0.441888003 -0.452644156 -0.774498716 -0.441888003 -0.480682903 -0.760264697 -0.436968577 -0.480682903 -0.760264697 -0.436968577 -0.480682903 -0.760264697 -0.436968577 -0.455052035 -0.730805869 -0.508773454 -0.455052035 -0.730805869 -0.508773454 -0.455052035 -0.730805869 -0.508773454 -0.472903954 -0.72177137 -0.505379006 -0.472903954 -0.72177137 -0.505379006 -0.472903954 -0.72177137 -0.505379006 -0.461791979 -0.706770198 -0.535932883 -0.461791979 -0.706770198 -0.535932883 -0.461791979 -0.706770198 -0.535932883 -0.462513834 -0.706408328 -0.535787484 -0.462513834 -0.706408328 -0.535787484 -0.462513834 -0.706408328 -0.535787484 -0.474901823 -0.722666557 -0.502216394 -0.474901823 -0.722666557 -0.502216394 -0.474901823 -0.722666557 -0.502216394 -0.445963395 -0.736620318 -0.508435992 -0.445963395 -0.736620318 -0.508435992 -0.445963395 -0.736620318 -0.508435992 -0.456884206 -0.748526538 -0.480588019 -0.456884206 -0.748526538 -0.480588019 -0.456884206 -0.748526538 -0.480588019 -0.42719514 -0.734405208 -0.527402411 -0.42719514 -0.734405208 -0.527402411 -0.42719514 -0.734405208 -0.527402411 -0.333761794 -0.621046305 -0.709157636 -0.333761794 -0.621046305 -0.709157636 -0.333761794 -0.621046305 -0.709157636 -0.343229282 -0.62685178 -0.699464442 -0.343229282 -0.62685178 -0.699464442 -0.343229282 -0.62685178 -0.699464442 -0.193663014 -0.428732177 -0.88243037 -0.193663014 -0.428732177 -0.88243037 -0.193663014 -0.428732177 -0.88243037 -0.182502579 -0.421771721 -0.888144934 -0.182502579 -0.421771721 -0.888144934 -0.182502579 -0.421771721 -0.888144934 0.103376863 -0.0106942783 -0.994584766 0.103376863 -0.0106942783 -0.994584766 0.103376863 -0.0106942783 -0.994584766 -0.368325081 -0.150285273 0.917469875 -0.368325081 -0.150285273 0.917469875 -0.368325081 -0.150285273 0.917469875 -0.785301632 -0.100079502 0.610970899 -0.785301632 -0.100079502 0.610970899 -0.785301632 -0.100079502 0.610970899 -0.7873177 -0.100861358 0.608241585 -0.7873177 -0.100861358 0.608241585 -0.7873177 -0.100861358 0.608241585 -0.92701367 -0.0613509679 0.369975289 -0.92701367 -0.0613509679 0.369975289 -0.92701367 -0.0613509679 0.369975289 -0.929219917 -0.0619791433 0.364292371 -0.929219917 -0.0619791433 0.364292371 -0.929219917 -0.0619791433 0.364292371 -0.992647914 -0.0203011077 0.119323021 -0.992647914 -0.0203011077 0.119323021 -0.992647914 -0.0203011077 0.119323021 -0.99253248 -0.0202415262 0.120289471 -0.99253248 -0.0202415262 0.120289471 -0.99253248 -0.0202415262 0.120289471 -0.999905541 -0.00228076126 0.0135538971 -0.999905541 -0.00228076126 0.0135538971 -0.999905541 -0.00228076126 0.0135538971 -0.999912309 -0.00293440283 0.0129136933 -0.999912309 -0.00293440283 0.0129136933 -0.999912309 -0.00293440283 0.0129136933 -0.999688636 -0.00552906938 0.0243322783 -0.999688636 -0.00552906938 0.0243322783 -0.999688636 -0.00552906938 0.0243322783 -0.999688298 -0.00550183266 0.0243523575 -0.999688298 -0.00550183266 0.0243523575 -0.999688298 -0.00550183266 0.0243523575 -0.999873815 -0.00350074653 0.0154950971 -0.999873815 -0.00350074653 0.0154950971 -0.999873815 -0.00350074653 0.0154950971 -0.999870897 -0.00304774759 0.0157765852 -0.999870897 -0.00304774759 0.0157765852 -0.999870897 -0.00304774759 0.0157765852 -0.999960738 0.00168075518 -0.00870038494 -0.999960738 0.00168075518 -0.00870038494 -0.999960738 0.00168075518 -0.00870038494 -0.999959321 0.00124650477 -0.00893328207 -0.999959321 0.00124650477 -0.00893328207 -0.999959321 0.00124650477 -0.00893328207 -0.9985233 0.00750751805 -0.0538038666 -0.9985233 0.00750751805 -0.0538038666 -0.9985233 0.00750751805 -0.0538038666 -0.998409512 0.00179598795 -0.0563491013 -0.998409512 0.00179598795 -0.0563491013 -0.998409512 0.00179598795 -0.0563491013 -0.992191114 0.00397334233 -0.12466357 -0.992191114 0.00397334233 -0.12466357 -0.992191114 0.00397334233 -0.12466357 -0.991097629 -0.019830487 -0.13165197 -0.991097629 -0.019830487 -0.13165197 -0.991097629 -0.019830487 -0.13165197 -0.983110469 -0.0272594135 -0.180971627 -0.983110469 -0.0272594135 -0.180971627 -0.983110469 -0.0272594135 -0.180971627 -0.981748428 -0.050180031 -0.183444781 -0.981748428 -0.050180031 -0.183444781 -0.981748428 -0.050180031 -0.183444781 -0.975249222 -0.0583393929 -0.213273227 -0.975249222 -0.0583393929 -0.213273227 -0.975249222 -0.0583393929 -0.213273227 -0.974588928 -0.0680855953 -0.213402842 -0.974588928 -0.0680855953 -0.213402842 -0.974588928 -0.0680855953 -0.213402842 -0.967905314 -0.0763878112 -0.23942474 -0.967905314 -0.0763878112 -0.23942474 -0.967905314 -0.0763878112 -0.23942474 -0.968551404 -0.0678045171 -0.239396585 -0.968551404 -0.0678045171 -0.239396585 -0.968551404 -0.0678045171 -0.239396585 -0.961477647 -0.0749087766 -0.264479508 -0.961477647 -0.0749087766 -0.264479508 -0.961477647 -0.0749087766 -0.264479508 -0.964425558 -0.0392801678 -0.261419989 -0.964425558 -0.0392801678 -0.261419989 -0.964425558 -0.0392801678 -0.261419989 -0.955943158 -0.0436185574 -0.290293129 -0.955943158 -0.0436185574 -0.290293129 -0.955943158 -0.0436185574 -0.290293129 -0.962118095 0.0196384149 -0.271924812 -0.962118095 0.0196384149 -0.271924812 -0.962118095 0.0196384149 -0.271924812 -0.948311427 0.0228588519 -0.31651684 -0.948311427 0.0228588519 -0.31651684 -0.948311427 0.0228588519 -0.31651684 -0.953956861 0.0748366734 -0.29045788 -0.953956861 0.0748366734 -0.29045788 -0.953956861 0.0748366734 -0.29045788 -0.943159007 0.0829200438 -0.32183125 -0.943159007 0.0829200438 -0.32183125 -0.943159007 0.0829200438 -0.32183125 -0.94680471 0.117090142 -0.29975113 -0.94680471 0.117090142 -0.29975113 -0.94680471 0.117090142 -0.29975113 -0.941685095 0.122433914 -0.313431202 -0.941685095 0.122433914 -0.313431202 -0.941685095 0.122433914 -0.313431202 -0.94328234 0.138028785 -0.301937879 -0.94328234 0.138028785 -0.301937879 -0.94328234 0.138028785 -0.301937879 -0.940821876 0.140901623 -0.30822221 -0.940821876 0.140901623 -0.30822221 -0.940821876 0.140901623 -0.30822221 -0.940884707 0.141496756 -0.30775743 -0.940884707 0.141496756 -0.30775743 -0.940884707 0.141496756 -0.30775743 -0.943512077 0.138410206 -0.301044141 -0.943512077 0.138410206 -0.301044141 -0.943512077 0.138410206 -0.301044141 -0.939338663 0.104686166 -0.326624682 -0.939338663 0.104686166 -0.326624682 -0.939338663 0.104686166 -0.326624682 -0.927810774 0.113860968 -0.3552504 -0.927810774 0.113860968 -0.3552504 -0.927810774 0.113860968 -0.3552504 -0.925180739 0.114286204 -0.361910575 -0.925180739 0.114286204 -0.361910575 -0.925180739 0.114286204 -0.361910575 -0.767384585 0.193079481 -0.611425558 -0.767384585 0.193079481 -0.611425558 -0.767384585 0.193079481 -0.611425558 -0.777857056 0.193445192 -0.597927552 -0.777857056 0.193445192 -0.597927552 -0.777857056 0.193445192 -0.597927552 -0.565874435 0.253792864 -0.784458607 -0.565874435 0.253792864 -0.784458607 -0.565874435 0.253792864 -0.784458607 -0.571545627 0.2549832 -0.77994818 -0.571545627 0.2549832 -0.77994818 -0.571545627 0.2549832 -0.77994818 -0.0771872693 0.309811956 -0.947659579 -0.0771872693 0.309811956 -0.947659579 -0.0771872693 0.309811956 -0.947659579 -0.18547746 0.160560512 0.969442331 -0.18547746 0.160560512 0.969442331 -0.18547746 0.160560512 0.969442331 -0.393065772 0.566700967 0.724119681 -0.393065772 0.566700967 0.724119681 -0.393065772 0.566700967 0.724119681 -0.393123977 0.566744564 0.724053961 -0.393123977 0.566744564 0.724053961 -0.393123977 0.566744564 0.724053961 -0.465452427 0.73258248 0.496665831 -0.465452427 0.73258248 0.496665831 -0.465452427 0.73258248 0.496665831 -0.464779207 0.732027585 0.49811234 -0.464779207 0.732027585 0.49811234 -0.464779207 0.732027585 0.49811234 -0.4966931 0.827241991 0.262615029 -0.4966931 0.827241991 0.262615029 -0.4966931 0.827241991 0.262615029 -0.498343859 0.828197558 0.256402424 -0.498343859 0.828197558 0.256402424 -0.498343859 0.828197558 0.256402424 -0.501412844 0.846805905 0.177496251 -0.501412844 0.846805905 0.177496251 -0.501412844 0.846805905 0.177496251 -0.499209898 0.847723561 0.179316041 -0.499209898 0.847723561 0.179316041 -0.499209898 0.847723561 0.179316041 -0.49865857 0.843238384 0.20072035 -0.49865857 0.843238384 0.20072035 -0.49865857 0.843238384 0.20072035 -0.502784725 0.841352997 0.19832462 -0.502784725 0.841352997 0.19832462 -0.502784725 0.841352997 0.19832462 -0.503239063 0.845214192 0.179898348 -0.503239063 0.845214192 0.179898348 -0.503239063 0.845214192 0.179898348 -0.498758795 0.847385773 0.182145591 -0.498758795 0.847385773 0.182145591 -0.498758795 0.847385773 0.182145591 -0.499174326 0.856021537 0.13435818 -0.499174326 0.856021537 0.13435818 -0.499174326 0.856021537 0.13435818 -0.497774771 0.856731112 0.135026214 -0.497774771 0.856731112 0.135026214 -0.497774771 0.856731112 0.135026214 -0.495604479 0.867243253 0.0475955937 -0.495604479 0.867243253 0.0475955937 -0.495604479 0.867243253 0.0475955937 -0.503577815 0.86284554 0.043668729 -0.503577815 0.86284554 0.043668729 -0.503577815 0.86284554 0.043668729 -0.489115587 0.864563136 -0.115310567 -0.489115587 0.864563136 -0.115310567 -0.489115587 0.864563136 -0.115310567 -0.50428544 0.854728555 -0.123025571 -0.50428544 0.854728555 -0.123025571 -0.50428544 0.854728555 -0.123025571 -0.480963677 0.831913336 -0.276756468 -0.480963677 0.831913336 -0.276756468 -0.480963677 0.831913336 -0.276756468 -0.496501188 0.820336538 -0.283786072 -0.496501188 0.820336538 -0.283786072 -0.496501188 0.820336538 -0.283786072 -0.480541526 0.79957742 -0.360216311 -0.480541526 0.79957742 -0.360216311 -0.480541526 0.79957742 -0.360216311 -0.485761203 0.795409519 -0.362435858 -0.485761203 0.795409519 -0.362435858 -0.485761203 0.795409519 -0.362435858 -0.481084997 0.789285406 -0.381557039 -0.481084997 0.789285406 -0.381557039 -0.481084997 0.789285406 -0.381557039 -0.473828999 0.79524635 -0.378245056 -0.473828999 0.79524635 -0.378245056 -0.473828999 0.79524635 -0.378245056 -0.484710381 0.806900775 -0.337589968 -0.484710381 0.806900775 -0.337589968 -0.484710381 0.806900775 -0.337589968 -0.467730937 0.820757468 -0.328001446 -0.467730937 0.820757468 -0.328001446 -0.467730937 0.820757468 -0.328001446 -0.499611446 0.840379839 -0.210119322 -0.499611446 0.840379839 -0.210119322 -0.499611446 0.840379839 -0.210119322 -0.448511218 0.877241162 -0.171130452 -0.448511218 0.877241162 -0.171130452 -0.448511218 0.877241162 -0.171130452 -0.489483707 0.87129983 -0.0352463677 -0.489483707 0.87129983 -0.0352463677 -0.489483707 0.87129983 -0.0352463677 -0.453780357 0.891104098 -0.00410775815 -0.453780357 0.891104098 -0.00410775815 -0.453780357 0.891104098 -0.00410775815 -0.48251896 0.871969841 0.0827287728 -0.48251896 0.871969841 0.0827287728 -0.48251896 0.871969841 0.0827287728 -0.456155571 0.88353063 0.106281331 -0.456155571 0.88353063 0.106281331 -0.456155571 0.88353063 0.106281331 -0.474192395 0.866077223 0.158277653 -0.474192395 0.866077223 0.158277653 -0.474192395 0.866077223 0.158277653 -0.456178538 0.872662138 0.174246764 -0.456178538 0.872662138 0.174246764 -0.456178538 0.872662138 0.174246764 -0.463871524 0.864069376 0.195466935 -0.463871524 0.864069376 0.195466935 -0.463871524 0.864069376 0.195466935 -0.466002262 0.863348711 0.193574006 -0.466002262 0.863348711 0.193574006 -0.466002262 0.863348711 0.193574006 -0.457481875 0.872667373 0.170768823 -0.457481875 0.872667373 0.170768823 -0.457481875 0.872667373 0.170768823 -0.48746954 0.861324177 0.143157637 -0.48746954 0.861324177 0.143157637 -0.48746954 0.861324177 0.143157637 -0.4380865 0.898924798 0.00379811375 -0.4380865 0.898924798 0.00379811375 -0.4380865 0.898924798 0.00379811375 -0.442022408 0.896536838 0.0289463135 -0.442022408 0.896536838 0.0289463135 -0.442022408 0.896536838 0.0289463135 -0.348551504 0.918162962 -0.188384248 -0.348551504 0.918162962 -0.188384248 -0.348551504 0.918162962 -0.188384248 -0.341077813 0.913927946 -0.220003717 -0.341077813 0.913927946 -0.220003717 -0.341077813 0.913927946 -0.220003717 -0.20066802 0.866095517 -0.457832832 -0.20066802 0.866095517 -0.457832832 -0.20066802 0.866095517 -0.457832832 -0.196228758 0.856706831 -0.47701958 -0.196228758 0.856706831 -0.47701958 -0.196228758 0.856706831 -0.47701958 0.0876231474 0.588185522 -0.803965158 0.0876231474 0.588185522 -0.803965158 0.0876231474 0.588185522 -0.803965158 0.180929662 0.466855317 0.86562727 0.180929662 0.466855317 0.86562727 0.180929662 0.466855317 0.86562727 0.392002154 0.776288806 0.493669932 0.392002154 0.776288806 0.493669932 0.392002154 0.776288806 0.493669932 0.392115779 0.771773994 0.500609746 0.392115779 0.771773994 0.500609746 0.392115779 0.771773994 0.500609746 0.465257106 0.854352894 0.231553358 0.465257106 0.854352894 0.231553358 0.465257106 0.854352894 0.231553358 0.464888771 0.856698218 0.223487348 0.464888771 0.856698218 0.223487348 0.464888771 0.856698218 0.223487348 0.494729766 0.868832326 -0.0193092829 0.494729766 0.868832326 -0.0193092829 0.494729766 0.868832326 -0.0193092829 0.493763572 0.869197177 -0.0263401122 0.493763572 0.869197177 -0.0263401122 0.493763572 0.869197177 -0.0263401122 0.496588752 0.845398083 -0.19672746 0.496588752 0.845398083 -0.19672746 0.496588752 0.845398083 -0.19672746 0.498441717 0.844637858 -0.195301674 0.498441717 0.844637858 -0.195301674 0.498441717 0.844637858 -0.195301674 0.497646811 0.839464084 -0.218283539 0.497646811 0.839464084 -0.218283539 0.497646811 0.839464084 -0.218283539 0.499506446 0.838636513 -0.217214431 0.499506446 0.838636513 -0.217214431 0.499506446 0.838636513 -0.217214431 0.500180598 0.842714779 -0.199126014 0.500180598 0.842714779 -0.199126014 0.500180598 0.842714779 -0.199126014 0.499919654 0.842838463 -0.199257788 0.499919654 0.842838463 -0.199257788 0.499919654 0.842838463 -0.199257788 0.500749241 0.851725921 -0.154315109 0.500749241 0.851725921 -0.154315109 0.500749241 0.851725921 -0.154315109 0.501075469 0.85156304 -0.154154996 0.501075469 0.85156304 -0.154154996 0.501075469 0.85156304 -0.154154996 0.499620097 0.863453376 -0.0694840011 0.499620097 0.863453376 -0.0694840011 0.499620097 0.863453376 -0.0694840011 0.502685145 0.861800538 -0.0678783992 0.502685145 0.861800538 -0.0678783992 0.502685145 0.861800538 -0.0678783992 0.491076514 0.866632375 0.0882733459 0.491076514 0.866632375 0.0882733459 0.491076514 0.866632375 0.0882733459 0.508205528 0.85560784 0.0982973334 0.508205528 0.85560784 0.0982973334 0.508205528 0.85560784 0.0982973334 0.486659055 0.836030802 0.2534077 0.486659055 0.836030802 0.2534077 0.486659055 0.836030802 0.2534077 0.502837674 0.823873089 0.26150986 0.502837674 0.823873089 0.26150986 0.502837674 0.823873089 0.26150986 0.488646309 0.805303064 0.335725722 0.488646309 0.805303064 0.335725722 0.488646309 0.805303064 0.335725722 0.494467465 0.800655585 0.338308379 0.494467465 0.800655585 0.338308379 0.494467465 0.800655585 0.338308379 0.491344395 0.79666903 0.3519931 0.491344395 0.79666903 0.3519931 0.491344395 0.79666903 0.3519931 0.488083503 0.799310695 0.350538025 0.488083503 0.799310695 0.350538025 0.488083503 0.799310695 0.350538025 0.499376542 0.811100035 0.304532104 0.499376542 0.811100035 0.304532104 0.499376542 0.811100035 0.304532104 0.472769097 0.831814731 0.290815465 0.472769097 0.831814731 0.290815465 0.472769097 0.831814731 0.290815465 0.505933038 0.848195887 0.156829522 0.505933038 0.848195887 0.156829522 0.505933038 0.848195887 0.156829522 0.463806837 0.876425963 0.129463312 0.463806837 0.876425963 0.129463312 0.463806837 0.876425963 0.129463312 0.505179572 0.862631789 -0.0256903911 0.505179572 0.862631789 -0.0256903911 0.505179572 0.862631789 -0.0256903911 0.47256104 0.879806423 -0.0512515601 0.47256104 0.879806423 -0.0512515601 0.47256104 0.879806423 -0.0512515601 0.50201143 0.85175994 -0.149965093 0.50201143 0.85175994 -0.149965093 0.50201143 0.85175994 -0.149965093 0.474491836 0.863103135 -0.172946455 0.474491836 0.863103135 -0.172946455 0.474491836 0.863103135 -0.172946455 0.492305502 0.839554498 -0.229746681 0.492305502 0.839554498 -0.229746681 0.492305502 0.839554498 -0.229746681 0.484201751 0.842347947 -0.236640233 0.484201751 0.842347947 -0.236640233 0.484201751 0.842347947 -0.236640233 0.492099401 0.830827454 -0.259930609 0.492099401 0.830827454 -0.259930609 0.492099401 0.830827454 -0.259930609 0.483947823 0.833363918 -0.267018883 0.483947823 0.833363918 -0.267018883 0.483947823 0.833363918 -0.267018883 0.475282709 0.846387108 -0.240281524 0.475282709 0.846387108 -0.240281524 0.475282709 0.846387108 -0.240281524 0.501002774 0.838042395 -0.216058243 0.501002774 0.838042395 -0.216058243 0.501002774 0.838042395 -0.216058243 0.509478227 0.823600701 -0.249226447 0.509478227 0.823600701 -0.249226447 0.509478227 0.823600701 -0.249226447 0.50858482 0.831135135 -0.22484632 0.50858482 0.831135135 -0.22484632 0.50858482 0.831135135 -0.22484632 0.553904738 0.687517692 -0.469583821 0.553904738 0.687517692 -0.469583821 0.553904738 0.687517692 -0.469583821 0.555155251 0.692267316 -0.461051635 0.555155251 0.692267316 -0.461051635 0.555155251 0.692267316 -0.461051635 0.562506787 0.517128297 -0.645108084 0.562506787 0.517128297 -0.645108084 0.562506787 0.517128297 -0.645108084 0.544655356 0.487234913 -0.682607268 0.544655356 0.487234913 -0.682607268 0.544655356 0.487234913 -0.682607268 0.432510865 0.0447430055 -0.900517859 0.432510865 0.0447430055 -0.900517859 0.432510865 0.0447430055 -0.900517859 0.366404744 0.150407884 0.918218401 0.366404744 0.150407884 0.918218401 0.366404744 0.150407884 0.918218401 0.783826702 0.100381185 0.612812629 0.783826702 0.100381185 0.612812629 0.783826702 0.100381185 0.612812629 0.785851181 0.101166967 0.610084556 0.785851181 0.101166967 0.610084556 0.785851181 0.101166967 0.610084556 0.928976035 0.0605513917 0.365153468 0.928976035 0.0605513917 0.365153468 0.928976035 0.0605513917 0.365153468 0.929322732 0.0606539471 0.364253152 0.929322732 0.0606539471 0.364253152 0.929322732 0.0606539471 0.364253152 0.992420921 0.0201843844 0.121215947 0.992420921 0.0201843844 0.121215947 0.992420921 0.0201843844 0.121215947 0.99253248 0.0202415262 0.120289471 0.99253248 0.0202415262 0.120289471 0.99253248 0.0202415262 0.120289471 0.999451692 -0.00549439744 -0.0326515971 0.999451692 -0.00549439744 -0.0326515971 0.999451692 -0.00549439744 -0.0326515971 0.9994896 -0.00707867258 -0.0311517717 0.9994896 -0.00707867258 -0.0311517717 0.9994896 -0.00707867258 -0.0311517717 0.999028024 -0.00976728751 -0.0429838091 0.999028024 -0.00976728751 -0.0429838091 0.999028024 -0.00976728751 -0.0429838091 0.999026281 -0.00968844575 -0.0430421163 0.999026281 -0.00968844575 -0.0430421163 0.999026281 -0.00968844575 -0.0430421163 0.999440552 -0.0073444974 -0.0326288364 0.999440552 -0.0073444974 -0.0326288364 0.999440552 -0.0073444974 -0.0326288364 0.99942906 -0.00650581249 -0.0331546175 0.99942906 -0.00650581249 -0.0331546175 0.99942906 -0.00650581249 -0.0331546175 0.999946801 -0.00198616247 -0.0101217884 0.999946801 -0.00198616247 -0.0101217884 0.999946801 -0.00198616247 -0.0101217884 0.999944575 -0.00141529643 -0.0104327813 0.999944575 -0.00141529643 -0.0104327813 0.999944575 -0.00141529643 -0.0104327813 0.999543683 0.00406056174 0.0299322121 0.999543683 0.00406056174 0.0299322121 0.999543683 0.00406056174 0.0299322121 0.999508022 0.000999149214 0.0313482951 0.999508022 0.000999149214 0.0313482951 0.999508022 0.000999149214 0.0313482951 0.994930755 0.00320355002 0.100511345 0.994930755 0.00320355002 0.100511345 0.994930755 0.00320355002 0.100511345 0.994174884 -0.0156811441 0.106632086 0.994174884 -0.0156811441 0.106632086 0.994174884 -0.0156811441 0.106632086 0.987328526 -0.0230883148 0.157000992 0.987328526 -0.0230883148 0.157000992 0.987328526 -0.0230883148 0.157000992 0.98626042 -0.0429213595 0.159524733 0.98626042 -0.0429213595 0.159524733 0.98626042 -0.0429213595 0.159524733 0.980647891 -0.0508670372 0.189056232 0.980647891 -0.0508670372 0.189056232 0.980647891 -0.0508670372 0.189056232 0.980080362 -0.0601058352 0.189287542 0.980080362 -0.0601058352 0.189287542 0.980080362 -0.0601058352 0.189287542 0.975268486 -0.0668918054 0.210658173 0.975268486 -0.0668918054 0.210658173 0.975268486 -0.0668918054 0.210658173 0.975812973 -0.0586030566 0.210605613 0.975812973 -0.0586030566 0.210605613 0.975812973 -0.0586030566 0.210605613 0.971258022 -0.0638096208 0.229316781 0.971258022 -0.0638096208 0.229316781 0.971258022 -0.0638096208 0.229316781 0.973210418 -0.0353142731 0.227187992 0.973210418 -0.0353142731 0.227187992 0.973210418 -0.0353142731 0.227187992 0.96970095 -0.0375228014 0.24139616 0.96970095 -0.0375228014 0.24139616 0.96970095 -0.0375228014 0.24139616 0.973761974 0.0177445708 0.226876062 0.973761974 0.0177445708 0.226876062 0.973761974 0.0177445708 0.226876062 0.966983789 0.0198708544 0.254062003 0.966983789 0.0198708544 0.254062003 0.966983789 0.0198708544 0.254062003 0.97032814 0.0617385056 0.233776938 0.97032814 0.0617385056 0.233776938 0.97032814 0.0617385056 0.233776938 0.96505901 0.0669067373 0.25334679 0.96505901 0.0669067373 0.25334679 0.96505901 0.0669067373 0.25334679 0.967053935 0.0920019917 0.237365372 0.967053935 0.0920019917 0.237365372 0.967053935 0.0920019917 0.237365372 0.96465189 0.0952386488 0.245715956 0.96465189 0.0952386488 0.245715956 0.96465189 0.0952386488 0.245715956 0.965657033 0.108022777 0.236299756 0.965657033 0.108022777 0.236299756 0.965657033 0.108022777 0.236299756 0.964447187 0.109875211 0.240351954 0.964447187 0.109875211 0.240351954 0.964447187 0.109875211 0.240351954 0.964647382 0.112347544 0.238397689 0.964647382 0.112347544 0.238397689 0.964647382 0.112347544 0.238397689 0.965939356 0.1103118 0.234077909 0.965939356 0.1103118 0.234077909 0.965939356 0.1103118 0.234077909 0.963254958 0.0839662572 0.255126545 0.963254958 0.0839662572 0.255126545 0.963254958 0.0839662572 0.255126545 0.986896851 0.0504420316 0.153265153 0.986896851 0.0504420316 0.153265153 0.986896851 0.0504420316 0.153265153 0.986879173 0.0504520425 0.153375648 0.986879173 0.0504520425 0.153375648 0.986879173 0.0504520425 0.153375648 0.994846643 -0.0316819775 -0.0963141151 0.994846643 -0.0316819775 -0.0963141151 0.994846643 -0.0316819775 -0.0963141151 0.994647921 -0.0318045361 -0.0983055715 0.994647921 -0.0318045361 -0.0983055715 0.994647921 -0.0318045361 -0.0983055715 0.942339702 -0.10301387 -0.318408587 0.942339702 -0.10301387 -0.318408587 0.942339702 -0.10301387 -0.318408587 0.943237253 -0.103202543 -0.315678191 0.943237253 -0.103202543 -0.315678191 0.943237253 -0.103202543 -0.315678191 0.61438512 -0.245175034 -0.74994675 0.61438512 -0.245175034 -0.74994675 0.61438512 -0.245175034 -0.74994675 0.184398131 -0.1605937 0.969642714 0.184398131 -0.1605937 0.969642714 0.184398131 -0.1605937 0.969642714 0.391060766 -0.567227603 0.724792607 0.391060766 -0.567227603 0.724792607 0.391060766 -0.567227603 0.724792607 0.39127487 -0.567389211 0.724550522 0.39127487 -0.567389211 0.724550522 0.39127487 -0.567389211 0.724550522 0.463350469 -0.733494797 0.497284351 0.463350469 -0.733494797 0.497284351 0.463350469 -0.733494797 0.497284351 0.465819952 -0.73553803 0.491930461 0.465819952 -0.73553803 0.491930461 0.465819952 -0.73553803 0.491930461 0.495582296 -0.82784698 0.262807088 0.495582296 -0.82784698 0.262807088 0.495582296 -0.82784698 0.262807088 0.496262512 -0.828256075 0.260221816 0.496262512 -0.828256075 0.260221816 0.496262512 -0.828256075 0.260221816 0.499810744 -0.852116709 0.155197729 0.499810744 -0.852116709 0.155197729 0.499810744 -0.852116709 0.155197729 0.498967699 -0.852474781 0.155942242 0.498967699 -0.852474781 0.155942242 0.498967699 -0.852474781 0.155942242 0.499413254 -0.850090016 0.16713278 0.499413254 -0.850090016 0.16713278 0.499413254 -0.850090016 0.16713278 0.500649844 -0.849524832 0.166304823 0.500649844 -0.849524832 0.166304823 0.500649844 -0.849524832 0.166304823 0.500274931 -0.851554589 0.156779384 0.500274931 -0.851554589 0.156779384 0.500274931 -0.851554589 0.156779384 0.498790622 -0.852271543 0.157610701 0.498790622 -0.852271543 0.157610701 0.498790622 -0.852271543 0.157610701 0.498261178 -0.85673539 0.133192604 0.498261178 -0.85673539 0.133192604 0.498261178 -0.85673539 0.133192604 0.497511401 -0.85711484 0.133553572 0.497511401 -0.85711484 0.133553572 0.497511401 -0.85711484 0.133553572 0.497908523 -0.862734402 0.0881842072 0.497908523 -0.862734402 0.0881842072 0.497908523 -0.862734402 0.0881842072 0.496478551 -0.863499444 0.0887567404 0.496478551 -0.863499444 0.0887567404 0.496478551 -0.863499444 0.0887567404 0.502348149 -0.864649127 -0.00531257686 0.502348149 -0.864649127 -0.00531257686 0.502348149 -0.864649127 -0.00531257686 0.487240091 -0.873266969 -0.00137673687 0.487240091 -0.873266969 -0.00137673687 0.487240091 -0.873266969 -0.00137673687 0.503945138 -0.856597787 -0.110813036 0.503945138 -0.856597787 -0.110813036 0.503945138 -0.856597787 -0.110813036 0.487992541 -0.865962754 -0.109415666 0.487992541 -0.865962754 -0.109415666 0.487992541 -0.865962754 -0.109415666 0.49818418 -0.852310912 -0.159306722 0.49818418 -0.852310912 -0.159306722 0.49818418 -0.852310912 -0.159306722 0.487919808 -0.858203665 -0.159438794 0.487919808 -0.858203665 -0.159438794 0.487919808 -0.858203665 -0.159438794 0.487034726 -0.859383467 -0.155747334 0.487034726 -0.859383467 -0.155747334 0.487034726 -0.859383467 -0.155747334 0.493407388 -0.85579665 -0.155438875 0.493407388 -0.85579665 -0.155438875 0.493407388 -0.85579665 -0.155438875 0.47569493 -0.875227601 -0.0876982305 0.47569493 -0.875227601 -0.0876982305 0.47569493 -0.875227601 -0.0876982305 0.507714587 -0.857106939 -0.0871412273 0.507714587 -0.857106939 -0.0871412273 0.507714587 -0.857106939 -0.0871412273 0.466748045 -0.881806521 0.0675538417 0.466748045 -0.881806521 0.0675538417 0.466748045 -0.881806521 0.0675538417 0.514043388 -0.855433128 0.063194607 0.514043388 -0.855433128 0.063194607 0.514043388 -0.855433128 0.063194607 0.465052832 -0.846980403 0.257585054 0.465052832 -0.846980403 0.257585054 0.465052832 -0.846980403 0.257585054 0.509030788 -0.823447193 0.250643924 0.509030788 -0.823447193 0.250643924 0.509030788 -0.823447193 0.250643924 0.473555312 -0.796763322 0.375384571 0.473555312 -0.796763322 0.375384571 0.473555312 -0.796763322 0.375384571 0.499583544 -0.782965564 0.370649711 0.499583544 -0.782965564 0.370649711 0.499583544 -0.782965564 0.370649711 0.477876925 -0.759161002 0.441936893 0.477876925 -0.759161002 0.441936893 0.477876925 -0.759161002 0.441936893 0.49483107 -0.750202914 0.438563336 0.49483107 -0.750202914 0.438563336 0.49483107 -0.750202914 0.438563336 0.485910704 -0.738903687 0.466810592 0.485910704 -0.738903687 0.466810592 0.485910704 -0.738903687 0.466810592 0.482443501 -0.740707677 0.467547222 0.482443501 -0.740707677 0.467547222 0.482443501 -0.740707677 0.467547222 0.492728875 -0.754094657 0.434234389 0.492728875 -0.754094657 0.434234389 0.492728875 -0.754094657 0.434234389 0.458066872 -0.771154214 0.442149205 0.458066872 -0.771154214 0.442149205 0.458066872 -0.771154214 0.442149205 0.499132021 -0.812282979 0.301767438 0.499132021 -0.812282979 0.301767438 0.499132021 -0.812282979 0.301767438 0.514837217 -0.814702865 0.266836807 0.514837217 -0.814702865 0.266836807 0.514837217 -0.814702865 0.266836807 0.549618409 -0.833476057 0.056896992 0.549618409 -0.833476057 0.056896992 0.549618409 -0.833476057 0.056896992 0.559075227 -0.828678507 0.0269596698 0.559075227 -0.828678507 0.0269596698 0.559075227 -0.828678507 0.0269596698 0.560230578 -0.78807307 -0.255112789 0.560230578 -0.78807307 -0.255112789 0.560230578 -0.78807307 -0.255112789 0.549698641 -0.80672702 -0.216847686 0.549698641 -0.80672702 -0.216847686 0.549698641 -0.80672702 -0.216847686 0.4415929 -0.560309561 -0.700748819 0.4415929 -0.560309561 -0.700748819 0.4415929 -0.560309561 -0.700748819 -0.18547746 -0.160560512 0.969442331 -0.18547746 -0.160560512 0.969442331 -0.18547746 -0.160560512 0.969442331 -0.393097975 -0.566769615 0.724048469 -0.393097975 -0.566769615 0.724048469 -0.393097975 -0.566769615 0.724048469 -0.393099395 -0.566692108 0.724108362 -0.393099395 -0.566692108 0.724108362 -0.393099395 -0.566692108 0.724108362 -0.465134978 -0.731770169 0.498158481 -0.465134978 -0.731770169 0.498158481 -0.465134978 -0.731770169 0.498158481 -0.465065105 -0.732750986 0.496780073 -0.465065105 -0.732750986 0.496780073 -0.465065105 -0.732750986 0.496780073 -0.497079227 -0.828951442 0.256421037 -0.497079227 -0.828951442 0.256421037 -0.497079227 -0.828951442 0.256421037 -0.49797252 -0.826542936 0.262393109 -0.49797252 -0.826542936 0.262393109 -0.49797252 -0.826542936 0.262393109 -0.501383635 -0.84648651 0.179095057 -0.501383635 -0.84648651 0.179095057 -0.501383635 -0.84648651 0.179095057 -0.499241975 -0.84804727 0.177688713 -0.499241975 -0.84804727 0.177688713 -0.499241975 -0.84804727 0.177688713 -0.498719959 -0.843672886 0.198732141 -0.498719959 -0.843672886 0.198732141 -0.498719959 -0.843672886 0.198732141 -0.502723565 -0.840907918 0.20035691 -0.502723565 -0.840907918 0.20035691 -0.502723565 -0.840907918 0.20035691 -0.503202632 -0.844851057 0.181697009 -0.503202632 -0.844851057 0.181697009 -0.503202632 -0.844851057 0.181697009 -0.498796936 -0.847758947 0.180295272 -0.498796936 -0.847758947 0.180295272 -0.498796936 -0.847758947 0.180295272 -0.499176155 -0.855937702 0.134884454 -0.499176155 -0.855937702 0.134884454 -0.499176155 -0.855937702 0.134884454 -0.497773195 -0.856817815 0.134480772 -0.497773195 -0.856817815 0.134480772 -0.497773195 -0.856817815 0.134480772 -0.495457203 -0.867492027 0.0444942888 -0.495457203 -0.867492027 0.0444942888 -0.495457203 -0.867492027 0.0444942888 -0.503739008 -0.862582106 0.0468947921 -0.503739008 -0.862582106 0.0468947921 -0.503739008 -0.862582106 0.0468947921 -0.488268506 -0.864169131 -0.121678181 -0.488268506 -0.864169131 -0.121678181 -0.488268506 -0.864169131 -0.121678181 -0.505001885 -0.855231434 -0.116414304 -0.505001885 -0.855231434 -0.116414304 -0.505001885 -0.855231434 -0.116414304 -0.479747517 -0.8305321 -0.28294655 -0.479747517 -0.8305321 -0.28294655 -0.479747517 -0.8305321 -0.28294655 -0.497685215 -0.821825201 -0.277331509 -0.497685215 -0.821825201 -0.277331509 -0.497685215 -0.821825201 -0.277331509 -0.480080134 -0.798961926 -0.362191807 -0.480080134 -0.798961926 -0.362191807 -0.480080134 -0.798961926 -0.362191807 -0.486252366 -0.796048726 -0.360367953 -0.486252366 -0.796048726 -0.360367953 -0.486252366 -0.796048726 -0.360367953 -0.481769546 -0.790186078 -0.378819306 -0.481769546 -0.790186078 -0.378819306 -0.481769546 -0.790186078 -0.378819306 -0.47301233 -0.794350531 -0.381138519 -0.47301233 -0.794350531 -0.381138519 -0.47301233 -0.794350531 -0.381138519 -0.486449923 -0.808709985 -0.33068812 -0.486449923 -0.808709985 -0.33068812 -0.486449923 -0.808709985 -0.33068812 -0.465469413 -0.819090887 -0.335303361 -0.465469413 -0.819090887 -0.335303361 -0.465469413 -0.819090887 -0.335303361 -0.504883591 -0.842687242 -0.187004737 -0.504883591 -0.842687242 -0.187004737 -0.504883591 -0.842687242 -0.187004737 -0.440046293 -0.876415341 -0.195589902 -0.440046293 -0.876415341 -0.195589902 -0.440046293 -0.876415341 -0.195589902 -0.493194174 -0.869665479 -0.0210109891 -0.493194174 -0.869665479 -0.0210109891 -0.493194174 -0.869665479 -0.0210109891 -0.448281937 -0.893680126 -0.0194714582 -0.448281937 -0.893680126 -0.0194714582 -0.448281937 -0.893680126 -0.0194714582 -0.485136942 -0.869659549 0.0912930214 -0.485136942 -0.869659549 0.0912930214 -0.485136942 -0.869659549 0.0912930214 -0.452619881 -0.886462771 0.0965349652 -0.452619881 -0.886462771 0.0965349652 -0.452619881 -0.886462771 0.0965349652 -0.475857195 -0.864231403 0.163291186 -0.475857195 -0.864231403 0.163291186 -0.475857195 -0.864231403 0.163291186 -0.454014943 -0.874937337 0.168389692 -0.454014943 -0.874937337 0.168389692 -0.454014943 -0.874937337 0.168389692 -0.463671307 -0.864303403 0.19490651 -0.463671307 -0.864303403 0.19490651 -0.463671307 -0.864303403 0.19490651 -0.46625014 -0.863063362 0.194248397 -0.46625014 -0.863063362 0.194248397 -0.46625014 -0.863063362 0.194248397 -0.453903489 -0.876311818 0.161397711 -0.453903489 -0.876311818 0.161397711 -0.453903489 -0.876311818 0.161397711 -0.490995064 -0.857375988 0.154370536 -0.490995064 -0.857375988 0.154370536 -0.490995064 -0.857375988 0.154370536 -0.446801449 -0.894242398 0.026438575 -0.446801449 -0.894242398 0.026438575 -0.446801449 -0.894242398 0.026438575 -0.433229193 -0.901265078 0.00580730587 -0.433229193 -0.901265078 0.00580730587 -0.433229193 -0.901265078 0.00580730587 -0.335325669 -0.917212065 -0.215124904 -0.335325669 -0.917212065 -0.215124904 -0.335325669 -0.917212065 -0.215124904 -0.35625095 -0.914856038 -0.190062334 -0.35625095 -0.914856038 -0.190062334 -0.35625095 -0.914856038 -0.190062334 -0.191207991 -0.860756131 -0.471739746 -0.191207991 -0.860756131 -0.471739746 -0.191207991 -0.860756131 -0.471739746 -0.208410101 -0.863923596 -0.458477098 -0.208410101 -0.863923596 -0.458477098 -0.208410101 -0.863923596 -0.458477098 0.0876231474 -0.588185522 -0.803965158 0.0876231474 -0.588185522 -0.803965158 0.0876231474 -0.588185522 -0.803965158 -0.368325081 0.150285273 0.917469875 -0.368325081 0.150285273 0.917469875 -0.368325081 0.150285273 0.917469875 -0.78757946 0.099610678 0.608108796 -0.78757946 0.099610678 0.608108796 -0.78757946 0.099610678 0.608108796 -0.785574822 0.101224391 0.610430849 -0.785574822 0.101224391 0.610430849 -0.785574822 0.101224391 0.610430849 -0.929342181 0.0604008432 0.364245589 -0.929342181 0.0604008432 0.364245589 -0.929342181 0.0604008432 0.364245589 -0.927137277 0.0628504211 0.369413446 -0.927137277 0.0628504211 0.369413446 -0.927137277 0.0628504211 0.369413446 -0.992530455 0.0204620299 0.120268867 -0.992530455 0.0204620299 0.120268867 -0.992530455 0.0204620299 0.120268867 -0.992646264 0.0200872963 0.119372927 -0.992646264 0.0200872963 0.119372927 -0.992646264 0.0200872963 0.119372927 -0.999912148 0.00219954931 0.0130712783 -0.999912148 0.00219954931 0.0130712783 -0.999912148 0.00219954931 0.0130712783 -0.999905599 0.00304459644 0.0133986323 -0.999905599 0.00304459644 0.0133986323 -0.999905599 0.00304459644 0.0133986323 -0.999688302 0.00553203457 0.0243453275 -0.999688302 0.00553203457 0.0243453275 -0.999688302 0.00553203457 0.0243453275 -0.999688641 0.00549880363 0.0243389504 -0.999688641 0.00549880363 0.0243389504 -0.999688641 0.00549880363 0.0243389504 -0.999870951 0.00354025892 0.0156699879 -0.999870951 0.00354025892 0.0156699879 -0.999870951 0.00354025892 0.0156699879 -0.999873846 0.00301273395 0.015595338 -0.999873846 0.00301273395 0.015595338 -0.999873846 0.00301273395 0.015595338 -0.999959352 -0.00171017397 -0.00885267053 -0.999959352 -0.00171017397 -0.00885267053 -0.999959352 -0.00171017397 -0.00885267053 -0.999960752 -0.00122437605 -0.00877469297 -0.999960752 -0.00122437605 -0.00877469297 -0.999960752 -0.00122437605 -0.00877469297 -0.99841281 -0.00778310263 -0.055778889 -0.99841281 -0.00778310263 -0.055778889 -0.99841281 -0.00778310263 -0.055778889 -0.99852425 -0.0017300435 -0.0542800949 -0.99852425 -0.0017300435 -0.0542800949 -0.99852425 -0.0017300435 -0.0542800949 -0.991106586 -0.00423913694 -0.133002873 -0.991106586 -0.00423913694 -0.133002873 -0.991106586 -0.00423913694 -0.133002873 -0.992222034 0.0185411285 -0.12309209 -0.992222034 0.0185411285 -0.12309209 -0.992222034 0.0185411285 -0.12309209 -0.981734373 0.0283383312 -0.188134418 -0.981734373 0.0283383312 -0.188134418 -0.981734373 0.0283383312 -0.188134418 -0.983181733 0.0481868364 -0.176158194 -0.983181733 0.0481868364 -0.176158194 -0.983181733 0.0481868364 -0.176158194 -0.97459383 0.0590969437 -0.216042631 -0.97459383 0.0590969437 -0.216042631 -0.97459383 0.0590969437 -0.216042631 -0.975275875 0.0671706796 -0.210535193 -0.975275875 0.0671706796 -0.210535193 -0.975275875 0.0671706796 -0.210535193 -0.968539915 0.0756410336 -0.237084092 -0.968539915 0.0756410336 -0.237084092 -0.968539915 0.0756410336 -0.237084092 -0.96788246 0.0685102152 -0.241888185 -0.96788246 0.0685102152 -0.241888185 -0.96788246 0.0685102152 -0.241888185 -0.964361218 0.0721035624 -0.254575172 -0.964361218 0.0721035624 -0.254575172 -0.964361218 0.0721035624 -0.254575172 -0.96133049 0.0409209985 -0.272340155 -0.96133049 0.0409209985 -0.272340155 -0.96133049 0.0409209985 -0.272340155 -0.961703894 0.0407268234 -0.271047868 -0.961703894 0.0407268234 -0.271047868 -0.961703894 0.0407268234 -0.271047868 -0.955936429 -0.0211468248 -0.292811125 -0.955936429 -0.0211468248 -0.292811125 -0.955936429 -0.0211468248 -0.292811125 -0.953323219 -0.0217503104 -0.301167335 -0.953323219 -0.0217503104 -0.301167335 -0.953323219 -0.0217503104 -0.301167335 -0.948375931 -0.0791292447 -0.30711831 -0.948375931 -0.0791292447 -0.30711831 -0.948375931 -0.0791292447 -0.30711831 -0.946415411 -0.0805772132 -0.3127382 -0.946415411 -0.0805772132 -0.3127382 -0.946415411 -0.0805772132 -0.3127382 -0.943018818 -0.121067279 -0.309932612 -0.943018818 -0.121067279 -0.309932612 -0.943018818 -0.121067279 -0.309932612 -0.943125389 -0.120957327 -0.309651135 -0.943125389 -0.120957327 -0.309651135 -0.943125389 -0.120957327 -0.309651135 -0.941568941 -0.14003637 -0.30632947 -0.941568941 -0.14003637 -0.30632947 -0.941568941 -0.14003637 -0.30632947 -0.940877576 -0.140837318 -0.308081544 -0.940877576 -0.140837318 -0.308081544 -0.940877576 -0.140837318 -0.308081544 -0.940817553 -0.141574654 -0.307926859 -0.940817553 -0.141574654 -0.307926859 -0.940817553 -0.141574654 -0.307926859 -0.939863806 -0.142675788 -0.310321842 -0.939863806 -0.142675788 -0.310321842 -0.939863806 -0.142675788 -0.310321842 -0.943624691 -0.101031581 -0.315222242 -0.943624691 -0.101031581 -0.315222242 -0.943624691 -0.101031581 -0.315222242 -0.925209769 -0.115815835 -0.361349659 -0.925209769 -0.115815835 -0.361349659 -0.925209769 -0.115815835 -0.361349659 -0.927853448 -0.112304237 -0.355634273 -0.927853448 -0.112304237 -0.355634273 -0.927853448 -0.112304237 -0.355634273 -0.777278185 -0.189456901 -0.599953919 -0.777278185 -0.189456901 -0.599953919 -0.777278185 -0.189456901 -0.599953919 -0.766825614 -0.197574332 -0.610690479 -0.766825614 -0.197574332 -0.610690479 -0.766825614 -0.197574332 -0.610690479 -0.570801729 -0.252745206 -0.781220358 -0.570801729 -0.252745206 -0.781220358 -0.570801729 -0.252745206 -0.781220358 -0.565108542 -0.256364832 -0.784174348 -0.565108542 -0.256364832 -0.784174348 -0.565108542 -0.256364832 -0.784174348 -0.0771872693 -0.309811956 -0.947659579 -0.0771872693 -0.309811956 -0.947659579 -0.0771872693 -0.309811956 -0.947659579 -0.181990091 0.466762433 0.865455047 -0.181990091 0.466762433 0.865455047 -0.181990091 0.466762433 0.865455047 -0.391283726 0.772071171 0.500802509 -0.391283726 0.772071171 0.500802509 -0.391283726 0.772071171 0.500802509 -0.396055989 0.773660027 0.494560225 -0.396055989 0.773660027 0.494560225 -0.396055989 0.773660027 0.494560225 -0.468943595 0.854626572 0.222946917 -0.468943595 0.854626572 0.222946917 -0.468943595 0.854626572 0.222946917 -0.465206379 0.854385327 0.231535609 -0.465206379 0.854385327 0.231535609 -0.465206379 0.854385327 0.231535609 -0.49707855 0.8673074 -0.0262828445 -0.49707855 0.8673074 -0.0262828445 -0.49707855 0.8673074 -0.0262828445 -0.495193502 0.868569905 -0.0192279845 -0.495193502 0.868569905 -0.0192279845 -0.495193502 0.868569905 -0.0192279845 -0.498925348 0.848904199 -0.17445675 -0.498925348 0.848904199 -0.17445675 -0.498925348 0.848904199 -0.17445675 -0.50007311 0.848096308 -0.175098647 -0.50007311 0.848096308 -0.175098647 -0.50007311 0.848096308 -0.175098647 -0.500334014 0.846134911 -0.183634386 -0.500334014 0.846134911 -0.183634386 -0.500334014 0.846134911 -0.183634386 -0.501305744 0.845490308 -0.183952959 -0.501305744 0.845490308 -0.183952959 -0.501305744 0.845490308 -0.183952959 -0.501076921 0.847449811 -0.175358882 -0.501076921 0.847449811 -0.175358882 -0.501076921 0.847449811 -0.175358882 -0.500665735 0.847715757 -0.175247871 -0.500665735 0.847715757 -0.175247871 -0.500665735 0.847715757 -0.175247871 -0.500342458 0.852213715 -0.152935308 -0.500342458 0.852213715 -0.152935308 -0.500342458 0.852213715 -0.152935308 -0.49985533 0.852525435 -0.152790808 -0.49985533 0.852525435 -0.152790808 -0.49985533 0.852525435 -0.152790808 -0.500680625 0.858339495 -0.112125925 -0.500680625 0.858339495 -0.112125925 -0.500680625 0.858339495 -0.112125925 -0.49585198 0.861394686 -0.110136319 -0.49585198 0.861394686 -0.110136319 -0.49585198 0.861394686 -0.110136319 -0.502323458 0.864174609 -0.0295531597 -0.502323458 0.864174609 -0.0295531597 -0.502323458 0.864174609 -0.0295531597 -0.479669451 0.877320033 -0.0150591506 -0.479669451 0.877320033 -0.0150591506 -0.479669451 0.877320033 -0.0150591506 -0.495298429 0.86484774 0.0819625079 -0.495298429 0.86484774 0.0819625079 -0.495298429 0.86484774 0.0819625079 -0.482620763 0.871021127 0.0916482169 -0.482620763 0.871021127 0.0916482169 -0.482620763 0.871021127 0.0916482169 -0.491328069 0.860906976 0.132045097 -0.491328069 0.860906976 0.132045097 -0.491328069 0.860906976 0.132045097 -0.484564895 0.863873383 0.137548683 -0.484564895 0.863873383 0.137548683 -0.484564895 0.863873383 0.137548683 -0.482276585 0.866562464 0.128369747 -0.482276585 0.866562464 0.128369747 -0.482276585 0.866562464 0.128369747 -0.487230898 0.864388221 0.124253996 -0.487230898 0.864388221 0.124253996 -0.487230898 0.864388221 0.124253996 -0.469995436 0.880538777 0.0612841986 -0.469995436 0.880538777 0.0612841986 -0.469995436 0.880538777 0.0612841986 -0.492342451 0.869329726 0.0431826194 -0.492342451 0.869329726 0.0431826194 -0.492342451 0.869329726 0.0431826194 -0.452479487 0.88656282 -0.0962739826 -0.452479487 0.88656282 -0.0962739826 -0.452479487 0.88656282 -0.0962739826 -0.500861683 0.855608495 -0.130658627 -0.500861683 0.855608495 -0.130658627 -0.500861683 0.855608495 -0.130658627 -0.452024953 0.839402952 -0.301788215 -0.452024953 0.839402952 -0.301788215 -0.452024953 0.839402952 -0.301788215 -0.491228723 0.808642051 -0.323716504 -0.491228723 0.808642051 -0.323716504 -0.491228723 0.808642051 -0.323716504 -0.4551371 0.776877773 -0.435099007 -0.4551371 0.776877773 -0.435099007 -0.4551371 0.776877773 -0.435099007 -0.478061422 0.757318758 -0.444888272 -0.478061422 0.757318758 -0.444888272 -0.478061422 0.757318758 -0.444888272 -0.456532097 0.73254286 -0.504935048 -0.456532097 0.73254286 -0.504935048 -0.456532097 0.73254286 -0.504935048 -0.47129351 0.719604022 -0.509953409 -0.47129351 0.719604022 -0.509953409 -0.47129351 0.719604022 -0.509953409 -0.461848728 0.706847073 -0.535782575 -0.461848728 0.706847073 -0.535782575 -0.461848728 0.706847073 -0.535782575 -0.462443844 0.706316048 -0.535969525 -0.462443844 0.706316048 -0.535969525 -0.462443844 0.706316048 -0.535969525 -0.472247504 0.719196125 -0.509646179 -0.472247504 0.719196125 -0.509646179 -0.472247504 0.719196125 -0.509646179 -0.449410751 0.740406556 -0.499828078 -0.449410751 0.740406556 -0.499828078 -0.449410751 0.740406556 -0.499828078 -0.437871929 0.727639615 -0.528023451 -0.437871929 0.727639615 -0.528023451 -0.437871929 0.727639615 -0.528023451 -0.446422754 0.755950924 -0.478795286 -0.446422754 0.755950924 -0.478795286 -0.446422754 0.755950924 -0.478795286 -0.339618739 0.628471875 -0.699772974 -0.339618739 0.628471875 -0.699772974 -0.339618739 0.628471875 -0.699772974 -0.336585446 0.61843739 -0.71010241 -0.336585446 0.61843739 -0.71010241 -0.336585446 0.61843739 -0.71010241 -0.187585828 0.420357787 -0.887756097 -0.187585828 0.420357787 -0.887756097 -0.187585828 0.420357787 -0.887756097 -0.190532753 0.432658558 -0.881194554 -0.190532753 0.432658558 -0.881194554 -0.190532753 0.432658558 -0.881194554 0.103376863 0.0106942783 -0.994584766 0.103376863 0.0106942783 -0.994584766 0.103376863 0.0106942783 -0.994584766 0.181990221 0.466762421 0.865455026 0.181990221 0.466762421 0.865455026 0.181990221 0.466762421 0.865455026 0.393555995 0.774983657 0.49448358 0.393555995 0.774983657 0.49448358 0.393555995 0.774983657 0.49448358 0.393648926 0.77122446 0.500253291 0.393648926 0.77122446 0.500253291 0.393648926 0.77122446 0.500253291 0.466792534 0.853368831 0.232091295 0.466792534 0.853368831 0.232091295 0.466792534 0.853368831 0.232091295 0.466391194 0.855933298 0.223287803 0.466391194 0.855933298 0.223287803 0.466391194 0.855933298 0.223287803 0.496254546 0.867968222 -0.0190418549 0.496254546 0.867968222 -0.0190418549 0.496254546 0.867968222 -0.0190418549 0.495253568 0.868349845 -0.0263144347 0.495253568 0.868349845 -0.0263144347 0.495253568 0.868349845 -0.0263144347 0.498538207 0.84895707 -0.175304161 0.498538207 0.84895707 -0.175304161 0.498538207 0.84895707 -0.175304161 0.499666285 0.848490199 -0.17435018 0.499666285 0.848490199 -0.17435018 0.499666285 0.848490199 -0.17435018 0.499966812 0.846237459 -0.184161207 0.499966812 0.846237459 -0.184161207 0.499966812 0.846237459 -0.184161207 0.500903922 0.845818378 -0.183538912 0.500903922 0.845818378 -0.183538912 0.500903922 0.845818378 -0.183538912 0.500681878 0.847706684 -0.175245642 0.500681878 0.847706684 -0.175245642 0.500681878 0.847706684 -0.175245642 0.500266989 0.84790322 -0.175479543 0.500266989 0.84790322 -0.175479543 0.500266989 0.84790322 -0.175479543 0.499938285 0.852478144 -0.152783265 0.499938285 0.852478144 -0.152783265 0.499938285 0.852478144 -0.152783265 0.499434797 0.85272908 -0.153029409 0.499434797 0.85272908 -0.153029409 0.499434797 0.85272908 -0.153029409 0.500290691 0.858910758 -0.109460199 0.500290691 0.858910758 -0.109460199 0.500290691 0.858910758 -0.109460199 0.493498835 0.862473872 -0.112239564 0.493498835 0.862473872 -0.112239564 0.493498835 0.862473872 -0.112239564 0.500733059 0.865381517 -0.0195252226 0.500733059 0.865381517 -0.0195252226 0.500733059 0.865381517 -0.0195252226 0.477635709 0.878177088 -0.0258675982 0.477635709 0.878177088 -0.0258675982 0.477635709 0.878177088 -0.0258675982 0.496042103 0.863882569 0.0874593602 0.496042103 0.863882569 0.0874593602 0.496042103 0.863882569 0.0874593602 0.4833067 0.871189606 0.0862745856 0.4833067 0.871189606 0.0862745856 0.4833067 0.871189606 0.0862745856 0.493664243 0.859264298 0.134016718 0.493664243 0.859264298 0.134016718 0.493664243 0.859264298 0.134016718 0.484224074 0.864601406 0.134132229 0.484224074 0.864601406 0.134132229 0.484224074 0.864601406 0.134132229 0.482305029 0.866824223 0.126481721 0.482305029 0.866824223 0.126481721 0.482305029 0.866824223 0.126481721 0.487736908 0.863817217 0.126224104 0.487736908 0.863817217 0.126224104 0.487736908 0.863817217 0.126224104 0.4675279 0.882397814 0.0528371198 0.4675279 0.882397814 0.0528371198 0.4675279 0.882397814 0.0528371198 0.494606245 0.867538318 0.0523634366 0.494606245 0.867538318 0.0523634366 0.494606245 0.867538318 0.0523634366 0.446381908 0.887438511 -0.114874198 0.446381908 0.887438511 -0.114874198 0.446381908 0.887438511 -0.114874198 0.505633587 0.855718581 -0.109910811 0.505633587 0.855718581 -0.109910811 0.505633587 0.855718581 -0.109910811 0.447359595 0.836873561 -0.315455284 0.447359595 0.836873561 -0.315455284 0.447359595 0.836873561 -0.315455284 0.495560028 0.812028504 -0.30826931 0.495560028 0.812028504 -0.30826931 0.495560028 0.812028504 -0.30826931 0.452644221 0.774498779 -0.441887826 0.452644221 0.774498779 -0.441887826 0.452644221 0.774498779 -0.441887826 0.480682965 0.760264766 -0.436968389 0.480682965 0.760264766 -0.436968389 0.480682965 0.760264766 -0.436968389 0.455052035 0.730805869 -0.508773454 0.455052035 0.730805869 -0.508773454 0.455052035 0.730805869 -0.508773454 0.472903954 0.72177137 -0.505379006 0.472903954 0.72177137 -0.505379006 0.472903954 0.72177137 -0.505379006 0.461791979 0.706770198 -0.535932883 0.461791979 0.706770198 -0.535932883 0.461791979 0.706770198 -0.535932883 0.462513834 0.706408328 -0.535787484 0.462513834 0.706408328 -0.535787484 0.462513834 0.706408328 -0.535787484 0.474901823 0.722666557 -0.502216394 0.474901823 0.722666557 -0.502216394 0.474901823 0.722666557 -0.502216394 0.445962157 0.736620893 -0.508436244 0.445962157 0.736620893 -0.508436244 0.445962157 0.736620893 -0.508436244 0.456883115 0.748527322 -0.480587835 0.456883115 0.748527322 -0.480587835 0.456883115 0.748527322 -0.480587835 0.439924328 0.740673231 -0.507808773 0.439924328 0.740673231 -0.507808773 0.439924328 0.740673231 -0.507808773 0.336821832 0.618214438 -0.710184456 0.336821832 0.618214438 -0.710184456 0.336821832 0.618214438 -0.710184456 0.336038888 0.617741383 -0.71096656 0.336038888 0.617741383 -0.71096656 0.336038888 0.617741383 -0.71096656 0.193664507 0.428733104 -0.882429592 0.193664507 0.428733104 -0.882429592 0.193664507 0.428733104 -0.882429592 0.182500698 0.421770542 -0.88814588 0.182500698 0.421770542 -0.88814588 0.182500698 0.421770542 -0.88814588 -0.103376344 0.0106942246 -0.99458482 -0.103376344 0.0106942246 -0.99458482 -0.103376344 0.0106942246 -0.99458482 0.368325316 0.150285258 0.917469783 0.368325316 0.150285258 0.917469783 0.368325316 0.150285258 0.917469783 0.783826702 0.100381185 0.612812629 0.783826702 0.100381185 0.612812629 0.783826702 0.100381185 0.612812629 0.785851181 0.101166967 0.610084556 0.785851181 0.101166967 0.610084556 0.785851181 0.101166967 0.610084556 0.927013058 0.0613512154 0.369976782 0.927013058 0.0613512154 0.369976782 0.927013058 0.0613512154 0.369976782 0.929219322 0.0619793945 0.364293847 0.929219322 0.0619793945 0.364293847 0.929219322 0.0619793945 0.364293847 0.992647914 0.0203011077 0.119323021 0.992647914 0.0203011077 0.119323021 0.992647914 0.0203011077 0.119323021 0.99253248 0.0202415262 0.120289471 0.99253248 0.0202415262 0.120289471 0.99253248 0.0202415262 0.120289471 0.999905544 0.00228071487 0.0135536214 0.999905544 0.00228071487 0.0135536214 0.999905544 0.00228071487 0.0135536214 0.999912313 0.00293434314 0.0129134306 0.999912313 0.00293434314 0.0129134306 0.999912313 0.00293434314 0.0129134306 0.999688636 0.00552906938 0.0243322783 0.999688636 0.00552906938 0.0243322783 0.999688636 0.00552906938 0.0243322783 0.999688298 0.00550183266 0.0243523575 0.999688298 0.00550183266 0.0243523575 0.999688298 0.00550183266 0.0243523575 0.999873815 0.00350074653 0.0154950971 0.999873815 0.00350074653 0.0154950971 0.999873815 0.00350074653 0.0154950971 0.999870897 0.00304774759 0.0157765852 0.999870897 0.00304774759 0.0157765852 0.999870897 0.00304774759 0.0157765852 0.99996074 -0.00168072587 -0.00870023324 0.99996074 -0.00168072587 -0.00870023324 0.99996074 -0.00168072587 -0.00870023324 0.999959322 -0.00124648303 -0.0089331263 0.999959322 -0.00124648303 -0.0089331263 0.999959322 -0.00124648303 -0.0089331263 0.998594304 -0.00732493413 -0.0524953489 0.998594304 -0.00732493413 -0.0524953489 0.998594304 -0.00732493413 -0.0524953489 0.998485974 -0.00175231886 -0.0549789841 0.998485974 -0.00175231886 -0.0549789841 0.998485974 -0.00175231886 -0.0549789841 0.991965195 -0.00403018037 -0.126446863 0.991965195 -0.00403018037 -0.126446863 0.991965195 -0.00403018037 -0.126446863 0.990840512 0.0201135206 -0.133530993 0.990840512 0.0201135206 -0.133530993 0.990840512 0.0201135206 -0.133530993 0.983110469 0.0272594135 -0.180971627 0.983110469 0.0272594135 -0.180971627 0.983110469 0.0272594135 -0.180971627 0.981748428 0.050180031 -0.183444781 0.981748428 0.050180031 -0.183444781 0.981748428 0.050180031 -0.183444781 0.97524926 0.0583393492 -0.213273067 0.97524926 0.0583393492 -0.213273067 0.97524926 0.0583393492 -0.213273067 0.974588967 0.0680855444 -0.213402682 0.974588967 0.0680855444 -0.213402682 0.974588967 0.0680855444 -0.213402682 0.967995512 0.0762821448 -0.239093547 0.967995512 0.0762821448 -0.239093547 0.967995512 0.0762821448 -0.239093547 0.968639874 0.0677105989 -0.239064989 0.968639874 0.0677105989 -0.239064989 0.968639874 0.0677105989 -0.239064989 0.961477647 0.0749087766 -0.264479508 0.961477647 0.0749087766 -0.264479508 0.961477647 0.0749087766 -0.264479508 0.964425558 0.0392801678 -0.261419989 0.964425558 0.0392801678 -0.261419989 0.964425558 0.0392801678 -0.261419989 0.955943158 0.0436185574 -0.290293129 0.955943158 0.0436185574 -0.290293129 0.955943158 0.0436185574 -0.290293129 0.962118095 -0.0196384149 -0.271924812 0.962118095 -0.0196384149 -0.271924812 0.962118095 -0.0196384149 -0.271924812 0.948311427 -0.0228588519 -0.31651684 0.948311427 -0.0228588519 -0.31651684 0.948311427 -0.0228588519 -0.31651684 0.953956861 -0.0748366734 -0.29045788 0.953956861 -0.0748366734 -0.29045788 0.953956861 -0.0748366734 -0.29045788 0.94315915 -0.0829199426 -0.321830857 0.94315915 -0.0829199426 -0.321830857 0.94315915 -0.0829199426 -0.321830857 0.946804844 -0.117089998 -0.299750762 0.946804844 -0.117089998 -0.299750762 0.946804844 -0.117089998 -0.299750762 0.941685095 -0.122433914 -0.313431202 0.941685095 -0.122433914 -0.313431202 0.941685095 -0.122433914 -0.313431202 0.94328234 -0.138028785 -0.301937879 0.94328234 -0.138028785 -0.301937879 0.94328234 -0.138028785 -0.301937879 0.940821876 -0.140901623 -0.30822221 0.940821876 -0.140901623 -0.30822221 0.940821876 -0.140901623 -0.30822221 0.940884707 -0.141496756 -0.30775743 0.940884707 -0.141496756 -0.30775743 0.940884707 -0.141496756 -0.30775743 0.943512077 -0.138410206 -0.301044141 0.943512077 -0.138410206 -0.301044141 0.943512077 -0.138410206 -0.301044141 0.939338663 -0.104686166 -0.326624682 0.939338663 -0.104686166 -0.326624682 0.939338663 -0.104686166 -0.326624682 0.927810774 -0.113860968 -0.3552504 0.927810774 -0.113860968 -0.3552504 0.927810774 -0.113860968 -0.3552504 0.925180739 -0.114286204 -0.361910575 0.925180739 -0.114286204 -0.361910575 0.925180739 -0.114286204 -0.361910575 0.76737866 -0.193081616 -0.61143232 0.76737866 -0.193081616 -0.61143232 0.76737866 -0.193081616 -0.61143232 0.777851287 -0.19344739 -0.597934346 0.777851287 -0.19344739 -0.597934346 0.777851287 -0.19344739 -0.597934346 0.565879378 -0.25379182 -0.784455379 0.565879378 -0.25379182 -0.784455379 0.565879378 -0.25379182 -0.784455379 0.571550572 -0.254982129 -0.779944906 0.571550572 -0.254982129 -0.779944906 0.571550572 -0.254982129 -0.779944906 0.077186902 -0.309811965 -0.947659606 0.077186902 -0.309811965 -0.947659606 0.077186902 -0.309811965 -0.947659606 0.185477592 -0.160560508 0.969442307 0.185477592 -0.160560508 0.969442307 0.185477592 -0.160560508 0.969442307 0.393066018 -0.566700902 0.724119599 0.393066018 -0.566700902 0.724119599 0.393066018 -0.566700902 0.724119599 0.392459094 -0.566246139 0.724804228 0.392459094 -0.566246139 0.724804228 0.392459094 -0.566246139 0.724804228 0.465030968 -0.732765829 0.496790136 0.465030968 -0.732765829 0.496790136 0.465030968 -0.732765829 0.496790136 0.46443634 -0.732274974 0.498068518 0.46443634 -0.732274974 0.498068518 0.46443634 -0.732274974 0.498068518 0.496306837 -0.827452569 0.262681879 0.496306837 -0.827452569 0.262681879 0.496306837 -0.827452569 0.262681879 0.497973024 -0.828418876 0.256407942 0.497973024 -0.828418876 0.256407942 0.497973024 -0.828418876 0.256407942 0.501037939 -0.847020796 0.177529589 0.501037939 -0.847020796 0.177529589 0.501037939 -0.847020796 0.177529589 0.498829582 -0.847939291 0.179354419 0.498829582 -0.847939291 0.179354419 0.498829582 -0.847939291 0.179354419 0.498278788 -0.843454841 0.200754029 0.498278788 -0.843454841 0.200754029 0.498278788 -0.843454841 0.200754029 0.502394219 -0.841576954 0.198364009 0.502394219 -0.841576954 0.198364009 0.502394219 -0.841576954 0.198364009 0.502848308 -0.845439243 0.179933502 0.502848308 -0.845439243 0.179933502 0.502848308 -0.845439243 0.179933502 0.498359138 -0.847612272 0.182185634 0.498359138 -0.847612272 0.182185634 0.498359138 -0.847612272 0.182185634 0.49877438 -0.856249135 0.134393221 0.49877438 -0.856249135 0.134393221 0.49877438 -0.856249135 0.134393221 0.497360886 -0.856964858 0.135068065 0.497360886 -0.856964858 0.135068065 0.497360886 -0.856964858 0.135068065 0.495192246 -0.867476769 0.0476308163 0.495192246 -0.867476769 0.0476308163 0.495192246 -0.867476769 0.0476308163 0.501451453 -0.864038068 0.0445494918 0.501451453 -0.864038068 0.0445494918 0.501451453 -0.864038068 0.0445494918 0.487010249 -0.865770592 -0.115162058 0.487010249 -0.865770592 -0.115162058 0.487010249 -0.865770592 -0.115162058 0.504186421 -0.854656759 -0.123926903 0.504186421 -0.854656759 -0.123926903 0.504186421 -0.854656759 -0.123926903 0.481091464 -0.83205705 -0.276101555 0.481091464 -0.83205705 -0.276101555 0.481091464 -0.83205705 -0.276101555 0.498324204 -0.819200853 -0.283871362 0.498324204 -0.819200853 -0.283871362 0.498324204 -0.819200853 -0.283871362 0.482200784 -0.798338633 -0.360746214 0.482200784 -0.798338633 -0.360746214 0.482200784 -0.798338633 -0.360746214 0.486225524 -0.795117023 -0.362455045 0.486225524 -0.795117023 -0.362455045 0.486225524 -0.795117023 -0.362455045 0.481543857 -0.788994427 -0.381580016 0.481543857 -0.788994427 -0.381580016 0.481543857 -0.788994427 -0.381580016 0.473874633 -0.795296327 -0.378082775 0.473874633 -0.795296327 -0.378082775 0.473874633 -0.795296327 -0.378082775 0.484710381 -0.806900775 -0.337589968 0.484710381 -0.806900775 -0.337589968 0.484710381 -0.806900775 -0.337589968 0.467730937 -0.820757468 -0.328001446 0.467730937 -0.820757468 -0.328001446 0.467730937 -0.820757468 -0.328001446 0.4996115 -0.840379865 -0.210119092 0.4996115 -0.840379865 -0.210119092 0.4996115 -0.840379865 -0.210119092 0.448511733 -0.87724087 -0.171130598 0.448511733 -0.87724087 -0.171130598 0.448511733 -0.87724087 -0.171130598 0.489484195 -0.871299539 -0.0352468003 0.489484195 -0.871299539 -0.0352468003 0.489484195 -0.871299539 -0.0352468003 0.453780357 -0.891104098 -0.00410775815 0.453780357 -0.891104098 -0.00410775815 0.453780357 -0.891104098 -0.00410775815 0.482519024 -0.871969786 0.0827289796 0.482519024 -0.871969786 0.0827289796 0.482519024 -0.871969786 0.0827289796 0.456155639 -0.883530572 0.106281519 0.456155639 -0.883530572 0.106281519 0.456155639 -0.883530572 0.106281519 0.474192395 -0.866077223 0.158277653 0.474192395 -0.866077223 0.158277653 0.474192395 -0.866077223 0.158277653 0.456178538 -0.872662138 0.174246764 0.456178538 -0.872662138 0.174246764 0.456178538 -0.872662138 0.174246764 0.463871524 -0.864069376 0.195466935 0.463871524 -0.864069376 0.195466935 0.463871524 -0.864069376 0.195466935 0.466002262 -0.863348711 0.193574006 0.466002262 -0.863348711 0.193574006 0.466002262 -0.863348711 0.193574006 0.457481758 -0.872667495 0.170768513 0.457481758 -0.872667495 0.170768513 0.457481758 -0.872667495 0.170768513 0.487468372 -0.861324731 0.143158283 0.487468372 -0.861324731 0.143158283 0.487468372 -0.861324731 0.143158283 0.446302483 -0.89452934 0.0251267626 0.446302483 -0.89452934 0.0251267626 0.446302483 -0.89452934 0.0251267626 0.446526004 -0.894375678 0.0265833551 0.446526004 -0.894375678 0.0265833551 0.446526004 -0.894375678 0.0265833551 0.344615036 -0.916028648 -0.205260793 0.344615036 -0.916028648 -0.205260793 0.344615036 -0.916028648 -0.205260793 0.341076749 -0.913927288 -0.220008097 0.341076749 -0.913927288 -0.220008097 0.341076749 -0.913927288 -0.220008097 0.20066764 -0.866094723 -0.4578345 0.20066764 -0.866094723 -0.4578345 0.20066764 -0.866094723 -0.4578345 0.196229283 -0.856707953 -0.47701735 0.196229283 -0.856707953 -0.47701735 0.196229283 -0.856707953 -0.47701735 -0.087622707 -0.588185507 -0.803965217 -0.087622707 -0.588185507 -0.803965217 -0.087622707 -0.588185507 -0.803965217 -0.184398131 -0.1605937 0.969642714 -0.184398131 -0.1605937 0.969642714 -0.184398131 -0.1605937 0.969642714 -0.391544455 -0.568264628 0.723718351 -0.391544455 -0.568264628 0.723718351 -0.391544455 -0.568264628 0.723718351 -0.391566217 -0.567095141 0.72462335 -0.391566217 -0.567095141 0.72462335 -0.391566217 -0.567095141 0.72462335 -0.464891043 -0.736204881 0.491811642 -0.464891043 -0.736204881 0.491811642 -0.464891043 -0.736204881 0.491811642 -0.465167012 -0.732706668 0.496750027 -0.465167012 -0.732706668 0.496750027 -0.465167012 -0.732706668 0.496750027 -0.496117907 -0.828342039 0.260223922 -0.496117907 -0.828342039 0.260223922 -0.496117907 -0.828342039 0.260223922 -0.49647801 -0.827359278 0.262652263 -0.49647801 -0.827359278 0.262652263 -0.49647801 -0.827359278 0.262652263 -0.500180083 -0.85179664 0.155763822 -0.500180083 -0.85179664 0.155763822 -0.500180083 -0.85179664 0.155763822 -0.499320755 -0.852392026 0.155263059 -0.499320755 -0.852392026 0.155263059 -0.499320755 -0.852392026 0.155263059 -0.499777298 -0.849972107 0.166643543 -0.499777298 -0.849972107 0.166643543 -0.499777298 -0.849972107 0.166643543 -0.500673022 -0.849387393 0.16693586 -0.500673022 -0.849387393 0.16693586 -0.500673022 -0.849387393 0.16693586 -0.500300216 -0.85142778 0.157386242 -0.500300216 -0.85142778 0.157386242 -0.500300216 -0.85142778 0.157386242 -0.498780828 -0.852393289 0.15698206 -0.498780828 -0.852393289 0.15698206 -0.498780828 -0.852393289 0.15698206 -0.498251403 -0.856795249 0.132843669 -0.498251403 -0.856795249 0.132843669 -0.498251403 -0.856795249 0.132843669 -0.499178471 -0.856214099 0.133109998 -0.499178471 -0.856214099 0.133109998 -0.499178471 -0.856214099 0.133109998 -0.499573128 -0.861648333 0.0893803133 -0.499573128 -0.861648333 0.0893803133 -0.499573128 -0.861648333 0.0893803133 -0.496527557 -0.863529361 0.0881897286 -0.496527557 -0.863529361 0.0881897286 -0.496527557 -0.863529361 0.0881897286 -0.502118248 -0.864798871 0.000422167197 -0.502118248 -0.864798871 0.000422167197 -0.502118248 -0.864798871 0.000422167197 -0.488763738 -0.872385091 -0.00736615407 -0.488763738 -0.872385091 -0.00736615407 -0.488763738 -0.872385091 -0.00736615407 -0.503670686 -0.857492425 -0.10498848 -0.503670686 -0.857492425 -0.10498848 -0.503670686 -0.857492425 -0.10498848 -0.488027156 -0.865049807 -0.11626834 -0.488027156 -0.865049807 -0.11626834 -0.488027156 -0.865049807 -0.11626834 -0.496177833 -0.854010561 -0.156440148 -0.496177833 -0.854010561 -0.156440148 -0.496177833 -0.854010561 -0.156440148 -0.488631485 -0.857237121 -0.162430875 -0.488631485 -0.857237121 -0.162430875 -0.488631485 -0.857237121 -0.162430875 -0.487521563 -0.858737089 -0.157776227 -0.487521563 -0.858737089 -0.157776227 -0.487521563 -0.858737089 -0.157776227 -0.492884112 -0.856484286 -0.153296835 -0.492884112 -0.856484286 -0.153296835 -0.492884112 -0.856484286 -0.153296835 -0.478638482 -0.872486248 -0.0983511558 -0.478638482 -0.872486248 -0.0983511558 -0.478638482 -0.872486248 -0.0983511558 -0.505105958 -0.859737518 -0.0756265239 -0.505105958 -0.859737518 -0.0756265239 -0.505105958 -0.859737518 -0.0756265239 -0.471848542 -0.880224023 0.0506421065 -0.471848542 -0.880224023 0.0506421065 -0.471848542 -0.880224023 0.0506421065 -0.510197807 -0.856123213 0.0821659391 -0.510197807 -0.856123213 0.0821659391 -0.510197807 -0.856123213 0.0821659391 -0.469295235 -0.84876508 0.24363871 -0.469295235 -0.84876508 0.24363871 -0.469295235 -0.84876508 0.24363871 -0.505076931 -0.820895682 0.266509987 -0.505076931 -0.820895682 0.266509987 -0.505076931 -0.820895682 0.266509987 -0.475782103 -0.798643375 0.36851072 -0.475782103 -0.798643375 0.36851072 -0.475782103 -0.798643375 0.36851072 -0.49731812 -0.780553644 0.378696049 -0.49731812 -0.780553644 0.378696049 -0.49731812 -0.780553644 0.378696049 -0.479162262 -0.760609653 0.438037079 -0.479162262 -0.760609653 0.438037079 -0.479162262 -0.760609653 0.438037079 -0.493398858 -0.748397284 0.443237038 -0.493398858 -0.748397284 0.443237038 -0.493398858 -0.748397284 0.443237038 -0.485658524 -0.738582504 0.467580671 -0.485658524 -0.738582504 0.467580671 -0.485658524 -0.738582504 0.467580671 -0.482738964 -0.741094367 0.466628581 -0.482738964 -0.741094367 0.466628581 -0.482738964 -0.741094367 0.466628581 -0.49049198 -0.751196856 0.441724916 -0.49049198 -0.751196856 0.441724916 -0.49049198 -0.751196856 0.441724916 -0.466300831 -0.771865681 0.432188507 -0.466300831 -0.771865681 0.432188507 -0.466300831 -0.771865681 0.432188507 -0.506541385 -0.81098624 0.292774903 -0.506541385 -0.81098624 0.292774903 -0.506541385 -0.81098624 0.292774903 -0.507087365 -0.816205452 0.276895403 -0.507087365 -0.816205452 0.276895403 -0.507087365 -0.816205452 0.276895403 -0.546576793 -0.836905576 0.0290321695 -0.546576793 -0.836905576 0.0290321695 -0.546576793 -0.836905576 0.0290321695 -0.552909067 -0.828648225 0.0873709459 -0.552909067 -0.828648225 0.0873709459 -0.552909067 -0.828648225 0.0873709459 -0.562595115 -0.796721501 -0.220729667 -0.562595115 -0.796721501 -0.220729667 -0.562595115 -0.796721501 -0.220729667 -0.547049971 -0.795239899 -0.261399755 -0.547049971 -0.795239899 -0.261399755 -0.547049971 -0.795239899 -0.261399755 -0.4415929 -0.560309561 -0.700748819 -0.4415929 -0.560309561 -0.700748819 -0.4415929 -0.560309561 -0.700748819 -0.366404744 0.150407884 0.918218401 -0.366404744 0.150407884 0.918218401 -0.366404744 0.150407884 0.918218401 -0.787580175 0.0996105301 0.608107893 -0.787580175 0.0996105301 0.608107893 -0.787580175 0.0996105301 0.608107893 -0.785575542 0.101224242 0.610429948 -0.785575542 0.101224242 0.610429948 -0.785575542 0.101224242 0.610429948 -0.929340991 0.0604013331 0.364248543 -0.929340991 0.0604013331 0.364248543 -0.929340991 0.0604013331 0.364248543 -0.928993863 0.060789716 0.365068504 -0.928993863 0.060789716 0.365068504 -0.928993863 0.060789716 0.365068504 -0.992534347 0.0200333493 0.120308916 -0.992534347 0.0200333493 0.120308916 -0.992534347 0.0200333493 0.120308916 -0.992422663 0.0203892567 0.121167389 -0.992422663 0.0203892567 0.121167389 -0.992422663 0.0203892567 0.121167389 -0.999488715 -0.00530571019 -0.031530284 -0.999488715 -0.00530571019 -0.031530284 -0.999488715 -0.00530571019 -0.031530284 -0.999451998 -0.00733471673 -0.032278569 -0.999451998 -0.00733471673 -0.032278569 -0.999451998 -0.00733471673 -0.032278569 -0.999043431 -0.00968960219 -0.0426419321 -0.999043431 -0.00968960219 -0.0426419321 -0.999043431 -0.00968960219 -0.0426419321 -0.999045131 -0.00959425323 -0.0426236544 -0.999045131 -0.00959425323 -0.0426236544 -0.999045131 -0.00959425323 -0.0426236544 -0.999429215 -0.0074185198 -0.03295769 -0.999429215 -0.0074185198 -0.03295769 -0.999429215 -0.0074185198 -0.03295769 -0.999440721 -0.00643904983 -0.0328143848 -0.999440721 -0.00643904983 -0.0328143848 -0.999440721 -0.00643904983 -0.0328143848 -0.999929928 -0.00227945708 -0.0116164627 -0.999929928 -0.00227945708 -0.0116164627 -0.999929928 -0.00227945708 -0.0116164627 -0.999932702 -0.00155953905 -0.011496058 -0.999932702 -0.00155953905 -0.011496058 -0.999932702 -0.00155953905 -0.011496058 -0.999463979 0.00440083711 0.0324405336 -0.999463979 0.00440083711 0.0324405336 -0.999463979 0.00440083711 0.0324405336 -0.999501104 0.00100614811 0.0315678855 -0.999501104 0.00100614811 0.0315678855 -0.999501104 0.00100614811 0.0315678855 -0.994251799 0.00341076582 0.107012738 -0.994251799 0.00341076582 0.107012738 -0.994251799 0.00341076582 0.107012738 -0.994969916 -0.0145747001 0.0991082455 -0.994969916 -0.0145747001 0.0991082455 -0.994969916 -0.0145747001 0.0991082455 -0.986271008 -0.0240260518 0.163377621 -0.986271008 -0.0240260518 0.163377621 -0.986271008 -0.0240260518 0.163377621 -0.987360493 -0.0411786442 0.153047627 -0.987360493 -0.0411786442 0.153047627 -0.987360493 -0.0411786442 0.153047627 -0.980087025 -0.0515915841 0.191749137 -0.980087025 -0.0515915841 0.191749137 -0.980087025 -0.0515915841 0.191749137 -0.980665176 -0.0592256919 0.186515762 -0.980665176 -0.0592256919 0.186515762 -0.980665176 -0.0592256919 0.186515762 -0.97581282 -0.0661606885 0.208355712 -0.97581282 -0.0661606885 0.208355712 -0.97581282 -0.0661606885 0.208355712 -0.975235535 -0.0592898058 0.213073628 -0.975235535 -0.0592898058 0.213073628 -0.975235535 -0.0592898058 0.213073628 -0.973271313 -0.0615656282 0.221252399 -0.973271313 -0.0615656282 0.221252399 -0.973271313 -0.0615656282 0.221252399 -0.971041482 -0.0366958248 0.236075955 -0.971041482 -0.0366958248 0.236075955 -0.971041482 -0.0366958248 0.236075955 -0.973859772 -0.0348893949 0.224454615 -0.973859772 -0.0348893949 0.224454615 -0.973859772 -0.0348893949 0.224454615 -0.969165858 0.0192136387 0.245659066 -0.969165858 0.0192136387 0.245659066 -0.969165858 0.0192136387 0.245659066 -0.970250856 0.0188777632 0.241364676 -0.970250856 0.0188777632 0.241364676 -0.970250856 0.0188777632 0.241364676 -0.966654944 0.0653874288 0.247593827 -0.966654944 0.0653874288 0.247593827 -0.966654944 0.0653874288 0.247593827 -0.966958771 0.0650938828 0.246482296 -0.966958771 0.0650938828 0.246482296 -0.966958771 0.0650938828 0.246482296 -0.964843403 0.0949849309 0.245061363 -0.964843403 0.0949849309 0.245061363 -0.964843403 0.0949849309 0.245061363 -0.965577763 0.0940052218 0.242533711 -0.965577763 0.0940052218 0.242533711 -0.965577763 0.0940052218 0.242533711 -0.964547239 0.109723291 0.240019629 -0.964547239 0.109723291 0.240019629 -0.964547239 0.109723291 0.240019629 -0.964628964 0.109599033 0.239747814 -0.964628964 0.109599033 0.239747814 -0.964628964 0.109599033 0.239747814 -0.964429178 0.112687469 0.239118998 -0.964429178 0.112687469 0.239118998 -0.964429178 0.112687469 0.239118998 -0.964504651 0.112570019 0.238869773 -0.964504651 0.112570019 0.238869773 -0.964504651 0.112570019 0.238869773 -0.966709284 0.0799923988 0.243052209 -0.966709284 0.0799923988 0.243052209 -0.966709284 0.0799923988 0.243052209 -0.977021472 0.0666321556 0.202457894 -0.977021472 0.0666321556 0.202457894 -0.977021472 0.0666321556 0.202457894 -0.977052154 0.0665568018 0.202334575 -0.977052154 0.0665568018 0.202334575 -0.977052154 0.0665568018 0.202334575 -0.994659336 -0.032251091 -0.0980442362 -0.994659336 -0.032251091 -0.0980442362 -0.994659336 -0.032251091 -0.0980442362 -0.994857602 -0.0311769391 -0.0963657136 -0.994857602 -0.0311769391 -0.0963657136 -0.994857602 -0.0311769391 -0.0963657136 -0.943119106 -0.1023358 -0.31631272 -0.943119106 -0.1023358 -0.31631272 -0.943119106 -0.1023358 -0.31631272 -0.942219037 -0.104096774 -0.318413485 -0.942219037 -0.104096774 -0.318413485 -0.942219037 -0.104096774 -0.318413485 -0.61438512 -0.245175034 -0.74994675 -0.61438512 -0.245175034 -0.74994675 -0.61438512 -0.245175034 -0.74994675 -0.180929662 0.466855317 0.86562727 -0.180929662 0.466855317 0.86562727 -0.180929662 0.466855317 0.86562727 -0.389284536 0.772782158 0.501263689 -0.389284536 0.772782158 0.501263689 -0.389284536 0.772782158 0.501263689 -0.394864578 0.774664064 0.49394084 -0.394864578 0.774664064 0.49394084 -0.394864578 0.774664064 0.49394084 -0.467255281 0.855491942 0.223172666 -0.467255281 0.855491942 0.223172666 -0.467255281 0.855491942 0.223172666 -0.463833935 0.855260638 0.231056968 -0.463833935 0.855260638 0.231056968 -0.463833935 0.855260638 0.231056968 -0.49553572 0.86818901 -0.0263095607 -0.49553572 0.86818901 -0.0263095607 -0.49553572 0.86818901 -0.0263095607 -0.493716979 0.869404286 -0.0194867295 -0.493716979 0.869404286 -0.0194867295 -0.493716979 0.869404286 -0.0194867295 -0.496993927 0.84545656 -0.195448819 -0.496993927 0.84545656 -0.195448819 -0.496993927 0.84545656 -0.195448819 -0.498785139 0.844149456 -0.196532646 -0.498785139 0.844149456 -0.196532646 -0.498785139 0.844149456 -0.196532646 -0.49806219 0.839457701 -0.217358743 -0.49806219 0.839457701 -0.217358743 -0.49806219 0.839457701 -0.217358743 -0.499476009 0.838467963 -0.217933915 -0.499476009 0.838467963 -0.217933915 -0.499476009 0.838467963 -0.217933915 -0.500177166 0.842691837 -0.1992317 -0.500177166 0.842691837 -0.1992317 -0.500177166 0.842691837 -0.1992317 -0.499922946 0.842862239 -0.199148922 -0.499922946 0.842862239 -0.199148922 -0.499922946 0.842862239 -0.199148922 -0.500750093 0.851748444 -0.154187979 -0.500750093 0.851748444 -0.154187979 -0.500750093 0.851748444 -0.154187979 -0.502736702 0.850468464 -0.154787598 -0.502736702 0.850468464 -0.154787598 -0.502736702 0.850468464 -0.154787598 -0.501229727 0.862635853 -0.0680304746 -0.501229727 0.862635853 -0.0680304746 -0.501229727 0.862635853 -0.0680304746 -0.502706989 0.861738708 -0.0684987802 -0.502706989 0.861738708 -0.0684987802 -0.502706989 0.861738708 -0.0684987802 -0.490132553 0.866297801 0.0964271822 -0.490132553 0.866297801 0.0964271822 -0.490132553 0.866297801 0.0964271822 -0.50948612 0.855800058 0.0896111264 -0.50948612 0.855800058 0.0896111264 -0.50948612 0.855800058 0.0896111264 -0.485939023 0.834514204 0.259710048 -0.485939023 0.834514204 0.259710048 -0.485939023 0.834514204 0.259710048 -0.502671329 0.826273904 0.254151471 -0.502671329 0.826273904 0.254151471 -0.502671329 0.826273904 0.254151471 -0.486710526 0.80533758 0.338443861 -0.486710526 0.80533758 0.338443861 -0.486710526 0.80533758 0.338443861 -0.495000039 0.801332603 0.335918176 -0.495000039 0.801332603 0.335918176 -0.495000039 0.801332603 0.335918176 -0.491628541 0.797034091 0.350767778 -0.491628541 0.797034091 0.350767778 -0.491628541 0.797034091 0.350767778 -0.487746217 0.798948515 0.351830781 -0.487746217 0.798948515 0.351830781 -0.487746217 0.798948515 0.351830781 -0.50168484 0.813417897 0.294386898 -0.50168484 0.813417897 0.294386898 -0.50168484 0.813417897 0.294386898 -0.469638512 0.829754726 0.30157381 -0.469638512 0.829754726 0.30157381 -0.469638512 0.829754726 0.30157381 -0.50932281 0.849076218 0.140213593 -0.50932281 0.849076218 0.140213593 -0.50932281 0.849076218 0.140213593 -0.458279358 0.876553754 0.147083464 -0.458279358 0.876553754 0.147083464 -0.458279358 0.876553754 0.147083464 -0.507774809 0.860677796 -0.0373961914 -0.507774809 0.860677796 -0.0373961914 -0.507774809 0.860677796 -0.0373961914 -0.468388251 0.882682274 -0.0385285464 -0.468388251 0.882682274 -0.0385285464 -0.468388251 0.882682274 -0.0385285464 -0.504237368 0.848946391 -0.158223585 -0.504237368 0.848946391 -0.158223585 -0.504237368 0.848946391 -0.158223585 -0.471373274 0.8666399 -0.163531402 -0.471373274 0.8666399 -0.163531402 -0.471373274 0.8666399 -0.163531402 -0.49293811 0.838597887 -0.231874111 -0.49293811 0.838597887 -0.231874111 -0.49293811 0.838597887 -0.231874111 -0.48334426 0.843531888 -0.234162934 -0.48334426 0.843531888 -0.234162934 -0.48334426 0.843531888 -0.234162934 -0.492784983 0.829772003 -0.261995006 -0.492784983 0.829772003 -0.261995006 -0.492784983 0.829772003 -0.261995006 -0.483155634 0.834618125 -0.264524514 -0.483155634 0.834618125 -0.264524514 -0.483155634 0.834618125 -0.264524514 -0.472535995 0.850215488 -0.232041714 -0.472535995 0.850215488 -0.232041714 -0.472535995 0.850215488 -0.232041714 -0.509027586 0.830861181 -0.224856878 -0.509027586 0.830861181 -0.224856878 -0.509027586 0.830861181 -0.224856878 -0.515188958 0.820092727 -0.249054727 -0.515188958 0.820092727 -0.249054727 -0.515188958 0.820092727 -0.249054727 -0.502819186 0.8345108 -0.22530999 -0.502819186 0.8345108 -0.22530999 -0.502819186 0.8345108 -0.22530999 -0.54520704 0.710446514 -0.444988801 -0.54520704 0.710446514 -0.444988801 -0.54520704 0.710446514 -0.444988801 -0.556140026 0.686101041 -0.469013468 -0.556140026 0.686101041 -0.469013468 -0.556140026 0.686101041 -0.469013468 -0.560238996 0.48509547 -0.671427324 -0.560238996 0.48509547 -0.671427324 -0.560238996 0.48509547 -0.671427324 -0.548535105 0.528322087 -0.648062505 -0.548535105 0.528322087 -0.648062505 -0.548535105 0.528322087 -0.648062505 -0.432510865 0.0447430055 -0.900517859 -0.432510865 0.0447430055 -0.900517859 -0.432510865 0.0447430055 -0.900517859 0.185477592 0.160560508 0.969442307 0.185477592 0.160560508 0.969442307 0.185477592 0.160560508 0.969442307 0.392729837 0.565984436 0.724861982 0.392729837 0.565984436 0.724861982 0.392729837 0.565984436 0.724861982 0.392715266 0.566793261 0.724237613 0.392715266 0.566793261 0.724237613 0.392715266 0.566793261 0.724237613 0.464750643 0.732047749 0.498109358 0.464750643 0.732047749 0.498109358 0.464750643 0.732047749 0.498109358 0.464688852 0.732914505 0.496890933 0.464688852 0.732914505 0.496890933 0.464688852 0.732914505 0.496890933 0.496696486 0.829179125 0.256426558 0.496696486 0.829179125 0.256426558 0.496696486 0.829179125 0.256426558 0.49759828 0.826747662 0.262458101 0.49759828 0.826747662 0.262458101 0.49759828 0.826747662 0.262458101 0.501008665 0.846700439 0.179133144 0.501008665 0.846700439 0.179133144 0.501008665 0.846700439 0.179133144 0.498861729 0.848263972 0.177722281 0.498861729 0.848263972 0.177722281 0.498861729 0.848263972 0.177722281 0.498340003 0.843888468 0.198769954 0.498340003 0.843888468 0.198769954 0.498340003 0.843888468 0.198769954 0.502333234 0.841132778 0.200392044 0.502333234 0.841132778 0.200392044 0.502333234 0.841132778 0.200392044 0.502811814 0.845075174 0.181736706 0.502811814 0.845075174 0.181736706 0.502811814 0.845075174 0.181736706 0.498397344 0.847986398 0.180330687 0.498397344 0.847986398 0.180330687 0.498397344 0.847986398 0.180330687 0.498776226 0.856164418 0.134925035 0.498776226 0.856164418 0.134925035 0.498776226 0.856164418 0.134925035 0.497359294 0.85705247 0.134516898 0.497359294 0.85705247 0.134516898 0.497359294 0.85705247 0.134516898 0.495076738 0.867673361 0.0451880786 0.495076738 0.867673361 0.0451880786 0.495076738 0.867673361 0.0451880786 0.50157702 0.863830888 0.0470817493 0.50157702 0.863830888 0.0470817493 0.50157702 0.863830888 0.0470817493 0.486054219 0.865319399 -0.1223668 0.486054219 0.865319399 -0.1223668 0.486054219 0.865319399 -0.1223668 0.50500234 0.855231185 -0.116414159 0.50500234 0.855231185 -0.116414159 0.50500234 0.855231185 -0.116414159 0.479747933 0.830531852 -0.282946572 0.479747933 0.830531852 -0.282946572 0.479747933 0.830531852 -0.282946572 0.499641665 0.820847694 -0.276707915 0.499641665 0.820847694 -0.276707915 0.499641665 0.820847694 -0.276707915 0.481843547 0.797864574 -0.362269124 0.481843547 0.797864574 -0.362269124 0.481843547 0.797864574 -0.362269124 0.486603755 0.795608633 -0.360865194 0.486603755 0.795608633 -0.360865194 0.486603755 0.795608633 -0.360865194 0.482268058 0.789945883 -0.378685915 0.482268058 0.789945883 -0.378685915 0.482268058 0.789945883 -0.378685915 0.473012284 0.794350481 -0.381138679 0.473012284 0.794350481 -0.381138679 0.473012284 0.794350481 -0.381138679 0.486449923 0.808709985 -0.33068812 0.486449923 0.808709985 -0.33068812 0.486449923 0.808709985 -0.33068812 0.465469413 0.819090887 -0.335303361 0.465469413 0.819090887 -0.335303361 0.465469413 0.819090887 -0.335303361 0.504883591 0.842687242 -0.187004737 0.504883591 0.842687242 -0.187004737 0.504883591 0.842687242 -0.187004737 0.440046873 0.876415066 -0.195589831 0.440046873 0.876415066 -0.195589831 0.440046873 0.876415066 -0.195589831 0.493194718 0.869665164 -0.0210112258 0.493194718 0.869665164 -0.0210112258 0.493194718 0.869665164 -0.0210112258 0.448281866 0.893680157 -0.0194716539 0.448281866 0.893680157 -0.0194716539 0.448281866 0.893680157 -0.0194716539 0.485137004 0.869659493 0.0912932262 0.485137004 0.869659493 0.0912932262 0.485137004 0.869659493 0.0912932262 0.45261995 0.886462715 0.0965351548 0.45261995 0.886462715 0.0965351548 0.45261995 0.886462715 0.0965351548 0.475857195 0.864231403 0.163291186 0.475857195 0.864231403 0.163291186 0.475857195 0.864231403 0.163291186 0.454014943 0.874937337 0.168389692 0.454014943 0.874937337 0.168389692 0.454014943 0.874937337 0.168389692 0.463671307 0.864303403 0.19490651 0.463671307 0.864303403 0.19490651 0.463671307 0.864303403 0.19490651 0.46625014 0.863063362 0.194248397 0.46625014 0.863063362 0.194248397 0.46625014 0.863063362 0.194248397 0.453903489 0.876311818 0.161397711 0.453903489 0.876311818 0.161397711 0.453903489 0.876311818 0.161397711 0.490993764 0.857376687 0.15437079 0.490993764 0.857376687 0.15437079 0.490993764 0.857376687 0.15437079 0.446800373 0.894242919 0.026439141 0.446800373 0.894242919 0.026439141 0.446800373 0.894242919 0.026439141 0.446013196 0.894670689 0.0252306773 0.446013196 0.894670689 0.0252306773 0.446013196 0.894670689 0.0252306773 0.338336365 0.915501257 -0.21768315 0.338336365 0.915501257 -0.21768315 0.338336365 0.915501257 -0.21768315 0.348133007 0.914484115 -0.20620915 0.348133007 0.914484115 -0.20620915 0.348133007 0.914484115 -0.20620915 0.191209486 0.860756423 -0.471738606 0.191209486 0.860756423 -0.471738606 0.191209486 0.860756423 -0.471738606 0.208408052 0.863923243 -0.458478696 0.208408052 0.863923243 -0.458478696 0.208408052 0.863923243 -0.458478696 -0.087622707 0.588185507 -0.803965217 -0.087622707 0.588185507 -0.803965217 -0.087622707 0.588185507 -0.803965217 0.368325316 -0.150285258 0.917469783 0.368325316 -0.150285258 0.917469783 0.368325316 -0.150285258 0.917469783 0.786114039 -0.0999126999 0.609952596 0.786114039 -0.0999126999 0.609952596 0.786114039 -0.0999126999 0.609952596 0.784101026 -0.101529739 0.612272238 0.784101026 -0.101529739 0.612272238 0.784101026 -0.101529739 0.612272238 0.929341586 -0.0604010881 0.364247066 0.929341586 -0.0604010881 0.364247066 0.929341586 -0.0604010881 0.364247066 0.927136666 -0.0628506747 0.369414937 0.927136666 -0.0628506747 0.369414937 0.927136666 -0.0628506747 0.369414937 0.992530455 -0.0204620299 0.120268867 0.992530455 -0.0204620299 0.120268867 0.992530455 -0.0204620299 0.120268867 0.992646264 -0.0200872963 0.119372927 0.992646264 -0.0200872963 0.119372927 0.992646264 -0.0200872963 0.119372927 0.999912152 -0.00219950457 0.0130710124 0.999912152 -0.00219950457 0.0130710124 0.999912152 -0.00219950457 0.0130710124 0.999905603 -0.00304453451 0.0133983598 0.999905603 -0.00304453451 0.0133983598 0.999905603 -0.00304453451 0.0133983598 0.999688302 -0.00553203457 0.0243453275 0.999688302 -0.00553203457 0.0243453275 0.999688302 -0.00553203457 0.0243453275 0.999688641 -0.00549880363 0.0243389504 0.999688641 -0.00549880363 0.0243389504 0.999688641 -0.00549880363 0.0243389504 0.999870951 -0.00354025892 0.0156699879 0.999870951 -0.00354025892 0.0156699879 0.999870951 -0.00354025892 0.0156699879 0.999873846 -0.00301273395 0.015595338 0.999873846 -0.00301273395 0.015595338 0.999873846 -0.00301273395 0.015595338 0.999959353 0.00171014415 -0.00885251617 0.999959353 0.00171014415 -0.00885251617 0.999959353 0.00171014415 -0.00885251617 0.999960753 0.0012243547 -0.00877453997 0.999960753 0.0012243547 -0.00877453997 0.999960753 0.0012243547 -0.00877453997 0.998489114 0.00759385683 -0.0544226278 0.998489114 0.00759385683 -0.0544226278 0.998489114 0.00759385683 -0.0544226278 0.998595208 0.00168796851 -0.0529599928 0.998595208 0.00168796851 -0.0529599928 0.998595208 0.00168796851 -0.0529599928 0.990849724 0.00429964178 -0.134901212 0.990849724 0.00429964178 -0.134901212 0.990849724 0.00429964178 -0.134901212 0.991996998 -0.0188063733 -0.124853015 0.991996998 -0.0188063733 -0.124853015 0.991996998 -0.0188063733 -0.124853015 0.981734373 -0.0283383312 -0.188134418 0.981734373 -0.0283383312 -0.188134418 0.981734373 -0.0283383312 -0.188134418 0.983181733 -0.0481868364 -0.176158194 0.983181733 -0.0481868364 -0.176158194 0.983181733 -0.0481868364 -0.176158194 0.974593868 -0.0590968995 -0.216042469 0.974593868 -0.0590968995 -0.216042469 0.974593868 -0.0590968995 -0.216042469 0.975275913 -0.0671706293 -0.210535035 0.975275913 -0.0671706293 -0.210535035 0.975275913 -0.0671706293 -0.210535035 0.968628416 -0.0755362633 -0.236755707 0.968628416 -0.0755362633 -0.236755707 0.968628416 -0.0755362633 -0.236755707 0.967972719 -0.0684154503 -0.241553599 0.967972719 -0.0684154503 -0.241553599 0.967972719 -0.0684154503 -0.241553599 0.964361218 -0.0721035624 -0.254575172 0.964361218 -0.0721035624 -0.254575172 0.964361218 -0.0721035624 -0.254575172 0.96133049 -0.0409209985 -0.272340155 0.96133049 -0.0409209985 -0.272340155 0.96133049 -0.0409209985 -0.272340155 0.961703894 -0.0407268234 -0.271047868 0.961703894 -0.0407268234 -0.271047868 0.961703894 -0.0407268234 -0.271047868 0.955936429 0.0211468248 -0.292811125 0.955936429 0.0211468248 -0.292811125 0.955936429 0.0211468248 -0.292811125 0.953323219 0.0217503104 -0.301167335 0.953323219 0.0217503104 -0.301167335 0.953323219 0.0217503104 -0.301167335 0.948375931 0.0791292447 -0.30711831 0.948375931 0.0791292447 -0.30711831 0.948375931 0.0791292447 -0.30711831 0.946415547 0.0805771142 -0.312737816 0.946415547 0.0805771142 -0.312737816 0.946415547 0.0805771142 -0.312737816 0.943018961 0.121067131 -0.309932234 0.943018961 0.121067131 -0.309932234 0.943018961 0.121067131 -0.309932234 0.943125389 0.120957327 -0.309651135 0.943125389 0.120957327 -0.309651135 0.943125389 0.120957327 -0.309651135 0.941568941 0.14003637 -0.30632947 0.941568941 0.14003637 -0.30632947 0.941568941 0.14003637 -0.30632947 0.940877576 0.140837318 -0.308081544 0.940877576 0.140837318 -0.308081544 0.940877576 0.140837318 -0.308081544 0.940817553 0.141574654 -0.307926859 0.940817553 0.141574654 -0.307926859 0.940817553 0.141574654 -0.307926859 0.939863806 0.142675788 -0.310321842 0.939863806 0.142675788 -0.310321842 0.939863806 0.142675788 -0.310321842 0.943624691 0.101031581 -0.315222242 0.943624691 0.101031581 -0.315222242 0.943624691 0.101031581 -0.315222242 0.925209769 0.115815835 -0.361349659 0.925209769 0.115815835 -0.361349659 0.925209769 0.115815835 -0.361349659 0.927853448 0.112304237 -0.355634273 0.927853448 0.112304237 -0.355634273 0.927853448 0.112304237 -0.355634273 0.777272407 0.18945905 -0.599960726 0.777272407 0.18945905 -0.599960726 0.777272407 0.18945905 -0.599960726 0.766819681 0.197576514 -0.610697223 0.766819681 0.197576514 -0.610697223 0.766819681 0.197576514 -0.610697223 0.570806673 0.252744147 -0.781217087 0.570806673 0.252744147 -0.781217087 0.570806673 0.252744147 -0.781217087 0.565113485 0.25636378 -0.78417113 0.565113485 0.25636378 -0.78417113 0.565113485 0.25636378 -0.78417113 0.077186902 0.309811965 -0.947659606 0.077186902 0.309811965 -0.947659606 0.077186902 0.309811965 -0.947659606 0.181990221 -0.466762421 0.865455026 0.181990221 -0.466762421 0.865455026 0.181990221 -0.466762421 0.865455026 0.391283971 -0.772071084 0.500802452 0.391283971 -0.772071084 0.500802452 0.391283971 -0.772071084 0.500802452 0.395386397 -0.773439417 0.495440273 0.395386397 -0.773439417 0.495440273 0.395386397 -0.773439417 0.495440273 0.46852074 -0.854843687 0.223003556 0.46852074 -0.854843687 0.223003556 0.46852074 -0.854843687 0.223003556 0.464862642 -0.854604752 0.231416166 0.464862642 -0.854604752 0.231416166 0.464862642 -0.854604752 0.231416166 0.496692184 -0.867528521 -0.0262895453 0.496692184 -0.867528521 -0.0262895453 0.496692184 -0.867528521 -0.0262895453 0.494823771 -0.868779157 -0.0192928053 0.494823771 -0.868779157 -0.0192928053 0.494823771 -0.868779157 -0.0192928053 0.498550702 -0.849113219 -0.174510568 0.498550702 -0.849113219 -0.174510568 0.498550702 -0.849113219 -0.174510568 0.499692653 -0.848309976 -0.175149758 0.499692653 -0.848309976 -0.175149758 0.499692653 -0.848309976 -0.175149758 0.499953753 -0.84634584 -0.183698025 0.499953753 -0.84634584 -0.183698025 0.499953753 -0.84634584 -0.183698025 0.500915546 -0.845708324 -0.184013712 0.500915546 -0.845708324 -0.184013712 0.500915546 -0.845708324 -0.184013712 0.50068683 -0.847668311 -0.175417024 0.50068683 -0.847668311 -0.175417024 0.50068683 -0.847668311 -0.175417024 0.500265465 -0.847940612 -0.175303118 0.500265465 -0.847940612 -0.175303118 0.500265465 -0.847940612 -0.175303118 0.499942214 -0.852441125 -0.152976831 0.499942214 -0.852441125 -0.152976831 0.499942214 -0.852441125 -0.152976831 0.499441 -0.852761568 -0.15282799 0.499441 -0.852761568 -0.15282799 0.499441 -0.852761568 -0.15282799 0.500266152 -0.858580232 -0.112132789 0.500266152 -0.858580232 -0.112132789 0.500266152 -0.858580232 -0.112132789 0.493779375 -0.862670679 -0.109458794 0.493779375 -0.862670679 -0.109458794 0.493779375 -0.862670679 -0.109458794 0.500179381 -0.865428282 -0.0292314061 0.500179381 -0.865428282 -0.0292314061 0.500179381 -0.865428282 -0.0292314061 0.479501458 -0.877395827 -0.0159660683 0.479501458 -0.877395827 -0.0159660683 0.479501458 -0.877395827 -0.0159660683 0.495400449 -0.864718411 0.0827071038 0.495400449 -0.864718411 0.0827071038 0.495400449 -0.864718411 0.0827071038 0.48440562 -0.870087907 0.091094617 0.48440562 -0.870087907 0.091094617 0.48440562 -0.870087907 0.091094617 0.493016636 -0.860121608 0.130864117 0.493016636 -0.860121608 0.130864117 0.493016636 -0.860121608 0.130864117 0.485027172 -0.863642321 0.137370243 0.485027172 -0.863642321 0.137370243 0.485027172 -0.863642321 0.137370243 0.482736042 -0.86633328 0.128189553 0.482736042 -0.86633328 0.128189553 0.482736042 -0.86633328 0.128189553 0.487273853 -0.864339993 0.124420931 0.487273853 -0.864339993 0.124420931 0.487273853 -0.864339993 0.124420931 0.469995436 -0.880538777 0.0612841986 0.469995436 -0.880538777 0.0612841986 0.469995436 -0.880538777 0.0612841986 0.492342451 -0.869329726 0.0431826194 0.492342451 -0.869329726 0.0431826194 0.492342451 -0.869329726 0.0431826194 0.452479544 -0.88656281 -0.0962738063 0.452479544 -0.88656281 -0.0962738063 0.452479544 -0.88656281 -0.0962738063 0.500862243 -0.855608143 -0.13065879 0.500862243 -0.855608143 -0.13065879 0.500862243 -0.855608143 -0.13065879 0.452025416 -0.839402608 -0.301788475 0.452025416 -0.839402608 -0.301788475 0.452025416 -0.839402608 -0.301788475 0.491228723 -0.808642051 -0.323716504 0.491228723 -0.808642051 -0.323716504 0.491228723 -0.808642051 -0.323716504 0.455137165 -0.776877835 -0.435098829 0.455137165 -0.776877835 -0.435098829 0.455137165 -0.776877835 -0.435098829 0.478061485 -0.757318829 -0.444888084 0.478061485 -0.757318829 -0.444888084 0.478061485 -0.757318829 -0.444888084 0.456532097 -0.73254286 -0.504935048 0.456532097 -0.73254286 -0.504935048 0.456532097 -0.73254286 -0.504935048 0.47129351 -0.719604022 -0.509953409 0.47129351 -0.719604022 -0.509953409 0.47129351 -0.719604022 -0.509953409 0.461848728 -0.706847073 -0.535782575 0.461848728 -0.706847073 -0.535782575 0.461848728 -0.706847073 -0.535782575 0.462443844 -0.706316048 -0.535969525 0.462443844 -0.706316048 -0.535969525 0.462443844 -0.706316048 -0.535969525 0.472247384 -0.719195968 -0.509646512 0.472247384 -0.719195968 -0.509646512 0.472247384 -0.719195968 -0.509646512 0.449409652 -0.740407299 -0.499827966 0.449409652 -0.740407299 -0.499827966 0.449409652 -0.740407299 -0.499827966 0.446191873 -0.736873957 -0.507867684 0.446191873 -0.736873957 -0.507867684 0.446191873 -0.736873957 -0.507867684 0.450967537 -0.752747639 -0.479582394 0.450967537 -0.752747639 -0.479582394 0.450967537 -0.752747639 -0.479582394 0.33633085 -0.617599969 -0.710951361 0.33633085 -0.617599969 -0.710951361 0.33633085 -0.617599969 -0.710951361 0.336584526 -0.618434365 -0.71010548 0.336584526 -0.618434365 -0.71010548 0.336584526 -0.618434365 -0.71010548 0.187585435 -0.420356149 -0.887756956 0.187585435 -0.420356149 -0.887756956 0.187585435 -0.420356149 -0.887756956 0.190533259 -0.432660675 -0.881193405 0.190533259 -0.432660675 -0.881193405 0.190533259 -0.432660675 -0.881193405 -0.103376344 -0.0106942246 -0.99458482 -0.103376344 -0.0106942246 -0.99458482 -0.103376344 -0.0106942246 -0.99458482 -0.180929662 -0.466855317 0.86562727 -0.180929662 -0.466855317 0.86562727 -0.180929662 -0.466855317 0.86562727 -0.392366996 -0.776757971 0.492641041 -0.392366996 -0.776757971 0.492641041 -0.392366996 -0.776757971 0.492641041 -0.392498141 -0.77163718 0.500521001 -0.392498141 -0.77163718 0.500521001 -0.392498141 -0.77163718 0.500521001 -0.465640004 -0.854107487 0.231688991 -0.465640004 -0.854107487 0.231688991 -0.465640004 -0.854107487 0.231688991 -0.465263365 -0.856507798 0.223437673 -0.465263365 -0.856507798 0.223437673 -0.465263365 -0.856507798 0.223437673 -0.495109995 -0.868617185 -0.0192426265 -0.495109995 -0.868617185 -0.0192426265 -0.495109995 -0.868617185 -0.0192426265 -0.494135139 -0.868986191 -0.0263337185 -0.494135139 -0.868986191 -0.0263337185 -0.494135139 -0.868986191 -0.0263337185 -0.496960643 -0.845187175 -0.196694583 -0.496960643 -0.845187175 -0.196694583 -0.496960643 -0.845187175 -0.196694583 -0.498821773 -0.844422422 -0.195262933 -0.498821773 -0.844422422 -0.195262933 -0.498821773 -0.844422422 -0.195262933 -0.49803377 -0.839292342 -0.218061295 -0.49803377 -0.839292342 -0.218061295 -0.49803377 -0.839292342 -0.218061295 -0.499506446 -0.838636513 -0.217214431 -0.499506446 -0.838636513 -0.217214431 -0.499506446 -0.838636513 -0.217214431 -0.500180598 -0.842714779 -0.199126014 -0.500180598 -0.842714779 -0.199126014 -0.500180598 -0.842714779 -0.199126014 -0.499919654 -0.842838463 -0.199257788 -0.499919654 -0.842838463 -0.199257788 -0.499919654 -0.842838463 -0.199257788 -0.500744764 -0.851610831 -0.154963462 -0.500744764 -0.851610831 -0.154963462 -0.500744764 -0.851610831 -0.154963462 -0.502740469 -0.850611783 -0.153985764 -0.502740469 -0.850611783 -0.153985764 -0.502740469 -0.850611783 -0.153985764 -0.501253239 -0.862574772 -0.0686290981 -0.501253239 -0.862574772 -0.0686290981 -0.501253239 -0.862574772 -0.0686290981 -0.502685353 -0.861800426 -0.0678782902 -0.502685353 -0.861800426 -0.0678782902 -0.502685353 -0.861800426 -0.0678782902 -0.491099151 -0.866639623 0.0880760331 -0.491099151 -0.866639623 0.0880760331 -0.491099151 -0.866639623 0.0880760331 -0.508655273 -0.855335249 0.0983434026 -0.508655273 -0.855335249 0.0983434026 -0.508655273 -0.855335249 0.0983434026 -0.487092445 -0.835771893 0.253429068 -0.487092445 -0.835771893 0.253429068 -0.487092445 -0.835771893 0.253429068 -0.501586772 -0.824897316 0.260682046 -0.501586772 -0.824897316 0.260682046 -0.501586772 -0.824897316 0.260682046 -0.48730241 -0.8061349 0.335682713 -0.48730241 -0.8061349 0.335682713 -0.48730241 -0.8061349 0.335682713 -0.494352558 -0.800510437 0.338819403 -0.494352558 -0.800510437 0.338819403 -0.494352558 -0.800510437 0.338819403 -0.491343936 -0.796669322 0.351993079 -0.491343936 -0.796669322 0.351993079 -0.491343936 -0.796669322 0.351993079 -0.48808346 -0.799310649 0.350538189 -0.48808346 -0.799310649 0.350538189 -0.48808346 -0.799310649 0.350538189 -0.499376542 -0.811100035 0.304532104 -0.499376542 -0.811100035 0.304532104 -0.499376542 -0.811100035 0.304532104 -0.472769097 -0.831814731 0.290815465 -0.472769097 -0.831814731 0.290815465 -0.472769097 -0.831814731 0.290815465 -0.505933082 -0.848195899 0.156829312 -0.505933082 -0.848195899 0.156829312 -0.505933082 -0.848195899 0.156829312 -0.463806893 -0.87642596 0.12946313 -0.463806893 -0.87642596 0.12946313 -0.463806893 -0.87642596 0.12946313 -0.505179572 -0.862631789 -0.0256903911 -0.505179572 -0.862631789 -0.0256903911 -0.505179572 -0.862631789 -0.0256903911 -0.472561584 -0.879806155 -0.0512511405 -0.472561584 -0.879806155 -0.0512511405 -0.472561584 -0.879806155 -0.0512511405 -0.502012005 -0.851759687 -0.149964604 -0.502012005 -0.851759687 -0.149964604 -0.502012005 -0.851759687 -0.149964604 -0.474491194 -0.863103382 -0.172946981 -0.474491194 -0.863103382 -0.172946981 -0.474491194 -0.863103382 -0.172946981 -0.492304837 -0.839554732 -0.22974725 -0.492304837 -0.839554732 -0.22974725 -0.492304837 -0.839554732 -0.22974725 -0.484201751 -0.842347947 -0.236640233 -0.484201751 -0.842347947 -0.236640233 -0.484201751 -0.842347947 -0.236640233 -0.492099401 -0.830827454 -0.259930609 -0.492099401 -0.830827454 -0.259930609 -0.492099401 -0.830827454 -0.259930609 -0.483947823 -0.833363918 -0.267018883 -0.483947823 -0.833363918 -0.267018883 -0.483947823 -0.833363918 -0.267018883 -0.475732679 -0.845746843 -0.241641668 -0.475732679 -0.845746843 -0.241641668 -0.475732679 -0.845746843 -0.241641668 -0.505946294 -0.835796468 -0.213219634 -0.505946294 -0.835796468 -0.213219634 -0.505946294 -0.835796468 -0.213219634 -0.508496377 -0.831732077 -0.22282995 -0.508496377 -0.831732077 -0.22282995 -0.508496377 -0.831732077 -0.22282995 -0.509562038 -0.822672805 -0.252103125 -0.509562038 -0.822672805 -0.252103125 -0.509562038 -0.822672805 -0.252103125 -0.54806575 -0.691182539 -0.471052684 -0.54806575 -0.691182539 -0.471052684 -0.54806575 -0.691182539 -0.471052684 -0.552298356 -0.708097396 -0.439959775 -0.552298356 -0.708097396 -0.439959775 -0.552298356 -0.708097396 -0.439959775 -0.562505229 -0.517129563 -0.645108427 -0.562505229 -0.517129563 -0.645108427 -0.562505229 -0.517129563 -0.645108427 -0.544655863 -0.487239455 -0.682603621 -0.544655863 -0.487239455 -0.682603621 -0.544655863 -0.487239455 -0.682603621 -0.432510865 -0.0447430055 -0.900517859 -0.432510865 -0.0447430055 -0.900517859 -0.432510865 -0.0447430055 -0.900517859 -0.366404744 -0.150407884 0.918218401 -0.366404744 -0.150407884 0.918218401 -0.366404744 -0.150407884 0.918218401 -0.785302353 -0.100079354 0.610969997 -0.785302353 -0.100079354 0.610969997 -0.785302353 -0.100079354 0.610969997 -0.787318417 -0.100861208 0.608240682 -0.787318417 -0.100861208 0.608240682 -0.787318417 -0.100861208 0.608240682 -0.92897484 -0.0605518824 0.365156426 -0.92897484 -0.0605518824 0.365156426 -0.92897484 -0.0605518824 0.365156426 -0.929321542 -0.0606544389 0.364256106 -0.929321542 -0.0606544389 0.364256106 -0.929321542 -0.0606544389 0.364256106 -0.992420921 -0.0201843844 0.121215947 -0.992420921 -0.0201843844 0.121215947 -0.992420921 -0.0201843844 0.121215947 -0.99253248 -0.0202415262 0.120289471 -0.99253248 -0.0202415262 0.120289471 -0.99253248 -0.0202415262 0.120289471 -0.999451692 0.00549439744 -0.0326515971 -0.999451692 0.00549439744 -0.0326515971 -0.999451692 0.00549439744 -0.0326515971 -0.9994896 0.00707867258 -0.0311517717 -0.9994896 0.00707867258 -0.0311517717 -0.9994896 0.00707867258 -0.0311517717 -0.999045117 0.0096810618 -0.0426043476 -0.999045117 0.0096810618 -0.0426043476 -0.999045117 0.0096810618 -0.0426043476 -0.999043405 0.00960291635 -0.0426621414 -0.999043405 0.00960291635 -0.0426621414 -0.999043405 0.00960291635 -0.0426621414 -0.999440552 0.0073444974 -0.0326288364 -0.999440552 0.0073444974 -0.0326288364 -0.999440552 0.0073444974 -0.0326288364 -0.99942906 0.00650581249 -0.0331546175 -0.99942906 0.00650581249 -0.0331546175 -0.99942906 0.00650581249 -0.0331546175 -0.999932672 0.00223439363 -0.0113868124 -0.999932672 0.00223439363 -0.0113868124 -0.999932672 0.00223439363 -0.0113868124 -0.999929855 0.00159217964 -0.0117366664 -0.999929855 0.00159217964 -0.0117366664 -0.999929855 0.00159217964 -0.0117366664 -0.99950129 -0.00424494654 0.0312913947 -0.99950129 -0.00424494654 0.0312913947 -0.99950129 -0.00424494654 0.0312913947 -0.999462319 -0.00104451581 0.0327716716 -0.999462319 -0.00104451581 0.0327716716 -0.999462319 -0.00104451581 0.0327716716 -0.994968671 -0.00319157725 0.1001357 -0.994968671 -0.00319157725 0.1001357 -0.994968671 -0.00319157725 0.1001357 -0.994218404 0.0156226267 0.106234167 -0.994218404 0.0156226267 0.106234167 -0.994218404 0.0156226267 0.106234167 -0.98732847 0.0230883657 0.157001338 -0.98732847 0.0230883657 0.157001338 -0.98732847 0.0230883657 0.157001338 -0.986260359 0.0429214539 0.159525083 -0.986260359 0.0429214539 0.159525083 -0.986260359 0.0429214539 0.159525083 -0.980647891 0.0508670372 0.189056232 -0.980647891 0.0508670372 0.189056232 -0.980647891 0.0508670372 0.189056232 -0.980080362 0.0601058352 0.189287542 -0.980080362 0.0601058352 0.189287542 -0.980080362 0.0601058352 0.189287542 -0.975268486 0.0668918054 0.210658173 -0.975268486 0.0668918054 0.210658173 -0.975268486 0.0668918054 0.210658173 -0.975812973 0.0586030566 0.210605613 -0.975812973 0.0586030566 0.210605613 -0.975812973 0.0586030566 0.210605613 -0.971258022 0.0638096208 0.229316781 -0.971258022 0.0638096208 0.229316781 -0.971258022 0.0638096208 0.229316781 -0.973210418 0.0353142731 0.227187992 -0.973210418 0.0353142731 0.227187992 -0.973210418 0.0353142731 0.227187992 -0.969701059 0.0375227352 0.241395734 -0.969701059 0.0375227352 0.241395734 -0.969701059 0.0375227352 0.241395734 -0.973762069 -0.0177445392 0.226875658 -0.973762069 -0.0177445392 0.226875658 -0.973762069 -0.0177445392 0.226875658 -0.966983789 -0.0198708544 0.254062003 -0.966983789 -0.0198708544 0.254062003 -0.966983789 -0.0198708544 0.254062003 -0.97032814 -0.0617385056 0.233776938 -0.97032814 -0.0617385056 0.233776938 -0.97032814 -0.0617385056 0.233776938 -0.965058894 -0.066906846 0.253347201 -0.965058894 -0.066906846 0.253347201 -0.965058894 -0.066906846 0.253347201 -0.967053826 -0.0920021418 0.237365759 -0.967053826 -0.0920021418 0.237365759 -0.967053826 -0.0920021418 0.237365759 -0.964652014 -0.0952384849 0.245715533 -0.964652014 -0.0952384849 0.245715533 -0.964652014 -0.0952384849 0.245715533 -0.965657153 -0.108022591 0.236299349 -0.965657153 -0.108022591 0.236299349 -0.965657153 -0.108022591 0.236299349 -0.964447187 -0.109875211 0.240351954 -0.964447187 -0.109875211 0.240351954 -0.964447187 -0.109875211 0.240351954 -0.964647382 -0.112347544 0.238397689 -0.964647382 -0.112347544 0.238397689 -0.964647382 -0.112347544 0.238397689 -0.966733906 -0.109039586 0.231378314 -0.966733906 -0.109039586 0.231378314 -0.966733906 -0.109039586 0.231378314 -0.96410866 -0.0830031659 0.252200249 -0.96410866 -0.0830031659 0.252200249 -0.96410866 -0.0830031659 0.252200249 -0.97705147 -0.0665891533 0.202327234 -0.97705147 -0.0665891533 0.202327234 -0.97705147 -0.0665891533 0.202327234 -0.977020971 -0.0666014827 0.202470407 -0.977020971 -0.0666014827 0.202470407 -0.977020971 -0.0666014827 0.202470407 -0.994846643 0.0316819775 -0.0963141151 -0.994846643 0.0316819775 -0.0963141151 -0.994846643 0.0316819775 -0.0963141151 -0.994647921 0.0318045361 -0.0983055715 -0.994647921 0.0318045361 -0.0983055715 -0.994647921 0.0318045361 -0.0983055715 -0.942339702 0.10301387 -0.318408587 -0.942339702 0.10301387 -0.318408587 -0.942339702 0.10301387 -0.318408587 -0.943237253 0.103202543 -0.315678191 -0.943237253 0.103202543 -0.315678191 -0.943237253 0.103202543 -0.315678191 -0.61438512 0.245175034 -0.74994675 -0.61438512 0.245175034 -0.74994675 -0.61438512 0.245175034 -0.74994675 -0.184398131 0.1605937 0.969642714 -0.184398131 0.1605937 0.969642714 -0.184398131 0.1605937 0.969642714 -0.391060766 0.567227603 0.724792607 -0.391060766 0.567227603 0.724792607 -0.391060766 0.567227603 0.724792607 -0.391936221 0.56788818 0.723801778 -0.391936221 0.56788818 0.723801778 -0.391936221 0.56788818 0.723801778 -0.463769712 0.733313252 0.49716127 -0.463769712 0.733313252 0.49716127 -0.463769712 0.733313252 0.49716127 -0.466162745 0.735290262 0.491976142 -0.466162745 0.735290262 0.491976142 -0.466162745 0.735290262 0.491976142 -0.495966587 0.827637883 0.262740709 -0.495966587 0.827637883 0.262740709 -0.495966587 0.827637883 0.262740709 -0.496631106 0.828036812 0.260216416 -0.496631106 0.828036812 0.260216416 -0.496631106 0.828036812 0.260216416 -0.500183938 0.851906773 0.155147924 -0.500183938 0.851906773 0.155147924 -0.500183938 0.851906773 0.155147924 -0.49934749 0.852262586 0.155886399 -0.49934749 0.852262586 0.155886399 -0.49934749 0.852262586 0.155886399 -0.499793232 0.849878339 0.167073439 -0.499793232 0.849878339 0.167073439 -0.499793232 0.849878339 0.167073439 -0.500656867 0.849483355 0.16649544 -0.500656867 0.849483355 0.16649544 -0.500656867 0.849483355 0.16649544 -0.500274931 0.851554589 0.156779384 -0.500274931 0.851554589 0.156779384 -0.500274931 0.851554589 0.156779384 -0.498790622 0.852271543 0.157610701 -0.498790622 0.852271543 0.157610701 -0.498790622 0.852271543 0.157610701 -0.498261178 0.85673539 0.133192604 -0.498261178 0.85673539 0.133192604 -0.498261178 0.85673539 0.133192604 -0.499185757 0.856266197 0.132747049 -0.499185757 0.856266197 0.132747049 -0.499185757 0.856266197 0.132747049 -0.49957028 0.861773912 0.0881774359 -0.49957028 0.861773912 0.0881774359 -0.49957028 0.861773912 0.0881774359 -0.496420141 0.863463002 0.0894353782 -0.496420141 0.863463002 0.0894353782 -0.496420141 0.863463002 0.0894353782 -0.502348366 0.864649 -0.00531272056 -0.502348366 0.864649 -0.00531272056 -0.502348366 0.864649 -0.00531272056 -0.487713046 0.873002713 -0.00149942948 -0.487713046 0.873002713 -0.00149942948 -0.487713046 0.873002713 -0.00149942948 -0.504475555 0.856212439 -0.11137627 -0.504475555 0.856212439 -0.11137627 -0.504475555 0.856212439 -0.11137627 -0.486635661 0.866678054 -0.109794735 -0.486635661 0.866678054 -0.109794735 -0.486635661 0.866678054 -0.109794735 -0.496731198 0.853154749 -0.159326996 -0.496731198 0.853154749 -0.159326996 -0.496731198 0.853154749 -0.159326996 -0.487919348 0.858203896 -0.15943896 -0.487919348 0.858203896 -0.15943896 -0.487919348 0.858203896 -0.15943896 -0.487034232 0.859383743 -0.155747358 -0.487034232 0.859383743 -0.155747358 -0.487034232 0.859383743 -0.155747358 -0.493407388 0.85579665 -0.155438875 -0.493407388 0.85579665 -0.155438875 -0.493407388 0.85579665 -0.155438875 -0.47569493 0.875227601 -0.0876982305 -0.47569493 0.875227601 -0.0876982305 -0.47569493 0.875227601 -0.0876982305 -0.507714587 0.857106939 -0.0871412273 -0.507714587 0.857106939 -0.0871412273 -0.507714587 0.857106939 -0.0871412273 -0.46674811 0.881806503 0.0675536303 -0.46674811 0.881806503 0.0675536303 -0.46674811 0.881806503 0.0675536303 -0.514043434 0.855433118 0.0631943761 -0.514043434 0.855433118 0.0631943761 -0.514043434 0.855433118 0.0631943761 -0.465052768 0.846980375 0.257585261 -0.465052768 0.846980375 0.257585261 -0.465052768 0.846980375 0.257585261 -0.509031424 0.823446767 0.250644034 -0.509031424 0.823446767 0.250644034 -0.509031424 0.823446767 0.250644034 -0.473555973 0.796762983 0.375384455 -0.473555973 0.796762983 0.375384455 -0.473555973 0.796762983 0.375384455 -0.499582755 0.782965997 0.370649861 -0.499582755 0.782965997 0.370649861 -0.499582755 0.782965997 0.370649861 -0.477876227 0.759161478 0.441936831 -0.477876227 0.759161478 0.441936831 -0.477876227 0.759161478 0.441936831 -0.494831136 0.750202997 0.43856312 -0.494831136 0.750202997 0.43856312 -0.494831136 0.750202997 0.43856312 -0.485910704 0.738903687 0.466810592 -0.485910704 0.738903687 0.466810592 -0.485910704 0.738903687 0.466810592 -0.482443501 0.740707677 0.467547222 -0.482443501 0.740707677 0.467547222 -0.482443501 0.740707677 0.467547222 -0.492728774 0.754094526 0.434234731 -0.492728774 0.754094526 0.434234731 -0.492728774 0.754094526 0.434234731 -0.463286651 0.768683451 0.4410116 -0.463286651 0.768683451 0.4410116 -0.463286651 0.768683451 0.4410116 -0.510184213 0.814099941 0.277404677 -0.510184213 0.814099941 0.277404677 -0.510184213 0.814099941 0.277404677 -0.503377078 0.813042731 0.292528692 -0.503377078 0.813042731 0.292528692 -0.503377078 0.813042731 0.292528692 -0.540993704 0.836947322 0.0827344699 -0.540993704 0.836947322 0.0827344699 -0.540993704 0.836947322 0.0827344699 -0.559073616 0.828679584 0.0269599386 -0.559073616 0.828679584 0.0269599386 -0.559073616 0.828679584 0.0269599386 -0.560229377 0.788075403 -0.255108219 -0.560229377 0.788075403 -0.255108219 -0.560229377 0.788075403 -0.255108219 -0.549698641 0.80672702 -0.216847686 -0.549698641 0.80672702 -0.216847686 -0.549698641 0.80672702 -0.216847686 -0.4415929 0.560309561 -0.700748819 -0.4415929 0.560309561 -0.700748819 -0.4415929 0.560309561 -0.700748819</float_array><technique_common><accessor source="#part0-normals-array" count="3348" stride="3"><param name="X" type="float" /><param name="Y" type="float" /><param name="Z" type="float" /></accessor></technique_common></source><vertices id="part0-vertices"><input semantic="POSITION" source="#part0-positions" /></vertices><triangles count="1116" material="material"><input semantic="VERTEX" source="#part0-vertices" offset="0" /><input semantic="NORMAL" source="#part0-normals" offset="0" /><p>0 1 2 3 4 5 6 7 8 9 10 11 12 13 14 15 16 17 18 19 20 21 22 23 24 25 26 27 28 29 30 31 32 33 34 35 36 37 38 39 40 41 42 43 44 45 46 47 48 49 50 51 52 53 54 55 56 57 58 59 60 61 62 63 64 65 66 67 68 69 70 71 72 73 74 75 76 77 78 79 80 81 82 83 84 85 86 87 88 89 90 91 92 93 94 95 96 97 98 99 100 101 102 103 104 105 106 107 108 109 110 111 112 113 114 115 116 117 118 119 120 121 122 123 124 125 126 127 128 129 130 131 132 133 134 135 136 137 138 139 140 141 142 143 144 145 146 147 148 149 150 151 152 153 154 155 156 157 158 159 160 161 162 163 164 165 166 167 168 169 170 171 172 173 174 175 176 177 178 179 180 181 182 183 184 185 186 187 188 189 190 191 192 193 194 195 196 197 198 199 200 201 202 203 204 205 206 207 208 209 210 211 212 213 214 215 216 217 218 219 220 221 222 223 224 225 226 227 228 229 230 231 232 233 234 235 236 237 238 239 240 241 242 243 244 245 246 247 248 249 250 251 252 253 254 255 256 257 258 259 260 261 262 263 264 265 266 267 268 269 270 271 272 273 274 275 276 277 278 279 280 281 282 283 284 285 286 287 288 289 290 291 292 293 294 295 296 297 298 299 300 301 302 303 304 305 306 307 308 309 310 311 312 313 314 315 316 317 318 319 320 321 322 323 324 325 326 327 328 329 330 331 332 333 334 335 336 337 338 339 340 341 342 343 344 345 346 347 348 349 350 351 352 353 354 355 356 357 358 359 360 361 362 363 364 365 366 367 368 369 370 371 372 373 374 375 376 377 378 379 380 381 382 383 384 385 386 387 388 389 390 391 392 393 394 395 396 397 398 399 400 401 402 403 404 405 406 407 408 409 410 411 412 413 414 415 416 417 418 419 420 421 422 423 424 425 426 427 428 429 430 431 432 433 434 435 436 437 438 439 440 441 442 443 444 445 446 447 448 449 450 451 452 453 454 455 456 457 458 459 460 461 462 463 464 465 466 467 468 469 470 471 472 473 474 475 476 477 478 479 480 481 482 483 484 485 486 487 488 489 490 491 492 493 494 495 496 497 498 499 500 501 502 503 504 505 506 507 508 509 510 511 512 513 514 515 516 517 518 519 520 521 522 523 524 525 526 527 528 529 530 531 532 533 534 535 536 537 538 539 540 541 542 543 544 545 546 547 548 549 550 551 552 553 554 555 556 557 558 559 560 561 562 563 564 565 566 567 568 569 570 571 572 573 574 575 576 577 578 579 580 581 582 583 584 585 586 587 588 589 590 591 592 593 594 595 596 597 598 599 600 601 602 603 604 605 606 607 608 609 610 611 612 613 614 615 616 617 618 619 620 621 622 623 624 625 626 627 628 629 630 631 632 633 634 635 636 637 638 639 640 641 642 643 644 645 646 647 648 649 650 651 652 653 654 655 656 657 658 659 660 661 662 663 664 665 666 667 668 669 670 671 672 673 674 675 676 677 678 679 680 681 682 683 684 685 686 687 688 689 690 691 692 693 694 695 696 697 698 699 700 701 702 703 704 705 706 707 708 709 710 711 712 713 714 715 716 717 718 719 720 721 722 723 724 725 726 727 728 729 730 731 732 733 734 735 736 737 738 739 740 741 742 743 744 745 746 747 748 749 750 751 752 753 754 755 756 757 758 759 760 761 762 763 764 765 766 767 768 769 770 771 772 773 774 775 776 777 778 779 780 781 782 783 784 785 786 787 788 789 790 791 792 793 794 795 796 797 798 799 800 801 802 803 804 805 806 807 808 809 810 811 812 813 814 815 816 817 818 819 820 821 822 823 824 825 826 827 828 829 830 831 832 833 834 835 836 837 838 839 840 841 842 843 844 845 846 847 848 849 850 851 852 853 854 855 856 857 858 859 860 861 862 863 864 865 866 867 868 869 870 871 872 873 874 875 876 877 878 879 880 881 882 883 884 885 886 887 888 889 890 891 892 893 894 895 896 897 898 899 900 901 902 903 904 905 906 907 908 909 910 911 912 913 914 915 916 917 918 919 920 921 922 923 924 925 926 927 928 929 930 931 932 933 934 935 936 937 938 939 940 941 942 943 944 945 946 947 948 949 950 951 952 953 954 955 956 957 958 959 960 961 962 963 964 965 966 967 968 969 970 971 972 973 974 975 976 977 978 979 980 981 982 983 984 985 986 987 988 989 990 991 992 993 994 995 996 997 998 999 1000 1001 1002 1003 1004 1005 1006 1007 1008 1009 1010 1011 1012 1013 1014 1015 1016 1017 1018 1019 1020 1021 1022 1023 1024 1025 1026 1027 1028 1029 1030 1031 1032 1033 1034 1035 1036 1037 1038 1039 1040 1041 1042 1043 1044 1045 1046 1047 1048 1049 1050 1051 1052 1053 1054 1055 1056 1057 1058 1059 1060 1061 1062 1063 1064 1065 1066 1067 1068 1069 1070 1071 1072 1073 1074 1075 1076 1077 1078 1079 1080 1081 1082 1083 1084 1085 1086 1087 1088 1089 1090 1091 1092 1093 1094 1095 1096 1097 1098 1099 1100 1101 1102 1103 1104 1105 1106 1107 1108 1109 1110 1111 1112 1113 1114 1115 1116 1117 1118 1119 1120 1121 1122 1123 1124 1125 1126 1127 1128 1129 1130 1131 1132 1133 1134 1135 1136 1137 1138 1139 1140 1141 1142 1143 1144 1145 1146 1147 1148 1149 1150 1151 1152 1153 1154 1155 1156 1157 1158 1159 1160 1161 1162 1163 1164 1165 1166 1167 1168 1169 1170 1171 1172 1173 1174 1175 1176 1177 1178 1179 1180 1181 1182 1183 1184 1185 1186 1187 1188 1189 1190 1191 1192 1193 1194 1195 1196 1197 1198 1199 1200 1201 1202 1203 1204 1205 1206 1207 1208 1209 1210 1211 1212 1213 1214 1215 1216 1217 1218 1219 1220 1221 1222 1223 1224 1225 1226 1227 1228 1229 1230 1231 1232 1233 1234 1235 1236 1237 1238 1239 1240 1241 1242 1243 1244 1245 1246 1247 1248 1249 1250 1251 1252 1253 1254 1255 1256 1257 1258 1259 1260 1261 1262 1263 1264 1265 1266 1267 1268 1269 1270 1271 1272 1273 1274 1275 1276 1277 1278 1279 1280 1281 1282 1283 1284 1285 1286 1287 1288 1289 1290 1291 1292 1293 1294 1295 1296 1297 1298 1299 1300 1301 1302 1303 1304 1305 1306 1307 1308 1309 1310 1311 1312 1313 1314 1315 1316 1317 1318 1319 1320 1321 1322 1323 1324 1325 1326 1327 1328 1329 1330 1331 1332 1333 1334 1335 1336 1337 1338 1339 1340 1341 1342 1343 1344 1345 1346 1347 1348 1349 1350 1351 1352 1353 1354 1355 1356 1357 1358 1359 1360 1361 1362 1363 1364 1365 1366 1367 1368 1369 1370 1371 1372 1373 1374 1375 1376 1377 1378 1379 1380 1381 1382 1383 1384 1385 1386 1387 1388 1389 1390 1391 1392 1393 1394 1395 1396 1397 1398 1399 1400 1401 1402 1403 1404 1405 1406 1407 1408 1409 1410 1411 1412 1413 1414 1415 1416 1417 1418 1419 1420 1421 1422 1423 1424 1425 1426 1427 1428 1429 1430 1431 1432 1433 1434 1435 1436 1437 1438 1439 1440 1441 1442 1443 1444 1445 1446 1447 1448 1449 1450 1451 1452 1453 1454 1455 1456 1457 1458 1459 1460 1461 1462 1463 1464 1465 1466 1467 1468 1469 1470 1471 1472 1473 1474 1475 1476 1477 1478 1479 1480 1481 1482 1483 1484 1485 1486 1487 1488 1489 1490 1491 1492 1493 1494 1495 1496 1497 1498 1499 1500 1501 1502 1503 1504 1505 1506 1507 1508 1509 1510 1511 1512 1513 1514 1515 1516 1517 1518 1519 1520 1521 1522 1523 1524 1525 1526 1527 1528 1529 1530 1531 1532 1533 1534 1535 1536 1537 1538 1539 1540 1541 1542 1543 1544 1545 1546 1547 1548 1549 1550 1551 1552 1553 1554 1555 1556 1557 1558 1559 1560 1561 1562 1563 1564 1565 1566 1567 1568 1569 1570 1571 1572 1573 1574 1575 1576 1577 1578 1579 1580 1581 1582 1583 1584 1585 1586 1587 1588 1589 1590 1591 1592 1593 1594 1595 1596 1597 1598 1599 1600 1601 1602 1603 1604 1605 1606 1607 1608 1609 1610 1611 1612 1613 1614 1615 1616 1617 1618 1619 1620 1621 1622 1623 1624 1625 1626 1627 1628 1629 1630 1631 1632 1633 1634 1635 1636 1637 1638 1639 1640 1641 1642 1643 1644 1645 1646 1647 1648 1649 1650 1651 1652 1653 1654 1655 1656 1657 1658 1659 1660 1661 1662 1663 1664 1665 1666 1667 1668 1669 1670 1671 1672 1673 1674 1675 1676 1677 1678 1679 1680 1681 1682 1683 1684 1685 1686 1687 1688 1689 1690 1691 1692 1693 1694 1695 1696 1697 1698 1699 1700 1701 1702 1703 1704 1705 1706 1707 1708 1709 1710 1711 1712 1713 1714 1715 1716 1717 1718 1719 1720 1721 1722 1723 1724 1725 1726 1727 1728 1729 1730 1731 1732 1733 1734 1735 1736 1737 1738 1739 1740 1741 1742 1743 1744 1745 1746 1747 1748 1749 1750 1751 1752 1753 1754 1755 1756 1757 1758 1759 1760 1761 1762 1763 1764 1765 1766 1767 1768 1769 1770 1771 1772 1773 1774 1775 1776 1777 1778 1779 1780 1781 1782 1783 1784 1785 1786 1787 1788 1789 1790 1791 1792 1793 1794 1795 1796 1797 1798 1799 1800 1801 1802 1803 1804 1805 1806 1807 1808 1809 1810 1811 1812 1813 1814 1815 1816 1817 1818 1819 1820 1821 1822 1823 1824 1825 1826 1827 1828 1829 1830 1831 1832 1833 1834 1835 1836 1837 1838 1839 1840 1841 1842 1843 1844 1845 1846 1847 1848 1849 1850 1851 1852 1853 1854 1855 1856 1857 1858 1859 1860 1861 1862 1863 1864 1865 1866 1867 1868 1869 1870 1871 1872 1873 1874 1875 1876 1877 1878 1879 1880 1881 1882 1883 1884 1885 1886 1887 1888 1889 1890 1891 1892 1893 1894 1895 1896 1897 1898 1899 1900 1901 1902 1903 1904 1905 1906 1907 1908 1909 1910 1911 1912 1913 1914 1915 1916 1917 1918 1919 1920 1921 1922 1923 1924 1925 1926 1927 1928 1929 1930 1931 1932 1933 1934 1935 1936 1937 1938 1939 1940 1941 1942 1943 1944 1945 1946 1947 1948 1949 1950 1951 1952 1953 1954 1955 1956 1957 1958 1959 1960 1961 1962 1963 1964 1965 1966 1967 1968 1969 1970 1971 1972 1973 1974 1975 1976 1977 1978 1979 1980 1981 1982 1983 1984 1985 1986 1987 1988 1989 1990 1991 1992 1993 1994 1995 1996 1997 1998 1999 2000 2001 2002 2003 2004 2005 2006 2007 2008 2009 2010 2011 2012 2013 2014 2015 2016 2017 2018 2019 2020 2021 2022 2023 2024 2025 2026 2027 2028 2029 2030 2031 2032 2033 2034 2035 2036 2037 2038 2039 2040 2041 2042 2043 2044 2045 2046 2047 2048 2049 2050 2051 2052 2053 2054 2055 2056 2057 2058 2059 2060 2061 2062 2063 2064 2065 2066 2067 2068 2069 2070 2071 2072 2073 2074 2075 2076 2077 2078 2079 2080 2081 2082 2083 2084 2085 2086 2087 2088 2089 2090 2091 2092 2093 2094 2095 2096 2097 2098 2099 2100 2101 2102 2103 2104 2105 2106 2107 2108 2109 2110 2111 2112 2113 2114 2115 2116 2117 2118 2119 2120 2121 2122 2123 2124 2125 2126 2127 2128 2129 2130 2131 2132 2133 2134 2135 2136 2137 2138 2139 2140 2141 2142 2143 2144 2145 2146 2147 2148 2149 2150 2151 2152 2153 2154 2155 2156 2157 2158 2159 2160 2161 2162 2163 2164 2165 2166 2167 2168 2169 2170 2171 2172 2173 2174 2175 2176 2177 2178 2179 2180 2181 2182 2183 2184 2185 2186 2187 2188 2189 2190 2191 2192 2193 2194 2195 2196 2197 2198 2199 2200 2201 2202 2203 2204 2205 2206 2207 2208 2209 2210 2211 2212 2213 2214 2215 2216 2217 2218 2219 2220 2221 2222 2223 2224 2225 2226 2227 2228 2229 2230 2231 2232 2233 2234 2235 2236 2237 2238 2239 2240 2241 2242 2243 2244 2245 2246 2247 2248 2249 2250 2251 2252 2253 2254 2255 2256 2257 2258 2259 2260 2261 2262 2263 2264 2265 2266 2267 2268 2269 2270 2271 2272 2273 2274 2275 2276 2277 2278 2279 2280 2281 2282 2283 2284 2285 2286 2287 2288 2289 2290 2291 2292 2293 2294 2295 2296 2297 2298 2299 2300 2301 2302 2303 2304 2305 2306 2307 2308 2309 2310 2311 2312 2313 2314 2315 2316 2317 2318 2319 2320 2321 2322 2323 2324 2325 2326 2327 2328 2329 2330 2331 2332 2333 2334 2335 2336 2337 2338 2339 2340 2341 2342 2343 2344 2345 2346 2347 2348 2349 2350 2351 2352 2353 2354 2355 2356 2357 2358 2359 2360 2361 2362 2363 2364 2365 2366 2367 2368 2369 2370 2371 2372 2373 2374 2375 2376 2377 2378 2379 2380 2381 2382 2383 2384 2385 2386 2387 2388 2389 2390 2391 2392 2393 2394 2395 2396 2397 2398 2399 2400 2401 2402 2403 2404 2405 2406 2407 2408 2409 2410 2411 2412 2413 2414 2415 2416 2417 2418 2419 2420 2421 2422 2423 2424 2425 2426 2427 2428 2429 2430 2431 2432 2433 2434 2435 2436 2437 2438 2439 2440 2441 2442 2443 2444 2445 2446 2447 2448 2449 2450 2451 2452 2453 2454 2455 2456 2457 2458 2459 2460 2461 2462 2463 2464 2465 2466 2467 2468 2469 2470 2471 2472 2473 2474 2475 2476 2477 2478 2479 2480 2481 2482 2483 2484 2485 2486 2487 2488 2489 2490 2491 2492 2493 2494 2495 2496 2497 2498 2499 2500 2501 2502 2503 2504 2505 2506 2507 2508 2509 2510 2511 2512 2513 2514 2515 2516 2517 2518 2519 2520 2521 2522 2523 2524 2525 2526 2527 2528 2529 2530 2531 2532 2533 2534 2535 2536 2537 2538 2539 2540 2541 2542 2543 2544 2545 2546 2547 2548 2549 2550 2551 2552 2553 2554 2555 2556 2557 2558 2559 2560 2561 2562 2563 2564 2565 2566 2567 2568 2569 2570 2571 2572 2573 2574 2575 2576 2577 2578 2579 2580 2581 2582 2583 2584 2585 2586 2587 2588 2589 2590 2591 2592 2593 2594 2595 2596 2597 2598 2599 2600 2601 2602 2603 2604 2605 2606 2607 2608 2609 2610 2611 2612 2613 2614 2615 2616 2617 2618 2619 2620 2621 2622 2623 2624 2625 2626 2627 2628 2629 2630 2631 2632 2633 2634 2635 2636 2637 2638 2639 2640 2641 2642 2643 2644 2645 2646 2647 2648 2649 2650 2651 2652 2653 2654 2655 2656 2657 2658 2659 2660 2661 2662 2663 2664 2665 2666 2667 2668 2669 2670 2671 2672 2673 2674 2675 2676 2677 2678 2679 2680 2681 2682 2683 2684 2685 2686 2687 2688 2689 2690 2691 2692 2693 2694 2695 2696 2697 2698 2699 2700 2701 2702 2703 2704 2705 2706 2707 2708 2709 2710 2711 2712 2713 2714 2715 2716 2717 2718 2719 2720 2721 2722 2723 2724 2725 2726 2727 2728 2729 2730 2731 2732 2733 2734 2735 2736 2737 2738 2739 2740 2741 2742 2743 2744 2745 2746 2747 2748 2749 2750 2751 2752 2753 2754 2755 2756 2757 2758 2759 2760 2761 2762 2763 2764 2765 2766 2767 2768 2769 2770 2771 2772 2773 2774 2775 2776 2777 2778 2779 2780 2781 2782 2783 2784 2785 2786 2787 2788 2789 2790 2791 2792 2793 2794 2795 2796 2797 2798 2799 2800 2801 2802 2803 2804 2805 2806 2807 2808 2809 2810 2811 2812 2813 2814 2815 2816 2817 2818 2819 2820 2821 2822 2823 2824 2825 2826 2827 2828 2829 2830 2831 2832 2833 2834 2835 2836 2837 2838 2839 2840 2841 2842 2843 2844 2845 2846 2847 2848 2849 2850 2851 2852 2853 2854 2855 2856 2857 2858 2859 2860 2861 2862 2863 2864 2865 2866 2867 2868 2869 2870 2871 2872 2873 2874 2875 2876 2877 2878 2879 2880 2881 2882 2883 2884 2885 2886 2887 2888 2889 2890 2891 2892 2893 2894 2895 2896 2897 2898 2899 2900 2901 2902 2903 2904 2905 2906 2907 2908 2909 2910 2911 2912 2913 2914 2915 2916 2917 2918 2919 2920 2921 2922 2923 2924 2925 2926 2927 2928 2929 2930 2931 2932 2933 2934 2935 2936 2937 2938 2939 2940 2941 2942 2943 2944 2945 2946 2947 2948 2949 2950 2951 2952 2953 2954 2955 2956 2957 2958 2959 2960 2961 2962 2963 2964 2965 2966 2967 2968 2969 2970 2971 2972 2973 2974 2975 2976 2977 2978 2979 2980 2981 2982 2983 2984 2985 2986 2987 2988 2989 2990 2991 2992 2993 2994 2995 2996 2997 2998 2999 3000 3001 3002 3003 3004 3005 3006 3007 3008 3009 3010 3011 3012 3013 3014 3015 3016 3017 3018 3019 3020 3021 3022 3023 3024 3025 3026 3027 3028 3029 3030 3031 3032 3033 3034 3035 3036 3037 3038 3039 3040 3041 3042 3043 3044 3045 3046 3047 3048 3049 3050 3051 3052 3053 3054 3055 3056 3057 3058 3059 3060 3061 3062 3063 3064 3065 3066 3067 3068 3069 3070 3071 3072 3073 3074 3075 3076 3077 3078 3079 3080 3081 3082 3083 3084 3085 3086 3087 3088 3089 3090 3091 3092 3093 3094 3095 3096 3097 3098 3099 3100 3101 3102 3103 3104 3105 3106 3107 3108 3109 3110 3111 3112 3113 3114 3115 3116 3117 3118 3119 3120 3121 3122 3123 3124 3125 3126 3127 3128 3129 3130 3131 3132 3133 3134 3135 3136 3137 3138 3139 3140 3141 3142 3143 3144 3145 3146 3147 3148 3149 3150 3151 3152 3153 3154 3155 3156 3157 3158 3159 3160 3161 3162 3163 3164 3165 3166 3167 3168 3169 3170 3171 3172 3173 3174 3175 3176 3177 3178 3179 3180 3181 3182 3183 3184 3185 3186 3187 3188 3189 3190 3191 3192 3193 3194 3195 3196 3197 3198 3199 3200 3201 3202 3203 3204 3205 3206 3207 3208 3209 3210 3211 3212 3213 3214 3215 3216 3217 3218 3219 3220 3221 3222 3223 3224 3225 3226 3227 3228 3229 3230 3231 3232 3233 3234 3235 3236 3237 3238 3239 3240 3241 3242 3243 3244 3245 3246 3247 3248 3249 3250 3251 3252 3253 3254 3255 3256 3257 3258 3259 3260 3261 3262 3263 3264 3265 3266 3267 3268 3269 3270 3271 3272 3273 3274 3275 3276 3277 3278 3279 3280 3281 3282 3283 3284 3285 3286 3287 3288 3289 3290 3291 3292 3293 3294 3295 3296 3297 3298 3299 3300 3301 3302 3303 3304 3305 3306 3307 3308 3309 3310 3311 3312 3313 3314 3315 3316 3317 3318 3319 3320 3321 3322 3323 3324 3325 3326 3327 3328 3329 3330 3331 3332 3333 3334 3335 3336 3337 3338 3339 3340 3341 3342 3343 3344 3345 3346 3347</p></triangles></mesh></geometry><geometry id="part1"><mesh><source id="part1-positions"><float_array id="part1-positions-array" count="12204">0 0 0.249289334 0.0446802129 0.0562272264 0.241392929 0 0.0624173799 0.241392929 0 0.0624173799 0.241392929 0.0446802129 0.0562272264 0.241392929 0.0850054914 0.10698847 0.21841792 0 0.0624173799 0.241392929 0.0850054914 0.10698847 0.21841792 0 0.118733889 0.21841792 0 0.118733889 0.21841792 0.0850054914 0.10698847 0.21841792 0.117027633 0.147264149 0.182665822 0 0.118733889 0.21841792 0.117027633 0.147264149 0.182665822 0 0.163463692 0.182665822 0 0.163463692 0.182665822 0.117027633 0.147264149 0.182665822 0.13754243 0.173106062 0.137618566 0 0.163463692 0.182665822 0.13754243 0.173106062 0.137618566 0 0.192152688 0.137618566 0 0.192152688 0.137618566 0.13754243 0.173106062 0.137618566 0.144645241 0.182034167 0.0876608466 0 0.192152688 0.137618566 0.144645241 0.182034167 0.0876608466 0 0.202033115 0.0876608466 0 0.202033115 0.0876608466 0.144645241 0.182034167 0.0876608466 0.13754243 0.173106062 0.0377329062 0 0.202033115 0.0876608466 0.13754243 0.173106062 0.0377329062 0 0.192152688 0.0377329062 0 0.192152688 0.0377329062 0.13754243 0.173106062 0.0377329062 0.117027633 0.147264149 -0.0073540337 0 0.192152688 0.0377329062 0.117027633 0.147264149 -0.0073540337 0 0.163463692 -0.0073540337 0 0.163463692 -0.0073540337 0.117027633 0.147264149 -0.0073540337 0.0850054914 0.10698847 -0.043106137 0 0.163463692 -0.0073540337 0.0850054914 0.10698847 -0.043106137 0 0.118733889 -0.043106137 0 0.118733889 -0.043106137 0.0850054914 0.10698847 -0.043106137 0.0446802129 0.0562272264 -0.0660414505 0 0.118733889 -0.043106137 0.0446802129 0.0562272264 -0.0660414505 0 0.0624173799 -0.0660414505 0 0.0624173799 -0.0660414505 0.0446802129 0.0562272264 -0.0660414505 0 0 -0.0739775447 0 0 0.249289334 0.0805513588 0.0389265434 0.241392929 0.0446802129 0.0562272264 0.241392929 0.0446802129 0.0562272264 0.241392929 0.0805513588 0.0389265434 0.241392929 0.153176543 0.0740437616 0.21841792 0.0446802129 0.0562272264 0.241392929 0.153176543 0.0740437616 0.21841792 0.0850054914 0.10698847 0.21841792 0.0850054914 0.10698847 0.21841792 0.153176543 0.0740437616 0.21841792 0.210842182 0.10190937 0.182665822 0.0850054914 0.10698847 0.21841792 0.210842182 0.10190937 0.182665822 0.117027633 0.147264149 0.182665822 0.117027633 0.147264149 0.182665822 0.210842182 0.10190937 0.182665822 0.247873975 0.119805259 0.137618566 0.117027633 0.147264149 0.182665822 0.247873975 0.119805259 0.137618566 0.13754243 0.173106062 0.137618566 0.13754243 0.173106062 0.137618566 0.247873975 0.119805259 0.137618566 0.260651104 0.125955738 0.0876608466 0.13754243 0.173106062 0.137618566 0.260651104 0.125955738 0.0876608466 0.144645241 0.182034167 0.0876608466 0.144645241 0.182034167 0.0876608466 0.260651104 0.125955738 0.0876608466 0.247873975 0.119805259 0.0377329062 0.144645241 0.182034167 0.0876608466 0.247873975 0.119805259 0.0377329062 0.13754243 0.173106062 0.0377329062 0.13754243 0.173106062 0.0377329062 0.247873975 0.119805259 0.0377329062 0.210842182 0.10190937 -0.0073540337 0.13754243 0.173106062 0.0377329062 0.210842182 0.10190937 -0.0073540337 0.117027633 0.147264149 -0.0073540337 0.117027633 0.147264149 -0.0073540337 0.210842182 0.10190937 -0.0073540337 0.153176543 0.0740437616 -0.043106137 0.117027633 0.147264149 -0.0073540337 0.153176543 0.0740437616 -0.043106137 0.0850054914 0.10698847 -0.043106137 0.0850054914 0.10698847 -0.043106137 0.153176543 0.0740437616 -0.043106137 0.0805513588 0.0389265434 -0.0660414505 0.0850054914 0.10698847 -0.043106137 0.0805513588 0.0389265434 -0.0660414505 0.0446802129 0.0562272264 -0.0660414505 0.0446802129 0.0562272264 -0.0660414505 0.0805513588 0.0389265434 -0.0660414505 0 0 -0.0739775447 0 0 0.249289334 0.100441189 0.0138881649 0.241392929 0.0805513588 0.0389265434 0.241392929 0.0805513588 0.0389265434 0.241392929 0.100441189 0.0138881649 0.241392929 0.19104163 0.0264271938 0.21841792 0.0805513588 0.0389265434 0.241392929 0.19104163 0.0264271938 0.21841792 0.153176543 0.0740437616 0.21841792 0.153176543 0.0740437616 0.21841792 0.19104163 0.0264271938 0.21841792 0.262952559 0.0363869932 0.182665822 0.153176543 0.0740437616 0.21841792 0.262952559 0.0363869932 0.182665822 0.210842182 0.10190937 0.182665822 0.210842182 0.10190937 0.182665822 0.262952559 0.0363869932 0.182665822 0.309100953 0.0427358662 0.137618566 0.210842182 0.10190937 0.182665822 0.309100953 0.0427358662 0.137618566 0.247873975 0.119805259 0.137618566 0.247873975 0.119805259 0.137618566 0.309100953 0.0427358662 0.137618566 0.325012821 0.0449579726 0.0876608466 0.247873975 0.119805259 0.137618566 0.325012821 0.0449579726 0.0876608466 0.260651104 0.125955738 0.0876608466 0.260651104 0.125955738 0.0876608466 0.325012821 0.0449579726 0.0876608466 0.309100953 0.0427358662 0.0377329062 0.260651104 0.125955738 0.0876608466 0.309100953 0.0427358662 0.0377329062 0.247873975 0.119805259 0.0377329062 0.247873975 0.119805259 0.0377329062 0.309100953 0.0427358662 0.0377329062 0.262952559 0.0363869932 -0.0073540337 0.247873975 0.119805259 0.0377329062 0.262952559 0.0363869932 -0.0073540337 0.210842182 0.10190937 -0.0073540337 0.210842182 0.10190937 -0.0073540337 0.262952559 0.0363869932 -0.0073540337 0.19104163 0.0264271938 -0.043106137 0.210842182 0.10190937 -0.0073540337 0.19104163 0.0264271938 -0.043106137 0.153176543 0.0740437616 -0.043106137 0.153176543 0.0740437616 -0.043106137 0.19104163 0.0264271938 -0.043106137 0.100441189 0.0138881649 -0.0660414505 0.153176543 0.0740437616 -0.043106137 0.100441189 0.0138881649 -0.0660414505 0.0805513588 0.0389265434 -0.0660414505 0.0805513588 0.0389265434 -0.0660414505 0.100441189 0.0138881649 -0.0660414505 0 0 -0.0739775447 0 0 0.249289334 0.100441189 -0.0138881649 0.241392929 0.100441189 0.0138881649 0.241392929 0.100441189 0.0138881649 0.241392929 0.100441189 -0.0138881649 0.241392929 0.19104163 -0.0264271938 0.21841792 0.100441189 0.0138881649 0.241392929 0.19104163 -0.0264271938 0.21841792 0.19104163 0.0264271938 0.21841792 0.19104163 0.0264271938 0.21841792 0.19104163 -0.0264271938 0.21841792 0.262952559 -0.0363869932 0.182665822 0.19104163 0.0264271938 0.21841792 0.262952559 -0.0363869932 0.182665822 0.262952559 0.0363869932 0.182665822 0.262952559 0.0363869932 0.182665822 0.262952559 -0.0363869932 0.182665822 0.309100953 -0.0427358662 0.137618566 0.262952559 0.0363869932 0.182665822 0.309100953 -0.0427358662 0.137618566 0.309100953 0.0427358662 0.137618566 0.309100953 0.0427358662 0.137618566 0.309100953 -0.0427358662 0.137618566 0.325012821 -0.0449579726 0.0876608466 0.309100953 0.0427358662 0.137618566 0.325012821 -0.0449579726 0.0876608466 0.325012821 0.0449579726 0.0876608466 0.325012821 0.0449579726 0.0876608466 0.325012821 -0.0449579726 0.0876608466 0.309100953 -0.0427358662 0.0377329062 0.325012821 0.0449579726 0.0876608466 0.309100953 -0.0427358662 0.0377329062 0.309100953 0.0427358662 0.0377329062 0.309100953 0.0427358662 0.0377329062 0.309100953 -0.0427358662 0.0377329062 0.262952559 -0.0363869932 -0.0073540337 0.309100953 0.0427358662 0.0377329062 0.262952559 -0.0363869932 -0.0073540337 0.262952559 0.0363869932 -0.0073540337 0.262952559 0.0363869932 -0.0073540337 0.262952559 -0.0363869932 -0.0073540337 0.19104163 -0.0264271938 -0.043106137 0.262952559 0.0363869932 -0.0073540337 0.19104163 -0.0264271938 -0.043106137 0.19104163 0.0264271938 -0.043106137 0.19104163 0.0264271938 -0.043106137 0.19104163 -0.0264271938 -0.043106137 0.100441189 -0.0138881649 -0.0660414505 0.19104163 0.0264271938 -0.043106137 0.100441189 -0.0138881649 -0.0660414505 0.100441189 0.0138881649 -0.0660414505 0.100441189 0.0138881649 -0.0660414505 0.100441189 -0.0138881649 -0.0660414505 0 0 -0.0739775447 0 0 0.249289334 0.0805513588 -0.0389265434 0.241392929 0.100441189 -0.0138881649 0.241392929 0.100441189 -0.0138881649 0.241392929 0.0805513588 -0.0389265434 0.241392929 0.153176543 -0.0740437616 0.21841792 0.100441189 -0.0138881649 0.241392929 0.153176543 -0.0740437616 0.21841792 0.19104163 -0.0264271938 0.21841792 0.19104163 -0.0264271938 0.21841792 0.153176543 -0.0740437616 0.21841792 0.210842182 -0.10190937 0.182665822 0.19104163 -0.0264271938 0.21841792 0.210842182 -0.10190937 0.182665822 0.262952559 -0.0363869932 0.182665822 0.262952559 -0.0363869932 0.182665822 0.210842182 -0.10190937 0.182665822 0.247873975 -0.119805259 0.137618566 0.262952559 -0.0363869932 0.182665822 0.247873975 -0.119805259 0.137618566 0.309100953 -0.0427358662 0.137618566 0.309100953 -0.0427358662 0.137618566 0.247873975 -0.119805259 0.137618566 0.260651104 -0.125955738 0.0876608466 0.309100953 -0.0427358662 0.137618566 0.260651104 -0.125955738 0.0876608466 0.325012821 -0.0449579726 0.0876608466 0.325012821 -0.0449579726 0.0876608466 0.260651104 -0.125955738 0.0876608466 0.247873975 -0.119805259 0.0377329062 0.325012821 -0.0449579726 0.0876608466 0.247873975 -0.119805259 0.0377329062 0.309100953 -0.0427358662 0.0377329062 0.309100953 -0.0427358662 0.0377329062 0.247873975 -0.119805259 0.0377329062 0.210842182 -0.10190937 -0.0073540337 0.309100953 -0.0427358662 0.0377329062 0.210842182 -0.10190937 -0.0073540337 0.262952559 -0.0363869932 -0.0073540337 0.262952559 -0.0363869932 -0.0073540337 0.210842182 -0.10190937 -0.0073540337 0.153176543 -0.0740437616 -0.043106137 0.262952559 -0.0363869932 -0.0073540337 0.153176543 -0.0740437616 -0.043106137 0.19104163 -0.0264271938 -0.043106137 0.19104163 -0.0264271938 -0.043106137 0.153176543 -0.0740437616 -0.043106137 0.0805513588 -0.0389265434 -0.0660414505 0.19104163 -0.0264271938 -0.043106137 0.0805513588 -0.0389265434 -0.0660414505 0.100441189 -0.0138881649 -0.0660414505 0.100441189 -0.0138881649 -0.0660414505 0.0805513588 -0.0389265434 -0.0660414505 0 0 -0.0739775447 0 0 0.249289334 0.0446802129 -0.0562272264 0.241392929 0.0805513588 -0.0389265434 0.241392929 0.0805513588 -0.0389265434 0.241392929 0.0446802129 -0.0562272264 0.241392929 0.0850054914 -0.10698847 0.21841792 0.0805513588 -0.0389265434 0.241392929 0.0850054914 -0.10698847 0.21841792 0.153176543 -0.0740437616 0.21841792 0.153176543 -0.0740437616 0.21841792 0.0850054914 -0.10698847 0.21841792 0.117027633 -0.147264149 0.182665822 0.153176543 -0.0740437616 0.21841792 0.117027633 -0.147264149 0.182665822 0.210842182 -0.10190937 0.182665822 0.210842182 -0.10190937 0.182665822 0.117027633 -0.147264149 0.182665822 0.13754243 -0.173106062 0.137618566 0.210842182 -0.10190937 0.182665822 0.13754243 -0.173106062 0.137618566 0.247873975 -0.119805259 0.137618566 0.247873975 -0.119805259 0.137618566 0.13754243 -0.173106062 0.137618566 0.144645241 -0.182034167 0.0876608466 0.247873975 -0.119805259 0.137618566 0.144645241 -0.182034167 0.0876608466 0.260651104 -0.125955738 0.0876608466 0.260651104 -0.125955738 0.0876608466 0.144645241 -0.182034167 0.0876608466 0.13754243 -0.173106062 0.0377329062 0.260651104 -0.125955738 0.0876608466 0.13754243 -0.173106062 0.0377329062 0.247873975 -0.119805259 0.0377329062 0.247873975 -0.119805259 0.0377329062 0.13754243 -0.173106062 0.0377329062 0.117027633 -0.147264149 -0.0073540337 0.247873975 -0.119805259 0.0377329062 0.117027633 -0.147264149 -0.0073540337 0.210842182 -0.10190937 -0.0073540337 0.210842182 -0.10190937 -0.0073540337 0.117027633 -0.147264149 -0.0073540337 0.0850054914 -0.10698847 -0.043106137 0.210842182 -0.10190937 -0.0073540337 0.0850054914 -0.10698847 -0.043106137 0.153176543 -0.0740437616 -0.043106137 0.153176543 -0.0740437616 -0.043106137 0.0850054914 -0.10698847 -0.043106137 0.0446802129 -0.0562272264 -0.0660414505 0.153176543 -0.0740437616 -0.043106137 0.0446802129 -0.0562272264 -0.0660414505 0.0805513588 -0.0389265434 -0.0660414505 0.0805513588 -0.0389265434 -0.0660414505 0.0446802129 -0.0562272264 -0.0660414505 0 0 -0.0739775447 0 0 0.249289334 0 -0.0624173799 0.241392929 0.0446802129 -0.0562272264 0.241392929 0.0446802129 -0.0562272264 0.241392929 0 -0.0624173799 0.241392929 0 -0.118733889 0.21841792 0.0446802129 -0.0562272264 0.241392929 0 -0.118733889 0.21841792 0.0850054914 -0.10698847 0.21841792 0.0850054914 -0.10698847 0.21841792 0 -0.118733889 0.21841792 0 -0.163463692 0.182665822 0.0850054914 -0.10698847 0.21841792 0 -0.163463692 0.182665822 0.117027633 -0.147264149 0.182665822 0.117027633 -0.147264149 0.182665822 0 -0.163463692 0.182665822 0 -0.192152688 0.137618566 0.117027633 -0.147264149 0.182665822 0 -0.192152688 0.137618566 0.13754243 -0.173106062 0.137618566 0.13754243 -0.173106062 0.137618566 0 -0.192152688 0.137618566 0 -0.202033115 0.0876608466 0.13754243 -0.173106062 0.137618566 0 -0.202033115 0.0876608466 0.144645241 -0.182034167 0.0876608466 0.144645241 -0.182034167 0.0876608466 0 -0.202033115 0.0876608466 0 -0.192152688 0.0377329062 0.144645241 -0.182034167 0.0876608466 0 -0.192152688 0.0377329062 0.13754243 -0.173106062 0.0377329062 0.13754243 -0.173106062 0.0377329062 0 -0.192152688 0.0377329062 0 -0.163463692 -0.0073540337 0.13754243 -0.173106062 0.0377329062 0 -0.163463692 -0.0073540337 0.117027633 -0.147264149 -0.0073540337 0.117027633 -0.147264149 -0.0073540337 0 -0.163463692 -0.0073540337 0 -0.118733889 -0.043106137 0.117027633 -0.147264149 -0.0073540337 0 -0.118733889 -0.043106137 0.0850054914 -0.10698847 -0.043106137 0.0850054914 -0.10698847 -0.043106137 0 -0.118733889 -0.043106137 0 -0.0624173799 -0.0660414505 0.0850054914 -0.10698847 -0.043106137 0 -0.0624173799 -0.0660414505 0.0446802129 -0.0562272264 -0.0660414505 0.0446802129 -0.0562272264 -0.0660414505 0 -0.0624173799 -0.0660414505 0 0 -0.0739775447 0 0 0.249289334 -0.0446802129 -0.0562272264 0.241392929 0 -0.0624173799 0.241392929 0 -0.0624173799 0.241392929 -0.0446802129 -0.0562272264 0.241392929 -0.0850054914 -0.10698847 0.21841792 0 -0.0624173799 0.241392929 -0.0850054914 -0.10698847 0.21841792 0 -0.118733889 0.21841792 0 -0.118733889 0.21841792 -0.0850054914 -0.10698847 0.21841792 -0.117027633 -0.147264149 0.182665822 0 -0.118733889 0.21841792 -0.117027633 -0.147264149 0.182665822 0 -0.163463692 0.182665822 0 -0.163463692 0.182665822 -0.117027633 -0.147264149 0.182665822 -0.13754243 -0.173106062 0.137618566 0 -0.163463692 0.182665822 -0.13754243 -0.173106062 0.137618566 0 -0.192152688 0.137618566 0 -0.192152688 0.137618566 -0.13754243 -0.173106062 0.137618566 -0.144645241 -0.182034167 0.0876608466 0 -0.192152688 0.137618566 -0.144645241 -0.182034167 0.0876608466 0 -0.202033115 0.0876608466 0 -0.202033115 0.0876608466 -0.144645241 -0.182034167 0.0876608466 -0.13754243 -0.173106062 0.0377329062 0 -0.202033115 0.0876608466 -0.13754243 -0.173106062 0.0377329062 0 -0.192152688 0.0377329062 0 -0.192152688 0.0377329062 -0.13754243 -0.173106062 0.0377329062 -0.117027633 -0.147264149 -0.0073540337 0 -0.192152688 0.0377329062 -0.117027633 -0.147264149 -0.0073540337 0 -0.163463692 -0.0073540337 0 -0.163463692 -0.0073540337 -0.117027633 -0.147264149 -0.0073540337 -0.0850054914 -0.10698847 -0.043106137 0 -0.163463692 -0.0073540337 -0.0850054914 -0.10698847 -0.043106137 0 -0.118733889 -0.043106137 0 -0.118733889 -0.043106137 -0.0850054914 -0.10698847 -0.043106137 -0.0446802129 -0.0562272264 -0.0660414505 0 -0.118733889 -0.043106137 -0.0446802129 -0.0562272264 -0.0660414505 0 -0.0624173799 -0.0660414505 0 -0.0624173799 -0.0660414505 -0.0446802129 -0.0562272264 -0.0660414505 0 0 -0.0739775447 0 0 0.249289334 -0.0805513588 -0.0389265434 0.241392929 -0.0446802129 -0.0562272264 0.241392929 -0.0446802129 -0.0562272264 0.241392929 -0.0805513588 -0.0389265434 0.241392929 -0.153176543 -0.0740437616 0.21841792 -0.0446802129 -0.0562272264 0.241392929 -0.153176543 -0.0740437616 0.21841792 -0.0850054914 -0.10698847 0.21841792 -0.0850054914 -0.10698847 0.21841792 -0.153176543 -0.0740437616 0.21841792 -0.210842182 -0.10190937 0.182665822 -0.0850054914 -0.10698847 0.21841792 -0.210842182 -0.10190937 0.182665822 -0.117027633 -0.147264149 0.182665822 -0.117027633 -0.147264149 0.182665822 -0.210842182 -0.10190937 0.182665822 -0.247873975 -0.119805259 0.137618566 -0.117027633 -0.147264149 0.182665822 -0.247873975 -0.119805259 0.137618566 -0.13754243 -0.173106062 0.137618566 -0.13754243 -0.173106062 0.137618566 -0.247873975 -0.119805259 0.137618566 -0.260651104 -0.125955738 0.0876608466 -0.13754243 -0.173106062 0.137618566 -0.260651104 -0.125955738 0.0876608466 -0.144645241 -0.182034167 0.0876608466 -0.144645241 -0.182034167 0.0876608466 -0.260651104 -0.125955738 0.0876608466 -0.247873975 -0.119805259 0.0377329062 -0.144645241 -0.182034167 0.0876608466 -0.247873975 -0.119805259 0.0377329062 -0.13754243 -0.173106062 0.0377329062 -0.13754243 -0.173106062 0.0377329062 -0.247873975 -0.119805259 0.0377329062 -0.210842182 -0.10190937 -0.0073540337 -0.13754243 -0.173106062 0.0377329062 -0.210842182 -0.10190937 -0.0073540337 -0.117027633 -0.147264149 -0.0073540337 -0.117027633 -0.147264149 -0.0073540337 -0.210842182 -0.10190937 -0.0073540337 -0.153176543 -0.0740437616 -0.043106137 -0.117027633 -0.147264149 -0.0073540337 -0.153176543 -0.0740437616 -0.043106137 -0.0850054914 -0.10698847 -0.043106137 -0.0850054914 -0.10698847 -0.043106137 -0.153176543 -0.0740437616 -0.043106137 -0.0805513588 -0.0389265434 -0.0660414505 -0.0850054914 -0.10698847 -0.043106137 -0.0805513588 -0.0389265434 -0.0660414505 -0.0446802129 -0.0562272264 -0.0660414505 -0.0446802129 -0.0562272264 -0.0660414505 -0.0805513588 -0.0389265434 -0.0660414505 0 0 -0.0739775447 0 0 0.249289334 -0.100441189 -0.0138881649 0.241392929 -0.0805513588 -0.0389265434 0.241392929 -0.0805513588 -0.0389265434 0.241392929 -0.100441189 -0.0138881649 0.241392929 -0.19104163 -0.0264271938 0.21841792 -0.0805513588 -0.0389265434 0.241392929 -0.19104163 -0.0264271938 0.21841792 -0.153176543 -0.0740437616 0.21841792 -0.153176543 -0.0740437616 0.21841792 -0.19104163 -0.0264271938 0.21841792 -0.262952559 -0.0363869932 0.182665822 -0.153176543 -0.0740437616 0.21841792 -0.262952559 -0.0363869932 0.182665822 -0.210842182 -0.10190937 0.182665822 -0.210842182 -0.10190937 0.182665822 -0.262952559 -0.0363869932 0.182665822 -0.309100953 -0.0427358662 0.137618566 -0.210842182 -0.10190937 0.182665822 -0.309100953 -0.0427358662 0.137618566 -0.247873975 -0.119805259 0.137618566 -0.247873975 -0.119805259 0.137618566 -0.309100953 -0.0427358662 0.137618566 -0.325012821 -0.0449579726 0.0876608466 -0.247873975 -0.119805259 0.137618566 -0.325012821 -0.0449579726 0.0876608466 -0.260651104 -0.125955738 0.0876608466 -0.260651104 -0.125955738 0.0876608466 -0.325012821 -0.0449579726 0.0876608466 -0.309100953 -0.0427358662 0.0377329062 -0.260651104 -0.125955738 0.0876608466 -0.309100953 -0.0427358662 0.0377329062 -0.247873975 -0.119805259 0.0377329062 -0.247873975 -0.119805259 0.0377329062 -0.309100953 -0.0427358662 0.0377329062 -0.262952559 -0.0363869932 -0.0073540337 -0.247873975 -0.119805259 0.0377329062 -0.262952559 -0.0363869932 -0.0073540337 -0.210842182 -0.10190937 -0.0073540337 -0.210842182 -0.10190937 -0.0073540337 -0.262952559 -0.0363869932 -0.0073540337 -0.19104163 -0.0264271938 -0.043106137 -0.210842182 -0.10190937 -0.0073540337 -0.19104163 -0.0264271938 -0.043106137 -0.153176543 -0.0740437616 -0.043106137 -0.153176543 -0.0740437616 -0.043106137 -0.19104163 -0.0264271938 -0.043106137 -0.100441189 -0.0138881649 -0.0660414505 -0.153176543 -0.0740437616 -0.043106137 -0.100441189 -0.0138881649 -0.0660414505 -0.0805513588 -0.0389265434 -0.0660414505 -0.0805513588 -0.0389265434 -0.0660414505 -0.100441189 -0.0138881649 -0.0660414505 0 0 -0.0739775447 0 0 0.249289334 -0.100441189 0.0138881649 0.241392929 -0.100441189 -0.0138881649 0.241392929 -0.100441189 -0.0138881649 0.241392929 -0.100441189 0.0138881649 0.241392929 -0.19104163 0.0264271938 0.21841792 -0.100441189 -0.0138881649 0.241392929 -0.19104163 0.0264271938 0.21841792 -0.19104163 -0.0264271938 0.21841792 -0.19104163 -0.0264271938 0.21841792 -0.19104163 0.0264271938 0.21841792 -0.262952559 0.0363869932 0.182665822 -0.19104163 -0.0264271938 0.21841792 -0.262952559 0.0363869932 0.182665822 -0.262952559 -0.0363869932 0.182665822 -0.262952559 -0.0363869932 0.182665822 -0.262952559 0.0363869932 0.182665822 -0.309100953 0.0427358662 0.137618566 -0.262952559 -0.0363869932 0.182665822 -0.309100953 0.0427358662 0.137618566 -0.309100953 -0.0427358662 0.137618566 -0.309100953 -0.0427358662 0.137618566 -0.309100953 0.0427358662 0.137618566 -0.325012821 0.0449579726 0.0876608466 -0.309100953 -0.0427358662 0.137618566 -0.325012821 0.0449579726 0.0876608466 -0.325012821 -0.0449579726 0.0876608466 -0.325012821 -0.0449579726 0.0876608466 -0.325012821 0.0449579726 0.0876608466 -0.309100953 0.0427358662 0.0377329062 -0.325012821 -0.0449579726 0.0876608466 -0.309100953 0.0427358662 0.0377329062 -0.309100953 -0.0427358662 0.0377329062 -0.309100953 -0.0427358662 0.0377329062 -0.309100953 0.0427358662 0.0377329062 -0.262952559 0.0363869932 -0.0073540337 -0.309100953 -0.0427358662 0.0377329062 -0.262952559 0.0363869932 -0.0073540337 -0.262952559 -0.0363869932 -0.0073540337 -0.262952559 -0.0363869932 -0.0073540337 -0.262952559 0.0363869932 -0.0073540337 -0.19104163 0.0264271938 -0.043106137 -0.262952559 -0.0363869932 -0.0073540337 -0.19104163 0.0264271938 -0.043106137 -0.19104163 -0.0264271938 -0.043106137 -0.19104163 -0.0264271938 -0.043106137 -0.19104163 0.0264271938 -0.043106137 -0.100441189 0.0138881649 -0.0660414505 -0.19104163 -0.0264271938 -0.043106137 -0.100441189 0.0138881649 -0.0660414505 -0.100441189 -0.0138881649 -0.0660414505 -0.100441189 -0.0138881649 -0.0660414505 -0.100441189 0.0138881649 -0.0660414505 0 0 -0.0739775447 0 0 0.249289334 -0.0805513588 0.0389265434 0.241392929 -0.100441189 0.0138881649 0.241392929 -0.100441189 0.0138881649 0.241392929 -0.0805513588 0.0389265434 0.241392929 -0.153176543 0.0740437616 0.21841792 -0.100441189 0.0138881649 0.241392929 -0.153176543 0.0740437616 0.21841792 -0.19104163 0.0264271938 0.21841792 -0.19104163 0.0264271938 0.21841792 -0.153176543 0.0740437616 0.21841792 -0.210842182 0.10190937 0.182665822 -0.19104163 0.0264271938 0.21841792 -0.210842182 0.10190937 0.182665822 -0.262952559 0.0363869932 0.182665822 -0.262952559 0.0363869932 0.182665822 -0.210842182 0.10190937 0.182665822 -0.247873975 0.119805259 0.137618566 -0.262952559 0.0363869932 0.182665822 -0.247873975 0.119805259 0.137618566 -0.309100953 0.0427358662 0.137618566 -0.309100953 0.0427358662 0.137618566 -0.247873975 0.119805259 0.137618566 -0.260651104 0.125955738 0.0876608466 -0.309100953 0.0427358662 0.137618566 -0.260651104 0.125955738 0.0876608466 -0.325012821 0.0449579726 0.0876608466 -0.325012821 0.0449579726 0.0876608466 -0.260651104 0.125955738 0.0876608466 -0.247873975 0.119805259 0.0377329062 -0.325012821 0.0449579726 0.0876608466 -0.247873975 0.119805259 0.0377329062 -0.309100953 0.0427358662 0.0377329062 -0.309100953 0.0427358662 0.0377329062 -0.247873975 0.119805259 0.0377329062 -0.210842182 0.10190937 -0.0073540337 -0.309100953 0.0427358662 0.0377329062 -0.210842182 0.10190937 -0.0073540337 -0.262952559 0.0363869932 -0.0073540337 -0.262952559 0.0363869932 -0.0073540337 -0.210842182 0.10190937 -0.0073540337 -0.153176543 0.0740437616 -0.043106137 -0.262952559 0.0363869932 -0.0073540337 -0.153176543 0.0740437616 -0.043106137 -0.19104163 0.0264271938 -0.043106137 -0.19104163 0.0264271938 -0.043106137 -0.153176543 0.0740437616 -0.043106137 -0.0805513588 0.0389265434 -0.0660414505 -0.19104163 0.0264271938 -0.043106137 -0.0805513588 0.0389265434 -0.0660414505 -0.100441189 0.0138881649 -0.0660414505 -0.100441189 0.0138881649 -0.0660414505 -0.0805513588 0.0389265434 -0.0660414505 0 0 -0.0739775447 0 0 0.249289334 -0.0446802129 0.0562272264 0.241392929 -0.0805513588 0.0389265434 0.241392929 -0.0805513588 0.0389265434 0.241392929 -0.0446802129 0.0562272264 0.241392929 -0.0850054914 0.10698847 0.21841792 -0.0805513588 0.0389265434 0.241392929 -0.0850054914 0.10698847 0.21841792 -0.153176543 0.0740437616 0.21841792 -0.153176543 0.0740437616 0.21841792 -0.0850054914 0.10698847 0.21841792 -0.117027633 0.147264149 0.182665822 -0.153176543 0.0740437616 0.21841792 -0.117027633 0.147264149 0.182665822 -0.210842182 0.10190937 0.182665822 -0.210842182 0.10190937 0.182665822 -0.117027633 0.147264149 0.182665822 -0.13754243 0.173106062 0.137618566 -0.210842182 0.10190937 0.182665822 -0.13754243 0.173106062 0.137618566 -0.247873975 0.119805259 0.137618566 -0.247873975 0.119805259 0.137618566 -0.13754243 0.173106062 0.137618566 -0.144645241 0.182034167 0.0876608466 -0.247873975 0.119805259 0.137618566 -0.144645241 0.182034167 0.0876608466 -0.260651104 0.125955738 0.0876608466 -0.260651104 0.125955738 0.0876608466 -0.144645241 0.182034167 0.0876608466 -0.13754243 0.173106062 0.0377329062 -0.260651104 0.125955738 0.0876608466 -0.13754243 0.173106062 0.0377329062 -0.247873975 0.119805259 0.0377329062 -0.247873975 0.119805259 0.0377329062 -0.13754243 0.173106062 0.0377329062 -0.117027633 0.147264149 -0.0073540337 -0.247873975 0.119805259 0.0377329062 -0.117027633 0.147264149 -0.0073540337 -0.210842182 0.10190937 -0.0073540337 -0.210842182 0.10190937 -0.0073540337 -0.117027633 0.147264149 -0.0073540337 -0.0850054914 0.10698847 -0.043106137 -0.210842182 0.10190937 -0.0073540337 -0.0850054914 0.10698847 -0.043106137 -0.153176543 0.0740437616 -0.043106137 -0.153176543 0.0740437616 -0.043106137 -0.0850054914 0.10698847 -0.043106137 -0.0446802129 0.0562272264 -0.0660414505 -0.153176543 0.0740437616 -0.043106137 -0.0446802129 0.0562272264 -0.0660414505 -0.0805513588 0.0389265434 -0.0660414505 -0.0805513588 0.0389265434 -0.0660414505 -0.0446802129 0.0562272264 -0.0660414505 0 0 -0.0739775447 0 0 0.249289334 0 0.0624173799 0.241392929 -0.0446802129 0.0562272264 0.241392929 -0.0446802129 0.0562272264 0.241392929 0 0.0624173799 0.241392929 0 0.118733889 0.21841792 -0.0446802129 0.0562272264 0.241392929 0 0.118733889 0.21841792 -0.0850054914 0.10698847 0.21841792 -0.0850054914 0.10698847 0.21841792 0 0.118733889 0.21841792 0 0.163463692 0.182665822 -0.0850054914 0.10698847 0.21841792 0 0.163463692 0.182665822 -0.117027633 0.147264149 0.182665822 -0.117027633 0.147264149 0.182665822 0 0.163463692 0.182665822 0 0.192152688 0.137618566 -0.117027633 0.147264149 0.182665822 0 0.192152688 0.137618566 -0.13754243 0.173106062 0.137618566 -0.13754243 0.173106062 0.137618566 0 0.192152688 0.137618566 0 0.202033115 0.0876608466 -0.13754243 0.173106062 0.137618566 0 0.202033115 0.0876608466 -0.144645241 0.182034167 0.0876608466 -0.144645241 0.182034167 0.0876608466 0 0.202033115 0.0876608466 0 0.192152688 0.0377329062 -0.144645241 0.182034167 0.0876608466 0 0.192152688 0.0377329062 -0.13754243 0.173106062 0.0377329062 -0.13754243 0.173106062 0.0377329062 0 0.192152688 0.0377329062 0 0.163463692 -0.0073540337 -0.13754243 0.173106062 0.0377329062 0 0.163463692 -0.0073540337 -0.117027633 0.147264149 -0.0073540337 -0.117027633 0.147264149 -0.0073540337 0 0.163463692 -0.0073540337 0 0.118733889 -0.043106137 -0.117027633 0.147264149 -0.0073540337 0 0.118733889 -0.043106137 -0.0850054914 0.10698847 -0.043106137 -0.0850054914 0.10698847 -0.043106137 0 0.118733889 -0.043106137 0 0.0624173799 -0.0660414505 -0.0850054914 0.10698847 -0.043106137 0 0.0624173799 -0.0660414505 -0.0446802129 0.0562272264 -0.0660414505 -0.0446802129 0.0562272264 -0.0660414505 0 0.0624173799 -0.0660414505 0 0 -0.0739775447 0 0.138494762 0.0596365262 0.00809481611 0.143772268 0.0576128162 0 0.148335519 0.0586841949 0 0.148335519 0.0586841949 0.00809481611 0.143772268 0.0576128162 0.0105946858 0.145915016 0.0548748697 0 0.148335519 0.0586841949 0.0105946858 0.145915016 0.0548748697 0 0.151867079 0.0562636826 0 0.151867079 0.0562636826 0.0105946858 0.145915016 0.0548748697 0.0118644609 0.147343508 0.0519385076 0 0.151867079 0.0562636826 0.0118644609 0.147343508 0.0519385076 0 0.154009827 0.0534860472 0 0.154009827 0.0534860472 0.0118644609 0.147343508 0.0519385076 0.0122612656 0.148295839 0.0488831174 0 0.154009827 0.0534860472 0.0122612656 0.148295839 0.0488831174 0 0.155200244 0.0505100155 0 0.155200244 0.0505100155 0.0122612656 0.148295839 0.0488831174 0.0120231828 0.154406629 0.0276540641 0 0.155200244 0.0505100155 0.0120231828 0.154406629 0.0276540641 0 0.161033269 0.029757123 0 0.161033269 0.029757123 0.0120231828 0.154406629 0.0276540641 0.0117454195 0.164098579 -0.00298917946 0 0.161033269 0.029757123 0.0117454195 0.164098579 -0.00298917946 0 0.170566512 -0.000925794957 0 0.170566512 -0.000925794957 0.0117454195 0.164098579 -0.00298917946 0.0114279757 0.174613913 -0.0390587289 0 0.170566512 -0.000925794957 0.0114279757 0.174613913 -0.0390587289 0 0.181002467 -0.0373127882 0 0.181002467 -0.0373127882 0.0114279757 0.174613913 -0.0390587289 0.011031171 0.18342298 -0.077032941 0 0.181002467 -0.0373127882 0.011031171 0.18342298 -0.077032941 0 0.189692497 -0.0758028464 0 0.189692497 -0.0758028464 0.011031171 0.18342298 -0.077032941 0.0106343663 0.187867192 -0.113419934 0 0.189692497 -0.0758028464 0.0106343663 0.187867192 -0.113419934 0 0.194017672 -0.11314217 0 0.194017672 -0.11314217 0.0106343663 0.187867192 -0.113419934 0.0102375616 0.18497051 -0.146711848 0 0.194017672 -0.11314217 0.0102375616 0.18497051 -0.146711848 0 0.190724177 -0.147941944 0 0.190724177 -0.147941944 0.0102375616 0.18497051 -0.146711848 0.00980107637 0.174653592 -0.17945816 0 0.190724177 -0.147941944 0.00980107637 0.174653592 -0.17945816 0 0.179931089 -0.181481861 0 0.179931089 -0.181481861 0.00980107637 0.174653592 -0.17945816 0.00936459119 0.160874552 -0.211281896 0 0.179931089 -0.181481861 0.00936459119 0.160874552 -0.211281896 0 0.165804846 -0.213464323 0 0.165804846 -0.213464323 0.00936459119 0.160874552 -0.211281896 0.00884874506 0.147422866 -0.241568012 0 0.165804846 -0.213464323 0.00884874506 0.147422866 -0.241568012 0 0.152184523 -0.243472674 0 0.152184523 -0.243472674 0.00884874506 0.147422866 -0.241568012 0.00829321847 0.138097959 -0.269423705 0 0.152184523 -0.243472674 0.00829321847 0.138097959 -0.269423705 0 0.142780257 -0.270415725 0 0.142780257 -0.270415725 0.00829321847 0.138097959 -0.269423705 0.00765833093 0.136193297 -0.294144639 0 0.142780257 -0.270415725 0.00765833093 0.136193297 -0.294144639 0 0.140558151 -0.293668469 0 0.140558151 -0.293668469 0.00765833093 0.136193297 -0.294144639 0.00678536057 0.141708879 -0.318667178 0 0.140558151 -0.293668469 0.00678536057 0.141708879 -0.318667178 0 0.145399166 -0.317318025 0 0.145399166 -0.317318025 0.00678536057 0.141708879 -0.318667178 0.00583302926 0.152105164 -0.342604409 0 0.145399166 -0.317318025 0.00583302926 0.152105164 -0.342604409 0 0.155081206 -0.34097752 0 0.155081206 -0.34097752 0.00583302926 0.152105164 -0.342604409 0.00488069795 0.164535071 -0.364389 0 0.155081206 -0.34097752 0.00488069795 0.164535071 -0.364389 0 0.166915904 -0.362841451 0 0.166915904 -0.362841451 0.00488069795 0.164535071 -0.364389 0.00408708853 0.176002726 -0.382721361 0 0.166915904 -0.362841451 0.00408708853 0.176002726 -0.382721361 0 0.177986747 -0.381411907 0 0.177986747 -0.381411907 0.00408708853 0.176002726 -0.382721361 0.00349188146 0.183661055 -0.396371453 0 0.177986747 -0.381411907 0.00349188146 0.183661055 -0.396371453 0 0.185526039 -0.395538169 0 0.185526039 -0.395538169 0.00349188146 0.183661055 -0.396371453 0.00337284005 0.183978509 -0.397244416 0 0.185526039 -0.395538169 0.00337284005 0.183978509 -0.397244416 0 0.185764134 -0.396411132 0 0.185764134 -0.396411132 0.00337284005 0.183978509 -0.397244416 0.00301571581 0.184176905 -0.398157078 0 0.185764134 -0.396411132 0.00301571581 0.184176905 -0.398157078 0 0.185764134 -0.397403152 0 0.185764134 -0.397403152 0.00301571581 0.184176905 -0.398157078 0.00230146733 0.184176905 -0.399149079 0 0.185764134 -0.397403152 0.00230146733 0.184176905 -0.399149079 0 0.185407001 -0.39859355 0 0.185407001 -0.39859355 0.00230146733 0.184176905 -0.399149079 0 0.183343621 -0.400537911 0 0.138494762 0.0596365262 0.00809481611 0.134685436 0.0554700683 0.00809481611 0.143772268 0.0576128162 0.00809481611 0.143772268 0.0576128162 0.00809481611 0.134685436 0.0554700683 0.0105946858 0.13401087 0.0520178758 0.00809481611 0.143772268 0.0576128162 0.0105946858 0.13401087 0.0520178758 0.0105946858 0.145915016 0.0548748697 0.0105946858 0.145915016 0.0548748697 0.0105946858 0.13401087 0.0520178758 0.0118644609 0.13401087 0.0487640699 0.0105946858 0.145915016 0.0548748697 0.0118644609 0.13401087 0.0487640699 0.0118644609 0.147343508 0.0519385076 0.0118644609 0.147343508 0.0519385076 0.0118644609 0.13401087 0.0487640699 0.0122612656 0.134526719 0.0456293115 0.0118644609 0.147343508 0.0519385076 0.0122612656 0.134526719 0.0456293115 0.0122612656 0.148295839 0.0488831174 0.0122612656 0.148295839 0.0488831174 0.0122612656 0.134526719 0.0456293115 0.0120231828 0.141153359 0.0234082476 0.0122612656 0.148295839 0.0488831174 0.0120231828 0.141153359 0.0234082476 0.0120231828 0.154406629 0.0276540641 0.0120231828 0.154406629 0.0276540641 0.0120231828 0.141153359 0.0234082476 0.0117454195 0.151152833 -0.00707626919 0.0120231828 0.154406629 0.0276540641 0.0117454195 0.151152833 -0.00707626919 0.0117454195 0.164098579 -0.00298917946 0.0117454195 0.164098579 -0.00298917946 0.0117454195 0.151152833 -0.00707626919 0.0114279757 0.161906242 -0.0425506104 0.0117454195 0.164098579 -0.00298917946 0.0114279757 0.161906242 -0.0425506104 0.0114279757 0.174613913 -0.0390587289 0.0114279757 0.174613913 -0.0390587289 0.0114279757 0.161906242 -0.0425506104 0.011031171 0.170923625 -0.0794534498 0.0114279757 0.174613913 -0.0390587289 0.011031171 0.170923625 -0.0794534498 0.011031171 0.18342298 -0.077032941 0.011031171 0.18342298 -0.077032941 0.011031171 0.170923625 -0.0794534498 0.0106343663 0.175605933 -0.113975461 0.011031171 0.18342298 -0.077032941 0.0106343663 0.175605933 -0.113975461 0.0106343663 0.187867192 -0.113419934 0.0106343663 0.187867192 -0.113419934 0.0106343663 0.175605933 -0.113975461 0.0102375616 0.173423496 -0.144291341 0.0106343663 0.187867192 -0.113419934 0.0102375616 0.173423496 -0.144291341 0.0102375616 0.18497051 -0.146711848 0.0102375616 0.18497051 -0.146711848 0.0102375616 0.173423496 -0.144291341 0.00980107637 0.164098579 -0.17541075 0.0102375616 0.18497051 -0.146711848 0.00980107637 0.164098579 -0.17541075 0.00980107637 0.174653592 -0.17945816 0.00980107637 0.174653592 -0.17945816 0.00980107637 0.164098579 -0.17541075 0.00936459119 0.150994116 -0.206877362 0.00980107637 0.174653592 -0.17945816 0.00936459119 0.150994116 -0.206877362 0.00936459119 0.160874552 -0.211281896 0.00936459119 0.160874552 -0.211281896 0.00936459119 0.150994116 -0.206877362 0.00884874506 0.137939242 -0.237748767 0.00936459119 0.160874552 -0.211281896 0.00884874506 0.137939242 -0.237748767 0.00884874506 0.147422866 -0.241568012 0.00884874506 0.147422866 -0.241568012 0.00884874506 0.137939242 -0.237748767 0.00829321847 0.128733373 -0.267360325 0.00884874506 0.147422866 -0.241568012 0.00829321847 0.128733373 -0.267360325 0.00829321847 0.138097959 -0.269423705 0.00829321847 0.138097959 -0.269423705 0.00829321847 0.128733373 -0.267360325 0.00765833093 0.127423909 -0.29513666 0.00829321847 0.138097959 -0.269423705 0.00765833093 0.127423909 -0.29513666 0.00765833093 0.136193297 -0.294144639 0.00765833093 0.136193297 -0.294144639 0.00765833093 0.127423909 -0.29513666 0.00678536057 0.134328313 -0.321415044 0.00765833093 0.136193297 -0.294144639 0.00678536057 0.134328313 -0.321415044 0.00678536057 0.141708879 -0.318667178 0.00678536057 0.141708879 -0.318667178 0.00678536057 0.134328313 -0.321415044 0.00583302926 0.14619278 -0.345818525 0.00678536057 0.141708879 -0.318667178 0.00583302926 0.14619278 -0.345818525 0.00583302926 0.152105164 -0.342604409 0.00583302926 0.152105164 -0.342604409 0.00583302926 0.14619278 -0.345818525 0.00488069795 0.159763494 -0.367444381 0.00583302926 0.152105164 -0.342604409 0.00488069795 0.159763494 -0.367444381 0.00488069795 0.164535071 -0.364389 0.00488069795 0.164535071 -0.364389 0.00488069795 0.159763494 -0.367444381 0.00408708853 0.172074362 -0.385260911 0.00488069795 0.164535071 -0.364389 0.00408708853 0.172074362 -0.385260911 0.00408708853 0.176002726 -0.382721361 0.00408708853 0.176002726 -0.382721361 0.00408708853 0.172074362 -0.385260911 0.00349188146 0.180010466 -0.398077719 0.00408708853 0.176002726 -0.382721361 0.00349188146 0.180010466 -0.398077719 0.00349188146 0.183661055 -0.396371453 0.00349188146 0.183661055 -0.396371453 0.00349188146 0.180010466 -0.398077719 0.00337284005 0.180446938 -0.398871324 0.00349188146 0.183661055 -0.396371453 0.00337284005 0.180446938 -0.398871324 0.00337284005 0.183978509 -0.397244416 0.00337284005 0.183978509 -0.397244416 0.00337284005 0.180446938 -0.398871324 0.00301571581 0.181002467 -0.39958557 0.00337284005 0.183978509 -0.397244416 0.00301571581 0.181002467 -0.39958557 0.00301571581 0.184176905 -0.398157078 0.00301571581 0.184176905 -0.398157078 0.00301571581 0.181002467 -0.39958557 0.00230146733 0.181756393 -0.400260137 0.00301571581 0.184176905 -0.398157078 0.00230146733 0.181756393 -0.400260137 0.00230146733 0.184176905 -0.399149079 0.00230146733 0.184176905 -0.399149079 0.00230146733 0.181756393 -0.400260137 0 0.183343621 -0.400537911 0 0.138494762 0.0596365262 0 0.130122186 0.0543986992 0.00809481611 0.134685436 0.0554700683 0.00809481611 0.134685436 0.0554700683 0 0.130122186 0.0543986992 0 0.128019117 0.0506290532 0.00809481611 0.134685436 0.0554700683 0 0.128019117 0.0506290532 0.0105946858 0.13401087 0.0520178758 0.0105946858 0.13401087 0.0520178758 0 0.128019117 0.0506290532 0 0.12738423 0.047176851 0.0105946858 0.13401087 0.0520178758 0 0.12738423 0.047176851 0.0118644609 0.13401087 0.0487640699 0.0118644609 0.13401087 0.0487640699 0 0.12738423 0.047176851 0 0.127661994 0.0440024133 0.0118644609 0.13401087 0.0487640699 0 0.127661994 0.0440024133 0.0122612656 0.134526719 0.0456293115 0.0122612656 0.134526719 0.0456293115 0 0.127661994 0.0440024133 0 0.134566399 0.0213051887 0.0122612656 0.134526719 0.0456293115 0 0.134566399 0.0213051887 0.0120231828 0.141153359 0.0234082476 0.0120231828 0.141153359 0.0234082476 0 0.134566399 0.0213051887 0 0.144645241 -0.00909997443 0.0120231828 0.141153359 0.0234082476 0 0.144645241 -0.00909997443 0.0117454195 0.151152833 -0.00707626919 0.0117454195 0.151152833 -0.00707626919 0 0.144645241 -0.00909997443 0 0.155557367 -0.0442965511 0.0117454195 0.151152833 -0.00707626919 0 0.155557367 -0.0442965511 0.0114279757 0.161906242 -0.0425506104 0.0114279757 0.161906242 -0.0425506104 0 0.155557367 -0.0442965511 0 0.164654108 -0.0806438639 0.0114279757 0.161906242 -0.0425506104 0 0.164654108 -0.0806438639 0.011031171 0.170923625 -0.0794534498 0.011031171 0.170923625 -0.0794534498 0 0.164654108 -0.0806438639 0 0.169455454 -0.114253223 0.011031171 0.170923625 -0.0794534498 0 0.169455454 -0.114253223 0.0106343663 0.175605933 -0.113975461 0.0106343663 0.175605933 -0.113975461 0 0.169455454 -0.114253223 0 0.16763015 -0.143061245 0.0106343663 0.175605933 -0.113975461 0 0.16763015 -0.143061245 0.0102375616 0.173423496 -0.144291341 0.0102375616 0.173423496 -0.144291341 0 0.16763015 -0.143061245 0 0.158811163 -0.17338705 0.0102375616 0.173423496 -0.144291341 0 0.158811163 -0.17338705 0.00980107637 0.164098579 -0.17541075 0.00980107637 0.164098579 -0.17541075 0 0.158811163 -0.17338705 0 0.146073733 -0.204655256 0.00980107637 0.164098579 -0.17541075 0 0.146073733 -0.204655256 0.00936459119 0.150994116 -0.206877362 0.00936459119 0.150994116 -0.206877362 0 0.146073733 -0.204655256 0 0.133217265 -0.235883783 0.00936459119 0.150994116 -0.206877362 0 0.133217265 -0.235883783 0.00884874506 0.137939242 -0.237748767 0.00884874506 0.137939242 -0.237748767 0 0.133217265 -0.235883783 0 0.124051075 -0.266328626 0.00884874506 0.137939242 -0.237748767 0 0.124051075 -0.266328626 0.00829321847 0.128733373 -0.267360325 0.00829321847 0.128733373 -0.267360325 0 0.124051075 -0.266328626 0 0.123019385 -0.295612811 0.00829321847 0.128733373 -0.267360325 0 0.123019385 -0.295612811 0.00765833093 0.127423909 -0.29513666 0.00765833093 0.127423909 -0.29513666 0 0.123019385 -0.295612811 0 0.130677715 -0.322764178 0.00765833093 0.127423909 -0.29513666 0 0.130677715 -0.322764178 0.00678536057 0.134328313 -0.321415044 0.00678536057 0.134328313 -0.321415044 0 0.130677715 -0.322764178 0 0.143216739 -0.347405754 0.00678536057 0.134328313 -0.321415044 0 0.143216739 -0.347405754 0.00583302926 0.14619278 -0.345818525 0.00583302926 0.14619278 -0.345818525 0 0.143216739 -0.347405754 0 0.157382671 -0.36899193 0.00583302926 0.14619278 -0.345818525 0 0.157382671 -0.36899193 0.00488069795 0.159763494 -0.367444381 0.00488069795 0.159763494 -0.367444381 0 0.157382671 -0.36899193 0 0.170090341 -0.386570385 0.00488069795 0.159763494 -0.367444381 0 0.170090341 -0.386570385 0.00408708853 0.172074362 -0.385260911 0.00408708853 0.172074362 -0.385260911 0 0.170090341 -0.386570385 0 0.178145483 -0.398911003 0.00408708853 0.172074362 -0.385260911 0 0.178145483 -0.398911003 0.00349188146 0.180010466 -0.398077719 0.00349188146 0.180010466 -0.398077719 0 0.178145483 -0.398911003 0 0.178661313 -0.399664928 0.00349188146 0.180010466 -0.398077719 0 0.178661313 -0.399664928 0.00337284005 0.180446938 -0.398871324 0.00337284005 0.180446938 -0.398871324 0 0.178661313 -0.399664928 0 0.179415258 -0.400339495 0.00337284005 0.180446938 -0.398871324 0 0.179415258 -0.400339495 0.00301571581 0.181002467 -0.39958557 0.00301571581 0.181002467 -0.39958557 0 0.179415258 -0.400339495 0 0.180526297 -0.400815666 0.00301571581 0.181002467 -0.39958557 0 0.180526297 -0.400815666 0.00230146733 0.181756393 -0.400260137 0.00230146733 0.181756393 -0.400260137 0 0.180526297 -0.400815666 0 0.183343621 -0.400537911 0 0.138494762 0.0596365262 -0.00809481611 0.134685436 0.0554700683 0 0.130122186 0.0543986992 0 0.130122186 0.0543986992 -0.00809481611 0.134685436 0.0554700683 -0.0105946858 0.13401087 0.0520178758 0 0.130122186 0.0543986992 -0.0105946858 0.13401087 0.0520178758 0 0.128019117 0.0506290532 0 0.128019117 0.0506290532 -0.0105946858 0.13401087 0.0520178758 -0.0118644609 0.13401087 0.0487640699 0 0.128019117 0.0506290532 -0.0118644609 0.13401087 0.0487640699 0 0.12738423 0.047176851 0 0.12738423 0.047176851 -0.0118644609 0.13401087 0.0487640699 -0.0122612656 0.134526719 0.0456293115 0 0.12738423 0.047176851 -0.0122612656 0.134526719 0.0456293115 0 0.127661994 0.0440024133 0 0.127661994 0.0440024133 -0.0122612656 0.134526719 0.0456293115 -0.0120231828 0.141153359 0.0234082476 0 0.127661994 0.0440024133 -0.0120231828 0.141153359 0.0234082476 0 0.134566399 0.0213051887 0 0.134566399 0.0213051887 -0.0120231828 0.141153359 0.0234082476 -0.0117454195 0.151152833 -0.00707626919 0 0.134566399 0.0213051887 -0.0117454195 0.151152833 -0.00707626919 0 0.144645241 -0.00909997443 0 0.144645241 -0.00909997443 -0.0117454195 0.151152833 -0.00707626919 -0.0114279757 0.161906242 -0.0425506104 0 0.144645241 -0.00909997443 -0.0114279757 0.161906242 -0.0425506104 0 0.155557367 -0.0442965511 0 0.155557367 -0.0442965511 -0.0114279757 0.161906242 -0.0425506104 -0.011031171 0.170923625 -0.0794534498 0 0.155557367 -0.0442965511 -0.011031171 0.170923625 -0.0794534498 0 0.164654108 -0.0806438639 0 0.164654108 -0.0806438639 -0.011031171 0.170923625 -0.0794534498 -0.0106343663 0.175605933 -0.113975461 0 0.164654108 -0.0806438639 -0.0106343663 0.175605933 -0.113975461 0 0.169455454 -0.114253223 0 0.169455454 -0.114253223 -0.0106343663 0.175605933 -0.113975461 -0.0102375616 0.173423496 -0.144291341 0 0.169455454 -0.114253223 -0.0102375616 0.173423496 -0.144291341 0 0.16763015 -0.143061245 0 0.16763015 -0.143061245 -0.0102375616 0.173423496 -0.144291341 -0.00980107637 0.164098579 -0.17541075 0 0.16763015 -0.143061245 -0.00980107637 0.164098579 -0.17541075 0 0.158811163 -0.17338705 0 0.158811163 -0.17338705 -0.00980107637 0.164098579 -0.17541075 -0.00936459119 0.150994116 -0.206877362 0 0.158811163 -0.17338705 -0.00936459119 0.150994116 -0.206877362 0 0.146073733 -0.204655256 0 0.146073733 -0.204655256 -0.00936459119 0.150994116 -0.206877362 -0.00884874506 0.137939242 -0.237748767 0 0.146073733 -0.204655256 -0.00884874506 0.137939242 -0.237748767 0 0.133217265 -0.235883783 0 0.133217265 -0.235883783 -0.00884874506 0.137939242 -0.237748767 -0.00829321847 0.128733373 -0.267360325 0 0.133217265 -0.235883783 -0.00829321847 0.128733373 -0.267360325 0 0.124051075 -0.266328626 0 0.124051075 -0.266328626 -0.00829321847 0.128733373 -0.267360325 -0.00765833093 0.127423909 -0.29513666 0 0.124051075 -0.266328626 -0.00765833093 0.127423909 -0.29513666 0 0.123019385 -0.295612811 0 0.123019385 -0.295612811 -0.00765833093 0.127423909 -0.29513666 -0.00678536057 0.134328313 -0.321415044 0 0.123019385 -0.295612811 -0.00678536057 0.134328313 -0.321415044 0 0.130677715 -0.322764178 0 0.130677715 -0.322764178 -0.00678536057 0.134328313 -0.321415044 -0.00583302926 0.14619278 -0.345818525 0 0.130677715 -0.322764178 -0.00583302926 0.14619278 -0.345818525 0 0.143216739 -0.347405754 0 0.143216739 -0.347405754 -0.00583302926 0.14619278 -0.345818525 -0.00488069795 0.159763494 -0.367444381 0 0.143216739 -0.347405754 -0.00488069795 0.159763494 -0.367444381 0 0.157382671 -0.36899193 0 0.157382671 -0.36899193 -0.00488069795 0.159763494 -0.367444381 -0.00408708853 0.172074362 -0.385260911 0 0.157382671 -0.36899193 -0.00408708853 0.172074362 -0.385260911 0 0.170090341 -0.386570385 0 0.170090341 -0.386570385 -0.00408708853 0.172074362 -0.385260911 -0.00349188146 0.180010466 -0.398077719 0 0.170090341 -0.386570385 -0.00349188146 0.180010466 -0.398077719 0 0.178145483 -0.398911003 0 0.178145483 -0.398911003 -0.00349188146 0.180010466 -0.398077719 -0.00337284005 0.180446938 -0.398871324 0 0.178145483 -0.398911003 -0.00337284005 0.180446938 -0.398871324 0 0.178661313 -0.399664928 0 0.178661313 -0.399664928 -0.00337284005 0.180446938 -0.398871324 -0.00301571581 0.181002467 -0.39958557 0 0.178661313 -0.399664928 -0.00301571581 0.181002467 -0.39958557 0 0.179415258 -0.400339495 0 0.179415258 -0.400339495 -0.00301571581 0.181002467 -0.39958557 -0.00230146733 0.181756393 -0.400260137 0 0.179415258 -0.400339495 -0.00230146733 0.181756393 -0.400260137 0 0.180526297 -0.400815666 0 0.180526297 -0.400815666 -0.00230146733 0.181756393 -0.400260137 0 0.183343621 -0.400537911 0 0.138494762 0.0596365262 -0.00809481611 0.143772268 0.0576128162 -0.00809481611 0.134685436 0.0554700683 -0.00809481611 0.134685436 0.0554700683 -0.00809481611 0.143772268 0.0576128162 -0.0105946858 0.145915016 0.0548748697 -0.00809481611 0.134685436 0.0554700683 -0.0105946858 0.145915016 0.0548748697 -0.0105946858 0.13401087 0.0520178758 -0.0105946858 0.13401087 0.0520178758 -0.0105946858 0.145915016 0.0548748697 -0.0118644609 0.147343508 0.0519385076 -0.0105946858 0.13401087 0.0520178758 -0.0118644609 0.147343508 0.0519385076 -0.0118644609 0.13401087 0.0487640699 -0.0118644609 0.13401087 0.0487640699 -0.0118644609 0.147343508 0.0519385076 -0.0122612656 0.148295839 0.0488831174 -0.0118644609 0.13401087 0.0487640699 -0.0122612656 0.148295839 0.0488831174 -0.0122612656 0.134526719 0.0456293115 -0.0122612656 0.134526719 0.0456293115 -0.0122612656 0.148295839 0.0488831174 -0.0120231828 0.154406629 0.0276540641 -0.0122612656 0.134526719 0.0456293115 -0.0120231828 0.154406629 0.0276540641 -0.0120231828 0.141153359 0.0234082476 -0.0120231828 0.141153359 0.0234082476 -0.0120231828 0.154406629 0.0276540641 -0.0117454195 0.164098579 -0.00298917946 -0.0120231828 0.141153359 0.0234082476 -0.0117454195 0.164098579 -0.00298917946 -0.0117454195 0.151152833 -0.00707626919 -0.0117454195 0.151152833 -0.00707626919 -0.0117454195 0.164098579 -0.00298917946 -0.0114279757 0.174613913 -0.0390587289 -0.0117454195 0.151152833 -0.00707626919 -0.0114279757 0.174613913 -0.0390587289 -0.0114279757 0.161906242 -0.0425506104 -0.0114279757 0.161906242 -0.0425506104 -0.0114279757 0.174613913 -0.0390587289 -0.011031171 0.18342298 -0.077032941 -0.0114279757 0.161906242 -0.0425506104 -0.011031171 0.18342298 -0.077032941 -0.011031171 0.170923625 -0.0794534498 -0.011031171 0.170923625 -0.0794534498 -0.011031171 0.18342298 -0.077032941 -0.0106343663 0.187867192 -0.113419934 -0.011031171 0.170923625 -0.0794534498 -0.0106343663 0.187867192 -0.113419934 -0.0106343663 0.175605933 -0.113975461 -0.0106343663 0.175605933 -0.113975461 -0.0106343663 0.187867192 -0.113419934 -0.0102375616 0.18497051 -0.146711848 -0.0106343663 0.175605933 -0.113975461 -0.0102375616 0.18497051 -0.146711848 -0.0102375616 0.173423496 -0.144291341 -0.0102375616 0.173423496 -0.144291341 -0.0102375616 0.18497051 -0.146711848 -0.00980107637 0.174653592 -0.17945816 -0.0102375616 0.173423496 -0.144291341 -0.00980107637 0.174653592 -0.17945816 -0.00980107637 0.164098579 -0.17541075 -0.00980107637 0.164098579 -0.17541075 -0.00980107637 0.174653592 -0.17945816 -0.00936459119 0.160874552 -0.211281896 -0.00980107637 0.164098579 -0.17541075 -0.00936459119 0.160874552 -0.211281896 -0.00936459119 0.150994116 -0.206877362 -0.00936459119 0.150994116 -0.206877362 -0.00936459119 0.160874552 -0.211281896 -0.00884874506 0.147422866 -0.241568012 -0.00936459119 0.150994116 -0.206877362 -0.00884874506 0.147422866 -0.241568012 -0.00884874506 0.137939242 -0.237748767 -0.00884874506 0.137939242 -0.237748767 -0.00884874506 0.147422866 -0.241568012 -0.00829321847 0.138097959 -0.269423705 -0.00884874506 0.137939242 -0.237748767 -0.00829321847 0.138097959 -0.269423705 -0.00829321847 0.128733373 -0.267360325 -0.00829321847 0.128733373 -0.267360325 -0.00829321847 0.138097959 -0.269423705 -0.00765833093 0.136193297 -0.294144639 -0.00829321847 0.128733373 -0.267360325 -0.00765833093 0.136193297 -0.294144639 -0.00765833093 0.127423909 -0.29513666 -0.00765833093 0.127423909 -0.29513666 -0.00765833093 0.136193297 -0.294144639 -0.00678536057 0.141708879 -0.318667178 -0.00765833093 0.127423909 -0.29513666 -0.00678536057 0.141708879 -0.318667178 -0.00678536057 0.134328313 -0.321415044 -0.00678536057 0.134328313 -0.321415044 -0.00678536057 0.141708879 -0.318667178 -0.00583302926 0.152105164 -0.342604409 -0.00678536057 0.134328313 -0.321415044 -0.00583302926 0.152105164 -0.342604409 -0.00583302926 0.14619278 -0.345818525 -0.00583302926 0.14619278 -0.345818525 -0.00583302926 0.152105164 -0.342604409 -0.00488069795 0.164535071 -0.364389 -0.00583302926 0.14619278 -0.345818525 -0.00488069795 0.164535071 -0.364389 -0.00488069795 0.159763494 -0.367444381 -0.00488069795 0.159763494 -0.367444381 -0.00488069795 0.164535071 -0.364389 -0.00408708853 0.176002726 -0.382721361 -0.00488069795 0.159763494 -0.367444381 -0.00408708853 0.176002726 -0.382721361 -0.00408708853 0.172074362 -0.385260911 -0.00408708853 0.172074362 -0.385260911 -0.00408708853 0.176002726 -0.382721361 -0.00349188146 0.183661055 -0.396371453 -0.00408708853 0.172074362 -0.385260911 -0.00349188146 0.183661055 -0.396371453 -0.00349188146 0.180010466 -0.398077719 -0.00349188146 0.180010466 -0.398077719 -0.00349188146 0.183661055 -0.396371453 -0.00337284005 0.183978509 -0.397244416 -0.00349188146 0.180010466 -0.398077719 -0.00337284005 0.183978509 -0.397244416 -0.00337284005 0.180446938 -0.398871324 -0.00337284005 0.180446938 -0.398871324 -0.00337284005 0.183978509 -0.397244416 -0.00301571581 0.184176905 -0.398157078 -0.00337284005 0.180446938 -0.398871324 -0.00301571581 0.184176905 -0.398157078 -0.00301571581 0.181002467 -0.39958557 -0.00301571581 0.181002467 -0.39958557 -0.00301571581 0.184176905 -0.398157078 -0.00230146733 0.184176905 -0.399149079 -0.00301571581 0.181002467 -0.39958557 -0.00230146733 0.184176905 -0.399149079 -0.00230146733 0.181756393 -0.400260137 -0.00230146733 0.181756393 -0.400260137 -0.00230146733 0.184176905 -0.399149079 0 0.183343621 -0.400537911 0 0.138494762 0.0596365262 0 0.148335519 0.0586841949 -0.00809481611 0.143772268 0.0576128162 -0.00809481611 0.143772268 0.0576128162 0 0.148335519 0.0586841949 0 0.151867079 0.0562636826 -0.00809481611 0.143772268 0.0576128162 0 0.151867079 0.0562636826 -0.0105946858 0.145915016 0.0548748697 -0.0105946858 0.145915016 0.0548748697 0 0.151867079 0.0562636826 0 0.154009827 0.0534860472 -0.0105946858 0.145915016 0.0548748697 0 0.154009827 0.0534860472 -0.0118644609 0.147343508 0.0519385076 -0.0118644609 0.147343508 0.0519385076 0 0.154009827 0.0534860472 0 0.155200244 0.0505100155 -0.0118644609 0.147343508 0.0519385076 0 0.155200244 0.0505100155 -0.0122612656 0.148295839 0.0488831174 -0.0122612656 0.148295839 0.0488831174 0 0.155200244 0.0505100155 0 0.161033269 0.029757123 -0.0122612656 0.148295839 0.0488831174 0 0.161033269 0.029757123 -0.0120231828 0.154406629 0.0276540641 -0.0120231828 0.154406629 0.0276540641 0 0.161033269 0.029757123 0 0.170566512 -0.000925794957 -0.0120231828 0.154406629 0.0276540641 0 0.170566512 -0.000925794957 -0.0117454195 0.164098579 -0.00298917946 -0.0117454195 0.164098579 -0.00298917946 0 0.170566512 -0.000925794957 0 0.181002467 -0.0373127882 -0.0117454195 0.164098579 -0.00298917946 0 0.181002467 -0.0373127882 -0.0114279757 0.174613913 -0.0390587289 -0.0114279757 0.174613913 -0.0390587289 0 0.181002467 -0.0373127882 0 0.189692497 -0.0758028464 -0.0114279757 0.174613913 -0.0390587289 0 0.189692497 -0.0758028464 -0.011031171 0.18342298 -0.077032941 -0.011031171 0.18342298 -0.077032941 0 0.189692497 -0.0758028464 0 0.194017672 -0.11314217 -0.011031171 0.18342298 -0.077032941 0 0.194017672 -0.11314217 -0.0106343663 0.187867192 -0.113419934 -0.0106343663 0.187867192 -0.113419934 0 0.194017672 -0.11314217 0 0.190724177 -0.147941944 -0.0106343663 0.187867192 -0.113419934 0 0.190724177 -0.147941944 -0.0102375616 0.18497051 -0.146711848 -0.0102375616 0.18497051 -0.146711848 0 0.190724177 -0.147941944 0 0.179931089 -0.181481861 -0.0102375616 0.18497051 -0.146711848 0 0.179931089 -0.181481861 -0.00980107637 0.174653592 -0.17945816 -0.00980107637 0.174653592 -0.17945816 0 0.179931089 -0.181481861 0 0.165804846 -0.213464323 -0.00980107637 0.174653592 -0.17945816 0 0.165804846 -0.213464323 -0.00936459119 0.160874552 -0.211281896 -0.00936459119 0.160874552 -0.211281896 0 0.165804846 -0.213464323 0 0.152184523 -0.243472674 -0.00936459119 0.160874552 -0.211281896 0 0.152184523 -0.243472674 -0.00884874506 0.147422866 -0.241568012 -0.00884874506 0.147422866 -0.241568012 0 0.152184523 -0.243472674 0 0.142780257 -0.270415725 -0.00884874506 0.147422866 -0.241568012 0 0.142780257 -0.270415725 -0.00829321847 0.138097959 -0.269423705 -0.00829321847 0.138097959 -0.269423705 0 0.142780257 -0.270415725 0 0.140558151 -0.293668469 -0.00829321847 0.138097959 -0.269423705 0 0.140558151 -0.293668469 -0.00765833093 0.136193297 -0.294144639 -0.00765833093 0.136193297 -0.294144639 0 0.140558151 -0.293668469 0 0.145399166 -0.317318025 -0.00765833093 0.136193297 -0.294144639 0 0.145399166 -0.317318025 -0.00678536057 0.141708879 -0.318667178 -0.00678536057 0.141708879 -0.318667178 0 0.145399166 -0.317318025 0 0.155081206 -0.34097752 -0.00678536057 0.141708879 -0.318667178 0 0.155081206 -0.34097752 -0.00583302926 0.152105164 -0.342604409 -0.00583302926 0.152105164 -0.342604409 0 0.155081206 -0.34097752 0 0.166915904 -0.362841451 -0.00583302926 0.152105164 -0.342604409 0 0.166915904 -0.362841451 -0.00488069795 0.164535071 -0.364389 -0.00488069795 0.164535071 -0.364389 0 0.166915904 -0.362841451 0 0.177986747 -0.381411907 -0.00488069795 0.164535071 -0.364389 0 0.177986747 -0.381411907 -0.00408708853 0.176002726 -0.382721361 -0.00408708853 0.176002726 -0.382721361 0 0.177986747 -0.381411907 0 0.185526039 -0.395538169 -0.00408708853 0.176002726 -0.382721361 0 0.185526039 -0.395538169 -0.00349188146 0.183661055 -0.396371453 -0.00349188146 0.183661055 -0.396371453 0 0.185526039 -0.395538169 0 0.185764134 -0.396411132 -0.00349188146 0.183661055 -0.396371453 0 0.185764134 -0.396411132 -0.00337284005 0.183978509 -0.397244416 -0.00337284005 0.183978509 -0.397244416 0 0.185764134 -0.396411132 0 0.185764134 -0.397403152 -0.00337284005 0.183978509 -0.397244416 0 0.185764134 -0.397403152 -0.00301571581 0.184176905 -0.398157078 -0.00301571581 0.184176905 -0.398157078 0 0.185764134 -0.397403152 0 0.185407001 -0.39859355 -0.00301571581 0.184176905 -0.398157078 0 0.185407001 -0.39859355 -0.00230146733 0.184176905 -0.399149079 -0.00230146733 0.184176905 -0.399149079 0 0.185407001 -0.39859355 0 0.183343621 -0.400537911 0.141431124 0 0.0599936493 0.149525935 0.00468229559 0.0567795323 0.141431124 0.00936459119 0.0567795323 0.141431124 0.00936459119 0.0567795323 0.149525935 0.00468229559 0.0567795323 0.152025806 0.00611079256 0.0536050946 0.141431124 0.00936459119 0.0567795323 0.152025806 0.00611079256 0.0536050946 0.141431124 0.0122612656 0.0536050946 0.141431124 0.0122612656 0.0536050946 0.152025806 0.00611079256 0.0536050946 0.153295581 0.00686472151 0.0504306569 0.141431124 0.0122612656 0.0536050946 0.153295581 0.00686472151 0.0504306569 0.141431124 0.0136897625 0.0504306569 0.141431124 0.0136897625 0.0504306569 0.153295581 0.00686472151 0.0504306569 0.153652704 0.00706312386 0.0472562192 0.141431124 0.0136897625 0.0504306569 0.153652704 0.00706312386 0.0472562192 0.141431124 0.0141262477 0.0472562192 0.141431124 0.0141262477 0.0472562192 0.153652704 0.00706312386 0.0472562192 0.152740052 0.00694408245 0.0249557872 0.141431124 0.0141262477 0.0472562192 0.152740052 0.00694408245 0.0249557872 0.140716868 0.0138881649 0.0255509955 0.140716868 0.0138881649 0.0255509955 0.152740052 0.00694408245 0.0249557872 0.150954437 0.00678536057 -0.00556841371 0.140716868 0.0138881649 0.0255509955 0.150954437 0.00678536057 -0.00556841371 0.139209017 0.0135707211 -0.0050128847 0.139209017 0.0135707211 -0.0050128847 0.150954437 0.00678536057 -0.00556841371 0.149327529 0.00658695821 -0.0410427525 0.139209017 0.0135707211 -0.0050128847 0.149327529 0.00658695821 -0.0410427525 0.137939242 0.0131739164 -0.0408046697 0.137939242 0.0131739164 -0.0408046697 0.149327529 0.00658695821 -0.0410427525 0.148891048 0.00638855585 -0.0779455919 0.137939242 0.0131739164 -0.0408046697 0.148891048 0.00638855585 -0.0779455919 0.137859874 0.0127374312 -0.0782233552 0.137859874 0.0127374312 -0.0782233552 0.148891048 0.00638855585 -0.0779455919 0.150597304 0.00615047303 -0.112546964 0.137859874 0.0127374312 -0.0782233552 0.150597304 0.00615047303 -0.112546964 0.140042301 0.0122612656 -0.113697696 0.140042301 0.0122612656 -0.113697696 0.150597304 0.00615047303 -0.112546964 0.155319281 0.0059123902 -0.14333901 0.140042301 0.0122612656 -0.113697696 0.155319281 0.0059123902 -0.14333901 0.145319808 0.0117850999 -0.145481753 0.145319808 0.0117850999 -0.145481753 0.155319281 0.0059123902 -0.14333901 0.162908182 0.00567430737 -0.174696504 0.145319808 0.0117850999 -0.145481753 0.162908182 0.00567430737 -0.174696504 0.153493987 0.0113089343 -0.17743445 0.153493987 0.0113089343 -0.17743445 0.162908182 0.00567430737 -0.174696504 0.172391816 0.00539654408 -0.206044069 0.153493987 0.0113089343 -0.17743445 0.172391816 0.00539654408 -0.206044069 0.16354307 0.0107930882 -0.20905979 0.16354307 0.0107930882 -0.20905979 0.172391816 0.00539654408 -0.206044069 0.182748413 0.00511878078 -0.236598039 0.16354307 0.0107930882 -0.20905979 0.182748413 0.00511878078 -0.236598039 0.174455196 0.0102375616 -0.239663349 0.174455196 0.0102375616 -0.239663349 0.182748413 0.00511878078 -0.236598039 0.193025651 0.00480133701 -0.265455662 0.174455196 0.0102375616 -0.239663349 0.193025651 0.00480133701 -0.265455662 0.185287963 0.00956299354 -0.268392005 0.185287963 0.00956299354 -0.268392005 0.193025651 0.00480133701 -0.265455662 0.202310889 0.0044045323 -0.291843165 0.185287963 0.00956299354 -0.268392005 0.202310889 0.0044045323 -0.291843165 0.195168389 0.00880906459 -0.29462081 0.195168389 0.00880906459 -0.29462081 0.202310889 0.0044045323 -0.291843165 0.211992919 0.00392836664 -0.317318025 0.195168389 0.00880906459 -0.29462081 0.211992919 0.00392836664 -0.317318025 0.205763081 0.00785673329 -0.320065911 0.205763081 0.00785673329 -0.320065911 0.211992919 0.00392836664 -0.317318025 0.222032082 0.00337284005 -0.341691766 0.205763081 0.00785673329 -0.320065911 0.222032082 0.00337284005 -0.341691766 0.216754566 0.00674568009 -0.344191637 0.216754566 0.00674568009 -0.344191637 0.222032082 0.00337284005 -0.341691766 0.231595074 0.00281731345 -0.363754113 0.216754566 0.00674568009 -0.344191637 0.231595074 0.00281731345 -0.363754113 0.227190541 0.0056346269 -0.365896851 0.227190541 0.0056346269 -0.365896851 0.231595074 0.00281731345 -0.363754113 0.239769254 0.0023411478 -0.382205531 0.227190541 0.0056346269 -0.365896851 0.239769254 0.0023411478 -0.382205531 0.236078966 0.00472197607 -0.383991136 0.236078966 0.00472197607 -0.383991136 0.239769254 0.0023411478 -0.382205531 0.245651878 0.00202370403 -0.395776245 0.236078966 0.00472197607 -0.383991136 0.245651878 0.00202370403 -0.395776245 0.242427841 0.00404740806 -0.397204737 0.242427841 0.00404740806 -0.397204737 0.245651878 0.00202370403 -0.395776245 0.245929633 0.00194434309 -0.396649208 0.242427841 0.00404740806 -0.397204737 0.245929633 0.00194434309 -0.396649208 0.242824634 0.00392836664 -0.39803804 0.242824634 0.00392836664 -0.39803804 0.245929633 0.00194434309 -0.396649208 0.245969312 0.00174594073 -0.397641228 0.242824634 0.00392836664 -0.39803804 0.245969312 0.00174594073 -0.397641228 0.243181767 0.00349188146 -0.398871324 0.243181767 0.00349188146 -0.398871324 0.245969312 0.00174594073 -0.397641228 0.245691557 0.00134913602 -0.398752286 0.243181767 0.00349188146 -0.398871324 0.245691557 0.00134913602 -0.398752286 0.243578579 0.00265859157 -0.399704608 0.243578579 0.00265859157 -0.399704608 0.245691557 0.00134913602 -0.398752286 0.243945612 0 -0.400537911 0.141431124 0 0.0599936493 0.149525935 -0.00468229559 0.0567795323 0.149525935 0.00468229559 0.0567795323 0.149525935 0.00468229559 0.0567795323 0.149525935 -0.00468229559 0.0567795323 0.152025806 -0.00611079256 0.0536050946 0.149525935 0.00468229559 0.0567795323 0.152025806 -0.00611079256 0.0536050946 0.152025806 0.00611079256 0.0536050946 0.152025806 0.00611079256 0.0536050946 0.152025806 -0.00611079256 0.0536050946 0.153295581 -0.00686472151 0.0504306569 0.152025806 0.00611079256 0.0536050946 0.153295581 -0.00686472151 0.0504306569 0.153295581 0.00686472151 0.0504306569 0.153295581 0.00686472151 0.0504306569 0.153295581 -0.00686472151 0.0504306569 0.153652704 -0.00706312386 0.0472562192 0.153295581 0.00686472151 0.0504306569 0.153652704 -0.00706312386 0.0472562192 0.153652704 0.00706312386 0.0472562192 0.153652704 0.00706312386 0.0472562192 0.153652704 -0.00706312386 0.0472562192 0.152740052 -0.00694408245 0.0249557872 0.153652704 0.00706312386 0.0472562192 0.152740052 -0.00694408245 0.0249557872 0.152740052 0.00694408245 0.0249557872 0.152740052 0.00694408245 0.0249557872 0.152740052 -0.00694408245 0.0249557872 0.150954437 -0.00678536057 -0.00556841371 0.152740052 0.00694408245 0.0249557872 0.150954437 -0.00678536057 -0.00556841371 0.150954437 0.00678536057 -0.00556841371 0.150954437 0.00678536057 -0.00556841371 0.150954437 -0.00678536057 -0.00556841371 0.149327529 -0.00658695821 -0.0410427525 0.150954437 0.00678536057 -0.00556841371 0.149327529 -0.00658695821 -0.0410427525 0.149327529 0.00658695821 -0.0410427525 0.149327529 0.00658695821 -0.0410427525 0.149327529 -0.00658695821 -0.0410427525 0.148891048 -0.00638855585 -0.0779455919 0.149327529 0.00658695821 -0.0410427525 0.148891048 -0.00638855585 -0.0779455919 0.148891048 0.00638855585 -0.0779455919 0.148891048 0.00638855585 -0.0779455919 0.148891048 -0.00638855585 -0.0779455919 0.150597304 -0.00615047303 -0.112546964 0.148891048 0.00638855585 -0.0779455919 0.150597304 -0.00615047303 -0.112546964 0.150597304 0.00615047303 -0.112546964 0.150597304 0.00615047303 -0.112546964 0.150597304 -0.00615047303 -0.112546964 0.155319281 -0.0059123902 -0.14333901 0.150597304 0.00615047303 -0.112546964 0.155319281 -0.0059123902 -0.14333901 0.155319281 0.0059123902 -0.14333901 0.155319281 0.0059123902 -0.14333901 0.155319281 -0.0059123902 -0.14333901 0.162908182 -0.00567430737 -0.174696504 0.155319281 0.0059123902 -0.14333901 0.162908182 -0.00567430737 -0.174696504 0.162908182 0.00567430737 -0.174696504 0.162908182 0.00567430737 -0.174696504 0.162908182 -0.00567430737 -0.174696504 0.172391816 -0.00539654408 -0.206044069 0.162908182 0.00567430737 -0.174696504 0.172391816 -0.00539654408 -0.206044069 0.172391816 0.00539654408 -0.206044069 0.172391816 0.00539654408 -0.206044069 0.172391816 -0.00539654408 -0.206044069 0.182748413 -0.00511878078 -0.236598039 0.172391816 0.00539654408 -0.206044069 0.182748413 -0.00511878078 -0.236598039 0.182748413 0.00511878078 -0.236598039 0.182748413 0.00511878078 -0.236598039 0.182748413 -0.00511878078 -0.236598039 0.193025651 -0.00480133701 -0.265455662 0.182748413 0.00511878078 -0.236598039 0.193025651 -0.00480133701 -0.265455662 0.193025651 0.00480133701 -0.265455662 0.193025651 0.00480133701 -0.265455662 0.193025651 -0.00480133701 -0.265455662 0.202310889 -0.0044045323 -0.291843165 0.193025651 0.00480133701 -0.265455662 0.202310889 -0.0044045323 -0.291843165 0.202310889 0.0044045323 -0.291843165 0.202310889 0.0044045323 -0.291843165 0.202310889 -0.0044045323 -0.291843165 0.211992919 -0.00392836664 -0.317318025 0.202310889 0.0044045323 -0.291843165 0.211992919 -0.00392836664 -0.317318025 0.211992919 0.00392836664 -0.317318025 0.211992919 0.00392836664 -0.317318025 0.211992919 -0.00392836664 -0.317318025 0.222032082 -0.00337284005 -0.341691766 0.211992919 0.00392836664 -0.317318025 0.222032082 -0.00337284005 -0.341691766 0.222032082 0.00337284005 -0.341691766 0.222032082 0.00337284005 -0.341691766 0.222032082 -0.00337284005 -0.341691766 0.231595074 -0.00281731345 -0.363754113 0.222032082 0.00337284005 -0.341691766 0.231595074 -0.00281731345 -0.363754113 0.231595074 0.00281731345 -0.363754113 0.231595074 0.00281731345 -0.363754113 0.231595074 -0.00281731345 -0.363754113 0.239769254 -0.0023411478 -0.382205531 0.231595074 0.00281731345 -0.363754113 0.239769254 -0.0023411478 -0.382205531 0.239769254 0.0023411478 -0.382205531 0.239769254 0.0023411478 -0.382205531 0.239769254 -0.0023411478 -0.382205531 0.245651878 -0.00202370403 -0.395776245 0.239769254 0.0023411478 -0.382205531 0.245651878 -0.00202370403 -0.395776245 0.245651878 0.00202370403 -0.395776245 0.245651878 0.00202370403 -0.395776245 0.245651878 -0.00202370403 -0.395776245 0.245929633 -0.00194434309 -0.396649208 0.245651878 0.00202370403 -0.395776245 0.245929633 -0.00194434309 -0.396649208 0.245929633 0.00194434309 -0.396649208 0.245929633 0.00194434309 -0.396649208 0.245929633 -0.00194434309 -0.396649208 0.245969312 -0.00174594073 -0.397641228 0.245929633 0.00194434309 -0.396649208 0.245969312 -0.00174594073 -0.397641228 0.245969312 0.00174594073 -0.397641228 0.245969312 0.00174594073 -0.397641228 0.245969312 -0.00174594073 -0.397641228 0.245691557 -0.00134913602 -0.398752286 0.245969312 0.00174594073 -0.397641228 0.245691557 -0.00134913602 -0.398752286 0.245691557 0.00134913602 -0.398752286 0.245691557 0.00134913602 -0.398752286 0.245691557 -0.00134913602 -0.398752286 0.243945612 0 -0.400537911 0.141431124 0 0.0599936493 0.141431124 -0.00936459119 0.0567795323 0.149525935 -0.00468229559 0.0567795323 0.149525935 -0.00468229559 0.0567795323 0.141431124 -0.00936459119 0.0567795323 0.141431124 -0.0122612656 0.0536050946 0.149525935 -0.00468229559 0.0567795323 0.141431124 -0.0122612656 0.0536050946 0.152025806 -0.00611079256 0.0536050946 0.152025806 -0.00611079256 0.0536050946 0.141431124 -0.0122612656 0.0536050946 0.141431124 -0.0136897625 0.0504306569 0.152025806 -0.00611079256 0.0536050946 0.141431124 -0.0136897625 0.0504306569 0.153295581 -0.00686472151 0.0504306569 0.153295581 -0.00686472151 0.0504306569 0.141431124 -0.0136897625 0.0504306569 0.141431124 -0.0141262477 0.0472562192 0.153295581 -0.00686472151 0.0504306569 0.141431124 -0.0141262477 0.0472562192 0.153652704 -0.00706312386 0.0472562192 0.153652704 -0.00706312386 0.0472562192 0.141431124 -0.0141262477 0.0472562192 0.140716868 -0.0138881649 0.0255509955 0.153652704 -0.00706312386 0.0472562192 0.140716868 -0.0138881649 0.0255509955 0.152740052 -0.00694408245 0.0249557872 0.152740052 -0.00694408245 0.0249557872 0.140716868 -0.0138881649 0.0255509955 0.139209017 -0.0135707211 -0.0050128847 0.152740052 -0.00694408245 0.0249557872 0.139209017 -0.0135707211 -0.0050128847 0.150954437 -0.00678536057 -0.00556841371 0.150954437 -0.00678536057 -0.00556841371 0.139209017 -0.0135707211 -0.0050128847 0.137939242 -0.0131739164 -0.0408046697 0.150954437 -0.00678536057 -0.00556841371 0.137939242 -0.0131739164 -0.0408046697 0.149327529 -0.00658695821 -0.0410427525 0.149327529 -0.00658695821 -0.0410427525 0.137939242 -0.0131739164 -0.0408046697 0.137859874 -0.0127374312 -0.0782233552 0.149327529 -0.00658695821 -0.0410427525 0.137859874 -0.0127374312 -0.0782233552 0.148891048 -0.00638855585 -0.0779455919 0.148891048 -0.00638855585 -0.0779455919 0.137859874 -0.0127374312 -0.0782233552 0.140042301 -0.0122612656 -0.113697696 0.148891048 -0.00638855585 -0.0779455919 0.140042301 -0.0122612656 -0.113697696 0.150597304 -0.00615047303 -0.112546964 0.150597304 -0.00615047303 -0.112546964 0.140042301 -0.0122612656 -0.113697696 0.145319808 -0.0117850999 -0.145481753 0.150597304 -0.00615047303 -0.112546964 0.145319808 -0.0117850999 -0.145481753 0.155319281 -0.0059123902 -0.14333901 0.155319281 -0.0059123902 -0.14333901 0.145319808 -0.0117850999 -0.145481753 0.153493987 -0.0113089343 -0.17743445 0.155319281 -0.0059123902 -0.14333901 0.153493987 -0.0113089343 -0.17743445 0.162908182 -0.00567430737 -0.174696504 0.162908182 -0.00567430737 -0.174696504 0.153493987 -0.0113089343 -0.17743445 0.16354307 -0.0107930882 -0.20905979 0.162908182 -0.00567430737 -0.174696504 0.16354307 -0.0107930882 -0.20905979 0.172391816 -0.00539654408 -0.206044069 0.172391816 -0.00539654408 -0.206044069 0.16354307 -0.0107930882 -0.20905979 0.174455196 -0.0102375616 -0.239663349 0.172391816 -0.00539654408 -0.206044069 0.174455196 -0.0102375616 -0.239663349 0.182748413 -0.00511878078 -0.236598039 0.182748413 -0.00511878078 -0.236598039 0.174455196 -0.0102375616 -0.239663349 0.185287963 -0.00956299354 -0.268392005 0.182748413 -0.00511878078 -0.236598039 0.185287963 -0.00956299354 -0.268392005 0.193025651 -0.00480133701 -0.265455662 0.193025651 -0.00480133701 -0.265455662 0.185287963 -0.00956299354 -0.268392005 0.195168389 -0.00880906459 -0.29462081 0.193025651 -0.00480133701 -0.265455662 0.195168389 -0.00880906459 -0.29462081 0.202310889 -0.0044045323 -0.291843165 0.202310889 -0.0044045323 -0.291843165 0.195168389 -0.00880906459 -0.29462081 0.205763081 -0.00785673329 -0.320065911 0.202310889 -0.0044045323 -0.291843165 0.205763081 -0.00785673329 -0.320065911 0.211992919 -0.00392836664 -0.317318025 0.211992919 -0.00392836664 -0.317318025 0.205763081 -0.00785673329 -0.320065911 0.216754566 -0.00674568009 -0.344191637 0.211992919 -0.00392836664 -0.317318025 0.216754566 -0.00674568009 -0.344191637 0.222032082 -0.00337284005 -0.341691766 0.222032082 -0.00337284005 -0.341691766 0.216754566 -0.00674568009 -0.344191637 0.227190541 -0.0056346269 -0.365896851 0.222032082 -0.00337284005 -0.341691766 0.227190541 -0.0056346269 -0.365896851 0.231595074 -0.00281731345 -0.363754113 0.231595074 -0.00281731345 -0.363754113 0.227190541 -0.0056346269 -0.365896851 0.236078966 -0.00472197607 -0.383991136 0.231595074 -0.00281731345 -0.363754113 0.236078966 -0.00472197607 -0.383991136 0.239769254 -0.0023411478 -0.382205531 0.239769254 -0.0023411478 -0.382205531 0.236078966 -0.00472197607 -0.383991136 0.242427841 -0.00404740806 -0.397204737 0.239769254 -0.0023411478 -0.382205531 0.242427841 -0.00404740806 -0.397204737 0.245651878 -0.00202370403 -0.395776245 0.245651878 -0.00202370403 -0.395776245 0.242427841 -0.00404740806 -0.397204737 0.242824634 -0.00392836664 -0.39803804 0.245651878 -0.00202370403 -0.395776245 0.242824634 -0.00392836664 -0.39803804 0.245929633 -0.00194434309 -0.396649208 0.245929633 -0.00194434309 -0.396649208 0.242824634 -0.00392836664 -0.39803804 0.243181767 -0.00349188146 -0.398871324 0.245929633 -0.00194434309 -0.396649208 0.243181767 -0.00349188146 -0.398871324 0.245969312 -0.00174594073 -0.397641228 0.245969312 -0.00174594073 -0.397641228 0.243181767 -0.00349188146 -0.398871324 0.243578579 -0.00265859157 -0.399704608 0.245969312 -0.00174594073 -0.397641228 0.243578579 -0.00265859157 -0.399704608 0.245691557 -0.00134913602 -0.398752286 0.245691557 -0.00134913602 -0.398752286 0.243578579 -0.00265859157 -0.399704608 0.243945612 0 -0.400537911 0.141431124 0 0.0599936493 0.133336303 -0.00468229559 0.0568192116 0.141431124 -0.00936459119 0.0567795323 0.141431124 -0.00936459119 0.0567795323 0.133336303 -0.00468229559 0.0568192116 0.130836432 -0.00611079256 0.0536447739 0.141431124 -0.00936459119 0.0567795323 0.130836432 -0.00611079256 0.0536447739 0.141431124 -0.0122612656 0.0536050946 0.141431124 -0.0122612656 0.0536050946 0.130836432 -0.00611079256 0.0536447739 0.129566657 -0.00686472151 0.0504306569 0.141431124 -0.0122612656 0.0536050946 0.129566657 -0.00686472151 0.0504306569 0.141431124 -0.0136897625 0.0504306569 0.141431124 -0.0136897625 0.0504306569 0.129566657 -0.00686472151 0.0504306569 0.129169855 -0.00706312386 0.0472562192 0.141431124 -0.0136897625 0.0504306569 0.129169855 -0.00706312386 0.0472562192 0.141431124 -0.0141262477 0.0472562192 0.141431124 -0.0141262477 0.0472562192 0.129169855 -0.00706312386 0.0472562192 0.128693684 -0.00694408245 0.0261065245 0.141431124 -0.0141262477 0.0472562192 0.128693684 -0.00694408245 0.0261065245 0.140716868 -0.0138881649 0.0255509955 0.140716868 -0.0138881649 0.0255509955 0.128693684 -0.00694408245 0.0261065245 0.127463598 -0.00678536057 -0.00445736052 0.140716868 -0.0138881649 0.0255509955 0.127463598 -0.00678536057 -0.00445736052 0.139209017 -0.0135707211 -0.0050128847 0.139209017 -0.0135707211 -0.0050128847 0.127463598 -0.00678536057 -0.00445736052 0.126511267 -0.00658695821 -0.0405269076 0.139209017 -0.0135707211 -0.0050128847 0.126511267 -0.00658695821 -0.0405269076 0.137939242 -0.0131739164 -0.0408046697 0.137939242 -0.0131739164 -0.0408046697 0.126511267 -0.00658695821 -0.0405269076 0.12682871 -0.00638855585 -0.0785011185 0.137939242 -0.0131739164 -0.0408046697 0.12682871 -0.00638855585 -0.0785011185 0.137859874 -0.0127374312 -0.0782233552 0.137859874 -0.0127374312 -0.0782233552 0.12682871 -0.00638855585 -0.0785011185 0.129447619 -0.00615047303 -0.114848431 0.137859874 -0.0127374312 -0.0782233552 0.129447619 -0.00615047303 -0.114848431 0.140042301 -0.0122612656 -0.113697696 0.140042301 -0.0122612656 -0.113697696 0.129447619 -0.00615047303 -0.114848431 0.135320324 -0.0059123902 -0.14766418 0.140042301 -0.0122612656 -0.113697696 0.135320324 -0.0059123902 -0.14766418 0.145319808 -0.0117850999 -0.145481753 0.145319808 -0.0117850999 -0.145481753 0.135320324 -0.0059123902 -0.14766418 0.144050032 -0.00567430737 -0.180172407 0.145319808 -0.0117850999 -0.145481753 0.144050032 -0.00567430737 -0.180172407 0.153493987 -0.0113089343 -0.17743445 0.153493987 -0.0113089343 -0.17743445 0.144050032 -0.00567430737 -0.180172407 0.154684394 -0.00539654408 -0.212075501 0.153493987 -0.0113089343 -0.17743445 0.154684394 -0.00539654408 -0.212075501 0.16354307 -0.0107930882 -0.20905979 0.16354307 -0.0107930882 -0.20905979 0.154684394 -0.00539654408 -0.212075501 0.166161978 -0.00511878078 -0.242758428 0.16354307 -0.0107930882 -0.20905979 0.166161978 -0.00511878078 -0.242758428 0.174455196 -0.0102375616 -0.239663349 0.174455196 -0.0102375616 -0.239663349 0.166161978 -0.00511878078 -0.242758428 0.177510596 -0.00480133701 -0.271328367 0.174455196 -0.0102375616 -0.239663349 0.177510596 -0.00480133701 -0.271328367 0.185287963 -0.00956299354 -0.268392005 0.185287963 -0.00956299354 -0.268392005 0.177510596 -0.00480133701 -0.271328367 0.188065589 -0.0044045323 -0.297438115 0.185287963 -0.00956299354 -0.268392005 0.188065589 -0.0044045323 -0.297438115 0.195168389 -0.00880906459 -0.29462081 0.195168389 -0.00880906459 -0.29462081 0.188065589 -0.0044045323 -0.297438115 0.199533244 -0.00392836664 -0.322764178 0.195168389 -0.00880906459 -0.29462081 0.199533244 -0.00392836664 -0.322764178 0.205763081 -0.00785673329 -0.320065911 0.205763081 -0.00785673329 -0.320065911 0.199533244 -0.00392836664 -0.322764178 0.211477069 -0.00337284005 -0.346691508 0.205763081 -0.00785673329 -0.320065911 0.211477069 -0.00337284005 -0.346691508 0.216754566 -0.00674568009 -0.344191637 0.216754566 -0.00674568009 -0.344191637 0.211477069 -0.00337284005 -0.346691508 0.222786007 -0.00281731345 -0.368079269 0.216754566 -0.00674568009 -0.344191637 0.222786007 -0.00281731345 -0.368079269 0.227190541 -0.0056346269 -0.365896851 0.227190541 -0.0056346269 -0.365896851 0.222786007 -0.00281731345 -0.368079269 0.232428358 -0.0023411478 -0.385776761 0.227190541 -0.0056346269 -0.365896851 0.232428358 -0.0023411478 -0.385776761 0.236078966 -0.00472197607 -0.383991136 0.236078966 -0.00472197607 -0.383991136 0.232428358 -0.0023411478 -0.385776761 0.239253404 -0.00202370403 -0.398672928 0.236078966 -0.00472197607 -0.383991136 0.239253404 -0.00202370403 -0.398672928 0.242427841 -0.00404740806 -0.397204737 0.242427841 -0.00404740806 -0.397204737 0.239253404 -0.00202370403 -0.398672928 0.239729574 -0.00194434309 -0.399466532 0.242427841 -0.00404740806 -0.397204737 0.239729574 -0.00194434309 -0.399466532 0.242824634 -0.00392836664 -0.39803804 0.242824634 -0.00392836664 -0.39803804 0.239729574 -0.00194434309 -0.399466532 0.24044382 -0.00174594073 -0.400141099 0.242824634 -0.00392836664 -0.39803804 0.24044382 -0.00174594073 -0.400141099 0.243181767 -0.00349188146 -0.398871324 0.243181767 -0.00349188146 -0.398871324 0.24044382 -0.00174594073 -0.400141099 0.2414755 -0.00134913602 -0.400656949 0.243181767 -0.00349188146 -0.398871324 0.2414755 -0.00134913602 -0.400656949 0.243578579 -0.00265859157 -0.399704608 0.243578579 -0.00265859157 -0.399704608 0.2414755 -0.00134913602 -0.400656949 0.243945612 0 -0.400537911 0.141431124 0 0.0599936493 0.133336303 0.00468229559 0.0568192116 0.133336303 -0.00468229559 0.0568192116 0.133336303 -0.00468229559 0.0568192116 0.133336303 0.00468229559 0.0568192116 0.130836432 0.00611079256 0.0536447739 0.133336303 -0.00468229559 0.0568192116 0.130836432 0.00611079256 0.0536447739 0.130836432 -0.00611079256 0.0536447739 0.130836432 -0.00611079256 0.0536447739 0.130836432 0.00611079256 0.0536447739 0.129566657 0.00686472151 0.0504306569 0.130836432 -0.00611079256 0.0536447739 0.129566657 0.00686472151 0.0504306569 0.129566657 -0.00686472151 0.0504306569 0.129566657 -0.00686472151 0.0504306569 0.129566657 0.00686472151 0.0504306569 0.129169855 0.00706312386 0.0472562192 0.129566657 -0.00686472151 0.0504306569 0.129169855 0.00706312386 0.0472562192 0.129169855 -0.00706312386 0.0472562192 0.129169855 -0.00706312386 0.0472562192 0.129169855 0.00706312386 0.0472562192 0.128693684 0.00694408245 0.0261065245 0.129169855 -0.00706312386 0.0472562192 0.128693684 0.00694408245 0.0261065245 0.128693684 -0.00694408245 0.0261065245 0.128693684 -0.00694408245 0.0261065245 0.128693684 0.00694408245 0.0261065245 0.127463598 0.00678536057 -0.00445736052 0.128693684 -0.00694408245 0.0261065245 0.127463598 0.00678536057 -0.00445736052 0.127463598 -0.00678536057 -0.00445736052 0.127463598 -0.00678536057 -0.00445736052 0.127463598 0.00678536057 -0.00445736052 0.126511267 0.00658695821 -0.0405269076 0.127463598 -0.00678536057 -0.00445736052 0.126511267 0.00658695821 -0.0405269076 0.126511267 -0.00658695821 -0.0405269076 0.126511267 -0.00658695821 -0.0405269076 0.126511267 0.00658695821 -0.0405269076 0.12682871 0.00638855585 -0.0785011185 0.126511267 -0.00658695821 -0.0405269076 0.12682871 0.00638855585 -0.0785011185 0.12682871 -0.00638855585 -0.0785011185 0.12682871 -0.00638855585 -0.0785011185 0.12682871 0.00638855585 -0.0785011185 0.129447619 0.00615047303 -0.114848431 0.12682871 -0.00638855585 -0.0785011185 0.129447619 0.00615047303 -0.114848431 0.129447619 -0.00615047303 -0.114848431 0.129447619 -0.00615047303 -0.114848431 0.129447619 0.00615047303 -0.114848431 0.135320324 0.0059123902 -0.14766418 0.129447619 -0.00615047303 -0.114848431 0.135320324 0.0059123902 -0.14766418 0.135320324 -0.0059123902 -0.14766418 0.135320324 -0.0059123902 -0.14766418 0.135320324 0.0059123902 -0.14766418 0.144050032 0.00567430737 -0.180172407 0.135320324 -0.0059123902 -0.14766418 0.144050032 0.00567430737 -0.180172407 0.144050032 -0.00567430737 -0.180172407 0.144050032 -0.00567430737 -0.180172407 0.144050032 0.00567430737 -0.180172407 0.154684394 0.00539654408 -0.212075501 0.144050032 -0.00567430737 -0.180172407 0.154684394 0.00539654408 -0.212075501 0.154684394 -0.00539654408 -0.212075501 0.154684394 -0.00539654408 -0.212075501 0.154684394 0.00539654408 -0.212075501 0.166161978 0.00511878078 -0.242758428 0.154684394 -0.00539654408 -0.212075501 0.166161978 0.00511878078 -0.242758428 0.166161978 -0.00511878078 -0.242758428 0.166161978 -0.00511878078 -0.242758428 0.166161978 0.00511878078 -0.242758428 0.177510596 0.00480133701 -0.271328367 0.166161978 -0.00511878078 -0.242758428 0.177510596 0.00480133701 -0.271328367 0.177510596 -0.00480133701 -0.271328367 0.177510596 -0.00480133701 -0.271328367 0.177510596 0.00480133701 -0.271328367 0.188065589 0.0044045323 -0.297438115 0.177510596 -0.00480133701 -0.271328367 0.188065589 0.0044045323 -0.297438115 0.188065589 -0.0044045323 -0.297438115 0.188065589 -0.0044045323 -0.297438115 0.188065589 0.0044045323 -0.297438115 0.199533244 0.00392836664 -0.322764178 0.188065589 -0.0044045323 -0.297438115 0.199533244 0.00392836664 -0.322764178 0.199533244 -0.00392836664 -0.322764178 0.199533244 -0.00392836664 -0.322764178 0.199533244 0.00392836664 -0.322764178 0.211477069 0.00337284005 -0.346691508 0.199533244 -0.00392836664 -0.322764178 0.211477069 0.00337284005 -0.346691508 0.211477069 -0.00337284005 -0.346691508 0.211477069 -0.00337284005 -0.346691508 0.211477069 0.00337284005 -0.346691508 0.222786007 0.00281731345 -0.368079269 0.211477069 -0.00337284005 -0.346691508 0.222786007 0.00281731345 -0.368079269 0.222786007 -0.00281731345 -0.368079269 0.222786007 -0.00281731345 -0.368079269 0.222786007 0.00281731345 -0.368079269 0.232428358 0.0023411478 -0.385776761 0.222786007 -0.00281731345 -0.368079269 0.232428358 0.0023411478 -0.385776761 0.232428358 -0.0023411478 -0.385776761 0.232428358 -0.0023411478 -0.385776761 0.232428358 0.0023411478 -0.385776761 0.239253404 0.00202370403 -0.398672928 0.232428358 -0.0023411478 -0.385776761 0.239253404 0.00202370403 -0.398672928 0.239253404 -0.00202370403 -0.398672928 0.239253404 -0.00202370403 -0.398672928 0.239253404 0.00202370403 -0.398672928 0.239729574 0.00194434309 -0.399466532 0.239253404 -0.00202370403 -0.398672928 0.239729574 0.00194434309 -0.399466532 0.239729574 -0.00194434309 -0.399466532 0.239729574 -0.00194434309 -0.399466532 0.239729574 0.00194434309 -0.399466532 0.24044382 0.00174594073 -0.400141099 0.239729574 -0.00194434309 -0.399466532 0.24044382 0.00174594073 -0.400141099 0.24044382 -0.00174594073 -0.400141099 0.24044382 -0.00174594073 -0.400141099 0.24044382 0.00174594073 -0.400141099 0.2414755 0.00134913602 -0.400656949 0.24044382 -0.00174594073 -0.400141099 0.2414755 0.00134913602 -0.400656949 0.2414755 -0.00134913602 -0.400656949 0.2414755 -0.00134913602 -0.400656949 0.2414755 0.00134913602 -0.400656949 0.243945612 0 -0.400537911 0.141431124 0 0.0599936493 0.141431124 0.00936459119 0.0567795323 0.133336303 0.00468229559 0.0568192116 0.133336303 0.00468229559 0.0568192116 0.141431124 0.00936459119 0.0567795323 0.141431124 0.0122612656 0.0536050946 0.133336303 0.00468229559 0.0568192116 0.141431124 0.0122612656 0.0536050946 0.130836432 0.00611079256 0.0536447739 0.130836432 0.00611079256 0.0536447739 0.141431124 0.0122612656 0.0536050946 0.141431124 0.0136897625 0.0504306569 0.130836432 0.00611079256 0.0536447739 0.141431124 0.0136897625 0.0504306569 0.129566657 0.00686472151 0.0504306569 0.129566657 0.00686472151 0.0504306569 0.141431124 0.0136897625 0.0504306569 0.141431124 0.0141262477 0.0472562192 0.129566657 0.00686472151 0.0504306569 0.141431124 0.0141262477 0.0472562192 0.129169855 0.00706312386 0.0472562192 0.129169855 0.00706312386 0.0472562192 0.141431124 0.0141262477 0.0472562192 0.140716868 0.0138881649 0.0255509955 0.129169855 0.00706312386 0.0472562192 0.140716868 0.0138881649 0.0255509955 0.128693684 0.00694408245 0.0261065245 0.128693684 0.00694408245 0.0261065245 0.140716868 0.0138881649 0.0255509955 0.139209017 0.0135707211 -0.0050128847 0.128693684 0.00694408245 0.0261065245 0.139209017 0.0135707211 -0.0050128847 0.127463598 0.00678536057 -0.00445736052 0.127463598 0.00678536057 -0.00445736052 0.139209017 0.0135707211 -0.0050128847 0.137939242 0.0131739164 -0.0408046697 0.127463598 0.00678536057 -0.00445736052 0.137939242 0.0131739164 -0.0408046697 0.126511267 0.00658695821 -0.0405269076 0.126511267 0.00658695821 -0.0405269076 0.137939242 0.0131739164 -0.0408046697 0.137859874 0.0127374312 -0.0782233552 0.126511267 0.00658695821 -0.0405269076 0.137859874 0.0127374312 -0.0782233552 0.12682871 0.00638855585 -0.0785011185 0.12682871 0.00638855585 -0.0785011185 0.137859874 0.0127374312 -0.0782233552 0.140042301 0.0122612656 -0.113697696 0.12682871 0.00638855585 -0.0785011185 0.140042301 0.0122612656 -0.113697696 0.129447619 0.00615047303 -0.114848431 0.129447619 0.00615047303 -0.114848431 0.140042301 0.0122612656 -0.113697696 0.145319808 0.0117850999 -0.145481753 0.129447619 0.00615047303 -0.114848431 0.145319808 0.0117850999 -0.145481753 0.135320324 0.0059123902 -0.14766418 0.135320324 0.0059123902 -0.14766418 0.145319808 0.0117850999 -0.145481753 0.153493987 0.0113089343 -0.17743445 0.135320324 0.0059123902 -0.14766418 0.153493987 0.0113089343 -0.17743445 0.144050032 0.00567430737 -0.180172407 0.144050032 0.00567430737 -0.180172407 0.153493987 0.0113089343 -0.17743445 0.16354307 0.0107930882 -0.20905979 0.144050032 0.00567430737 -0.180172407 0.16354307 0.0107930882 -0.20905979 0.154684394 0.00539654408 -0.212075501 0.154684394 0.00539654408 -0.212075501 0.16354307 0.0107930882 -0.20905979 0.174455196 0.0102375616 -0.239663349 0.154684394 0.00539654408 -0.212075501 0.174455196 0.0102375616 -0.239663349 0.166161978 0.00511878078 -0.242758428 0.166161978 0.00511878078 -0.242758428 0.174455196 0.0102375616 -0.239663349 0.185287963 0.00956299354 -0.268392005 0.166161978 0.00511878078 -0.242758428 0.185287963 0.00956299354 -0.268392005 0.177510596 0.00480133701 -0.271328367 0.177510596 0.00480133701 -0.271328367 0.185287963 0.00956299354 -0.268392005 0.195168389 0.00880906459 -0.29462081 0.177510596 0.00480133701 -0.271328367 0.195168389 0.00880906459 -0.29462081 0.188065589 0.0044045323 -0.297438115 0.188065589 0.0044045323 -0.297438115 0.195168389 0.00880906459 -0.29462081 0.205763081 0.00785673329 -0.320065911 0.188065589 0.0044045323 -0.297438115 0.205763081 0.00785673329 -0.320065911 0.199533244 0.00392836664 -0.322764178 0.199533244 0.00392836664 -0.322764178 0.205763081 0.00785673329 -0.320065911 0.216754566 0.00674568009 -0.344191637 0.199533244 0.00392836664 -0.322764178 0.216754566 0.00674568009 -0.344191637 0.211477069 0.00337284005 -0.346691508 0.211477069 0.00337284005 -0.346691508 0.216754566 0.00674568009 -0.344191637 0.227190541 0.0056346269 -0.365896851 0.211477069 0.00337284005 -0.346691508 0.227190541 0.0056346269 -0.365896851 0.222786007 0.00281731345 -0.368079269 0.222786007 0.00281731345 -0.368079269 0.227190541 0.0056346269 -0.365896851 0.236078966 0.00472197607 -0.383991136 0.222786007 0.00281731345 -0.368079269 0.236078966 0.00472197607 -0.383991136 0.232428358 0.0023411478 -0.385776761 0.232428358 0.0023411478 -0.385776761 0.236078966 0.00472197607 -0.383991136 0.242427841 0.00404740806 -0.397204737 0.232428358 0.0023411478 -0.385776761 0.242427841 0.00404740806 -0.397204737 0.239253404 0.00202370403 -0.398672928 0.239253404 0.00202370403 -0.398672928 0.242427841 0.00404740806 -0.397204737 0.242824634 0.00392836664 -0.39803804 0.239253404 0.00202370403 -0.398672928 0.242824634 0.00392836664 -0.39803804 0.239729574 0.00194434309 -0.399466532 0.239729574 0.00194434309 -0.399466532 0.242824634 0.00392836664 -0.39803804 0.243181767 0.00349188146 -0.398871324 0.239729574 0.00194434309 -0.399466532 0.243181767 0.00349188146 -0.398871324 0.24044382 0.00174594073 -0.400141099 0.24044382 0.00174594073 -0.400141099 0.243181767 0.00349188146 -0.398871324 0.243578579 0.00265859157 -0.399704608 0.24044382 0.00174594073 -0.400141099 0.243578579 0.00265859157 -0.399704608 0.2414755 0.00134913602 -0.400656949 0.2414755 0.00134913602 -0.400656949 0.243578579 0.00265859157 -0.399704608 0.243945612 0 -0.400537911 0 -0.138494762 0.0596365262 0.00809481611 -0.134685436 0.0554700683 0 -0.130122186 0.0543986992 0 -0.130122186 0.0543986992 0.00809481611 -0.134685436 0.0554700683 0.0105946858 -0.13401087 0.0520178758 0 -0.130122186 0.0543986992 0.0105946858 -0.13401087 0.0520178758 0 -0.128019117 0.0506290532 0 -0.128019117 0.0506290532 0.0105946858 -0.13401087 0.0520178758 0.0118644609 -0.13401087 0.0487640699 0 -0.128019117 0.0506290532 0.0118644609 -0.13401087 0.0487640699 0 -0.12738423 0.047176851 0 -0.12738423 0.047176851 0.0118644609 -0.13401087 0.0487640699 0.0122612656 -0.134526719 0.0456293115 0 -0.12738423 0.047176851 0.0122612656 -0.134526719 0.0456293115 0 -0.127661994 0.0440024133 0 -0.127661994 0.0440024133 0.0122612656 -0.134526719 0.0456293115 0.0120231828 -0.141153359 0.0234082476 0 -0.127661994 0.0440024133 0.0120231828 -0.141153359 0.0234082476 0 -0.134566399 0.0213051887 0 -0.134566399 0.0213051887 0.0120231828 -0.141153359 0.0234082476 0.0117454195 -0.151152833 -0.00707626919 0 -0.134566399 0.0213051887 0.0117454195 -0.151152833 -0.00707626919 0 -0.144645241 -0.00909997443 0 -0.144645241 -0.00909997443 0.0117454195 -0.151152833 -0.00707626919 0.0114279757 -0.161906242 -0.0425506104 0 -0.144645241 -0.00909997443 0.0114279757 -0.161906242 -0.0425506104 0 -0.155557367 -0.0442965511 0 -0.155557367 -0.0442965511 0.0114279757 -0.161906242 -0.0425506104 0.011031171 -0.170923625 -0.0794534498 0 -0.155557367 -0.0442965511 0.011031171 -0.170923625 -0.0794534498 0 -0.164654108 -0.0806438639 0 -0.164654108 -0.0806438639 0.011031171 -0.170923625 -0.0794534498 0.0106343663 -0.175605933 -0.113975461 0 -0.164654108 -0.0806438639 0.0106343663 -0.175605933 -0.113975461 0 -0.169455454 -0.114253223 0 -0.169455454 -0.114253223 0.0106343663 -0.175605933 -0.113975461 0.0102375616 -0.173423496 -0.144291341 0 -0.169455454 -0.114253223 0.0102375616 -0.173423496 -0.144291341 0 -0.16763015 -0.143061245 0 -0.16763015 -0.143061245 0.0102375616 -0.173423496 -0.144291341 0.00980107637 -0.164098579 -0.17541075 0 -0.16763015 -0.143061245 0.00980107637 -0.164098579 -0.17541075 0 -0.158811163 -0.17338705 0 -0.158811163 -0.17338705 0.00980107637 -0.164098579 -0.17541075 0.00936459119 -0.150994116 -0.206877362 0 -0.158811163 -0.17338705 0.00936459119 -0.150994116 -0.206877362 0 -0.146073733 -0.204655256 0 -0.146073733 -0.204655256 0.00936459119 -0.150994116 -0.206877362 0.00884874506 -0.137939242 -0.237748767 0 -0.146073733 -0.204655256 0.00884874506 -0.137939242 -0.237748767 0 -0.133217265 -0.235883783 0 -0.133217265 -0.235883783 0.00884874506 -0.137939242 -0.237748767 0.00829321847 -0.128733373 -0.267360325 0 -0.133217265 -0.235883783 0.00829321847 -0.128733373 -0.267360325 0 -0.124051075 -0.266328626 0 -0.124051075 -0.266328626 0.00829321847 -0.128733373 -0.267360325 0.00765833093 -0.127423909 -0.29513666 0 -0.124051075 -0.266328626 0.00765833093 -0.127423909 -0.29513666 0 -0.123019385 -0.295612811 0 -0.123019385 -0.295612811 0.00765833093 -0.127423909 -0.29513666 0.00678536057 -0.134328313 -0.321415044 0 -0.123019385 -0.295612811 0.00678536057 -0.134328313 -0.321415044 0 -0.130677715 -0.322764178 0 -0.130677715 -0.322764178 0.00678536057 -0.134328313 -0.321415044 0.00583302926 -0.14619278 -0.345818525 0 -0.130677715 -0.322764178 0.00583302926 -0.14619278 -0.345818525 0 -0.143216739 -0.347405754 0 -0.143216739 -0.347405754 0.00583302926 -0.14619278 -0.345818525 0.00488069795 -0.159763494 -0.367444381 0 -0.143216739 -0.347405754 0.00488069795 -0.159763494 -0.367444381 0 -0.157382671 -0.36899193 0 -0.157382671 -0.36899193 0.00488069795 -0.159763494 -0.367444381 0.00408708853 -0.172074362 -0.385260911 0 -0.157382671 -0.36899193 0.00408708853 -0.172074362 -0.385260911 0 -0.170090341 -0.386570385 0 -0.170090341 -0.386570385 0.00408708853 -0.172074362 -0.385260911 0.00349188146 -0.180010466 -0.398077719 0 -0.170090341 -0.386570385 0.00349188146 -0.180010466 -0.398077719 0 -0.178145483 -0.398911003 0 -0.178145483 -0.398911003 0.00349188146 -0.180010466 -0.398077719 0.00337284005 -0.180446938 -0.398871324 0 -0.178145483 -0.398911003 0.00337284005 -0.180446938 -0.398871324 0 -0.178661313 -0.399664928 0 -0.178661313 -0.399664928 0.00337284005 -0.180446938 -0.398871324 0.00301571581 -0.181002467 -0.39958557 0 -0.178661313 -0.399664928 0.00301571581 -0.181002467 -0.39958557 0 -0.179415258 -0.400339495 0 -0.179415258 -0.400339495 0.00301571581 -0.181002467 -0.39958557 0.00230146733 -0.181756393 -0.400260137 0 -0.179415258 -0.400339495 0.00230146733 -0.181756393 -0.400260137 0 -0.180526297 -0.400815666 0 -0.180526297 -0.400815666 0.00230146733 -0.181756393 -0.400260137 0 -0.183343621 -0.400537911 0 -0.138494762 0.0596365262 0.00809481611 -0.143772268 0.0576128162 0.00809481611 -0.134685436 0.0554700683 0.00809481611 -0.134685436 0.0554700683 0.00809481611 -0.143772268 0.0576128162 0.0105946858 -0.145915016 0.0548748697 0.00809481611 -0.134685436 0.0554700683 0.0105946858 -0.145915016 0.0548748697 0.0105946858 -0.13401087 0.0520178758 0.0105946858 -0.13401087 0.0520178758 0.0105946858 -0.145915016 0.0548748697 0.0118644609 -0.147343508 0.0519385076 0.0105946858 -0.13401087 0.0520178758 0.0118644609 -0.147343508 0.0519385076 0.0118644609 -0.13401087 0.0487640699 0.0118644609 -0.13401087 0.0487640699 0.0118644609 -0.147343508 0.0519385076 0.0122612656 -0.148295839 0.0488831174 0.0118644609 -0.13401087 0.0487640699 0.0122612656 -0.148295839 0.0488831174 0.0122612656 -0.134526719 0.0456293115 0.0122612656 -0.134526719 0.0456293115 0.0122612656 -0.148295839 0.0488831174 0.0120231828 -0.154406629 0.0276540641 0.0122612656 -0.134526719 0.0456293115 0.0120231828 -0.154406629 0.0276540641 0.0120231828 -0.141153359 0.0234082476 0.0120231828 -0.141153359 0.0234082476 0.0120231828 -0.154406629 0.0276540641 0.0117454195 -0.164098579 -0.00298917946 0.0120231828 -0.141153359 0.0234082476 0.0117454195 -0.164098579 -0.00298917946 0.0117454195 -0.151152833 -0.00707626919 0.0117454195 -0.151152833 -0.00707626919 0.0117454195 -0.164098579 -0.00298917946 0.0114279757 -0.174613913 -0.0390587289 0.0117454195 -0.151152833 -0.00707626919 0.0114279757 -0.174613913 -0.0390587289 0.0114279757 -0.161906242 -0.0425506104 0.0114279757 -0.161906242 -0.0425506104 0.0114279757 -0.174613913 -0.0390587289 0.011031171 -0.18342298 -0.077032941 0.0114279757 -0.161906242 -0.0425506104 0.011031171 -0.18342298 -0.077032941 0.011031171 -0.170923625 -0.0794534498 0.011031171 -0.170923625 -0.0794534498 0.011031171 -0.18342298 -0.077032941 0.0106343663 -0.187867192 -0.113419934 0.011031171 -0.170923625 -0.0794534498 0.0106343663 -0.187867192 -0.113419934 0.0106343663 -0.175605933 -0.113975461 0.0106343663 -0.175605933 -0.113975461 0.0106343663 -0.187867192 -0.113419934 0.0102375616 -0.18497051 -0.146711848 0.0106343663 -0.175605933 -0.113975461 0.0102375616 -0.18497051 -0.146711848 0.0102375616 -0.173423496 -0.144291341 0.0102375616 -0.173423496 -0.144291341 0.0102375616 -0.18497051 -0.146711848 0.00980107637 -0.174653592 -0.17945816 0.0102375616 -0.173423496 -0.144291341 0.00980107637 -0.174653592 -0.17945816 0.00980107637 -0.164098579 -0.17541075 0.00980107637 -0.164098579 -0.17541075 0.00980107637 -0.174653592 -0.17945816 0.00936459119 -0.160874552 -0.211281896 0.00980107637 -0.164098579 -0.17541075 0.00936459119 -0.160874552 -0.211281896 0.00936459119 -0.150994116 -0.206877362 0.00936459119 -0.150994116 -0.206877362 0.00936459119 -0.160874552 -0.211281896 0.00884874506 -0.147422866 -0.241568012 0.00936459119 -0.150994116 -0.206877362 0.00884874506 -0.147422866 -0.241568012 0.00884874506 -0.137939242 -0.237748767 0.00884874506 -0.137939242 -0.237748767 0.00884874506 -0.147422866 -0.241568012 0.00829321847 -0.138097959 -0.269423705 0.00884874506 -0.137939242 -0.237748767 0.00829321847 -0.138097959 -0.269423705 0.00829321847 -0.128733373 -0.267360325 0.00829321847 -0.128733373 -0.267360325 0.00829321847 -0.138097959 -0.269423705 0.00765833093 -0.136193297 -0.294144639 0.00829321847 -0.128733373 -0.267360325 0.00765833093 -0.136193297 -0.294144639 0.00765833093 -0.127423909 -0.29513666 0.00765833093 -0.127423909 -0.29513666 0.00765833093 -0.136193297 -0.294144639 0.00678536057 -0.141708879 -0.318667178 0.00765833093 -0.127423909 -0.29513666 0.00678536057 -0.141708879 -0.318667178 0.00678536057 -0.134328313 -0.321415044 0.00678536057 -0.134328313 -0.321415044 0.00678536057 -0.141708879 -0.318667178 0.00583302926 -0.152105164 -0.342604409 0.00678536057 -0.134328313 -0.321415044 0.00583302926 -0.152105164 -0.342604409 0.00583302926 -0.14619278 -0.345818525 0.00583302926 -0.14619278 -0.345818525 0.00583302926 -0.152105164 -0.342604409 0.00488069795 -0.164535071 -0.364389 0.00583302926 -0.14619278 -0.345818525 0.00488069795 -0.164535071 -0.364389 0.00488069795 -0.159763494 -0.367444381 0.00488069795 -0.159763494 -0.367444381 0.00488069795 -0.164535071 -0.364389 0.00408708853 -0.176002726 -0.382721361 0.00488069795 -0.159763494 -0.367444381 0.00408708853 -0.176002726 -0.382721361 0.00408708853 -0.172074362 -0.385260911 0.00408708853 -0.172074362 -0.385260911 0.00408708853 -0.176002726 -0.382721361 0.00349188146 -0.183661055 -0.396371453 0.00408708853 -0.172074362 -0.385260911 0.00349188146 -0.183661055 -0.396371453 0.00349188146 -0.180010466 -0.398077719 0.00349188146 -0.180010466 -0.398077719 0.00349188146 -0.183661055 -0.396371453 0.00337284005 -0.183978509 -0.397244416 0.00349188146 -0.180010466 -0.398077719 0.00337284005 -0.183978509 -0.397244416 0.00337284005 -0.180446938 -0.398871324 0.00337284005 -0.180446938 -0.398871324 0.00337284005 -0.183978509 -0.397244416 0.00301571581 -0.184176905 -0.398157078 0.00337284005 -0.180446938 -0.398871324 0.00301571581 -0.184176905 -0.398157078 0.00301571581 -0.181002467 -0.39958557 0.00301571581 -0.181002467 -0.39958557 0.00301571581 -0.184176905 -0.398157078 0.00230146733 -0.184176905 -0.399149079 0.00301571581 -0.181002467 -0.39958557 0.00230146733 -0.184176905 -0.399149079 0.00230146733 -0.181756393 -0.400260137 0.00230146733 -0.181756393 -0.400260137 0.00230146733 -0.184176905 -0.399149079 0 -0.183343621 -0.400537911 0 -0.138494762 0.0596365262 0 -0.148335519 0.0586841949 0.00809481611 -0.143772268 0.0576128162 0.00809481611 -0.143772268 0.0576128162 0 -0.148335519 0.0586841949 0 -0.151867079 0.0562636826 0.00809481611 -0.143772268 0.0576128162 0 -0.151867079 0.0562636826 0.0105946858 -0.145915016 0.0548748697 0.0105946858 -0.145915016 0.0548748697 0 -0.151867079 0.0562636826 0 -0.154009827 0.0534860472 0.0105946858 -0.145915016 0.0548748697 0 -0.154009827 0.0534860472 0.0118644609 -0.147343508 0.0519385076 0.0118644609 -0.147343508 0.0519385076 0 -0.154009827 0.0534860472 0 -0.155200244 0.0505100155 0.0118644609 -0.147343508 0.0519385076 0 -0.155200244 0.0505100155 0.0122612656 -0.148295839 0.0488831174 0.0122612656 -0.148295839 0.0488831174 0 -0.155200244 0.0505100155 0 -0.161033269 0.029757123 0.0122612656 -0.148295839 0.0488831174 0 -0.161033269 0.029757123 0.0120231828 -0.154406629 0.0276540641 0.0120231828 -0.154406629 0.0276540641 0 -0.161033269 0.029757123 0 -0.170566512 -0.000925794957 0.0120231828 -0.154406629 0.0276540641 0 -0.170566512 -0.000925794957 0.0117454195 -0.164098579 -0.00298917946 0.0117454195 -0.164098579 -0.00298917946 0 -0.170566512 -0.000925794957 0 -0.181002467 -0.0373127882 0.0117454195 -0.164098579 -0.00298917946 0 -0.181002467 -0.0373127882 0.0114279757 -0.174613913 -0.0390587289 0.0114279757 -0.174613913 -0.0390587289 0 -0.181002467 -0.0373127882 0 -0.189692497 -0.0758028464 0.0114279757 -0.174613913 -0.0390587289 0 -0.189692497 -0.0758028464 0.011031171 -0.18342298 -0.077032941 0.011031171 -0.18342298 -0.077032941 0 -0.189692497 -0.0758028464 0 -0.194017672 -0.11314217 0.011031171 -0.18342298 -0.077032941 0 -0.194017672 -0.11314217 0.0106343663 -0.187867192 -0.113419934 0.0106343663 -0.187867192 -0.113419934 0 -0.194017672 -0.11314217 0 -0.190724177 -0.147941944 0.0106343663 -0.187867192 -0.113419934 0 -0.190724177 -0.147941944 0.0102375616 -0.18497051 -0.146711848 0.0102375616 -0.18497051 -0.146711848 0 -0.190724177 -0.147941944 0 -0.179931089 -0.181481861 0.0102375616 -0.18497051 -0.146711848 0 -0.179931089 -0.181481861 0.00980107637 -0.174653592 -0.17945816 0.00980107637 -0.174653592 -0.17945816 0 -0.179931089 -0.181481861 0 -0.165804846 -0.213464323 0.00980107637 -0.174653592 -0.17945816 0 -0.165804846 -0.213464323 0.00936459119 -0.160874552 -0.211281896 0.00936459119 -0.160874552 -0.211281896 0 -0.165804846 -0.213464323 0 -0.152184523 -0.243472674 0.00936459119 -0.160874552 -0.211281896 0 -0.152184523 -0.243472674 0.00884874506 -0.147422866 -0.241568012 0.00884874506 -0.147422866 -0.241568012 0 -0.152184523 -0.243472674 0 -0.142780257 -0.270415725 0.00884874506 -0.147422866 -0.241568012 0 -0.142780257 -0.270415725 0.00829321847 -0.138097959 -0.269423705 0.00829321847 -0.138097959 -0.269423705 0 -0.142780257 -0.270415725 0 -0.140558151 -0.293668469 0.00829321847 -0.138097959 -0.269423705 0 -0.140558151 -0.293668469 0.00765833093 -0.136193297 -0.294144639 0.00765833093 -0.136193297 -0.294144639 0 -0.140558151 -0.293668469 0 -0.145399166 -0.317318025 0.00765833093 -0.136193297 -0.294144639 0 -0.145399166 -0.317318025 0.00678536057 -0.141708879 -0.318667178 0.00678536057 -0.141708879 -0.318667178 0 -0.145399166 -0.317318025 0 -0.155081206 -0.34097752 0.00678536057 -0.141708879 -0.318667178 0 -0.155081206 -0.34097752 0.00583302926 -0.152105164 -0.342604409 0.00583302926 -0.152105164 -0.342604409 0 -0.155081206 -0.34097752 0 -0.166915904 -0.362841451 0.00583302926 -0.152105164 -0.342604409 0 -0.166915904 -0.362841451 0.00488069795 -0.164535071 -0.364389 0.00488069795 -0.164535071 -0.364389 0 -0.166915904 -0.362841451 0 -0.177986747 -0.381411907 0.00488069795 -0.164535071 -0.364389 0 -0.177986747 -0.381411907 0.00408708853 -0.176002726 -0.382721361 0.00408708853 -0.176002726 -0.382721361 0 -0.177986747 -0.381411907 0 -0.185526039 -0.395538169 0.00408708853 -0.176002726 -0.382721361 0 -0.185526039 -0.395538169 0.00349188146 -0.183661055 -0.396371453 0.00349188146 -0.183661055 -0.396371453 0 -0.185526039 -0.395538169 0 -0.185764134 -0.396411132 0.00349188146 -0.183661055 -0.396371453 0 -0.185764134 -0.396411132 0.00337284005 -0.183978509 -0.397244416 0.00337284005 -0.183978509 -0.397244416 0 -0.185764134 -0.396411132 0 -0.185764134 -0.397403152 0.00337284005 -0.183978509 -0.397244416 0 -0.185764134 -0.397403152 0.00301571581 -0.184176905 -0.398157078 0.00301571581 -0.184176905 -0.398157078 0 -0.185764134 -0.397403152 0 -0.185407001 -0.39859355 0.00301571581 -0.184176905 -0.398157078 0 -0.185407001 -0.39859355 0.00230146733 -0.184176905 -0.399149079 0.00230146733 -0.184176905 -0.399149079 0 -0.185407001 -0.39859355 0 -0.183343621 -0.400537911 0 -0.138494762 0.0596365262 -0.00809481611 -0.143772268 0.0576128162 0 -0.148335519 0.0586841949 0 -0.148335519 0.0586841949 -0.00809481611 -0.143772268 0.0576128162 -0.0105946858 -0.145915016 0.0548748697 0 -0.148335519 0.0586841949 -0.0105946858 -0.145915016 0.0548748697 0 -0.151867079 0.0562636826 0 -0.151867079 0.0562636826 -0.0105946858 -0.145915016 0.0548748697 -0.0118644609 -0.147343508 0.0519385076 0 -0.151867079 0.0562636826 -0.0118644609 -0.147343508 0.0519385076 0 -0.154009827 0.0534860472 0 -0.154009827 0.0534860472 -0.0118644609 -0.147343508 0.0519385076 -0.0122612656 -0.148295839 0.0488831174 0 -0.154009827 0.0534860472 -0.0122612656 -0.148295839 0.0488831174 0 -0.155200244 0.0505100155 0 -0.155200244 0.0505100155 -0.0122612656 -0.148295839 0.0488831174 -0.0120231828 -0.154406629 0.0276540641 0 -0.155200244 0.0505100155 -0.0120231828 -0.154406629 0.0276540641 0 -0.161033269 0.029757123 0 -0.161033269 0.029757123 -0.0120231828 -0.154406629 0.0276540641 -0.0117454195 -0.164098579 -0.00298917946 0 -0.161033269 0.029757123 -0.0117454195 -0.164098579 -0.00298917946 0 -0.170566512 -0.000925794957 0 -0.170566512 -0.000925794957 -0.0117454195 -0.164098579 -0.00298917946 -0.0114279757 -0.174613913 -0.0390587289 0 -0.170566512 -0.000925794957 -0.0114279757 -0.174613913 -0.0390587289 0 -0.181002467 -0.0373127882 0 -0.181002467 -0.0373127882 -0.0114279757 -0.174613913 -0.0390587289 -0.011031171 -0.18342298 -0.077032941 0 -0.181002467 -0.0373127882 -0.011031171 -0.18342298 -0.077032941 0 -0.189692497 -0.0758028464 0 -0.189692497 -0.0758028464 -0.011031171 -0.18342298 -0.077032941 -0.0106343663 -0.187867192 -0.113419934 0 -0.189692497 -0.0758028464 -0.0106343663 -0.187867192 -0.113419934 0 -0.194017672 -0.11314217 0 -0.194017672 -0.11314217 -0.0106343663 -0.187867192 -0.113419934 -0.0102375616 -0.18497051 -0.146711848 0 -0.194017672 -0.11314217 -0.0102375616 -0.18497051 -0.146711848 0 -0.190724177 -0.147941944 0 -0.190724177 -0.147941944 -0.0102375616 -0.18497051 -0.146711848 -0.00980107637 -0.174653592 -0.17945816 0 -0.190724177 -0.147941944 -0.00980107637 -0.174653592 -0.17945816 0 -0.179931089 -0.181481861 0 -0.179931089 -0.181481861 -0.00980107637 -0.174653592 -0.17945816 -0.00936459119 -0.160874552 -0.211281896 0 -0.179931089 -0.181481861 -0.00936459119 -0.160874552 -0.211281896 0 -0.165804846 -0.213464323 0 -0.165804846 -0.213464323 -0.00936459119 -0.160874552 -0.211281896 -0.00884874506 -0.147422866 -0.241568012 0 -0.165804846 -0.213464323 -0.00884874506 -0.147422866 -0.241568012 0 -0.152184523 -0.243472674 0 -0.152184523 -0.243472674 -0.00884874506 -0.147422866 -0.241568012 -0.00829321847 -0.138097959 -0.269423705 0 -0.152184523 -0.243472674 -0.00829321847 -0.138097959 -0.269423705 0 -0.142780257 -0.270415725 0 -0.142780257 -0.270415725 -0.00829321847 -0.138097959 -0.269423705 -0.00765833093 -0.136193297 -0.294144639 0 -0.142780257 -0.270415725 -0.00765833093 -0.136193297 -0.294144639 0 -0.140558151 -0.293668469 0 -0.140558151 -0.293668469 -0.00765833093 -0.136193297 -0.294144639 -0.00678536057 -0.141708879 -0.318667178 0 -0.140558151 -0.293668469 -0.00678536057 -0.141708879 -0.318667178 0 -0.145399166 -0.317318025 0 -0.145399166 -0.317318025 -0.00678536057 -0.141708879 -0.318667178 -0.00583302926 -0.152105164 -0.342604409 0 -0.145399166 -0.317318025 -0.00583302926 -0.152105164 -0.342604409 0 -0.155081206 -0.34097752 0 -0.155081206 -0.34097752 -0.00583302926 -0.152105164 -0.342604409 -0.00488069795 -0.164535071 -0.364389 0 -0.155081206 -0.34097752 -0.00488069795 -0.164535071 -0.364389 0 -0.166915904 -0.362841451 0 -0.166915904 -0.362841451 -0.00488069795 -0.164535071 -0.364389 -0.00408708853 -0.176002726 -0.382721361 0 -0.166915904 -0.362841451 -0.00408708853 -0.176002726 -0.382721361 0 -0.177986747 -0.381411907 0 -0.177986747 -0.381411907 -0.00408708853 -0.176002726 -0.382721361 -0.00349188146 -0.183661055 -0.396371453 0 -0.177986747 -0.381411907 -0.00349188146 -0.183661055 -0.396371453 0 -0.185526039 -0.395538169 0 -0.185526039 -0.395538169 -0.00349188146 -0.183661055 -0.396371453 -0.00337284005 -0.183978509 -0.397244416 0 -0.185526039 -0.395538169 -0.00337284005 -0.183978509 -0.397244416 0 -0.185764134 -0.396411132 0 -0.185764134 -0.396411132 -0.00337284005 -0.183978509 -0.397244416 -0.00301571581 -0.184176905 -0.398157078 0 -0.185764134 -0.396411132 -0.00301571581 -0.184176905 -0.398157078 0 -0.185764134 -0.397403152 0 -0.185764134 -0.397403152 -0.00301571581 -0.184176905 -0.398157078 -0.00230146733 -0.184176905 -0.399149079 0 -0.185764134 -0.397403152 -0.00230146733 -0.184176905 -0.399149079 0 -0.185407001 -0.39859355 0 -0.185407001 -0.39859355 -0.00230146733 -0.184176905 -0.399149079 0 -0.183343621 -0.400537911 0 -0.138494762 0.0596365262 -0.00809481611 -0.134685436 0.0554700683 -0.00809481611 -0.143772268 0.0576128162 -0.00809481611 -0.143772268 0.0576128162 -0.00809481611 -0.134685436 0.0554700683 -0.0105946858 -0.13401087 0.0520178758 -0.00809481611 -0.143772268 0.0576128162 -0.0105946858 -0.13401087 0.0520178758 -0.0105946858 -0.145915016 0.0548748697 -0.0105946858 -0.145915016 0.0548748697 -0.0105946858 -0.13401087 0.0520178758 -0.0118644609 -0.13401087 0.0487640699 -0.0105946858 -0.145915016 0.0548748697 -0.0118644609 -0.13401087 0.0487640699 -0.0118644609 -0.147343508 0.0519385076 -0.0118644609 -0.147343508 0.0519385076 -0.0118644609 -0.13401087 0.0487640699 -0.0122612656 -0.134526719 0.0456293115 -0.0118644609 -0.147343508 0.0519385076 -0.0122612656 -0.134526719 0.0456293115 -0.0122612656 -0.148295839 0.0488831174 -0.0122612656 -0.148295839 0.0488831174 -0.0122612656 -0.134526719 0.0456293115 -0.0120231828 -0.141153359 0.0234082476 -0.0122612656 -0.148295839 0.0488831174 -0.0120231828 -0.141153359 0.0234082476 -0.0120231828 -0.154406629 0.0276540641 -0.0120231828 -0.154406629 0.0276540641 -0.0120231828 -0.141153359 0.0234082476 -0.0117454195 -0.151152833 -0.00707626919 -0.0120231828 -0.154406629 0.0276540641 -0.0117454195 -0.151152833 -0.00707626919 -0.0117454195 -0.164098579 -0.00298917946 -0.0117454195 -0.164098579 -0.00298917946 -0.0117454195 -0.151152833 -0.00707626919 -0.0114279757 -0.161906242 -0.0425506104 -0.0117454195 -0.164098579 -0.00298917946 -0.0114279757 -0.161906242 -0.0425506104 -0.0114279757 -0.174613913 -0.0390587289 -0.0114279757 -0.174613913 -0.0390587289 -0.0114279757 -0.161906242 -0.0425506104 -0.011031171 -0.170923625 -0.0794534498 -0.0114279757 -0.174613913 -0.0390587289 -0.011031171 -0.170923625 -0.0794534498 -0.011031171 -0.18342298 -0.077032941 -0.011031171 -0.18342298 -0.077032941 -0.011031171 -0.170923625 -0.0794534498 -0.0106343663 -0.175605933 -0.113975461 -0.011031171 -0.18342298 -0.077032941 -0.0106343663 -0.175605933 -0.113975461 -0.0106343663 -0.187867192 -0.113419934 -0.0106343663 -0.187867192 -0.113419934 -0.0106343663 -0.175605933 -0.113975461 -0.0102375616 -0.173423496 -0.144291341 -0.0106343663 -0.187867192 -0.113419934 -0.0102375616 -0.173423496 -0.144291341 -0.0102375616 -0.18497051 -0.146711848 -0.0102375616 -0.18497051 -0.146711848 -0.0102375616 -0.173423496 -0.144291341 -0.00980107637 -0.164098579 -0.17541075 -0.0102375616 -0.18497051 -0.146711848 -0.00980107637 -0.164098579 -0.17541075 -0.00980107637 -0.174653592 -0.17945816 -0.00980107637 -0.174653592 -0.17945816 -0.00980107637 -0.164098579 -0.17541075 -0.00936459119 -0.150994116 -0.206877362 -0.00980107637 -0.174653592 -0.17945816 -0.00936459119 -0.150994116 -0.206877362 -0.00936459119 -0.160874552 -0.211281896 -0.00936459119 -0.160874552 -0.211281896 -0.00936459119 -0.150994116 -0.206877362 -0.00884874506 -0.137939242 -0.237748767 -0.00936459119 -0.160874552 -0.211281896 -0.00884874506 -0.137939242 -0.237748767 -0.00884874506 -0.147422866 -0.241568012 -0.00884874506 -0.147422866 -0.241568012 -0.00884874506 -0.137939242 -0.237748767 -0.00829321847 -0.128733373 -0.267360325 -0.00884874506 -0.147422866 -0.241568012 -0.00829321847 -0.128733373 -0.267360325 -0.00829321847 -0.138097959 -0.269423705 -0.00829321847 -0.138097959 -0.269423705 -0.00829321847 -0.128733373 -0.267360325 -0.00765833093 -0.127423909 -0.29513666 -0.00829321847 -0.138097959 -0.269423705 -0.00765833093 -0.127423909 -0.29513666 -0.00765833093 -0.136193297 -0.294144639 -0.00765833093 -0.136193297 -0.294144639 -0.00765833093 -0.127423909 -0.29513666 -0.00678536057 -0.134328313 -0.321415044 -0.00765833093 -0.136193297 -0.294144639 -0.00678536057 -0.134328313 -0.321415044 -0.00678536057 -0.141708879 -0.318667178 -0.00678536057 -0.141708879 -0.318667178 -0.00678536057 -0.134328313 -0.321415044 -0.00583302926 -0.14619278 -0.345818525 -0.00678536057 -0.141708879 -0.318667178 -0.00583302926 -0.14619278 -0.345818525 -0.00583302926 -0.152105164 -0.342604409 -0.00583302926 -0.152105164 -0.342604409 -0.00583302926 -0.14619278 -0.345818525 -0.00488069795 -0.159763494 -0.367444381 -0.00583302926 -0.152105164 -0.342604409 -0.00488069795 -0.159763494 -0.367444381 -0.00488069795 -0.164535071 -0.364389 -0.00488069795 -0.164535071 -0.364389 -0.00488069795 -0.159763494 -0.367444381 -0.00408708853 -0.172074362 -0.385260911 -0.00488069795 -0.164535071 -0.364389 -0.00408708853 -0.172074362 -0.385260911 -0.00408708853 -0.176002726 -0.382721361 -0.00408708853 -0.176002726 -0.382721361 -0.00408708853 -0.172074362 -0.385260911 -0.00349188146 -0.180010466 -0.398077719 -0.00408708853 -0.176002726 -0.382721361 -0.00349188146 -0.180010466 -0.398077719 -0.00349188146 -0.183661055 -0.396371453 -0.00349188146 -0.183661055 -0.396371453 -0.00349188146 -0.180010466 -0.398077719 -0.00337284005 -0.180446938 -0.398871324 -0.00349188146 -0.183661055 -0.396371453 -0.00337284005 -0.180446938 -0.398871324 -0.00337284005 -0.183978509 -0.397244416 -0.00337284005 -0.183978509 -0.397244416 -0.00337284005 -0.180446938 -0.398871324 -0.00301571581 -0.181002467 -0.39958557 -0.00337284005 -0.183978509 -0.397244416 -0.00301571581 -0.181002467 -0.39958557 -0.00301571581 -0.184176905 -0.398157078 -0.00301571581 -0.184176905 -0.398157078 -0.00301571581 -0.181002467 -0.39958557 -0.00230146733 -0.181756393 -0.400260137 -0.00301571581 -0.184176905 -0.398157078 -0.00230146733 -0.181756393 -0.400260137 -0.00230146733 -0.184176905 -0.399149079 -0.00230146733 -0.184176905 -0.399149079 -0.00230146733 -0.181756393 -0.400260137 0 -0.183343621 -0.400537911 0 -0.138494762 0.0596365262 0 -0.130122186 0.0543986992 -0.00809481611 -0.134685436 0.0554700683 -0.00809481611 -0.134685436 0.0554700683 0 -0.130122186 0.0543986992 0 -0.128019117 0.0506290532 -0.00809481611 -0.134685436 0.0554700683 0 -0.128019117 0.0506290532 -0.0105946858 -0.13401087 0.0520178758 -0.0105946858 -0.13401087 0.0520178758 0 -0.128019117 0.0506290532 0 -0.12738423 0.047176851 -0.0105946858 -0.13401087 0.0520178758 0 -0.12738423 0.047176851 -0.0118644609 -0.13401087 0.0487640699 -0.0118644609 -0.13401087 0.0487640699 0 -0.12738423 0.047176851 0 -0.127661994 0.0440024133 -0.0118644609 -0.13401087 0.0487640699 0 -0.127661994 0.0440024133 -0.0122612656 -0.134526719 0.0456293115 -0.0122612656 -0.134526719 0.0456293115 0 -0.127661994 0.0440024133 0 -0.134566399 0.0213051887 -0.0122612656 -0.134526719 0.0456293115 0 -0.134566399 0.0213051887 -0.0120231828 -0.141153359 0.0234082476 -0.0120231828 -0.141153359 0.0234082476 0 -0.134566399 0.0213051887 0 -0.144645241 -0.00909997443 -0.0120231828 -0.141153359 0.0234082476 0 -0.144645241 -0.00909997443 -0.0117454195 -0.151152833 -0.00707626919 -0.0117454195 -0.151152833 -0.00707626919 0 -0.144645241 -0.00909997443 0 -0.155557367 -0.0442965511 -0.0117454195 -0.151152833 -0.00707626919 0 -0.155557367 -0.0442965511 -0.0114279757 -0.161906242 -0.0425506104 -0.0114279757 -0.161906242 -0.0425506104 0 -0.155557367 -0.0442965511 0 -0.164654108 -0.0806438639 -0.0114279757 -0.161906242 -0.0425506104 0 -0.164654108 -0.0806438639 -0.011031171 -0.170923625 -0.0794534498 -0.011031171 -0.170923625 -0.0794534498 0 -0.164654108 -0.0806438639 0 -0.169455454 -0.114253223 -0.011031171 -0.170923625 -0.0794534498 0 -0.169455454 -0.114253223 -0.0106343663 -0.175605933 -0.113975461 -0.0106343663 -0.175605933 -0.113975461 0 -0.169455454 -0.114253223 0 -0.16763015 -0.143061245 -0.0106343663 -0.175605933 -0.113975461 0 -0.16763015 -0.143061245 -0.0102375616 -0.173423496 -0.144291341 -0.0102375616 -0.173423496 -0.144291341 0 -0.16763015 -0.143061245 0 -0.158811163 -0.17338705 -0.0102375616 -0.173423496 -0.144291341 0 -0.158811163 -0.17338705 -0.00980107637 -0.164098579 -0.17541075 -0.00980107637 -0.164098579 -0.17541075 0 -0.158811163 -0.17338705 0 -0.146073733 -0.204655256 -0.00980107637 -0.164098579 -0.17541075 0 -0.146073733 -0.204655256 -0.00936459119 -0.150994116 -0.206877362 -0.00936459119 -0.150994116 -0.206877362 0 -0.146073733 -0.204655256 0 -0.133217265 -0.235883783 -0.00936459119 -0.150994116 -0.206877362 0 -0.133217265 -0.235883783 -0.00884874506 -0.137939242 -0.237748767 -0.00884874506 -0.137939242 -0.237748767 0 -0.133217265 -0.235883783 0 -0.124051075 -0.266328626 -0.00884874506 -0.137939242 -0.237748767 0 -0.124051075 -0.266328626 -0.00829321847 -0.128733373 -0.267360325 -0.00829321847 -0.128733373 -0.267360325 0 -0.124051075 -0.266328626 0 -0.123019385 -0.295612811 -0.00829321847 -0.128733373 -0.267360325 0 -0.123019385 -0.295612811 -0.00765833093 -0.127423909 -0.29513666 -0.00765833093 -0.127423909 -0.29513666 0 -0.123019385 -0.295612811 0 -0.130677715 -0.322764178 -0.00765833093 -0.127423909 -0.29513666 0 -0.130677715 -0.322764178 -0.00678536057 -0.134328313 -0.321415044 -0.00678536057 -0.134328313 -0.321415044 0 -0.130677715 -0.322764178 0 -0.143216739 -0.347405754 -0.00678536057 -0.134328313 -0.321415044 0 -0.143216739 -0.347405754 -0.00583302926 -0.14619278 -0.345818525 -0.00583302926 -0.14619278 -0.345818525 0 -0.143216739 -0.347405754 0 -0.157382671 -0.36899193 -0.00583302926 -0.14619278 -0.345818525 0 -0.157382671 -0.36899193 -0.00488069795 -0.159763494 -0.367444381 -0.00488069795 -0.159763494 -0.367444381 0 -0.157382671 -0.36899193 0 -0.170090341 -0.386570385 -0.00488069795 -0.159763494 -0.367444381 0 -0.170090341 -0.386570385 -0.00408708853 -0.172074362 -0.385260911 -0.00408708853 -0.172074362 -0.385260911 0 -0.170090341 -0.386570385 0 -0.178145483 -0.398911003 -0.00408708853 -0.172074362 -0.385260911 0 -0.178145483 -0.398911003 -0.00349188146 -0.180010466 -0.398077719 -0.00349188146 -0.180010466 -0.398077719 0 -0.178145483 -0.398911003 0 -0.178661313 -0.399664928 -0.00349188146 -0.180010466 -0.398077719 0 -0.178661313 -0.399664928 -0.00337284005 -0.180446938 -0.398871324 -0.00337284005 -0.180446938 -0.398871324 0 -0.178661313 -0.399664928 0 -0.179415258 -0.400339495 -0.00337284005 -0.180446938 -0.398871324 0 -0.179415258 -0.400339495 -0.00301571581 -0.181002467 -0.39958557 -0.00301571581 -0.181002467 -0.39958557 0 -0.179415258 -0.400339495 0 -0.180526297 -0.400815666 -0.00301571581 -0.181002467 -0.39958557 0 -0.180526297 -0.400815666 -0.00230146733 -0.181756393 -0.400260137 -0.00230146733 -0.181756393 -0.400260137 0 -0.180526297 -0.400815666 0 -0.183343621 -0.400537911 -0.141431124 0 0.0599936493 -0.133336303 0.00468229559 0.0568192116 -0.141431124 0.00936459119 0.0567795323 -0.141431124 0.00936459119 0.0567795323 -0.133336303 0.00468229559 0.0568192116 -0.130836432 0.00611079256 0.0536447739 -0.141431124 0.00936459119 0.0567795323 -0.130836432 0.00611079256 0.0536447739 -0.141431124 0.0122612656 0.0536050946 -0.141431124 0.0122612656 0.0536050946 -0.130836432 0.00611079256 0.0536447739 -0.129566657 0.00686472151 0.0504306569 -0.141431124 0.0122612656 0.0536050946 -0.129566657 0.00686472151 0.0504306569 -0.141431124 0.0136897625 0.0504306569 -0.141431124 0.0136897625 0.0504306569 -0.129566657 0.00686472151 0.0504306569 -0.129169855 0.00706312386 0.0472562192 -0.141431124 0.0136897625 0.0504306569 -0.129169855 0.00706312386 0.0472562192 -0.141431124 0.0141262477 0.0472562192 -0.141431124 0.0141262477 0.0472562192 -0.129169855 0.00706312386 0.0472562192 -0.128693684 0.00694408245 0.0261065245 -0.141431124 0.0141262477 0.0472562192 -0.128693684 0.00694408245 0.0261065245 -0.140716868 0.0138881649 0.0255509955 -0.140716868 0.0138881649 0.0255509955 -0.128693684 0.00694408245 0.0261065245 -0.127463598 0.00678536057 -0.00445736052 -0.140716868 0.0138881649 0.0255509955 -0.127463598 0.00678536057 -0.00445736052 -0.139209017 0.0135707211 -0.0050128847 -0.139209017 0.0135707211 -0.0050128847 -0.127463598 0.00678536057 -0.00445736052 -0.126511267 0.00658695821 -0.0405269076 -0.139209017 0.0135707211 -0.0050128847 -0.126511267 0.00658695821 -0.0405269076 -0.137939242 0.0131739164 -0.0408046697 -0.137939242 0.0131739164 -0.0408046697 -0.126511267 0.00658695821 -0.0405269076 -0.12682871 0.00638855585 -0.0785011185 -0.137939242 0.0131739164 -0.0408046697 -0.12682871 0.00638855585 -0.0785011185 -0.137859874 0.0127374312 -0.0782233552 -0.137859874 0.0127374312 -0.0782233552 -0.12682871 0.00638855585 -0.0785011185 -0.129447619 0.00615047303 -0.114848431 -0.137859874 0.0127374312 -0.0782233552 -0.129447619 0.00615047303 -0.114848431 -0.140042301 0.0122612656 -0.113697696 -0.140042301 0.0122612656 -0.113697696 -0.129447619 0.00615047303 -0.114848431 -0.135320324 0.0059123902 -0.14766418 -0.140042301 0.0122612656 -0.113697696 -0.135320324 0.0059123902 -0.14766418 -0.145319808 0.0117850999 -0.145481753 -0.145319808 0.0117850999 -0.145481753 -0.135320324 0.0059123902 -0.14766418 -0.144050032 0.00567430737 -0.180172407 -0.145319808 0.0117850999 -0.145481753 -0.144050032 0.00567430737 -0.180172407 -0.153493987 0.0113089343 -0.17743445 -0.153493987 0.0113089343 -0.17743445 -0.144050032 0.00567430737 -0.180172407 -0.154684394 0.00539654408 -0.212075501 -0.153493987 0.0113089343 -0.17743445 -0.154684394 0.00539654408 -0.212075501 -0.16354307 0.0107930882 -0.20905979 -0.16354307 0.0107930882 -0.20905979 -0.154684394 0.00539654408 -0.212075501 -0.166161978 0.00511878078 -0.242758428 -0.16354307 0.0107930882 -0.20905979 -0.166161978 0.00511878078 -0.242758428 -0.174455196 0.0102375616 -0.239663349 -0.174455196 0.0102375616 -0.239663349 -0.166161978 0.00511878078 -0.242758428 -0.177510596 0.00480133701 -0.271328367 -0.174455196 0.0102375616 -0.239663349 -0.177510596 0.00480133701 -0.271328367 -0.185287963 0.00956299354 -0.268392005 -0.185287963 0.00956299354 -0.268392005 -0.177510596 0.00480133701 -0.271328367 -0.188065589 0.0044045323 -0.297438115 -0.185287963 0.00956299354 -0.268392005 -0.188065589 0.0044045323 -0.297438115 -0.195168389 0.00880906459 -0.29462081 -0.195168389 0.00880906459 -0.29462081 -0.188065589 0.0044045323 -0.297438115 -0.199533244 0.00392836664 -0.322764178 -0.195168389 0.00880906459 -0.29462081 -0.199533244 0.00392836664 -0.322764178 -0.205763081 0.00785673329 -0.320065911 -0.205763081 0.00785673329 -0.320065911 -0.199533244 0.00392836664 -0.322764178 -0.211477069 0.00337284005 -0.346691508 -0.205763081 0.00785673329 -0.320065911 -0.211477069 0.00337284005 -0.346691508 -0.216754566 0.00674568009 -0.344191637 -0.216754566 0.00674568009 -0.344191637 -0.211477069 0.00337284005 -0.346691508 -0.222786007 0.00281731345 -0.368079269 -0.216754566 0.00674568009 -0.344191637 -0.222786007 0.00281731345 -0.368079269 -0.227190541 0.0056346269 -0.365896851 -0.227190541 0.0056346269 -0.365896851 -0.222786007 0.00281731345 -0.368079269 -0.232428358 0.0023411478 -0.385776761 -0.227190541 0.0056346269 -0.365896851 -0.232428358 0.0023411478 -0.385776761 -0.236078966 0.00472197607 -0.383991136 -0.236078966 0.00472197607 -0.383991136 -0.232428358 0.0023411478 -0.385776761 -0.239253404 0.00202370403 -0.398672928 -0.236078966 0.00472197607 -0.383991136 -0.239253404 0.00202370403 -0.398672928 -0.242427841 0.00404740806 -0.397204737 -0.242427841 0.00404740806 -0.397204737 -0.239253404 0.00202370403 -0.398672928 -0.239729574 0.00194434309 -0.399466532 -0.242427841 0.00404740806 -0.397204737 -0.239729574 0.00194434309 -0.399466532 -0.242824634 0.00392836664 -0.39803804 -0.242824634 0.00392836664 -0.39803804 -0.239729574 0.00194434309 -0.399466532 -0.24044382 0.00174594073 -0.400141099 -0.242824634 0.00392836664 -0.39803804 -0.24044382 0.00174594073 -0.400141099 -0.243181767 0.00349188146 -0.398871324 -0.243181767 0.00349188146 -0.398871324 -0.24044382 0.00174594073 -0.400141099 -0.2414755 0.00134913602 -0.400656949 -0.243181767 0.00349188146 -0.398871324 -0.2414755 0.00134913602 -0.400656949 -0.243578579 0.00265859157 -0.399704608 -0.243578579 0.00265859157 -0.399704608 -0.2414755 0.00134913602 -0.400656949 -0.243945612 0 -0.400537911 -0.141431124 0 0.0599936493 -0.133336303 -0.00468229559 0.0568192116 -0.133336303 0.00468229559 0.0568192116 -0.133336303 0.00468229559 0.0568192116 -0.133336303 -0.00468229559 0.0568192116 -0.130836432 -0.00611079256 0.0536447739 -0.133336303 0.00468229559 0.0568192116 -0.130836432 -0.00611079256 0.0536447739 -0.130836432 0.00611079256 0.0536447739 -0.130836432 0.00611079256 0.0536447739 -0.130836432 -0.00611079256 0.0536447739 -0.129566657 -0.00686472151 0.0504306569 -0.130836432 0.00611079256 0.0536447739 -0.129566657 -0.00686472151 0.0504306569 -0.129566657 0.00686472151 0.0504306569 -0.129566657 0.00686472151 0.0504306569 -0.129566657 -0.00686472151 0.0504306569 -0.129169855 -0.00706312386 0.0472562192 -0.129566657 0.00686472151 0.0504306569 -0.129169855 -0.00706312386 0.0472562192 -0.129169855 0.00706312386 0.0472562192 -0.129169855 0.00706312386 0.0472562192 -0.129169855 -0.00706312386 0.0472562192 -0.128693684 -0.00694408245 0.0261065245 -0.129169855 0.00706312386 0.0472562192 -0.128693684 -0.00694408245 0.0261065245 -0.128693684 0.00694408245 0.0261065245 -0.128693684 0.00694408245 0.0261065245 -0.128693684 -0.00694408245 0.0261065245 -0.127463598 -0.00678536057 -0.00445736052 -0.128693684 0.00694408245 0.0261065245 -0.127463598 -0.00678536057 -0.00445736052 -0.127463598 0.00678536057 -0.00445736052 -0.127463598 0.00678536057 -0.00445736052 -0.127463598 -0.00678536057 -0.00445736052 -0.126511267 -0.00658695821 -0.0405269076 -0.127463598 0.00678536057 -0.00445736052 -0.126511267 -0.00658695821 -0.0405269076 -0.126511267 0.00658695821 -0.0405269076 -0.126511267 0.00658695821 -0.0405269076 -0.126511267 -0.00658695821 -0.0405269076 -0.12682871 -0.00638855585 -0.0785011185 -0.126511267 0.00658695821 -0.0405269076 -0.12682871 -0.00638855585 -0.0785011185 -0.12682871 0.00638855585 -0.0785011185 -0.12682871 0.00638855585 -0.0785011185 -0.12682871 -0.00638855585 -0.0785011185 -0.129447619 -0.00615047303 -0.114848431 -0.12682871 0.00638855585 -0.0785011185 -0.129447619 -0.00615047303 -0.114848431 -0.129447619 0.00615047303 -0.114848431 -0.129447619 0.00615047303 -0.114848431 -0.129447619 -0.00615047303 -0.114848431 -0.135320324 -0.0059123902 -0.14766418 -0.129447619 0.00615047303 -0.114848431 -0.135320324 -0.0059123902 -0.14766418 -0.135320324 0.0059123902 -0.14766418 -0.135320324 0.0059123902 -0.14766418 -0.135320324 -0.0059123902 -0.14766418 -0.144050032 -0.00567430737 -0.180172407 -0.135320324 0.0059123902 -0.14766418 -0.144050032 -0.00567430737 -0.180172407 -0.144050032 0.00567430737 -0.180172407 -0.144050032 0.00567430737 -0.180172407 -0.144050032 -0.00567430737 -0.180172407 -0.154684394 -0.00539654408 -0.212075501 -0.144050032 0.00567430737 -0.180172407 -0.154684394 -0.00539654408 -0.212075501 -0.154684394 0.00539654408 -0.212075501 -0.154684394 0.00539654408 -0.212075501 -0.154684394 -0.00539654408 -0.212075501 -0.166161978 -0.00511878078 -0.242758428 -0.154684394 0.00539654408 -0.212075501 -0.166161978 -0.00511878078 -0.242758428 -0.166161978 0.00511878078 -0.242758428 -0.166161978 0.00511878078 -0.242758428 -0.166161978 -0.00511878078 -0.242758428 -0.177510596 -0.00480133701 -0.271328367 -0.166161978 0.00511878078 -0.242758428 -0.177510596 -0.00480133701 -0.271328367 -0.177510596 0.00480133701 -0.271328367 -0.177510596 0.00480133701 -0.271328367 -0.177510596 -0.00480133701 -0.271328367 -0.188065589 -0.0044045323 -0.297438115 -0.177510596 0.00480133701 -0.271328367 -0.188065589 -0.0044045323 -0.297438115 -0.188065589 0.0044045323 -0.297438115 -0.188065589 0.0044045323 -0.297438115 -0.188065589 -0.0044045323 -0.297438115 -0.199533244 -0.00392836664 -0.322764178 -0.188065589 0.0044045323 -0.297438115 -0.199533244 -0.00392836664 -0.322764178 -0.199533244 0.00392836664 -0.322764178 -0.199533244 0.00392836664 -0.322764178 -0.199533244 -0.00392836664 -0.322764178 -0.211477069 -0.00337284005 -0.346691508 -0.199533244 0.00392836664 -0.322764178 -0.211477069 -0.00337284005 -0.346691508 -0.211477069 0.00337284005 -0.346691508 -0.211477069 0.00337284005 -0.346691508 -0.211477069 -0.00337284005 -0.346691508 -0.222786007 -0.00281731345 -0.368079269 -0.211477069 0.00337284005 -0.346691508 -0.222786007 -0.00281731345 -0.368079269 -0.222786007 0.00281731345 -0.368079269 -0.222786007 0.00281731345 -0.368079269 -0.222786007 -0.00281731345 -0.368079269 -0.232428358 -0.0023411478 -0.385776761 -0.222786007 0.00281731345 -0.368079269 -0.232428358 -0.0023411478 -0.385776761 -0.232428358 0.0023411478 -0.385776761 -0.232428358 0.0023411478 -0.385776761 -0.232428358 -0.0023411478 -0.385776761 -0.239253404 -0.00202370403 -0.398672928 -0.232428358 0.0023411478 -0.385776761 -0.239253404 -0.00202370403 -0.398672928 -0.239253404 0.00202370403 -0.398672928 -0.239253404 0.00202370403 -0.398672928 -0.239253404 -0.00202370403 -0.398672928 -0.239729574 -0.00194434309 -0.399466532 -0.239253404 0.00202370403 -0.398672928 -0.239729574 -0.00194434309 -0.399466532 -0.239729574 0.00194434309 -0.399466532 -0.239729574 0.00194434309 -0.399466532 -0.239729574 -0.00194434309 -0.399466532 -0.24044382 -0.00174594073 -0.400141099 -0.239729574 0.00194434309 -0.399466532 -0.24044382 -0.00174594073 -0.400141099 -0.24044382 0.00174594073 -0.400141099 -0.24044382 0.00174594073 -0.400141099 -0.24044382 -0.00174594073 -0.400141099 -0.2414755 -0.00134913602 -0.400656949 -0.24044382 0.00174594073 -0.400141099 -0.2414755 -0.00134913602 -0.400656949 -0.2414755 0.00134913602 -0.400656949 -0.2414755 0.00134913602 -0.400656949 -0.2414755 -0.00134913602 -0.400656949 -0.243945612 0 -0.400537911 -0.141431124 0 0.0599936493 -0.141431124 -0.00936459119 0.0567795323 -0.133336303 -0.00468229559 0.0568192116 -0.133336303 -0.00468229559 0.0568192116 -0.141431124 -0.00936459119 0.0567795323 -0.141431124 -0.0122612656 0.0536050946 -0.133336303 -0.00468229559 0.0568192116 -0.141431124 -0.0122612656 0.0536050946 -0.130836432 -0.00611079256 0.0536447739 -0.130836432 -0.00611079256 0.0536447739 -0.141431124 -0.0122612656 0.0536050946 -0.141431124 -0.0136897625 0.0504306569 -0.130836432 -0.00611079256 0.0536447739 -0.141431124 -0.0136897625 0.0504306569 -0.129566657 -0.00686472151 0.0504306569 -0.129566657 -0.00686472151 0.0504306569 -0.141431124 -0.0136897625 0.0504306569 -0.141431124 -0.0141262477 0.0472562192 -0.129566657 -0.00686472151 0.0504306569 -0.141431124 -0.0141262477 0.0472562192 -0.129169855 -0.00706312386 0.0472562192 -0.129169855 -0.00706312386 0.0472562192 -0.141431124 -0.0141262477 0.0472562192 -0.140716868 -0.0138881649 0.0255509955 -0.129169855 -0.00706312386 0.0472562192 -0.140716868 -0.0138881649 0.0255509955 -0.128693684 -0.00694408245 0.0261065245 -0.128693684 -0.00694408245 0.0261065245 -0.140716868 -0.0138881649 0.0255509955 -0.139209017 -0.0135707211 -0.0050128847 -0.128693684 -0.00694408245 0.0261065245 -0.139209017 -0.0135707211 -0.0050128847 -0.127463598 -0.00678536057 -0.00445736052 -0.127463598 -0.00678536057 -0.00445736052 -0.139209017 -0.0135707211 -0.0050128847 -0.137939242 -0.0131739164 -0.0408046697 -0.127463598 -0.00678536057 -0.00445736052 -0.137939242 -0.0131739164 -0.0408046697 -0.126511267 -0.00658695821 -0.0405269076 -0.126511267 -0.00658695821 -0.0405269076 -0.137939242 -0.0131739164 -0.0408046697 -0.137859874 -0.0127374312 -0.0782233552 -0.126511267 -0.00658695821 -0.0405269076 -0.137859874 -0.0127374312 -0.0782233552 -0.12682871 -0.00638855585 -0.0785011185 -0.12682871 -0.00638855585 -0.0785011185 -0.137859874 -0.0127374312 -0.0782233552 -0.140042301 -0.0122612656 -0.113697696 -0.12682871 -0.00638855585 -0.0785011185 -0.140042301 -0.0122612656 -0.113697696 -0.129447619 -0.00615047303 -0.114848431 -0.129447619 -0.00615047303 -0.114848431 -0.140042301 -0.0122612656 -0.113697696 -0.145319808 -0.0117850999 -0.145481753 -0.129447619 -0.00615047303 -0.114848431 -0.145319808 -0.0117850999 -0.145481753 -0.135320324 -0.0059123902 -0.14766418 -0.135320324 -0.0059123902 -0.14766418 -0.145319808 -0.0117850999 -0.145481753 -0.153493987 -0.0113089343 -0.17743445 -0.135320324 -0.0059123902 -0.14766418 -0.153493987 -0.0113089343 -0.17743445 -0.144050032 -0.00567430737 -0.180172407 -0.144050032 -0.00567430737 -0.180172407 -0.153493987 -0.0113089343 -0.17743445 -0.16354307 -0.0107930882 -0.20905979 -0.144050032 -0.00567430737 -0.180172407 -0.16354307 -0.0107930882 -0.20905979 -0.154684394 -0.00539654408 -0.212075501 -0.154684394 -0.00539654408 -0.212075501 -0.16354307 -0.0107930882 -0.20905979 -0.174455196 -0.0102375616 -0.239663349 -0.154684394 -0.00539654408 -0.212075501 -0.174455196 -0.0102375616 -0.239663349 -0.166161978 -0.00511878078 -0.242758428 -0.166161978 -0.00511878078 -0.242758428 -0.174455196 -0.0102375616 -0.239663349 -0.185287963 -0.00956299354 -0.268392005 -0.166161978 -0.00511878078 -0.242758428 -0.185287963 -0.00956299354 -0.268392005 -0.177510596 -0.00480133701 -0.271328367 -0.177510596 -0.00480133701 -0.271328367 -0.185287963 -0.00956299354 -0.268392005 -0.195168389 -0.00880906459 -0.29462081 -0.177510596 -0.00480133701 -0.271328367 -0.195168389 -0.00880906459 -0.29462081 -0.188065589 -0.0044045323 -0.297438115 -0.188065589 -0.0044045323 -0.297438115 -0.195168389 -0.00880906459 -0.29462081 -0.205763081 -0.00785673329 -0.320065911 -0.188065589 -0.0044045323 -0.297438115 -0.205763081 -0.00785673329 -0.320065911 -0.199533244 -0.00392836664 -0.322764178 -0.199533244 -0.00392836664 -0.322764178 -0.205763081 -0.00785673329 -0.320065911 -0.216754566 -0.00674568009 -0.344191637 -0.199533244 -0.00392836664 -0.322764178 -0.216754566 -0.00674568009 -0.344191637 -0.211477069 -0.00337284005 -0.346691508 -0.211477069 -0.00337284005 -0.346691508 -0.216754566 -0.00674568009 -0.344191637 -0.227190541 -0.0056346269 -0.365896851 -0.211477069 -0.00337284005 -0.346691508 -0.227190541 -0.0056346269 -0.365896851 -0.222786007 -0.00281731345 -0.368079269 -0.222786007 -0.00281731345 -0.368079269 -0.227190541 -0.0056346269 -0.365896851 -0.236078966 -0.00472197607 -0.383991136 -0.222786007 -0.00281731345 -0.368079269 -0.236078966 -0.00472197607 -0.383991136 -0.232428358 -0.0023411478 -0.385776761 -0.232428358 -0.0023411478 -0.385776761 -0.236078966 -0.00472197607 -0.383991136 -0.242427841 -0.00404740806 -0.397204737 -0.232428358 -0.0023411478 -0.385776761 -0.242427841 -0.00404740806 -0.397204737 -0.239253404 -0.00202370403 -0.398672928 -0.239253404 -0.00202370403 -0.398672928 -0.242427841 -0.00404740806 -0.397204737 -0.242824634 -0.00392836664 -0.39803804 -0.239253404 -0.00202370403 -0.398672928 -0.242824634 -0.00392836664 -0.39803804 -0.239729574 -0.00194434309 -0.399466532 -0.239729574 -0.00194434309 -0.399466532 -0.242824634 -0.00392836664 -0.39803804 -0.243181767 -0.00349188146 -0.398871324 -0.239729574 -0.00194434309 -0.399466532 -0.243181767 -0.00349188146 -0.398871324 -0.24044382 -0.00174594073 -0.400141099 -0.24044382 -0.00174594073 -0.400141099 -0.243181767 -0.00349188146 -0.398871324 -0.243578579 -0.00265859157 -0.399704608 -0.24044382 -0.00174594073 -0.400141099 -0.243578579 -0.00265859157 -0.399704608 -0.2414755 -0.00134913602 -0.400656949 -0.2414755 -0.00134913602 -0.400656949 -0.243578579 -0.00265859157 -0.399704608 -0.243945612 0 -0.400537911 -0.141431124 0 0.0599936493 -0.149525935 -0.00468229559 0.0567795323 -0.141431124 -0.00936459119 0.0567795323 -0.141431124 -0.00936459119 0.0567795323 -0.149525935 -0.00468229559 0.0567795323 -0.152025806 -0.00611079256 0.0536050946 -0.141431124 -0.00936459119 0.0567795323 -0.152025806 -0.00611079256 0.0536050946 -0.141431124 -0.0122612656 0.0536050946 -0.141431124 -0.0122612656 0.0536050946 -0.152025806 -0.00611079256 0.0536050946 -0.153295581 -0.00686472151 0.0504306569 -0.141431124 -0.0122612656 0.0536050946 -0.153295581 -0.00686472151 0.0504306569 -0.141431124 -0.0136897625 0.0504306569 -0.141431124 -0.0136897625 0.0504306569 -0.153295581 -0.00686472151 0.0504306569 -0.153652704 -0.00706312386 0.0472562192 -0.141431124 -0.0136897625 0.0504306569 -0.153652704 -0.00706312386 0.0472562192 -0.141431124 -0.0141262477 0.0472562192 -0.141431124 -0.0141262477 0.0472562192 -0.153652704 -0.00706312386 0.0472562192 -0.152740052 -0.00694408245 0.0249557872 -0.141431124 -0.0141262477 0.0472562192 -0.152740052 -0.00694408245 0.0249557872 -0.140716868 -0.0138881649 0.0255509955 -0.140716868 -0.0138881649 0.0255509955 -0.152740052 -0.00694408245 0.0249557872 -0.150954437 -0.00678536057 -0.00556841371 -0.140716868 -0.0138881649 0.0255509955 -0.150954437 -0.00678536057 -0.00556841371 -0.139209017 -0.0135707211 -0.0050128847 -0.139209017 -0.0135707211 -0.0050128847 -0.150954437 -0.00678536057 -0.00556841371 -0.149327529 -0.00658695821 -0.0410427525 -0.139209017 -0.0135707211 -0.0050128847 -0.149327529 -0.00658695821 -0.0410427525 -0.137939242 -0.0131739164 -0.0408046697 -0.137939242 -0.0131739164 -0.0408046697 -0.149327529 -0.00658695821 -0.0410427525 -0.148891048 -0.00638855585 -0.0779455919 -0.137939242 -0.0131739164 -0.0408046697 -0.148891048 -0.00638855585 -0.0779455919 -0.137859874 -0.0127374312 -0.0782233552 -0.137859874 -0.0127374312 -0.0782233552 -0.148891048 -0.00638855585 -0.0779455919 -0.150597304 -0.00615047303 -0.112546964 -0.137859874 -0.0127374312 -0.0782233552 -0.150597304 -0.00615047303 -0.112546964 -0.140042301 -0.0122612656 -0.113697696 -0.140042301 -0.0122612656 -0.113697696 -0.150597304 -0.00615047303 -0.112546964 -0.155319281 -0.0059123902 -0.14333901 -0.140042301 -0.0122612656 -0.113697696 -0.155319281 -0.0059123902 -0.14333901 -0.145319808 -0.0117850999 -0.145481753 -0.145319808 -0.0117850999 -0.145481753 -0.155319281 -0.0059123902 -0.14333901 -0.162908182 -0.00567430737 -0.174696504 -0.145319808 -0.0117850999 -0.145481753 -0.162908182 -0.00567430737 -0.174696504 -0.153493987 -0.0113089343 -0.17743445 -0.153493987 -0.0113089343 -0.17743445 -0.162908182 -0.00567430737 -0.174696504 -0.172391816 -0.00539654408 -0.206044069 -0.153493987 -0.0113089343 -0.17743445 -0.172391816 -0.00539654408 -0.206044069 -0.16354307 -0.0107930882 -0.20905979 -0.16354307 -0.0107930882 -0.20905979 -0.172391816 -0.00539654408 -0.206044069 -0.182748413 -0.00511878078 -0.236598039 -0.16354307 -0.0107930882 -0.20905979 -0.182748413 -0.00511878078 -0.236598039 -0.174455196 -0.0102375616 -0.239663349 -0.174455196 -0.0102375616 -0.239663349 -0.182748413 -0.00511878078 -0.236598039 -0.193025651 -0.00480133701 -0.265455662 -0.174455196 -0.0102375616 -0.239663349 -0.193025651 -0.00480133701 -0.265455662 -0.185287963 -0.00956299354 -0.268392005 -0.185287963 -0.00956299354 -0.268392005 -0.193025651 -0.00480133701 -0.265455662 -0.202310889 -0.0044045323 -0.291843165 -0.185287963 -0.00956299354 -0.268392005 -0.202310889 -0.0044045323 -0.291843165 -0.195168389 -0.00880906459 -0.29462081 -0.195168389 -0.00880906459 -0.29462081 -0.202310889 -0.0044045323 -0.291843165 -0.211992919 -0.00392836664 -0.317318025 -0.195168389 -0.00880906459 -0.29462081 -0.211992919 -0.00392836664 -0.317318025 -0.205763081 -0.00785673329 -0.320065911 -0.205763081 -0.00785673329 -0.320065911 -0.211992919 -0.00392836664 -0.317318025 -0.222032082 -0.00337284005 -0.341691766 -0.205763081 -0.00785673329 -0.320065911 -0.222032082 -0.00337284005 -0.341691766 -0.216754566 -0.00674568009 -0.344191637 -0.216754566 -0.00674568009 -0.344191637 -0.222032082 -0.00337284005 -0.341691766 -0.231595074 -0.00281731345 -0.363754113 -0.216754566 -0.00674568009 -0.344191637 -0.231595074 -0.00281731345 -0.363754113 -0.227190541 -0.0056346269 -0.365896851 -0.227190541 -0.0056346269 -0.365896851 -0.231595074 -0.00281731345 -0.363754113 -0.239769254 -0.0023411478 -0.382205531 -0.227190541 -0.0056346269 -0.365896851 -0.239769254 -0.0023411478 -0.382205531 -0.236078966 -0.00472197607 -0.383991136 -0.236078966 -0.00472197607 -0.383991136 -0.239769254 -0.0023411478 -0.382205531 -0.245651878 -0.00202370403 -0.395776245 -0.236078966 -0.00472197607 -0.383991136 -0.245651878 -0.00202370403 -0.395776245 -0.242427841 -0.00404740806 -0.397204737 -0.242427841 -0.00404740806 -0.397204737 -0.245651878 -0.00202370403 -0.395776245 -0.245929633 -0.00194434309 -0.396649208 -0.242427841 -0.00404740806 -0.397204737 -0.245929633 -0.00194434309 -0.396649208 -0.242824634 -0.00392836664 -0.39803804 -0.242824634 -0.00392836664 -0.39803804 -0.245929633 -0.00194434309 -0.396649208 -0.245969312 -0.00174594073 -0.397641228 -0.242824634 -0.00392836664 -0.39803804 -0.245969312 -0.00174594073 -0.397641228 -0.243181767 -0.00349188146 -0.398871324 -0.243181767 -0.00349188146 -0.398871324 -0.245969312 -0.00174594073 -0.397641228 -0.245691557 -0.00134913602 -0.398752286 -0.243181767 -0.00349188146 -0.398871324 -0.245691557 -0.00134913602 -0.398752286 -0.243578579 -0.00265859157 -0.399704608 -0.243578579 -0.00265859157 -0.399704608 -0.245691557 -0.00134913602 -0.398752286 -0.243945612 0 -0.400537911 -0.141431124 0 0.0599936493 -0.149525935 0.00468229559 0.0567795323 -0.149525935 -0.00468229559 0.0567795323 -0.149525935 -0.00468229559 0.0567795323 -0.149525935 0.00468229559 0.0567795323 -0.152025806 0.00611079256 0.0536050946 -0.149525935 -0.00468229559 0.0567795323 -0.152025806 0.00611079256 0.0536050946 -0.152025806 -0.00611079256 0.0536050946 -0.152025806 -0.00611079256 0.0536050946 -0.152025806 0.00611079256 0.0536050946 -0.153295581 0.00686472151 0.0504306569 -0.152025806 -0.00611079256 0.0536050946 -0.153295581 0.00686472151 0.0504306569 -0.153295581 -0.00686472151 0.0504306569 -0.153295581 -0.00686472151 0.0504306569 -0.153295581 0.00686472151 0.0504306569 -0.153652704 0.00706312386 0.0472562192 -0.153295581 -0.00686472151 0.0504306569 -0.153652704 0.00706312386 0.0472562192 -0.153652704 -0.00706312386 0.0472562192 -0.153652704 -0.00706312386 0.0472562192 -0.153652704 0.00706312386 0.0472562192 -0.152740052 0.00694408245 0.0249557872 -0.153652704 -0.00706312386 0.0472562192 -0.152740052 0.00694408245 0.0249557872 -0.152740052 -0.00694408245 0.0249557872 -0.152740052 -0.00694408245 0.0249557872 -0.152740052 0.00694408245 0.0249557872 -0.150954437 0.00678536057 -0.00556841371 -0.152740052 -0.00694408245 0.0249557872 -0.150954437 0.00678536057 -0.00556841371 -0.150954437 -0.00678536057 -0.00556841371 -0.150954437 -0.00678536057 -0.00556841371 -0.150954437 0.00678536057 -0.00556841371 -0.149327529 0.00658695821 -0.0410427525 -0.150954437 -0.00678536057 -0.00556841371 -0.149327529 0.00658695821 -0.0410427525 -0.149327529 -0.00658695821 -0.0410427525 -0.149327529 -0.00658695821 -0.0410427525 -0.149327529 0.00658695821 -0.0410427525 -0.148891048 0.00638855585 -0.0779455919 -0.149327529 -0.00658695821 -0.0410427525 -0.148891048 0.00638855585 -0.0779455919 -0.148891048 -0.00638855585 -0.0779455919 -0.148891048 -0.00638855585 -0.0779455919 -0.148891048 0.00638855585 -0.0779455919 -0.150597304 0.00615047303 -0.112546964 -0.148891048 -0.00638855585 -0.0779455919 -0.150597304 0.00615047303 -0.112546964 -0.150597304 -0.00615047303 -0.112546964 -0.150597304 -0.00615047303 -0.112546964 -0.150597304 0.00615047303 -0.112546964 -0.155319281 0.0059123902 -0.14333901 -0.150597304 -0.00615047303 -0.112546964 -0.155319281 0.0059123902 -0.14333901 -0.155319281 -0.0059123902 -0.14333901 -0.155319281 -0.0059123902 -0.14333901 -0.155319281 0.0059123902 -0.14333901 -0.162908182 0.00567430737 -0.174696504 -0.155319281 -0.0059123902 -0.14333901 -0.162908182 0.00567430737 -0.174696504 -0.162908182 -0.00567430737 -0.174696504 -0.162908182 -0.00567430737 -0.174696504 -0.162908182 0.00567430737 -0.174696504 -0.172391816 0.00539654408 -0.206044069 -0.162908182 -0.00567430737 -0.174696504 -0.172391816 0.00539654408 -0.206044069 -0.172391816 -0.00539654408 -0.206044069 -0.172391816 -0.00539654408 -0.206044069 -0.172391816 0.00539654408 -0.206044069 -0.182748413 0.00511878078 -0.236598039 -0.172391816 -0.00539654408 -0.206044069 -0.182748413 0.00511878078 -0.236598039 -0.182748413 -0.00511878078 -0.236598039 -0.182748413 -0.00511878078 -0.236598039 -0.182748413 0.00511878078 -0.236598039 -0.193025651 0.00480133701 -0.265455662 -0.182748413 -0.00511878078 -0.236598039 -0.193025651 0.00480133701 -0.265455662 -0.193025651 -0.00480133701 -0.265455662 -0.193025651 -0.00480133701 -0.265455662 -0.193025651 0.00480133701 -0.265455662 -0.202310889 0.0044045323 -0.291843165 -0.193025651 -0.00480133701 -0.265455662 -0.202310889 0.0044045323 -0.291843165 -0.202310889 -0.0044045323 -0.291843165 -0.202310889 -0.0044045323 -0.291843165 -0.202310889 0.0044045323 -0.291843165 -0.211992919 0.00392836664 -0.317318025 -0.202310889 -0.0044045323 -0.291843165 -0.211992919 0.00392836664 -0.317318025 -0.211992919 -0.00392836664 -0.317318025 -0.211992919 -0.00392836664 -0.317318025 -0.211992919 0.00392836664 -0.317318025 -0.222032082 0.00337284005 -0.341691766 -0.211992919 -0.00392836664 -0.317318025 -0.222032082 0.00337284005 -0.341691766 -0.222032082 -0.00337284005 -0.341691766 -0.222032082 -0.00337284005 -0.341691766 -0.222032082 0.00337284005 -0.341691766 -0.231595074 0.00281731345 -0.363754113 -0.222032082 -0.00337284005 -0.341691766 -0.231595074 0.00281731345 -0.363754113 -0.231595074 -0.00281731345 -0.363754113 -0.231595074 -0.00281731345 -0.363754113 -0.231595074 0.00281731345 -0.363754113 -0.239769254 0.0023411478 -0.382205531 -0.231595074 -0.00281731345 -0.363754113 -0.239769254 0.0023411478 -0.382205531 -0.239769254 -0.0023411478 -0.382205531 -0.239769254 -0.0023411478 -0.382205531 -0.239769254 0.0023411478 -0.382205531 -0.245651878 0.00202370403 -0.395776245 -0.239769254 -0.0023411478 -0.382205531 -0.245651878 0.00202370403 -0.395776245 -0.245651878 -0.00202370403 -0.395776245 -0.245651878 -0.00202370403 -0.395776245 -0.245651878 0.00202370403 -0.395776245 -0.245929633 0.00194434309 -0.396649208 -0.245651878 -0.00202370403 -0.395776245 -0.245929633 0.00194434309 -0.396649208 -0.245929633 -0.00194434309 -0.396649208 -0.245929633 -0.00194434309 -0.396649208 -0.245929633 0.00194434309 -0.396649208 -0.245969312 0.00174594073 -0.397641228 -0.245929633 -0.00194434309 -0.396649208 -0.245969312 0.00174594073 -0.397641228 -0.245969312 -0.00174594073 -0.397641228 -0.245969312 -0.00174594073 -0.397641228 -0.245969312 0.00174594073 -0.397641228 -0.245691557 0.00134913602 -0.398752286 -0.245969312 -0.00174594073 -0.397641228 -0.245691557 0.00134913602 -0.398752286 -0.245691557 -0.00134913602 -0.398752286 -0.245691557 -0.00134913602 -0.398752286 -0.245691557 0.00134913602 -0.398752286 -0.243945612 0 -0.400537911 -0.141431124 0 0.0599936493 -0.141431124 0.00936459119 0.0567795323 -0.149525935 0.00468229559 0.0567795323 -0.149525935 0.00468229559 0.0567795323 -0.141431124 0.00936459119 0.0567795323 -0.141431124 0.0122612656 0.0536050946 -0.149525935 0.00468229559 0.0567795323 -0.141431124 0.0122612656 0.0536050946 -0.152025806 0.00611079256 0.0536050946 -0.152025806 0.00611079256 0.0536050946 -0.141431124 0.0122612656 0.0536050946 -0.141431124 0.0136897625 0.0504306569 -0.152025806 0.00611079256 0.0536050946 -0.141431124 0.0136897625 0.0504306569 -0.153295581 0.00686472151 0.0504306569 -0.153295581 0.00686472151 0.0504306569 -0.141431124 0.0136897625 0.0504306569 -0.141431124 0.0141262477 0.0472562192 -0.153295581 0.00686472151 0.0504306569 -0.141431124 0.0141262477 0.0472562192 -0.153652704 0.00706312386 0.0472562192 -0.153652704 0.00706312386 0.0472562192 -0.141431124 0.0141262477 0.0472562192 -0.140716868 0.0138881649 0.0255509955 -0.153652704 0.00706312386 0.0472562192 -0.140716868 0.0138881649 0.0255509955 -0.152740052 0.00694408245 0.0249557872 -0.152740052 0.00694408245 0.0249557872 -0.140716868 0.0138881649 0.0255509955 -0.139209017 0.0135707211 -0.0050128847 -0.152740052 0.00694408245 0.0249557872 -0.139209017 0.0135707211 -0.0050128847 -0.150954437 0.00678536057 -0.00556841371 -0.150954437 0.00678536057 -0.00556841371 -0.139209017 0.0135707211 -0.0050128847 -0.137939242 0.0131739164 -0.0408046697 -0.150954437 0.00678536057 -0.00556841371 -0.137939242 0.0131739164 -0.0408046697 -0.149327529 0.00658695821 -0.0410427525 -0.149327529 0.00658695821 -0.0410427525 -0.137939242 0.0131739164 -0.0408046697 -0.137859874 0.0127374312 -0.0782233552 -0.149327529 0.00658695821 -0.0410427525 -0.137859874 0.0127374312 -0.0782233552 -0.148891048 0.00638855585 -0.0779455919 -0.148891048 0.00638855585 -0.0779455919 -0.137859874 0.0127374312 -0.0782233552 -0.140042301 0.0122612656 -0.113697696 -0.148891048 0.00638855585 -0.0779455919 -0.140042301 0.0122612656 -0.113697696 -0.150597304 0.00615047303 -0.112546964 -0.150597304 0.00615047303 -0.112546964 -0.140042301 0.0122612656 -0.113697696 -0.145319808 0.0117850999 -0.145481753 -0.150597304 0.00615047303 -0.112546964 -0.145319808 0.0117850999 -0.145481753 -0.155319281 0.0059123902 -0.14333901 -0.155319281 0.0059123902 -0.14333901 -0.145319808 0.0117850999 -0.145481753 -0.153493987 0.0113089343 -0.17743445 -0.155319281 0.0059123902 -0.14333901 -0.153493987 0.0113089343 -0.17743445 -0.162908182 0.00567430737 -0.174696504 -0.162908182 0.00567430737 -0.174696504 -0.153493987 0.0113089343 -0.17743445 -0.16354307 0.0107930882 -0.20905979 -0.162908182 0.00567430737 -0.174696504 -0.16354307 0.0107930882 -0.20905979 -0.172391816 0.00539654408 -0.206044069 -0.172391816 0.00539654408 -0.206044069 -0.16354307 0.0107930882 -0.20905979 -0.174455196 0.0102375616 -0.239663349 -0.172391816 0.00539654408 -0.206044069 -0.174455196 0.0102375616 -0.239663349 -0.182748413 0.00511878078 -0.236598039 -0.182748413 0.00511878078 -0.236598039 -0.174455196 0.0102375616 -0.239663349 -0.185287963 0.00956299354 -0.268392005 -0.182748413 0.00511878078 -0.236598039 -0.185287963 0.00956299354 -0.268392005 -0.193025651 0.00480133701 -0.265455662 -0.193025651 0.00480133701 -0.265455662 -0.185287963 0.00956299354 -0.268392005 -0.195168389 0.00880906459 -0.29462081 -0.193025651 0.00480133701 -0.265455662 -0.195168389 0.00880906459 -0.29462081 -0.202310889 0.0044045323 -0.291843165 -0.202310889 0.0044045323 -0.291843165 -0.195168389 0.00880906459 -0.29462081 -0.205763081 0.00785673329 -0.320065911 -0.202310889 0.0044045323 -0.291843165 -0.205763081 0.00785673329 -0.320065911 -0.211992919 0.00392836664 -0.317318025 -0.211992919 0.00392836664 -0.317318025 -0.205763081 0.00785673329 -0.320065911 -0.216754566 0.00674568009 -0.344191637 -0.211992919 0.00392836664 -0.317318025 -0.216754566 0.00674568009 -0.344191637 -0.222032082 0.00337284005 -0.341691766 -0.222032082 0.00337284005 -0.341691766 -0.216754566 0.00674568009 -0.344191637 -0.227190541 0.0056346269 -0.365896851 -0.222032082 0.00337284005 -0.341691766 -0.227190541 0.0056346269 -0.365896851 -0.231595074 0.00281731345 -0.363754113 -0.231595074 0.00281731345 -0.363754113 -0.227190541 0.0056346269 -0.365896851 -0.236078966 0.00472197607 -0.383991136 -0.231595074 0.00281731345 -0.363754113 -0.236078966 0.00472197607 -0.383991136 -0.239769254 0.0023411478 -0.382205531 -0.239769254 0.0023411478 -0.382205531 -0.236078966 0.00472197607 -0.383991136 -0.242427841 0.00404740806 -0.397204737 -0.239769254 0.0023411478 -0.382205531 -0.242427841 0.00404740806 -0.397204737 -0.245651878 0.00202370403 -0.395776245 -0.245651878 0.00202370403 -0.395776245 -0.242427841 0.00404740806 -0.397204737 -0.242824634 0.00392836664 -0.39803804 -0.245651878 0.00202370403 -0.395776245 -0.242824634 0.00392836664 -0.39803804 -0.245929633 0.00194434309 -0.396649208 -0.245929633 0.00194434309 -0.396649208 -0.242824634 0.00392836664 -0.39803804 -0.243181767 0.00349188146 -0.398871324 -0.245929633 0.00194434309 -0.396649208 -0.243181767 0.00349188146 -0.398871324 -0.245969312 0.00174594073 -0.397641228 -0.245969312 0.00174594073 -0.397641228 -0.243181767 0.00349188146 -0.398871324 -0.243578579 0.00265859157 -0.399704608 -0.245969312 0.00174594073 -0.397641228 -0.243578579 0.00265859157 -0.399704608 -0.245691557 0.00134913602 -0.398752286 -0.245691557 0.00134913602 -0.398752286 -0.243578579 0.00265859157 -0.399704608 -0.243945612 0 -0.400537911</float_array><technique_common><accessor source="#part1-positions-array" count="4068" stride="3"><param name="X" type="float" /><param name="Y" type="float" /><param name="Z" type="float" /></accessor></technique_common></source><source id="part1-normals"><float_array id="part1-normals-array" count="12204">0.0173858758 0.125490367 0.991942488 0.0173858758 0.125490367 0.991942488 0.0173858758 0.125490367 0.991942488 0.0522365393 0.377040682 0.924722482 0.0522365393 0.377040682 0.924722482 0.0522365393 0.377040682 0.924722482 0.0521219724 0.37722398 0.924654189 0.0521219724 0.37722398 0.924654189 0.0521219724 0.37722398 0.924654189 0.0859841032 0.622295438 0.778045707 0.0859841032 0.622295438 0.778045707 0.0859841032 0.622295438 0.778045707 0.0861055856 0.622038119 0.778238014 0.0861055856 0.622038119 0.778238014 0.0861055856 0.622038119 0.778238014 0.115977933 0.837839901 0.533454233 0.115977933 0.837839901 0.533454233 0.115977933 0.837839901 0.533454233 0.116013517 0.837774679 0.533548921 0.116013517 0.837774679 0.533548921 0.116013517 0.837774679 0.533548921 0.134594667 0.971955741 0.192837529 0.134594667 0.971955741 0.192837529 0.134594667 0.971955741 0.192837529 0.134404133 0.972097053 0.192257244 0.134404133 0.972097053 0.192257244 0.134404133 0.972097053 0.192257244 0.134386185 0.971967242 -0.192924942 0.134386185 0.971967242 -0.192924942 0.134386185 0.971967242 -0.192924942 0.134607463 0.972048148 -0.192362235 0.134607463 0.972048148 -0.192362235 0.134607463 0.972048148 -0.192362235 0.11604975 0.838036332 -0.533129967 0.11604975 0.838036332 -0.533129967 0.11604975 0.838036332 -0.533129967 0.115998561 0.837988918 -0.533215629 0.115998561 0.837988918 -0.533215629 0.115998561 0.837988918 -0.533215629 0.0861306177 0.622218955 -0.778090669 0.0861306177 0.622218955 -0.778090669 0.0861306177 0.622218955 -0.778090669 0.085949717 0.622046574 -0.778248486 0.085949717 0.622046574 -0.778248486 0.085949717 0.622046574 -0.778248486 0.0520318467 0.376571711 -0.924925096 0.0520318467 0.376571711 -0.924925096 0.0520318467 0.376571711 -0.924925096 0.0521843237 0.376663793 -0.92487901 0.0521843237 0.376663793 -0.92487901 0.0521843237 0.376663793 -0.92487901 0.0174718478 0.126110908 -0.991862275 0.0174718478 0.126110908 -0.991862275 0.0174718478 0.126110908 -0.991862275 0.0486583414 0.100887951 0.993707194 0.0486583414 0.100887951 0.993707194 0.0486583414 0.100887951 0.993707194 0.148460873 0.307818001 0.939791172 0.148460873 0.307818001 0.939791172 0.148460873 0.307818001 0.939791172 0.148555468 0.307399367 0.939913242 0.148555468 0.307399367 0.939913242 0.148555468 0.307399367 0.939913242 0.252480363 0.52244663 0.814434273 0.252480363 0.52244663 0.814434273 0.252480363 0.52244663 0.814434273 0.252501011 0.522288247 0.814529451 0.252501011 0.522288247 0.814529451 0.252501011 0.522288247 0.814529451 0.353982665 0.732198991 0.581877058 0.353982665 0.732198991 0.581877058 0.353982665 0.732198991 0.581877058 0.353910763 0.732587852 0.581431175 0.353910763 0.732587852 0.581431175 0.353910763 0.732587852 0.581431175 0.424647512 0.879011438 0.216825698 0.424647512 0.879011438 0.216825698 0.424647512 0.879011438 0.216825698 0.424810782 0.878778919 0.217447491 0.424810782 0.878778919 0.217447491 0.424810782 0.878778919 0.217447491 0.424855018 0.878870426 -0.216990753 0.424855018 0.878870426 -0.216990753 0.424855018 0.878870426 -0.216990753 0.424576521 0.878864489 -0.21755916 0.424576521 0.878864489 -0.21755916 0.424576521 0.878864489 -0.21755916 0.353904791 0.732575489 -0.581450386 0.353904791 0.732575489 -0.581450386 0.353904791 0.732575489 -0.581450386 0.354219086 0.732688019 -0.581117118 0.354219086 0.732688019 -0.581117118 0.354219086 0.732688019 -0.581117118 0.252539152 0.522367141 -0.814467032 0.252539152 0.522367141 -0.814467032 0.252539152 0.522367141 -0.814467032 0.252427937 0.522338147 -0.814520102 0.252427937 0.522338147 -0.814520102 0.252427937 0.522338147 -0.814520102 0.148393243 0.307063683 -0.940048584 0.148393243 0.307063683 -0.940048584 0.148393243 0.307063683 -0.940048584 0.148111577 0.307093772 -0.940083175 0.148111577 0.307093772 -0.940083175 0.148111577 0.307093772 -0.940083175 0.0488998169 0.101388625 -0.99364438 0.0488998169 0.101388625 -0.99364438 0.0488998169 0.101388625 -0.99364438 0.0705484585 0.0560418412 0.995932843 0.0705484585 0.0560418412 0.995932843 0.0705484585 0.0560418412 0.995932843 0.219322666 0.174224162 0.959970577 0.219322666 0.174224162 0.959970577 0.219322666 0.174224162 0.959970577 0.219336634 0.174418298 0.959932132 0.219336634 0.174418298 0.959932132 0.219336634 0.174418298 0.959932132 0.38871326 0.309107985 0.867959823 0.38871326 0.309107985 0.867959823 0.38871326 0.309107985 0.867959823 0.388722251 0.309153365 0.867939634 0.388722251 0.309153365 0.867939634 0.388722251 0.309153365 0.867939634 0.584783332 0.465082033 0.664625577 0.584783332 0.465082033 0.664625577 0.584783332 0.465082033 0.664625577 0.584662212 0.464478819 0.66515376 0.584662212 0.464478819 0.66515376 0.584662212 0.464478819 0.66515376 0.754563501 0.599455132 0.266997131 0.754563501 0.599455132 0.266997131 0.754563501 0.599455132 0.266997131 0.754544017 0.599568993 0.266796458 0.754544017 0.599568993 0.266796458 0.754544017 0.599568993 0.266796458 0.754471753 0.599511571 -0.26712965 0.754471753 0.599511571 -0.26712965 0.754471753 0.599511571 -0.26712965 0.754573691 0.599463228 -0.26695015 0.754573691 0.599463228 -0.26695015 0.754573691 0.599463228 -0.26695015 0.585176522 0.464887407 -0.664415635 0.585176522 0.464887407 -0.664415635 0.585176522 0.464887407 -0.664415635 0.584673876 0.464994981 -0.664782767 0.584673876 0.464994981 -0.664782767 0.584673876 0.464994981 -0.664782767 0.388705113 0.309139735 -0.867952164 0.388705113 0.309139735 -0.867952164 0.388705113 0.309139735 -0.867952164 0.388736938 0.309126815 -0.867942513 0.388736938 0.309126815 -0.867942513 0.388736938 0.309126815 -0.867942513 0.218945428 0.174107207 -0.960077903 0.218945428 0.174107207 -0.960077903 0.218945428 0.174107207 -0.960077903 0.21905318 0.174010089 -0.960070931 0.21905318 0.174010089 -0.960070931 0.21905318 0.174010089 -0.960070931 0.0709001494 0.0563212152 -0.995892107 0.0709001494 0.0563212152 -0.995892107 0.0709001494 0.0563212152 -0.995892107 0.0783753698 -0 0.99692392 0.0783753698 -0 0.99692392 0.0783753698 -0 0.99692392 0.245805805 0 0.969319094 0.245805805 0 0.969319094 0.245805805 0 0.969319094 0.245805805 -0 0.969319094 0.245805805 -0 0.969319094 0.245805805 -0 0.969319094 0.445186592 0 0.895437825 0.445186592 0 0.895437825 0.445186592 0 0.895437825 0.445186592 -0 0.895437825 0.445186592 -0 0.895437825 0.445186592 -0 0.895437825 0.698517931 0 0.715592552 0.698517931 0 0.715592552 0.698517931 0 0.715592552 0.698517931 -0 0.715592552 0.698517931 -0 0.715592552 0.698517931 -0 0.715592552 0.952836301 0 0.303484735 0.952836301 0 0.303484735 0.952836301 0 0.303484735 0.952836301 -0 0.303484735 0.952836301 -0 0.303484735 0.952836301 -0 0.303484735 0.952783947 0 -0.303649059 0.952783947 0 -0.303649059 0.952783947 0 -0.303649059 0.952783947 0 -0.303649059 0.952783947 0 -0.303649059 0.952783947 0 -0.303649059 0.698832835 0 -0.715285027 0.698832835 0 -0.715285027 0.698832835 0 -0.715285027 0.698832835 0 -0.715285027 0.698832835 0 -0.715285027 0.698832835 0 -0.715285027 0.44518664 0 -0.895437801 0.44518664 0 -0.895437801 0.44518664 0 -0.895437801 0.44518664 0 -0.895437801 0.44518664 0 -0.895437801 0.44518664 0 -0.895437801 0.245406712 0 -0.969420211 0.245406712 0 -0.969420211 0.245406712 0 -0.969420211 0.245406712 0 -0.969420211 0.245406712 0 -0.969420211 0.245406712 0 -0.969420211 0.0787668625 0 -0.996893064 0.0787668625 0 -0.996893064 0.0787668625 0 -0.996893064 0.0705484585 -0.0560418412 0.995932843 0.0705484585 -0.0560418412 0.995932843 0.0705484585 -0.0560418412 0.995932843 0.219402561 -0.174287628 0.9599408 0.219402561 -0.174287628 0.9599408 0.219402561 -0.174287628 0.9599408 0.219294642 -0.174384905 0.959947793 0.219294642 -0.174384905 0.959947793 0.219294642 -0.174384905 0.959947793 0.388736898 -0.309126783 0.867942542 0.388736898 -0.309126783 0.867942542 0.388736898 -0.309126783 0.867942542 0.388705073 -0.309139703 0.867952193 0.388705073 -0.309139703 0.867952193 0.388705073 -0.309139703 0.867952193 0.584446283 -0.464813975 0.665109398 0.584446283 -0.464813975 0.665109398 0.584446283 -0.464813975 0.665109398 0.584948985 -0.464706643 0.664742372 0.584948985 -0.464706643 0.664742372 0.584948985 -0.464706643 0.664742372 0.754605737 -0.599488686 0.266802356 0.754605737 -0.599488686 0.266802356 0.754605737 -0.599488686 0.266802356 0.754503837 -0.599537066 0.266981772 0.754503837 -0.599537066 0.266981772 0.754503837 -0.599537066 0.266981772 0.754511975 -0.599543532 -0.266944249 0.754511975 -0.599543532 -0.266944249 0.754511975 -0.599543532 -0.266944249 0.754531411 -0.599429638 -0.267145016 0.754531411 -0.599429638 -0.267145016 0.754531411 -0.599429638 -0.267145016 0.58488992 -0.464659719 -0.664827141 0.58488992 -0.464659719 -0.664827141 0.58488992 -0.464659719 -0.664827141 0.585010725 -0.46526288 -0.664298806 0.585010725 -0.46526288 -0.664298806 0.585010725 -0.46526288 -0.664298806 0.388722291 -0.309153396 -0.867939605 0.388722291 -0.309153396 -0.867939605 0.388722291 -0.309153396 -0.867939605 0.388713299 -0.309108017 -0.867959794 0.388713299 -0.309108017 -0.867959794 0.388713299 -0.309108017 -0.867959794 0.218987365 -0.174140556 -0.96006229 0.218987365 -0.174140556 -0.96006229 0.218987365 -0.174140556 -0.96006229 0.218973391 -0.173946707 -0.960100618 0.218973391 -0.173946707 -0.960100618 0.218973391 -0.173946707 -0.960100618 0.0709001494 -0.0563212152 -0.995892107 0.0709001494 -0.0563212152 -0.995892107 0.0709001494 -0.0563212152 -0.995892107 0.0486583414 -0.100887951 0.993707194 0.0486583414 -0.100887951 0.993707194 0.0486583414 -0.100887951 0.993707194 0.148338053 -0.307563345 0.939893936 0.148338053 -0.307563345 0.939893936 0.148338053 -0.307563345 0.939893936 0.148620133 -0.307533175 0.939859246 0.148620133 -0.307533175 0.939859246 0.148620133 -0.307533175 0.939859246 0.252427914 -0.5223381 0.81452014 0.252427914 -0.5223381 0.81452014 0.252427914 -0.5223381 0.81452014 0.25253913 -0.522367094 0.814467069 0.25253913 -0.522367094 0.814467069 0.25253913 -0.522367094 0.814467069 0.354113709 -0.732470052 0.581456021 0.354113709 -0.732470052 0.581456021 0.354113709 -0.732470052 0.581456021 0.353799387 -0.732357305 0.581789284 0.353799387 -0.732357305 0.581789284 0.353799387 -0.732357305 0.581789284 0.424588497 -0.878889278 0.21743561 0.424588497 -0.878889278 0.21743561 0.424588497 -0.878889278 0.21743561 0.424866939 -0.878895087 0.216867494 0.424866939 -0.878895087 0.216867494 0.424866939 -0.878895087 0.216867494 0.424798799 -0.878754129 -0.217571047 0.424798799 -0.878754129 -0.217571047 0.424798799 -0.878754129 -0.217571047 0.424635601 -0.878986783 -0.216948936 0.424635601 -0.878986783 -0.216948936 0.424635601 -0.878986783 -0.216948936 0.35401607 -0.732805836 -0.581092272 0.35401607 -0.732805836 -0.581092272 0.35401607 -0.732805836 -0.581092272 0.354088155 -0.732417194 -0.581538161 0.354088155 -0.732417194 -0.581538161 0.354088155 -0.732417194 -0.581538161 0.252501034 -0.522288294 -0.814529414 0.252501034 -0.522288294 -0.814529414 0.252501034 -0.522288294 -0.814529414 0.252480385 -0.522446676 -0.814434236 0.252480385 -0.522446676 -0.814434236 0.252480385 -0.522446676 -0.814434236 0.148328651 -0.306930024 -0.940102426 0.148328651 -0.306930024 -0.940102426 0.148328651 -0.306930024 -0.940102426 0.14823426 -0.307348141 -0.939980704 0.14823426 -0.307348141 -0.939980704 0.14823426 -0.307348141 -0.939980704 0.0488998169 -0.101388625 -0.99364438 0.0488998169 -0.101388625 -0.99364438 0.0488998169 -0.101388625 -0.99364438 0.0173858758 -0.125490367 0.991942488 0.0173858758 -0.125490367 0.991942488 0.0173858758 -0.125490367 0.991942488 0.0522615522 -0.377221224 0.924647434 0.0522615522 -0.377221224 0.924647434 0.0522615522 -0.377221224 0.924647434 0.0521088573 -0.377129062 0.924693645 0.0521088573 -0.377129062 0.924693645 0.0521088573 -0.377129062 0.924693645 0.0859497099 -0.622046523 0.778248528 0.0859497099 -0.622046523 0.778248528 0.0859497099 -0.622046523 0.778248528 0.0861306107 -0.622218904 0.778090711 0.0861306107 -0.622218904 0.778090711 0.0861306107 -0.622218904 0.778090711 0.115969505 -0.837779014 0.533551682 0.115969505 -0.837779014 0.533551682 0.115969505 -0.837779014 0.533551682 0.116020691 -0.837826484 0.533466009 0.116020691 -0.837826484 0.533466009 0.116020691 -0.837826484 0.533466009 0.134610432 -0.972069582 0.192251811 0.134610432 -0.972069582 0.192251811 0.134610432 -0.972069582 0.192251811 0.134389166 -0.971988801 0.192814219 0.134389166 -0.971988801 0.192814219 0.134389166 -0.971988801 0.192814219 0.134401169 -0.972075617 -0.192367671 0.134401169 -0.972075617 -0.192367671 0.134401169 -0.972075617 -0.192367671 0.134591681 -0.971934178 -0.192948263 0.134591681 -0.971934178 -0.192948263 0.134591681 -0.971934178 -0.192948263 0.116042584 -0.837984579 -0.533212869 0.116042584 -0.837984579 -0.533212869 0.116042584 -0.837984579 -0.533212869 0.11600698 -0.838049743 -0.533118193 0.11600698 -0.838049743 -0.533118193 0.11600698 -0.838049743 -0.533118193 0.0861055926 -0.62203817 -0.778237973 0.0861055926 -0.62203817 -0.778237973 0.0861055926 -0.62203817 -0.778237973 0.0859841103 -0.622295489 -0.778045665 0.0859841103 -0.622295489 -0.778045665 0.0859841103 -0.622295489 -0.778045665 0.0520449489 -0.376666536 -0.924885746 0.0520449489 -0.376666536 -0.924885746 0.0520449489 -0.376666536 -0.924885746 0.0521593352 -0.376483427 -0.924953855 0.0521593352 -0.376483427 -0.924953855 0.0521593352 -0.376483427 -0.924953855 0.0174718478 -0.126110908 -0.991862275 0.0174718478 -0.126110908 -0.991862275 0.0174718478 -0.126110908 -0.991862275 -0.0173858758 -0.125490367 0.991942488 -0.0173858758 -0.125490367 0.991942488 -0.0173858758 -0.125490367 0.991942488 -0.0522365393 -0.377040682 0.924722482 -0.0522365393 -0.377040682 0.924722482 -0.0522365393 -0.377040682 0.924722482 -0.0521219724 -0.37722398 0.924654189 -0.0521219724 -0.37722398 0.924654189 -0.0521219724 -0.37722398 0.924654189 -0.0859841032 -0.622295438 0.778045707 -0.0859841032 -0.622295438 0.778045707 -0.0859841032 -0.622295438 0.778045707 -0.0861055856 -0.622038119 0.778238014 -0.0861055856 -0.622038119 0.778238014 -0.0861055856 -0.622038119 0.778238014 -0.115977933 -0.837839901 0.533454233 -0.115977933 -0.837839901 0.533454233 -0.115977933 -0.837839901 0.533454233 -0.116013517 -0.837774679 0.533548921 -0.116013517 -0.837774679 0.533548921 -0.116013517 -0.837774679 0.533548921 -0.134594667 -0.971955741 0.192837529 -0.134594667 -0.971955741 0.192837529 -0.134594667 -0.971955741 0.192837529 -0.134404133 -0.972097053 0.192257244 -0.134404133 -0.972097053 0.192257244 -0.134404133 -0.972097053 0.192257244 -0.134386185 -0.971967242 -0.192924942 -0.134386185 -0.971967242 -0.192924942 -0.134386185 -0.971967242 -0.192924942 -0.134607463 -0.972048148 -0.192362235 -0.134607463 -0.972048148 -0.192362235 -0.134607463 -0.972048148 -0.192362235 -0.11604975 -0.838036332 -0.533129967 -0.11604975 -0.838036332 -0.533129967 -0.11604975 -0.838036332 -0.533129967 -0.115998561 -0.837988918 -0.533215629 -0.115998561 -0.837988918 -0.533215629 -0.115998561 -0.837988918 -0.533215629 -0.0861306177 -0.622218955 -0.778090669 -0.0861306177 -0.622218955 -0.778090669 -0.0861306177 -0.622218955 -0.778090669 -0.085949717 -0.622046574 -0.778248486 -0.085949717 -0.622046574 -0.778248486 -0.085949717 -0.622046574 -0.778248486 -0.0520318467 -0.376571711 -0.924925096 -0.0520318467 -0.376571711 -0.924925096 -0.0520318467 -0.376571711 -0.924925096 -0.0521843237 -0.376663793 -0.92487901 -0.0521843237 -0.376663793 -0.92487901 -0.0521843237 -0.376663793 -0.92487901 -0.0174718478 -0.126110908 -0.991862275 -0.0174718478 -0.126110908 -0.991862275 -0.0174718478 -0.126110908 -0.991862275 -0.0486583414 -0.100887951 0.993707194 -0.0486583414 -0.100887951 0.993707194 -0.0486583414 -0.100887951 0.993707194 -0.148460873 -0.307818001 0.939791172 -0.148460873 -0.307818001 0.939791172 -0.148460873 -0.307818001 0.939791172 -0.148555468 -0.307399367 0.939913242 -0.148555468 -0.307399367 0.939913242 -0.148555468 -0.307399367 0.939913242 -0.252480363 -0.52244663 0.814434273 -0.252480363 -0.52244663 0.814434273 -0.252480363 -0.52244663 0.814434273 -0.252501011 -0.522288247 0.814529451 -0.252501011 -0.522288247 0.814529451 -0.252501011 -0.522288247 0.814529451 -0.353982665 -0.732198991 0.581877058 -0.353982665 -0.732198991 0.581877058 -0.353982665 -0.732198991 0.581877058 -0.353910763 -0.732587852 0.581431175 -0.353910763 -0.732587852 0.581431175 -0.353910763 -0.732587852 0.581431175 -0.424647512 -0.879011438 0.216825698 -0.424647512 -0.879011438 0.216825698 -0.424647512 -0.879011438 0.216825698 -0.424810782 -0.878778919 0.217447491 -0.424810782 -0.878778919 0.217447491 -0.424810782 -0.878778919 0.217447491 -0.424855018 -0.878870426 -0.216990753 -0.424855018 -0.878870426 -0.216990753 -0.424855018 -0.878870426 -0.216990753 -0.424576521 -0.878864489 -0.21755916 -0.424576521 -0.878864489 -0.21755916 -0.424576521 -0.878864489 -0.21755916 -0.353904791 -0.732575489 -0.581450386 -0.353904791 -0.732575489 -0.581450386 -0.353904791 -0.732575489 -0.581450386 -0.354219086 -0.732688019 -0.581117118 -0.354219086 -0.732688019 -0.581117118 -0.354219086 -0.732688019 -0.581117118 -0.252539152 -0.522367141 -0.814467032 -0.252539152 -0.522367141 -0.814467032 -0.252539152 -0.522367141 -0.814467032 -0.252427937 -0.522338147 -0.814520102 -0.252427937 -0.522338147 -0.814520102 -0.252427937 -0.522338147 -0.814520102 -0.148393243 -0.307063683 -0.940048584 -0.148393243 -0.307063683 -0.940048584 -0.148393243 -0.307063683 -0.940048584 -0.148111577 -0.307093772 -0.940083175 -0.148111577 -0.307093772 -0.940083175 -0.148111577 -0.307093772 -0.940083175 -0.0488998169 -0.101388625 -0.99364438 -0.0488998169 -0.101388625 -0.99364438 -0.0488998169 -0.101388625 -0.99364438 -0.0705484585 -0.0560418412 0.995932843 -0.0705484585 -0.0560418412 0.995932843 -0.0705484585 -0.0560418412 0.995932843 -0.219322666 -0.174224162 0.959970577 -0.219322666 -0.174224162 0.959970577 -0.219322666 -0.174224162 0.959970577 -0.219336634 -0.174418298 0.959932132 -0.219336634 -0.174418298 0.959932132 -0.219336634 -0.174418298 0.959932132 -0.38871326 -0.309107985 0.867959823 -0.38871326 -0.309107985 0.867959823 -0.38871326 -0.309107985 0.867959823 -0.388722251 -0.309153365 0.867939634 -0.388722251 -0.309153365 0.867939634 -0.388722251 -0.309153365 0.867939634 -0.584783332 -0.465082033 0.664625577 -0.584783332 -0.465082033 0.664625577 -0.584783332 -0.465082033 0.664625577 -0.584662212 -0.464478819 0.66515376 -0.584662212 -0.464478819 0.66515376 -0.584662212 -0.464478819 0.66515376 -0.754563501 -0.599455132 0.266997131 -0.754563501 -0.599455132 0.266997131 -0.754563501 -0.599455132 0.266997131 -0.754544017 -0.599568993 0.266796458 -0.754544017 -0.599568993 0.266796458 -0.754544017 -0.599568993 0.266796458 -0.754471753 -0.599511571 -0.26712965 -0.754471753 -0.599511571 -0.26712965 -0.754471753 -0.599511571 -0.26712965 -0.754573691 -0.599463228 -0.26695015 -0.754573691 -0.599463228 -0.26695015 -0.754573691 -0.599463228 -0.26695015 -0.585176522 -0.464887407 -0.664415635 -0.585176522 -0.464887407 -0.664415635 -0.585176522 -0.464887407 -0.664415635 -0.584673876 -0.464994981 -0.664782767 -0.584673876 -0.464994981 -0.664782767 -0.584673876 -0.464994981 -0.664782767 -0.388705113 -0.309139735 -0.867952164 -0.388705113 -0.309139735 -0.867952164 -0.388705113 -0.309139735 -0.867952164 -0.388736938 -0.309126815 -0.867942513 -0.388736938 -0.309126815 -0.867942513 -0.388736938 -0.309126815 -0.867942513 -0.218945428 -0.174107207 -0.960077903 -0.218945428 -0.174107207 -0.960077903 -0.218945428 -0.174107207 -0.960077903 -0.21905318 -0.174010089 -0.960070931 -0.21905318 -0.174010089 -0.960070931 -0.21905318 -0.174010089 -0.960070931 -0.0709001494 -0.0563212152 -0.995892107 -0.0709001494 -0.0563212152 -0.995892107 -0.0709001494 -0.0563212152 -0.995892107 -0.0783753698 0 0.99692392 -0.0783753698 0 0.99692392 -0.0783753698 0 0.99692392 -0.245805805 0 0.969319094 -0.245805805 0 0.969319094 -0.245805805 0 0.969319094 -0.245805805 0 0.969319094 -0.245805805 0 0.969319094 -0.245805805 0 0.969319094 -0.445186592 0 0.895437825 -0.445186592 0 0.895437825 -0.445186592 0 0.895437825 -0.445186592 0 0.895437825 -0.445186592 0 0.895437825 -0.445186592 0 0.895437825 -0.698517931 0 0.715592552 -0.698517931 0 0.715592552 -0.698517931 0 0.715592552 -0.698517931 0 0.715592552 -0.698517931 0 0.715592552 -0.698517931 0 0.715592552 -0.952836301 0 0.303484735 -0.952836301 0 0.303484735 -0.952836301 0 0.303484735 -0.952836301 0 0.303484735 -0.952836301 0 0.303484735 -0.952836301 0 0.303484735 -0.952783947 0 -0.303649059 -0.952783947 0 -0.303649059 -0.952783947 0 -0.303649059 -0.952783947 -0 -0.303649059 -0.952783947 -0 -0.303649059 -0.952783947 -0 -0.303649059 -0.698832835 0 -0.715285027 -0.698832835 0 -0.715285027 -0.698832835 0 -0.715285027 -0.698832835 -0 -0.715285027 -0.698832835 -0 -0.715285027 -0.698832835 -0 -0.715285027 -0.44518664 0 -0.895437801 -0.44518664 0 -0.895437801 -0.44518664 0 -0.895437801 -0.44518664 -0 -0.895437801 -0.44518664 -0 -0.895437801 -0.44518664 -0 -0.895437801 -0.245406712 0 -0.969420211 -0.245406712 0 -0.969420211 -0.245406712 0 -0.969420211 -0.245406712 -0 -0.969420211 -0.245406712 -0 -0.969420211 -0.245406712 -0 -0.969420211 -0.0787668625 0 -0.996893064 -0.0787668625 0 -0.996893064 -0.0787668625 0 -0.996893064 -0.0705484585 0.0560418412 0.995932843 -0.0705484585 0.0560418412 0.995932843 -0.0705484585 0.0560418412 0.995932843 -0.219402561 0.174287628 0.9599408 -0.219402561 0.174287628 0.9599408 -0.219402561 0.174287628 0.9599408 -0.219294642 0.174384905 0.959947793 -0.219294642 0.174384905 0.959947793 -0.219294642 0.174384905 0.959947793 -0.388736898 0.309126783 0.867942542 -0.388736898 0.309126783 0.867942542 -0.388736898 0.309126783 0.867942542 -0.388705073 0.309139703 0.867952193 -0.388705073 0.309139703 0.867952193 -0.388705073 0.309139703 0.867952193 -0.584446283 0.464813975 0.665109398 -0.584446283 0.464813975 0.665109398 -0.584446283 0.464813975 0.665109398 -0.584948985 0.464706643 0.664742372 -0.584948985 0.464706643 0.664742372 -0.584948985 0.464706643 0.664742372 -0.754605737 0.599488686 0.266802356 -0.754605737 0.599488686 0.266802356 -0.754605737 0.599488686 0.266802356 -0.754503837 0.599537066 0.266981772 -0.754503837 0.599537066 0.266981772 -0.754503837 0.599537066 0.266981772 -0.754511975 0.599543532 -0.266944249 -0.754511975 0.599543532 -0.266944249 -0.754511975 0.599543532 -0.266944249 -0.754531411 0.599429638 -0.267145016 -0.754531411 0.599429638 -0.267145016 -0.754531411 0.599429638 -0.267145016 -0.58488992 0.464659719 -0.664827141 -0.58488992 0.464659719 -0.664827141 -0.58488992 0.464659719 -0.664827141 -0.585010725 0.46526288 -0.664298806 -0.585010725 0.46526288 -0.664298806 -0.585010725 0.46526288 -0.664298806 -0.388722291 0.309153396 -0.867939605 -0.388722291 0.309153396 -0.867939605 -0.388722291 0.309153396 -0.867939605 -0.388713299 0.309108017 -0.867959794 -0.388713299 0.309108017 -0.867959794 -0.388713299 0.309108017 -0.867959794 -0.218987365 0.174140556 -0.96006229 -0.218987365 0.174140556 -0.96006229 -0.218987365 0.174140556 -0.96006229 -0.218973391 0.173946707 -0.960100618 -0.218973391 0.173946707 -0.960100618 -0.218973391 0.173946707 -0.960100618 -0.0709001494 0.0563212152 -0.995892107 -0.0709001494 0.0563212152 -0.995892107 -0.0709001494 0.0563212152 -0.995892107 -0.0486583414 0.100887951 0.993707194 -0.0486583414 0.100887951 0.993707194 -0.0486583414 0.100887951 0.993707194 -0.148338053 0.307563345 0.939893936 -0.148338053 0.307563345 0.939893936 -0.148338053 0.307563345 0.939893936 -0.148620133 0.307533175 0.939859246 -0.148620133 0.307533175 0.939859246 -0.148620133 0.307533175 0.939859246 -0.252427914 0.5223381 0.81452014 -0.252427914 0.5223381 0.81452014 -0.252427914 0.5223381 0.81452014 -0.25253913 0.522367094 0.814467069 -0.25253913 0.522367094 0.814467069 -0.25253913 0.522367094 0.814467069 -0.354113709 0.732470052 0.581456021 -0.354113709 0.732470052 0.581456021 -0.354113709 0.732470052 0.581456021 -0.353799387 0.732357305 0.581789284 -0.353799387 0.732357305 0.581789284 -0.353799387 0.732357305 0.581789284 -0.424588497 0.878889278 0.21743561 -0.424588497 0.878889278 0.21743561 -0.424588497 0.878889278 0.21743561 -0.424866939 0.878895087 0.216867494 -0.424866939 0.878895087 0.216867494 -0.424866939 0.878895087 0.216867494 -0.424798799 0.878754129 -0.217571047 -0.424798799 0.878754129 -0.217571047 -0.424798799 0.878754129 -0.217571047 -0.424635601 0.878986783 -0.216948936 -0.424635601 0.878986783 -0.216948936 -0.424635601 0.878986783 -0.216948936 -0.35401607 0.732805836 -0.581092272 -0.35401607 0.732805836 -0.581092272 -0.35401607 0.732805836 -0.581092272 -0.354088155 0.732417194 -0.581538161 -0.354088155 0.732417194 -0.581538161 -0.354088155 0.732417194 -0.581538161 -0.252501034 0.522288294 -0.814529414 -0.252501034 0.522288294 -0.814529414 -0.252501034 0.522288294 -0.814529414 -0.252480385 0.522446676 -0.814434236 -0.252480385 0.522446676 -0.814434236 -0.252480385 0.522446676 -0.814434236 -0.148328651 0.306930024 -0.940102426 -0.148328651 0.306930024 -0.940102426 -0.148328651 0.306930024 -0.940102426 -0.14823426 0.307348141 -0.939980704 -0.14823426 0.307348141 -0.939980704 -0.14823426 0.307348141 -0.939980704 -0.0488998169 0.101388625 -0.99364438 -0.0488998169 0.101388625 -0.99364438 -0.0488998169 0.101388625 -0.99364438 -0.0173858758 0.125490367 0.991942488 -0.0173858758 0.125490367 0.991942488 -0.0173858758 0.125490367 0.991942488 -0.0522615522 0.377221224 0.924647434 -0.0522615522 0.377221224 0.924647434 -0.0522615522 0.377221224 0.924647434 -0.0521088573 0.377129062 0.924693645 -0.0521088573 0.377129062 0.924693645 -0.0521088573 0.377129062 0.924693645 -0.0859497099 0.622046523 0.778248528 -0.0859497099 0.622046523 0.778248528 -0.0859497099 0.622046523 0.778248528 -0.0861306107 0.622218904 0.778090711 -0.0861306107 0.622218904 0.778090711 -0.0861306107 0.622218904 0.778090711 -0.115969505 0.837779014 0.533551682 -0.115969505 0.837779014 0.533551682 -0.115969505 0.837779014 0.533551682 -0.116020691 0.837826484 0.533466009 -0.116020691 0.837826484 0.533466009 -0.116020691 0.837826484 0.533466009 -0.134610432 0.972069582 0.192251811 -0.134610432 0.972069582 0.192251811 -0.134610432 0.972069582 0.192251811 -0.134389166 0.971988801 0.192814219 -0.134389166 0.971988801 0.192814219 -0.134389166 0.971988801 0.192814219 -0.134401169 0.972075617 -0.192367671 -0.134401169 0.972075617 -0.192367671 -0.134401169 0.972075617 -0.192367671 -0.134591681 0.971934178 -0.192948263 -0.134591681 0.971934178 -0.192948263 -0.134591681 0.971934178 -0.192948263 -0.116042584 0.837984579 -0.533212869 -0.116042584 0.837984579 -0.533212869 -0.116042584 0.837984579 -0.533212869 -0.11600698 0.838049743 -0.533118193 -0.11600698 0.838049743 -0.533118193 -0.11600698 0.838049743 -0.533118193 -0.0861055926 0.62203817 -0.778237973 -0.0861055926 0.62203817 -0.778237973 -0.0861055926 0.62203817 -0.778237973 -0.0859841103 0.622295489 -0.778045665 -0.0859841103 0.622295489 -0.778045665 -0.0859841103 0.622295489 -0.778045665 -0.0520449489 0.376666536 -0.924885746 -0.0520449489 0.376666536 -0.924885746 -0.0520449489 0.376666536 -0.924885746 -0.0521593352 0.376483427 -0.924953855 -0.0521593352 0.376483427 -0.924953855 -0.0521593352 0.376483427 -0.924953855 -0.0174718478 0.126110908 -0.991862275 -0.0174718478 0.126110908 -0.991862275 -0.0174718478 0.126110908 -0.991862275 0.182900405 0.0946993451 0.978559899 0.182900405 0.0946993451 0.978559899 0.182900405 0.0946993451 0.978559899 0.391771775 0.516146808 0.761647785 0.391771775 0.516146808 0.761647785 0.391771775 0.516146808 0.761647785 0.391715501 0.520169866 0.758934962 0.391715501 0.520169866 0.758934962 0.391715501 0.520169866 0.758934962 0.46456625 0.700534417 0.541691545 0.46456625 0.700534417 0.541691545 0.46456625 0.700534417 0.541691545 0.4645222 0.701171795 0.540904096 0.4645222 0.701171795 0.540904096 0.4645222 0.701171795 0.540904096 0.495708799 0.808778447 0.316465182 0.495708799 0.808778447 0.316465182 0.495708799 0.808778447 0.316465182 0.496584725 0.805906501 0.32236365 0.496584725 0.805906501 0.32236365 0.496584725 0.805906501 0.32236365 0.500423566 0.833473553 0.234303416 0.500423566 0.833473553 0.234303416 0.500423566 0.833473553 0.234303416 0.500373089 0.833511694 0.234275539 0.500373089 0.833511694 0.234275539 0.500373089 0.833511694 0.234275539 0.500574518 0.82668741 0.256930104 0.500574518 0.82668741 0.256930104 0.500574518 0.82668741 0.256930104 0.500424077 0.826792204 0.256885954 0.500424077 0.826792204 0.256885954 0.500424077 0.826792204 0.256885954 0.50026571 0.832440826 0.238278178 0.50026571 0.832440826 0.238278178 0.50026571 0.832440826 0.238278178 0.501383172 0.831694952 0.238533901 0.501383172 0.831694952 0.238533901 0.501383172 0.831694952 0.238533901 0.501037105 0.844177862 0.190592644 0.501037105 0.844177862 0.190592644 0.501037105 0.844177862 0.190592644 0.50103767 0.844177497 0.190592778 0.50103767 0.844177497 0.190592778 0.50103767 0.844177497 0.190592778 0.500032277 0.860258227 0.0996167892 0.500032277 0.860258227 0.0996167892 0.500032277 0.860258227 0.0996167892 0.500112013 0.860208988 0.0996417199 0.500112013 0.860208988 0.0996417199 0.500112013 0.860208988 0.0996417199 0.497418523 0.86371348 -0.0810792088 0.497418523 0.86371348 -0.0810792088 0.497418523 0.86371348 -0.0810792088 0.495751096 0.86460118 -0.0818269538 0.495751096 0.86460118 -0.0818269538 0.495751096 0.86460118 -0.0818269538 0.496340967 0.826087706 -0.26687965 0.496340967 0.826087706 -0.26687965 0.496340967 0.826087706 -0.26687965 0.499008175 0.824936457 -0.265463149 0.499008175 0.824936457 -0.265463149 0.499008175 0.824936457 -0.265463149 0.499108898 0.79268349 -0.350061699 0.499108898 0.79268349 -0.350061699 0.499108898 0.79268349 -0.350061699 0.498964206 0.792738859 -0.350142575 0.498964206 0.792738859 -0.350142575 0.498964206 0.792738859 -0.350142575 0.498944786 0.788841028 -0.358864784 0.498944786 0.788841028 -0.358864784 0.498944786 0.788841028 -0.358864784 0.501049354 0.788044308 -0.357681022 0.501049354 0.788044308 -0.357681022 0.501049354 0.788044308 -0.357681022 0.501032884 0.817608921 -0.28369297 0.501032884 0.817608921 -0.28369297 0.501032884 0.817608921 -0.28369297 0.496823341 0.819373444 -0.285996027 0.496823341 0.819373444 -0.285996027 0.496823341 0.819373444 -0.285996027 0.497275131 0.863957887 -0.0793360807 0.497275131 0.863957887 -0.0793360807 0.497275131 0.863957887 -0.0793360807 0.489564818 0.868012431 -0.0829500366 0.489564818 0.868012431 -0.0829500366 0.489564818 0.868012431 -0.0829500366 0.495770487 0.850898354 0.173734322 0.495770487 0.850898354 0.173734322 0.495770487 0.850898354 0.173734322 0.496961194 0.850144478 0.174022811 0.496961194 0.850144478 0.174022811 0.496961194 0.850144478 0.174022811 0.500841066 0.800999655 0.327960026 0.500841066 0.800999655 0.327960026 0.500841066 0.800999655 0.327960026 0.500311877 0.801342993 0.327929007 0.500311877 0.801342993 0.327929007 0.500311877 0.801342993 0.327929007 0.502661752 0.760130803 0.411743033 0.502661752 0.760130803 0.411743033 0.502661752 0.760130803 0.411743033 0.501671384 0.760759197 0.41179032 0.501671384 0.760759197 0.41179032 0.501671384 0.760759197 0.41179032 0.502600129 0.742547729 0.442736921 0.502600129 0.742547729 0.442736921 0.502600129 0.742547729 0.442736921 0.502380078 0.742685935 0.442754853 0.502380078 0.742685935 0.442754853 0.502380078 0.742685935 0.442754853 0.501108701 0.763857468 0.406708541 0.501108701 0.763857468 0.406708541 0.501108701 0.763857468 0.406708541 0.504006608 0.761969645 0.406668905 0.504006608 0.761969645 0.406668905 0.504006608 0.761969645 0.406668905 0.500930714 0.833074502 0.234638646 0.500930714 0.833074502 0.234638646 0.500930714 0.833074502 0.234638646 0.498969179 0.836079938 0.228035297 0.498969179 0.836079938 0.228035297 0.498969179 0.836079938 0.228035297 0.46946009 0.882915333 0.00823038587 0.46946009 0.882915333 0.00823038587 0.46946009 0.882915333 0.00823038587 0.465748659 0.884917051 0 0.465748659 0.884917051 0 0.465748659 0.884917051 0 0.390883837 0.876357039 -0.281439455 0.390883837 0.876357039 -0.281439455 0.390883837 0.876357039 -0.281439455 0.404712726 0.875875638 -0.26277267 0.404712726 0.875875638 -0.26277267 0.404712726 0.875875638 -0.26277267 0.187493451 0.673643219 -0.714878325 0.187493451 0.673643219 -0.714878325 0.187493451 0.673643219 -0.714878325 0.365735997 -0.213612271 0.905873599 0.365735997 -0.213612271 0.905873599 0.365735997 -0.213612271 0.905873599 0.788526028 -0.141150975 0.598584251 0.788526028 -0.141150975 0.598584251 0.788526028 -0.141150975 0.598584251 0.784492286 -0.144723515 0.60301489 0.784492286 -0.144723515 0.60301489 0.784492286 -0.144723515 0.60301489 0.928052165 -0.0869197782 0.36216589 0.928052165 -0.0869197782 0.36216589 0.928052165 -0.0869197782 0.36216589 0.928996057 -0.0857203528 0.360025482 0.928996057 -0.0857203528 0.360025482 0.928996057 -0.0857203528 0.360025482 0.992251631 -0.0287775812 0.120865841 0.992251631 -0.0287775812 0.120865841 0.992251631 -0.0287775812 0.120865841 0.992364052 -0.0283662257 0.120037265 0.992364052 -0.0283662257 0.120037265 0.992364052 -0.0283662257 0.120037265 0.999947118 0.00236510583 -0.0100084106 0.999947118 0.00236510583 -0.0100084106 0.999947118 0.00236510583 -0.0100084106 0.999941878 0.00328928838 -0.010267478 0.999941878 0.00328928838 -0.010267478 0.999941878 0.00328928838 -0.010267478 0.999962522 0.00264132719 -0.00824487419 0.999962522 0.00264132719 -0.00824487419 0.999962522 0.00264132719 -0.00824487419 0.999962656 0.00260181333 -0.00824117331 0.999962656 0.00260181333 -0.00824117331 0.999962656 0.00260181333 -0.00824117331 0.999963328 0.00257828759 -0.00816665617 0.999963328 0.00257828759 -0.00816665617 0.999963328 0.00257828759 -0.00816665617 0.999964299 0.0022389116 -0.00814785709 0.999964299 0.0022389116 -0.00814785709 0.999964299 0.0022389116 -0.00814785709 0.999945407 0.0027686203 -0.0100755754 0.999945407 0.0027686203 -0.0100755754 0.999945407 0.0027686203 -0.0100755754 0.999948128 0.00193642495 -0.0099995763 0.999948128 0.00193642495 -0.0099995763 0.999948128 0.00193642495 -0.0099995763 0.999934933 0.00216876195 -0.0111993499 0.999934933 0.00216876195 -0.0111993499 0.999934933 0.00216876195 -0.0111993499 0.999941076 0.000491335545 -0.010844472 0.999941076 0.000491335545 -0.010844472 0.999941076 0.000491335545 -0.010844472 0.999913612 0.00059491886 -0.0131307026 0.999913612 0.00059491886 -0.0131307026 0.999913612 0.00059491886 -0.0131307026 0.999928488 -0.00245354525 -0.0117046197 0.999928488 -0.00245354525 -0.0117046197 0.999928488 -0.00245354525 -0.0117046197 0.999909103 -0.00276616793 -0.0131959839 0.999909103 -0.00276616793 -0.0131959839 0.999909103 -0.00276616793 -0.0131959839 0.999918895 -0.00455992857 -0.0118915795 0.999918895 -0.00455992857 -0.0118915795 0.999918895 -0.00455992857 -0.0118915795 0.999917956 -0.00458626437 -0.0119602591 0.999917956 -0.00458626437 -0.0119602591 0.999917956 -0.00458626437 -0.0119602591 0.99992079 -0.00512462111 -0.0114957671 0.99992079 -0.00512462111 -0.0114957671 0.99992079 -0.00512462111 -0.0114957671 0.999881551 -0.0062666062 -0.0140575164 0.999881551 -0.0062666062 -0.0140575164 0.999881551 -0.0062666062 -0.0140575164 0.999878721 -0.00581783467 -0.0144463517 0.999878721 -0.00581783467 -0.0144463517 0.999878721 -0.00581783467 -0.0144463517 0.999838502 -0.00671346372 -0.0166703015 0.999838502 -0.00671346372 -0.0166703015 0.999838502 -0.00671346372 -0.0166703015 0.999819196 -0.00409162354 -0.01856971 0.999819196 -0.00409162354 -0.01856971 0.999819196 -0.00409162354 -0.01856971 0.999731804 -0.00498319607 -0.0226160851 0.999731804 -0.00498319607 -0.0226160851 0.999731804 -0.00498319607 -0.0226160851 0.999660266 0.00292979614 -0.0258991873 0.999660266 0.00292979614 -0.0258991873 0.999660266 0.00292979614 -0.0258991873 0.999473364 0.00364756731 -0.0322442329 0.999473364 0.00364756731 -0.0322442329 0.999473364 0.00364756731 -0.0322442329 0.999386287 0.0122221727 -0.0328278502 0.999386287 0.0122221727 -0.0328278502 0.999386287 0.0122221727 -0.0328278502 0.999378977 0.0122947274 -0.033022727 0.999378977 0.0122947274 -0.033022727 0.999378977 0.0122947274 -0.033022727 0.999329655 0.017485053 -0.0321638422 0.999329655 0.017485053 -0.0321638422 0.999329655 0.017485053 -0.0321638422 0.999302337 0.0178376507 -0.0328124474 0.999302337 0.0178376507 -0.0328124474 0.999302337 0.0178376507 -0.0328124474 0.999278049 0.0204871245 -0.0319946657 0.999278049 0.0204871245 -0.0319946657 0.999278049 0.0204871245 -0.0319946657 0.999328384 0.0197602803 -0.0308595559 0.999328384 0.0197602803 -0.0308595559 0.999328384 0.0197602803 -0.0308595559 0.999327049 0.0199137582 -0.0308040663 0.999327049 0.0199137582 -0.0308040663 0.999327049 0.0199137582 -0.0308040663 0.999221148 0.021422868 -0.0331384683 0.999221148 0.021422868 -0.0331384683 0.999221148 0.021422868 -0.0331384683 0.999273735 0.0161347551 -0.0345206115 0.999273735 0.0161347551 -0.0345206115 0.999273735 0.0161347551 -0.0345206115 0.991436543 0.055295071 -0.118304843 0.991436543 0.055295071 -0.118304843 0.991436543 0.055295071 -0.118304843 0.991832706 0.0533666019 -0.115844249 0.991832706 0.0533666019 -0.115844249 0.991832706 0.0533666019 -0.115844249 0.926776787 0.157160755 -0.341152875 0.926776787 0.157160755 -0.341152875 0.926776787 0.157160755 -0.341152875 0.931383497 0.149388544 -0.331975668 0.931383497 0.149388544 -0.331975668 0.931383497 0.149388544 -0.331975668 0.791353545 0.250879344 -0.557511544 0.791353545 0.250879344 -0.557511544 0.791353545 0.250879344 -0.557511544 0.783828271 0.259052405 -0.564362555 0.783828271 0.259052405 -0.564362555 0.783828271 0.259052405 -0.564362555 0.369302673 0.387678648 -0.844583212 0.369302673 0.387678648 -0.844583212 0.369302673 0.387678648 -0.844583212 0.183597902 -0.521345196 0.833361264 0.183597902 -0.521345196 0.833361264 0.183597902 -0.521345196 0.833361264 0.39332927 -0.8028993 0.447933923 0.39332927 -0.8028993 0.447933923 0.39332927 -0.8028993 0.447933923 0.396285978 -0.803631302 0.443997921 0.396285978 -0.803631302 0.443997921 0.396285978 -0.803631302 0.443997921 0.470018878 -0.86809797 0.159650145 0.470018878 -0.86809797 0.159650145 0.470018878 -0.86809797 0.159650145 0.46120026 -0.86885065 0.179980187 0.46120026 -0.86885065 0.179980187 0.46120026 -0.86885065 0.179980187 0.493931816 -0.866191045 -0.0757920469 0.493931816 -0.866191045 -0.0757920469 0.493931816 -0.866191045 -0.0757920469 0.494995439 -0.865230464 -0.0797230179 0.494995439 -0.865230464 -0.0797230179 0.494995439 -0.865230464 -0.0797230179 0.497983492 -0.829649767 -0.25237612 0.497983492 -0.829649767 -0.25237612 0.497983492 -0.829649767 -0.25237612 0.498503599 -0.829257726 -0.252637656 0.498503599 -0.829257726 -0.252637656 0.498503599 -0.829257726 -0.252637656 0.498514024 -0.822851368 -0.272762523 0.498514024 -0.822851368 -0.272762523 0.498514024 -0.822851368 -0.272762523 0.501785355 -0.820540386 -0.273724191 0.501785355 -0.820540386 -0.273724191 0.501785355 -0.820540386 -0.273724191 0.501864005 -0.826152145 -0.256135031 0.501864005 -0.826152145 -0.256135031 0.501864005 -0.826152145 -0.256135031 0.499060225 -0.828052735 -0.255475166 0.499060225 -0.828052735 -0.255475166 0.499060225 -0.828052735 -0.255475166 0.499138829 -0.840595877 -0.210378235 0.499138829 -0.840595877 -0.210378235 0.499138829 -0.840595877 -0.210378235 0.500113683 -0.839954555 -0.21062443 0.500113683 -0.839954555 -0.21062443 0.500113683 -0.839954555 -0.21062443 0.500353485 -0.857119251 -0.122445823 0.500353485 -0.857119251 -0.122445823 0.500353485 -0.857119251 -0.122445823 0.499297205 -0.857786735 -0.122082833 0.499297205 -0.857786735 -0.122082833 0.499297205 -0.857786735 -0.122082833 0.49882912 -0.864965845 0.0548050712 0.49882912 -0.864965845 0.0548050712 0.49882912 -0.864965845 0.0548050712 0.496807157 -0.866062343 0.0558450199 0.496807157 -0.866062343 0.0558450199 0.496807157 -0.866062343 0.0558450199 0.49972888 -0.831726312 0.241872672 0.49972888 -0.831726312 0.241872672 0.49972888 -0.831726312 0.241872672 0.49891991 -0.832077679 0.242333777 0.49891991 -0.832077679 0.242333777 0.49891991 -0.832077679 0.242333777 0.500100892 -0.801978721 0.326694397 0.500100892 -0.801978721 0.326694397 0.500100892 -0.801978721 0.326694397 0.499204915 -0.802326943 0.327209304 0.499204915 -0.802326943 0.327209304 0.499204915 -0.802326943 0.327209304 0.499248719 -0.801216516 0.329852711 0.499248719 -0.801216516 0.329852711 0.499248719 -0.801216516 0.329852711 0.497610787 -0.801855702 0.330773241 0.497610787 -0.801855702 0.330773241 0.497610787 -0.801855702 0.330773241 0.496340706 -0.831269218 0.250274629 0.496340706 -0.831269218 0.250274629 0.496340706 -0.831269218 0.250274629 0.499476932 -0.829883069 0.248630019 0.499476932 -0.829883069 0.248630019 0.499476932 -0.829883069 0.248630019 0.494299673 -0.868752601 0.0306063909 0.494299673 -0.868752601 0.0306063909 0.494299673 -0.868752601 0.0306063909 0.496957267 -0.867272526 0.029526941 0.496957267 -0.867272526 0.029526941 0.496957267 -0.867272526 0.029526941 0.495471284 -0.836005168 -0.235804085 0.495471284 -0.836005168 -0.235804085 0.495471284 -0.836005168 -0.235804085 0.49638255 -0.835412795 -0.235986921 0.49638255 -0.835412795 -0.235986921 0.49638255 -0.835412795 -0.235986921 0.49498911 -0.774404305 -0.394060596 0.49498911 -0.774404305 -0.394060596 0.49498911 -0.774404305 -0.394060596 0.50051793 -0.770744369 -0.394252355 0.50051793 -0.770744369 -0.394252355 0.50051793 -0.770744369 -0.394252355 0.499025312 -0.724508537 -0.475458849 0.499025312 -0.724508537 -0.475458849 0.499025312 -0.724508537 -0.475458849 0.502874662 -0.722001254 -0.47521707 0.502874662 -0.722001254 -0.47521707 0.502874662 -0.722001254 -0.47521707 0.502419339 -0.700703405 -0.506546688 0.502419339 -0.700703405 -0.506546688 0.502419339 -0.700703405 -0.506546688 0.502435276 -0.700693071 -0.506545175 0.502435276 -0.700693071 -0.506545175 0.502435276 -0.700693071 -0.506545175 0.502770789 -0.723861575 -0.472489104 0.502770789 -0.723861575 -0.472489104 0.502770789 -0.723861575 -0.472489104 0.500279444 -0.725575112 -0.472505275 0.500279444 -0.725575112 -0.472505275 0.500279444 -0.725575112 -0.472505275 0.498825275 -0.715301786 -0.489404434 0.498825275 -0.715301786 -0.489404434 0.498825275 -0.715301786 -0.489404434 0.49648556 -0.726999882 -0.474313462 0.49648556 -0.726999882 -0.474313462 0.49648556 -0.726999882 -0.474313462 0.467159068 -0.58955478 -0.658929106 0.467159068 -0.58955478 -0.658929106 0.467159068 -0.58955478 -0.658929106 0.468313299 -0.568532646 -0.676352929 0.468313299 -0.568532646 -0.676352929 0.468313299 -0.568532646 -0.676352929 0.400521236 -0.36095041 -0.842198041 0.400521236 -0.36095041 -0.842198041 0.400521236 -0.36095041 -0.842198041 0.400362637 -0.370574062 -0.8380839 0.400362637 -0.370574062 -0.8380839 0.400362637 -0.370574062 -0.8380839 0.184550849 0.0964272221 -0.97808117 0.184550849 0.0964272221 -0.97808117 0.184550849 0.0964272221 -0.97808117 -0.183597902 -0.521345196 0.833361264 -0.183597902 -0.521345196 0.833361264 -0.183597902 -0.521345196 0.833361264 -0.39496252 -0.804696294 0.443247654 -0.39496252 -0.804696294 0.443247654 -0.39496252 -0.804696294 0.443247654 -0.395040435 -0.802258357 0.447576344 -0.395040435 -0.802258357 0.447576344 -0.395040435 -0.802258357 0.447576344 -0.465901716 -0.865955503 0.181814898 -0.465901716 -0.865955503 0.181814898 -0.465901716 -0.865955503 0.181814898 -0.464916472 -0.870751651 0.160138179 -0.464916472 -0.870751651 0.160138179 -0.464916472 -0.870751651 0.160138179 -0.494192002 -0.865673515 -0.0798976265 -0.494192002 -0.865673515 -0.0798976265 -0.494192002 -0.865673515 -0.0798976265 -0.494747556 -0.865728912 -0.0757516101 -0.494747556 -0.865728912 -0.0757516101 -0.494747556 -0.865728912 -0.0757516101 -0.497973791 -0.829551071 -0.252719459 -0.497973791 -0.829551071 -0.252719459 -0.497973791 -0.829551071 -0.252719459 -0.498501468 -0.829364997 -0.252289494 -0.498501468 -0.829364997 -0.252289494 -0.498501468 -0.829364997 -0.252289494 -0.498505721 -0.822349273 -0.274287657 -0.498505721 -0.822349273 -0.274287657 -0.498505721 -0.822349273 -0.274287657 -0.501799264 -0.821050215 -0.272165469 -0.501799264 -0.821050215 -0.272165469 -0.501799264 -0.821050215 -0.272165469 -0.501863235 -0.826495001 -0.25502805 -0.501863235 -0.826495001 -0.25502805 -0.501863235 -0.826495001 -0.25502805 -0.499043924 -0.827709179 -0.256617764 -0.499043924 -0.827709179 -0.256617764 -0.499043924 -0.827709179 -0.256617764 -0.499142607 -0.840501119 -0.210747544 -0.499142607 -0.840501119 -0.210747544 -0.499142607 -0.840501119 -0.210747544 -0.500123574 -0.840044887 -0.210240338 -0.500123574 -0.840044887 -0.210240338 -0.500123574 -0.840044887 -0.210240338 -0.50034476 -0.857186008 -0.122013396 -0.50034476 -0.857186008 -0.122013396 -0.50034476 -0.857186008 -0.122013396 -0.499278203 -0.857733524 -0.122533577 -0.499278203 -0.857733524 -0.122533577 -0.499278203 -0.857733524 -0.122533577 -0.498785004 -0.864931688 0.055737736 -0.498785004 -0.864931688 0.055737736 -0.498785004 -0.864931688 0.055737736 -0.496746015 -0.866159055 0.0548806741 -0.496746015 -0.866159055 0.0548806741 -0.496746015 -0.866159055 0.0548806741 -0.499718288 -0.83163992 0.242191404 -0.499718288 -0.83163992 0.242191404 -0.499718288 -0.83163992 0.242191404 -0.498907613 -0.832180782 0.242004835 -0.498907613 -0.832180782 0.242004835 -0.498907613 -0.832180782 0.242004835 -0.50009782 -0.801855791 0.327000704 -0.50009782 -0.801855791 0.327000704 -0.50009782 -0.801855791 0.327000704 -0.499199359 -0.802460311 0.326890578 -0.499199359 -0.802460311 0.326890578 -0.499199359 -0.802460311 0.326890578 -0.499256988 -0.800993598 0.330381168 -0.499256988 -0.800993598 0.330381168 -0.499256988 -0.800993598 0.330381168 -0.497614655 -0.802085263 0.330210365 -0.497614655 -0.802085263 0.330210365 -0.497614655 -0.802085263 0.330210365 -0.496300567 -0.831608192 0.249225928 -0.496300567 -0.831608192 0.249225928 -0.496300567 -0.831608192 0.249225928 -0.499438779 -0.829566102 0.249761863 -0.499438779 -0.829566102 0.249761863 -0.499438779 -0.829566102 0.249761863 -0.494224806 -0.868827925 0.0296627237 -0.494224806 -0.868827925 0.0296627237 -0.494224806 -0.868827925 0.0296627237 -0.496893832 -0.867273288 0.0305542743 -0.496893832 -0.867273288 0.0305542743 -0.496893832 -0.867273288 0.0305542743 -0.495449668 -0.835936299 -0.236093477 -0.495449668 -0.835936299 -0.236093477 -0.495449668 -0.835936299 -0.236093477 -0.496371078 -0.835510596 -0.235664585 -0.496371078 -0.835510596 -0.235664585 -0.496371078 -0.835510596 -0.235664585 -0.494909056 -0.773729228 -0.395484649 -0.494909056 -0.773729228 -0.395484649 -0.494909056 -0.773729228 -0.395484649 -0.500503495 -0.771583808 -0.392625367 -0.500503495 -0.771583808 -0.392625367 -0.500503495 -0.771583808 -0.392625367 -0.498986381 -0.723987684 -0.476292373 -0.498986381 -0.723987684 -0.476292373 -0.498986381 -0.723987684 -0.476292373 -0.50287724 -0.722644513 -0.474235583 -0.50287724 -0.722644513 -0.474235583 -0.50287724 -0.722644513 -0.474235583 -0.502419252 -0.700701077 -0.506549994 -0.502419252 -0.700701077 -0.506549994 -0.502419252 -0.700701077 -0.506549994 -0.502435365 -0.700695857 -0.506541232 -0.502435365 -0.700695857 -0.506541232 -0.502435365 -0.700695857 -0.506541232 -0.502768886 -0.724294168 -0.471827729 -0.502768886 -0.724294168 -0.471827729 -0.502768886 -0.724294168 -0.471827729 -0.500215915 -0.725101711 -0.473298582 -0.500215915 -0.725101711 -0.473298582 -0.500215915 -0.725101711 -0.473298582 -0.500184058 -0.724865282 -0.473694238 -0.500184058 -0.724865282 -0.473694238 -0.500184058 -0.724865282 -0.473694238 -0.495068936 -0.717077142 -0.49061912 -0.495068936 -0.717077142 -0.49061912 -0.495068936 -0.717077142 -0.49061912 -0.462485702 -0.572802491 -0.676760136 -0.462485702 -0.572802491 -0.676760136 -0.462485702 -0.572802491 -0.676760136 -0.473271836 -0.587383155 -0.656501941 -0.473271836 -0.587383155 -0.656501941 -0.473271836 -0.587383155 -0.656501941 -0.403103355 -0.367868561 -0.837962056 -0.403103355 -0.367868561 -0.837962056 -0.403103355 -0.367868561 -0.837962056 -0.396893941 -0.361571634 -0.843647529 -0.396893941 -0.361571634 -0.843647529 -0.396893941 -0.361571634 -0.843647529 -0.184550849 0.0964272221 -0.97808117 -0.184550849 0.0964272221 -0.97808117 -0.184550849 0.0964272221 -0.97808117 -0.365735997 -0.213612271 0.905873599 -0.365735997 -0.213612271 0.905873599 -0.365735997 -0.213612271 0.905873599 -0.783942226 -0.142489587 0.604260957 -0.783942226 -0.142489587 0.604260957 -0.783942226 -0.142489587 0.604260957 -0.787987916 -0.143685502 0.598689836 -0.787987916 -0.143685502 0.598689836 -0.787987916 -0.143685502 0.598689836 -0.929046856 -0.0863391091 0.359746434 -0.929046856 -0.0863391091 0.359746434 -0.929046856 -0.0863391091 0.359746434 -0.928107593 -0.0862351238 0.36218752 -0.928107593 -0.0862351238 0.36218752 -0.928107593 -0.0862351238 0.36218752 -0.99236582 -0.0285655628 0.119975364 -0.99236582 -0.0285655628 0.119975364 -0.99236582 -0.0285655628 0.119975364 -0.992253439 -0.0285701485 0.120900204 -0.992253439 -0.0285701485 0.120900204 -0.992253439 -0.0285701485 0.120900204 -0.999941794 0.00248128842 -0.0105000601 -0.999941794 0.00248128842 -0.0105000601 -0.999941794 0.00248128842 -0.0105000601 -0.999947272 0.0031329385 -0.00977943359 -0.999947272 0.0031329385 -0.00977943359 -0.999947272 0.0031329385 -0.00977943359 -0.999962656 0.00263661528 -0.00823016602 -0.999962656 0.00263661528 -0.00823016602 -0.999962656 0.00263661528 -0.00823016602 -0.999962519 0.00260658007 -0.00825627184 -0.999962519 0.00260658007 -0.00825627184 -0.999962519 0.00260658007 -0.00825627184 -0.99996429 0.00254424967 -0.00805884199 -0.99996429 0.00254424967 -0.00805884199 -0.99996429 0.00254424967 -0.00805884199 -0.999963308 0.00226977519 -0.00826017597 -0.999963308 0.00226977519 -0.00826017597 -0.999963308 0.00226977519 -0.00826017597 -0.999948114 0.00269912011 -0.00982264996 -0.999948114 0.00269912011 -0.00982264996 -0.999948114 0.00269912011 -0.00982264996 -0.999945324 0.00198807694 -0.0102663039 -0.999945324 0.00198807694 -0.0102663039 -0.999945324 0.00198807694 -0.0102663039 -0.999941132 0.0020628698 -0.0106525295 -0.999941132 0.0020628698 -0.0106525295 -0.999941132 0.0020628698 -0.0106525295 -0.999934618 0.000517560903 -0.0114233029 -0.999934618 0.000517560903 -0.0114233029 -0.999934618 0.000517560903 -0.0114233029 -0.999928267 0.000542115849 -0.0119652653 -0.999928267 0.000542115849 -0.0119652653 -0.999928267 0.000542115849 -0.0119652653 -0.999913225 -0.00270271895 -0.012893301 -0.999913225 -0.00270271895 -0.012893301 -0.999913225 -0.00270271895 -0.012893301 -0.999918406 -0.00262079991 -0.0125025068 -0.999918406 -0.00262079991 -0.0125025068 -0.999918406 -0.00262079991 -0.0125025068 -0.999909241 -0.00482369765 -0.012579448 -0.999909241 -0.00482369765 -0.012579448 -0.999909241 -0.00482369765 -0.012579448 -0.999920656 -0.00451016781 -0.0117618112 -0.999920656 -0.00451016781 -0.0117618112 -0.999920656 -0.00451016781 -0.0117618112 -0.999917972 -0.00521496605 -0.0116984327 -0.999917972 -0.00521496605 -0.0116984327 -0.999917972 -0.00521496605 -0.0116984327 -0.99987887 -0.00633712591 -0.0142157092 -0.99987887 -0.00633712591 -0.0142157092 -0.99987887 -0.00633712591 -0.0142157092 -0.99988156 -0.00574933521 -0.0142762597 -0.99988156 -0.00574933521 -0.0142762597 -0.99988156 -0.00574933521 -0.0142762597 -0.999820584 -0.00707606177 -0.0175706741 -0.999820584 -0.00707606177 -0.0175706741 -0.999820584 -0.00707606177 -0.0175706741 -0.999838419 -0.00386802439 -0.0175549121 -0.999838419 -0.00386802439 -0.0175549121 -0.999838419 -0.00386802439 -0.0175549121 -0.999665818 -0.00556245435 -0.0252450313 -0.999665818 -0.00556245435 -0.0252450313 -0.999665818 -0.00556245435 -0.0252450313 -0.999732695 0.00259883861 -0.0229735465 -0.999732695 0.00259883861 -0.0229735465 -0.999732695 0.00259883861 -0.0229735465 -0.999390267 0.00392472032 -0.0346942456 -0.999390267 0.00392472032 -0.0346942456 -0.999390267 0.00392472032 -0.0346942456 -0.99947911 0.0112602717 -0.0302442555 -0.99947911 0.0112602717 -0.0302442555 -0.99947911 0.0112602717 -0.0302442555 -0.999332959 0.0127419623 -0.0342239666 -0.999332959 0.0127419623 -0.0342239666 -0.999332959 0.0127419623 -0.0342239666 -0.999383422 0.0167694054 -0.0308474048 -0.999383422 0.0167694054 -0.0308474048 -0.999383422 0.0167694054 -0.0308474048 -0.999279621 0.0181256197 -0.0333421677 -0.999279621 0.0181256197 -0.0333421677 -0.999279621 0.0181256197 -0.0333421677 -0.999304996 0.0201012764 -0.0313920881 -0.999304996 0.0201012764 -0.0313920881 -0.999304996 0.0201012764 -0.0313920881 -0.999327124 0.0197788062 -0.0308884876 -0.999327124 0.0197788062 -0.0308884876 -0.999327124 0.0197788062 -0.0308884876 -0.999328576 0.0198911687 -0.0307691232 -0.999328576 0.0198911687 -0.0307691232 -0.999328576 0.0198911687 -0.0307691232 -0.999274872 0.0206710927 -0.0319755669 -0.999274872 0.0206710927 -0.0319755669 -0.999274872 0.0206710927 -0.0319755669 -0.999210665 0.0168204889 -0.0359877518 -0.999210665 0.0168204889 -0.0359877518 -0.999210665 0.0168204889 -0.0359877518 -0.99182504 0.0540315019 -0.115601413 -0.99182504 0.0540315019 -0.115601413 -0.99182504 0.0540315019 -0.115601413 -0.99143014 0.0546604781 -0.1186529 -0.99143014 0.0546604781 -0.1186529 -0.99143014 0.0546604781 -0.1186529 -0.931146796 0.152571612 -0.331191105 -0.931146796 0.152571612 -0.331191105 -0.931146796 0.152571612 -0.331191105 -0.926500979 0.154416655 -0.343149286 -0.926500979 0.154416655 -0.343149286 -0.926500979 0.154416655 -0.343149286 -0.784853687 0.254294526 -0.565100863 -0.784853687 0.254294526 -0.565100863 -0.784853687 0.254294526 -0.565100863 -0.792324424 0.254514589 -0.554476627 -0.792324424 0.254514589 -0.554476627 -0.792324424 0.254514589 -0.554476627 -0.369302673 0.387678648 -0.844583212 -0.369302673 0.387678648 -0.844583212 -0.369302673 0.387678648 -0.844583212 -0.182900405 0.0946993451 0.978559899 -0.182900405 0.0946993451 0.978559899 -0.182900405 0.0946993451 0.978559899 -0.39337717 0.519768915 0.75834997 -0.39337717 0.519768915 0.75834997 -0.39337717 0.519768915 0.75834997 -0.390489358 0.517398904 0.761456785 -0.390489358 0.517398904 0.761456785 -0.390489358 0.517398904 0.761456785 -0.464756557 0.701074428 0.540828984 -0.464756557 0.701074428 0.540828984 -0.464756557 0.701074428 0.540828984 -0.464351852 0.70068979 0.541674419 -0.464351852 0.70068979 0.541674419 -0.464351852 0.70068979 0.541674419 -0.495287037 0.806594626 0.322638901 -0.495287037 0.806594626 0.322638901 -0.495287037 0.806594626 0.322638901 -0.496984402 0.808022614 0.31639526 -0.496984402 0.808022614 0.31639526 -0.496984402 0.808022614 0.31639526 -0.500424253 0.833483226 0.234267538 -0.500424253 0.833483226 0.234267538 -0.500424253 0.833483226 0.234267538 -0.500373636 0.83350114 0.234311917 -0.500373636 0.83350114 0.234311917 -0.500373636 0.83350114 0.234311917 -0.500574327 0.826709254 0.256860181 -0.500574327 0.826709254 0.256860181 -0.500574327 0.826709254 0.256860181 -0.500424322 0.826769815 0.256957529 -0.500424322 0.826769815 0.256957529 -0.500424322 0.826769815 0.256957529 -0.500271532 0.832313248 0.238711231 -0.500271532 0.832313248 0.238711231 -0.500271532 0.832313248 0.238711231 -0.501385639 0.831821304 0.238087713 -0.501385639 0.831821304 0.238087713 -0.501385639 0.831821304 0.238087713 -0.50103711 0.844177813 0.19059285 -0.50103711 0.844177813 0.19059285 -0.50103711 0.844177813 0.19059285 -0.501037672 0.844177544 0.190592564 -0.501037672 0.844177544 0.190592564 -0.501037672 0.844177544 0.190592564 -0.500033312 0.860254132 0.0996469492 -0.500033312 0.860254132 0.0996469492 -0.500033312 0.860254132 0.0996469492 -0.500112974 0.860212071 0.0996102717 -0.500112974 0.860212071 0.0996102717 -0.500112974 0.860212071 0.0996102717 -0.4973786 0.863674259 -0.0817392288 -0.4973786 0.863674259 -0.0817392288 -0.4973786 0.863674259 -0.0817392288 -0.495716365 0.864685502 -0.0811434953 -0.495716365 0.864685502 -0.0811434953 -0.495716365 0.864685502 -0.0811434953 -0.496384573 0.82636954 -0.265924312 -0.496384573 0.82636954 -0.265924312 -0.496384573 0.82636954 -0.265924312 -0.499032576 0.824604085 -0.266448103 -0.499032576 0.824604085 -0.266448103 -0.499032576 0.824604085 -0.266448103 -0.499107787 0.792663224 -0.350109168 -0.499107787 0.792663224 -0.350109168 -0.499107787 0.792663224 -0.350109168 -0.498964187 0.792760702 -0.350093145 -0.498964187 0.792760702 -0.350093145 -0.498964187 0.792760702 -0.350093145 -0.498947952 0.789149077 -0.35818246 -0.498947952 0.789149077 -0.35818246 -0.498947952 0.789149077 -0.35818246 -0.501033557 0.787725417 -0.358404858 -0.501033557 0.787725417 -0.358404858 -0.501033557 0.787725417 -0.358404858 -0.501064406 0.817068136 -0.285191377 -0.501064406 0.817068136 -0.285191377 -0.501064406 0.817068136 -0.285191377 -0.496916304 0.819882203 -0.284371871 -0.496916304 0.819882203 -0.284371871 -0.496916304 0.819882203 -0.284371871 -0.497435702 0.863566626 -0.0825251813 -0.497435702 0.863566626 -0.0825251813 -0.497435702 0.863566626 -0.0825251813 -0.489868947 0.868166409 -0.0794701258 -0.489868947 0.868166409 -0.0794701258 -0.489868947 0.868166409 -0.0794701258 -0.495753067 0.850821206 0.174161336 -0.495753067 0.850821206 0.174161336 -0.495753067 0.850821206 0.174161336 -0.496929703 0.850259652 0.173549399 -0.496929703 0.850259652 0.173549399 -0.496929703 0.850259652 0.173549399 -0.500843684 0.801058389 0.32781254 -0.500843684 0.801058389 0.32781254 -0.500843684 0.801058389 0.32781254 -0.500320828 0.801268447 0.328097463 -0.500320828 0.801268447 0.328097463 -0.500320828 0.801268447 0.328097463 -0.502661304 0.760253665 0.411516681 -0.502661304 0.760253665 0.411516681 -0.502661304 0.760253665 0.411516681 -0.501682091 0.760607317 0.412057749 -0.501682091 0.760607317 0.412057749 -0.501682091 0.760607317 0.412057749 -0.502599196 0.742576548 0.442689642 -0.502599196 0.742576548 0.442689642 -0.502599196 0.742576548 0.442689642 -0.502381393 0.742651419 0.442811253 -0.502381393 0.742651419 0.442811253 -0.502381393 0.742651419 0.442811253 -0.50114347 0.763438021 0.407452588 -0.50114347 0.763438021 0.407452588 -0.50114347 0.763438021 0.407452588 -0.504036935 0.762424884 0.405777111 -0.504036935 0.762424884 0.405777111 -0.504036935 0.762424884 0.405777111 -0.500462194 0.835248951 0.22780865 -0.500462194 0.835248951 0.22780865 -0.500462194 0.835248951 0.22780865 -0.499506751 0.83380007 0.235096678 -0.499506751 0.83380007 0.235096678 -0.499506751 0.83380007 0.235096678 -0.467888464 0.883787523 0 -0.467888464 0.883787523 0 -0.467888464 0.883787523 0 -0.467530191 0.883929166 0.00920594385 -0.467530191 0.883929166 0.00920594385 -0.467530191 0.883929166 0.00920594385 -0.396794404 0.879193185 -0.263767972 -0.396794404 0.879193185 -0.263767972 -0.396794404 0.879193185 -0.263767972 -0.397106689 0.872098651 -0.285919957 -0.397106689 0.872098651 -0.285919957 -0.397106689 0.872098651 -0.285919957 -0.187493451 0.673643219 -0.714878325 -0.187493451 0.673643219 -0.714878325 -0.187493451 0.673643219 -0.714878325 0.184551722 0.319055328 0.929593653 0.184551722 0.319055328 0.929593653 0.184551722 0.319055328 0.929593653 0.394071217 0.681275256 0.616905099 0.394071217 0.681275256 0.616905099 0.394071217 0.681275256 0.616905099 0.394116162 0.678896639 0.619493183 0.394116162 0.678896639 0.619493183 0.394116162 0.678896639 0.619493183 0.465144178 0.801248084 0.376354091 0.465144178 0.801248084 0.376354091 0.465144178 0.801248084 0.376354091 0.464544923 0.807551683 0.363398257 0.464544923 0.807551683 0.363398257 0.464544923 0.807551683 0.363398257 0.495630329 0.861589668 0.109607577 0.495630329 0.861589668 0.109607577 0.495630329 0.861589668 0.109607577 0.496862864 0.859739896 0.118214236 0.496862864 0.859739896 0.118214236 0.496862864 0.859739896 0.118214236 0.500213871 0.865538265 -0.0250917162 0.500213871 0.865538265 -0.0250917162 0.500213871 0.865538265 -0.0250917162 0.499004052 0.866211866 -0.0259221783 0.499004052 0.866211866 -0.0259221783 0.499004052 0.866211866 -0.0259221783 0.498600642 0.866177604 -0.0336713221 0.498600642 0.866177604 -0.0336713221 0.498600642 0.866177604 -0.0336713221 0.498754342 0.866091835 -0.0336011823 0.498754342 0.866091835 -0.0336011823 0.498754342 0.866091835 -0.0336011823 0.499052733 0.866127783 -0.0277314421 0.499052733 0.866127783 -0.0277314421 0.499052733 0.866127783 -0.0277314421 0.500064419 0.865556634 -0.0273366161 0.500064419 0.865556634 -0.0273366161 0.500064419 0.865556634 -0.0273366161 0.500486185 0.865679948 -0.0105738727 0.500486185 0.865679948 -0.0105738727 0.500486185 0.865679948 -0.0105738727 0.499002542 0.866528577 -0.011166395 0.499002542 0.866528577 -0.011166395 0.499002542 0.866528577 -0.011166395 0.498383958 0.866756605 0.0186122986 0.498383958 0.866756605 0.0186122986 0.498383958 0.866756605 0.0186122986 0.499384889 0.866169765 0.0190963612 0.499384889 0.866169765 0.0190963612 0.499384889 0.866169765 0.0190963612 0.494187737 0.866606003 0.0690834018 0.494187737 0.866606003 0.0690834018 0.494187737 0.866606003 0.0690834018 0.494166473 0.866619228 0.06906961 0.494166473 0.866619228 0.06906961 0.494166473 0.866619228 0.06906961 0.485517826 0.867161912 0.110917351 0.485517826 0.867161912 0.110917351 0.485517826 0.867161912 0.110917351 0.486290352 0.866655667 0.111488331 0.486290352 0.866655667 0.111488331 0.486290352 0.866655667 0.111488331 0.479015835 0.867012315 0.137235111 0.479015835 0.867012315 0.137235111 0.479015835 0.867012315 0.137235111 0.48077704 0.865812097 0.138646494 0.48077704 0.865812097 0.138646494 0.48077704 0.865812097 0.138646494 0.475871365 0.866028907 0.153428732 0.475871365 0.866028907 0.153428732 0.475871365 0.866028907 0.153428732 0.476992039 0.865244415 0.154371943 0.476992039 0.865244415 0.154371943 0.476992039 0.865244415 0.154371943 0.475085051 0.865331027 0.159675947 0.475085051 0.865331027 0.159675947 0.475085051 0.865331027 0.159675947 0.473289944 0.866600238 0.158115961 0.473289944 0.866600238 0.158115961 0.473289944 0.866600238 0.158115961 0.474786077 0.866516384 0.154037455 0.474786077 0.866516384 0.154037455 0.474786077 0.866516384 0.154037455 0.474595294 0.866650743 0.153869413 0.474595294 0.866650743 0.153869413 0.474595294 0.866650743 0.153869413 0.471211108 0.866849474 0.162886712 0.471211108 0.866849474 0.162886712 0.471211108 0.866849474 0.162886712 0.473137168 0.865473674 0.164610268 0.473137168 0.865473674 0.164610268 0.473137168 0.865473674 0.164610268 0.469364585 0.86577305 0.173591223 0.469364585 0.86577305 0.173591223 0.469364585 0.86577305 0.173591223 0.470274644 0.865113883 0.174412526 0.470274644 0.865113883 0.174412526 0.470274644 0.865113883 0.174412526 0.467401658 0.865358007 0.180807106 0.467401658 0.865358007 0.180807106 0.467401658 0.865358007 0.180807106 0.46643383 0.866062447 0.179931432 0.46643383 0.866062447 0.179931432 0.46643383 0.866062447 0.179931432 0.464765829 0.866201353 0.183542749 0.464765829 0.866201353 0.183542749 0.464765829 0.866201353 0.183542749 0.467507891 0.864185316 0.186064804 0.467507891 0.864185316 0.186064804 0.467507891 0.864185316 0.186064804 0.468898655 0.8640766 0.183045572 0.468898655 0.8640766 0.183045572 0.468898655 0.8640766 0.183045572 0.46489094 0.867062435 0.179106525 0.46489094 0.867062435 0.179106525 0.46489094 0.867062435 0.179106525 0.503524543 0.860079004 0.0820191477 0.503524543 0.860079004 0.0820191477 0.503524543 0.860079004 0.0820191477 0.498077314 0.859556237 0.114376859 0.498077314 0.859556237 0.114376859 0.498077314 0.859556237 0.114376859 0.576391843 0.805431632 -0.138030177 0.576391843 0.805431632 -0.138030177 0.576391843 0.805431632 -0.138030177 0.576218313 0.799076334 -0.171608474 0.576218313 0.799076334 -0.171608474 0.576218313 0.799076334 -0.171608474 0.606628164 0.688457347 -0.397528304 0.606628164 0.688457347 -0.397528304 0.606628164 0.688457347 -0.397528304 0.606202914 0.687866597 -0.399196158 0.606202914 0.687866597 -0.399196158 0.606202914 0.687866597 -0.399196158 0.546390303 0.318254792 -0.774707379 0.546390303 0.318254792 -0.774707379 0.546390303 0.318254792 -0.774707379 0.369033019 -0 0.929416285 0.369033019 -0 0.929416285 0.369033019 -0 0.929416285 0.785636169 0 0.618688783 0.785636169 0 0.618688783 0.785636169 0 0.618688783 0.785636169 -0 0.618688783 0.785636169 -0 0.618688783 0.785636169 -0 0.618688783 0.928476691 0 0.371390676 0.928476691 0 0.371390676 0.928476691 0 0.371390676 0.928476691 -0 0.371390676 0.928476691 -0 0.371390676 0.928476691 -0 0.371390676 0.993731358 0 0.111794399 0.993731358 0 0.111794399 0.993731358 0 0.111794399 0.993731358 -0 0.111794399 0.993731358 -0 0.111794399 0.993731358 -0 0.111794399 0.99916361 0 -0.0408910784 0.99916361 0 -0.0408910784 0.99916361 0 -0.0408910784 0.99916361 0 -0.0408910784 0.99916361 0 -0.0408910784 0.99916361 0 -0.0408910784 0.998293351 0 -0.0583985059 0.998293351 0 -0.0583985059 0.998293351 0 -0.0583985059 0.998293351 0 -0.0583985059 0.998293351 0 -0.0583985059 0.998293351 0 -0.0583985059 0.998950016 0 -0.0458133857 0.998950016 0 -0.0458133857 0.998950016 0 -0.0458133857 0.998950016 0 -0.0458133857 0.998950016 0 -0.0458133857 0.998950016 0 -0.0458133857 0.999930058 0 -0.0118270309 0.999930058 0 -0.0118270309 0.999930058 0 -0.0118270309 0.999930058 0 -0.0118270309 0.999930058 0 -0.0118270309 0.999930058 0 -0.0118270309 0.998786385 0 0.0492519743 0.998786385 0 0.0492519743 0.998786385 0 0.0492519743 0.998786385 -0 0.0492519743 0.998786385 -0 0.0492519743 0.998786385 -0 0.0492519743 0.988445204 0 0.15157862 0.988445204 0 0.15157862 0.988445204 0 0.15157862 0.988445204 -0 0.15157862 0.988445204 -0 0.15157862 0.988445204 -0 0.15157862 0.971941698 0 0.235221888 0.971941698 0 0.235221888 0.971941698 0 0.235221888 0.971941698 -0 0.235221888 0.971941698 -0 0.235221888 0.971941698 -0 0.235221888 0.957156746 0 0.289570309 0.957156746 0 0.289570309 0.957156746 0 0.289570309 0.957156746 -0 0.289570309 0.957156746 -0 0.289570309 0.957156746 -0 0.289570309 0.947072298 0 0.321020346 0.947072298 0 0.321020346 0.947072298 0 0.321020346 0.947072298 -0 0.321020346 0.947072298 -0 0.321020346 0.947072298 -0 0.321020346 0.942041969 0 0.335495051 0.942041969 0 0.335495051 0.942041969 0 0.335495051 0.942041969 -0 0.335495051 0.942041969 -0 0.335495051 0.942041969 -0 0.335495051 0.943304042 0 0.331929939 0.943304042 0 0.331929939 0.943304042 0 0.331929939 0.943304042 -0 0.331929939 0.943304042 -0 0.331929939 0.943304042 -0 0.331929939 0.934764288 0 0.355268526 0.934764288 0 0.355268526 0.934764288 0 0.355268526 0.934764288 -0 0.355268526 0.934764288 -0 0.355268526 0.934764288 -0 0.355268526 0.924639141 0 0.380844402 0.924639141 0 0.380844402 0.924639141 0 0.380844402 0.924639141 -0 0.380844402 0.924639141 -0 0.380844402 0.924639141 -0 0.380844402 0.917515535 0 0.397699941 0.917515535 0 0.397699941 0.917515535 0 0.397699941 0.917515535 -0 0.397699941 0.917515535 -0 0.397699941 0.917515535 -0 0.397699941 0.914297329 0 0.405043694 0.914297329 0 0.405043694 0.914297329 0 0.405043694 0.914297329 -0 0.405043694 0.914297329 -0 0.405043694 0.914297329 -0 0.405043694 0.91750673 0 0.397720253 0.91750673 0 0.397720253 0.91750673 0 0.397720253 0.91750673 -0 0.397720253 0.91750673 -0 0.397720253 0.91750673 -0 0.397720253 0.952927724 0 0.303197547 0.952927724 0 0.303197547 0.952927724 0 0.303197547 0.952927724 -0 0.303197547 0.952927724 -0 0.303197547 0.952927724 -0 0.303197547 0.999201021 0 0.0399664797 0.999201021 0 0.0399664797 0.999201021 0 0.0399664797 0.999201021 -0 0.0399664797 0.999201021 -0 0.0399664797 0.999201021 -0 0.0399664797 0.97014449 0 -0.242527664 0.97014449 0 -0.242527664 0.97014449 0 -0.242527664 0.97014449 0 -0.242527664 0.97014449 0 -0.242527664 0.97014449 0 -0.242527664 0.71500641 0 -0.699117896 0.71500641 0 -0.699117896 0.71500641 0 -0.699117896 0.184551722 -0.319055328 0.929593653 0.184551722 -0.319055328 0.929593653 0.184551722 -0.319055328 0.929593653 0.392915033 -0.679276431 0.619839743 0.392915033 -0.679276431 0.619839743 0.392915033 -0.679276431 0.619839743 0.395001127 -0.680421063 0.617253017 0.395001127 -0.680421063 0.617253017 0.395001127 -0.680421063 0.617253017 0.46787464 -0.805951522 0.362678185 0.46787464 -0.805951522 0.362678185 0.46787464 -0.805951522 0.362678185 0.462117751 -0.803332356 0.375638535 0.462117751 -0.803332356 0.375638535 0.462117751 -0.803332356 0.375638535 0.495130256 -0.860720356 0.118349049 0.495130256 -0.860720356 0.118349049 0.495130256 -0.860720356 0.118349049 0.497349443 -0.860581841 0.109737988 0.497349443 -0.860581841 0.109737988 0.497349443 -0.860581841 0.109737988 0.500202855 -0.865519204 -0.0259540297 0.500202855 -0.865519204 -0.0259540297 0.500202855 -0.865519204 -0.0259540297 0.49904769 -0.866212457 -0.0250475888 0.49904769 -0.866212457 -0.0250475888 0.49904769 -0.866212457 -0.0250475888 0.498604779 -0.866178198 -0.0335947007 0.498604779 -0.866178198 -0.0335947007 0.498604779 -0.866178198 -0.0335947007 0.498750237 -0.866091152 -0.0336796236 0.498750237 -0.866091152 -0.0336796236 0.498750237 -0.866091152 -0.0336796236 0.4990736 -0.86612922 -0.0273078131 0.4990736 -0.86612922 -0.0273078131 0.4990736 -0.86612922 -0.0273078131 0.500051528 -0.865550156 -0.0277740179 0.500051528 -0.865550156 -0.0277740179 0.500051528 -0.865550156 -0.0277740179 0.500473821 -0.865679743 -0.0111596141 0.500473821 -0.865679743 -0.0111596141 0.500473821 -0.865679743 -0.0111596141 0.498994372 -0.866540873 -0.0105608564 0.498994372 -0.866540873 -0.0105608564 0.498994372 -0.866540873 -0.0105608564 0.498372241 -0.866754355 0.019026215 0.498372241 -0.866754355 0.019026215 0.498372241 -0.866754355 0.019026215 0.499423982 -0.86615657 0.0186677127 0.499423982 -0.86615657 0.0186677127 0.499423982 -0.86615657 0.0186677127 0.494188889 -0.866606133 0.0690735281 0.494188889 -0.866606133 0.0690735281 0.494188889 -0.866606133 0.0690735281 0.494164493 -0.86661955 0.0690797326 0.494164493 -0.86661955 0.0690797326 0.494164493 -0.86661955 0.0690797326 0.485442324 -0.867159789 0.111263875 0.485442324 -0.867159789 0.111263875 0.485442324 -0.867159789 0.111263875 0.486388443 -0.866646392 0.111131965 0.486388443 -0.866646392 0.111131965 0.486388443 -0.866646392 0.111131965 0.478794893 -0.867013415 0.137997064 0.478794893 -0.867013415 0.137997064 0.478794893 -0.867013415 0.137997064 0.481035483 -0.865794627 0.137856909 0.481035483 -0.865794627 0.137856909 0.481035483 -0.865794627 0.137856909 0.475712404 -0.866032377 0.153901367 0.475712404 -0.866032377 0.153901367 0.475712404 -0.866032377 0.153901367 0.477169497 -0.865234915 0.153875965 0.477169497 -0.865234915 0.153875965 0.477169497 -0.865234915 0.153875965 0.475356044 -0.865320432 0.15892508 0.475356044 -0.865320432 0.15892508 0.475356044 -0.865320432 0.15892508 0.472994769 -0.866614798 0.158917401 0.472994769 -0.866614798 0.158917401 0.472994769 -0.866614798 0.158917401 0.474815722 -0.866514552 0.153956363 0.474815722 -0.866514552 0.153956363 0.474815722 -0.866514552 0.153956363 0.474562731 -0.866653054 0.153956809 0.474562731 -0.866653054 0.153956809 0.474562731 -0.866653054 0.153956809 0.470926919 -0.866862412 0.163638 0.470926919 -0.866862412 0.163638 0.470926919 -0.866862412 0.163638 0.473484555 -0.865441764 0.163777075 0.473484555 -0.865441764 0.163777075 0.473484555 -0.865441764 0.163777075 0.469231256 -0.865782071 0.173906395 0.469231256 -0.865782071 0.173906395 0.469231256 -0.865782071 0.173906395 0.470437399 -0.865098714 0.174048467 0.470437399 -0.865098714 0.174048467 0.470437399 -0.865098714 0.174048467 0.467540248 -0.865347249 0.180500013 0.467540248 -0.865347249 0.180500013 0.467540248 -0.865347249 0.180500013 0.466265578 -0.86607711 0.180296562 0.466265578 -0.86607711 0.180296562 0.466265578 -0.86607711 0.180296562 0.464361267 -0.86623289 0.184415817 0.464361267 -0.86623289 0.184415817 0.464361267 -0.86623289 0.184415817 0.467988327 -0.864148886 0.185023318 0.467988327 -0.864148886 0.185023318 0.467988327 -0.864148886 0.185023318 0.469597522 -0.864018193 0.181523356 0.469597522 -0.864018193 0.181523356 0.469597522 -0.864018193 0.181523356 0.464119944 -0.867102454 0.180903319 0.464119944 -0.867102454 0.180903319 0.464119944 -0.867102454 0.180903319 0.492523722 -0.863163448 0.111217107 0.492523722 -0.863163448 0.111217107 0.492523722 -0.863163448 0.111217107 0.50949346 -0.856339276 0.0842582844 0.50949346 -0.856339276 0.0842582844 0.50949346 -0.856339276 0.0842582844 0.582799352 -0.7953098 -0.16681498 0.582799352 -0.7953098 -0.16681498 0.582799352 -0.7953098 -0.16681498 0.569064526 -0.810404891 -0.139317901 0.569064526 -0.810404891 -0.139317901 0.569064526 -0.810404891 -0.139317901 0.606691557 -0.687679348 -0.398776215 0.606691557 -0.687679348 -0.398776215 0.606691557 -0.687679348 -0.398776215 0.606105241 -0.688901636 -0.397556252 0.606105241 -0.688901636 -0.397556252 0.606105241 -0.688901636 -0.397556252 0.546390303 -0.318254792 -0.774707379 0.546390303 -0.318254792 -0.774707379 0.546390303 -0.318254792 -0.774707379 -0.180144502 -0.319320667 0.930366739 -0.180144502 -0.319320667 0.930366739 -0.180144502 -0.319320667 0.930366739 -0.392096327 -0.683083418 0.616163545 -0.392096327 -0.683083418 0.616163545 -0.392096327 -0.683083418 0.616163545 -0.392153422 -0.679516539 0.620058842 -0.392153422 -0.679516539 0.620058842 -0.392153422 -0.679516539 0.620058842 -0.464958411 -0.803329536 0.372122737 -0.464958411 -0.803329536 0.372122737 -0.464958411 -0.803329536 0.372122737 -0.464544626 -0.807551825 0.363398321 -0.464544626 -0.807551825 0.363398321 -0.464544626 -0.807551825 0.363398321 -0.495284325 -0.860988887 0.115721968 -0.495284325 -0.860988887 0.115721968 -0.495284325 -0.860988887 0.115721968 -0.495650147 -0.860426634 0.118308662 -0.495650147 -0.860426634 0.118308662 -0.495650147 -0.860426634 0.118308662 -0.499145686 -0.866494734 0.00636083373 -0.499145686 -0.866494734 0.00636083373 -0.499145686 -0.866494734 0.00636083373 -0.499881819 -0.866065741 0.00694985148 -0.499881819 -0.866065741 0.00694985148 -0.499881819 -0.866065741 0.00694985148 -0.499532984 -0.866154282 0.0156063588 -0.499532984 -0.866154282 0.0156063588 -0.499532984 -0.866154282 0.0156063588 -0.499612407 -0.866107639 0.0156524764 -0.499612407 -0.866107639 0.0156524764 -0.499612407 -0.866107639 0.0156524764 -0.499911899 -0.866035183 0.00843532446 -0.499911899 -0.866035183 0.00843532446 -0.499911899 -0.866035183 0.00843532446 -0.499210905 -0.866442605 0.00810457086 -0.499210905 -0.866442605 0.00810457086 -0.499210905 -0.866442605 0.00810457086 -0.499515015 -0.866261526 -0.0087015964 -0.499515015 -0.866261526 -0.0087015964 -0.499515015 -0.866261526 -0.0087015964 -0.498631092 -0.866767025 -0.00905311083 -0.498631092 -0.866767025 -0.00905311083 -0.498631092 -0.866767025 -0.00905311083 -0.497606742 -0.866408034 -0.0415288882 -0.497606742 -0.866408034 -0.0415288882 -0.497606742 -0.866408034 -0.0415288882 -0.495746502 -0.867444186 -0.0421425089 -0.495746502 -0.867444186 -0.0421425089 -0.495746502 -0.867444186 -0.0421425089 -0.489744573 -0.866791081 -0.0939333572 -0.489744573 -0.866791081 -0.0939333572 -0.489744573 -0.866791081 -0.0939333572 -0.488812207 -0.867292987 -0.0941567878 -0.488812207 -0.867292987 -0.0941567878 -0.488812207 -0.867292987 -0.0941567878 -0.479675322 -0.866973558 -0.135160778 -0.479675322 -0.866973558 -0.135160778 -0.479675322 -0.866973558 -0.135160778 -0.478432145 -0.867634961 -0.135322789 -0.478432145 -0.867634961 -0.135322789 -0.478432145 -0.867634961 -0.135322789 -0.469882464 -0.867326809 -0.164178794 -0.469882464 -0.867326809 -0.164178794 -0.469882464 -0.867326809 -0.164178794 -0.471864396 -0.866271371 -0.164066764 -0.471864396 -0.866271371 -0.164066764 -0.471864396 -0.866271371 -0.164066764 -0.465625756 -0.866061437 -0.182017149 -0.465625756 -0.866061437 -0.182017149 -0.465625756 -0.866061437 -0.182017149 -0.466379257 -0.86565788 -0.182007755 -0.466379257 -0.86565788 -0.182007755 -0.466379257 -0.86565788 -0.182007755 -0.462122989 -0.865518856 -0.193182436 -0.462122989 -0.865518856 -0.193182436 -0.462122989 -0.865518856 -0.193182436 -0.458244596 -0.867582915 -0.193162561 -0.458244596 -0.867582915 -0.193162561 -0.458244596 -0.867582915 -0.193162561 -0.456470789 -0.86749263 -0.19771433 -0.456470789 -0.86749263 -0.19771433 -0.456470789 -0.86749263 -0.19771433 -0.458766196 -0.866279968 -0.197718472 -0.458766196 -0.866279968 -0.197718472 -0.458766196 -0.866279968 -0.197718472 -0.449636114 -0.865727155 -0.219872366 -0.449636114 -0.865727155 -0.219872366 -0.449636114 -0.865727155 -0.219872366 -0.450395838 -0.865320146 -0.219919609 -0.450395838 -0.865320146 -0.219919609 -0.450395838 -0.865320146 -0.219919609 -0.44115864 -0.864662041 -0.240288595 -0.44115864 -0.864662041 -0.240288595 -0.44115864 -0.864662041 -0.240288595 -0.439468405 -0.865580089 -0.240080467 -0.439468405 -0.865580089 -0.240080467 -0.439468405 -0.865580089 -0.240080467 -0.433671255 -0.865180045 -0.251779133 -0.433671255 -0.865180045 -0.251779133 -0.433671255 -0.865180045 -0.251779133 -0.430158303 -0.867097812 -0.25120752 -0.430158303 -0.867097812 -0.25120752 -0.430158303 -0.867097812 -0.25120752 -0.427535584 -0.866915053 -0.256264737 -0.427535584 -0.866915053 -0.256264737 -0.427535584 -0.866915053 -0.256264737 -0.43619285 -0.86214717 -0.257755803 -0.43619285 -0.86214717 -0.257755803 -0.43619285 -0.86214717 -0.257755803 -0.438485003 -0.862309249 -0.253285732 -0.438485003 -0.862309249 -0.253285732 -0.438485003 -0.862309249 -0.253285732 -0.43425908 -0.86458989 -0.252791165 -0.43425908 -0.86458989 -0.252791165 -0.43425908 -0.86458989 -0.252791165 -0.397320841 -0.858487564 -0.324245665 -0.397320841 -0.858487564 -0.324245665 -0.397320841 -0.858487564 -0.324245665 -0.404700011 -0.858362979 -0.315326652 -0.404700011 -0.858362979 -0.315326652 -0.404700011 -0.858362979 -0.315326652 -0.273307287 -0.805232066 -0.52621711 -0.273307287 -0.805232066 -0.52621711 -0.273307287 -0.805232066 -0.52621711 -0.264450211 -0.803065706 -0.53399584 -0.264450211 -0.803065706 -0.53399584 -0.264450211 -0.803065706 -0.53399584 -0.0994857258 -0.682569564 -0.724017528 -0.0994857258 -0.682569564 -0.724017528 -0.0994857258 -0.682569564 -0.724017528 -0.0951076186 -0.680889305 -0.726184753 -0.0951076186 -0.680889305 -0.726184753 -0.0951076186 -0.680889305 -0.726184753 0.218788869 -0.319219565 -0.922079335 0.218788869 -0.319219565 -0.922079335 0.218788869 -0.319219565 -0.922079335 -0.365087339 0 0.930973273 -0.365087339 0 0.930973273 -0.365087339 0 0.930973273 -0.785636169 0 0.618688783 -0.785636169 0 0.618688783 -0.785636169 0 0.618688783 -0.785636169 0 0.618688783 -0.785636169 0 0.618688783 -0.785636169 0 0.618688783 -0.930051943 0 0.367428066 -0.930051943 0 0.367428066 -0.930051943 0 0.367428066 -0.930051943 0 0.367428066 -0.930051943 0 0.367428066 -0.930051943 0 0.367428066 -0.99227797 0 0.124033989 -0.99227797 0 0.124033989 -0.99227797 0 0.124033989 -0.99227797 0 0.124033989 -0.99227797 0 0.124033989 -0.99227797 0 0.124033989 -0.99974665 0 0.0225085924 -0.99974665 0 0.0225085924 -0.99974665 0 0.0225085924 -0.99974665 0 0.0225085924 -0.99974665 0 0.0225085924 -0.99974665 0 0.0225085924 -0.999191096 0 0.0402138376 -0.999191096 0 0.0402138376 -0.999191096 0 0.0402138376 -0.999191096 0 0.0402138376 -0.999191096 0 0.0402138376 -0.999191096 0 0.0402138376 -0.999651632 0 0.0263934433 -0.999651632 0 0.0263934433 -0.999651632 0 0.0263934433 -0.999651632 0 0.0263934433 -0.999651632 0 0.0263934433 -0.999651632 0 0.0263934433 -0.999965062 0 -0.00835916457 -0.999965062 0 -0.00835916457 -0.999965062 0 -0.00835916457 -0.999965062 -0 -0.00835916457 -0.999965062 -0 -0.00835916457 -0.999965062 -0 -0.00835916457 -0.997414294 0 -0.0718660266 -0.997414294 0 -0.0718660266 -0.997414294 0 -0.0718660266 -0.997414294 -0 -0.0718660266 -0.997414294 -0 -0.0718660266 -0.997414294 -0 -0.0718660266 -0.984361321 0 -0.176161259 -0.984361321 0 -0.176161259 -0.984361321 0 -0.176161259 -0.984361321 -0 -0.176161259 -0.984361321 -0 -0.176161259 -0.984361321 -0 -0.176161259 -0.965783409 0 -0.259349969 -0.965783409 0 -0.259349969 -0.965783409 0 -0.259349969 -0.965783409 -0 -0.259349969 -0.965783409 -0 -0.259349969 -0.965783409 -0 -0.259349969 -0.948683327 0 -0.31622768 -0.948683327 0 -0.31622768 -0.948683327 0 -0.31622768 -0.948683327 -0 -0.31622768 -0.948683327 -0 -0.31622768 -0.948683327 -0 -0.31622768 -0.936615022 0 -0.350360244 -0.936615022 0 -0.350360244 -0.936615022 0 -0.350360244 -0.936615022 -0 -0.350360244 -0.936615022 -0 -0.350360244 -0.936615022 -0 -0.350360244 -0.929364192 0 -0.369164188 -0.929364192 0 -0.369164188 -0.929364192 0 -0.369164188 -0.929364192 -0 -0.369164188 -0.929364192 -0 -0.369164188 -0.929364192 -0 -0.369164188 -0.927110203 0 -0.374788836 -0.927110203 0 -0.374788836 -0.927110203 0 -0.374788836 -0.927110203 -0 -0.374788836 -0.927110203 -0 -0.374788836 -0.927110203 -0 -0.374788836 -0.910964329 0 -0.412485141 -0.910964329 0 -0.412485141 -0.910964329 0 -0.412485141 -0.910964329 -0 -0.412485141 -0.910964329 -0 -0.412485141 -0.910964329 -0 -0.412485141 -0.894723742 0 -0.44662 -0.894723742 0 -0.44662 -0.894723742 0 -0.44662 -0.894723742 -0 -0.44662 -0.894723742 -0 -0.44662 -0.894723742 -0 -0.44662 -0.884026988 0 -0.467435862 -0.884026988 0 -0.467435862 -0.884026988 0 -0.467435862 -0.884026988 -0 -0.467435862 -0.884026988 -0 -0.467435862 -0.884026988 -0 -0.467435862 -0.87812131 0 -0.478438047 -0.87812131 0 -0.478438047 -0.87812131 0 -0.478438047 -0.87812131 -0 -0.478438047 -0.87812131 -0 -0.478438047 -0.87812131 -0 -0.478438047 -0.883854121 0 -0.467762645 -0.883854121 0 -0.467762645 -0.883854121 0 -0.467762645 -0.883854121 -0 -0.467762645 -0.883854121 -0 -0.467762645 -0.883854121 -0 -0.467762645 -0.857489231 0 -0.514501913 -0.857489231 0 -0.514501913 -0.857489231 0 -0.514501913 -0.857489231 -0 -0.514501913 -0.857489231 -0 -0.514501913 -0.857489231 -0 -0.514501913 -0.686624112 0 -0.727012606 -0.686624112 0 -0.727012606 -0.686624112 0 -0.727012606 -0.686624112 -0 -0.727012606 -0.686624112 -0 -0.727012606 -0.686624112 -0 -0.727012606 -0.447220314 0 -0.894423832 -0.447220314 0 -0.894423832 -0.447220314 0 -0.894423832 -0.447220314 -0 -0.894423832 -0.447220314 -0 -0.894423832 -0.447220314 -0 -0.894423832 0.0481353967 0 -0.99884082 0.0481353967 0 -0.99884082 0.0481353967 0 -0.99884082 -0.180144502 0.319320667 0.930366739 -0.180144502 0.319320667 0.930366739 -0.180144502 0.319320667 0.930366739 -0.390340766 0.68008579 0.620578283 -0.390340766 0.68008579 0.620578283 -0.390340766 0.68008579 0.620578283 -0.393494198 0.681804393 0.616688808 -0.393494198 0.681804393 0.616688808 -0.393494198 0.681804393 0.616688808 -0.466812332 0.806463622 0.36290863 -0.466812332 0.806463622 0.36290863 -0.466812332 0.806463622 0.36290863 -0.462919593 0.804726912 0.371645057 -0.462919593 0.804726912 0.371645057 -0.462919593 0.804726912 0.371645057 -0.495129951 0.860720529 0.118349073 -0.495129951 0.860720529 0.118349073 -0.495129951 0.860720529 0.118349073 -0.495799632 0.860686133 0.115767459 -0.495799632 0.860686133 0.115767459 -0.495799632 0.860686133 0.115767459 -0.499143829 0.866491511 0.00692089616 -0.499143829 0.866491511 0.00692089616 -0.499143829 0.866491511 0.00692089616 -0.499903452 0.866057637 0.0063803545 -0.499903452 0.866057637 0.0063803545 -0.499903452 0.866057637 0.0063803545 -0.499531216 0.86615455 0.0156479836 -0.499531216 0.86615455 0.0156479836 -0.499531216 0.86615455 0.0156479836 -0.499614252 0.866107344 0.0156098733 -0.499614252 0.866107344 0.0156098733 -0.499614252 0.866107344 0.0156098733 -0.499923819 0.866031181 0.00813442395 -0.499923819 0.866031181 0.00813442395 -0.499923819 0.866031181 0.00813442395 -0.499203974 0.866443645 0.0084143866 -0.499203974 0.866443645 0.0084143866 -0.499203974 0.866443645 0.0084143866 -0.499519761 0.866255269 -0.00904525631 -0.499519761 0.866255269 -0.00904525631 -0.499519761 0.866255269 -0.00904525631 -0.498639407 0.866765889 -0.00869691191 -0.498639407 0.866765889 -0.00869691191 -0.498639407 0.866765889 -0.00869691191 -0.497578372 0.866389899 -0.0422410564 -0.497578372 0.866389899 -0.0422410564 -0.497578372 0.866389899 -0.0422410564 -0.495821945 0.867436486 -0.0414070259 -0.495821945 0.867436486 -0.0414070259 -0.495821945 0.867436486 -0.0414070259 -0.489697723 0.866778163 -0.0942961083 -0.489697723 0.866778163 -0.0942961083 -0.489697723 0.866778163 -0.0942961083 -0.488891107 0.867288881 -0.0937842326 -0.488891107 0.867288881 -0.0937842326 -0.488891107 0.867288881 -0.0937842326 -0.479571572 0.866961704 -0.135604245 -0.479571572 0.866961704 -0.135604245 -0.479571572 0.866961704 -0.135604245 -0.478563423 0.867633527 -0.134867024 -0.478563423 0.867633527 -0.134867024 -0.478563423 0.867633527 -0.134867024 -0.470083418 0.867342687 -0.163518325 -0.470083418 0.867342687 -0.163518325 -0.470083418 0.867342687 -0.163518325 -0.471629741 0.866269105 -0.164752011 -0.471629741 0.866269105 -0.164752011 -0.471629741 0.866269105 -0.164752011 -0.465710574 0.866066324 -0.181776741 -0.465710574 0.866066324 -0.181776741 -0.465710574 0.866066324 -0.181776741 -0.466284118 0.865656111 -0.182259754 -0.466284118 0.865656111 -0.182259754 -0.466284118 0.865656111 -0.182259754 -0.46165481 0.865496208 -0.194399459 -0.46165481 0.865496208 -0.194399459 -0.46165481 0.865496208 -0.194399459 -0.458747933 0.867604846 -0.191864966 -0.458747933 0.867604846 -0.191864966 -0.458747933 0.867604846 -0.191864966 -0.456751953 0.867508282 -0.196995011 -0.456751953 0.867508282 -0.196995011 -0.456751953 0.867508282 -0.196995011 -0.458450918 0.866269017 -0.198496211 -0.458450918 0.866269017 -0.198496211 -0.458450918 0.866269017 -0.198496211 -0.449726588 0.865734964 -0.219656476 -0.449726588 0.865734964 -0.219656476 -0.449726588 0.865734964 -0.219656476 -0.450288431 0.865314919 -0.220159985 -0.450288431 0.865314919 -0.220159985 -0.450288431 0.865314919 -0.220159985 -0.440961194 0.864643476 -0.240717436 -0.440961194 0.864643476 -0.240717436 -0.440961194 0.864643476 -0.240717436 -0.439710638 0.865593681 -0.239587425 -0.439710638 0.865593681 -0.239587425 -0.439710638 0.865593681 -0.239587425 -0.433261151 0.865146387 -0.252599495 -0.433261151 0.865146387 -0.252599495 -0.433261151 0.865146387 -0.252599495 -0.430659419 0.867129626 -0.250237241 -0.430659419 0.867129626 -0.250237241 -0.430659419 0.867129626 -0.250237241 -0.428577765 0.86699093 -0.25425937 -0.428577765 0.86699093 -0.25425937 -0.428577765 0.86699093 -0.25425937 -0.434947734 0.86205037 -0.260172305 -0.434947734 0.86205037 -0.260172305 -0.434947734 0.86205037 -0.260172305 -0.437902926 0.862270082 -0.254423532 -0.437902926 0.862270082 -0.254423532 -0.437902926 0.862270082 -0.254423532 -0.434915557 0.864649756 -0.251454285 -0.434915557 0.864649756 -0.251454285 -0.434915557 0.864649756 -0.251454285 -0.402576973 0.859663083 -0.314501455 -0.402576973 0.859663083 -0.314501455 -0.402576973 0.859663083 -0.314501455 -0.399318446 0.857156598 -0.32531115 -0.399318446 0.857156598 -0.32531115 -0.399318446 0.857156598 -0.32531115 -0.267259758 0.801781144 -0.534527098 -0.267259758 0.801781144 -0.534527098 -0.267259758 0.801781144 -0.534527098 -0.271296258 0.806966725 -0.524597984 -0.271296258 0.806966725 -0.524597984 -0.271296258 0.806966725 -0.524597984 -0.0969120863 0.68032256 -0.726477296 -0.0969120863 0.68032256 -0.726477296 -0.0969120863 0.68032256 -0.726477296 -0.0984399754 0.683873557 -0.722929131 -0.0984399754 0.683873557 -0.722929131 -0.0984399754 0.683873557 -0.722929131 0.218788869 0.319219565 -0.922079335 0.218788869 0.319219565 -0.922079335 0.218788869 0.319219565 -0.922079335 0.183597902 0.521345196 0.833361264 0.183597902 0.521345196 0.833361264 0.183597902 0.521345196 0.833361264 0.39496252 0.804696294 0.443247654 0.39496252 0.804696294 0.443247654 0.39496252 0.804696294 0.443247654 0.395040435 0.802258357 0.447576344 0.395040435 0.802258357 0.447576344 0.395040435 0.802258357 0.447576344 0.465901716 0.865955503 0.181814898 0.465901716 0.865955503 0.181814898 0.465901716 0.865955503 0.181814898 0.464916472 0.870751651 0.160138179 0.464916472 0.870751651 0.160138179 0.464916472 0.870751651 0.160138179 0.494192002 0.865673515 -0.0798976265 0.494192002 0.865673515 -0.0798976265 0.494192002 0.865673515 -0.0798976265 0.494747556 0.865728912 -0.0757516101 0.494747556 0.865728912 -0.0757516101 0.494747556 0.865728912 -0.0757516101 0.497973791 0.829551071 -0.252719459 0.497973791 0.829551071 -0.252719459 0.497973791 0.829551071 -0.252719459 0.498501468 0.829364997 -0.252289494 0.498501468 0.829364997 -0.252289494 0.498501468 0.829364997 -0.252289494 0.498505721 0.822349273 -0.274287657 0.498505721 0.822349273 -0.274287657 0.498505721 0.822349273 -0.274287657 0.501799264 0.821050215 -0.272165469 0.501799264 0.821050215 -0.272165469 0.501799264 0.821050215 -0.272165469 0.501863235 0.826495001 -0.25502805 0.501863235 0.826495001 -0.25502805 0.501863235 0.826495001 -0.25502805 0.499043924 0.827709179 -0.256617764 0.499043924 0.827709179 -0.256617764 0.499043924 0.827709179 -0.256617764 0.499142607 0.840501119 -0.210747544 0.499142607 0.840501119 -0.210747544 0.499142607 0.840501119 -0.210747544 0.500123574 0.840044887 -0.210240338 0.500123574 0.840044887 -0.210240338 0.500123574 0.840044887 -0.210240338 0.50034476 0.857186008 -0.122013396 0.50034476 0.857186008 -0.122013396 0.50034476 0.857186008 -0.122013396 0.499278203 0.857733524 -0.122533577 0.499278203 0.857733524 -0.122533577 0.499278203 0.857733524 -0.122533577 0.498785004 0.864931688 0.055737736 0.498785004 0.864931688 0.055737736 0.498785004 0.864931688 0.055737736 0.496746015 0.866159055 0.0548806741 0.496746015 0.866159055 0.0548806741 0.496746015 0.866159055 0.0548806741 0.499718288 0.83163992 0.242191404 0.499718288 0.83163992 0.242191404 0.499718288 0.83163992 0.242191404 0.498907613 0.832180782 0.242004835 0.498907613 0.832180782 0.242004835 0.498907613 0.832180782 0.242004835 0.50009782 0.801855791 0.327000704 0.50009782 0.801855791 0.327000704 0.50009782 0.801855791 0.327000704 0.499199359 0.802460311 0.326890578 0.499199359 0.802460311 0.326890578 0.499199359 0.802460311 0.326890578 0.499256988 0.800993598 0.330381168 0.499256988 0.800993598 0.330381168 0.499256988 0.800993598 0.330381168 0.497614655 0.802085263 0.330210365 0.497614655 0.802085263 0.330210365 0.497614655 0.802085263 0.330210365 0.496300567 0.831608192 0.249225928 0.496300567 0.831608192 0.249225928 0.496300567 0.831608192 0.249225928 0.499438779 0.829566102 0.249761863 0.499438779 0.829566102 0.249761863 0.499438779 0.829566102 0.249761863 0.494224806 0.868827925 0.0296627237 0.494224806 0.868827925 0.0296627237 0.494224806 0.868827925 0.0296627237 0.496893832 0.867273288 0.0305542743 0.496893832 0.867273288 0.0305542743 0.496893832 0.867273288 0.0305542743 0.495449668 0.835936299 -0.236093477 0.495449668 0.835936299 -0.236093477 0.495449668 0.835936299 -0.236093477 0.496371078 0.835510596 -0.235664585 0.496371078 0.835510596 -0.235664585 0.496371078 0.835510596 -0.235664585 0.494909056 0.773729228 -0.395484649 0.494909056 0.773729228 -0.395484649 0.494909056 0.773729228 -0.395484649 0.500503495 0.771583808 -0.392625367 0.500503495 0.771583808 -0.392625367 0.500503495 0.771583808 -0.392625367 0.498986381 0.723987684 -0.476292373 0.498986381 0.723987684 -0.476292373 0.498986381 0.723987684 -0.476292373 0.50287724 0.722644513 -0.474235583 0.50287724 0.722644513 -0.474235583 0.50287724 0.722644513 -0.474235583 0.502419252 0.700701077 -0.506549994 0.502419252 0.700701077 -0.506549994 0.502419252 0.700701077 -0.506549994 0.502435365 0.700695857 -0.506541232 0.502435365 0.700695857 -0.506541232 0.502435365 0.700695857 -0.506541232 0.502768886 0.724294168 -0.471827729 0.502768886 0.724294168 -0.471827729 0.502768886 0.724294168 -0.471827729 0.500215915 0.725101711 -0.473298582 0.500215915 0.725101711 -0.473298582 0.500215915 0.725101711 -0.473298582 0.500184058 0.724865282 -0.473694238 0.500184058 0.724865282 -0.473694238 0.500184058 0.724865282 -0.473694238 0.495068936 0.717077142 -0.49061912 0.495068936 0.717077142 -0.49061912 0.495068936 0.717077142 -0.49061912 0.462485702 0.572802491 -0.676760136 0.462485702 0.572802491 -0.676760136 0.462485702 0.572802491 -0.676760136 0.473271836 0.587383155 -0.656501941 0.473271836 0.587383155 -0.656501941 0.473271836 0.587383155 -0.656501941 0.403103355 0.367868561 -0.837962056 0.403103355 0.367868561 -0.837962056 0.403103355 0.367868561 -0.837962056 0.396893941 0.361571634 -0.843647529 0.396893941 0.361571634 -0.843647529 0.396893941 0.361571634 -0.843647529 0.184550849 -0.0964272221 -0.97808117 0.184550849 -0.0964272221 -0.97808117 0.184550849 -0.0964272221 -0.97808117 0.365735997 0.213612271 0.905873599 0.365735997 0.213612271 0.905873599 0.365735997 0.213612271 0.905873599 0.783942226 0.142489587 0.604260957 0.783942226 0.142489587 0.604260957 0.783942226 0.142489587 0.604260957 0.787987916 0.143685502 0.598689836 0.787987916 0.143685502 0.598689836 0.787987916 0.143685502 0.598689836 0.929046856 0.0863391091 0.359746434 0.929046856 0.0863391091 0.359746434 0.929046856 0.0863391091 0.359746434 0.928107593 0.0862351238 0.36218752 0.928107593 0.0862351238 0.36218752 0.928107593 0.0862351238 0.36218752 0.99236582 0.0285655628 0.119975364 0.99236582 0.0285655628 0.119975364 0.99236582 0.0285655628 0.119975364 0.992253439 0.0285701485 0.120900204 0.992253439 0.0285701485 0.120900204 0.992253439 0.0285701485 0.120900204 0.999941794 -0.00248128842 -0.0105000601 0.999941794 -0.00248128842 -0.0105000601 0.999941794 -0.00248128842 -0.0105000601 0.999947272 -0.0031329385 -0.00977943359 0.999947272 -0.0031329385 -0.00977943359 0.999947272 -0.0031329385 -0.00977943359 0.999962656 -0.00263661528 -0.00823016602 0.999962656 -0.00263661528 -0.00823016602 0.999962656 -0.00263661528 -0.00823016602 0.999962519 -0.00260658007 -0.00825627184 0.999962519 -0.00260658007 -0.00825627184 0.999962519 -0.00260658007 -0.00825627184 0.99996429 -0.00254424967 -0.00805884199 0.99996429 -0.00254424967 -0.00805884199 0.99996429 -0.00254424967 -0.00805884199 0.999963308 -0.00226977519 -0.00826017597 0.999963308 -0.00226977519 -0.00826017597 0.999963308 -0.00226977519 -0.00826017597 0.999948114 -0.00269912011 -0.00982264996 0.999948114 -0.00269912011 -0.00982264996 0.999948114 -0.00269912011 -0.00982264996 0.999945324 -0.00198807694 -0.0102663039 0.999945324 -0.00198807694 -0.0102663039 0.999945324 -0.00198807694 -0.0102663039 0.999941132 -0.0020628698 -0.0106525295 0.999941132 -0.0020628698 -0.0106525295 0.999941132 -0.0020628698 -0.0106525295 0.999934618 -0.000517560903 -0.0114233029 0.999934618 -0.000517560903 -0.0114233029 0.999934618 -0.000517560903 -0.0114233029 0.999928267 -0.000542115849 -0.0119652653 0.999928267 -0.000542115849 -0.0119652653 0.999928267 -0.000542115849 -0.0119652653 0.999913225 0.00270271895 -0.012893301 0.999913225 0.00270271895 -0.012893301 0.999913225 0.00270271895 -0.012893301 0.999918406 0.00262079991 -0.0125025068 0.999918406 0.00262079991 -0.0125025068 0.999918406 0.00262079991 -0.0125025068 0.999909241 0.00482369765 -0.012579448 0.999909241 0.00482369765 -0.012579448 0.999909241 0.00482369765 -0.012579448 0.999920656 0.00451016781 -0.0117618112 0.999920656 0.00451016781 -0.0117618112 0.999920656 0.00451016781 -0.0117618112 0.999917972 0.00521496605 -0.0116984327 0.999917972 0.00521496605 -0.0116984327 0.999917972 0.00521496605 -0.0116984327 0.99987887 0.00633712591 -0.0142157092 0.99987887 0.00633712591 -0.0142157092 0.99987887 0.00633712591 -0.0142157092 0.99988156 0.00574933521 -0.0142762597 0.99988156 0.00574933521 -0.0142762597 0.99988156 0.00574933521 -0.0142762597 0.999820584 0.00707606177 -0.0175706741 0.999820584 0.00707606177 -0.0175706741 0.999820584 0.00707606177 -0.0175706741 0.999838419 0.00386802439 -0.0175549121 0.999838419 0.00386802439 -0.0175549121 0.999838419 0.00386802439 -0.0175549121 0.999665818 0.00556245435 -0.0252450313 0.999665818 0.00556245435 -0.0252450313 0.999665818 0.00556245435 -0.0252450313 0.999732695 -0.00259883861 -0.0229735465 0.999732695 -0.00259883861 -0.0229735465 0.999732695 -0.00259883861 -0.0229735465 0.999390267 -0.00392472032 -0.0346942456 0.999390267 -0.00392472032 -0.0346942456 0.999390267 -0.00392472032 -0.0346942456 0.99947911 -0.0112602717 -0.0302442555 0.99947911 -0.0112602717 -0.0302442555 0.99947911 -0.0112602717 -0.0302442555 0.999332959 -0.0127419623 -0.0342239666 0.999332959 -0.0127419623 -0.0342239666 0.999332959 -0.0127419623 -0.0342239666 0.999383422 -0.0167694054 -0.0308474048 0.999383422 -0.0167694054 -0.0308474048 0.999383422 -0.0167694054 -0.0308474048 0.999279621 -0.0181256197 -0.0333421677 0.999279621 -0.0181256197 -0.0333421677 0.999279621 -0.0181256197 -0.0333421677 0.999304996 -0.0201012764 -0.0313920881 0.999304996 -0.0201012764 -0.0313920881 0.999304996 -0.0201012764 -0.0313920881 0.999327124 -0.0197788062 -0.0308884876 0.999327124 -0.0197788062 -0.0308884876 0.999327124 -0.0197788062 -0.0308884876 0.999328576 -0.0198911687 -0.0307691232 0.999328576 -0.0198911687 -0.0307691232 0.999328576 -0.0198911687 -0.0307691232 0.999274872 -0.0206710927 -0.0319755669 0.999274872 -0.0206710927 -0.0319755669 0.999274872 -0.0206710927 -0.0319755669 0.999210665 -0.0168204889 -0.0359877518 0.999210665 -0.0168204889 -0.0359877518 0.999210665 -0.0168204889 -0.0359877518 0.99182504 -0.0540315019 -0.115601413 0.99182504 -0.0540315019 -0.115601413 0.99182504 -0.0540315019 -0.115601413 0.99143014 -0.0546604781 -0.1186529 0.99143014 -0.0546604781 -0.1186529 0.99143014 -0.0546604781 -0.1186529 0.931146796 -0.152571612 -0.331191105 0.931146796 -0.152571612 -0.331191105 0.931146796 -0.152571612 -0.331191105 0.926500979 -0.154416655 -0.343149286 0.926500979 -0.154416655 -0.343149286 0.926500979 -0.154416655 -0.343149286 0.784853687 -0.254294526 -0.565100863 0.784853687 -0.254294526 -0.565100863 0.784853687 -0.254294526 -0.565100863 0.792324424 -0.254514589 -0.554476627 0.792324424 -0.254514589 -0.554476627 0.792324424 -0.254514589 -0.554476627 0.369302673 -0.387678648 -0.844583212 0.369302673 -0.387678648 -0.844583212 0.369302673 -0.387678648 -0.844583212 0.182900405 -0.0946993451 0.978559899 0.182900405 -0.0946993451 0.978559899 0.182900405 -0.0946993451 0.978559899 0.39337717 -0.519768915 0.75834997 0.39337717 -0.519768915 0.75834997 0.39337717 -0.519768915 0.75834997 0.390489358 -0.517398904 0.761456785 0.390489358 -0.517398904 0.761456785 0.390489358 -0.517398904 0.761456785 0.464756557 -0.701074428 0.540828984 0.464756557 -0.701074428 0.540828984 0.464756557 -0.701074428 0.540828984 0.464351852 -0.70068979 0.541674419 0.464351852 -0.70068979 0.541674419 0.464351852 -0.70068979 0.541674419 0.495287037 -0.806594626 0.322638901 0.495287037 -0.806594626 0.322638901 0.495287037 -0.806594626 0.322638901 0.496984402 -0.808022614 0.31639526 0.496984402 -0.808022614 0.31639526 0.496984402 -0.808022614 0.31639526 0.500424253 -0.833483226 0.234267538 0.500424253 -0.833483226 0.234267538 0.500424253 -0.833483226 0.234267538 0.500373636 -0.83350114 0.234311917 0.500373636 -0.83350114 0.234311917 0.500373636 -0.83350114 0.234311917 0.500574327 -0.826709254 0.256860181 0.500574327 -0.826709254 0.256860181 0.500574327 -0.826709254 0.256860181 0.500424322 -0.826769815 0.256957529 0.500424322 -0.826769815 0.256957529 0.500424322 -0.826769815 0.256957529 0.500271532 -0.832313248 0.238711231 0.500271532 -0.832313248 0.238711231 0.500271532 -0.832313248 0.238711231 0.501385639 -0.831821304 0.238087713 0.501385639 -0.831821304 0.238087713 0.501385639 -0.831821304 0.238087713 0.50103711 -0.844177813 0.19059285 0.50103711 -0.844177813 0.19059285 0.50103711 -0.844177813 0.19059285 0.501037672 -0.844177544 0.190592564 0.501037672 -0.844177544 0.190592564 0.501037672 -0.844177544 0.190592564 0.500033312 -0.860254132 0.0996469492 0.500033312 -0.860254132 0.0996469492 0.500033312 -0.860254132 0.0996469492 0.500112974 -0.860212071 0.0996102717 0.500112974 -0.860212071 0.0996102717 0.500112974 -0.860212071 0.0996102717 0.4973786 -0.863674259 -0.0817392288 0.4973786 -0.863674259 -0.0817392288 0.4973786 -0.863674259 -0.0817392288 0.495716365 -0.864685502 -0.0811434953 0.495716365 -0.864685502 -0.0811434953 0.495716365 -0.864685502 -0.0811434953 0.496384573 -0.82636954 -0.265924312 0.496384573 -0.82636954 -0.265924312 0.496384573 -0.82636954 -0.265924312 0.499032576 -0.824604085 -0.266448103 0.499032576 -0.824604085 -0.266448103 0.499032576 -0.824604085 -0.266448103 0.499107787 -0.792663224 -0.350109168 0.499107787 -0.792663224 -0.350109168 0.499107787 -0.792663224 -0.350109168 0.498964187 -0.792760702 -0.350093145 0.498964187 -0.792760702 -0.350093145 0.498964187 -0.792760702 -0.350093145 0.498947952 -0.789149077 -0.35818246 0.498947952 -0.789149077 -0.35818246 0.498947952 -0.789149077 -0.35818246 0.501033557 -0.787725417 -0.358404858 0.501033557 -0.787725417 -0.358404858 0.501033557 -0.787725417 -0.358404858 0.501064406 -0.817068136 -0.285191377 0.501064406 -0.817068136 -0.285191377 0.501064406 -0.817068136 -0.285191377 0.496916304 -0.819882203 -0.284371871 0.496916304 -0.819882203 -0.284371871 0.496916304 -0.819882203 -0.284371871 0.497435702 -0.863566626 -0.0825251813 0.497435702 -0.863566626 -0.0825251813 0.497435702 -0.863566626 -0.0825251813 0.489868947 -0.868166409 -0.0794701258 0.489868947 -0.868166409 -0.0794701258 0.489868947 -0.868166409 -0.0794701258 0.495753067 -0.850821206 0.174161336 0.495753067 -0.850821206 0.174161336 0.495753067 -0.850821206 0.174161336 0.496929703 -0.850259652 0.173549399 0.496929703 -0.850259652 0.173549399 0.496929703 -0.850259652 0.173549399 0.500843684 -0.801058389 0.32781254 0.500843684 -0.801058389 0.32781254 0.500843684 -0.801058389 0.32781254 0.500320828 -0.801268447 0.328097463 0.500320828 -0.801268447 0.328097463 0.500320828 -0.801268447 0.328097463 0.502661304 -0.760253665 0.411516681 0.502661304 -0.760253665 0.411516681 0.502661304 -0.760253665 0.411516681 0.501682091 -0.760607317 0.412057749 0.501682091 -0.760607317 0.412057749 0.501682091 -0.760607317 0.412057749 0.502599196 -0.742576548 0.442689642 0.502599196 -0.742576548 0.442689642 0.502599196 -0.742576548 0.442689642 0.502381393 -0.742651419 0.442811253 0.502381393 -0.742651419 0.442811253 0.502381393 -0.742651419 0.442811253 0.50114347 -0.763438021 0.407452588 0.50114347 -0.763438021 0.407452588 0.50114347 -0.763438021 0.407452588 0.504036935 -0.762424884 0.405777111 0.504036935 -0.762424884 0.405777111 0.504036935 -0.762424884 0.405777111 0.500462194 -0.835248951 0.22780865 0.500462194 -0.835248951 0.22780865 0.500462194 -0.835248951 0.22780865 0.499506751 -0.83380007 0.235096678 0.499506751 -0.83380007 0.235096678 0.499506751 -0.83380007 0.235096678 0.467888464 -0.883787523 0 0.467888464 -0.883787523 0 0.467888464 -0.883787523 0 0.467530191 -0.883929166 0.00920594385 0.467530191 -0.883929166 0.00920594385 0.467530191 -0.883929166 0.00920594385 0.396794404 -0.879193185 -0.263767972 0.396794404 -0.879193185 -0.263767972 0.396794404 -0.879193185 -0.263767972 0.397106689 -0.872098651 -0.285919957 0.397106689 -0.872098651 -0.285919957 0.397106689 -0.872098651 -0.285919957 0.187493451 -0.673643219 -0.714878325 0.187493451 -0.673643219 -0.714878325 0.187493451 -0.673643219 -0.714878325 -0.182900405 -0.0946993451 0.978559899 -0.182900405 -0.0946993451 0.978559899 -0.182900405 -0.0946993451 0.978559899 -0.391771775 -0.516146808 0.761647785 -0.391771775 -0.516146808 0.761647785 -0.391771775 -0.516146808 0.761647785 -0.391715501 -0.520169866 0.758934962 -0.391715501 -0.520169866 0.758934962 -0.391715501 -0.520169866 0.758934962 -0.46456625 -0.700534417 0.541691545 -0.46456625 -0.700534417 0.541691545 -0.46456625 -0.700534417 0.541691545 -0.4645222 -0.701171795 0.540904096 -0.4645222 -0.701171795 0.540904096 -0.4645222 -0.701171795 0.540904096 -0.495708799 -0.808778447 0.316465182 -0.495708799 -0.808778447 0.316465182 -0.495708799 -0.808778447 0.316465182 -0.496584725 -0.805906501 0.32236365 -0.496584725 -0.805906501 0.32236365 -0.496584725 -0.805906501 0.32236365 -0.500423566 -0.833473553 0.234303416 -0.500423566 -0.833473553 0.234303416 -0.500423566 -0.833473553 0.234303416 -0.500373089 -0.833511694 0.234275539 -0.500373089 -0.833511694 0.234275539 -0.500373089 -0.833511694 0.234275539 -0.500574518 -0.82668741 0.256930104 -0.500574518 -0.82668741 0.256930104 -0.500574518 -0.82668741 0.256930104 -0.500424077 -0.826792204 0.256885954 -0.500424077 -0.826792204 0.256885954 -0.500424077 -0.826792204 0.256885954 -0.50026571 -0.832440826 0.238278178 -0.50026571 -0.832440826 0.238278178 -0.50026571 -0.832440826 0.238278178 -0.501383172 -0.831694952 0.238533901 -0.501383172 -0.831694952 0.238533901 -0.501383172 -0.831694952 0.238533901 -0.501037105 -0.844177862 0.190592644 -0.501037105 -0.844177862 0.190592644 -0.501037105 -0.844177862 0.190592644 -0.50103767 -0.844177497 0.190592778 -0.50103767 -0.844177497 0.190592778 -0.50103767 -0.844177497 0.190592778 -0.500032277 -0.860258227 0.0996167892 -0.500032277 -0.860258227 0.0996167892 -0.500032277 -0.860258227 0.0996167892 -0.500112013 -0.860208988 0.0996417199 -0.500112013 -0.860208988 0.0996417199 -0.500112013 -0.860208988 0.0996417199 -0.497418523 -0.86371348 -0.0810792088 -0.497418523 -0.86371348 -0.0810792088 -0.497418523 -0.86371348 -0.0810792088 -0.495751096 -0.86460118 -0.0818269538 -0.495751096 -0.86460118 -0.0818269538 -0.495751096 -0.86460118 -0.0818269538 -0.496340967 -0.826087706 -0.26687965 -0.496340967 -0.826087706 -0.26687965 -0.496340967 -0.826087706 -0.26687965 -0.499008175 -0.824936457 -0.265463149 -0.499008175 -0.824936457 -0.265463149 -0.499008175 -0.824936457 -0.265463149 -0.499108898 -0.79268349 -0.350061699 -0.499108898 -0.79268349 -0.350061699 -0.499108898 -0.79268349 -0.350061699 -0.498964206 -0.792738859 -0.350142575 -0.498964206 -0.792738859 -0.350142575 -0.498964206 -0.792738859 -0.350142575 -0.498944786 -0.788841028 -0.358864784 -0.498944786 -0.788841028 -0.358864784 -0.498944786 -0.788841028 -0.358864784 -0.501049354 -0.788044308 -0.357681022 -0.501049354 -0.788044308 -0.357681022 -0.501049354 -0.788044308 -0.357681022 -0.501032884 -0.817608921 -0.28369297 -0.501032884 -0.817608921 -0.28369297 -0.501032884 -0.817608921 -0.28369297 -0.496823341 -0.819373444 -0.285996027 -0.496823341 -0.819373444 -0.285996027 -0.496823341 -0.819373444 -0.285996027 -0.497275131 -0.863957887 -0.0793360807 -0.497275131 -0.863957887 -0.0793360807 -0.497275131 -0.863957887 -0.0793360807 -0.489564818 -0.868012431 -0.0829500366 -0.489564818 -0.868012431 -0.0829500366 -0.489564818 -0.868012431 -0.0829500366 -0.495770487 -0.850898354 0.173734322 -0.495770487 -0.850898354 0.173734322 -0.495770487 -0.850898354 0.173734322 -0.496961194 -0.850144478 0.174022811 -0.496961194 -0.850144478 0.174022811 -0.496961194 -0.850144478 0.174022811 -0.500841066 -0.800999655 0.327960026 -0.500841066 -0.800999655 0.327960026 -0.500841066 -0.800999655 0.327960026 -0.500311877 -0.801342993 0.327929007 -0.500311877 -0.801342993 0.327929007 -0.500311877 -0.801342993 0.327929007 -0.502661752 -0.760130803 0.411743033 -0.502661752 -0.760130803 0.411743033 -0.502661752 -0.760130803 0.411743033 -0.501671384 -0.760759197 0.41179032 -0.501671384 -0.760759197 0.41179032 -0.501671384 -0.760759197 0.41179032 -0.502600129 -0.742547729 0.442736921 -0.502600129 -0.742547729 0.442736921 -0.502600129 -0.742547729 0.442736921 -0.502380078 -0.742685935 0.442754853 -0.502380078 -0.742685935 0.442754853 -0.502380078 -0.742685935 0.442754853 -0.501108701 -0.763857468 0.406708541 -0.501108701 -0.763857468 0.406708541 -0.501108701 -0.763857468 0.406708541 -0.504006608 -0.761969645 0.406668905 -0.504006608 -0.761969645 0.406668905 -0.504006608 -0.761969645 0.406668905 -0.500930714 -0.833074502 0.234638646 -0.500930714 -0.833074502 0.234638646 -0.500930714 -0.833074502 0.234638646 -0.498969179 -0.836079938 0.228035297 -0.498969179 -0.836079938 0.228035297 -0.498969179 -0.836079938 0.228035297 -0.46946009 -0.882915333 0.00823038587 -0.46946009 -0.882915333 0.00823038587 -0.46946009 -0.882915333 0.00823038587 -0.465748659 -0.884917051 0 -0.465748659 -0.884917051 0 -0.465748659 -0.884917051 0 -0.390883837 -0.876357039 -0.281439455 -0.390883837 -0.876357039 -0.281439455 -0.390883837 -0.876357039 -0.281439455 -0.404712726 -0.875875638 -0.26277267 -0.404712726 -0.875875638 -0.26277267 -0.404712726 -0.875875638 -0.26277267 -0.187493451 -0.673643219 -0.714878325 -0.187493451 -0.673643219 -0.714878325 -0.187493451 -0.673643219 -0.714878325 -0.365735997 0.213612271 0.905873599 -0.365735997 0.213612271 0.905873599 -0.365735997 0.213612271 0.905873599 -0.788526028 0.141150975 0.598584251 -0.788526028 0.141150975 0.598584251 -0.788526028 0.141150975 0.598584251 -0.784492286 0.144723515 0.60301489 -0.784492286 0.144723515 0.60301489 -0.784492286 0.144723515 0.60301489 -0.928052165 0.0869197782 0.36216589 -0.928052165 0.0869197782 0.36216589 -0.928052165 0.0869197782 0.36216589 -0.928996057 0.0857203528 0.360025482 -0.928996057 0.0857203528 0.360025482 -0.928996057 0.0857203528 0.360025482 -0.992251631 0.0287775812 0.120865841 -0.992251631 0.0287775812 0.120865841 -0.992251631 0.0287775812 0.120865841 -0.992364052 0.0283662257 0.120037265 -0.992364052 0.0283662257 0.120037265 -0.992364052 0.0283662257 0.120037265 -0.999947118 -0.00236510583 -0.0100084106 -0.999947118 -0.00236510583 -0.0100084106 -0.999947118 -0.00236510583 -0.0100084106 -0.999941878 -0.00328928838 -0.010267478 -0.999941878 -0.00328928838 -0.010267478 -0.999941878 -0.00328928838 -0.010267478 -0.999962522 -0.00264132719 -0.00824487419 -0.999962522 -0.00264132719 -0.00824487419 -0.999962522 -0.00264132719 -0.00824487419 -0.999962656 -0.00260181333 -0.00824117331 -0.999962656 -0.00260181333 -0.00824117331 -0.999962656 -0.00260181333 -0.00824117331 -0.999963328 -0.00257828759 -0.00816665617 -0.999963328 -0.00257828759 -0.00816665617 -0.999963328 -0.00257828759 -0.00816665617 -0.999964299 -0.0022389116 -0.00814785709 -0.999964299 -0.0022389116 -0.00814785709 -0.999964299 -0.0022389116 -0.00814785709 -0.999945407 -0.0027686203 -0.0100755754 -0.999945407 -0.0027686203 -0.0100755754 -0.999945407 -0.0027686203 -0.0100755754 -0.999948128 -0.00193642495 -0.0099995763 -0.999948128 -0.00193642495 -0.0099995763 -0.999948128 -0.00193642495 -0.0099995763 -0.999934933 -0.00216876195 -0.0111993499 -0.999934933 -0.00216876195 -0.0111993499 -0.999934933 -0.00216876195 -0.0111993499 -0.999941076 -0.000491335545 -0.010844472 -0.999941076 -0.000491335545 -0.010844472 -0.999941076 -0.000491335545 -0.010844472 -0.999913612 -0.00059491886 -0.0131307026 -0.999913612 -0.00059491886 -0.0131307026 -0.999913612 -0.00059491886 -0.0131307026 -0.999928488 0.00245354525 -0.0117046197 -0.999928488 0.00245354525 -0.0117046197 -0.999928488 0.00245354525 -0.0117046197 -0.999909103 0.00276616793 -0.0131959839 -0.999909103 0.00276616793 -0.0131959839 -0.999909103 0.00276616793 -0.0131959839 -0.999918895 0.00455992857 -0.0118915795 -0.999918895 0.00455992857 -0.0118915795 -0.999918895 0.00455992857 -0.0118915795 -0.999917956 0.00458626437 -0.0119602591 -0.999917956 0.00458626437 -0.0119602591 -0.999917956 0.00458626437 -0.0119602591 -0.99992079 0.00512462111 -0.0114957671 -0.99992079 0.00512462111 -0.0114957671 -0.99992079 0.00512462111 -0.0114957671 -0.999881551 0.0062666062 -0.0140575164 -0.999881551 0.0062666062 -0.0140575164 -0.999881551 0.0062666062 -0.0140575164 -0.999878721 0.00581783467 -0.0144463517 -0.999878721 0.00581783467 -0.0144463517 -0.999878721 0.00581783467 -0.0144463517 -0.999838502 0.00671346372 -0.0166703015 -0.999838502 0.00671346372 -0.0166703015 -0.999838502 0.00671346372 -0.0166703015 -0.999819196 0.00409162354 -0.01856971 -0.999819196 0.00409162354 -0.01856971 -0.999819196 0.00409162354 -0.01856971 -0.999731804 0.00498319607 -0.0226160851 -0.999731804 0.00498319607 -0.0226160851 -0.999731804 0.00498319607 -0.0226160851 -0.999660266 -0.00292979614 -0.0258991873 -0.999660266 -0.00292979614 -0.0258991873 -0.999660266 -0.00292979614 -0.0258991873 -0.999473364 -0.00364756731 -0.0322442329 -0.999473364 -0.00364756731 -0.0322442329 -0.999473364 -0.00364756731 -0.0322442329 -0.999386287 -0.0122221727 -0.0328278502 -0.999386287 -0.0122221727 -0.0328278502 -0.999386287 -0.0122221727 -0.0328278502 -0.999378977 -0.0122947274 -0.033022727 -0.999378977 -0.0122947274 -0.033022727 -0.999378977 -0.0122947274 -0.033022727 -0.999329655 -0.017485053 -0.0321638422 -0.999329655 -0.017485053 -0.0321638422 -0.999329655 -0.017485053 -0.0321638422 -0.999302337 -0.0178376507 -0.0328124474 -0.999302337 -0.0178376507 -0.0328124474 -0.999302337 -0.0178376507 -0.0328124474 -0.999278049 -0.0204871245 -0.0319946657 -0.999278049 -0.0204871245 -0.0319946657 -0.999278049 -0.0204871245 -0.0319946657 -0.999328384 -0.0197602803 -0.0308595559 -0.999328384 -0.0197602803 -0.0308595559 -0.999328384 -0.0197602803 -0.0308595559 -0.999327049 -0.0199137582 -0.0308040663 -0.999327049 -0.0199137582 -0.0308040663 -0.999327049 -0.0199137582 -0.0308040663 -0.999221148 -0.021422868 -0.0331384683 -0.999221148 -0.021422868 -0.0331384683 -0.999221148 -0.021422868 -0.0331384683 -0.999273735 -0.0161347551 -0.0345206115 -0.999273735 -0.0161347551 -0.0345206115 -0.999273735 -0.0161347551 -0.0345206115 -0.991436543 -0.055295071 -0.118304843 -0.991436543 -0.055295071 -0.118304843 -0.991436543 -0.055295071 -0.118304843 -0.991832706 -0.0533666019 -0.115844249 -0.991832706 -0.0533666019 -0.115844249 -0.991832706 -0.0533666019 -0.115844249 -0.926776787 -0.157160755 -0.341152875 -0.926776787 -0.157160755 -0.341152875 -0.926776787 -0.157160755 -0.341152875 -0.931383497 -0.149388544 -0.331975668 -0.931383497 -0.149388544 -0.331975668 -0.931383497 -0.149388544 -0.331975668 -0.791353545 -0.250879344 -0.557511544 -0.791353545 -0.250879344 -0.557511544 -0.791353545 -0.250879344 -0.557511544 -0.783828271 -0.259052405 -0.564362555 -0.783828271 -0.259052405 -0.564362555 -0.783828271 -0.259052405 -0.564362555 -0.369302673 -0.387678648 -0.844583212 -0.369302673 -0.387678648 -0.844583212 -0.369302673 -0.387678648 -0.844583212 -0.183597902 0.521345196 0.833361264 -0.183597902 0.521345196 0.833361264 -0.183597902 0.521345196 0.833361264 -0.39332927 0.8028993 0.447933923 -0.39332927 0.8028993 0.447933923 -0.39332927 0.8028993 0.447933923 -0.396285978 0.803631302 0.443997921 -0.396285978 0.803631302 0.443997921 -0.396285978 0.803631302 0.443997921 -0.470018878 0.86809797 0.159650145 -0.470018878 0.86809797 0.159650145 -0.470018878 0.86809797 0.159650145 -0.46120026 0.86885065 0.179980187 -0.46120026 0.86885065 0.179980187 -0.46120026 0.86885065 0.179980187 -0.493931816 0.866191045 -0.0757920469 -0.493931816 0.866191045 -0.0757920469 -0.493931816 0.866191045 -0.0757920469 -0.494995439 0.865230464 -0.0797230179 -0.494995439 0.865230464 -0.0797230179 -0.494995439 0.865230464 -0.0797230179 -0.497983492 0.829649767 -0.25237612 -0.497983492 0.829649767 -0.25237612 -0.497983492 0.829649767 -0.25237612 -0.498503599 0.829257726 -0.252637656 -0.498503599 0.829257726 -0.252637656 -0.498503599 0.829257726 -0.252637656 -0.498514024 0.822851368 -0.272762523 -0.498514024 0.822851368 -0.272762523 -0.498514024 0.822851368 -0.272762523 -0.501785355 0.820540386 -0.273724191 -0.501785355 0.820540386 -0.273724191 -0.501785355 0.820540386 -0.273724191 -0.501864005 0.826152145 -0.256135031 -0.501864005 0.826152145 -0.256135031 -0.501864005 0.826152145 -0.256135031 -0.499060225 0.828052735 -0.255475166 -0.499060225 0.828052735 -0.255475166 -0.499060225 0.828052735 -0.255475166 -0.499138829 0.840595877 -0.210378235 -0.499138829 0.840595877 -0.210378235 -0.499138829 0.840595877 -0.210378235 -0.500113683 0.839954555 -0.21062443 -0.500113683 0.839954555 -0.21062443 -0.500113683 0.839954555 -0.21062443 -0.500353485 0.857119251 -0.122445823 -0.500353485 0.857119251 -0.122445823 -0.500353485 0.857119251 -0.122445823 -0.499297205 0.857786735 -0.122082833 -0.499297205 0.857786735 -0.122082833 -0.499297205 0.857786735 -0.122082833 -0.49882912 0.864965845 0.0548050712 -0.49882912 0.864965845 0.0548050712 -0.49882912 0.864965845 0.0548050712 -0.496807157 0.866062343 0.0558450199 -0.496807157 0.866062343 0.0558450199 -0.496807157 0.866062343 0.0558450199 -0.49972888 0.831726312 0.241872672 -0.49972888 0.831726312 0.241872672 -0.49972888 0.831726312 0.241872672 -0.49891991 0.832077679 0.242333777 -0.49891991 0.832077679 0.242333777 -0.49891991 0.832077679 0.242333777 -0.500100892 0.801978721 0.326694397 -0.500100892 0.801978721 0.326694397 -0.500100892 0.801978721 0.326694397 -0.499204915 0.802326943 0.327209304 -0.499204915 0.802326943 0.327209304 -0.499204915 0.802326943 0.327209304 -0.499248719 0.801216516 0.329852711 -0.499248719 0.801216516 0.329852711 -0.499248719 0.801216516 0.329852711 -0.497610787 0.801855702 0.330773241 -0.497610787 0.801855702 0.330773241 -0.497610787 0.801855702 0.330773241 -0.496340706 0.831269218 0.250274629 -0.496340706 0.831269218 0.250274629 -0.496340706 0.831269218 0.250274629 -0.499476932 0.829883069 0.248630019 -0.499476932 0.829883069 0.248630019 -0.499476932 0.829883069 0.248630019 -0.494299673 0.868752601 0.0306063909 -0.494299673 0.868752601 0.0306063909 -0.494299673 0.868752601 0.0306063909 -0.496957267 0.867272526 0.029526941 -0.496957267 0.867272526 0.029526941 -0.496957267 0.867272526 0.029526941 -0.495471284 0.836005168 -0.235804085 -0.495471284 0.836005168 -0.235804085 -0.495471284 0.836005168 -0.235804085 -0.49638255 0.835412795 -0.235986921 -0.49638255 0.835412795 -0.235986921 -0.49638255 0.835412795 -0.235986921 -0.49498911 0.774404305 -0.394060596 -0.49498911 0.774404305 -0.394060596 -0.49498911 0.774404305 -0.394060596 -0.50051793 0.770744369 -0.394252355 -0.50051793 0.770744369 -0.394252355 -0.50051793 0.770744369 -0.394252355 -0.499025312 0.724508537 -0.475458849 -0.499025312 0.724508537 -0.475458849 -0.499025312 0.724508537 -0.475458849 -0.502874662 0.722001254 -0.47521707 -0.502874662 0.722001254 -0.47521707 -0.502874662 0.722001254 -0.47521707 -0.502419339 0.700703405 -0.506546688 -0.502419339 0.700703405 -0.506546688 -0.502419339 0.700703405 -0.506546688 -0.502435276 0.700693071 -0.506545175 -0.502435276 0.700693071 -0.506545175 -0.502435276 0.700693071 -0.506545175 -0.502770789 0.723861575 -0.472489104 -0.502770789 0.723861575 -0.472489104 -0.502770789 0.723861575 -0.472489104 -0.500279444 0.725575112 -0.472505275 -0.500279444 0.725575112 -0.472505275 -0.500279444 0.725575112 -0.472505275 -0.498825275 0.715301786 -0.489404434 -0.498825275 0.715301786 -0.489404434 -0.498825275 0.715301786 -0.489404434 -0.49648556 0.726999882 -0.474313462 -0.49648556 0.726999882 -0.474313462 -0.49648556 0.726999882 -0.474313462 -0.467159068 0.58955478 -0.658929106 -0.467159068 0.58955478 -0.658929106 -0.467159068 0.58955478 -0.658929106 -0.468313299 0.568532646 -0.676352929 -0.468313299 0.568532646 -0.676352929 -0.468313299 0.568532646 -0.676352929 -0.400521236 0.36095041 -0.842198041 -0.400521236 0.36095041 -0.842198041 -0.400521236 0.36095041 -0.842198041 -0.400362637 0.370574062 -0.8380839 -0.400362637 0.370574062 -0.8380839 -0.400362637 0.370574062 -0.8380839 -0.184550849 -0.0964272221 -0.97808117 -0.184550849 -0.0964272221 -0.97808117 -0.184550849 -0.0964272221 -0.97808117 0.180144502 0.319320667 0.930366739 0.180144502 0.319320667 0.930366739 0.180144502 0.319320667 0.930366739 0.392096327 0.683083418 0.616163545 0.392096327 0.683083418 0.616163545 0.392096327 0.683083418 0.616163545 0.392153422 0.679516539 0.620058842 0.392153422 0.679516539 0.620058842 0.392153422 0.679516539 0.620058842 0.464958411 0.803329536 0.372122737 0.464958411 0.803329536 0.372122737 0.464958411 0.803329536 0.372122737 0.464544626 0.807551825 0.363398321 0.464544626 0.807551825 0.363398321 0.464544626 0.807551825 0.363398321 0.495284325 0.860988887 0.115721968 0.495284325 0.860988887 0.115721968 0.495284325 0.860988887 0.115721968 0.495650147 0.860426634 0.118308662 0.495650147 0.860426634 0.118308662 0.495650147 0.860426634 0.118308662 0.499145686 0.866494734 0.00636083373 0.499145686 0.866494734 0.00636083373 0.499145686 0.866494734 0.00636083373 0.499881819 0.866065741 0.00694985148 0.499881819 0.866065741 0.00694985148 0.499881819 0.866065741 0.00694985148 0.499532984 0.866154282 0.0156063588 0.499532984 0.866154282 0.0156063588 0.499532984 0.866154282 0.0156063588 0.499612407 0.866107639 0.0156524764 0.499612407 0.866107639 0.0156524764 0.499612407 0.866107639 0.0156524764 0.499911899 0.866035183 0.00843532446 0.499911899 0.866035183 0.00843532446 0.499911899 0.866035183 0.00843532446 0.499210905 0.866442605 0.00810457086 0.499210905 0.866442605 0.00810457086 0.499210905 0.866442605 0.00810457086 0.499515015 0.866261526 -0.0087015964 0.499515015 0.866261526 -0.0087015964 0.499515015 0.866261526 -0.0087015964 0.498631092 0.866767025 -0.00905311083 0.498631092 0.866767025 -0.00905311083 0.498631092 0.866767025 -0.00905311083 0.497606742 0.866408034 -0.0415288882 0.497606742 0.866408034 -0.0415288882 0.497606742 0.866408034 -0.0415288882 0.495746502 0.867444186 -0.0421425089 0.495746502 0.867444186 -0.0421425089 0.495746502 0.867444186 -0.0421425089 0.489744573 0.866791081 -0.0939333572 0.489744573 0.866791081 -0.0939333572 0.489744573 0.866791081 -0.0939333572 0.488812207 0.867292987 -0.0941567878 0.488812207 0.867292987 -0.0941567878 0.488812207 0.867292987 -0.0941567878 0.479675322 0.866973558 -0.135160778 0.479675322 0.866973558 -0.135160778 0.479675322 0.866973558 -0.135160778 0.478432145 0.867634961 -0.135322789 0.478432145 0.867634961 -0.135322789 0.478432145 0.867634961 -0.135322789 0.469882464 0.867326809 -0.164178794 0.469882464 0.867326809 -0.164178794 0.469882464 0.867326809 -0.164178794 0.471864396 0.866271371 -0.164066764 0.471864396 0.866271371 -0.164066764 0.471864396 0.866271371 -0.164066764 0.465625756 0.866061437 -0.182017149 0.465625756 0.866061437 -0.182017149 0.465625756 0.866061437 -0.182017149 0.466379257 0.86565788 -0.182007755 0.466379257 0.86565788 -0.182007755 0.466379257 0.86565788 -0.182007755 0.462122989 0.865518856 -0.193182436 0.462122989 0.865518856 -0.193182436 0.462122989 0.865518856 -0.193182436 0.458244596 0.867582915 -0.193162561 0.458244596 0.867582915 -0.193162561 0.458244596 0.867582915 -0.193162561 0.456470789 0.86749263 -0.19771433 0.456470789 0.86749263 -0.19771433 0.456470789 0.86749263 -0.19771433 0.458766196 0.866279968 -0.197718472 0.458766196 0.866279968 -0.197718472 0.458766196 0.866279968 -0.197718472 0.449636114 0.865727155 -0.219872366 0.449636114 0.865727155 -0.219872366 0.449636114 0.865727155 -0.219872366 0.450395838 0.865320146 -0.219919609 0.450395838 0.865320146 -0.219919609 0.450395838 0.865320146 -0.219919609 0.44115864 0.864662041 -0.240288595 0.44115864 0.864662041 -0.240288595 0.44115864 0.864662041 -0.240288595 0.439468405 0.865580089 -0.240080467 0.439468405 0.865580089 -0.240080467 0.439468405 0.865580089 -0.240080467 0.433671255 0.865180045 -0.251779133 0.433671255 0.865180045 -0.251779133 0.433671255 0.865180045 -0.251779133 0.430158303 0.867097812 -0.25120752 0.430158303 0.867097812 -0.25120752 0.430158303 0.867097812 -0.25120752 0.427535584 0.866915053 -0.256264737 0.427535584 0.866915053 -0.256264737 0.427535584 0.866915053 -0.256264737 0.43619285 0.86214717 -0.257755803 0.43619285 0.86214717 -0.257755803 0.43619285 0.86214717 -0.257755803 0.438485003 0.862309249 -0.253285732 0.438485003 0.862309249 -0.253285732 0.438485003 0.862309249 -0.253285732 0.43425908 0.86458989 -0.252791165 0.43425908 0.86458989 -0.252791165 0.43425908 0.86458989 -0.252791165 0.397320841 0.858487564 -0.324245665 0.397320841 0.858487564 -0.324245665 0.397320841 0.858487564 -0.324245665 0.404700011 0.858362979 -0.315326652 0.404700011 0.858362979 -0.315326652 0.404700011 0.858362979 -0.315326652 0.273307287 0.805232066 -0.52621711 0.273307287 0.805232066 -0.52621711 0.273307287 0.805232066 -0.52621711 0.264450211 0.803065706 -0.53399584 0.264450211 0.803065706 -0.53399584 0.264450211 0.803065706 -0.53399584 0.0994857258 0.682569564 -0.724017528 0.0994857258 0.682569564 -0.724017528 0.0994857258 0.682569564 -0.724017528 0.0951076186 0.680889305 -0.726184753 0.0951076186 0.680889305 -0.726184753 0.0951076186 0.680889305 -0.726184753 -0.218788869 0.319219565 -0.922079335 -0.218788869 0.319219565 -0.922079335 -0.218788869 0.319219565 -0.922079335 0.365087339 -0 0.930973273 0.365087339 -0 0.930973273 0.365087339 -0 0.930973273 0.785636169 0 0.618688783 0.785636169 0 0.618688783 0.785636169 0 0.618688783 0.785636169 -0 0.618688783 0.785636169 -0 0.618688783 0.785636169 -0 0.618688783 0.930051943 0 0.367428066 0.930051943 0 0.367428066 0.930051943 0 0.367428066 0.930051943 -0 0.367428066 0.930051943 -0 0.367428066 0.930051943 -0 0.367428066 0.99227797 0 0.124033989 0.99227797 0 0.124033989 0.99227797 0 0.124033989 0.99227797 -0 0.124033989 0.99227797 -0 0.124033989 0.99227797 -0 0.124033989 0.99974665 0 0.0225085924 0.99974665 0 0.0225085924 0.99974665 0 0.0225085924 0.99974665 -0 0.0225085924 0.99974665 -0 0.0225085924 0.99974665 -0 0.0225085924 0.999191096 0 0.0402138376 0.999191096 0 0.0402138376 0.999191096 0 0.0402138376 0.999191096 -0 0.0402138376 0.999191096 -0 0.0402138376 0.999191096 -0 0.0402138376 0.999651632 0 0.0263934433 0.999651632 0 0.0263934433 0.999651632 0 0.0263934433 0.999651632 -0 0.0263934433 0.999651632 -0 0.0263934433 0.999651632 -0 0.0263934433 0.999965062 0 -0.00835916457 0.999965062 0 -0.00835916457 0.999965062 0 -0.00835916457 0.999965062 0 -0.00835916457 0.999965062 0 -0.00835916457 0.999965062 0 -0.00835916457 0.997414294 0 -0.0718660266 0.997414294 0 -0.0718660266 0.997414294 0 -0.0718660266 0.997414294 0 -0.0718660266 0.997414294 0 -0.0718660266 0.997414294 0 -0.0718660266 0.984361321 0 -0.176161259 0.984361321 0 -0.176161259 0.984361321 0 -0.176161259 0.984361321 0 -0.176161259 0.984361321 0 -0.176161259 0.984361321 0 -0.176161259 0.965783409 0 -0.259349969 0.965783409 0 -0.259349969 0.965783409 0 -0.259349969 0.965783409 0 -0.259349969 0.965783409 0 -0.259349969 0.965783409 0 -0.259349969 0.948683327 0 -0.31622768 0.948683327 0 -0.31622768 0.948683327 0 -0.31622768 0.948683327 0 -0.31622768 0.948683327 0 -0.31622768 0.948683327 0 -0.31622768 0.936615022 0 -0.350360244 0.936615022 0 -0.350360244 0.936615022 0 -0.350360244 0.936615022 0 -0.350360244 0.936615022 0 -0.350360244 0.936615022 0 -0.350360244 0.929364192 0 -0.369164188 0.929364192 0 -0.369164188 0.929364192 0 -0.369164188 0.929364192 0 -0.369164188 0.929364192 0 -0.369164188 0.929364192 0 -0.369164188 0.927110203 0 -0.374788836 0.927110203 0 -0.374788836 0.927110203 0 -0.374788836 0.927110203 0 -0.374788836 0.927110203 0 -0.374788836 0.927110203 0 -0.374788836 0.910964329 0 -0.412485141 0.910964329 0 -0.412485141 0.910964329 0 -0.412485141 0.910964329 0 -0.412485141 0.910964329 0 -0.412485141 0.910964329 0 -0.412485141 0.894723742 0 -0.44662 0.894723742 0 -0.44662 0.894723742 0 -0.44662 0.894723742 0 -0.44662 0.894723742 0 -0.44662 0.894723742 0 -0.44662 0.884026988 0 -0.467435862 0.884026988 0 -0.467435862 0.884026988 0 -0.467435862 0.884026988 0 -0.467435862 0.884026988 0 -0.467435862 0.884026988 0 -0.467435862 0.87812131 0 -0.478438047 0.87812131 0 -0.478438047 0.87812131 0 -0.478438047 0.87812131 0 -0.478438047 0.87812131 0 -0.478438047 0.87812131 0 -0.478438047 0.883854121 0 -0.467762645 0.883854121 0 -0.467762645 0.883854121 0 -0.467762645 0.883854121 0 -0.467762645 0.883854121 0 -0.467762645 0.883854121 0 -0.467762645 0.857489231 0 -0.514501913 0.857489231 0 -0.514501913 0.857489231 0 -0.514501913 0.857489231 0 -0.514501913 0.857489231 0 -0.514501913 0.857489231 0 -0.514501913 0.686624112 0 -0.727012606 0.686624112 0 -0.727012606 0.686624112 0 -0.727012606 0.686624112 0 -0.727012606 0.686624112 0 -0.727012606 0.686624112 0 -0.727012606 0.447220314 0 -0.894423832 0.447220314 0 -0.894423832 0.447220314 0 -0.894423832 0.447220314 0 -0.894423832 0.447220314 0 -0.894423832 0.447220314 0 -0.894423832 -0.0481353967 -0 -0.99884082 -0.0481353967 -0 -0.99884082 -0.0481353967 -0 -0.99884082 0.180144502 -0.319320667 0.930366739 0.180144502 -0.319320667 0.930366739 0.180144502 -0.319320667 0.930366739 0.390340766 -0.68008579 0.620578283 0.390340766 -0.68008579 0.620578283 0.390340766 -0.68008579 0.620578283 0.393494198 -0.681804393 0.616688808 0.393494198 -0.681804393 0.616688808 0.393494198 -0.681804393 0.616688808 0.466812332 -0.806463622 0.36290863 0.466812332 -0.806463622 0.36290863 0.466812332 -0.806463622 0.36290863 0.462919593 -0.804726912 0.371645057 0.462919593 -0.804726912 0.371645057 0.462919593 -0.804726912 0.371645057 0.495129951 -0.860720529 0.118349073 0.495129951 -0.860720529 0.118349073 0.495129951 -0.860720529 0.118349073 0.495799632 -0.860686133 0.115767459 0.495799632 -0.860686133 0.115767459 0.495799632 -0.860686133 0.115767459 0.499143829 -0.866491511 0.00692089616 0.499143829 -0.866491511 0.00692089616 0.499143829 -0.866491511 0.00692089616 0.499903452 -0.866057637 0.0063803545 0.499903452 -0.866057637 0.0063803545 0.499903452 -0.866057637 0.0063803545 0.499531216 -0.86615455 0.0156479836 0.499531216 -0.86615455 0.0156479836 0.499531216 -0.86615455 0.0156479836 0.499614252 -0.866107344 0.0156098733 0.499614252 -0.866107344 0.0156098733 0.499614252 -0.866107344 0.0156098733 0.499923819 -0.866031181 0.00813442395 0.499923819 -0.866031181 0.00813442395 0.499923819 -0.866031181 0.00813442395 0.499203974 -0.866443645 0.0084143866 0.499203974 -0.866443645 0.0084143866 0.499203974 -0.866443645 0.0084143866 0.499519761 -0.866255269 -0.00904525631 0.499519761 -0.866255269 -0.00904525631 0.499519761 -0.866255269 -0.00904525631 0.498639407 -0.866765889 -0.00869691191 0.498639407 -0.866765889 -0.00869691191 0.498639407 -0.866765889 -0.00869691191 0.497578372 -0.866389899 -0.0422410564 0.497578372 -0.866389899 -0.0422410564 0.497578372 -0.866389899 -0.0422410564 0.495821945 -0.867436486 -0.0414070259 0.495821945 -0.867436486 -0.0414070259 0.495821945 -0.867436486 -0.0414070259 0.489697723 -0.866778163 -0.0942961083 0.489697723 -0.866778163 -0.0942961083 0.489697723 -0.866778163 -0.0942961083 0.488891107 -0.867288881 -0.0937842326 0.488891107 -0.867288881 -0.0937842326 0.488891107 -0.867288881 -0.0937842326 0.479571572 -0.866961704 -0.135604245 0.479571572 -0.866961704 -0.135604245 0.479571572 -0.866961704 -0.135604245 0.478563423 -0.867633527 -0.134867024 0.478563423 -0.867633527 -0.134867024 0.478563423 -0.867633527 -0.134867024 0.470083418 -0.867342687 -0.163518325 0.470083418 -0.867342687 -0.163518325 0.470083418 -0.867342687 -0.163518325 0.471629741 -0.866269105 -0.164752011 0.471629741 -0.866269105 -0.164752011 0.471629741 -0.866269105 -0.164752011 0.465710574 -0.866066324 -0.181776741 0.465710574 -0.866066324 -0.181776741 0.465710574 -0.866066324 -0.181776741 0.466284118 -0.865656111 -0.182259754 0.466284118 -0.865656111 -0.182259754 0.466284118 -0.865656111 -0.182259754 0.46165481 -0.865496208 -0.194399459 0.46165481 -0.865496208 -0.194399459 0.46165481 -0.865496208 -0.194399459 0.458747933 -0.867604846 -0.191864966 0.458747933 -0.867604846 -0.191864966 0.458747933 -0.867604846 -0.191864966 0.456751953 -0.867508282 -0.196995011 0.456751953 -0.867508282 -0.196995011 0.456751953 -0.867508282 -0.196995011 0.458450918 -0.866269017 -0.198496211 0.458450918 -0.866269017 -0.198496211 0.458450918 -0.866269017 -0.198496211 0.449726588 -0.865734964 -0.219656476 0.449726588 -0.865734964 -0.219656476 0.449726588 -0.865734964 -0.219656476 0.450288431 -0.865314919 -0.220159985 0.450288431 -0.865314919 -0.220159985 0.450288431 -0.865314919 -0.220159985 0.440961194 -0.864643476 -0.240717436 0.440961194 -0.864643476 -0.240717436 0.440961194 -0.864643476 -0.240717436 0.439710638 -0.865593681 -0.239587425 0.439710638 -0.865593681 -0.239587425 0.439710638 -0.865593681 -0.239587425 0.433261151 -0.865146387 -0.252599495 0.433261151 -0.865146387 -0.252599495 0.433261151 -0.865146387 -0.252599495 0.430659419 -0.867129626 -0.250237241 0.430659419 -0.867129626 -0.250237241 0.430659419 -0.867129626 -0.250237241 0.428577765 -0.86699093 -0.25425937 0.428577765 -0.86699093 -0.25425937 0.428577765 -0.86699093 -0.25425937 0.434947734 -0.86205037 -0.260172305 0.434947734 -0.86205037 -0.260172305 0.434947734 -0.86205037 -0.260172305 0.437902926 -0.862270082 -0.254423532 0.437902926 -0.862270082 -0.254423532 0.437902926 -0.862270082 -0.254423532 0.434915557 -0.864649756 -0.251454285 0.434915557 -0.864649756 -0.251454285 0.434915557 -0.864649756 -0.251454285 0.402576973 -0.859663083 -0.314501455 0.402576973 -0.859663083 -0.314501455 0.402576973 -0.859663083 -0.314501455 0.399318446 -0.857156598 -0.32531115 0.399318446 -0.857156598 -0.32531115 0.399318446 -0.857156598 -0.32531115 0.267259758 -0.801781144 -0.534527098 0.267259758 -0.801781144 -0.534527098 0.267259758 -0.801781144 -0.534527098 0.271296258 -0.806966725 -0.524597984 0.271296258 -0.806966725 -0.524597984 0.271296258 -0.806966725 -0.524597984 0.0969120863 -0.68032256 -0.726477296 0.0969120863 -0.68032256 -0.726477296 0.0969120863 -0.68032256 -0.726477296 0.0984399754 -0.683873557 -0.722929131 0.0984399754 -0.683873557 -0.722929131 0.0984399754 -0.683873557 -0.722929131 -0.218788869 -0.319219565 -0.922079335 -0.218788869 -0.319219565 -0.922079335 -0.218788869 -0.319219565 -0.922079335 -0.184551722 -0.319055328 0.929593653 -0.184551722 -0.319055328 0.929593653 -0.184551722 -0.319055328 0.929593653 -0.394071217 -0.681275256 0.616905099 -0.394071217 -0.681275256 0.616905099 -0.394071217 -0.681275256 0.616905099 -0.394116162 -0.678896639 0.619493183 -0.394116162 -0.678896639 0.619493183 -0.394116162 -0.678896639 0.619493183 -0.465144178 -0.801248084 0.376354091 -0.465144178 -0.801248084 0.376354091 -0.465144178 -0.801248084 0.376354091 -0.464544923 -0.807551683 0.363398257 -0.464544923 -0.807551683 0.363398257 -0.464544923 -0.807551683 0.363398257 -0.495630329 -0.861589668 0.109607577 -0.495630329 -0.861589668 0.109607577 -0.495630329 -0.861589668 0.109607577 -0.496862864 -0.859739896 0.118214236 -0.496862864 -0.859739896 0.118214236 -0.496862864 -0.859739896 0.118214236 -0.500213871 -0.865538265 -0.0250917162 -0.500213871 -0.865538265 -0.0250917162 -0.500213871 -0.865538265 -0.0250917162 -0.499004052 -0.866211866 -0.0259221783 -0.499004052 -0.866211866 -0.0259221783 -0.499004052 -0.866211866 -0.0259221783 -0.498600642 -0.866177604 -0.0336713221 -0.498600642 -0.866177604 -0.0336713221 -0.498600642 -0.866177604 -0.0336713221 -0.498754342 -0.866091835 -0.0336011823 -0.498754342 -0.866091835 -0.0336011823 -0.498754342 -0.866091835 -0.0336011823 -0.499052733 -0.866127783 -0.0277314421 -0.499052733 -0.866127783 -0.0277314421 -0.499052733 -0.866127783 -0.0277314421 -0.500064419 -0.865556634 -0.0273366161 -0.500064419 -0.865556634 -0.0273366161 -0.500064419 -0.865556634 -0.0273366161 -0.500486185 -0.865679948 -0.0105738727 -0.500486185 -0.865679948 -0.0105738727 -0.500486185 -0.865679948 -0.0105738727 -0.499002542 -0.866528577 -0.011166395 -0.499002542 -0.866528577 -0.011166395 -0.499002542 -0.866528577 -0.011166395 -0.498383958 -0.866756605 0.0186122986 -0.498383958 -0.866756605 0.0186122986 -0.498383958 -0.866756605 0.0186122986 -0.499384889 -0.866169765 0.0190963612 -0.499384889 -0.866169765 0.0190963612 -0.499384889 -0.866169765 0.0190963612 -0.494187737 -0.866606003 0.0690834018 -0.494187737 -0.866606003 0.0690834018 -0.494187737 -0.866606003 0.0690834018 -0.494166473 -0.866619228 0.06906961 -0.494166473 -0.866619228 0.06906961 -0.494166473 -0.866619228 0.06906961 -0.485517826 -0.867161912 0.110917351 -0.485517826 -0.867161912 0.110917351 -0.485517826 -0.867161912 0.110917351 -0.486290352 -0.866655667 0.111488331 -0.486290352 -0.866655667 0.111488331 -0.486290352 -0.866655667 0.111488331 -0.479015835 -0.867012315 0.137235111 -0.479015835 -0.867012315 0.137235111 -0.479015835 -0.867012315 0.137235111 -0.48077704 -0.865812097 0.138646494 -0.48077704 -0.865812097 0.138646494 -0.48077704 -0.865812097 0.138646494 -0.475871365 -0.866028907 0.153428732 -0.475871365 -0.866028907 0.153428732 -0.475871365 -0.866028907 0.153428732 -0.476992039 -0.865244415 0.154371943 -0.476992039 -0.865244415 0.154371943 -0.476992039 -0.865244415 0.154371943 -0.475085051 -0.865331027 0.159675947 -0.475085051 -0.865331027 0.159675947 -0.475085051 -0.865331027 0.159675947 -0.473289944 -0.866600238 0.158115961 -0.473289944 -0.866600238 0.158115961 -0.473289944 -0.866600238 0.158115961 -0.474786077 -0.866516384 0.154037455 -0.474786077 -0.866516384 0.154037455 -0.474786077 -0.866516384 0.154037455 -0.474595294 -0.866650743 0.153869413 -0.474595294 -0.866650743 0.153869413 -0.474595294 -0.866650743 0.153869413 -0.471211108 -0.866849474 0.162886712 -0.471211108 -0.866849474 0.162886712 -0.471211108 -0.866849474 0.162886712 -0.473137168 -0.865473674 0.164610268 -0.473137168 -0.865473674 0.164610268 -0.473137168 -0.865473674 0.164610268 -0.469364585 -0.86577305 0.173591223 -0.469364585 -0.86577305 0.173591223 -0.469364585 -0.86577305 0.173591223 -0.470274644 -0.865113883 0.174412526 -0.470274644 -0.865113883 0.174412526 -0.470274644 -0.865113883 0.174412526 -0.467401658 -0.865358007 0.180807106 -0.467401658 -0.865358007 0.180807106 -0.467401658 -0.865358007 0.180807106 -0.46643383 -0.866062447 0.179931432 -0.46643383 -0.866062447 0.179931432 -0.46643383 -0.866062447 0.179931432 -0.464765829 -0.866201353 0.183542749 -0.464765829 -0.866201353 0.183542749 -0.464765829 -0.866201353 0.183542749 -0.467507891 -0.864185316 0.186064804 -0.467507891 -0.864185316 0.186064804 -0.467507891 -0.864185316 0.186064804 -0.468898655 -0.8640766 0.183045572 -0.468898655 -0.8640766 0.183045572 -0.468898655 -0.8640766 0.183045572 -0.46489094 -0.867062435 0.179106525 -0.46489094 -0.867062435 0.179106525 -0.46489094 -0.867062435 0.179106525 -0.503524543 -0.860079004 0.0820191477 -0.503524543 -0.860079004 0.0820191477 -0.503524543 -0.860079004 0.0820191477 -0.498077314 -0.859556237 0.114376859 -0.498077314 -0.859556237 0.114376859 -0.498077314 -0.859556237 0.114376859 -0.576391843 -0.805431632 -0.138030177 -0.576391843 -0.805431632 -0.138030177 -0.576391843 -0.805431632 -0.138030177 -0.576218313 -0.799076334 -0.171608474 -0.576218313 -0.799076334 -0.171608474 -0.576218313 -0.799076334 -0.171608474 -0.606628164 -0.688457347 -0.397528304 -0.606628164 -0.688457347 -0.397528304 -0.606628164 -0.688457347 -0.397528304 -0.606202914 -0.687866597 -0.399196158 -0.606202914 -0.687866597 -0.399196158 -0.606202914 -0.687866597 -0.399196158 -0.546390303 -0.318254792 -0.774707379 -0.546390303 -0.318254792 -0.774707379 -0.546390303 -0.318254792 -0.774707379 -0.369033019 0 0.929416285 -0.369033019 0 0.929416285 -0.369033019 0 0.929416285 -0.785636169 0 0.618688783 -0.785636169 0 0.618688783 -0.785636169 0 0.618688783 -0.785636169 0 0.618688783 -0.785636169 0 0.618688783 -0.785636169 0 0.618688783 -0.928476691 0 0.371390676 -0.928476691 0 0.371390676 -0.928476691 0 0.371390676 -0.928476691 0 0.371390676 -0.928476691 0 0.371390676 -0.928476691 0 0.371390676 -0.993731358 0 0.111794399 -0.993731358 0 0.111794399 -0.993731358 0 0.111794399 -0.993731358 0 0.111794399 -0.993731358 0 0.111794399 -0.993731358 0 0.111794399 -0.99916361 0 -0.0408910784 -0.99916361 0 -0.0408910784 -0.99916361 0 -0.0408910784 -0.99916361 -0 -0.0408910784 -0.99916361 -0 -0.0408910784 -0.99916361 -0 -0.0408910784 -0.998293351 0 -0.0583985059 -0.998293351 0 -0.0583985059 -0.998293351 0 -0.0583985059 -0.998293351 -0 -0.0583985059 -0.998293351 -0 -0.0583985059 -0.998293351 -0 -0.0583985059 -0.998950016 0 -0.0458133857 -0.998950016 0 -0.0458133857 -0.998950016 0 -0.0458133857 -0.998950016 -0 -0.0458133857 -0.998950016 -0 -0.0458133857 -0.998950016 -0 -0.0458133857 -0.999930058 0 -0.0118270309 -0.999930058 0 -0.0118270309 -0.999930058 0 -0.0118270309 -0.999930058 -0 -0.0118270309 -0.999930058 -0 -0.0118270309 -0.999930058 -0 -0.0118270309 -0.998786385 0 0.0492519743 -0.998786385 0 0.0492519743 -0.998786385 0 0.0492519743 -0.998786385 0 0.0492519743 -0.998786385 0 0.0492519743 -0.998786385 0 0.0492519743 -0.988445204 0 0.15157862 -0.988445204 0 0.15157862 -0.988445204 0 0.15157862 -0.988445204 0 0.15157862 -0.988445204 0 0.15157862 -0.988445204 0 0.15157862 -0.971941698 0 0.235221888 -0.971941698 0 0.235221888 -0.971941698 0 0.235221888 -0.971941698 0 0.235221888 -0.971941698 0 0.235221888 -0.971941698 0 0.235221888 -0.957156746 0 0.289570309 -0.957156746 0 0.289570309 -0.957156746 0 0.289570309 -0.957156746 0 0.289570309 -0.957156746 0 0.289570309 -0.957156746 0 0.289570309 -0.947072298 0 0.321020346 -0.947072298 0 0.321020346 -0.947072298 0 0.321020346 -0.947072298 0 0.321020346 -0.947072298 0 0.321020346 -0.947072298 0 0.321020346 -0.942041969 0 0.335495051 -0.942041969 0 0.335495051 -0.942041969 0 0.335495051 -0.942041969 0 0.335495051 -0.942041969 0 0.335495051 -0.942041969 0 0.335495051 -0.943304042 0 0.331929939 -0.943304042 0 0.331929939 -0.943304042 0 0.331929939 -0.943304042 0 0.331929939 -0.943304042 0 0.331929939 -0.943304042 0 0.331929939 -0.934764288 0 0.355268526 -0.934764288 0 0.355268526 -0.934764288 0 0.355268526 -0.934764288 0 0.355268526 -0.934764288 0 0.355268526 -0.934764288 0 0.355268526 -0.924639141 0 0.380844402 -0.924639141 0 0.380844402 -0.924639141 0 0.380844402 -0.924639141 0 0.380844402 -0.924639141 0 0.380844402 -0.924639141 0 0.380844402 -0.917515535 0 0.397699941 -0.917515535 0 0.397699941 -0.917515535 0 0.397699941 -0.917515535 0 0.397699941 -0.917515535 0 0.397699941 -0.917515535 0 0.397699941 -0.914297329 0 0.405043694 -0.914297329 0 0.405043694 -0.914297329 0 0.405043694 -0.914297329 0 0.405043694 -0.914297329 0 0.405043694 -0.914297329 0 0.405043694 -0.91750673 0 0.397720253 -0.91750673 0 0.397720253 -0.91750673 0 0.397720253 -0.91750673 0 0.397720253 -0.91750673 0 0.397720253 -0.91750673 0 0.397720253 -0.952927724 0 0.303197547 -0.952927724 0 0.303197547 -0.952927724 0 0.303197547 -0.952927724 0 0.303197547 -0.952927724 0 0.303197547 -0.952927724 0 0.303197547 -0.999201021 0 0.0399664797 -0.999201021 0 0.0399664797 -0.999201021 0 0.0399664797 -0.999201021 0 0.0399664797 -0.999201021 0 0.0399664797 -0.999201021 0 0.0399664797 -0.97014449 0 -0.242527664 -0.97014449 0 -0.242527664 -0.97014449 0 -0.242527664 -0.97014449 -0 -0.242527664 -0.97014449 -0 -0.242527664 -0.97014449 -0 -0.242527664 -0.71500641 0 -0.699117896 -0.71500641 0 -0.699117896 -0.71500641 0 -0.699117896 -0.184551722 0.319055328 0.929593653 -0.184551722 0.319055328 0.929593653 -0.184551722 0.319055328 0.929593653 -0.392915033 0.679276431 0.619839743 -0.392915033 0.679276431 0.619839743 -0.392915033 0.679276431 0.619839743 -0.395001127 0.680421063 0.617253017 -0.395001127 0.680421063 0.617253017 -0.395001127 0.680421063 0.617253017 -0.46787464 0.805951522 0.362678185 -0.46787464 0.805951522 0.362678185 -0.46787464 0.805951522 0.362678185 -0.462117751 0.803332356 0.375638535 -0.462117751 0.803332356 0.375638535 -0.462117751 0.803332356 0.375638535 -0.495130256 0.860720356 0.118349049 -0.495130256 0.860720356 0.118349049 -0.495130256 0.860720356 0.118349049 -0.497349443 0.860581841 0.109737988 -0.497349443 0.860581841 0.109737988 -0.497349443 0.860581841 0.109737988 -0.500202855 0.865519204 -0.0259540297 -0.500202855 0.865519204 -0.0259540297 -0.500202855 0.865519204 -0.0259540297 -0.49904769 0.866212457 -0.0250475888 -0.49904769 0.866212457 -0.0250475888 -0.49904769 0.866212457 -0.0250475888 -0.498604779 0.866178198 -0.0335947007 -0.498604779 0.866178198 -0.0335947007 -0.498604779 0.866178198 -0.0335947007 -0.498750237 0.866091152 -0.0336796236 -0.498750237 0.866091152 -0.0336796236 -0.498750237 0.866091152 -0.0336796236 -0.4990736 0.86612922 -0.0273078131 -0.4990736 0.86612922 -0.0273078131 -0.4990736 0.86612922 -0.0273078131 -0.500051528 0.865550156 -0.0277740179 -0.500051528 0.865550156 -0.0277740179 -0.500051528 0.865550156 -0.0277740179 -0.500473821 0.865679743 -0.0111596141 -0.500473821 0.865679743 -0.0111596141 -0.500473821 0.865679743 -0.0111596141 -0.498994372 0.866540873 -0.0105608564 -0.498994372 0.866540873 -0.0105608564 -0.498994372 0.866540873 -0.0105608564 -0.498372241 0.866754355 0.019026215 -0.498372241 0.866754355 0.019026215 -0.498372241 0.866754355 0.019026215 -0.499423982 0.86615657 0.0186677127 -0.499423982 0.86615657 0.0186677127 -0.499423982 0.86615657 0.0186677127 -0.494188889 0.866606133 0.0690735281 -0.494188889 0.866606133 0.0690735281 -0.494188889 0.866606133 0.0690735281 -0.494164493 0.86661955 0.0690797326 -0.494164493 0.86661955 0.0690797326 -0.494164493 0.86661955 0.0690797326 -0.485442324 0.867159789 0.111263875 -0.485442324 0.867159789 0.111263875 -0.485442324 0.867159789 0.111263875 -0.486388443 0.866646392 0.111131965 -0.486388443 0.866646392 0.111131965 -0.486388443 0.866646392 0.111131965 -0.478794893 0.867013415 0.137997064 -0.478794893 0.867013415 0.137997064 -0.478794893 0.867013415 0.137997064 -0.481035483 0.865794627 0.137856909 -0.481035483 0.865794627 0.137856909 -0.481035483 0.865794627 0.137856909 -0.475712404 0.866032377 0.153901367 -0.475712404 0.866032377 0.153901367 -0.475712404 0.866032377 0.153901367 -0.477169497 0.865234915 0.153875965 -0.477169497 0.865234915 0.153875965 -0.477169497 0.865234915 0.153875965 -0.475356044 0.865320432 0.15892508 -0.475356044 0.865320432 0.15892508 -0.475356044 0.865320432 0.15892508 -0.472994769 0.866614798 0.158917401 -0.472994769 0.866614798 0.158917401 -0.472994769 0.866614798 0.158917401 -0.474815722 0.866514552 0.153956363 -0.474815722 0.866514552 0.153956363 -0.474815722 0.866514552 0.153956363 -0.474562731 0.866653054 0.153956809 -0.474562731 0.866653054 0.153956809 -0.474562731 0.866653054 0.153956809 -0.470926919 0.866862412 0.163638 -0.470926919 0.866862412 0.163638 -0.470926919 0.866862412 0.163638 -0.473484555 0.865441764 0.163777075 -0.473484555 0.865441764 0.163777075 -0.473484555 0.865441764 0.163777075 -0.469231256 0.865782071 0.173906395 -0.469231256 0.865782071 0.173906395 -0.469231256 0.865782071 0.173906395 -0.470437399 0.865098714 0.174048467 -0.470437399 0.865098714 0.174048467 -0.470437399 0.865098714 0.174048467 -0.467540248 0.865347249 0.180500013 -0.467540248 0.865347249 0.180500013 -0.467540248 0.865347249 0.180500013 -0.466265578 0.86607711 0.180296562 -0.466265578 0.86607711 0.180296562 -0.466265578 0.86607711 0.180296562 -0.464361267 0.86623289 0.184415817 -0.464361267 0.86623289 0.184415817 -0.464361267 0.86623289 0.184415817 -0.467988327 0.864148886 0.185023318 -0.467988327 0.864148886 0.185023318 -0.467988327 0.864148886 0.185023318 -0.469597522 0.864018193 0.181523356 -0.469597522 0.864018193 0.181523356 -0.469597522 0.864018193 0.181523356 -0.464119944 0.867102454 0.180903319 -0.464119944 0.867102454 0.180903319 -0.464119944 0.867102454 0.180903319 -0.492523722 0.863163448 0.111217107 -0.492523722 0.863163448 0.111217107 -0.492523722 0.863163448 0.111217107 -0.50949346 0.856339276 0.0842582844 -0.50949346 0.856339276 0.0842582844 -0.50949346 0.856339276 0.0842582844 -0.582799352 0.7953098 -0.16681498 -0.582799352 0.7953098 -0.16681498 -0.582799352 0.7953098 -0.16681498 -0.569064526 0.810404891 -0.139317901 -0.569064526 0.810404891 -0.139317901 -0.569064526 0.810404891 -0.139317901 -0.606691557 0.687679348 -0.398776215 -0.606691557 0.687679348 -0.398776215 -0.606691557 0.687679348 -0.398776215 -0.606105241 0.688901636 -0.397556252 -0.606105241 0.688901636 -0.397556252 -0.606105241 0.688901636 -0.397556252 -0.546390303 0.318254792 -0.774707379 -0.546390303 0.318254792 -0.774707379 -0.546390303 0.318254792 -0.774707379</float_array><technique_common><accessor source="#part1-normals-array" count="4068" stride="3"><param name="X" type="float" /><param name="Y" type="float" /><param name="Z" type="float" /></accessor></technique_common></source><vertices id="part1-vertices"><input semantic="POSITION" source="#part1-positions" /></vertices><triangles count="1356" material="material"><input semantic="VERTEX" source="#part1-vertices" offset="0" /><input semantic="NORMAL" source="#part1-normals" offset="0" /><p>0 1 2 3 4 5 6 7 8 9 10 11 12 13 14 15 16 17 18 19 20 21 22 23 24 25 26 27 28 29 30 31 32 33 34 35 36 37 38 39 40 41 42 43 44 45 46 47 48 49 50 51 52 53 54 55 56 57 58 59 60 61 62 63 64 65 66 67 68 69 70 71 72 73 74 75 76 77 78 79 80 81 82 83 84 85 86 87 88 89 90 91 92 93 94 95 96 97 98 99 100 101 102 103 104 105 106 107 108 109 110 111 112 113 114 115 116 117 118 119 120 121 122 123 124 125 126 127 128 129 130 131 132 133 134 135 136 137 138 139 140 141 142 143 144 145 146 147 148 149 150 151 152 153 154 155 156 157 158 159 160 161 162 163 164 165 166 167 168 169 170 171 172 173 174 175 176 177 178 179 180 181 182 183 184 185 186 187 188 189 190 191 192 193 194 195 196 197 198 199 200 201 202 203 204 205 206 207 208 209 210 211 212 213 214 215 216 217 218 219 220 221 222 223 224 225 226 227 228 229 230 231 232 233 234 235 236 237 238 239 240 241 242 243 244 245 246 247 248 249 250 251 252 253 254 255 256 257 258 259 260 261 262 263 264 265 266 267 268 269 270 271 272 273 274 275 276 277 278 279 280 281 282 283 284 285 286 287 288 289 290 291 292 293 294 295 296 297 298 299 300 301 302 303 304 305 306 307 308 309 310 311 312 313 314 315 316 317 318 319 320 321 322 323 324 325 326 327 328 329 330 331 332 333 334 335 336 337 338 339 340 341 342 343 344 345 346 347 348 349 350 351 352 353 354 355 356 357 358 359 360 361 362 363 364 365 366 367 368 369 370 371 372 373 374 375 376 377 378 379 380 381 382 383 384 385 386 387 388 389 390 391 392 393 394 395 396 397 398 399 400 401 402 403 404 405 406 407 408 409 410 411 412 413 414 415 416 417 418 419 420 421 422 423 424 425 426 427 428 429 430 431 432 433 434 435 436 437 438 439 440 441 442 443 444 445 446 447 448 449 450 451 452 453 454 455 456 457 458 459 460 461 462 463 464 465 466 467 468 469 470 471 472 473 474 475 476 477 478 479 480 481 482 483 484 485 486 487 488 489 490 491 492 493 494 495 496 497 498 499 500 501 502 503 504 505 506 507 508 509 510 511 512 513 514 515 516 517 518 519 520 521 522 523 524 525 526 527 528 529 530 531 532 533 534 535 536 537 538 539 540 541 542 543 544 545 546 547 548 549 550 551 552 553 554 555 556 557 558 559 560 561 562 563 564 565 566 567 568 569 570 571 572 573 574 575 576 577 578 579 580 581 582 583 584 585 586 587 588 589 590 591 592 593 594 595 596 597 598 599 600 601 602 603 604 605 606 607 608 609 610 611 612 613 614 615 616 617 618 619 620 621 622 623 624 625 626 627 628 629 630 631 632 633 634 635 636 637 638 639 640 641 642 643 644 645 646 647 648 649 650 651 652 653 654 655 656 657 658 659 660 661 662 663 664 665 666 667 668 669 670 671 672 673 674 675 676 677 678 679 680 681 682 683 684 685 686 687 688 689 690 691 692 693 694 695 696 697 698 699 700 701 702 703 704 705 706 707 708 709 710 711 712 713 714 715 716 717 718 719 720 721 722 723 724 725 726 727 728 729 730 731 732 733 734 735 736 737 738 739 740 741 742 743 744 745 746 747 748 749 750 751 752 753 754 755 756 757 758 759 760 761 762 763 764 765 766 767 768 769 770 771 772 773 774 775 776 777 778 779 780 781 782 783 784 785 786 787 788 789 790 791 792 793 794 795 796 797 798 799 800 801 802 803 804 805 806 807 808 809 810 811 812 813 814 815 816 817 818 819 820 821 822 823 824 825 826 827 828 829 830 831 832 833 834 835 836 837 838 839 840 841 842 843 844 845 846 847 848 849 850 851 852 853 854 855 856 857 858 859 860 861 862 863 864 865 866 867 868 869 870 871 872 873 874 875 876 877 878 879 880 881 882 883 884 885 886 887 888 889 890 891 892 893 894 895 896 897 898 899 900 901 902 903 904 905 906 907 908 909 910 911 912 913 914 915 916 917 918 919 920 921 922 923 924 925 926 927 928 929 930 931 932 933 934 935 936 937 938 939 940 941 942 943 944 945 946 947 948 949 950 951 952 953 954 955 956 957 958 959 960 961 962 963 964 965 966 967 968 969 970 971 972 973 974 975 976 977 978 979 980 981 982 983 984 985 986 987 988 989 990 991 992 993 994 995 996 997 998 999 1000 1001 1002 1003 1004 1005 1006 1007 1008 1009 1010 1011 1012 1013 1014 1015 1016 1017 1018 1019 1020 1021 1022 1023 1024 1025 1026 1027 1028 1029 1030 1031 1032 1033 1034 1035 1036 1037 1038 1039 1040 1041 1042 1043 1044 1045 1046 1047 1048 1049 1050 1051 1052 1053 1054 1055 1056 1057 1058 1059 1060 1061 1062 1063 1064 1065 1066 1067 1068 1069 1070 1071 1072 1073 1074 1075 1076 1077 1078 1079 1080 1081 1082 1083 1084 1085 1086 1087 1088 1089 1090 1091 1092 1093 1094 1095 1096 1097 1098 1099 1100 1101 1102 1103 1104 1105 1106 1107 1108 1109 1110 1111 1112 1113 1114 1115 1116 1117 1118 1119 1120 1121 1122 1123 1124 1125 1126 1127 1128 1129 1130 1131 1132 1133 1134 1135 1136 1137 1138 1139 1140 1141 1142 1143 1144 1145 1146 1147 1148 1149 1150 1151 1152 1153 1154 1155 1156 1157 1158 1159 1160 1161 1162 1163 1164 1165 1166 1167 1168 1169 1170 1171 1172 1173 1174 1175 1176 1177 1178 1179 1180 1181 1182 1183 1184 1185 1186 1187 1188 1189 1190 1191 1192 1193 1194 1195 1196 1197 1198 1199 1200 1201 1202 1203 1204 1205 1206 1207 1208 1209 1210 1211 1212 1213 1214 1215 1216 1217 1218 1219 1220 1221 1222 1223 1224 1225 1226 1227 1228 1229 1230 1231 1232 1233 1234 1235 1236 1237 1238 1239 1240 1241 1242 1243 1244 1245 1246 1247 1248 1249 1250 1251 1252 1253 1254 1255 1256 1257 1258 1259 1260 1261 1262 1263 1264 1265 1266 1267 1268 1269 1270 1271 1272 1273 1274 1275 1276 1277 1278 1279 1280 1281 1282 1283 1284 1285 1286 1287 1288 1289 1290 1291 1292 1293 1294 1295 1296 1297 1298 1299 1300 1301 1302 1303 1304 1305 1306 1307 1308 1309 1310 1311 1312 1313 1314 1315 1316 1317 1318 1319 1320 1321 1322 1323 1324 1325 1326 1327 1328 1329 1330 1331 1332 1333 1334 1335 1336 1337 1338 1339 1340 1341 1342 1343 1344 1345 1346 1347 1348 1349 1350 1351 1352 1353 1354 1355 1356 1357 1358 1359 1360 1361 1362 1363 1364 1365 1366 1367 1368 1369 1370 1371 1372 1373 1374 1375 1376 1377 1378 1379 1380 1381 1382 1383 1384 1385 1386 1387 1388 1389 1390 1391 1392 1393 1394 1395 1396 1397 1398 1399 1400 1401 1402 1403 1404 1405 1406 1407 1408 1409 1410 1411 1412 1413 1414 1415 1416 1417 1418 1419 1420 1421 1422 1423 1424 1425 1426 1427 1428 1429 1430 1431 1432 1433 1434 1435 1436 1437 1438 1439 1440 1441 1442 1443 1444 1445 1446 1447 1448 1449 1450 1451 1452 1453 1454 1455 1456 1457 1458 1459 1460 1461 1462 1463 1464 1465 1466 1467 1468 1469 1470 1471 1472 1473 1474 1475 1476 1477 1478 1479 1480 1481 1482 1483 1484 1485 1486 1487 1488 1489 1490 1491 1492 1493 1494 1495 1496 1497 1498 1499 1500 1501 1502 1503 1504 1505 1506 1507 1508 1509 1510 1511 1512 1513 1514 1515 1516 1517 1518 1519 1520 1521 1522 1523 1524 1525 1526 1527 1528 1529 1530 1531 1532 1533 1534 1535 1536 1537 1538 1539 1540 1541 1542 1543 1544 1545 1546 1547 1548 1549 1550 1551 1552 1553 1554 1555 1556 1557 1558 1559 1560 1561 1562 1563 1564 1565 1566 1567 1568 1569 1570 1571 1572 1573 1574 1575 1576 1577 1578 1579 1580 1581 1582 1583 1584 1585 1586 1587 1588 1589 1590 1591 1592 1593 1594 1595 1596 1597 1598 1599 1600 1601 1602 1603 1604 1605 1606 1607 1608 1609 1610 1611 1612 1613 1614 1615 1616 1617 1618 1619 1620 1621 1622 1623 1624 1625 1626 1627 1628 1629 1630 1631 1632 1633 1634 1635 1636 1637 1638 1639 1640 1641 1642 1643 1644 1645 1646 1647 1648 1649 1650 1651 1652 1653 1654 1655 1656 1657 1658 1659 1660 1661 1662 1663 1664 1665 1666 1667 1668 1669 1670 1671 1672 1673 1674 1675 1676 1677 1678 1679 1680 1681 1682 1683 1684 1685 1686 1687 1688 1689 1690 1691 1692 1693 1694 1695 1696 1697 1698 1699 1700 1701 1702 1703 1704 1705 1706 1707 1708 1709 1710 1711 1712 1713 1714 1715 1716 1717 1718 1719 1720 1721 1722 1723 1724 1725 1726 1727 1728 1729 1730 1731 1732 1733 1734 1735 1736 1737 1738 1739 1740 1741 1742 1743 1744 1745 1746 1747 1748 1749 1750 1751 1752 1753 1754 1755 1756 1757 1758 1759 1760 1761 1762 1763 1764 1765 1766 1767 1768 1769 1770 1771 1772 1773 1774 1775 1776 1777 1778 1779 1780 1781 1782 1783 1784 1785 1786 1787 1788 1789 1790 1791 1792 1793 1794 1795 1796 1797 1798 1799 1800 1801 1802 1803 1804 1805 1806 1807 1808 1809 1810 1811 1812 1813 1814 1815 1816 1817 1818 1819 1820 1821 1822 1823 1824 1825 1826 1827 1828 1829 1830 1831 1832 1833 1834 1835 1836 1837 1838 1839 1840 1841 1842 1843 1844 1845 1846 1847 1848 1849 1850 1851 1852 1853 1854 1855 1856 1857 1858 1859 1860 1861 1862 1863 1864 1865 1866 1867 1868 1869 1870 1871 1872 1873 1874 1875 1876 1877 1878 1879 1880 1881 1882 1883 1884 1885 1886 1887 1888 1889 1890 1891 1892 1893 1894 1895 1896 1897 1898 1899 1900 1901 1902 1903 1904 1905 1906 1907 1908 1909 1910 1911 1912 1913 1914 1915 1916 1917 1918 1919 1920 1921 1922 1923 1924 1925 1926 1927 1928 1929 1930 1931 1932 1933 1934 1935 1936 1937 1938 1939 1940 1941 1942 1943 1944 1945 1946 1947 1948 1949 1950 1951 1952 1953 1954 1955 1956 1957 1958 1959 1960 1961 1962 1963 1964 1965 1966 1967 1968 1969 1970 1971 1972 1973 1974 1975 1976 1977 1978 1979 1980 1981 1982 1983 1984 1985 1986 1987 1988 1989 1990 1991 1992 1993 1994 1995 1996 1997 1998 1999 2000 2001 2002 2003 2004 2005 2006 2007 2008 2009 2010 2011 2012 2013 2014 2015 2016 2017 2018 2019 2020 2021 2022 2023 2024 2025 2026 2027 2028 2029 2030 2031 2032 2033 2034 2035 2036 2037 2038 2039 2040 2041 2042 2043 2044 2045 2046 2047 2048 2049 2050 2051 2052 2053 2054 2055 2056 2057 2058 2059 2060 2061 2062 2063 2064 2065 2066 2067 2068 2069 2070 2071 2072 2073 2074 2075 2076 2077 2078 2079 2080 2081 2082 2083 2084 2085 2086 2087 2088 2089 2090 2091 2092 2093 2094 2095 2096 2097 2098 2099 2100 2101 2102 2103 2104 2105 2106 2107 2108 2109 2110 2111 2112 2113 2114 2115 2116 2117 2118 2119 2120 2121 2122 2123 2124 2125 2126 2127 2128 2129 2130 2131 2132 2133 2134 2135 2136 2137 2138 2139 2140 2141 2142 2143 2144 2145 2146 2147 2148 2149 2150 2151 2152 2153 2154 2155 2156 2157 2158 2159 2160 2161 2162 2163 2164 2165 2166 2167 2168 2169 2170 2171 2172 2173 2174 2175 2176 2177 2178 2179 2180 2181 2182 2183 2184 2185 2186 2187 2188 2189 2190 2191 2192 2193 2194 2195 2196 2197 2198 2199 2200 2201 2202 2203 2204 2205 2206 2207 2208 2209 2210 2211 2212 2213 2214 2215 2216 2217 2218 2219 2220 2221 2222 2223 2224 2225 2226 2227 2228 2229 2230 2231 2232 2233 2234 2235 2236 2237 2238 2239 2240 2241 2242 2243 2244 2245 2246 2247 2248 2249 2250 2251 2252 2253 2254 2255 2256 2257 2258 2259 2260 2261 2262 2263 2264 2265 2266 2267 2268 2269 2270 2271 2272 2273 2274 2275 2276 2277 2278 2279 2280 2281 2282 2283 2284 2285 2286 2287 2288 2289 2290 2291 2292 2293 2294 2295 2296 2297 2298 2299 2300 2301 2302 2303 2304 2305 2306 2307 2308 2309 2310 2311 2312 2313 2314 2315 2316 2317 2318 2319 2320 2321 2322 2323 2324 2325 2326 2327 2328 2329 2330 2331 2332 2333 2334 2335 2336 2337 2338 2339 2340 2341 2342 2343 2344 2345 2346 2347 2348 2349 2350 2351 2352 2353 2354 2355 2356 2357 2358 2359 2360 2361 2362 2363 2364 2365 2366 2367 2368 2369 2370 2371 2372 2373 2374 2375 2376 2377 2378 2379 2380 2381 2382 2383 2384 2385 2386 2387 2388 2389 2390 2391 2392 2393 2394 2395 2396 2397 2398 2399 2400 2401 2402 2403 2404 2405 2406 2407 2408 2409 2410 2411 2412 2413 2414 2415 2416 2417 2418 2419 2420 2421 2422 2423 2424 2425 2426 2427 2428 2429 2430 2431 2432 2433 2434 2435 2436 2437 2438 2439 2440 2441 2442 2443 2444 2445 2446 2447 2448 2449 2450 2451 2452 2453 2454 2455 2456 2457 2458 2459 2460 2461 2462 2463 2464 2465 2466 2467 2468 2469 2470 2471 2472 2473 2474 2475 2476 2477 2478 2479 2480 2481 2482 2483 2484 2485 2486 2487 2488 2489 2490 2491 2492 2493 2494 2495 2496 2497 2498 2499 2500 2501 2502 2503 2504 2505 2506 2507 2508 2509 2510 2511 2512 2513 2514 2515 2516 2517 2518 2519 2520 2521 2522 2523 2524 2525 2526 2527 2528 2529 2530 2531 2532 2533 2534 2535 2536 2537 2538 2539 2540 2541 2542 2543 2544 2545 2546 2547 2548 2549 2550 2551 2552 2553 2554 2555 2556 2557 2558 2559 2560 2561 2562 2563 2564 2565 2566 2567 2568 2569 2570 2571 2572 2573 2574 2575 2576 2577 2578 2579 2580 2581 2582 2583 2584 2585 2586 2587 2588 2589 2590 2591 2592 2593 2594 2595 2596 2597 2598 2599 2600 2601 2602 2603 2604 2605 2606 2607 2608 2609 2610 2611 2612 2613 2614 2615 2616 2617 2618 2619 2620 2621 2622 2623 2624 2625 2626 2627 2628 2629 2630 2631 2632 2633 2634 2635 2636 2637 2638 2639 2640 2641 2642 2643 2644 2645 2646 2647 2648 2649 2650 2651 2652 2653 2654 2655 2656 2657 2658 2659 2660 2661 2662 2663 2664 2665 2666 2667 2668 2669 2670 2671 2672 2673 2674 2675 2676 2677 2678 2679 2680 2681 2682 2683 2684 2685 2686 2687 2688 2689 2690 2691 2692 2693 2694 2695 2696 2697 2698 2699 2700 2701 2702 2703 2704 2705 2706 2707 2708 2709 2710 2711 2712 2713 2714 2715 2716 2717 2718 2719 2720 2721 2722 2723 2724 2725 2726 2727 2728 2729 2730 2731 2732 2733 2734 2735 2736 2737 2738 2739 2740 2741 2742 2743 2744 2745 2746 2747 2748 2749 2750 2751 2752 2753 2754 2755 2756 2757 2758 2759 2760 2761 2762 2763 2764 2765 2766 2767 2768 2769 2770 2771 2772 2773 2774 2775 2776 2777 2778 2779 2780 2781 2782 2783 2784 2785 2786 2787 2788 2789 2790 2791 2792 2793 2794 2795 2796 2797 2798 2799 2800 2801 2802 2803 2804 2805 2806 2807 2808 2809 2810 2811 2812 2813 2814 2815 2816 2817 2818 2819 2820 2821 2822 2823 2824 2825 2826 2827 2828 2829 2830 2831 2832 2833 2834 2835 2836 2837 2838 2839 2840 2841 2842 2843 2844 2845 2846 2847 2848 2849 2850 2851 2852 2853 2854 2855 2856 2857 2858 2859 2860 2861 2862 2863 2864 2865 2866 2867 2868 2869 2870 2871 2872 2873 2874 2875 2876 2877 2878 2879 2880 2881 2882 2883 2884 2885 2886 2887 2888 2889 2890 2891 2892 2893 2894 2895 2896 2897 2898 2899 2900 2901 2902 2903 2904 2905 2906 2907 2908 2909 2910 2911 2912 2913 2914 2915 2916 2917 2918 2919 2920 2921 2922 2923 2924 2925 2926 2927 2928 2929 2930 2931 2932 2933 2934 2935 2936 2937 2938 2939 2940 2941 2942 2943 2944 2945 2946 2947 2948 2949 2950 2951 2952 2953 2954 2955 2956 2957 2958 2959 2960 2961 2962 2963 2964 2965 2966 2967 2968 2969 2970 2971 2972 2973 2974 2975 2976 2977 2978 2979 2980 2981 2982 2983 2984 2985 2986 2987 2988 2989 2990 2991 2992 2993 2994 2995 2996 2997 2998 2999 3000 3001 3002 3003 3004 3005 3006 3007 3008 3009 3010 3011 3012 3013 3014 3015 3016 3017 3018 3019 3020 3021 3022 3023 3024 3025 3026 3027 3028 3029 3030 3031 3032 3033 3034 3035 3036 3037 3038 3039 3040 3041 3042 3043 3044 3045 3046 3047 3048 3049 3050 3051 3052 3053 3054 3055 3056 3057 3058 3059 3060 3061 3062 3063 3064 3065 3066 3067 3068 3069 3070 3071 3072 3073 3074 3075 3076 3077 3078 3079 3080 3081 3082 3083 3084 3085 3086 3087 3088 3089 3090 3091 3092 3093 3094 3095 3096 3097 3098 3099 3100 3101 3102 3103 3104 3105 3106 3107 3108 3109 3110 3111 3112 3113 3114 3115 3116 3117 3118 3119 3120 3121 3122 3123 3124 3125 3126 3127 3128 3129 3130 3131 3132 3133 3134 3135 3136 3137 3138 3139 3140 3141 3142 3143 3144 3145 3146 3147 3148 3149 3150 3151 3152 3153 3154 3155 3156 3157 3158 3159 3160 3161 3162 3163 3164 3165 3166 3167 3168 3169 3170 3171 3172 3173 3174 3175 3176 3177 3178 3179 3180 3181 3182 3183 3184 3185 3186 3187 3188 3189 3190 3191 3192 3193 3194 3195 3196 3197 3198 3199 3200 3201 3202 3203 3204 3205 3206 3207 3208 3209 3210 3211 3212 3213 3214 3215 3216 3217 3218 3219 3220 3221 3222 3223 3224 3225 3226 3227 3228 3229 3230 3231 3232 3233 3234 3235 3236 3237 3238 3239 3240 3241 3242 3243 3244 3245 3246 3247 3248 3249 3250 3251 3252 3253 3254 3255 3256 3257 3258 3259 3260 3261 3262 3263 3264 3265 3266 3267 3268 3269 3270 3271 3272 3273 3274 3275 3276 3277 3278 3279 3280 3281 3282 3283 3284 3285 3286 3287 3288 3289 3290 3291 3292 3293 3294 3295 3296 3297 3298 3299 3300 3301 3302 3303 3304 3305 3306 3307 3308 3309 3310 3311 3312 3313 3314 3315 3316 3317 3318 3319 3320 3321 3322 3323 3324 3325 3326 3327 3328 3329 3330 3331 3332 3333 3334 3335 3336 3337 3338 3339 3340 3341 3342 3343 3344 3345 3346 3347 3348 3349 3350 3351 3352 3353 3354 3355 3356 3357 3358 3359 3360 3361 3362 3363 3364 3365 3366 3367 3368 3369 3370 3371 3372 3373 3374 3375 3376 3377 3378 3379 3380 3381 3382 3383 3384 3385 3386 3387 3388 3389 3390 3391 3392 3393 3394 3395 3396 3397 3398 3399 3400 3401 3402 3403 3404 3405 3406 3407 3408 3409 3410 3411 3412 3413 3414 3415 3416 3417 3418 3419 3420 3421 3422 3423 3424 3425 3426 3427 3428 3429 3430 3431 3432 3433 3434 3435 3436 3437 3438 3439 3440 3441 3442 3443 3444 3445 3446 3447 3448 3449 3450 3451 3452 3453 3454 3455 3456 3457 3458 3459 3460 3461 3462 3463 3464 3465 3466 3467 3468 3469 3470 3471 3472 3473 3474 3475 3476 3477 3478 3479 3480 3481 3482 3483 3484 3485 3486 3487 3488 3489 3490 3491 3492 3493 3494 3495 3496 3497 3498 3499 3500 3501 3502 3503 3504 3505 3506 3507 3508 3509 3510 3511 3512 3513 3514 3515 3516 3517 3518 3519 3520 3521 3522 3523 3524 3525 3526 3527 3528 3529 3530 3531 3532 3533 3534 3535 3536 3537 3538 3539 3540 3541 3542 3543 3544 3545 3546 3547 3548 3549 3550 3551 3552 3553 3554 3555 3556 3557 3558 3559 3560 3561 3562 3563 3564 3565 3566 3567 3568 3569 3570 3571 3572 3573 3574 3575 3576 3577 3578 3579 3580 3581 3582 3583 3584 3585 3586 3587 3588 3589 3590 3591 3592 3593 3594 3595 3596 3597 3598 3599 3600 3601 3602 3603 3604 3605 3606 3607 3608 3609 3610 3611 3612 3613 3614 3615 3616 3617 3618 3619 3620 3621 3622 3623 3624 3625 3626 3627 3628 3629 3630 3631 3632 3633 3634 3635 3636 3637 3638 3639 3640 3641 3642 3643 3644 3645 3646 3647 3648 3649 3650 3651 3652 3653 3654 3655 3656 3657 3658 3659 3660 3661 3662 3663 3664 3665 3666 3667 3668 3669 3670 3671 3672 3673 3674 3675 3676 3677 3678 3679 3680 3681 3682 3683 3684 3685 3686 3687 3688 3689 3690 3691 3692 3693 3694 3695 3696 3697 3698 3699 3700 3701 3702 3703 3704 3705 3706 3707 3708 3709 3710 3711 3712 3713 3714 3715 3716 3717 3718 3719 3720 3721 3722 3723 3724 3725 3726 3727 3728 3729 3730 3731 3732 3733 3734 3735 3736 3737 3738 3739 3740 3741 3742 3743 3744 3745 3746 3747 3748 3749 3750 3751 3752 3753 3754 3755 3756 3757 3758 3759 3760 3761 3762 3763 3764 3765 3766 3767 3768 3769 3770 3771 3772 3773 3774 3775 3776 3777 3778 3779 3780 3781 3782 3783 3784 3785 3786 3787 3788 3789 3790 3791 3792 3793 3794 3795 3796 3797 3798 3799 3800 3801 3802 3803 3804 3805 3806 3807 3808 3809 3810 3811 3812 3813 3814 3815 3816 3817 3818 3819 3820 3821 3822 3823 3824 3825 3826 3827 3828 3829 3830 3831 3832 3833 3834 3835 3836 3837 3838 3839 3840 3841 3842 3843 3844 3845 3846 3847 3848 3849 3850 3851 3852 3853 3854 3855 3856 3857 3858 3859 3860 3861 3862 3863 3864 3865 3866 3867 3868 3869 3870 3871 3872 3873 3874 3875 3876 3877 3878 3879 3880 3881 3882 3883 3884 3885 3886 3887 3888 3889 3890 3891 3892 3893 3894 3895 3896 3897 3898 3899 3900 3901 3902 3903 3904 3905 3906 3907 3908 3909 3910 3911 3912 3913 3914 3915 3916 3917 3918 3919 3920 3921 3922 3923 3924 3925 3926 3927 3928 3929 3930 3931 3932 3933 3934 3935 3936 3937 3938 3939 3940 3941 3942 3943 3944 3945 3946 3947 3948 3949 3950 3951 3952 3953 3954 3955 3956 3957 3958 3959 3960 3961 3962 3963 3964 3965 3966 3967 3968 3969 3970 3971 3972 3973 3974 3975 3976 3977 3978 3979 3980 3981 3982 3983 3984 3985 3986 3987 3988 3989 3990 3991 3992 3993 3994 3995 3996 3997 3998 3999 4000 4001 4002 4003 4004 4005 4006 4007 4008 4009 4010 4011 4012 4013 4014 4015 4016 4017 4018 4019 4020 4021 4022 4023 4024 4025 4026 4027 4028 4029 4030 4031 4032 4033 4034 4035 4036 4037 4038 4039 4040 4041 4042 4043 4044 4045 4046 4047 4048 4049 4050 4051 4052 4053 4054 4055 4056 4057 4058 4059 4060 4061 4062 4063 4064 4065 4066 4067</p></triangles></mesh></geometry></library_geometries><library_visual_scenes><visual_scene id="scene"><node id="part0-node"><instance_geometry url="#part0"><bind_material><technique_common><instance_material symbol="material" target="#part0-material" /></technique_common></bind_material></instance_geometry></node><node id="part1-node"><instance_geometry url="#part1"><bind_material><technique_common><instance_material symbol="material" target="#part1-material" /></technique_common></bind_material></instance_geometry></node></visual_scene></library_visual_scenes><scene><instance_visual_scene url="#scene" /></scene></COLLADA>