<?xml version='1.0' encoding='utf-8'?>
<COLLADA xmlns="http://www.collada.org/2005/11/COLLADASchema" version="1.4.1"><asset><created>2026-10-07T00:00:00Z</created><modified>2026-10-07T00:00:00Z</modified><unit name="meter" meter="1" /><up_axis>Z_UP</up_axis></asset><library_effects><effect id="part0-effect"><profile_COMMON><technique sid="common"><phong><diffuse><color>0.07058823529411765 0.09019607843137255 0.10196078431372549 1.0</color></diffuse><specular><color>0.04 0.04 0.04 1</color></specular><shininess><float>7.876543209876543</float></shininess></phong></technique></profile_COMMON></effect><effect id="part1-effect"><profile_COMMON><technique sid="common"><phong><diffuse><color>0.788235294117647 0.8 0.6980392156862745 1.0</color></diffuse><specular><color>0.04 0.04 0.04 1</color></specular><shininess><float>2.733727810650887</float></shininess></phong></technique></profile_COMMON></effect><effect id="part2-effect"><profile_COMMON><technique sid="common"><phong><diffuse><color>0.43137254901960786 0.4588235294117647 0.47058823529411764 1.0</color></diffuse><specular><color>0.04 0.04 0.04 1</color></specular><shininess><float>1.5555555555555554</float></shininess></phong></technique></profile_COMMON></effect></library_effects><library_materials><material id="part0-material" name="dark"><instance_effect url="#part0-effect" /></material><material id="part1-material" name="cream"><instance_effect url="#part1-effect" /></material><material id="part2-material" name="grey"><instance_effect url="#part2-effect" /></material></library_materials><library_geometries><geometry id="part0"><mesh><source id="part0-positions"><float_array id="part0-positions-array" count="3240">1.55987126 0.611582622 -0.0220489452 1.56662271 0.621352388 -0.0239552386 1.55987126 0.623655833 -0.0239552386 1.55987126 0.623655833 -0.0239552386 1.56662271 0.621352388 -0.0239552386 1.57281817 0.630168997 -0.0291975457 1.55987126 0.623655833 -0.0239552386 1.57281817 0.630168997 -0.0291975457 1.55987126 0.63453757 -0.0291975457 1.55987126 0.63453757 -0.0291975457 1.57281817 0.630168997 -0.0291975457 1.57766333 0.637158721 -0.0374581507 1.55987126 0.63453757 -0.0291975457 1.57766333 0.637158721 -0.0374581507 1.55987126 0.643195326 -0.0374581507 1.55987126 0.643195326 -0.0374581507 1.57766333 0.637158721 -0.0374581507 1.58076106 0.641686185 -0.0479427648 1.55987126 0.643195326 -0.0374581507 1.58076106 0.641686185 -0.0479427648 1.55987126 0.648755334 -0.0479427648 1.55987126 0.648755334 -0.0479427648 1.58076106 0.641686185 -0.0479427648 1.58187306 0.643195326 -0.0594599545 1.55987126 0.648755334 -0.0479427648 1.58187306 0.643195326 -0.0594599545 1.55987126 0.650661647 -0.0594599545 1.55987126 0.650661647 -0.0594599545 1.58187306 0.643195326 -0.0594599545 1.58076106 0.641686185 -0.0709771442 1.55987126 0.650661647 -0.0594599545 1.58076106 0.641686185 -0.0709771442 1.55987126 0.648755334 -0.0709771442 1.55987126 0.648755334 -0.0709771442 1.58076106 0.641686185 -0.0709771442 1.57766333 0.637158721 -0.0814617583 1.55987126 0.648755334 -0.0709771442 1.57766333 0.637158721 -0.0814617583 1.55987126 0.643195326 -0.0814617583 1.55987126 0.643195326 -0.0814617583 1.57766333 0.637158721 -0.0814617583 1.57281817 0.630168997 -0.0897223633 1.55987126 0.643195326 -0.0814617583 1.57281817 0.630168997 -0.0897223633 1.55987126 0.63453757 -0.0897223633 1.55987126 0.63453757 -0.0897223633 1.57281817 0.630168997 -0.0897223633 1.56662271 0.621352388 -0.0949646704 1.55987126 0.63453757 -0.0897223633 1.56662271 0.621352388 -0.0949646704 1.55987126 0.623655833 -0.0949646704 1.55987126 0.623655833 -0.0949646704 1.56662271 0.621352388 -0.0949646704 1.55987126 0.611582622 -0.0968709638 1.55987126 0.611582622 -0.0220489452 1.57083244 0.615315782 -0.0239552386 1.56662271 0.621352388 -0.0239552386 1.56662271 0.621352388 -0.0239552386 1.57083244 0.615315782 -0.0239552386 1.58076106 0.61865181 -0.0291975457 1.56662271 0.621352388 -0.0239552386 1.58076106 0.61865181 -0.0291975457 1.57281817 0.630168997 -0.0291975457 1.57281817 0.630168997 -0.0291975457 1.58076106 0.61865181 -0.0291975457 1.58862452 0.621352388 -0.0374581507 1.57281817 0.630168997 -0.0291975457 1.58862452 0.621352388 -0.0374581507 1.57766333 0.637158721 -0.0374581507 1.57766333 0.637158721 -0.0374581507 1.58862452 0.621352388 -0.0374581507 1.59370797 0.623099809 -0.0479427648 1.57766333 0.637158721 -0.0374581507 1.59370797 0.623099809 -0.0479427648 1.58076106 0.641686185 -0.0479427648 1.58076106 0.641686185 -0.0479427648 1.59370797 0.623099809 -0.0479427648 1.59537597 0.623655833 -0.0594599545 1.58076106 0.641686185 -0.0479427648 1.59537597 0.623655833 -0.0594599545 1.58187306 0.643195326 -0.0594599545 1.58187306 0.643195326 -0.0594599545 1.59537597 0.623655833 -0.0594599545 1.59370797 0.623099809 -0.0709771442 1.58187306 0.643195326 -0.0594599545 1.59370797 0.623099809 -0.0709771442 1.58076106 0.641686185 -0.0709771442 1.58076106 0.641686185 -0.0709771442 1.59370797 0.623099809 -0.0709771442 1.58862452 0.621352388 -0.0814617583 1.58076106 0.641686185 -0.0709771442 1.58862452 0.621352388 -0.0814617583 1.57766333 0.637158721 -0.0814617583 1.57766333 0.637158721 -0.0814617583 1.58862452 0.621352388 -0.0814617583 1.58076106 0.61865181 -0.0897223633 1.57766333 0.637158721 -0.0814617583 1.58076106 0.61865181 -0.0897223633 1.57281817 0.630168997 -0.0897223633 1.57281817 0.630168997 -0.0897223633 1.58076106 0.61865181 -0.0897223633 1.57083244 0.615315782 -0.0949646704 1.57281817 0.630168997 -0.0897223633 1.57083244 0.615315782 -0.0949646704 1.56662271 0.621352388 -0.0949646704 1.56662271 0.621352388 -0.0949646704 1.57083244 0.615315782 -0.0949646704 1.55987126 0.611582622 -0.0968709638 1.55987126 0.611582622 -0.0220489452 1.57083244 0.607849461 -0.0239552386 1.57083244 0.615315782 -0.0239552386 1.57083244 0.615315782 -0.0239552386 1.57083244 0.607849461 -0.0239552386 1.58076106 0.604513472 -0.0291975457 1.57083244 0.615315782 -0.0239552386 1.58076106 0.604513472 -0.0291975457 1.58076106 0.61865181 -0.0291975457 1.58076106 0.61865181 -0.0291975457 1.58076106 0.604513472 -0.0291975457 1.58862452 0.601812894 -0.0374581507 1.58076106 0.61865181 -0.0291975457 1.58862452 0.601812894 -0.0374581507 1.58862452 0.621352388 -0.0374581507 1.58862452 0.621352388 -0.0374581507 1.58862452 0.601812894 -0.0374581507 1.59370797 0.600144861 -0.0479427648 1.58862452 0.621352388 -0.0374581507 1.59370797 0.600144861 -0.0479427648 1.59370797 0.623099809 -0.0479427648 1.59370797 0.623099809 -0.0479427648 1.59370797 0.600144861 -0.0479427648 1.59537597 0.599509449 -0.0594599545 1.59370797 0.623099809 -0.0479427648 1.59537597 0.599509449 -0.0594599545 1.59537597 0.623655833 -0.0594599545 1.59537597 0.623655833 -0.0594599545 1.59537597 0.599509449 -0.0594599545 1.59370797 0.600144861 -0.0709771442 1.59537597 0.623655833 -0.0594599545 1.59370797 0.600144861 -0.0709771442 1.59370797 0.623099809 -0.0709771442 1.59370797 0.623099809 -0.0709771442 1.59370797 0.600144861 -0.0709771442 1.58862452 0.601812894 -0.0814617583 1.59370797 0.623099809 -0.0709771442 1.58862452 0.601812894 -0.0814617583 1.58862452 0.621352388 -0.0814617583 1.58862452 0.621352388 -0.0814617583 1.58862452 0.601812894 -0.0814617583 1.58076106 0.604513472 -0.0897223633 1.58862452 0.621352388 -0.0814617583 1.58076106 0.604513472 -0.0897223633 1.58076106 0.61865181 -0.0897223633 1.58076106 0.61865181 -0.0897223633 1.58076106 0.604513472 -0.0897223633 1.57083244 0.607849461 -0.0949646704 1.58076106 0.61865181 -0.0897223633 1.57083244 0.607849461 -0.0949646704 1.57083244 0.615315782 -0.0949646704 1.57083244 0.615315782 -0.0949646704 1.57083244 0.607849461 -0.0949646704 1.55987126 0.611582622 -0.0968709638 1.55987126 0.611582622 -0.0220489452 1.56662271 0.601812894 -0.0239552386 1.57083244 0.607849461 -0.0239552386 1.57083244 0.607849461 -0.0239552386 1.56662271 0.601812894 -0.0239552386 1.57281817 0.592996284 -0.0291975457 1.57083244 0.607849461 -0.0239552386 1.57281817 0.592996284 -0.0291975457 1.58076106 0.604513472 -0.0291975457 1.58076106 0.604513472 -0.0291975457 1.57281817 0.592996284 -0.0291975457 1.57766333 0.586006522 -0.0374581507 1.58076106 0.604513472 -0.0291975457 1.57766333 0.586006522 -0.0374581507 1.58862452 0.601812894 -0.0374581507 1.58862452 0.601812894 -0.0374581507 1.57766333 0.586006522 -0.0374581507 1.58076106 0.581558524 -0.0479427648 1.58862452 0.601812894 -0.0374581507 1.58076106 0.581558524 -0.0479427648 1.59370797 0.600144861 -0.0479427648 1.59370797 0.600144861 -0.0479427648 1.58076106 0.581558524 -0.0479427648 1.58187306 0.579969917 -0.0594599545 1.59370797 0.600144861 -0.0479427648 1.58187306 0.579969917 -0.0594599545 1.59537597 0.599509449 -0.0594599545 1.59537597 0.599509449 -0.0594599545 1.58187306 0.579969917 -0.0594599545 1.58076106 0.581558524 -0.0709771442 1.59537597 0.599509449 -0.0594599545 1.58076106 0.581558524 -0.0709771442 1.59370797 0.600144861 -0.0709771442 1.59370797 0.600144861 -0.0709771442 1.58076106 0.581558524 -0.0709771442 1.57766333 0.586006522 -0.0814617583 1.59370797 0.600144861 -0.0709771442 1.57766333 0.586006522 -0.0814617583 1.58862452 0.601812894 -0.0814617583 1.58862452 0.601812894 -0.0814617583 1.57766333 0.586006522 -0.0814617583 1.57281817 0.592996284 -0.0897223633 1.58862452 0.601812894 -0.0814617583 1.57281817 0.592996284 -0.0897223633 1.58076106 0.604513472 -0.0897223633 1.58076106 0.604513472 -0.0897223633 1.57281817 0.592996284 -0.0897223633 1.56662271 0.601812894 -0.0949646704 1.58076106 0.604513472 -0.0897223633 1.56662271 0.601812894 -0.0949646704 1.57083244 0.607849461 -0.0949646704 1.57083244 0.607849461 -0.0949646704 1.56662271 0.601812894 -0.0949646704 1.55987126 0.611582622 -0.0968709638 1.55987126 0.611582622 -0.0220489452 1.55987126 0.599509449 -0.0239552386 1.56662271 0.601812894 -0.0239552386 1.56662271 0.601812894 -0.0239552386 1.55987126 0.599509449 -0.0239552386 1.55987126 0.588627673 -0.0291975457 1.56662271 0.601812894 -0.0239552386 1.55987126 0.588627673 -0.0291975457 1.57281817 0.592996284 -0.0291975457 1.57281817 0.592996284 -0.0291975457 1.55987126 0.588627673 -0.0291975457 1.55987126 0.579969917 -0.0374581507 1.57281817 0.592996284 -0.0291975457 1.55987126 0.579969917 -0.0374581507 1.57766333 0.586006522 -0.0374581507 1.57766333 0.586006522 -0.0374581507 1.55987126 0.579969917 -0.0374581507 1.55987126 0.574409909 -0.0479427648 1.57766333 0.586006522 -0.0374581507 1.55987126 0.574409909 -0.0479427648 1.58076106 0.581558524 -0.0479427648 1.58076106 0.581558524 -0.0479427648 1.55987126 0.574409909 -0.0479427648 1.55987126 0.572503596 -0.0594599545 1.58076106 0.581558524 -0.0479427648 1.55987126 0.572503596 -0.0594599545 1.58187306 0.579969917 -0.0594599545 1.58187306 0.579969917 -0.0594599545 1.55987126 0.572503596 -0.0594599545 1.55987126 0.574409909 -0.0709771442 1.58187306 0.579969917 -0.0594599545 1.55987126 0.574409909 -0.0709771442 1.58076106 0.581558524 -0.0709771442 1.58076106 0.581558524 -0.0709771442 1.55987126 0.574409909 -0.0709771442 1.55987126 0.579969917 -0.0814617583 1.58076106 0.581558524 -0.0709771442 1.55987126 0.579969917 -0.0814617583 1.57766333 0.586006522 -0.0814617583 1.57766333 0.586006522 -0.0814617583 1.55987126 0.579969917 -0.0814617583 1.55987126 0.588627673 -0.0897223633 1.57766333 0.586006522 -0.0814617583 1.55987126 0.588627673 -0.0897223633 1.57281817 0.592996284 -0.0897223633 1.57281817 0.592996284 -0.0897223633 1.55987126 0.588627673 -0.0897223633 1.55987126 0.599509449 -0.0949646704 1.57281817 0.592996284 -0.0897223633 1.55987126 0.599509449 -0.0949646704 1.56662271 0.601812894 -0.0949646704 1.56662271 0.601812894 -0.0949646704 1.55987126 0.599509449 -0.0949646704 1.55987126 0.611582622 -0.0968709638 1.55987126 0.611582622 -0.0220489452 1.5531198 0.601812894 -0.0239552386 1.55987126 0.599509449 -0.0239552386 1.55987126 0.599509449 -0.0239552386 1.5531198 0.601812894 -0.0239552386 1.54692435 0.592996284 -0.0291975457 1.55987126 0.599509449 -0.0239552386 1.54692435 0.592996284 -0.0291975457 1.55987126 0.588627673 -0.0291975457 1.55987126 0.588627673 -0.0291975457 1.54692435 0.592996284 -0.0291975457 1.54207918 0.586006522 -0.0374581507 1.55987126 0.588627673 -0.0291975457 1.54207918 0.586006522 -0.0374581507 1.55987126 0.579969917 -0.0374581507 1.55987126 0.579969917 -0.0374581507 1.54207918 0.586006522 -0.0374581507 1.53898146 0.581558524 -0.0479427648 1.55987126 0.579969917 -0.0374581507 1.53898146 0.581558524 -0.0479427648 1.55987126 0.574409909 -0.0479427648 1.55987126 0.574409909 -0.0479427648 1.53898146 0.581558524 -0.0479427648 1.53786945 0.579969917 -0.0594599545 1.55987126 0.574409909 -0.0479427648 1.53786945 0.579969917 -0.0594599545 1.55987126 0.572503596 -0.0594599545 1.55987126 0.572503596 -0.0594599545 1.53786945 0.579969917 -0.0594599545 1.53898146 0.581558524 -0.0709771442 1.55987126 0.572503596 -0.0594599545 1.53898146 0.581558524 -0.0709771442 1.55987126 0.574409909 -0.0709771442 1.55987126 0.574409909 -0.0709771442 1.53898146 0.581558524 -0.0709771442 1.54207918 0.586006522 -0.0814617583 1.55987126 0.574409909 -0.0709771442 1.54207918 0.586006522 -0.0814617583 1.55987126 0.579969917 -0.0814617583 1.55987126 0.579969917 -0.0814617583 1.54207918 0.586006522 -0.0814617583 1.54692435 0.592996284 -0.0897223633 1.55987126 0.579969917 -0.0814617583 1.54692435 0.592996284 -0.0897223633 1.55987126 0.588627673 -0.0897223633 1.55987126 0.588627673 -0.0897223633 1.54692435 0.592996284 -0.0897223633 1.5531198 0.601812894 -0.0949646704 1.55987126 0.588627673 -0.0897223633 1.5531198 0.601812894 -0.0949646704 1.55987126 0.599509449 -0.0949646704 1.55987126 0.599509449 -0.0949646704 1.5531198 0.601812894 -0.0949646704 1.55987126 0.611582622 -0.0968709638 1.55987126 0.611582622 -0.0220489452 1.54891007 0.607849461 -0.0239552386 1.5531198 0.601812894 -0.0239552386 1.5531198 0.601812894 -0.0239552386 1.54891007 0.607849461 -0.0239552386 1.53898146 0.604513472 -0.0291975457 1.5531198 0.601812894 -0.0239552386 1.53898146 0.604513472 -0.0291975457 1.54692435 0.592996284 -0.0291975457 1.54692435 0.592996284 -0.0291975457 1.53898146 0.604513472 -0.0291975457 1.531118 0.601812894 -0.0374581507 1.54692435 0.592996284 -0.0291975457 1.531118 0.601812894 -0.0374581507 1.54207918 0.586006522 -0.0374581507 1.54207918 0.586006522 -0.0374581507 1.531118 0.601812894 -0.0374581507 1.52603455 0.600144861 -0.0479427648 1.54207918 0.586006522 -0.0374581507 1.52603455 0.600144861 -0.0479427648 1.53898146 0.581558524 -0.0479427648 1.53898146 0.581558524 -0.0479427648 1.52603455 0.600144861 -0.0479427648 1.52436654 0.599509449 -0.0594599545 1.53898146 0.581558524 -0.0479427648 1.52436654 0.599509449 -0.0594599545 1.53786945 0.579969917 -0.0594599545 1.53786945 0.579969917 -0.0594599545 1.52436654 0.599509449 -0.0594599545 1.52603455 0.600144861 -0.0709771442 1.53786945 0.579969917 -0.0594599545 1.52603455 0.600144861 -0.0709771442 1.53898146 0.581558524 -0.0709771442 1.53898146 0.581558524 -0.0709771442 1.52603455 0.600144861 -0.0709771442 1.531118 0.601812894 -0.0814617583 1.53898146 0.581558524 -0.0709771442 1.531118 0.601812894 -0.0814617583 1.54207918 0.586006522 -0.0814617583 1.54207918 0.586006522 -0.0814617583 1.531118 0.601812894 -0.0814617583 1.53898146 0.604513472 -0.0897223633 1.54207918 0.586006522 -0.0814617583 1.53898146 0.604513472 -0.0897223633 1.54692435 0.592996284 -0.0897223633 1.54692435 0.592996284 -0.0897223633 1.53898146 0.604513472 -0.0897223633 1.54891007 0.607849461 -0.0949646704 1.54692435 0.592996284 -0.0897223633 1.54891007 0.607849461 -0.0949646704 1.5531198 0.601812894 -0.0949646704 1.5531198 0.601812894 -0.0949646704 1.54891007 0.607849461 -0.0949646704 1.55987126 0.611582622 -0.0968709638 1.55987126 0.611582622 -0.0220489452 1.54891007 0.615315782 -0.0239552386 1.54891007 0.607849461 -0.0239552386 1.54891007 0.607849461 -0.0239552386 1.54891007 0.615315782 -0.0239552386 1.53898146 0.61865181 -0.0291975457 1.54891007 0.607849461 -0.0239552386 1.53898146 0.61865181 -0.0291975457 1.53898146 0.604513472 -0.0291975457 1.53898146 0.604513472 -0.0291975457 1.53898146 0.61865181 -0.0291975457 1.531118 0.621352388 -0.0374581507 1.53898146 0.604513472 -0.0291975457 1.531118 0.621352388 -0.0374581507 1.531118 0.601812894 -0.0374581507 1.531118 0.601812894 -0.0374581507 1.531118 0.621352388 -0.0374581507 1.52603455 0.623099809 -0.0479427648 1.531118 0.601812894 -0.0374581507 1.52603455 0.623099809 -0.0479427648 1.52603455 0.600144861 -0.0479427648 1.52603455 0.600144861 -0.0479427648 1.52603455 0.623099809 -0.0479427648 1.52436654 0.623655833 -0.0594599545 1.52603455 0.600144861 -0.0479427648 1.52436654 0.623655833 -0.0594599545 1.52436654 0.599509449 -0.0594599545 1.52436654 0.599509449 -0.0594599545 1.52436654 0.623655833 -0.0594599545 1.52603455 0.623099809 -0.0709771442 1.52436654 0.599509449 -0.0594599545 1.52603455 0.623099809 -0.0709771442 1.52603455 0.600144861 -0.0709771442 1.52603455 0.600144861 -0.0709771442 1.52603455 0.623099809 -0.0709771442 1.531118 0.621352388 -0.0814617583 1.52603455 0.600144861 -0.0709771442 1.531118 0.621352388 -0.0814617583 1.531118 0.601812894 -0.0814617583 1.531118 0.601812894 -0.0814617583 1.531118 0.621352388 -0.0814617583 1.53898146 0.61865181 -0.0897223633 1.531118 0.601812894 -0.0814617583 1.53898146 0.61865181 -0.0897223633 1.53898146 0.604513472 -0.0897223633 1.53898146 0.604513472 -0.0897223633 1.53898146 0.61865181 -0.0897223633 1.54891007 0.615315782 -0.0949646704 1.53898146 0.604513472 -0.0897223633 1.54891007 0.615315782 -0.0949646704 1.54891007 0.607849461 -0.0949646704 1.54891007 0.607849461 -0.0949646704 1.54891007 0.615315782 -0.0949646704 1.55987126 0.611582622 -0.0968709638 1.55987126 0.611582622 -0.0220489452 1.5531198 0.621352388 -0.0239552386 1.54891007 0.615315782 -0.0239552386 1.54891007 0.615315782 -0.0239552386 1.5531198 0.621352388 -0.0239552386 1.54692435 0.630168997 -0.0291975457 1.54891007 0.615315782 -0.0239552386 1.54692435 0.630168997 -0.0291975457 1.53898146 0.61865181 -0.0291975457 1.53898146 0.61865181 -0.0291975457 1.54692435 0.630168997 -0.0291975457 1.54207918 0.637158721 -0.0374581507 1.53898146 0.61865181 -0.0291975457 1.54207918 0.637158721 -0.0374581507 1.531118 0.621352388 -0.0374581507 1.531118 0.621352388 -0.0374581507 1.54207918 0.637158721 -0.0374581507 1.53898146 0.641686185 -0.0479427648 1.531118 0.621352388 -0.0374581507 1.53898146 0.641686185 -0.0479427648 1.52603455 0.623099809 -0.0479427648 1.52603455 0.623099809 -0.0479427648 1.53898146 0.641686185 -0.0479427648 1.53786945 0.643195326 -0.0594599545 1.52603455 0.623099809 -0.0479427648 1.53786945 0.643195326 -0.0594599545 1.52436654 0.623655833 -0.0594599545 1.52436654 0.623655833 -0.0594599545 1.53786945 0.643195326 -0.0594599545 1.53898146 0.641686185 -0.0709771442 1.52436654 0.623655833 -0.0594599545 1.53898146 0.641686185 -0.0709771442 1.52603455 0.623099809 -0.0709771442 1.52603455 0.623099809 -0.0709771442 1.53898146 0.641686185 -0.0709771442 1.54207918 0.637158721 -0.0814617583 1.52603455 0.623099809 -0.0709771442 1.54207918 0.637158721 -0.0814617583 1.531118 0.621352388 -0.0814617583 1.531118 0.621352388 -0.0814617583 1.54207918 0.637158721 -0.0814617583 1.54692435 0.630168997 -0.0897223633 1.531118 0.621352388 -0.0814617583 1.54692435 0.630168997 -0.0897223633 1.53898146 0.61865181 -0.0897223633 1.53898146 0.61865181 -0.0897223633 1.54692435 0.630168997 -0.0897223633 1.5531198 0.621352388 -0.0949646704 1.53898146 0.61865181 -0.0897223633 1.5531198 0.621352388 -0.0949646704 1.54891007 0.615315782 -0.0949646704 1.54891007 0.615315782 -0.0949646704 1.5531198 0.621352388 -0.0949646704 1.55987126 0.611582622 -0.0968709638 1.55987126 0.611582622 -0.0220489452 1.55987126 0.623655833 -0.0239552386 1.5531198 0.621352388 -0.0239552386 1.5531198 0.621352388 -0.0239552386 1.55987126 0.623655833 -0.0239552386 1.55987126 0.63453757 -0.0291975457 1.5531198 0.621352388 -0.0239552386 1.55987126 0.63453757 -0.0291975457 1.54692435 0.630168997 -0.0291975457 1.54692435 0.630168997 -0.0291975457 1.55987126 0.63453757 -0.0291975457 1.55987126 0.643195326 -0.0374581507 1.54692435 0.630168997 -0.0291975457 1.55987126 0.643195326 -0.0374581507 1.54207918 0.637158721 -0.0374581507 1.54207918 0.637158721 -0.0374581507 1.55987126 0.643195326 -0.0374581507 1.55987126 0.648755334 -0.0479427648 1.54207918 0.637158721 -0.0374581507 1.55987126 0.648755334 -0.0479427648 1.53898146 0.641686185 -0.0479427648 1.53898146 0.641686185 -0.0479427648 1.55987126 0.648755334 -0.0479427648 1.55987126 0.650661647 -0.0594599545 1.53898146 0.641686185 -0.0479427648 1.55987126 0.650661647 -0.0594599545 1.53786945 0.643195326 -0.0594599545 1.53786945 0.643195326 -0.0594599545 1.55987126 0.650661647 -0.0594599545 1.55987126 0.648755334 -0.0709771442 1.53786945 0.643195326 -0.0594599545 1.55987126 0.648755334 -0.0709771442 1.53898146 0.641686185 -0.0709771442 1.53898146 0.641686185 -0.0709771442 1.55987126 0.648755334 -0.0709771442 1.55987126 0.643195326 -0.0814617583 1.53898146 0.641686185 -0.0709771442 1.55987126 0.643195326 -0.0814617583 1.54207918 0.637158721 -0.0814617583 1.54207918 0.637158721 -0.0814617583 1.55987126 0.643195326 -0.0814617583 1.55987126 0.63453757 -0.0897223633 1.54207918 0.637158721 -0.0814617583 1.55987126 0.63453757 -0.0897223633 1.54692435 0.630168997 -0.0897223633 1.54692435 0.630168997 -0.0897223633 1.55987126 0.63453757 -0.0897223633 1.55987126 0.623655833 -0.0949646704 1.54692435 0.630168997 -0.0897223633 1.55987126 0.623655833 -0.0949646704 1.5531198 0.621352388 -0.0949646704 1.5531198 0.621352388 -0.0949646704 1.55987126 0.623655833 -0.0949646704 1.55987126 0.611582622 -0.0968709638 1.55987126 -0.611582622 -0.0220489452 1.55987126 -0.623655833 -0.0239552386 1.56662271 -0.621352388 -0.0239552386 1.55987126 -0.623655833 -0.0239552386 1.57281817 -0.630168997 -0.0291975457 1.56662271 -0.621352388 -0.0239552386 1.55987126 -0.623655833 -0.0239552386 1.55987126 -0.63453757 -0.0291975457 1.57281817 -0.630168997 -0.0291975457 1.55987126 -0.63453757 -0.0291975457 1.57766333 -0.637158721 -0.0374581507 1.57281817 -0.630168997 -0.0291975457 1.55987126 -0.63453757 -0.0291975457 1.55987126 -0.643195326 -0.0374581507 1.57766333 -0.637158721 -0.0374581507 1.55987126 -0.643195326 -0.0374581507 1.58076106 -0.641686185 -0.0479427648 1.57766333 -0.637158721 -0.0374581507 1.55987126 -0.643195326 -0.0374581507 1.55987126 -0.648755334 -0.0479427648 1.58076106 -0.641686185 -0.0479427648 1.55987126 -0.648755334 -0.0479427648 1.58187306 -0.643195326 -0.0594599545 1.58076106 -0.641686185 -0.0479427648 1.55987126 -0.648755334 -0.0479427648 1.55987126 -0.650661647 -0.0594599545 1.58187306 -0.643195326 -0.0594599545 1.55987126 -0.650661647 -0.0594599545 1.58076106 -0.641686185 -0.0709771442 1.58187306 -0.643195326 -0.0594599545 1.55987126 -0.650661647 -0.0594599545 1.55987126 -0.648755334 -0.0709771442 1.58076106 -0.641686185 -0.0709771442 1.55987126 -0.648755334 -0.0709771442 1.57766333 -0.637158721 -0.0814617583 1.58076106 -0.641686185 -0.0709771442 1.55987126 -0.648755334 -0.0709771442 1.55987126 -0.643195326 -0.0814617583 1.57766333 -0.637158721 -0.0814617583 1.55987126 -0.643195326 -0.0814617583 1.57281817 -0.630168997 -0.0897223633 1.57766333 -0.637158721 -0.0814617583 1.55987126 -0.643195326 -0.0814617583 1.55987126 -0.63453757 -0.0897223633 1.57281817 -0.630168997 -0.0897223633 1.55987126 -0.63453757 -0.0897223633 1.56662271 -0.621352388 -0.0949646704 1.57281817 -0.630168997 -0.0897223633 1.55987126 -0.63453757 -0.0897223633 1.55987126 -0.623655833 -0.0949646704 1.56662271 -0.621352388 -0.0949646704 1.55987126 -0.623655833 -0.0949646704 1.55987126 -0.611582622 -0.0968709638 1.56662271 -0.621352388 -0.0949646704 1.55987126 -0.611582622 -0.0220489452 1.56662271 -0.621352388 -0.0239552386 1.57083244 -0.615315782 -0.0239552386 1.56662271 -0.621352388 -0.0239552386 1.58076106 -0.61865181 -0.0291975457 1.57083244 -0.615315782 -0.0239552386 1.56662271 -0.621352388 -0.0239552386 1.57281817 -0.630168997 -0.0291975457 1.58076106 -0.61865181 -0.0291975457 1.57281817 -0.630168997 -0.0291975457 1.58862452 -0.621352388 -0.0374581507 1.58076106 -0.61865181 -0.0291975457 1.57281817 -0.630168997 -0.0291975457 1.57766333 -0.637158721 -0.0374581507 1.58862452 -0.621352388 -0.0374581507 1.57766333 -0.637158721 -0.0374581507 1.59370797 -0.623099809 -0.0479427648 1.58862452 -0.621352388 -0.0374581507 1.57766333 -0.637158721 -0.0374581507 1.58076106 -0.641686185 -0.0479427648 1.59370797 -0.623099809 -0.0479427648 1.58076106 -0.641686185 -0.0479427648 1.59537597 -0.623655833 -0.0594599545 1.59370797 -0.623099809 -0.0479427648 1.58076106 -0.641686185 -0.0479427648 1.58187306 -0.643195326 -0.0594599545 1.59537597 -0.623655833 -0.0594599545 1.58187306 -0.643195326 -0.0594599545 1.59370797 -0.623099809 -0.0709771442 1.59537597 -0.623655833 -0.0594599545 1.58187306 -0.643195326 -0.0594599545 1.58076106 -0.641686185 -0.0709771442 1.59370797 -0.623099809 -0.0709771442 1.58076106 -0.641686185 -0.0709771442 1.58862452 -0.621352388 -0.0814617583 1.59370797 -0.623099809 -0.0709771442 1.58076106 -0.641686185 -0.0709771442 1.57766333 -0.637158721 -0.0814617583 1.58862452 -0.621352388 -0.0814617583 1.57766333 -0.637158721 -0.0814617583 1.58076106 -0.61865181 -0.0897223633 1.58862452 -0.621352388 -0.0814617583 1.57766333 -0.637158721 -0.0814617583 1.57281817 -0.630168997 -0.0897223633 1.58076106 -0.61865181 -0.0897223633 1.57281817 -0.630168997 -0.0897223633 1.57083244 -0.615315782 -0.0949646704 1.58076106 -0.61865181 -0.0897223633 1.57281817 -0.630168997 -0.0897223633 1.56662271 -0.621352388 -0.0949646704 1.57083244 -0.615315782 -0.0949646704 1.56662271 -0.621352388 -0.0949646704 1.55987126 -0.611582622 -0.0968709638 1.57083244 -0.615315782 -0.0949646704 1.55987126 -0.611582622 -0.0220489452 1.57083244 -0.615315782 -0.0239552386 1.57083244 -0.607849461 -0.0239552386 1.57083244 -0.615315782 -0.0239552386 1.58076106 -0.604513472 -0.0291975457 1.57083244 -0.607849461 -0.0239552386 1.57083244 -0.615315782 -0.0239552386 1.58076106 -0.61865181 -0.0291975457 1.58076106 -0.604513472 -0.0291975457 1.58076106 -0.61865181 -0.0291975457 1.58862452 -0.601812894 -0.0374581507 1.58076106 -0.604513472 -0.0291975457 1.58076106 -0.61865181 -0.0291975457 1.58862452 -0.621352388 -0.0374581507 1.58862452 -0.601812894 -0.0374581507 1.58862452 -0.621352388 -0.0374581507 1.59370797 -0.600144861 -0.0479427648 1.58862452 -0.601812894 -0.0374581507 1.58862452 -0.621352388 -0.0374581507 1.59370797 -0.623099809 -0.0479427648 1.59370797 -0.600144861 -0.0479427648 1.59370797 -0.623099809 -0.0479427648 1.59537597 -0.599509449 -0.0594599545 1.59370797 -0.600144861 -0.0479427648 1.59370797 -0.623099809 -0.0479427648 1.59537597 -0.623655833 -0.0594599545 1.59537597 -0.599509449 -0.0594599545 1.59537597 -0.623655833 -0.0594599545 1.59370797 -0.600144861 -0.0709771442 1.59537597 -0.599509449 -0.0594599545 1.59537597 -0.623655833 -0.0594599545 1.59370797 -0.623099809 -0.0709771442 1.59370797 -0.600144861 -0.0709771442 1.59370797 -0.623099809 -0.0709771442 1.58862452 -0.601812894 -0.0814617583 1.59370797 -0.600144861 -0.0709771442 1.59370797 -0.623099809 -0.0709771442 1.58862452 -0.621352388 -0.0814617583 1.58862452 -0.601812894 -0.0814617583 1.58862452 -0.621352388 -0.0814617583 1.58076106 -0.604513472 -0.0897223633 1.58862452 -0.601812894 -0.0814617583 1.58862452 -0.621352388 -0.0814617583 1.58076106 -0.61865181 -0.0897223633 1.58076106 -0.604513472 -0.0897223633 1.58076106 -0.61865181 -0.0897223633 1.57083244 -0.607849461 -0.0949646704 1.58076106 -0.604513472 -0.0897223633 1.58076106 -0.61865181 -0.0897223633 1.57083244 -0.615315782 -0.0949646704 1.57083244 -0.607849461 -0.0949646704 1.57083244 -0.615315782 -0.0949646704 1.55987126 -0.611582622 -0.0968709638 1.57083244 -0.607849461 -0.0949646704 1.55987126 -0.611582622 -0.0220489452 1.57083244 -0.607849461 -0.0239552386 1.56662271 -0.601812894 -0.0239552386 1.57083244 -0.607849461 -0.0239552386 1.57281817 -0.592996284 -0.0291975457 1.56662271 -0.601812894 -0.0239552386 1.57083244 -0.607849461 -0.0239552386 1.58076106 -0.604513472 -0.0291975457 1.57281817 -0.592996284 -0.0291975457 1.58076106 -0.604513472 -0.0291975457 1.57766333 -0.586006522 -0.0374581507 1.57281817 -0.592996284 -0.0291975457 1.58076106 -0.604513472 -0.0291975457 1.58862452 -0.601812894 -0.0374581507 1.57766333 -0.586006522 -0.0374581507 1.58862452 -0.601812894 -0.0374581507 1.58076106 -0.581558524 -0.0479427648 1.57766333 -0.586006522 -0.0374581507 1.58862452 -0.601812894 -0.0374581507 1.59370797 -0.600144861 -0.0479427648 1.58076106 -0.581558524 -0.0479427648 1.59370797 -0.600144861 -0.0479427648 1.58187306 -0.579969917 -0.0594599545 1.58076106 -0.581558524 -0.0479427648 1.59370797 -0.600144861 -0.0479427648 1.59537597 -0.599509449 -0.0594599545 1.58187306 -0.579969917 -0.0594599545 1.59537597 -0.599509449 -0.0594599545 1.58076106 -0.581558524 -0.0709771442 1.58187306 -0.579969917 -0.0594599545 1.59537597 -0.599509449 -0.0594599545 1.59370797 -0.600144861 -0.0709771442 1.58076106 -0.581558524 -0.0709771442 1.59370797 -0.600144861 -0.0709771442 1.57766333 -0.586006522 -0.0814617583 1.58076106 -0.581558524 -0.0709771442 1.59370797 -0.600144861 -0.0709771442 1.58862452 -0.601812894 -0.0814617583 1.57766333 -0.586006522 -0.0814617583 1.58862452 -0.601812894 -0.0814617583 1.57281817 -0.592996284 -0.0897223633 1.57766333 -0.586006522 -0.0814617583 1.58862452 -0.601812894 -0.0814617583 1.58076106 -0.604513472 -0.0897223633 1.57281817 -0.592996284 -0.0897223633 1.58076106 -0.604513472 -0.0897223633 1.56662271 -0.601812894 -0.0949646704 1.57281817 -0.592996284 -0.0897223633 1.58076106 -0.604513472 -0.0897223633 1.57083244 -0.607849461 -0.0949646704 1.56662271 -0.601812894 -0.0949646704 1.57083244 -0.607849461 -0.0949646704 1.55987126 -0.611582622 -0.0968709638 1.56662271 -0.601812894 -0.0949646704 1.55987126 -0.611582622 -0.0220489452 1.56662271 -0.601812894 -0.0239552386 1.55987126 -0.599509449 -0.0239552386 1.56662271 -0.601812894 -0.0239552386 1.55987126 -0.588627673 -0.0291975457 1.55987126 -0.599509449 -0.0239552386 1.56662271 -0.601812894 -0.0239552386 1.57281817 -0.592996284 -0.0291975457 1.55987126 -0.588627673 -0.0291975457 1.57281817 -0.592996284 -0.0291975457 1.55987126 -0.579969917 -0.0374581507 1.55987126 -0.588627673 -0.0291975457 1.57281817 -0.592996284 -0.0291975457 1.57766333 -0.586006522 -0.0374581507 1.55987126 -0.579969917 -0.0374581507 1.57766333 -0.586006522 -0.0374581507 1.55987126 -0.574409909 -0.0479427648 1.55987126 -0.579969917 -0.0374581507 1.57766333 -0.586006522 -0.0374581507 1.58076106 -0.581558524 -0.0479427648 1.55987126 -0.574409909 -0.0479427648 1.58076106 -0.581558524 -0.0479427648 1.55987126 -0.572503596 -0.0594599545 1.55987126 -0.574409909 -0.0479427648 1.58076106 -0.581558524 -0.0479427648 1.58187306 -0.579969917 -0.0594599545 1.55987126 -0.572503596 -0.0594599545 1.58187306 -0.579969917 -0.0594599545 1.55987126 -0.574409909 -0.0709771442 1.55987126 -0.572503596 -0.0594599545 1.58187306 -0.579969917 -0.0594599545 1.58076106 -0.581558524 -0.0709771442 1.55987126 -0.574409909 -0.0709771442 1.58076106 -0.581558524 -0.0709771442 1.55987126 -0.579969917 -0.0814617583 1.55987126 -0.574409909 -0.0709771442 1.58076106 -0.581558524 -0.0709771442 1.57766333 -0.586006522 -0.0814617583 1.55987126 -0.579969917 -0.0814617583 1.57766333 -0.586006522 -0.0814617583 1.55987126 -0.588627673 -0.0897223633 1.55987126 -0.579969917 -0.0814617583 1.57766333 -0.586006522 -0.0814617583 1.57281817 -0.592996284 -0.0897223633 1.55987126 -0.588627673 -0.0897223633 1.57281817 -0.592996284 -0.0897223633 1.55987126 -0.599509449 -0.0949646704 1.55987126 -0.588627673 -0.0897223633 1.57281817 -0.592996284 -0.0897223633 1.56662271 -0.601812894 -0.0949646704 1.55987126 -0.599509449 -0.0949646704 1.56662271 -0.601812894 -0.0949646704 1.55987126 -0.611582622 -0.0968709638 1.55987126 -0.599509449 -0.0949646704 1.55987126 -0.611582622 -0.0220489452 1.55987126 -0.599509449 -0.0239552386 1.5531198 -0.601812894 -0.0239552386 1.55987126 -0.599509449 -0.0239552386 1.54692435 -0.592996284 -0.0291975457 1.5531198 -0.601812894 -0.0239552386 1.55987126 -0.599509449 -0.0239552386 1.55987126 -0.588627673 -0.0291975457 1.54692435 -0.592996284 -0.0291975457 1.55987126 -0.588627673 -0.0291975457 1.54207918 -0.586006522 -0.0374581507 1.54692435 -0.592996284 -0.0291975457 1.55987126 -0.588627673 -0.0291975457 1.55987126 -0.579969917 -0.0374581507 1.54207918 -0.586006522 -0.0374581507 1.55987126 -0.579969917 -0.0374581507 1.53898146 -0.581558524 -0.0479427648 1.54207918 -0.586006522 -0.0374581507 1.55987126 -0.579969917 -0.0374581507 1.55987126 -0.574409909 -0.0479427648 1.53898146 -0.581558524 -0.0479427648 1.55987126 -0.574409909 -0.0479427648 1.53786945 -0.579969917 -0.0594599545 1.53898146 -0.581558524 -0.0479427648 1.55987126 -0.574409909 -0.0479427648 1.55987126 -0.572503596 -0.0594599545 1.53786945 -0.579969917 -0.0594599545 1.55987126 -0.572503596 -0.0594599545 1.53898146 -0.581558524 -0.0709771442 1.53786945 -0.579969917 -0.0594599545 1.55987126 -0.572503596 -0.0594599545 1.55987126 -0.574409909 -0.0709771442 1.53898146 -0.581558524 -0.0709771442 1.55987126 -0.574409909 -0.0709771442 1.54207918 -0.586006522 -0.0814617583 1.53898146 -0.581558524 -0.0709771442 1.55987126 -0.574409909 -0.0709771442 1.55987126 -0.579969917 -0.0814617583 1.54207918 -0.586006522 -0.0814617583 1.55987126 -0.579969917 -0.0814617583 1.54692435 -0.592996284 -0.0897223633 1.54207918 -0.586006522 -0.0814617583 1.55987126 -0.579969917 -0.0814617583 1.55987126 -0.588627673 -0.0897223633 1.54692435 -0.592996284 -0.0897223633 1.55987126 -0.588627673 -0.0897223633 1.5531198 -0.601812894 -0.0949646704 1.54692435 -0.592996284 -0.0897223633 1.55987126 -0.588627673 -0.0897223633 1.55987126 -0.599509449 -0.0949646704 1.5531198 -0.601812894 -0.0949646704 1.55987126 -0.599509449 -0.0949646704 1.55987126 -0.611582622 -0.0968709638 1.5531198 -0.601812894 -0.0949646704 1.55987126 -0.611582622 -0.0220489452 1.5531198 -0.601812894 -0.0239552386 1.54891007 -0.607849461 -0.0239552386 1.5531198 -0.601812894 -0.0239552386 1.53898146 -0.604513472 -0.0291975457 1.54891007 -0.607849461 -0.0239552386 1.5531198 -0.601812894 -0.0239552386 1.54692435 -0.592996284 -0.0291975457 1.53898146 -0.604513472 -0.0291975457 1.54692435 -0.592996284 -0.0291975457 1.531118 -0.601812894 -0.0374581507 1.53898146 -0.604513472 -0.0291975457 1.54692435 -0.592996284 -0.0291975457 1.54207918 -0.586006522 -0.0374581507 1.531118 -0.601812894 -0.0374581507 1.54207918 -0.586006522 -0.0374581507 1.52603455 -0.600144861 -0.0479427648 1.531118 -0.601812894 -0.0374581507 1.54207918 -0.586006522 -0.0374581507 1.53898146 -0.581558524 -0.0479427648 1.52603455 -0.600144861 -0.0479427648 1.53898146 -0.581558524 -0.0479427648 1.52436654 -0.599509449 -0.0594599545 1.52603455 -0.600144861 -0.0479427648 1.53898146 -0.581558524 -0.0479427648 1.53786945 -0.579969917 -0.0594599545 1.52436654 -0.599509449 -0.0594599545 1.53786945 -0.579969917 -0.0594599545 1.52603455 -0.600144861 -0.0709771442 1.52436654 -0.599509449 -0.0594599545 1.53786945 -0.579969917 -0.0594599545 1.53898146 -0.581558524 -0.0709771442 1.52603455 -0.600144861 -0.0709771442 1.53898146 -0.581558524 -0.0709771442 1.531118 -0.601812894 -0.0814617583 1.52603455 -0.600144861 -0.0709771442 1.53898146 -0.581558524 -0.0709771442 1.54207918 -0.586006522 -0.0814617583 1.531118 -0.601812894 -0.0814617583 1.54207918 -0.586006522 -0.0814617583 1.53898146 -0.604513472 -0.0897223633 1.531118 -0.601812894 -0.0814617583 1.54207918 -0.586006522 -0.0814617583 1.54692435 -0.592996284 -0.0897223633 1.53898146 -0.604513472 -0.0897223633 1.54692435 -0.592996284 -0.0897223633 1.54891007 -0.607849461 -0.0949646704 1.53898146 -0.604513472 -0.0897223633 1.54692435 -0.592996284 -0.0897223633 1.5531198 -0.601812894 -0.0949646704 1.54891007 -0.607849461 -0.0949646704 1.5531198 -0.601812894 -0.0949646704 1.55987126 -0.611582622 -0.0968709638 1.54891007 -0.607849461 -0.0949646704 1.55987126 -0.611582622 -0.0220489452 1.54891007 -0.607849461 -0.0239552386 1.54891007 -0.615315782 -0.0239552386 1.54891007 -0.607849461 -0.0239552386 1.53898146 -0.61865181 -0.0291975457 1.54891007 -0.615315782 -0.0239552386 1.54891007 -0.607849461 -0.0239552386 1.53898146 -0.604513472 -0.0291975457 1.53898146 -0.61865181 -0.0291975457 1.53898146 -0.604513472 -0.0291975457 1.531118 -0.621352388 -0.0374581507 1.53898146 -0.61865181 -0.0291975457 1.53898146 -0.604513472 -0.0291975457 1.531118 -0.601812894 -0.0374581507 1.531118 -0.621352388 -0.0374581507 1.531118 -0.601812894 -0.0374581507 1.52603455 -0.623099809 -0.0479427648 1.531118 -0.621352388 -0.0374581507 1.531118 -0.601812894 -0.0374581507 1.52603455 -0.600144861 -0.0479427648 1.52603455 -0.623099809 -0.0479427648 1.52603455 -0.600144861 -0.0479427648 1.52436654 -0.623655833 -0.0594599545 1.52603455 -0.623099809 -0.0479427648 1.52603455 -0.600144861 -0.0479427648 1.52436654 -0.599509449 -0.0594599545 1.52436654 -0.623655833 -0.0594599545 1.52436654 -0.599509449 -0.0594599545 1.52603455 -0.623099809 -0.0709771442 1.52436654 -0.623655833 -0.0594599545 1.52436654 -0.599509449 -0.0594599545 1.52603455 -0.600144861 -0.0709771442 1.52603455 -0.623099809 -0.0709771442 1.52603455 -0.600144861 -0.0709771442 1.531118 -0.621352388 -0.0814617583 1.52603455 -0.623099809 -0.0709771442 1.52603455 -0.600144861 -0.0709771442 1.531118 -0.601812894 -0.0814617583 1.531118 -0.621352388 -0.0814617583 1.531118 -0.601812894 -0.0814617583 1.53898146 -0.61865181 -0.0897223633 1.531118 -0.621352388 -0.0814617583 1.531118 -0.601812894 -0.0814617583 1.53898146 -0.604513472 -0.0897223633 1.53898146 -0.61865181 -0.0897223633 1.53898146 -0.604513472 -0.0897223633 1.54891007 -0.615315782 -0.0949646704 1.53898146 -0.61865181 -0.0897223633 1.53898146 -0.604513472 -0.0897223633 1.54891007 -0.607849461 -0.0949646704 1.54891007 -0.615315782 -0.0949646704 1.54891007 -0.607849461 -0.0949646704 1.55987126 -0.611582622 -0.0968709638 1.54891007 -0.615315782 -0.0949646704 1.55987126 -0.611582622 -0.0220489452 1.54891007 -0.615315782 -0.0239552386 1.5531198 -0.621352388 -0.0239552386 1.54891007 -0.615315782 -0.0239552386 1.54692435 -0.630168997 -0.0291975457 1.5531198 -0.621352388 -0.0239552386 1.54891007 -0.615315782 -0.0239552386 1.53898146 -0.61865181 -0.0291975457 1.54692435 -0.630168997 -0.0291975457 1.53898146 -0.61865181 -0.0291975457 1.54207918 -0.637158721 -0.0374581507 1.54692435 -0.630168997 -0.0291975457 1.53898146 -0.61865181 -0.0291975457 1.531118 -0.621352388 -0.0374581507 1.54207918 -0.637158721 -0.0374581507 1.531118 -0.621352388 -0.0374581507 1.53898146 -0.641686185 -0.0479427648 1.54207918 -0.637158721 -0.0374581507 1.531118 -0.621352388 -0.0374581507 1.52603455 -0.623099809 -0.0479427648 1.53898146 -0.641686185 -0.0479427648 1.52603455 -0.623099809 -0.0479427648 1.53786945 -0.643195326 -0.0594599545 1.53898146 -0.641686185 -0.0479427648 1.52603455 -0.623099809 -0.0479427648 1.52436654 -0.623655833 -0.0594599545 1.53786945 -0.643195326 -0.0594599545 1.52436654 -0.623655833 -0.0594599545 1.53898146 -0.641686185 -0.0709771442 1.53786945 -0.643195326 -0.0594599545 1.52436654 -0.623655833 -0.0594599545 1.52603455 -0.623099809 -0.0709771442 1.53898146 -0.641686185 -0.0709771442 1.52603455 -0.623099809 -0.0709771442 1.54207918 -0.637158721 -0.0814617583 1.53898146 -0.641686185 -0.0709771442 1.52603455 -0.623099809 -0.0709771442 1.531118 -0.621352388 -0.0814617583 1.54207918 -0.637158721 -0.0814617583 1.531118 -0.621352388 -0.0814617583 1.54692435 -0.630168997 -0.0897223633 1.54207918 -0.637158721 -0.0814617583 1.531118 -0.621352388 -0.0814617583 1.53898146 -0.61865181 -0.0897223633 1.54692435 -0.630168997 -0.0897223633 1.53898146 -0.61865181 -0.0897223633 1.5531198 -0.621352388 -0.0949646704 1.54692435 -0.630168997 -0.0897223633 1.53898146 -0.61865181 -0.0897223633 1.54891007 -0.615315782 -0.0949646704 1.5531198 -0.621352388 -0.0949646704 1.54891007 -0.615315782 -0.0949646704 1.55987126 -0.611582622 -0.0968709638 1.5531198 -0.621352388 -0.0949646704 1.55987126 -0.611582622 -0.0220489452 1.5531198 -0.621352388 -0.0239552386 1.55987126 -0.623655833 -0.0239552386 1.5531198 -0.621352388 -0.0239552386 1.55987126 -0.63453757 -0.0291975457 1.55987126 -0.623655833 -0.0239552386 1.5531198 -0.621352388 -0.0239552386 1.54692435 -0.630168997 -0.0291975457 1.55987126 -0.63453757 -0.0291975457 1.54692435 -0.630168997 -0.0291975457 1.55987126 -0.643195326 -0.0374581507 1.55987126 -0.63453757 -0.0291975457 1.54692435 -0.630168997 -0.0291975457 1.54207918 -0.637158721 -0.0374581507 1.55987126 -0.643195326 -0.0374581507 1.54207918 -0.637158721 -0.0374581507 1.55987126 -0.648755334 -0.0479427648 1.55987126 -0.643195326 -0.0374581507 1.54207918 -0.637158721 -0.0374581507 1.53898146 -0.641686185 -0.0479427648 1.55987126 -0.648755334 -0.0479427648 1.53898146 -0.641686185 -0.0479427648 1.55987126 -0.650661647 -0.0594599545 1.55987126 -0.648755334 -0.0479427648 1.53898146 -0.641686185 -0.0479427648 1.53786945 -0.643195326 -0.0594599545 1.55987126 -0.650661647 -0.0594599545 1.53786945 -0.643195326 -0.0594599545 1.55987126 -0.648755334 -0.0709771442 1.55987126 -0.650661647 -0.0594599545 1.53786945 -0.643195326 -0.0594599545 1.53898146 -0.641686185 -0.0709771442 1.55987126 -0.648755334 -0.0709771442 1.53898146 -0.641686185 -0.0709771442 1.55987126 -0.643195326 -0.0814617583 1.55987126 -0.648755334 -0.0709771442 1.53898146 -0.641686185 -0.0709771442 1.54207918 -0.637158721 -0.0814617583 1.55987126 -0.643195326 -0.0814617583 1.54207918 -0.637158721 -0.0814617583 1.55987126 -0.63453757 -0.0897223633 1.55987126 -0.643195326 -0.0814617583 1.54207918 -0.637158721 -0.0814617583 1.54692435 -0.630168997 -0.0897223633 1.55987126 -0.63453757 -0.0897223633 1.54692435 -0.630168997 -0.0897223633 1.55987126 -0.623655833 -0.0949646704 1.55987126 -0.63453757 -0.0897223633 1.54692435 -0.630168997 -0.0897223633 1.5531198 -0.621352388 -0.0949646704 1.55987126 -0.623655833 -0.0949646704 1.5531198 -0.621352388 -0.0949646704 1.55987126 -0.611582622 -0.0968709638 1.55987126 -0.623655833 -0.0949646704</float_array><technique_common><accessor source="#part0-positions-array" count="1080" stride="3"><param name="X" type="float" /><param name="Y" type="float" /><param name="Z" type="float" /></accessor></technique_common></source><source id="part0-normals"><float_array id="part0-normals-array" count="3240">0.0531356741 0.155742001 0.986367593 0.0531356741 0.155742001 0.986367593 0.0531356741 0.155742001 0.986367593 0.145960452 0.427813766 0.892003883 0.145960452 0.427813766 0.892003883 0.145960452 0.427813766 0.892003883 0.144900332 0.42943356 0.891398178 0.144900332 0.42943356 0.891398178 0.144900332 0.42943356 0.891398178 0.227287462 0.673600002 0.703280489 0.227287462 0.673600002 0.703280489 0.227287462 0.673600002 0.703280489 0.22804389 0.672128279 0.704442731 0.22804389 0.672128279 0.704442731 0.22804389 0.672128279 0.704442731 0.286933055 0.845696067 0.449963982 0.286933055 0.845696067 0.449963982 0.286933055 0.845696067 0.449963982 0.286438452 0.846444329 0.448870818 0.286438452 0.846444329 0.448870818 0.286438452 0.846444329 0.448870818 0.316759739 0.936045712 0.153237374 0.316759739 0.936045712 0.153237374 0.316759739 0.936045712 0.153237374 0.317475173 0.935537936 0.154849233 0.317475173 0.935537936 0.154849233 0.317475173 0.935537936 0.154849233 0.317553907 0.935769948 -0.153277918 0.317553907 0.935769948 -0.153277918 0.317553907 0.935769948 -0.153277918 0.316676997 0.935801206 -0.15489281 0.316676997 0.935801206 -0.15489281 0.316676997 0.935801206 -0.15489281 0.286275053 0.845961475 -0.449884181 0.286275053 0.845961475 -0.449884181 0.286275053 0.845961475 -0.449884181 0.287125299 0.846262678 -0.448774489 0.287125299 0.846262678 -0.448774489 0.287125299 0.846262678 -0.448774489 0.228359587 0.673058756 -0.703451356 0.228359587 0.673058756 -0.703451356 0.228359587 0.673058756 -0.703451356 0.226855523 0.67231989 -0.704643553 0.226855523 0.67231989 -0.704643553 0.226855523 0.67231989 -0.704643553 0.144632486 0.428639758 -0.891823638 0.144632486 0.428639758 -0.891823638 0.144632486 0.428639758 -0.891823638 0.146478672 0.429332683 -0.891188782 0.146478672 0.429332683 -0.891188782 0.146478672 0.429332683 -0.891188782 0.0531356741 0.155742001 -0.986367593 0.0531356741 0.155742001 -0.986367593 0.0531356741 0.155742001 -0.986367593 0.138516376 0.0965967915 0.985638003 0.138516376 0.0965967915 0.985638003 0.138516376 0.0965967915 0.985638003 0.379287285 0.26450255 0.88666767 0.379287285 0.26450255 0.88666767 0.379287285 0.26450255 0.88666767 0.37907211 0.261429096 0.887670639 0.37907211 0.261429096 0.887670639 0.37907211 0.261429096 0.887670639 0.591119756 0.407668883 0.695976663 0.591119756 0.407668883 0.695976663 0.591119756 0.407668883 0.695976663 0.591563556 0.410230444 0.694091883 0.591563556 0.410230444 0.694091883 0.591563556 0.410230444 0.694091883 0.736927719 0.511035851 0.442470221 0.736927719 0.511035851 0.442470221 0.736927719 0.511035851 0.442470221 0.737061404 0.513422713 0.439474236 0.737061404 0.513422713 0.439474236 0.737061404 0.513422713 0.439474236 0.811889599 0.565546586 0.144887331 0.811889599 0.565546586 0.144887331 0.811889599 0.565546586 0.144887331 0.813097314 0.561896936 0.152133467 0.813097314 0.561896936 0.152133467 0.813097314 0.561896936 0.152133467 0.813973876 0.562502691 -0.14504224 0.813973876 0.562502691 -0.14504224 0.813973876 0.562502691 -0.14504224 0.810972739 0.564907919 -0.152322877 0.810972739 0.564907919 -0.152322877 0.810972739 0.564907919 -0.152322877 0.735939253 0.512641044 -0.442258495 0.735939253 0.512641044 -0.442258495 0.735939253 0.512641044 -0.442258495 0.738251035 0.511953529 -0.439191295 0.738251035 0.511953529 -0.439191295 0.738251035 0.511953529 -0.439191295 0.59027366 0.409335942 -0.695716244 0.59027366 0.409335942 -0.695716244 0.59027366 0.409335942 -0.695716244 0.592896446 0.408894187 -0.693742998 0.592896446 0.408894187 -0.693742998 0.592896446 0.408894187 -0.693742998 0.380207789 0.262212324 -0.886953626 0.380207789 0.262212324 -0.886953626 0.380207789 0.262212324 -0.886953626 0.37713672 0.263002817 -0.888030074 0.37713672 0.263002817 -0.888030074 0.37713672 0.263002817 -0.888030074 0.138516376 0.0965967915 -0.985638003 0.138516376 0.0965967915 -0.985638003 0.138516376 0.0965967915 -0.985638003 0.171341175 -0 0.985211755 0.171341175 -0 0.985211755 0.171341175 -0 0.985211755 0.466912312 0 0.884303621 0.466912312 0 0.884303621 0.466912312 0 0.884303621 0.466912312 -0 0.884303621 0.466912312 -0 0.884303621 0.466912312 -0 0.884303621 0.724303533 0 0.689481248 0.724303533 0 0.689481248 0.724303533 0 0.689481248 0.724303533 -0 0.689481248 0.724303533 -0 0.689481248 0.724303533 -0 0.689481248 0.899814107 0 0.436273507 0.899814107 0 0.436273507 0.899814107 0 0.436273507 0.899814107 -0 0.436273507 0.899814107 -0 0.436273507 0.899814107 -0 0.436273507 0.989674635 0 0.143332189 0.989674635 0 0.143332189 0.989674635 0 0.143332189 0.989674635 -0 0.143332189 0.989674635 -0 0.143332189 0.989674635 -0 0.143332189 0.989674635 0 -0.143332189 0.989674635 0 -0.143332189 0.989674635 0 -0.143332189 0.989674635 0 -0.143332189 0.989674635 0 -0.143332189 0.989674635 0 -0.143332189 0.899814107 0 -0.436273507 0.899814107 0 -0.436273507 0.899814107 0 -0.436273507 0.899814107 0 -0.436273507 0.899814107 0 -0.436273507 0.899814107 0 -0.436273507 0.724303533 0 -0.689481248 0.724303533 0 -0.689481248 0.724303533 0 -0.689481248 0.724303533 0 -0.689481248 0.724303533 0 -0.689481248 0.724303533 0 -0.689481248 0.466912312 0 -0.884303621 0.466912312 0 -0.884303621 0.466912312 0 -0.884303621 0.466912312 0 -0.884303621 0.466912312 0 -0.884303621 0.466912312 0 -0.884303621 0.171341175 0 -0.985211755 0.171341175 0 -0.985211755 0.171341175 0 -0.985211755 0.138516202 -0.0965972906 0.985637979 0.138516202 -0.0965972906 0.985637979 0.138516202 -0.0965972906 0.985637979 0.377135601 -0.263003726 0.88803028 0.377135601 -0.263003726 0.88803028 0.377135601 -0.263003726 0.88803028 0.380208444 -0.262212775 0.886953212 0.380208444 -0.262212775 0.886953212 0.380208444 -0.262212775 0.886953212 0.592895657 -0.408893642 0.693743994 0.592895657 -0.408893642 0.693743994 0.592895657 -0.408893642 0.693743994 0.590274038 -0.4093352 0.695716361 0.590274038 -0.4093352 0.695716361 0.590274038 -0.4093352 0.695716361 0.739507418 -0.512823532 0.436051378 0.739507418 -0.512823532 0.436051378 0.739507418 -0.512823532 0.436051378 0.737199857 -0.513520228 0.439127939 0.737199857 -0.513520228 0.439127939 0.737199857 -0.513520228 0.439127939 0.810484977 -0.564569332 0.15612678 0.810484977 -0.564569332 0.15612678 0.810484977 -0.564569332 0.15612678 0.813510914 -0.562181641 0.148834794 0.813510914 -0.562181641 0.148834794 0.813510914 -0.562181641 0.148834794 0.812612593 -0.561560851 -0.155917234 0.812612593 -0.561560851 -0.155917234 0.812612593 -0.561560851 -0.155917234 0.811424713 -0.565223935 -0.1487005 0.811424713 -0.565223935 -0.1487005 0.811424713 -0.565223935 -0.1487005 0.738318967 -0.51429978 -0.436326529 0.738318967 -0.51429978 -0.436326529 0.738318967 -0.51429978 -0.436326529 0.738187677 -0.511908336 -0.439350441 0.738187677 -0.511908336 -0.439350441 0.738187677 -0.511908336 -0.439350441 0.591563359 -0.410229301 -0.694092726 0.591563359 -0.410229301 -0.694092726 0.591563359 -0.410229301 -0.694092726 0.591119756 -0.407668883 -0.695976663 0.591119756 -0.407668883 -0.695976663 0.591119756 -0.407668883 -0.695976663 0.37907211 -0.261429096 -0.887670639 0.37907211 -0.261429096 -0.887670639 0.37907211 -0.261429096 -0.887670639 0.379287409 -0.264504336 -0.886667084 0.379287409 -0.264504336 -0.886667084 0.379287409 -0.264504336 -0.886667084 0.138516202 -0.0965972906 -0.985637979 0.138516202 -0.0965972906 -0.985637979 0.138516202 -0.0965972906 -0.985637979 0.0531358402 -0.155742488 0.986367508 0.0531358402 -0.155742488 0.986367508 0.0531358402 -0.155742488 0.986367508 0.146478257 -0.429331468 0.891189436 0.146478257 -0.429331468 0.891189436 0.146478257 -0.429331468 0.891189436 0.144633547 -0.428639099 0.891823783 0.144633547 -0.428639099 0.891823783 0.144633547 -0.428639099 0.891823783 0.226857434 -0.672319583 0.704643231 0.226857434 -0.672319583 0.704643231 0.226857434 -0.672319583 0.704643231 0.22835908 -0.67305726 0.703452952 0.22835908 -0.67305726 0.703452952 0.22835908 -0.67305726 0.703452952 0.287125299 -0.846262678 0.448774489 0.287125299 -0.846262678 0.448774489 0.287125299 -0.846262678 0.448774489 0.289932822 -0.847246413 0.445098275 0.289932822 -0.847246413 0.445098275 0.289932822 -0.847246413 0.445098275 0.319874387 -0.93474214 0.154717514 0.319874387 -0.93474214 0.154717514 0.319874387 -0.93474214 0.154717514 0.317233508 -0.934825794 0.159573292 0.317233508 -0.934825794 0.159573292 0.317233508 -0.934825794 0.159573292 0.317475173 -0.935537936 -0.154849233 0.317475173 -0.935537936 -0.154849233 0.317475173 -0.935537936 -0.154849233 0.319618175 -0.933993433 -0.159688725 0.319618175 -0.933993433 -0.159688725 0.319618175 -0.933993433 -0.159688725 0.289390064 -0.845660355 -0.448455076 0.289390064 -0.845660355 -0.448455076 0.289390064 -0.845660355 -0.448455076 0.287758263 -0.848128255 -0.444829905 0.287758263 -0.848128255 -0.444829905 0.287758263 -0.848128255 -0.444829905 0.22804389 -0.672128279 -0.704442731 0.22804389 -0.672128279 -0.704442731 0.22804389 -0.672128279 -0.704442731 0.22728868 -0.673597634 -0.703282363 0.22728868 -0.673597634 -0.703282363 0.22728868 -0.673597634 -0.703282363 0.144901181 -0.429432264 -0.891398664 0.144901181 -0.429432264 -0.891398664 0.144901181 -0.429432264 -0.891398664 0.145960452 -0.427813766 -0.892003883 0.145960452 -0.427813766 -0.892003883 0.145960452 -0.427813766 -0.892003883 0.0531358402 -0.155742488 -0.986367508 0.0531358402 -0.155742488 -0.986367508 0.0531358402 -0.155742488 -0.986367508 -0.0531358402 -0.155742488 0.986367508 -0.0531358402 -0.155742488 0.986367508 -0.0531358402 -0.155742488 0.986367508 -0.145960452 -0.427813766 0.892003883 -0.145960452 -0.427813766 0.892003883 -0.145960452 -0.427813766 0.892003883 -0.144901181 -0.429432264 0.891398664 -0.144901181 -0.429432264 0.891398664 -0.144901181 -0.429432264 0.891398664 -0.22728868 -0.673597634 0.703282363 -0.22728868 -0.673597634 0.703282363 -0.22728868 -0.673597634 0.703282363 -0.22804389 -0.672128279 0.704442731 -0.22804389 -0.672128279 0.704442731 -0.22804389 -0.672128279 0.704442731 -0.287758263 -0.848128255 0.444829905 -0.287758263 -0.848128255 0.444829905 -0.287758263 -0.848128255 0.444829905 -0.289390064 -0.845660355 0.448455076 -0.289390064 -0.845660355 0.448455076 -0.289390064 -0.845660355 0.448455076 -0.319618175 -0.933993433 0.159688725 -0.319618175 -0.933993433 0.159688725 -0.319618175 -0.933993433 0.159688725 -0.317475173 -0.935537936 0.154849233 -0.317475173 -0.935537936 0.154849233 -0.317475173 -0.935537936 0.154849233 -0.317233508 -0.934825794 -0.159573292 -0.317233508 -0.934825794 -0.159573292 -0.317233508 -0.934825794 -0.159573292 -0.319874387 -0.93474214 -0.154717514 -0.319874387 -0.93474214 -0.154717514 -0.319874387 -0.93474214 -0.154717514 -0.289932822 -0.847246413 -0.445098275 -0.289932822 -0.847246413 -0.445098275 -0.289932822 -0.847246413 -0.445098275 -0.287125299 -0.846262678 -0.448774489 -0.287125299 -0.846262678 -0.448774489 -0.287125299 -0.846262678 -0.448774489 -0.22835908 -0.67305726 -0.703452952 -0.22835908 -0.67305726 -0.703452952 -0.22835908 -0.67305726 -0.703452952 -0.226857434 -0.672319583 -0.704643231 -0.226857434 -0.672319583 -0.704643231 -0.226857434 -0.672319583 -0.704643231 -0.144633547 -0.428639099 -0.891823783 -0.144633547 -0.428639099 -0.891823783 -0.144633547 -0.428639099 -0.891823783 -0.146478257 -0.429331468 -0.891189436 -0.146478257 -0.429331468 -0.891189436 -0.146478257 -0.429331468 -0.891189436 -0.0531358402 -0.155742488 -0.986367508 -0.0531358402 -0.155742488 -0.986367508 -0.0531358402 -0.155742488 -0.986367508 -0.138516202 -0.0965972906 0.985637979 -0.138516202 -0.0965972906 0.985637979 -0.138516202 -0.0965972906 0.985637979 -0.379287409 -0.264504336 0.886667084 -0.379287409 -0.264504336 0.886667084 -0.379287409 -0.264504336 0.886667084 -0.37907211 -0.261429096 0.887670639 -0.37907211 -0.261429096 0.887670639 -0.37907211 -0.261429096 0.887670639 -0.591119756 -0.407668883 0.695976663 -0.591119756 -0.407668883 0.695976663 -0.591119756 -0.407668883 0.695976663 -0.591563359 -0.410229301 0.694092726 -0.591563359 -0.410229301 0.694092726 -0.591563359 -0.410229301 0.694092726 -0.738187677 -0.511908336 0.439350441 -0.738187677 -0.511908336 0.439350441 -0.738187677 -0.511908336 0.439350441 -0.738318967 -0.51429978 0.436326529 -0.738318967 -0.51429978 0.436326529 -0.738318967 -0.51429978 0.436326529 -0.811424713 -0.565223935 0.1487005 -0.811424713 -0.565223935 0.1487005 -0.811424713 -0.565223935 0.1487005 -0.812612593 -0.561560851 0.155917234 -0.812612593 -0.561560851 0.155917234 -0.812612593 -0.561560851 0.155917234 -0.813510914 -0.562181641 -0.148834794 -0.813510914 -0.562181641 -0.148834794 -0.813510914 -0.562181641 -0.148834794 -0.810484977 -0.564569332 -0.15612678 -0.810484977 -0.564569332 -0.15612678 -0.810484977 -0.564569332 -0.15612678 -0.737199857 -0.513520228 -0.439127939 -0.737199857 -0.513520228 -0.439127939 -0.737199857 -0.513520228 -0.439127939 -0.739507418 -0.512823532 -0.436051378 -0.739507418 -0.512823532 -0.436051378 -0.739507418 -0.512823532 -0.436051378 -0.590274038 -0.4093352 -0.695716361 -0.590274038 -0.4093352 -0.695716361 -0.590274038 -0.4093352 -0.695716361 -0.592895657 -0.408893642 -0.693743994 -0.592895657 -0.408893642 -0.693743994 -0.592895657 -0.408893642 -0.693743994 -0.380208444 -0.262212775 -0.886953212 -0.380208444 -0.262212775 -0.886953212 -0.380208444 -0.262212775 -0.886953212 -0.377135601 -0.263003726 -0.88803028 -0.377135601 -0.263003726 -0.88803028 -0.377135601 -0.263003726 -0.88803028 -0.138516202 -0.0965972906 -0.985637979 -0.138516202 -0.0965972906 -0.985637979 -0.138516202 -0.0965972906 -0.985637979 -0.171341175 0 0.985211755 -0.171341175 0 0.985211755 -0.171341175 0 0.985211755 -0.466912312 0 0.884303621 -0.466912312 0 0.884303621 -0.466912312 0 0.884303621 -0.466912312 0 0.884303621 -0.466912312 0 0.884303621 -0.466912312 0 0.884303621 -0.724303533 0 0.689481248 -0.724303533 0 0.689481248 -0.724303533 0 0.689481248 -0.724303533 0 0.689481248 -0.724303533 0 0.689481248 -0.724303533 0 0.689481248 -0.899814107 0 0.436273507 -0.899814107 0 0.436273507 -0.899814107 0 0.436273507 -0.899814107 0 0.436273507 -0.899814107 0 0.436273507 -0.899814107 0 0.436273507 -0.989674635 0 0.143332189 -0.989674635 0 0.143332189 -0.989674635 0 0.143332189 -0.989674635 0 0.143332189 -0.989674635 0 0.143332189 -0.989674635 0 0.143332189 -0.989674635 0 -0.143332189 -0.989674635 0 -0.143332189 -0.989674635 0 -0.143332189 -0.989674635 -0 -0.143332189 -0.989674635 -0 -0.143332189 -0.989674635 -0 -0.143332189 -0.899814107 0 -0.436273507 -0.899814107 0 -0.436273507 -0.899814107 0 -0.436273507 -0.899814107 -0 -0.436273507 -0.899814107 -0 -0.436273507 -0.899814107 -0 -0.436273507 -0.724303533 0 -0.689481248 -0.724303533 0 -0.689481248 -0.724303533 0 -0.689481248 -0.724303533 -0 -0.689481248 -0.724303533 -0 -0.689481248 -0.724303533 -0 -0.689481248 -0.466912312 0 -0.884303621 -0.466912312 0 -0.884303621 -0.466912312 0 -0.884303621 -0.466912312 -0 -0.884303621 -0.466912312 -0 -0.884303621 -0.466912312 -0 -0.884303621 -0.171341175 0 -0.985211755 -0.171341175 0 -0.985211755 -0.171341175 0 -0.985211755 -0.138516376 0.0965967915 0.985638003 -0.138516376 0.0965967915 0.985638003 -0.138516376 0.0965967915 0.985638003 -0.37713672 0.263002817 0.888030074 -0.37713672 0.263002817 0.888030074 -0.37713672 0.263002817 0.888030074 -0.380207789 0.262212324 0.886953626 -0.380207789 0.262212324 0.886953626 -0.380207789 0.262212324 0.886953626 -0.592896446 0.408894187 0.693742998 -0.592896446 0.408894187 0.693742998 -0.592896446 0.408894187 0.693742998 -0.59027366 0.409335942 0.695716244 -0.59027366 0.409335942 0.695716244 -0.59027366 0.409335942 0.695716244 -0.738251035 0.511953529 0.439191295 -0.738251035 0.511953529 0.439191295 -0.738251035 0.511953529 0.439191295 -0.735939253 0.512641044 0.442258495 -0.735939253 0.512641044 0.442258495 -0.735939253 0.512641044 0.442258495 -0.810972739 0.564907919 0.152322877 -0.810972739 0.564907919 0.152322877 -0.810972739 0.564907919 0.152322877 -0.813973876 0.562502691 0.14504224 -0.813973876 0.562502691 0.14504224 -0.813973876 0.562502691 0.14504224 -0.813097314 0.561896936 -0.152133467 -0.813097314 0.561896936 -0.152133467 -0.813097314 0.561896936 -0.152133467 -0.811889599 0.565546586 -0.144887331 -0.811889599 0.565546586 -0.144887331 -0.811889599 0.565546586 -0.144887331 -0.737061404 0.513422713 -0.439474236 -0.737061404 0.513422713 -0.439474236 -0.737061404 0.513422713 -0.439474236 -0.736927719 0.511035851 -0.442470221 -0.736927719 0.511035851 -0.442470221 -0.736927719 0.511035851 -0.442470221 -0.591563556 0.410230444 -0.694091883 -0.591563556 0.410230444 -0.694091883 -0.591563556 0.410230444 -0.694091883 -0.591119756 0.407668883 -0.695976663 -0.591119756 0.407668883 -0.695976663 -0.591119756 0.407668883 -0.695976663 -0.37907211 0.261429096 -0.887670639 -0.37907211 0.261429096 -0.887670639 -0.37907211 0.261429096 -0.887670639 -0.379287285 0.26450255 -0.88666767 -0.379287285 0.26450255 -0.88666767 -0.379287285 0.26450255 -0.88666767 -0.138516376 0.0965967915 -0.985638003 -0.138516376 0.0965967915 -0.985638003 -0.138516376 0.0965967915 -0.985638003 -0.0531356741 0.155742001 0.986367593 -0.0531356741 0.155742001 0.986367593 -0.0531356741 0.155742001 0.986367593 -0.146478672 0.429332683 0.891188782 -0.146478672 0.429332683 0.891188782 -0.146478672 0.429332683 0.891188782 -0.144632486 0.428639758 0.891823638 -0.144632486 0.428639758 0.891823638 -0.144632486 0.428639758 0.891823638 -0.226855523 0.67231989 0.704643553 -0.226855523 0.67231989 0.704643553 -0.226855523 0.67231989 0.704643553 -0.228359587 0.673058756 0.703451356 -0.228359587 0.673058756 0.703451356 -0.228359587 0.673058756 0.703451356 -0.287125299 0.846262678 0.448774489 -0.287125299 0.846262678 0.448774489 -0.287125299 0.846262678 0.448774489 -0.286275053 0.845961475 0.449884181 -0.286275053 0.845961475 0.449884181 -0.286275053 0.845961475 0.449884181 -0.316676997 0.935801206 0.15489281 -0.316676997 0.935801206 0.15489281 -0.316676997 0.935801206 0.15489281 -0.317553907 0.935769948 0.153277918 -0.317553907 0.935769948 0.153277918 -0.317553907 0.935769948 0.153277918 -0.317475173 0.935537936 -0.154849233 -0.317475173 0.935537936 -0.154849233 -0.317475173 0.935537936 -0.154849233 -0.316759739 0.936045712 -0.153237374 -0.316759739 0.936045712 -0.153237374 -0.316759739 0.936045712 -0.153237374 -0.286438452 0.846444329 -0.448870818 -0.286438452 0.846444329 -0.448870818 -0.286438452 0.846444329 -0.448870818 -0.286933055 0.845696067 -0.449963982 -0.286933055 0.845696067 -0.449963982 -0.286933055 0.845696067 -0.449963982 -0.22804389 0.672128279 -0.704442731 -0.22804389 0.672128279 -0.704442731 -0.22804389 0.672128279 -0.704442731 -0.227287462 0.673600002 -0.703280489 -0.227287462 0.673600002 -0.703280489 -0.227287462 0.673600002 -0.703280489 -0.144900332 0.42943356 -0.891398178 -0.144900332 0.42943356 -0.891398178 -0.144900332 0.42943356 -0.891398178 -0.145960452 0.427813766 -0.892003883 -0.145960452 0.427813766 -0.892003883 -0.145960452 0.427813766 -0.892003883 -0.0531356741 0.155742001 -0.986367593 -0.0531356741 0.155742001 -0.986367593 -0.0531356741 0.155742001 -0.986367593 0.0531356741 -0.155742001 0.986367593 0.0531356741 -0.155742001 0.986367593 0.0531356741 -0.155742001 0.986367593 0.145960452 -0.427813766 0.892003883 0.145960452 -0.427813766 0.892003883 0.145960452 -0.427813766 0.892003883 0.144900332 -0.42943356 0.891398178 0.144900332 -0.42943356 0.891398178 0.144900332 -0.42943356 0.891398178 0.227287462 -0.673600002 0.703280489 0.227287462 -0.673600002 0.703280489 0.227287462 -0.673600002 0.703280489 0.22804389 -0.672128279 0.704442731 0.22804389 -0.672128279 0.704442731 0.22804389 -0.672128279 0.704442731 0.286933055 -0.845696067 0.449963982 0.286933055 -0.845696067 0.449963982 0.286933055 -0.845696067 0.449963982 0.286438452 -0.846444329 0.448870818 0.286438452 -0.846444329 0.448870818 0.286438452 -0.846444329 0.448870818 0.316759739 -0.936045712 0.153237374 0.316759739 -0.936045712 0.153237374 0.316759739 -0.936045712 0.153237374 0.317475173 -0.935537936 0.154849233 0.317475173 -0.935537936 0.154849233 0.317475173 -0.935537936 0.154849233 0.317553907 -0.935769948 -0.153277918 0.317553907 -0.935769948 -0.153277918 0.317553907 -0.935769948 -0.153277918 0.316676997 -0.935801206 -0.15489281 0.316676997 -0.935801206 -0.15489281 0.316676997 -0.935801206 -0.15489281 0.286275053 -0.845961475 -0.449884181 0.286275053 -0.845961475 -0.449884181 0.286275053 -0.845961475 -0.449884181 0.287125299 -0.846262678 -0.448774489 0.287125299 -0.846262678 -0.448774489 0.287125299 -0.846262678 -0.448774489 0.228359587 -0.673058756 -0.703451356 0.228359587 -0.673058756 -0.703451356 0.228359587 -0.673058756 -0.703451356 0.226855523 -0.67231989 -0.704643553 0.226855523 -0.67231989 -0.704643553 0.226855523 -0.67231989 -0.704643553 0.144632486 -0.428639758 -0.891823638 0.144632486 -0.428639758 -0.891823638 0.144632486 -0.428639758 -0.891823638 0.146478672 -0.429332683 -0.891188782 0.146478672 -0.429332683 -0.891188782 0.146478672 -0.429332683 -0.891188782 0.0531356741 -0.155742001 -0.986367593 0.0531356741 -0.155742001 -0.986367593 0.0531356741 -0.155742001 -0.986367593 0.138516376 -0.0965967915 0.985638003 0.138516376 -0.0965967915 0.985638003 0.138516376 -0.0965967915 0.985638003 0.379287285 -0.26450255 0.88666767 0.379287285 -0.26450255 0.88666767 0.379287285 -0.26450255 0.88666767 0.37907211 -0.261429096 0.887670639 0.37907211 -0.261429096 0.887670639 0.37907211 -0.261429096 0.887670639 0.591119756 -0.407668883 0.695976663 0.591119756 -0.407668883 0.695976663 0.591119756 -0.407668883 0.695976663 0.591563556 -0.410230444 0.694091883 0.591563556 -0.410230444 0.694091883 0.591563556 -0.410230444 0.694091883 0.736927719 -0.511035851 0.442470221 0.736927719 -0.511035851 0.442470221 0.736927719 -0.511035851 0.442470221 0.737061404 -0.513422713 0.439474236 0.737061404 -0.513422713 0.439474236 0.737061404 -0.513422713 0.439474236 0.811889599 -0.565546586 0.144887331 0.811889599 -0.565546586 0.144887331 0.811889599 -0.565546586 0.144887331 0.813097314 -0.561896936 0.152133467 0.813097314 -0.561896936 0.152133467 0.813097314 -0.561896936 0.152133467 0.813973876 -0.562502691 -0.14504224 0.813973876 -0.562502691 -0.14504224 0.813973876 -0.562502691 -0.14504224 0.810972739 -0.564907919 -0.152322877 0.810972739 -0.564907919 -0.152322877 0.810972739 -0.564907919 -0.152322877 0.735939253 -0.512641044 -0.442258495 0.735939253 -0.512641044 -0.442258495 0.735939253 -0.512641044 -0.442258495 0.738251035 -0.511953529 -0.439191295 0.738251035 -0.511953529 -0.439191295 0.738251035 -0.511953529 -0.439191295 0.59027366 -0.409335942 -0.695716244 0.59027366 -0.409335942 -0.695716244 0.59027366 -0.409335942 -0.695716244 0.592896446 -0.408894187 -0.693742998 0.592896446 -0.408894187 -0.693742998 0.592896446 -0.408894187 -0.693742998 0.380207789 -0.262212324 -0.886953626 0.380207789 -0.262212324 -0.886953626 0.380207789 -0.262212324 -0.886953626 0.37713672 -0.263002817 -0.888030074 0.37713672 -0.263002817 -0.888030074 0.37713672 -0.263002817 -0.888030074 0.138516376 -0.0965967915 -0.985638003 0.138516376 -0.0965967915 -0.985638003 0.138516376 -0.0965967915 -0.985638003 0.171341175 -0 0.985211755 0.171341175 -0 0.985211755 0.171341175 -0 0.985211755 0.466912312 0 0.884303621 0.466912312 0 0.884303621 0.466912312 0 0.884303621 0.466912312 -0 0.884303621 0.466912312 -0 0.884303621 0.466912312 -0 0.884303621 0.724303533 0 0.689481248 0.724303533 0 0.689481248 0.724303533 0 0.689481248 0.724303533 -0 0.689481248 0.724303533 -0 0.689481248 0.724303533 -0 0.689481248 0.899814107 0 0.436273507 0.899814107 0 0.436273507 0.899814107 0 0.436273507 0.899814107 -0 0.436273507 0.899814107 -0 0.436273507 0.899814107 -0 0.436273507 0.989674635 0 0.143332189 0.989674635 0 0.143332189 0.989674635 0 0.143332189 0.989674635 -0 0.143332189 0.989674635 -0 0.143332189 0.989674635 -0 0.143332189 0.989674635 0 -0.143332189 0.989674635 0 -0.143332189 0.989674635 0 -0.143332189 0.989674635 0 -0.143332189 0.989674635 0 -0.143332189 0.989674635 0 -0.143332189 0.899814107 0 -0.436273507 0.899814107 0 -0.436273507 0.899814107 0 -0.436273507 0.899814107 0 -0.436273507 0.899814107 0 -0.436273507 0.899814107 0 -0.436273507 0.724303533 0 -0.689481248 0.724303533 0 -0.689481248 0.724303533 0 -0.689481248 0.724303533 0 -0.689481248 0.724303533 0 -0.689481248 0.724303533 0 -0.689481248 0.466912312 0 -0.884303621 0.466912312 0 -0.884303621 0.466912312 0 -0.884303621 0.466912312 0 -0.884303621 0.466912312 0 -0.884303621 0.466912312 0 -0.884303621 0.171341175 0 -0.985211755 0.171341175 0 -0.985211755 0.171341175 0 -0.985211755 0.138516202 0.0965972906 0.985637979 0.138516202 0.0965972906 0.985637979 0.138516202 0.0965972906 0.985637979 0.377135601 0.263003726 0.88803028 0.377135601 0.263003726 0.88803028 0.377135601 0.263003726 0.88803028 0.380208444 0.262212775 0.886953212 0.380208444 0.262212775 0.886953212 0.380208444 0.262212775 0.886953212 0.592895657 0.408893642 0.693743994 0.592895657 0.408893642 0.693743994 0.592895657 0.408893642 0.693743994 0.590274038 0.4093352 0.695716361 0.590274038 0.4093352 0.695716361 0.590274038 0.4093352 0.695716361 0.739507418 0.512823532 0.436051378 0.739507418 0.512823532 0.436051378 0.739507418 0.512823532 0.436051378 0.737199857 0.513520228 0.439127939 0.737199857 0.513520228 0.439127939 0.737199857 0.513520228 0.439127939 0.810484977 0.564569332 0.15612678 0.810484977 0.564569332 0.15612678 0.810484977 0.564569332 0.15612678 0.813510914 0.562181641 0.148834794 0.813510914 0.562181641 0.148834794 0.813510914 0.562181641 0.148834794 0.812612593 0.561560851 -0.155917234 0.812612593 0.561560851 -0.155917234 0.812612593 0.561560851 -0.155917234 0.811424713 0.565223935 -0.1487005 0.811424713 0.565223935 -0.1487005 0.811424713 0.565223935 -0.1487005 0.738318967 0.51429978 -0.436326529 0.738318967 0.51429978 -0.436326529 0.738318967 0.51429978 -0.436326529 0.738187677 0.511908336 -0.439350441 0.738187677 0.511908336 -0.439350441 0.738187677 0.511908336 -0.439350441 0.591563359 0.410229301 -0.694092726 0.591563359 0.410229301 -0.694092726 0.591563359 0.410229301 -0.694092726 0.591119756 0.407668883 -0.695976663 0.591119756 0.407668883 -0.695976663 0.591119756 0.407668883 -0.695976663 0.37907211 0.261429096 -0.887670639 0.37907211 0.261429096 -0.887670639 0.37907211 0.261429096 -0.887670639 0.379287409 0.264504336 -0.886667084 0.379287409 0.264504336 -0.886667084 0.379287409 0.264504336 -0.886667084 0.138516202 0.0965972906 -0.985637979 0.138516202 0.0965972906 -0.985637979 0.138516202 0.0965972906 -0.985637979 0.0531358402 0.155742488 0.986367508 0.0531358402 0.155742488 0.986367508 0.0531358402 0.155742488 0.986367508 0.146478257 0.429331468 0.891189436 0.146478257 0.429331468 0.891189436 0.146478257 0.429331468 0.891189436 0.144633547 0.428639099 0.891823783 0.144633547 0.428639099 0.891823783 0.144633547 0.428639099 0.891823783 0.226857434 0.672319583 0.704643231 0.226857434 0.672319583 0.704643231 0.226857434 0.672319583 0.704643231 0.22835908 0.67305726 0.703452952 0.22835908 0.67305726 0.703452952 0.22835908 0.67305726 0.703452952 0.287125299 0.846262678 0.448774489 0.287125299 0.846262678 0.448774489 0.287125299 0.846262678 0.448774489 0.289932822 0.847246413 0.445098275 0.289932822 0.847246413 0.445098275 0.289932822 0.847246413 0.445098275 0.319874387 0.93474214 0.154717514 0.319874387 0.93474214 0.154717514 0.319874387 0.93474214 0.154717514 0.317233508 0.934825794 0.159573292 0.317233508 0.934825794 0.159573292 0.317233508 0.934825794 0.159573292 0.317475173 0.935537936 -0.154849233 0.317475173 0.935537936 -0.154849233 0.317475173 0.935537936 -0.154849233 0.319618175 0.933993433 -0.159688725 0.319618175 0.933993433 -0.159688725 0.319618175 0.933993433 -0.159688725 0.289390064 0.845660355 -0.448455076 0.289390064 0.845660355 -0.448455076 0.289390064 0.845660355 -0.448455076 0.287758263 0.848128255 -0.444829905 0.287758263 0.848128255 -0.444829905 0.287758263 0.848128255 -0.444829905 0.22804389 0.672128279 -0.704442731 0.22804389 0.672128279 -0.704442731 0.22804389 0.672128279 -0.704442731 0.22728868 0.673597634 -0.703282363 0.22728868 0.673597634 -0.703282363 0.22728868 0.673597634 -0.703282363 0.144901181 0.429432264 -0.891398664 0.144901181 0.429432264 -0.891398664 0.144901181 0.429432264 -0.891398664 0.145960452 0.427813766 -0.892003883 0.145960452 0.427813766 -0.892003883 0.145960452 0.427813766 -0.892003883 0.0531358402 0.155742488 -0.986367508 0.0531358402 0.155742488 -0.986367508 0.0531358402 0.155742488 -0.986367508 -0.0531358402 0.155742488 0.986367508 -0.0531358402 0.155742488 0.986367508 -0.0531358402 0.155742488 0.986367508 -0.145960452 0.427813766 0.892003883 -0.145960452 0.427813766 0.892003883 -0.145960452 0.427813766 0.892003883 -0.144901181 0.429432264 0.891398664 -0.144901181 0.429432264 0.891398664 -0.144901181 0.429432264 0.891398664 -0.22728868 0.673597634 0.703282363 -0.22728868 0.673597634 0.703282363 -0.22728868 0.673597634 0.703282363 -0.22804389 0.672128279 0.704442731 -0.22804389 0.672128279 0.704442731 -0.22804389 0.672128279 0.704442731 -0.287758263 0.848128255 0.444829905 -0.287758263 0.848128255 0.444829905 -0.287758263 0.848128255 0.444829905 -0.289390064 0.845660355 0.448455076 -0.289390064 0.845660355 0.448455076 -0.289390064 0.845660355 0.448455076 -0.319618175 0.933993433 0.159688725 -0.319618175 0.933993433 0.159688725 -0.319618175 0.933993433 0.159688725 -0.317475173 0.935537936 0.154849233 -0.317475173 0.935537936 0.154849233 -0.317475173 0.935537936 0.154849233 -0.317233508 0.934825794 -0.159573292 -0.317233508 0.934825794 -0.159573292 -0.317233508 0.934825794 -0.159573292 -0.319874387 0.93474214 -0.154717514 -0.319874387 0.93474214 -0.154717514 -0.319874387 0.93474214 -0.154717514 -0.289932822 0.847246413 -0.445098275 -0.289932822 0.847246413 -0.445098275 -0.289932822 0.847246413 -0.445098275 -0.287125299 0.846262678 -0.448774489 -0.287125299 0.846262678 -0.448774489 -0.287125299 0.846262678 -0.448774489 -0.22835908 0.67305726 -0.703452952 -0.22835908 0.67305726 -0.703452952 -0.22835908 0.67305726 -0.703452952 -0.226857434 0.672319583 -0.704643231 -0.226857434 0.672319583 -0.704643231 -0.226857434 0.672319583 -0.704643231 -0.144633547 0.428639099 -0.891823783 -0.144633547 0.428639099 -0.891823783 -0.144633547 0.428639099 -0.891823783 -0.146478257 0.429331468 -0.891189436 -0.146478257 0.429331468 -0.891189436 -0.146478257 0.429331468 -0.891189436 -0.0531358402 0.155742488 -0.986367508 -0.0531358402 0.155742488 -0.986367508 -0.0531358402 0.155742488 -0.986367508 -0.138516202 0.0965972906 0.985637979 -0.138516202 0.0965972906 0.985637979 -0.138516202 0.0965972906 0.985637979 -0.379287409 0.264504336 0.886667084 -0.379287409 0.264504336 0.886667084 -0.379287409 0.264504336 0.886667084 -0.37907211 0.261429096 0.887670639 -0.37907211 0.261429096 0.887670639 -0.37907211 0.261429096 0.887670639 -0.591119756 0.407668883 0.695976663 -0.591119756 0.407668883 0.695976663 -0.591119756 0.407668883 0.695976663 -0.591563359 0.410229301 0.694092726 -0.591563359 0.410229301 0.694092726 -0.591563359 0.410229301 0.694092726 -0.738187677 0.511908336 0.439350441 -0.738187677 0.511908336 0.439350441 -0.738187677 0.511908336 0.439350441 -0.738318967 0.51429978 0.436326529 -0.738318967 0.51429978 0.436326529 -0.738318967 0.51429978 0.436326529 -0.811424713 0.565223935 0.1487005 -0.811424713 0.565223935 0.1487005 -0.811424713 0.565223935 0.1487005 -0.812612593 0.561560851 0.155917234 -0.812612593 0.561560851 0.155917234 -0.812612593 0.561560851 0.155917234 -0.813510914 0.562181641 -0.148834794 -0.813510914 0.562181641 -0.148834794 -0.813510914 0.562181641 -0.148834794 -0.810484977 0.564569332 -0.15612678 -0.810484977 0.564569332 -0.15612678 -0.810484977 0.564569332 -0.15612678 -0.737199857 0.513520228 -0.439127939 -0.737199857 0.513520228 -0.439127939 -0.737199857 0.513520228 -0.439127939 -0.739507418 0.512823532 -0.436051378 -0.739507418 0.512823532 -0.436051378 -0.739507418 0.512823532 -0.436051378 -0.590274038 0.4093352 -0.695716361 -0.590274038 0.4093352 -0.695716361 -0.590274038 0.4093352 -0.695716361 -0.592895657 0.408893642 -0.693743994 -0.592895657 0.408893642 -0.693743994 -0.592895657 0.408893642 -0.693743994 -0.380208444 0.262212775 -0.886953212 -0.380208444 0.262212775 -0.886953212 -0.380208444 0.262212775 -0.886953212 -0.377135601 0.263003726 -0.88803028 -0.377135601 0.263003726 -0.88803028 -0.377135601 0.263003726 -0.88803028 -0.138516202 0.0965972906 -0.985637979 -0.138516202 0.0965972906 -0.985637979 -0.138516202 0.0965972906 -0.985637979 -0.171341175 0 0.985211755 -0.171341175 0 0.985211755 -0.171341175 0 0.985211755 -0.466912312 0 0.884303621 -0.466912312 0 0.884303621 -0.466912312 0 0.884303621 -0.466912312 0 0.884303621 -0.466912312 0 0.884303621 -0.466912312 0 0.884303621 -0.724303533 0 0.689481248 -0.724303533 0 0.689481248 -0.724303533 0 0.689481248 -0.724303533 0 0.689481248 -0.724303533 0 0.689481248 -0.724303533 0 0.689481248 -0.899814107 0 0.436273507 -0.899814107 0 0.436273507 -0.899814107 0 0.436273507 -0.899814107 0 0.436273507 -0.899814107 0 0.436273507 -0.899814107 0 0.436273507 -0.989674635 0 0.143332189 -0.989674635 0 0.143332189 -0.989674635 0 0.143332189 -0.989674635 0 0.143332189 -0.989674635 0 0.143332189 -0.989674635 0 0.143332189 -0.989674635 0 -0.143332189 -0.989674635 0 -0.143332189 -0.989674635 0 -0.143332189 -0.989674635 -0 -0.143332189 -0.989674635 -0 -0.143332189 -0.989674635 -0 -0.143332189 -0.899814107 0 -0.436273507 -0.899814107 0 -0.436273507 -0.899814107 0 -0.436273507 -0.899814107 -0 -0.436273507 -0.899814107 -0 -0.436273507 -0.899814107 -0 -0.436273507 -0.724303533 0 -0.689481248 -0.724303533 0 -0.689481248 -0.724303533 0 -0.689481248 -0.724303533 -0 -0.689481248 -0.724303533 -0 -0.689481248 -0.724303533 -0 -0.689481248 -0.466912312 0 -0.884303621 -0.466912312 0 -0.884303621 -0.466912312 0 -0.884303621 -0.466912312 -0 -0.884303621 -0.466912312 -0 -0.884303621 -0.466912312 -0 -0.884303621 -0.171341175 0 -0.985211755 -0.171341175 0 -0.985211755 -0.171341175 0 -0.985211755 -0.138516376 -0.0965967915 0.985638003 -0.138516376 -0.0965967915 0.985638003 -0.138516376 -0.0965967915 0.985638003 -0.37713672 -0.263002817 0.888030074 -0.37713672 -0.263002817 0.888030074 -0.37713672 -0.263002817 0.888030074 -0.380207789 -0.262212324 0.886953626 -0.380207789 -0.262212324 0.886953626 -0.380207789 -0.262212324 0.886953626 -0.592896446 -0.408894187 0.693742998 -0.592896446 -0.408894187 0.693742998 -0.592896446 -0.408894187 0.693742998 -0.59027366 -0.409335942 0.695716244 -0.59027366 -0.409335942 0.695716244 -0.59027366 -0.409335942 0.695716244 -0.738251035 -0.511953529 0.439191295 -0.738251035 -0.511953529 0.439191295 -0.738251035 -0.511953529 0.439191295 -0.735939253 -0.512641044 0.442258495 -0.735939253 -0.512641044 0.442258495 -0.735939253 -0.512641044 0.442258495 -0.810972739 -0.564907919 0.152322877 -0.810972739 -0.564907919 0.152322877 -0.810972739 -0.564907919 0.152322877 -0.813973876 -0.562502691 0.14504224 -0.813973876 -0.562502691 0.14504224 -0.813973876 -0.562502691 0.14504224 -0.813097314 -0.561896936 -0.152133467 -0.813097314 -0.561896936 -0.152133467 -0.813097314 -0.561896936 -0.152133467 -0.811889599 -0.565546586 -0.144887331 -0.811889599 -0.565546586 -0.144887331 -0.811889599 -0.565546586 -0.144887331 -0.737061404 -0.513422713 -0.439474236 -0.737061404 -0.513422713 -0.439474236 -0.737061404 -0.513422713 -0.439474236 -0.736927719 -0.511035851 -0.442470221 -0.736927719 -0.511035851 -0.442470221 -0.736927719 -0.511035851 -0.442470221 -0.591563556 -0.410230444 -0.694091883 -0.591563556 -0.410230444 -0.694091883 -0.591563556 -0.410230444 -0.694091883 -0.591119756 -0.407668883 -0.695976663 -0.591119756 -0.407668883 -0.695976663 -0.591119756 -0.407668883 -0.695976663 -0.37907211 -0.261429096 -0.887670639 -0.37907211 -0.261429096 -0.887670639 -0.37907211 -0.261429096 -0.887670639 -0.379287285 -0.26450255 -0.88666767 -0.379287285 -0.26450255 -0.88666767 -0.379287285 -0.26450255 -0.88666767 -0.138516376 -0.0965967915 -0.985638003 -0.138516376 -0.0965967915 -0.985638003 -0.138516376 -0.0965967915 -0.985638003 -0.0531356741 -0.155742001 0.986367593 -0.0531356741 -0.155742001 0.986367593 -0.0531356741 -0.155742001 0.986367593 -0.146478672 -0.429332683 0.891188782 -0.146478672 -0.429332683 0.891188782 -0.146478672 -0.429332683 0.891188782 -0.144632486 -0.428639758 0.891823638 -0.144632486 -0.428639758 0.891823638 -0.144632486 -0.428639758 0.891823638 -0.226855523 -0.67231989 0.704643553 -0.226855523 -0.67231989 0.704643553 -0.226855523 -0.67231989 0.704643553 -0.228359587 -0.673058756 0.703451356 -0.228359587 -0.673058756 0.703451356 -0.228359587 -0.673058756 0.703451356 -0.287125299 -0.846262678 0.448774489 -0.287125299 -0.846262678 0.448774489 -0.287125299 -0.846262678 0.448774489 -0.286275053 -0.845961475 0.449884181 -0.286275053 -0.845961475 0.449884181 -0.286275053 -0.845961475 0.449884181 -0.316676997 -0.935801206 0.15489281 -0.316676997 -0.935801206 0.15489281 -0.316676997 -0.935801206 0.15489281 -0.317553907 -0.935769948 0.153277918 -0.317553907 -0.935769948 0.153277918 -0.317553907 -0.935769948 0.153277918 -0.317475173 -0.935537936 -0.154849233 -0.317475173 -0.935537936 -0.154849233 -0.317475173 -0.935537936 -0.154849233 -0.316759739 -0.936045712 -0.153237374 -0.316759739 -0.936045712 -0.153237374 -0.316759739 -0.936045712 -0.153237374 -0.286438452 -0.846444329 -0.448870818 -0.286438452 -0.846444329 -0.448870818 -0.286438452 -0.846444329 -0.448870818 -0.286933055 -0.845696067 -0.449963982 -0.286933055 -0.845696067 -0.449963982 -0.286933055 -0.845696067 -0.449963982 -0.22804389 -0.672128279 -0.704442731 -0.22804389 -0.672128279 -0.704442731 -0.22804389 -0.672128279 -0.704442731 -0.227287462 -0.673600002 -0.703280489 -0.227287462 -0.673600002 -0.703280489 -0.227287462 -0.673600002 -0.703280489 -0.144900332 -0.42943356 -0.891398178 -0.144900332 -0.42943356 -0.891398178 -0.144900332 -0.42943356 -0.891398178 -0.145960452 -0.427813766 -0.892003883 -0.145960452 -0.427813766 -0.892003883 -0.145960452 -0.427813766 -0.892003883 -0.0531356741 -0.155742001 -0.986367593 -0.0531356741 -0.155742001 -0.986367593 -0.0531356741 -0.155742001 -0.986367593</float_array><technique_common><accessor source="#part0-normals-array" count="1080" stride="3"><param name="X" type="float" /><param name="Y" type="float" /><param name="Z" type="float" /></accessor></technique_common></source><vertices id="part0-vertices"><input semantic="POSITION" source="#part0-positions" /></vertices><triangles count="360" material="material"><input semantic="VERTEX" source="#part0-vertices" offset="0" /><input semantic="NORMAL" source="#part0-normals" offset="0" /><p>0 1 2 3 4 5 6 7 8 9 10 11 12 13 14 15 16 17 18 19 20 21 22 23 24 25 26 27 28 29 30 31 32 33 34 35 36 37 38 39 40 41 42 43 44 45 46 47 48 49 50 51 52 53 54 55 56 57 58 59 60 61 62 63 64 65 66 67 68 69 70 71 72 73 74 75 76 77 78 79 80 81 82 83 84 85 86 87 88 89 90 91 92 93 94 95 96 97 98 99 100 101 102 103 104 105 106 107 108 109 110 111 112 113 114 115 116 117 118 119 120 121 122 123 124 125 126 127 128 129 130 131 132 133 134 135 136 137 138 139 140 141 142 143 144 145 146 147 148 149 150 151 152 153 154 155 156 157 158 159 160 161 162 163 164 165 166 167 168 169 170 171 172 173 174 175 176 177 178 179 180 181 182 183 184 185 186 187 188 189 190 191 192 193 194 195 196 197 198 199 200 201 202 203 204 205 206 207 208 209 210 211 212 213 214 215 216 217 218 219 220 221 222 223 224 225 226 227 228 229 230 231 232 233 234 235 236 237 238 239 240 241 242 243 244 245 246 247 248 249 250 251 252 253 254 255 256 257 258 259 260 261 262 263 264 265 266 267 268 269 270 271 272 273 274 275 276 277 278 279 280 281 282 283 284 285 286 287 288 289 290 291 292 293 294 295 296 297 298 299 300 301 302 303 304 305 306 307 308 309 310 311 312 313 314 315 316 317 318 319 320 321 322 323 324 325 326 327 328 329 330 331 332 333 334 335 336 337 338 339 340 341 342 343 344 345 346 347 348 349 350 351 352 353 354 355 356 357 358 359 360 361 362 363 364 365 366 367 368 369 370 371 372 373 374 375 376 377 378 379 380 381 382 383 384 385 386 387 388 389 390 391 392 393 394 395 396 397 398 399 400 401 402 403 404 405 406 407 408 409 410 411 412 413 414 415 416 417 418 419 420 421 422 423 424 425 426 427 428 429 430 431 432 433 434 435 436 437 438 439 440 441 442 443 444 445 446 447 448 449 450 451 452 453 454 455 456 457 458 459 460 461 462 463 464 465 466 467 468 469 470 471 472 473 474 475 476 477 478 479 480 481 482 483 484 485 486 487 488 489 490 491 492 493 494 495 496 497 498 499 500 501 502 503 504 505 506 507 508 509 510 511 512 513 514 515 516 517 518 519 520 521 522 523 524 525 526 527 528 529 530 531 532 533 534 535 536 537 538 539 540 541 542 543 544 545 546 547 548 549 550 551 552 553 554 555 556 557 558 559 560 561 562 563 564 565 566 567 568 569 570 571 572 573 574 575 576 577 578 579 580 581 582 583 584 585 586 587 588 589 590 591 592 593 594 595 596 597 598 599 600 601 602 603 604 605 606 607 608 609 610 611 612 613 614 615 616 617 618 619 620 621 622 623 624 625 626 627 628 629 630 631 632 633 634 635 636 637 638 639 640 641 642 643 644 645 646 647 648 649 650 651 652 653 654 655 656 657 658 659 660 661 662 663 664 665 666 667 668 669 670 671 672 673 674 675 676 677 678 679 680 681 682 683 684 685 686 687 688 689 690 691 692 693 694 695 696 697 698 699 700 701 702 703 704 705 706 707 708 709 710 711 712 713 714 715 716 717 718 719 720 721 722 723 724 725 726 727 728 729 730 731 732 733 734 735 736 737 738 739 740 741 742 743 744 745 746 747 748 749 750 751 752 753 754 755 756 757 758 759 760 761 762 763 764 765 766 767 768 769 770 771 772 773 774 775 776 777 778 779 780 781 782 783 784 785 786 787 788 789 790 791 792 793 794 795 796 797 798 799 800 801 802 803 804 805 806 807 808 809 810 811 812 813 814 815 816 817 818 819 820 821 822 823 824 825 826 827 828 829 830 831 832 833 834 835 836 837 838 839 840 841 842 843 844 845 846 847 848 849 850 851 852 853 854 855 856 857 858 859 860 861 862 863 864 865 866 867 868 869 870 871 872 873 874 875 876 877 878 879 880 881 882 883 884 885 886 887 888 889 890 891 892 893 894 895 896 897 898 899 900 901 902 903 904 905 906 907 908 909 910 911 912 913 914 915 916 917 918 919 920 921 922 923 924 925 926 927 928 929 930 931 932 933 934 935 936 937 938 939 940 941 942 943 944 945 946 947 948 949 950 951 952 953 954 955 956 957 958 959 960 961 962 963 964 965 966 967 968 969 970 971 972 973 974 975 976 977 978 979 980 981 982 983 984 985 986 987 988 989 990 991 992 993 994 995 996 997 998 999 1000 1001 1002 1003 1004 1005 1006 1007 1008 1009 1010 1011 1012 1013 1014 1015 1016 1017 1018 1019 1020 1021 1022 1023 1024 1025 1026 1027 1028 1029 1030 1031 1032 1033 1034 1035 1036 1037 1038 1039 1040 1041 1042 1043 1044 1045 1046 1047 1048 1049 1050 1051 1052 1053 1054 1055 1056 1057 1058 1059 1060 1061 1062 1063 1064 1065 1066 1067 1068 1069 1070 1071 1072 1073 1074 1075 1076 1077 1078 1079</p></triangles></mesh></geometry><geometry id="part1"><mesh><source id="part1-positions"><float_array id="part1-positions-array" count="4158">-1.34602106 0 -0.102029045 -1.32882231 -0.030097811 -0.141621993 -1.32882231 -0.0369056493 -0.123169174 -1.32882231 -0.0369056493 -0.123169174 -1.32882231 -0.030097811 -0.141621993 -1.31162356 -0.0394138002 -0.153983599 -1.32882231 -0.0369056493 -0.123169174 -1.31162356 -0.0394138002 -0.153983599 -1.31162356 -0.048371482 -0.129618705 -1.31162356 -0.048371482 -0.129618705 -1.31162356 -0.0394138002 -0.153983599 -1.29442481 -0.0440717947 -0.160074823 -1.31162356 -0.048371482 -0.129618705 -1.29442481 -0.0440717947 -0.160074823 -1.29442481 -0.0541043984 -0.13284347 -1.29442481 -0.0541043984 -0.13284347 -1.29442481 -0.0440717947 -0.160074823 -1.27722606 -0.0455050238 -0.162045513 -1.29442481 -0.0541043984 -0.13284347 -1.27722606 -0.0455050238 -0.162045513 -1.27722606 -0.0558959348 -0.133918392 -1.27722606 -0.0558959348 -0.133918392 -1.27722606 -0.0455050238 -0.162045513 -1.20807277 -0.0582249321 -0.17225727 -1.27722606 -0.0558959348 -0.133918392 -1.20807277 -0.0582249321 -0.17225727 -1.20807277 -0.0714823012 -0.139293001 -1.20807277 -0.0714823012 -0.139293001 -1.20807277 -0.0582249321 -0.17225727 -1.11473368 -0.0764986031 -0.186589561 -1.20807277 -0.0714823012 -0.139293001 -1.11473368 -0.0764986031 -0.186589561 -1.11473368 -0.0938765059 -0.146996602 -1.11473368 -0.0938765059 -0.146996602 -1.11473368 -0.0764986031 -0.186589561 -1.00347926 -0.0978178859 -0.203609157 -1.11473368 -0.0938765059 -0.146996602 -1.00347926 -0.0978178859 -0.203609157 -1.00347926 -0.120032937 -0.156133443 -1.00347926 -0.120032937 -0.156133443 -1.00347926 -0.0978178859 -0.203609157 -0.880535153 -0.120212096 -0.22152452 -1.00347926 -0.120032937 -0.156133443 -0.880535153 -0.120212096 -0.22152452 -0.880535153 -0.147622597 -0.165628586 -0.880535153 -0.147622597 -0.165628586 -0.880535153 -0.120212096 -0.22152452 -0.752261127 -0.141531373 -0.23872327 -0.880535153 -0.147622597 -0.165628586 -0.752261127 -0.141531373 -0.23872327 -0.752261127 -0.17359988 -0.174765421 -0.752261127 -0.17359988 -0.174765421 -0.752261127 -0.141531373 -0.23872327 -0.625061989 -0.159446737 -0.253413868 -0.752261127 -0.17359988 -0.174765421 -0.625061989 -0.159446737 -0.253413868 -0.625061989 -0.195635772 -0.182469028 -0.625061989 -0.195635772 -0.182469028 -0.625061989 -0.159446737 -0.253413868 -0.502476136 -0.172524958 -0.26434224 -0.625061989 -0.195635772 -0.182469028 -0.502476136 -0.172524958 -0.26434224 -0.502476136 -0.21175961 -0.188381098 -0.502476136 -0.21175961 -0.188381098 -0.502476136 -0.172524958 -0.26434224 -0.37456045 -0.183095017 -0.273479075 -0.502476136 -0.21175961 -0.188381098 -0.37456045 -0.183095017 -0.273479075 -0.37456045 -0.224658672 -0.193218246 -0.37456045 -0.224658672 -0.193218246 -0.37456045 -0.183095017 -0.273479075 -0.241404527 -0.191873551 -0.281182682 -0.37456045 -0.224658672 -0.193218246 -0.241404527 -0.191873551 -0.281182682 -0.241404527 -0.23540789 -0.197338779 -0.241404527 -0.23540789 -0.197338779 -0.241404527 -0.191873551 -0.281182682 -0.106143526 -0.198681378 -0.287632213 -0.241404527 -0.23540789 -0.197338779 -0.106143526 -0.198681378 -0.287632213 -0.106143526 -0.243648947 -0.200742699 -0.106143526 -0.243648947 -0.200742699 -0.106143526 -0.198681378 -0.287632213 0.0287591683 -0.20369768 -0.292648514 -0.106143526 -0.243648947 -0.200742699 0.0287591683 -0.20369768 -0.292648514 0.0287591683 -0.249919329 -0.203430003 0.0287591683 -0.249919329 -0.203430003 0.0287591683 -0.20369768 -0.292648514 0.160257938 -0.206922456 -0.296231587 0.0287591683 -0.249919329 -0.203430003 0.160257938 -0.206922456 -0.296231587 0.160257938 -0.25368155 -0.205400693 0.160257938 -0.25368155 -0.205400693 0.160257938 -0.206922456 -0.296231587 0.285665484 -0.208176537 -0.298560584 0.160257938 -0.25368155 -0.205400693 0.285665484 -0.208176537 -0.298560584 0.285665484 -0.255473098 -0.206475615 0.285665484 -0.255473098 -0.206475615 0.285665484 -0.208176537 -0.298560584 0.407310809 -0.207459923 -0.299456353 0.285665484 -0.255473098 -0.206475615 0.407310809 -0.207459923 -0.299456353 0.407310809 -0.254398165 -0.207013076 0.407310809 -0.254398165 -0.207013076 0.407310809 -0.207459923 -0.299456353 0.528105159 -0.204414295 -0.299098045 0.407310809 -0.254398165 -0.207013076 0.528105159 -0.204414295 -0.299098045 0.528105159 -0.250815092 -0.206833922 0.528105159 -0.250815092 -0.206833922 0.528105159 -0.204414295 -0.299098045 0.646346537 -0.199577163 -0.297485663 0.528105159 -0.250815092 -0.206833922 0.646346537 -0.199577163 -0.297485663 0.646346537 -0.244723879 -0.205938154 0.646346537 -0.244723879 -0.205938154 0.646346537 -0.199577163 -0.297485663 0.76046742 -0.193127632 -0.294440051 0.646346537 -0.244723879 -0.205938154 0.76046742 -0.193127632 -0.294440051 0.76046742 -0.236841119 -0.204325771 0.76046742 -0.236841119 -0.204325771 0.76046742 -0.193127632 -0.294440051 0.868721026 -0.185603168 -0.289602903 0.76046742 -0.236841119 -0.204325771 0.868721026 -0.185603168 -0.289602903 0.868721026 -0.22752513 -0.20181762 0.868721026 -0.22752513 -0.20181762 0.868721026 -0.185603168 -0.289602903 0.969226211 -0.177182953 -0.282974218 0.868721026 -0.22752513 -0.20181762 0.969226211 -0.177182953 -0.282974218 0.969226211 -0.217313356 -0.198234548 0.969226211 -0.217313356 -0.198234548 0.969226211 -0.177182953 -0.282974218 1.06166947 -0.167866963 -0.273837383 0.969226211 -0.217313356 -0.198234548 1.06166947 -0.167866963 -0.273837383 1.06166947 -0.206026694 -0.193397399 1.06166947 -0.206026694 -0.193397399 1.06166947 -0.167866963 -0.273837383 1.14999223 -0.155863664 -0.260580013 1.06166947 -0.206026694 -0.193397399 1.14999223 -0.155863664 -0.260580013 1.14999223 -0.191336084 -0.186410408 1.14999223 -0.191336084 -0.186410408 1.14999223 -0.155863664 -0.260580013 1.23334345 -0.141889681 -0.244456186 1.14999223 -0.191336084 -0.186410408 1.23334345 -0.141889681 -0.244456186 1.23334345 -0.174137335 -0.177811033 1.23334345 -0.174137335 -0.177811033 1.23334345 -0.141889681 -0.244456186 1.3094837 -0.127378241 -0.227078283 1.23334345 -0.174137335 -0.177811033 1.3094837 -0.127378241 -0.227078283 1.3094837 -0.156221972 -0.168495044 1.3094837 -0.156221972 -0.168495044 1.3094837 -0.127378241 -0.227078283 1.37648721 -0.113583406 -0.210416995 1.3094837 -0.156221972 -0.168495044 1.37648721 -0.113583406 -0.210416995 1.37648721 -0.13938153 -0.159716516 1.37648721 -0.13938153 -0.159716516 1.37648721 -0.113583406 -0.210416995 1.4323831 -0.101938425 -0.196263858 1.37648721 -0.13938153 -0.159716516 1.4323831 -0.101938425 -0.196263858 1.4323831 -0.125049239 -0.152192063 1.4323831 -0.125049239 -0.152192063 1.4323831 -0.101938425 -0.196263858 1.47502168 -0.0936973577 -0.186410408 1.4323831 -0.125049239 -0.152192063 1.47502168 -0.0936973577 -0.186410408 1.47502168 -0.115016635 -0.146996602 1.47502168 -0.115016635 -0.146996602 1.47502168 -0.0936973577 -0.186410408 1.50350711 -0.0906517404 -0.183723103 1.47502168 -0.115016635 -0.146996602 1.50350711 -0.0906517404 -0.183723103 1.50350711 -0.111254414 -0.145563373 1.50350711 -0.111254414 -0.145563373 1.50350711 -0.0906517404 -0.183723103 1.53199255 -0.0811565976 -0.175123728 1.50350711 -0.111254414 -0.145563373 1.53199255 -0.0811565976 -0.175123728 1.53199255 -0.0996094223 -0.140905378 1.53199255 -0.0996094223 -0.140905378 1.53199255 -0.0811565976 -0.175123728 1.56065713 -0.0619871585 -0.157924979 1.53199255 -0.0996094223 -0.140905378 1.56065713 -0.0619871585 -0.157924979 1.56065713 -0.0759611422 -0.131768548 1.56065713 -0.0759611422 -0.131768548 1.56065713 -0.0619871585 -0.157924979 1.58914256 0 -0.102029045 -1.34602106 0 -0.102029045 -1.32882231 -0.0197069001 -0.155416828 -1.32882231 -0.030097811 -0.141621993 -1.32882231 -0.030097811 -0.141621993 -1.32882231 -0.0197069001 -0.155416828 -1.31162356 -0.0257981238 -0.172078117 -1.32882231 -0.030097811 -0.141621993 -1.31162356 -0.0257981238 -0.172078117 -1.31162356 -0.0394138002 -0.153983599 -1.31162356 -0.0394138002 -0.153983599 -1.31162356 -0.0257981238 -0.172078117 -1.29442481 -0.0288437356 -0.180319184 -1.31162356 -0.0394138002 -0.153983599 -1.29442481 -0.0288437356 -0.180319184 -1.29442481 -0.0440717947 -0.160074823 -1.29442481 -0.0440717947 -0.160074823 -1.29442481 -0.0288437356 -0.180319184 -1.27722606 -0.0297395038 -0.182827335 -1.29442481 -0.0440717947 -0.160074823 -1.27722606 -0.0297395038 -0.182827335 -1.27722606 -0.0455050238 -0.162045513 -1.27722606 -0.0455050238 -0.162045513 -1.27722606 -0.0297395038 -0.182827335 -1.20807277 -0.0379805711 -0.196622165 -1.27722606 -0.0455050238 -0.162045513 -1.20807277 -0.0379805711 -0.196622165 -1.20807277 -0.0582249321 -0.17225727 -1.20807277 -0.0582249321 -0.17225727 -1.20807277 -0.0379805711 -0.196622165 -1.11473368 -0.0499838648 -0.215970758 -1.20807277 -0.0582249321 -0.17225727 -1.11473368 -0.0499838648 -0.215970758 -1.11473368 -0.0764986031 -0.186589561 -1.11473368 -0.0764986031 -0.186589561 -1.11473368 -0.0499838648 -0.215970758 -1.00347926 -0.0639578485 -0.239081577 -1.11473368 -0.0764986031 -0.186589561 -1.00347926 -0.0639578485 -0.239081577 -1.00347926 -0.0978178859 -0.203609157 -1.00347926 -0.0978178859 -0.203609157 -1.00347926 -0.0639578485 -0.239081577 -0.880535153 -0.0784692931 -0.263088164 -1.00347926 -0.0978178859 -0.203609157 -0.880535153 -0.0784692931 -0.263088164 -0.880535153 -0.120212096 -0.22152452 -0.880535153 -0.120212096 -0.22152452 -0.880535153 -0.0784692931 -0.263088164 -0.752261127 -0.0924432768 -0.286198984 -0.880535153 -0.120212096 -0.22152452 -0.752261127 -0.0924432768 -0.286198984 -0.752261127 -0.141531373 -0.23872327 -0.752261127 -0.141531373 -0.23872327 -0.752261127 -0.0924432768 -0.286198984 -0.625061989 -0.104088269 -0.305905884 -0.752261127 -0.141531373 -0.23872327 -0.625061989 -0.104088269 -0.305905884 -0.625061989 -0.159446737 -0.253413868 -0.625061989 -0.159446737 -0.253413868 -0.625061989 -0.104088269 -0.305905884 -0.502476136 -0.112687643 -0.320596482 -0.625061989 -0.159446737 -0.253413868 -0.502476136 -0.112687643 -0.320596482 -0.502476136 -0.172524958 -0.26434224 -0.502476136 -0.172524958 -0.26434224 -0.502476136 -0.112687643 -0.320596482 -0.37456045 -0.119495481 -0.332958083 -0.502476136 -0.172524958 -0.26434224 -0.37456045 -0.119495481 -0.332958083 -0.37456045 -0.183095017 -0.273479075 -0.37456045 -0.183095017 -0.273479075 -0.37456045 -0.119495481 -0.332958083 -0.241404527 -0.125228398 -0.343528147 -0.37456045 -0.183095017 -0.273479075 -0.241404527 -0.125228398 -0.343528147 -0.241404527 -0.191873551 -0.281182682 -0.241404527 -0.191873551 -0.281182682 -0.241404527 -0.125228398 -0.343528147 -0.106143526 -0.129707233 -0.352127522 -0.241404527 -0.191873551 -0.281182682 -0.106143526 -0.129707233 -0.352127522 -0.106143526 -0.198681378 -0.287632213 -0.106143526 -0.198681378 -0.287632213 -0.106143526 -0.129707233 -0.352127522 0.0287591683 -0.132931999 -0.35893536 -0.106143526 -0.198681378 -0.287632213 0.0287591683 -0.132931999 -0.35893536 0.0287591683 -0.20369768 -0.292648514 0.0287591683 -0.20369768 -0.292648514 0.0287591683 -0.132931999 -0.35893536 0.160257938 -0.135081842 -0.363772514 0.0287591683 -0.20369768 -0.292648514 0.160257938 -0.135081842 -0.363772514 0.160257938 -0.206922456 -0.296231587 0.160257938 -0.206922456 -0.296231587 0.160257938 -0.135081842 -0.363772514 0.285665484 -0.135977616 -0.36681812 0.160257938 -0.206922456 -0.296231587 0.285665484 -0.135977616 -0.36681812 0.285665484 -0.208176537 -0.298560584 0.285665484 -0.208176537 -0.298560584 0.285665484 -0.135977616 -0.36681812 0.407310809 -0.13544015 -0.368072201 0.285665484 -0.208176537 -0.298560584 0.407310809 -0.13544015 -0.368072201 0.407310809 -0.207459923 -0.299456353 0.407310809 -0.207459923 -0.299456353 0.407310809 -0.13544015 -0.368072201 0.528105159 -0.133469465 -0.367713894 0.407310809 -0.207459923 -0.299456353 0.528105159 -0.133469465 -0.367713894 0.528105159 -0.204414295 -0.299098045 0.528105159 -0.204414295 -0.299098045 0.528105159 -0.133469465 -0.367713894 0.646346537 -0.1302447 -0.365384891 0.528105159 -0.204414295 -0.299098045 0.646346537 -0.1302447 -0.365384891 0.646346537 -0.199577163 -0.297485663 0.646346537 -0.199577163 -0.297485663 0.646346537 -0.1302447 -0.365384891 0.76046742 -0.126124161 -0.361264363 0.646346537 -0.199577163 -0.297485663 0.76046742 -0.126124161 -0.361264363 0.76046742 -0.193127632 -0.294440051 0.76046742 -0.193127632 -0.294440051 0.76046742 -0.126124161 -0.361264363 0.868721026 -0.121107859 -0.354635673 0.76046742 -0.193127632 -0.294440051 0.868721026 -0.121107859 -0.354635673 0.868721026 -0.185603168 -0.289602903 0.868721026 -0.185603168 -0.289602903 0.868721026 -0.121107859 -0.354635673 0.969226211 -0.115554101 -0.345677991 0.868721026 -0.185603168 -0.289602903 0.969226211 -0.115554101 -0.345677991 0.969226211 -0.177182953 -0.282974218 0.969226211 -0.177182953 -0.282974218 0.969226211 -0.115554101 -0.345677991 1.06166947 -0.109642026 -0.333495544 0.969226211 -0.177182953 -0.282974218 1.06166947 -0.109642026 -0.333495544 1.06166947 -0.167866963 -0.273837383 1.06166947 -0.167866963 -0.273837383 1.06166947 -0.109642026 -0.333495544 1.14999223 -0.101759266 -0.315759334 1.06166947 -0.167866963 -0.273837383 1.14999223 -0.101759266 -0.315759334 1.14999223 -0.155863664 -0.260580013 1.14999223 -0.155863664 -0.260580013 1.14999223 -0.101759266 -0.315759334 1.23334345 -0.0926224359 -0.29390259 1.14999223 -0.155863664 -0.260580013 1.23334345 -0.0926224359 -0.29390259 1.23334345 -0.141889681 -0.244456186 1.23334345 -0.141889681 -0.244456186 1.23334345 -0.0926224359 -0.29390259 1.3094837 -0.0831272876 -0.270612617 1.23334345 -0.141889681 -0.244456186 1.3094837 -0.0831272876 -0.270612617 1.3094837 -0.127378241 -0.227078283 1.3094837 -0.127378241 -0.227078283 1.3094837 -0.0831272876 -0.270612617 1.37648721 -0.0741696058 -0.248218412 1.3094837 -0.127378241 -0.227078283 1.37648721 -0.0741696058 -0.248218412 1.37648721 -0.113583406 -0.210416995 1.37648721 -0.113583406 -0.210416995 1.37648721 -0.0741696058 -0.248218412 1.4323831 -0.0664659994 -0.229048973 1.37648721 -0.113583406 -0.210416995 1.4323831 -0.0664659994 -0.229048973 1.4323831 -0.101938425 -0.196263858 1.4323831 -0.101938425 -0.196263858 1.4323831 -0.0664659994 -0.229048973 1.47502168 -0.0610913903 -0.215791604 1.4323831 -0.101938425 -0.196263858 1.47502168 -0.0610913903 -0.215791604 1.47502168 -0.0936973577 -0.186410408 1.47502168 -0.0936973577 -0.186410408 1.47502168 -0.0610913903 -0.215791604 1.50350711 -0.0592998539 -0.212208531 1.47502168 -0.0936973577 -0.186410408 1.50350711 -0.0592998539 -0.212208531 1.50350711 -0.0906517404 -0.183723103 1.50350711 -0.0906517404 -0.183723103 1.50350711 -0.0592998539 -0.212208531 1.53199255 -0.0530294766 -0.200563545 1.50350711 -0.0906517404 -0.183723103 1.53199255 -0.0530294766 -0.200563545 1.53199255 -0.0811565976 -0.175123728 1.53199255 -0.0811565976 -0.175123728 1.53199255 -0.0530294766 -0.200563545 1.56065713 -0.040488722 -0.177273572 1.53199255 -0.0811565976 -0.175123728 1.56065713 -0.040488722 -0.177273572 1.56065713 -0.0619871585 -0.157924979 1.56065713 -0.0619871585 -0.157924979 1.56065713 -0.040488722 -0.177273572 1.58914256 0 -0.102029045 -1.34602106 0 -0.102029045 -1.32882231 -0.00680783821 -0.162762128 -1.32882231 -0.0197069001 -0.155416828 -1.32882231 -0.0197069001 -0.155416828 -1.32882231 -0.00680783821 -0.162762128 -1.31162356 -0.00895768186 -0.181573259 -1.32882231 -0.0197069001 -0.155416828 -1.31162356 -0.00895768186 -0.181573259 -1.31162356 -0.0257981238 -0.172078117 -1.31162356 -0.0257981238 -0.172078117 -1.31162356 -0.00895768186 -0.181573259 -1.29442481 -0.0100326037 -0.191068402 -1.31162356 -0.0257981238 -0.172078117 -1.29442481 -0.0100326037 -0.191068402 -1.29442481 -0.0288437356 -0.180319184 -1.29442481 -0.0288437356 -0.180319184 -1.29442481 -0.0100326037 -0.191068402 -1.27722606 -0.010390911 -0.19393486 -1.29442481 -0.0288437356 -0.180319184 -1.27722606 -0.010390911 -0.19393486 -1.27722606 -0.0297395038 -0.182827335 -1.27722606 -0.0297395038 -0.182827335 -1.27722606 -0.010390911 -0.19393486 -1.20807277 -0.0132573691 -0.209521227 -1.27722606 -0.0297395038 -0.182827335 -1.20807277 -0.0132573691 -0.209521227 -1.20807277 -0.0379805711 -0.196622165 -1.20807277 -0.0379805711 -0.196622165 -1.20807277 -0.0132573691 -0.209521227 -1.11473368 -0.0173779028 -0.231736278 -1.20807277 -0.0379805711 -0.196622165 -1.11473368 -0.0173779028 -0.231736278 -1.11473368 -0.0499838648 -0.215970758 -1.11473368 -0.0499838648 -0.215970758 -1.11473368 -0.0173779028 -0.231736278 -1.00347926 -0.022215051 -0.257713555 -1.11473368 -0.0499838648 -0.215970758 -1.00347926 -0.022215051 -0.257713555 -1.00347926 -0.0639578485 -0.239081577 -1.00347926 -0.0639578485 -0.239081577 -1.00347926 -0.022215051 -0.257713555 -0.880535153 -0.0272313528 -0.285303215 -1.00347926 -0.0639578485 -0.239081577 -0.880535153 -0.0272313528 -0.285303215 -0.880535153 -0.0784692931 -0.263088164 -0.880535153 -0.0784692931 -0.263088164 -0.880535153 -0.0272313528 -0.285303215 -0.752261127 -0.0320685011 -0.311459646 -0.880535153 -0.0784692931 -0.263088164 -0.752261127 -0.0320685011 -0.311459646 -0.752261127 -0.0924432768 -0.286198984 -0.752261127 -0.0924432768 -0.286198984 -0.752261127 -0.0320685011 -0.311459646 -0.625061989 -0.0361890347 -0.333853851 -0.752261127 -0.0924432768 -0.286198984 -0.625061989 -0.0361890347 -0.333853851 -0.625061989 -0.104088269 -0.305905884 -0.625061989 -0.104088269 -0.305905884 -0.625061989 -0.0361890347 -0.333853851 -0.502476136 -0.0390554929 -0.350694293 -0.625061989 -0.104088269 -0.305905884 -0.502476136 -0.0390554929 -0.350694293 -0.502476136 -0.112687643 -0.320596482 -0.502476136 -0.112687643 -0.320596482 -0.502476136 -0.0390554929 -0.350694293 -0.37456045 -0.0415636438 -0.364668277 -0.502476136 -0.112687643 -0.320596482 -0.37456045 -0.0415636438 -0.364668277 -0.37456045 -0.119495481 -0.332958083 -0.37456045 -0.119495481 -0.332958083 -0.37456045 -0.0415636438 -0.364668277 -0.241404527 -0.0435343338 -0.376492417 -0.37456045 -0.119495481 -0.332958083 -0.241404527 -0.0435343338 -0.376492417 -0.241404527 -0.125228398 -0.343528147 -0.241404527 -0.125228398 -0.343528147 -0.241404527 -0.0435343338 -0.376492417 -0.106143526 -0.0449675629 -0.386345872 -0.241404527 -0.125228398 -0.343528147 -0.106143526 -0.0449675629 -0.386345872 -0.106143526 -0.129707233 -0.352127522 -0.106143526 -0.129707233 -0.352127522 -0.106143526 -0.0449675629 -0.386345872 0.0287591683 -0.0462216384 -0.394049473 -0.106143526 -0.129707233 -0.352127522 0.0287591683 -0.0462216384 -0.394049473 0.0287591683 -0.132931999 -0.35893536 0.0287591683 -0.132931999 -0.35893536 0.0287591683 -0.0462216384 -0.394049473 0.160257938 -0.0469382529 -0.399603241 0.0287591683 -0.132931999 -0.35893536 0.160257938 -0.0469382529 -0.399603241 0.160257938 -0.135081842 -0.363772514 0.160257938 -0.135081842 -0.363772514 0.160257938 -0.0469382529 -0.399603241 0.285665484 -0.0471174066 -0.403007155 0.160257938 -0.135081842 -0.363772514 0.285665484 -0.0471174066 -0.403007155 0.285665484 -0.135977616 -0.36681812 0.285665484 -0.135977616 -0.36681812 0.285665484 -0.0471174066 -0.403007155 0.407310809 -0.0469382529 -0.404440384 0.285665484 -0.135977616 -0.36681812 0.407310809 -0.0469382529 -0.404440384 0.407310809 -0.13544015 -0.368072201 0.407310809 -0.13544015 -0.368072201 0.407310809 -0.0469382529 -0.404440384 0.528105159 -0.046400792 -0.404082077 0.407310809 -0.13544015 -0.368072201 0.528105159 -0.046400792 -0.404082077 0.528105159 -0.133469465 -0.367713894 0.528105159 -0.133469465 -0.367713894 0.528105159 -0.046400792 -0.404082077 0.646346537 -0.0451467166 -0.401573926 0.528105159 -0.133469465 -0.367713894 0.646346537 -0.0451467166 -0.401573926 0.646346537 -0.1302447 -0.365384891 0.646346537 -0.1302447 -0.365384891 0.646346537 -0.0451467166 -0.401573926 0.76046742 -0.0437134875 -0.396736783 0.646346537 -0.1302447 -0.365384891 0.76046742 -0.0437134875 -0.396736783 0.76046742 -0.126124161 -0.361264363 0.76046742 -0.126124161 -0.361264363 0.76046742 -0.0437134875 -0.396736783 0.868721026 -0.0421011047 -0.389391479 0.76046742 -0.126124161 -0.361264363 0.868721026 -0.0421011047 -0.389391479 0.868721026 -0.121107859 -0.354635673 0.868721026 -0.121107859 -0.354635673 0.868721026 -0.0421011047 -0.389391479 0.969226211 -0.0401304147 -0.379179727 0.868721026 -0.121107859 -0.354635673 0.969226211 -0.0401304147 -0.379179727 0.969226211 -0.115554101 -0.345677991 0.969226211 -0.115554101 -0.345677991 0.969226211 -0.0401304147 -0.379179727 1.06166947 -0.0379805711 -0.365384891 0.969226211 -0.115554101 -0.345677991 1.06166947 -0.0379805711 -0.365384891 1.06166947 -0.109642026 -0.333495544 1.06166947 -0.109642026 -0.333495544 1.06166947 -0.0379805711 -0.365384891 1.14999223 -0.0352932665 -0.344961376 1.06166947 -0.109642026 -0.333495544 1.14999223 -0.0352932665 -0.344961376 1.14999223 -0.101759266 -0.315759334 1.14999223 -0.101759266 -0.315759334 1.14999223 -0.0352932665 -0.344961376 1.23334345 -0.0322476547 -0.320238175 1.14999223 -0.101759266 -0.315759334 1.23334345 -0.0322476547 -0.320238175 1.23334345 -0.0926224359 -0.29390259 1.23334345 -0.0926224359 -0.29390259 1.23334345 -0.0322476547 -0.320238175 1.3094837 -0.0288437356 -0.293723436 1.23334345 -0.0926224359 -0.29390259 1.3094837 -0.0288437356 -0.293723436 1.3094837 -0.0831272876 -0.270612617 1.3094837 -0.0831272876 -0.270612617 1.3094837 -0.0288437356 -0.293723436 1.37648721 -0.0257981238 -0.268104466 1.3094837 -0.0831272876 -0.270612617 1.37648721 -0.0257981238 -0.268104466 1.37648721 -0.0741696058 -0.248218412 1.37648721 -0.0741696058 -0.248218412 1.37648721 -0.0257981238 -0.268104466 1.4323831 -0.0231108192 -0.24660603 1.37648721 -0.0741696058 -0.248218412 1.4323831 -0.0231108192 -0.24660603 1.4323831 -0.0664659994 -0.229048973 1.4323831 -0.0664659994 -0.229048973 1.4323831 -0.0231108192 -0.24660603 1.47502168 -0.0213192828 -0.231377971 1.4323831 -0.0664659994 -0.229048973 1.47502168 -0.0213192828 -0.231377971 1.47502168 -0.0610913903 -0.215791604 1.47502168 -0.0610913903 -0.215791604 1.47502168 -0.0213192828 -0.231377971 1.50350711 -0.0206026683 -0.227257437 1.47502168 -0.0610913903 -0.215791604 1.50350711 -0.0206026683 -0.227257437 1.50350711 -0.0592998539 -0.212208531 1.50350711 -0.0592998539 -0.212208531 1.50350711 -0.0206026683 -0.227257437 1.53199255 -0.0184528246 -0.214000068 1.50350711 -0.0592998539 -0.212208531 1.53199255 -0.0184528246 -0.214000068 1.53199255 -0.0530294766 -0.200563545 1.53199255 -0.0530294766 -0.200563545 1.53199255 -0.0184528246 -0.214000068 1.56065713 -0.0139739837 -0.187664483 1.53199255 -0.0530294766 -0.200563545 1.56065713 -0.0139739837 -0.187664483 1.56065713 -0.040488722 -0.177273572 1.56065713 -0.040488722 -0.177273572 1.56065713 -0.0139739837 -0.187664483 1.58914256 0 -0.102029045 -1.34602106 0 -0.102029045 -1.32882231 0.00680783821 -0.162762128 -1.32882231 -0.00680783821 -0.162762128 -1.32882231 -0.00680783821 -0.162762128 -1.32882231 0.00680783821 -0.162762128 -1.31162356 0.00895768186 -0.181573259 -1.32882231 -0.00680783821 -0.162762128 -1.31162356 0.00895768186 -0.181573259 -1.31162356 -0.00895768186 -0.181573259 -1.31162356 -0.00895768186 -0.181573259 -1.31162356 0.00895768186 -0.181573259 -1.29442481 0.0100326037 -0.191068402 -1.31162356 -0.00895768186 -0.181573259 -1.29442481 0.0100326037 -0.191068402 -1.29442481 -0.0100326037 -0.191068402 -1.29442481 -0.0100326037 -0.191068402 -1.29442481 0.0100326037 -0.191068402 -1.27722606 0.010390911 -0.19393486 -1.29442481 -0.0100326037 -0.191068402 -1.27722606 0.010390911 -0.19393486 -1.27722606 -0.010390911 -0.19393486 -1.27722606 -0.010390911 -0.19393486 -1.27722606 0.010390911 -0.19393486 -1.20807277 0.0132573691 -0.209521227 -1.27722606 -0.010390911 -0.19393486 -1.20807277 0.0132573691 -0.209521227 -1.20807277 -0.0132573691 -0.209521227 -1.20807277 -0.0132573691 -0.209521227 -1.20807277 0.0132573691 -0.209521227 -1.11473368 0.0173779028 -0.231736278 -1.20807277 -0.0132573691 -0.209521227 -1.11473368 0.0173779028 -0.231736278 -1.11473368 -0.0173779028 -0.231736278 -1.11473368 -0.0173779028 -0.231736278 -1.11473368 0.0173779028 -0.231736278 -1.00347926 0.022215051 -0.257713555 -1.11473368 -0.0173779028 -0.231736278 -1.00347926 0.022215051 -0.257713555 -1.00347926 -0.022215051 -0.257713555 -1.00347926 -0.022215051 -0.257713555 -1.00347926 0.022215051 -0.257713555 -0.880535153 0.0272313528 -0.285303215 -1.00347926 -0.022215051 -0.257713555 -0.880535153 0.0272313528 -0.285303215 -0.880535153 -0.0272313528 -0.285303215 -0.880535153 -0.0272313528 -0.285303215 -0.880535153 0.0272313528 -0.285303215 -0.752261127 0.0320685011 -0.311459646 -0.880535153 -0.0272313528 -0.285303215 -0.752261127 0.0320685011 -0.311459646 -0.752261127 -0.0320685011 -0.311459646 -0.752261127 -0.0320685011 -0.311459646 -0.752261127 0.0320685011 -0.311459646 -0.625061989 0.0361890347 -0.333853851 -0.752261127 -0.0320685011 -0.311459646 -0.625061989 0.0361890347 -0.333853851 -0.625061989 -0.0361890347 -0.333853851 -0.625061989 -0.0361890347 -0.333853851 -0.625061989 0.0361890347 -0.333853851 -0.502476136 0.0390554929 -0.350694293 -0.625061989 -0.0361890347 -0.333853851 -0.502476136 0.0390554929 -0.350694293 -0.502476136 -0.0390554929 -0.350694293 -0.502476136 -0.0390554929 -0.350694293 -0.502476136 0.0390554929 -0.350694293 -0.37456045 0.0415636438 -0.364668277 -0.502476136 -0.0390554929 -0.350694293 -0.37456045 0.0415636438 -0.364668277 -0.37456045 -0.0415636438 -0.364668277 -0.37456045 -0.0415636438 -0.364668277 -0.37456045 0.0415636438 -0.364668277 -0.241404527 0.0435343338 -0.376492417 -0.37456045 -0.0415636438 -0.364668277 -0.241404527 0.0435343338 -0.376492417 -0.241404527 -0.0435343338 -0.376492417 -0.241404527 -0.0435343338 -0.376492417 -0.241404527 0.0435343338 -0.376492417 -0.106143526 0.0449675629 -0.386345872 -0.241404527 -0.0435343338 -0.376492417 -0.106143526 0.0449675629 -0.386345872 -0.106143526 -0.0449675629 -0.386345872 -0.106143526 -0.0449675629 -0.386345872 -0.106143526 0.0449675629 -0.386345872 0.0287591683 0.0462216384 -0.394049473 -0.106143526 -0.0449675629 -0.386345872 0.0287591683 0.0462216384 -0.394049473 0.0287591683 -0.0462216384 -0.394049473 0.0287591683 -0.0462216384 -0.394049473 0.0287591683 0.0462216384 -0.394049473 0.160257938 0.0469382529 -0.399603241 0.0287591683 -0.0462216384 -0.394049473 0.160257938 0.0469382529 -0.399603241 0.160257938 -0.0469382529 -0.399603241 0.160257938 -0.0469382529 -0.399603241 0.160257938 0.0469382529 -0.399603241 0.285665484 0.0471174066 -0.403007155 0.160257938 -0.0469382529 -0.399603241 0.285665484 0.0471174066 -0.403007155 0.285665484 -0.0471174066 -0.403007155 0.285665484 -0.0471174066 -0.403007155 0.285665484 0.0471174066 -0.403007155 0.407310809 0.0469382529 -0.404440384 0.285665484 -0.0471174066 -0.403007155 0.407310809 0.0469382529 -0.404440384 0.407310809 -0.0469382529 -0.404440384 0.407310809 -0.0469382529 -0.404440384 0.407310809 0.0469382529 -0.404440384 0.528105159 0.046400792 -0.404082077 0.407310809 -0.0469382529 -0.404440384 0.528105159 0.046400792 -0.404082077 0.528105159 -0.046400792 -0.404082077 0.528105159 -0.046400792 -0.404082077 0.528105159 0.046400792 -0.404082077 0.646346537 0.0451467166 -0.401573926 0.528105159 -0.046400792 -0.404082077 0.646346537 0.0451467166 -0.401573926 0.646346537 -0.0451467166 -0.401573926 0.646346537 -0.0451467166 -0.401573926 0.646346537 0.0451467166 -0.401573926 0.76046742 0.0437134875 -0.396736783 0.646346537 -0.0451467166 -0.401573926 0.76046742 0.0437134875 -0.396736783 0.76046742 -0.0437134875 -0.396736783 0.76046742 -0.0437134875 -0.396736783 0.76046742 0.0437134875 -0.396736783 0.868721026 0.0421011047 -0.389391479 0.76046742 -0.0437134875 -0.396736783 0.868721026 0.0421011047 -0.389391479 0.868721026 -0.0421011047 -0.389391479 0.868721026 -0.0421011047 -0.389391479 0.868721026 0.0421011047 -0.389391479 0.969226211 0.0401304147 -0.379179727 0.868721026 -0.0421011047 -0.389391479 0.969226211 0.0401304147 -0.379179727 0.969226211 -0.0401304147 -0.379179727 0.969226211 -0.0401304147 -0.379179727 0.969226211 0.0401304147 -0.379179727 1.06166947 0.0379805711 -0.365384891 0.969226211 -0.0401304147 -0.379179727 1.06166947 0.0379805711 -0.365384891 1.06166947 -0.0379805711 -0.365384891 1.06166947 -0.0379805711 -0.365384891 1.06166947 0.0379805711 -0.365384891 1.14999223 0.0352932665 -0.344961376 1.06166947 -0.0379805711 -0.365384891 1.14999223 0.0352932665 -0.344961376 1.14999223 -0.0352932665 -0.344961376 1.14999223 -0.0352932665 -0.344961376 1.14999223 0.0352932665 -0.344961376 1.23334345 0.0322476547 -0.320238175 1.14999223 -0.0352932665 -0.344961376 1.23334345 0.0322476547 -0.320238175 1.23334345 -0.0322476547 -0.320238175 1.23334345 -0.0322476547 -0.320238175 1.23334345 0.0322476547 -0.320238175 1.3094837 0.0288437356 -0.293723436 1.23334345 -0.0322476547 -0.320238175 1.3094837 0.0288437356 -0.293723436 1.3094837 -0.0288437356 -0.293723436 1.3094837 -0.0288437356 -0.293723436 1.3094837 0.0288437356 -0.293723436 1.37648721 0.0257981238 -0.268104466 1.3094837 -0.0288437356 -0.293723436 1.37648721 0.0257981238 -0.268104466 1.37648721 -0.0257981238 -0.268104466 1.37648721 -0.0257981238 -0.268104466 1.37648721 0.0257981238 -0.268104466 1.4323831 0.0231108192 -0.24660603 1.37648721 -0.0257981238 -0.268104466 1.4323831 0.0231108192 -0.24660603 1.4323831 -0.0231108192 -0.24660603 1.4323831 -0.0231108192 -0.24660603 1.4323831 0.0231108192 -0.24660603 1.47502168 0.0213192828 -0.231377971 1.4323831 -0.0231108192 -0.24660603 1.47502168 0.0213192828 -0.231377971 1.47502168 -0.0213192828 -0.231377971 1.47502168 -0.0213192828 -0.231377971 1.47502168 0.0213192828 -0.231377971 1.50350711 0.0206026683 -0.227257437 1.47502168 -0.0213192828 -0.231377971 1.50350711 0.0206026683 -0.227257437 1.50350711 -0.0206026683 -0.227257437 1.50350711 -0.0206026683 -0.227257437 1.50350711 0.0206026683 -0.227257437 1.53199255 0.0184528246 -0.214000068 1.50350711 -0.0206026683 -0.227257437 1.53199255 0.0184528246 -0.214000068 1.53199255 -0.0184528246 -0.214000068 1.53199255 -0.0184528246 -0.214000068 1.53199255 0.0184528246 -0.214000068 1.56065713 0.0139739837 -0.187664483 1.53199255 -0.0184528246 -0.214000068 1.56065713 0.0139739837 -0.187664483 1.56065713 -0.0139739837 -0.187664483 1.56065713 -0.0139739837 -0.187664483 1.56065713 0.0139739837 -0.187664483 1.58914256 0 -0.102029045 -1.34602106 0 -0.102029045 -1.32882231 0.0197069001 -0.155416828 -1.32882231 0.00680783821 -0.162762128 -1.32882231 0.00680783821 -0.162762128 -1.32882231 0.0197069001 -0.155416828 -1.31162356 0.0257981238 -0.172078117 -1.32882231 0.00680783821 -0.162762128 -1.31162356 0.0257981238 -0.172078117 -1.31162356 0.00895768186 -0.181573259 -1.31162356 0.00895768186 -0.181573259 -1.31162356 0.0257981238 -0.172078117 -1.29442481 0.0288437356 -0.180319184 -1.31162356 0.00895768186 -0.181573259 -1.29442481 0.0288437356 -0.180319184 -1.29442481 0.0100326037 -0.191068402 -1.29442481 0.0100326037 -0.191068402 -1.29442481 0.0288437356 -0.180319184 -1.27722606 0.0297395038 -0.182827335 -1.29442481 0.0100326037 -0.191068402 -1.27722606 0.0297395038 -0.182827335 -1.27722606 0.010390911 -0.19393486 -1.27722606 0.010390911 -0.19393486 -1.27722606 0.0297395038 -0.182827335 -1.20807277 0.0379805711 -0.196622165 -1.27722606 0.010390911 -0.19393486 -1.20807277 0.0379805711 -0.196622165 -1.20807277 0.0132573691 -0.209521227 -1.20807277 0.0132573691 -0.209521227 -1.20807277 0.0379805711 -0.196622165 -1.11473368 0.0499838648 -0.215970758 -1.20807277 0.0132573691 -0.209521227 -1.11473368 0.0499838648 -0.215970758 -1.11473368 0.0173779028 -0.231736278 -1.11473368 0.0173779028 -0.231736278 -1.11473368 0.0499838648 -0.215970758 -1.00347926 0.0639578485 -0.239081577 -1.11473368 0.0173779028 -0.231736278 -1.00347926 0.0639578485 -0.239081577 -1.00347926 0.022215051 -0.257713555 -1.00347926 0.022215051 -0.257713555 -1.00347926 0.0639578485 -0.239081577 -0.880535153 0.0784692931 -0.263088164 -1.00347926 0.022215051 -0.257713555 -0.880535153 0.0784692931 -0.263088164 -0.880535153 0.0272313528 -0.285303215 -0.880535153 0.0272313528 -0.285303215 -0.880535153 0.0784692931 -0.263088164 -0.752261127 0.0924432768 -0.286198984 -0.880535153 0.0272313528 -0.285303215 -0.752261127 0.0924432768 -0.286198984 -0.752261127 0.0320685011 -0.311459646 -0.752261127 0.0320685011 -0.311459646 -0.752261127 0.0924432768 -0.286198984 -0.625061989 0.104088269 -0.305905884 -0.752261127 0.0320685011 -0.311459646 -0.625061989 0.104088269 -0.305905884 -0.625061989 0.0361890347 -0.333853851 -0.625061989 0.0361890347 -0.333853851 -0.625061989 0.104088269 -0.305905884 -0.502476136 0.112687643 -0.320596482 -0.625061989 0.0361890347 -0.333853851 -0.502476136 0.112687643 -0.320596482 -0.502476136 0.0390554929 -0.350694293 -0.502476136 0.0390554929 -0.350694293 -0.502476136 0.112687643 -0.320596482 -0.37456045 0.119495481 -0.332958083 -0.502476136 0.0390554929 -0.350694293 -0.37456045 0.119495481 -0.332958083 -0.37456045 0.0415636438 -0.364668277 -0.37456045 0.0415636438 -0.364668277 -0.37456045 0.119495481 -0.332958083 -0.241404527 0.125228398 -0.343528147 -0.37456045 0.0415636438 -0.364668277 -0.241404527 0.125228398 -0.343528147 -0.241404527 0.0435343338 -0.376492417 -0.241404527 0.0435343338 -0.376492417 -0.241404527 0.125228398 -0.343528147 -0.106143526 0.129707233 -0.352127522 -0.241404527 0.0435343338 -0.376492417 -0.106143526 0.129707233 -0.352127522 -0.106143526 0.0449675629 -0.386345872 -0.106143526 0.0449675629 -0.386345872 -0.106143526 0.129707233 -0.352127522 0.0287591683 0.132931999 -0.35893536 -0.106143526 0.0449675629 -0.386345872 0.0287591683 0.132931999 -0.35893536 0.0287591683 0.0462216384 -0.394049473 0.0287591683 0.0462216384 -0.394049473 0.0287591683 0.132931999 -0.35893536 0.160257938 0.135081842 -0.363772514 0.0287591683 0.0462216384 -0.394049473 0.160257938 0.135081842 -0.363772514 0.160257938 0.0469382529 -0.399603241 0.160257938 0.0469382529 -0.399603241 0.160257938 0.135081842 -0.363772514 0.285665484 0.135977616 -0.36681812 0.160257938 0.0469382529 -0.399603241 0.285665484 0.135977616 -0.36681812 0.285665484 0.0471174066 -0.403007155 0.285665484 0.0471174066 -0.403007155 0.285665484 0.135977616 -0.36681812 0.407310809 0.13544015 -0.368072201 0.285665484 0.0471174066 -0.403007155 0.407310809 0.13544015 -0.368072201 0.407310809 0.0469382529 -0.404440384 0.407310809 0.0469382529 -0.404440384 0.407310809 0.13544015 -0.368072201 0.528105159 0.133469465 -0.367713894 0.407310809 0.0469382529 -0.404440384 0.528105159 0.133469465 -0.367713894 0.528105159 0.046400792 -0.404082077 0.528105159 0.046400792 -0.404082077 0.528105159 0.133469465 -0.367713894 0.646346537 0.1302447 -0.365384891 0.528105159 0.046400792 -0.404082077 0.646346537 0.1302447 -0.365384891 0.646346537 0.0451467166 -0.401573926 0.646346537 0.0451467166 -0.401573926 0.646346537 0.1302447 -0.365384891 0.76046742 0.126124161 -0.361264363 0.646346537 0.0451467166 -0.401573926 0.76046742 0.126124161 -0.361264363 0.76046742 0.0437134875 -0.396736783 0.76046742 0.0437134875 -0.396736783 0.76046742 0.126124161 -0.361264363 0.868721026 0.121107859 -0.354635673 0.76046742 0.0437134875 -0.396736783 0.868721026 0.121107859 -0.354635673 0.868721026 0.0421011047 -0.389391479 0.868721026 0.0421011047 -0.389391479 0.868721026 0.121107859 -0.354635673 0.969226211 0.115554101 -0.345677991 0.868721026 0.0421011047 -0.389391479 0.969226211 0.115554101 -0.345677991 0.969226211 0.0401304147 -0.379179727 0.969226211 0.0401304147 -0.379179727 0.969226211 0.115554101 -0.345677991 1.06166947 0.109642026 -0.333495544 0.969226211 0.0401304147 -0.379179727 1.06166947 0.109642026 -0.333495544 1.06166947 0.0379805711 -0.365384891 1.06166947 0.0379805711 -0.365384891 1.06166947 0.109642026 -0.333495544 1.14999223 0.101759266 -0.315759334 1.06166947 0.0379805711 -0.365384891 1.14999223 0.101759266 -0.315759334 1.14999223 0.0352932665 -0.344961376 1.14999223 0.0352932665 -0.344961376 1.14999223 0.101759266 -0.315759334 1.23334345 0.0926224359 -0.29390259 1.14999223 0.0352932665 -0.344961376 1.23334345 0.0926224359 -0.29390259 1.23334345 0.0322476547 -0.320238175 1.23334345 0.0322476547 -0.320238175 1.23334345 0.0926224359 -0.29390259 1.3094837 0.0831272876 -0.270612617 1.23334345 0.0322476547 -0.320238175 1.3094837 0.0831272876 -0.270612617 1.3094837 0.0288437356 -0.293723436 1.3094837 0.0288437356 -0.293723436 1.3094837 0.0831272876 -0.270612617 1.37648721 0.0741696058 -0.248218412 1.3094837 0.0288437356 -0.293723436 1.37648721 0.0741696058 -0.248218412 1.37648721 0.0257981238 -0.268104466 1.37648721 0.0257981238 -0.268104466 1.37648721 0.0741696058 -0.248218412 1.4323831 0.0664659994 -0.229048973 1.37648721 0.0257981238 -0.268104466 1.4323831 0.0664659994 -0.229048973 1.4323831 0.0231108192 -0.24660603 1.4323831 0.0231108192 -0.24660603 1.4323831 0.0664659994 -0.229048973 1.47502168 0.0610913903 -0.215791604 1.4323831 0.0231108192 -0.24660603 1.47502168 0.0610913903 -0.215791604 1.47502168 0.0213192828 -0.231377971 1.47502168 0.0213192828 -0.231377971 1.47502168 0.0610913903 -0.215791604 1.50350711 0.0592998539 -0.212208531 1.47502168 0.0213192828 -0.231377971 1.50350711 0.0592998539 -0.212208531 1.50350711 0.0206026683 -0.227257437 1.50350711 0.0206026683 -0.227257437 1.50350711 0.0592998539 -0.212208531 1.53199255 0.0530294766 -0.200563545 1.50350711 0.0206026683 -0.227257437 1.53199255 0.0530294766 -0.200563545 1.53199255 0.0184528246 -0.214000068 1.53199255 0.0184528246 -0.214000068 1.53199255 0.0530294766 -0.200563545 1.56065713 0.040488722 -0.177273572 1.53199255 0.0184528246 -0.214000068 1.56065713 0.040488722 -0.177273572 1.56065713 0.0139739837 -0.187664483 1.56065713 0.0139739837 -0.187664483 1.56065713 0.040488722 -0.177273572 1.58914256 0 -0.102029045 -1.34602106 0 -0.102029045 -1.32882231 0.030097811 -0.141621993 -1.32882231 0.0197069001 -0.155416828 -1.32882231 0.0197069001 -0.155416828 -1.32882231 0.030097811 -0.141621993 -1.31162356 0.0394138002 -0.153983599 -1.32882231 0.0197069001 -0.155416828 -1.31162356 0.0394138002 -0.153983599 -1.31162356 0.0257981238 -0.172078117 -1.31162356 0.0257981238 -0.172078117 -1.31162356 0.0394138002 -0.153983599 -1.29442481 0.0440717947 -0.160074823 -1.31162356 0.0257981238 -0.172078117 -1.29442481 0.0440717947 -0.160074823 -1.29442481 0.0288437356 -0.180319184 -1.29442481 0.0288437356 -0.180319184 -1.29442481 0.0440717947 -0.160074823 -1.27722606 0.0455050238 -0.162045513 -1.29442481 0.0288437356 -0.180319184 -1.27722606 0.0455050238 -0.162045513 -1.27722606 0.0297395038 -0.182827335 -1.27722606 0.0297395038 -0.182827335 -1.27722606 0.0455050238 -0.162045513 -1.20807277 0.0582249321 -0.17225727 -1.27722606 0.0297395038 -0.182827335 -1.20807277 0.0582249321 -0.17225727 -1.20807277 0.0379805711 -0.196622165 -1.20807277 0.0379805711 -0.196622165 -1.20807277 0.0582249321 -0.17225727 -1.11473368 0.0764986031 -0.186589561 -1.20807277 0.0379805711 -0.196622165 -1.11473368 0.0764986031 -0.186589561 -1.11473368 0.0499838648 -0.215970758 -1.11473368 0.0499838648 -0.215970758 -1.11473368 0.0764986031 -0.186589561 -1.00347926 0.0978178859 -0.203609157 -1.11473368 0.0499838648 -0.215970758 -1.00347926 0.0978178859 -0.203609157 -1.00347926 0.0639578485 -0.239081577 -1.00347926 0.0639578485 -0.239081577 -1.00347926 0.0978178859 -0.203609157 -0.880535153 0.120212096 -0.22152452 -1.00347926 0.0639578485 -0.239081577 -0.880535153 0.120212096 -0.22152452 -0.880535153 0.0784692931 -0.263088164 -0.880535153 0.0784692931 -0.263088164 -0.880535153 0.120212096 -0.22152452 -0.752261127 0.141531373 -0.23872327 -0.880535153 0.0784692931 -0.263088164 -0.752261127 0.141531373 -0.23872327 -0.752261127 0.0924432768 -0.286198984 -0.752261127 0.0924432768 -0.286198984 -0.752261127 0.141531373 -0.23872327 -0.625061989 0.159446737 -0.253413868 -0.752261127 0.0924432768 -0.286198984 -0.625061989 0.159446737 -0.253413868 -0.625061989 0.104088269 -0.305905884 -0.625061989 0.104088269 -0.305905884 -0.625061989 0.159446737 -0.253413868 -0.502476136 0.172524958 -0.26434224 -0.625061989 0.104088269 -0.305905884 -0.502476136 0.172524958 -0.26434224 -0.502476136 0.112687643 -0.320596482 -0.502476136 0.112687643 -0.320596482 -0.502476136 0.172524958 -0.26434224 -0.37456045 0.183095017 -0.273479075 -0.502476136 0.112687643 -0.320596482 -0.37456045 0.183095017 -0.273479075 -0.37456045 0.119495481 -0.332958083 -0.37456045 0.119495481 -0.332958083 -0.37456045 0.183095017 -0.273479075 -0.241404527 0.191873551 -0.281182682 -0.37456045 0.119495481 -0.332958083 -0.241404527 0.191873551 -0.281182682 -0.241404527 0.125228398 -0.343528147 -0.241404527 0.125228398 -0.343528147 -0.241404527 0.191873551 -0.281182682 -0.106143526 0.198681378 -0.287632213 -0.241404527 0.125228398 -0.343528147 -0.106143526 0.198681378 -0.287632213 -0.106143526 0.129707233 -0.352127522 -0.106143526 0.129707233 -0.352127522 -0.106143526 0.198681378 -0.287632213 0.0287591683 0.20369768 -0.292648514 -0.106143526 0.129707233 -0.352127522 0.0287591683 0.20369768 -0.292648514 0.0287591683 0.132931999 -0.35893536 0.0287591683 0.132931999 -0.35893536 0.0287591683 0.20369768 -0.292648514 0.160257938 0.206922456 -0.296231587 0.0287591683 0.132931999 -0.35893536 0.160257938 0.206922456 -0.296231587 0.160257938 0.135081842 -0.363772514 0.160257938 0.135081842 -0.363772514 0.160257938 0.206922456 -0.296231587 0.285665484 0.208176537 -0.298560584 0.160257938 0.135081842 -0.363772514 0.285665484 0.208176537 -0.298560584 0.285665484 0.135977616 -0.36681812 0.285665484 0.135977616 -0.36681812 0.285665484 0.208176537 -0.298560584 0.407310809 0.207459923 -0.299456353 0.285665484 0.135977616 -0.36681812 0.407310809 0.207459923 -0.299456353 0.407310809 0.13544015 -0.368072201 0.407310809 0.13544015 -0.368072201 0.407310809 0.207459923 -0.299456353 0.528105159 0.204414295 -0.299098045 0.407310809 0.13544015 -0.368072201 0.528105159 0.204414295 -0.299098045 0.528105159 0.133469465 -0.367713894 0.528105159 0.133469465 -0.367713894 0.528105159 0.204414295 -0.299098045 0.646346537 0.199577163 -0.297485663 0.528105159 0.133469465 -0.367713894 0.646346537 0.199577163 -0.297485663 0.646346537 0.1302447 -0.365384891 0.646346537 0.1302447 -0.365384891 0.646346537 0.199577163 -0.297485663 0.76046742 0.193127632 -0.294440051 0.646346537 0.1302447 -0.365384891 0.76046742 0.193127632 -0.294440051 0.76046742 0.126124161 -0.361264363 0.76046742 0.126124161 -0.361264363 0.76046742 0.193127632 -0.294440051 0.868721026 0.185603168 -0.289602903 0.76046742 0.126124161 -0.361264363 0.868721026 0.185603168 -0.289602903 0.868721026 0.121107859 -0.354635673 0.868721026 0.121107859 -0.354635673 0.868721026 0.185603168 -0.289602903 0.969226211 0.177182953 -0.282974218 0.868721026 0.121107859 -0.354635673 0.969226211 0.177182953 -0.282974218 0.969226211 0.115554101 -0.345677991 0.969226211 0.115554101 -0.345677991 0.969226211 0.177182953 -0.282974218 1.06166947 0.167866963 -0.273837383 0.969226211 0.115554101 -0.345677991 1.06166947 0.167866963 -0.273837383 1.06166947 0.109642026 -0.333495544 1.06166947 0.109642026 -0.333495544 1.06166947 0.167866963 -0.273837383 1.14999223 0.155863664 -0.260580013 1.06166947 0.109642026 -0.333495544 1.14999223 0.155863664 -0.260580013 1.14999223 0.101759266 -0.315759334 1.14999223 0.101759266 -0.315759334 1.14999223 0.155863664 -0.260580013 1.23334345 0.141889681 -0.244456186 1.14999223 0.101759266 -0.315759334 1.23334345 0.141889681 -0.244456186 1.23334345 0.0926224359 -0.29390259 1.23334345 0.0926224359 -0.29390259 1.23334345 0.141889681 -0.244456186 1.3094837 0.127378241 -0.227078283 1.23334345 0.0926224359 -0.29390259 1.3094837 0.127378241 -0.227078283 1.3094837 0.0831272876 -0.270612617 1.3094837 0.0831272876 -0.270612617 1.3094837 0.127378241 -0.227078283 1.37648721 0.113583406 -0.210416995 1.3094837 0.0831272876 -0.270612617 1.37648721 0.113583406 -0.210416995 1.37648721 0.0741696058 -0.248218412 1.37648721 0.0741696058 -0.248218412 1.37648721 0.113583406 -0.210416995 1.4323831 0.101938425 -0.196263858 1.37648721 0.0741696058 -0.248218412 1.4323831 0.101938425 -0.196263858 1.4323831 0.0664659994 -0.229048973 1.4323831 0.0664659994 -0.229048973 1.4323831 0.101938425 -0.196263858 1.47502168 0.0936973577 -0.186410408 1.4323831 0.0664659994 -0.229048973 1.47502168 0.0936973577 -0.186410408 1.47502168 0.0610913903 -0.215791604 1.47502168 0.0610913903 -0.215791604 1.47502168 0.0936973577 -0.186410408 1.50350711 0.0906517404 -0.183723103 1.47502168 0.0610913903 -0.215791604 1.50350711 0.0906517404 -0.183723103 1.50350711 0.0592998539 -0.212208531 1.50350711 0.0592998539 -0.212208531 1.50350711 0.0906517404 -0.183723103 1.53199255 0.0811565976 -0.175123728 1.50350711 0.0592998539 -0.212208531 1.53199255 0.0811565976 -0.175123728 1.53199255 0.0530294766 -0.200563545 1.53199255 0.0530294766 -0.200563545 1.53199255 0.0811565976 -0.175123728 1.56065713 0.0619871585 -0.157924979 1.53199255 0.0530294766 -0.200563545 1.56065713 0.0619871585 -0.157924979 1.56065713 0.040488722 -0.177273572 1.56065713 0.040488722 -0.177273572 1.56065713 0.0619871585 -0.157924979 1.58914256 0 -0.102029045 -1.34602106 0 -0.102029045 -1.32882231 0.0369056493 -0.123169174 -1.32882231 0.030097811 -0.141621993 -1.32882231 0.030097811 -0.141621993 -1.32882231 0.0369056493 -0.123169174 -1.31162356 0.048371482 -0.129618705 -1.32882231 0.030097811 -0.141621993 -1.31162356 0.048371482 -0.129618705 -1.31162356 0.0394138002 -0.153983599 -1.31162356 0.0394138002 -0.153983599 -1.31162356 0.048371482 -0.129618705 -1.29442481 0.0541043984 -0.13284347 -1.31162356 0.0394138002 -0.153983599 -1.29442481 0.0541043984 -0.13284347 -1.29442481 0.0440717947 -0.160074823 -1.29442481 0.0440717947 -0.160074823 -1.29442481 0.0541043984 -0.13284347 -1.27722606 0.0558959348 -0.133918392 -1.29442481 0.0440717947 -0.160074823 -1.27722606 0.0558959348 -0.133918392 -1.27722606 0.0455050238 -0.162045513 -1.27722606 0.0455050238 -0.162045513 -1.27722606 0.0558959348 -0.133918392 -1.20807277 0.0714823012 -0.139293001 -1.27722606 0.0455050238 -0.162045513 -1.20807277 0.0714823012 -0.139293001 -1.20807277 0.0582249321 -0.17225727 -1.20807277 0.0582249321 -0.17225727 -1.20807277 0.0714823012 -0.139293001 -1.11473368 0.0938765059 -0.146996602 -1.20807277 0.0582249321 -0.17225727 -1.11473368 0.0938765059 -0.146996602 -1.11473368 0.0764986031 -0.186589561 -1.11473368 0.0764986031 -0.186589561 -1.11473368 0.0938765059 -0.146996602 -1.00347926 0.120032937 -0.156133443 -1.11473368 0.0764986031 -0.186589561 -1.00347926 0.120032937 -0.156133443 -1.00347926 0.0978178859 -0.203609157 -1.00347926 0.0978178859 -0.203609157 -1.00347926 0.120032937 -0.156133443 -0.880535153 0.147622597 -0.165628586 -1.00347926 0.0978178859 -0.203609157 -0.880535153 0.147622597 -0.165628586 -0.880535153 0.120212096 -0.22152452 -0.880535153 0.120212096 -0.22152452 -0.880535153 0.147622597 -0.165628586 -0.752261127 0.17359988 -0.174765421 -0.880535153 0.120212096 -0.22152452 -0.752261127 0.17359988 -0.174765421 -0.752261127 0.141531373 -0.23872327 -0.752261127 0.141531373 -0.23872327 -0.752261127 0.17359988 -0.174765421 -0.625061989 0.195635772 -0.182469028 -0.752261127 0.141531373 -0.23872327 -0.625061989 0.195635772 -0.182469028 -0.625061989 0.159446737 -0.253413868 -0.625061989 0.159446737 -0.253413868 -0.625061989 0.195635772 -0.182469028 -0.502476136 0.21175961 -0.188381098 -0.625061989 0.159446737 -0.253413868 -0.502476136 0.21175961 -0.188381098 -0.502476136 0.172524958 -0.26434224 -0.502476136 0.172524958 -0.26434224 -0.502476136 0.21175961 -0.188381098 -0.37456045 0.224658672 -0.193218246 -0.502476136 0.172524958 -0.26434224 -0.37456045 0.224658672 -0.193218246 -0.37456045 0.183095017 -0.273479075 -0.37456045 0.183095017 -0.273479075 -0.37456045 0.224658672 -0.193218246 -0.241404527 0.23540789 -0.197338779 -0.37456045 0.183095017 -0.273479075 -0.241404527 0.23540789 -0.197338779 -0.241404527 0.191873551 -0.281182682 -0.241404527 0.191873551 -0.281182682 -0.241404527 0.23540789 -0.197338779 -0.106143526 0.243648947 -0.200742699 -0.241404527 0.191873551 -0.281182682 -0.106143526 0.243648947 -0.200742699 -0.106143526 0.198681378 -0.287632213 -0.106143526 0.198681378 -0.287632213 -0.106143526 0.243648947 -0.200742699 0.0287591683 0.249919329 -0.203430003 -0.106143526 0.198681378 -0.287632213 0.0287591683 0.249919329 -0.203430003 0.0287591683 0.20369768 -0.292648514 0.0287591683 0.20369768 -0.292648514 0.0287591683 0.249919329 -0.203430003 0.160257938 0.25368155 -0.205400693 0.0287591683 0.20369768 -0.292648514 0.160257938 0.25368155 -0.205400693 0.160257938 0.206922456 -0.296231587 0.160257938 0.206922456 -0.296231587 0.160257938 0.25368155 -0.205400693 0.285665484 0.255473098 -0.206475615 0.160257938 0.206922456 -0.296231587 0.285665484 0.255473098 -0.206475615 0.285665484 0.208176537 -0.298560584 0.285665484 0.208176537 -0.298560584 0.285665484 0.255473098 -0.206475615 0.407310809 0.254398165 -0.207013076 0.285665484 0.208176537 -0.298560584 0.407310809 0.254398165 -0.207013076 0.407310809 0.207459923 -0.299456353 0.407310809 0.207459923 -0.299456353 0.407310809 0.254398165 -0.207013076 0.528105159 0.250815092 -0.206833922 0.407310809 0.207459923 -0.299456353 0.528105159 0.250815092 -0.206833922 0.528105159 0.204414295 -0.299098045 0.528105159 0.204414295 -0.299098045 0.528105159 0.250815092 -0.206833922 0.646346537 0.244723879 -0.205938154 0.528105159 0.204414295 -0.299098045 0.646346537 0.244723879 -0.205938154 0.646346537 0.199577163 -0.297485663 0.646346537 0.199577163 -0.297485663 0.646346537 0.244723879 -0.205938154 0.76046742 0.236841119 -0.204325771 0.646346537 0.199577163 -0.297485663 0.76046742 0.236841119 -0.204325771 0.76046742 0.193127632 -0.294440051 0.76046742 0.193127632 -0.294440051 0.76046742 0.236841119 -0.204325771 0.868721026 0.22752513 -0.20181762 0.76046742 0.193127632 -0.294440051 0.868721026 0.22752513 -0.20181762 0.868721026 0.185603168 -0.289602903 0.868721026 0.185603168 -0.289602903 0.868721026 0.22752513 -0.20181762 0.969226211 0.217313356 -0.198234548 0.868721026 0.185603168 -0.289602903 0.969226211 0.217313356 -0.198234548 0.969226211 0.177182953 -0.282974218 0.969226211 0.177182953 -0.282974218 0.969226211 0.217313356 -0.198234548 1.06166947 0.206026694 -0.193397399 0.969226211 0.177182953 -0.282974218 1.06166947 0.206026694 -0.193397399 1.06166947 0.167866963 -0.273837383 1.06166947 0.167866963 -0.273837383 1.06166947 0.206026694 -0.193397399 1.14999223 0.191336084 -0.186410408 1.06166947 0.167866963 -0.273837383 1.14999223 0.191336084 -0.186410408 1.14999223 0.155863664 -0.260580013 1.14999223 0.155863664 -0.260580013 1.14999223 0.191336084 -0.186410408 1.23334345 0.174137335 -0.177811033 1.14999223 0.155863664 -0.260580013 1.23334345 0.174137335 -0.177811033 1.23334345 0.141889681 -0.244456186 1.23334345 0.141889681 -0.244456186 1.23334345 0.174137335 -0.177811033 1.3094837 0.156221972 -0.168495044 1.23334345 0.141889681 -0.244456186 1.3094837 0.156221972 -0.168495044 1.3094837 0.127378241 -0.227078283 1.3094837 0.127378241 -0.227078283 1.3094837 0.156221972 -0.168495044 1.37648721 0.13938153 -0.159716516 1.3094837 0.127378241 -0.227078283 1.37648721 0.13938153 -0.159716516 1.37648721 0.113583406 -0.210416995 1.37648721 0.113583406 -0.210416995 1.37648721 0.13938153 -0.159716516 1.4323831 0.125049239 -0.152192063 1.37648721 0.113583406 -0.210416995 1.4323831 0.125049239 -0.152192063 1.4323831 0.101938425 -0.196263858 1.4323831 0.101938425 -0.196263858 1.4323831 0.125049239 -0.152192063 1.47502168 0.115016635 -0.146996602 1.4323831 0.101938425 -0.196263858 1.47502168 0.115016635 -0.146996602 1.47502168 0.0936973577 -0.186410408 1.47502168 0.0936973577 -0.186410408 1.47502168 0.115016635 -0.146996602 1.50350711 0.111254414 -0.145563373 1.47502168 0.0936973577 -0.186410408 1.50350711 0.111254414 -0.145563373 1.50350711 0.0906517404 -0.183723103 1.50350711 0.0906517404 -0.183723103 1.50350711 0.111254414 -0.145563373 1.53199255 0.0996094223 -0.140905378 1.50350711 0.0906517404 -0.183723103 1.53199255 0.0996094223 -0.140905378 1.53199255 0.0811565976 -0.175123728 1.53199255 0.0811565976 -0.175123728 1.53199255 0.0996094223 -0.140905378 1.56065713 0.0759611422 -0.131768548 1.53199255 0.0811565976 -0.175123728 1.56065713 0.0759611422 -0.131768548 1.56065713 0.0619871585 -0.157924979 1.56065713 0.0619871585 -0.157924979 1.56065713 0.0759611422 -0.131768548 1.58914256 0 -0.102029045</float_array><technique_common><accessor source="#part1-positions-array" count="1386" stride="3"><param name="X" type="float" /><param name="Y" type="float" /><param name="Z" type="float" /></accessor></technique_common></source><source id="part1-normals"><float_array id="part1-normals-array" count="4158">-0.925231046 -0.355952226 -0.131322219 -0.925231046 -0.355952226 -0.131322219 -0.925231046 -0.355952226 -0.131322219 -0.603547809 -0.748042027 -0.275976752 -0.603547809 -0.748042027 -0.275976752 -0.603547809 -0.748042027 -0.275976752 -0.602611109 -0.74901853 -0.27537446 -0.602611109 -0.74901853 -0.27537446 -0.602611109 -0.74901853 -0.27537446 -0.352279361 -0.878410875 -0.322945175 -0.352279361 -0.878410875 -0.322945175 -0.352279361 -0.878410875 -0.322945175 -0.35325567 -0.877845153 -0.323416635 -0.35325567 -0.877845153 -0.323416635 -0.35325567 -0.877845153 -0.323416635 -0.116998246 -0.93189869 -0.343331096 -0.116998246 -0.93189869 -0.343331096 -0.116998246 -0.93189869 -0.343331096 -0.118529155 -0.931424103 -0.344092981 -0.118529155 -0.931424103 -0.344092981 -0.118529155 -0.931424103 -0.344092981 -0.218316467 -0.915409427 -0.338176731 -0.218316467 -0.915409427 -0.338176731 -0.218316467 -0.915409427 -0.338176731 -0.231634689 -0.902546609 -0.362980701 -0.231634689 -0.902546609 -0.362980701 -0.231634689 -0.902546609 -0.362980701 -0.232390988 -0.902379244 -0.362913391 -0.232390988 -0.902379244 -0.362913391 -0.232390988 -0.902379244 -0.362913391 -0.245147799 -0.887739888 -0.389641435 -0.245147799 -0.887739888 -0.389641435 -0.245147799 -0.887739888 -0.389641435 -0.230567424 -0.89100945 -0.391076492 -0.230567424 -0.89100945 -0.391076492 -0.230567424 -0.89100945 -0.391076492 -0.240481089 -0.879165879 -0.411383279 -0.240481089 -0.879165879 -0.411383279 -0.240481089 -0.879165879 -0.411383279 -0.221127241 -0.883324288 -0.413329101 -0.221127241 -0.883324288 -0.413329101 -0.221127241 -0.883324288 -0.413329101 -0.229220188 -0.873948123 -0.428570629 -0.229220188 -0.873948123 -0.428570629 -0.229220188 -0.873948123 -0.428570629 -0.203883589 -0.878994548 -0.431045318 -0.203883589 -0.878994548 -0.431045318 -0.203883589 -0.878994548 -0.431045318 -0.2082877 -0.874319864 -0.438384545 -0.2082877 -0.874319864 -0.438384545 -0.2082877 -0.874319864 -0.438384545 -0.174931079 -0.880142074 -0.441303804 -0.174931079 -0.880142074 -0.441303804 -0.174931079 -0.880142074 -0.441303804 -0.178907412 -0.876426808 -0.4470662 -0.178907412 -0.876426808 -0.4470662 -0.178907412 -0.876426808 -0.4470662 -0.134316688 -0.882727023 -0.450279946 -0.134316688 -0.882727023 -0.450279946 -0.134316688 -0.882727023 -0.450279946 -0.1376718 -0.880022624 -0.45454005 -0.1376718 -0.880022624 -0.45454005 -0.1376718 -0.880022624 -0.45454005 -0.105603474 -0.883514732 -0.456343758 -0.105603474 -0.883514732 -0.456343758 -0.105603474 -0.883514732 -0.456343758 -0.106328895 -0.882960333 -0.457247435 -0.106328895 -0.882960333 -0.457247435 -0.106328895 -0.882960333 -0.457247435 -0.0848399942 -0.884792775 -0.458196379 -0.0848399942 -0.884792775 -0.458196379 -0.0848399942 -0.884792775 -0.458196379 -0.0855892797 -0.884239391 -0.459124357 -0.0855892797 -0.884239391 -0.459124357 -0.0855892797 -0.884239391 -0.459124357 -0.0664937642 -0.885531883 -0.459795458 -0.0664937642 -0.885531883 -0.459795458 -0.0664937642 -0.885531883 -0.459795458 -0.0655356762 -0.886205286 -0.458634132 -0.0655356762 -0.886205286 -0.458634132 -0.0655356762 -0.886205286 -0.458634132 -0.0500522288 -0.887001369 -0.459046125 -0.0500522288 -0.887001369 -0.459046125 -0.0500522288 -0.887001369 -0.459046125 -0.05037047 -0.886789225 -0.459421033 -0.05037047 -0.886789225 -0.459421033 -0.05037047 -0.886789225 -0.459421033 -0.0342886097 -0.887394226 -0.459734467 -0.0342886097 -0.887394226 -0.459734467 -0.0342886097 -0.887394226 -0.459734467 -0.0322800548 -0.888641004 -0.457466025 -0.0322800548 -0.888641004 -0.457466025 -0.0322800548 -0.888641004 -0.457466025 -0.0173886802 -0.888969921 -0.45763535 -0.0173886802 -0.888969921 -0.45763535 -0.0173886802 -0.888969921 -0.45763535 -0.0166214415 -0.889406117 -0.456815593 -0.0166214415 -0.889406117 -0.456815593 -0.0166214415 -0.889406117 -0.456815593 0.00187587653 -0.889527437 -0.456877905 0.00187587653 -0.889527437 -0.456877905 0.00187587653 -0.889527437 -0.456877905 0.00587872417 -0.891629942 -0.452726725 0.00587872417 -0.891629942 -0.452726725 0.00587872417 -0.891629942 -0.452726725 0.023817521 -0.891392409 -0.452606118 0.023817521 -0.891392409 -0.452606118 0.023817521 -0.891392409 -0.452606118 0.027156419 -0.893054429 -0.449128397 0.027156419 -0.893054429 -0.449128397 0.027156419 -0.893054429 -0.449128397 0.0426353417 -0.892571558 -0.448885555 0.0426353417 -0.892571558 -0.448885555 0.0426353417 -0.892571558 -0.448885555 0.0494923385 -0.895771758 -0.441750456 0.0494923385 -0.895771758 -0.441750456 0.0494923385 -0.895771758 -0.441750456 0.0623686376 -0.895124826 -0.441431421 0.0623686376 -0.895124826 -0.441431421 0.0623686376 -0.895124826 -0.441431421 0.0681552954 -0.897636858 -0.435434182 0.0681552954 -0.897636858 -0.435434182 0.0681552954 -0.897636858 -0.435434182 0.0817654896 -0.89671632 -0.434987638 0.0817654896 -0.89671632 -0.434987638 0.0817654896 -0.89671632 -0.434987638 0.0873062273 -0.89893762 -0.429288689 0.0873062273 -0.89893762 -0.429288689 0.0873062273 -0.89893762 -0.429288689 0.103464117 -0.897540429 -0.428621459 0.103464117 -0.897540429 -0.428621459 0.103464117 -0.897540429 -0.428621459 0.10647758 -0.898638909 -0.425570953 0.10647758 -0.898638909 -0.425570953 0.10647758 -0.898638909 -0.425570953 0.132210186 -0.895843167 -0.424246965 0.132210186 -0.895843167 -0.424246965 0.132210186 -0.895843167 -0.424246965 0.131582819 -0.89563613 -0.42487867 0.131582819 -0.89563613 -0.42487867 0.131582819 -0.89563613 -0.42487867 0.18392884 -0.888077861 -0.421293122 0.18392884 -0.888077861 -0.421293122 0.18392884 -0.888077861 -0.421293122 0.181135455 -0.887211259 -0.424318428 0.181135455 -0.887211259 -0.424318428 0.181135455 -0.887211259 -0.424318428 0.22849778 -0.87826775 -0.420041098 0.22849778 -0.87826775 -0.420041098 0.22849778 -0.87826775 -0.420041098 0.224773677 -0.877125075 -0.424415359 0.224773677 -0.877125075 -0.424415359 0.224773677 -0.877125075 -0.424415359 0.261538594 -0.868827425 -0.420400367 0.261538594 -0.868827425 -0.420400367 0.261538594 -0.868827425 -0.420400367 0.256285326 -0.867190094 -0.426965072 0.256285326 -0.867190094 -0.426965072 0.256285326 -0.867190094 -0.426965072 0.282545331 -0.860598499 -0.42371967 0.282545331 -0.860598499 -0.42371967 0.282545331 -0.860598499 -0.42371967 0.272680769 -0.857481179 -0.436315512 0.272680769 -0.857481179 -0.436315512 0.272680769 -0.857481179 -0.436315512 0.287793517 -0.853548884 -0.434314626 0.287793517 -0.853548884 -0.434314626 0.287793517 -0.853548884 -0.434314626 0.278169219 -0.850666517 -0.446081117 0.278169219 -0.850666517 -0.446081117 0.278169219 -0.850666517 -0.446081117 0.268282501 -0.853153513 -0.447385273 0.268282501 -0.853153513 -0.447385273 0.268282501 -0.853153513 -0.447385273 0.256094618 -0.850238774 -0.4599017 0.256094618 -0.850238774 -0.4599017 0.256094618 -0.850238774 -0.4599017 0.1376045 -0.871203818 -0.471241879 0.1376045 -0.871203818 -0.471241879 0.1376045 -0.871203818 -0.471241879 0.138766273 -0.871426636 -0.470488617 0.138766273 -0.871426636 -0.470488617 0.138766273 -0.871426636 -0.470488617 0.400230403 -0.806389739 -0.435374795 0.400230403 -0.806389739 -0.435374795 0.400230403 -0.806389739 -0.435374795 0.400769361 -0.806397848 -0.434863691 0.400769361 -0.806397848 -0.434863691 0.400769361 -0.806397848 -0.434863691 0.65782464 -0.662922408 -0.357492132 0.65782464 -0.662922408 -0.357492132 0.65782464 -0.662922408 -0.357492132 0.659723109 -0.662844448 -0.354122376 0.659723109 -0.662844448 -0.354122376 0.659723109 -0.662844448 -0.354122376 0.943381925 -0.292572973 -0.156306109 0.943381925 -0.292572973 -0.156306109 0.943381925 -0.292572973 -0.156306109 -0.941085447 -0.270113593 -0.203462106 -0.941085447 -0.270113593 -0.203462106 -0.941085447 -0.270113593 -0.203462106 -0.654533981 -0.603883734 -0.454873282 -0.654533981 -0.603883734 -0.454873282 -0.654533981 -0.603883734 -0.454873282 -0.654200888 -0.604337882 -0.454749297 -0.654200888 -0.604337882 -0.454749297 -0.654200888 -0.604337882 -0.454749297 -0.394721088 -0.734167595 -0.552442943 -0.394721088 -0.734167595 -0.552442943 -0.394721088 -0.734167595 -0.552442943 -0.394513646 -0.734331509 -0.552373259 -0.394513646 -0.734331509 -0.552373259 -0.394513646 -0.734331509 -0.552373259 -0.12822018 -0.792554137 -0.596169041 -0.12822018 -0.792554137 -0.596169041 -0.12822018 -0.792554137 -0.596169041 -0.134412652 -0.789461653 -0.598901943 -0.134412652 -0.789461653 -0.598901943 -0.134412652 -0.789461653 -0.598901943 -0.210670091 -0.778811302 -0.590822367 -0.210670091 -0.778811302 -0.590822367 -0.210670091 -0.778811302 -0.590822367 -0.229548258 -0.748609272 -0.622006234 -0.229548258 -0.748609272 -0.622006234 -0.229548258 -0.748609272 -0.622006234 -0.225430726 -0.74934913 -0.622620968 -0.225430726 -0.74934913 -0.622620968 -0.225430726 -0.74934913 -0.622620968 -0.240906852 -0.720528335 -0.650232887 -0.240906852 -0.720528335 -0.650232887 -0.240906852 -0.720528335 -0.650232887 -0.22638472 -0.723119082 -0.652570879 -0.22638472 -0.723119082 -0.652570879 -0.22638472 -0.723119082 -0.652570879 -0.237267809 -0.702699605 -0.670758714 -0.237267809 -0.702699605 -0.670758714 -0.237267809 -0.702699605 -0.670758714 -0.21505269 -0.706430795 -0.674320304 -0.21505269 -0.706430795 -0.674320304 -0.21505269 -0.706430795 -0.674320304 -0.225796624 -0.687362346 -0.690325206 -0.225796624 -0.687362346 -0.690325206 -0.225796624 -0.687362346 -0.690325206 -0.200388028 -0.6912728 -0.694252515 -0.200388028 -0.6912728 -0.694252515 -0.200388028 -0.6912728 -0.694252515 -0.207316466 -0.680098869 -0.703196567 -0.207316466 -0.680098869 -0.703196567 -0.207316466 -0.680098869 -0.703196567 -0.172390626 -0.68479478 -0.708051962 -0.172390626 -0.68479478 -0.708051962 -0.172390626 -0.68479478 -0.708051962 -0.177837344 -0.677102388 -0.714077192 -0.177837344 -0.677102388 -0.714077192 -0.177837344 -0.677102388 -0.714077192 -0.134008903 -0.681863994 -0.719098817 -0.134008903 -0.681863994 -0.719098817 -0.134008903 -0.681863994 -0.719098817 -0.136731407 -0.678523329 -0.721741376 -0.136731407 -0.678523329 -0.721741376 -0.136731407 -0.678523329 -0.721741376 -0.106258652 -0.681078467 -0.724459261 -0.106258652 -0.681078467 -0.724459261 -0.106258652 -0.681078467 -0.724459261 -0.107976894 -0.67905745 -0.726100524 -0.107976894 -0.67905745 -0.726100524 -0.107976894 -0.67905745 -0.726100524 -0.0870540684 -0.68045783 -0.727597918 -0.0870540684 -0.68045783 -0.727597918 -0.0870540684 -0.68045783 -0.727597918 -0.0869568155 -0.680569386 -0.727505205 -0.0869568155 -0.680569386 -0.727505205 -0.0869568155 -0.680569386 -0.727505205 -0.0688849002 -0.681534367 -0.728536737 -0.0688849002 -0.681534367 -0.728536737 -0.0688849002 -0.681534367 -0.728536737 -0.0690388396 -0.681364309 -0.728681217 -0.0690388396 -0.681364309 -0.728681217 -0.0690388396 -0.681364309 -0.728681217 -0.0531121834 -0.682029941 -0.729393073 -0.0531121834 -0.682029941 -0.729393073 -0.0531121834 -0.682029941 -0.729393073 -0.0524864531 -0.682691497 -0.728819245 -0.0524864531 -0.682691497 -0.728819245 -0.0524864531 -0.682691497 -0.728819245 -0.0379955799 -0.683140146 -0.729298208 -0.0379955799 -0.683140146 -0.729298208 -0.0379955799 -0.683140146 -0.729298208 -0.0366251777 -0.68450832 -0.728084443 -0.0366251777 -0.68450832 -0.728084443 -0.0366251777 -0.68450832 -0.728084443 -0.0225807888 -0.684793231 -0.728387492 -0.0225807888 -0.684793231 -0.728387492 -0.0225807888 -0.684793231 -0.728387492 -0.0203609195 -0.686851627 -0.726512406 -0.0203609195 -0.686851627 -0.726512406 -0.0203609195 -0.686851627 -0.726512406 -0.00445600917 -0.686987224 -0.726655832 -0.00445600917 -0.686987224 -0.726655832 -0.00445600917 -0.686987224 -0.726655832 -0.00126787383 -0.689789496 -0.72400887 -0.00126787383 -0.689789496 -0.72400887 -0.00126787383 -0.689789496 -0.72400887 0.0133998909 -0.689728119 -0.723944449 0.0133998909 -0.689728119 -0.723944449 0.0133998909 -0.689728119 -0.723944449 0.0196569255 -0.6950755 -0.718667973 0.0196569255 -0.6950755 -0.718667973 0.0196569255 -0.6950755 -0.718667973 0.0331004762 -0.694828871 -0.718412972 0.0331004762 -0.694828871 -0.718412972 0.0331004762 -0.694828871 -0.718412972 0.0383376656 -0.69916929 -0.713927537 0.0383376656 -0.69916929 -0.713927537 0.0383376656 -0.69916929 -0.713927537 0.050993434 -0.698773372 -0.713523262 0.050993434 -0.698773372 -0.713523262 0.050993434 -0.698773372 -0.713523262 0.0587033534 -0.704941732 -0.706831713 0.0587033534 -0.704941732 -0.706831713 0.0587033534 -0.704941732 -0.706831713 0.0758592798 -0.704124749 -0.70601254 0.0758592798 -0.704124749 -0.70601254 0.0758592798 -0.704124749 -0.70601254 0.0805548869 -0.707727233 -0.701878247 0.0805548869 -0.707727233 -0.701878247 0.0805548869 -0.707727233 -0.701878247 0.101468922 -0.706370026 -0.700532258 0.101468922 -0.706370026 -0.700532258 0.101468922 -0.706370026 -0.700532258 0.105391693 -0.709221517 -0.697063434 0.105391693 -0.709221517 -0.697063434 0.105391693 -0.709221517 -0.697063434 0.136691622 -0.706499158 -0.694387744 0.136691622 -0.706499158 -0.694387744 0.136691622 -0.706499158 -0.694387744 0.139768022 -0.708626268 -0.691602279 0.139768022 -0.708626268 -0.691602279 0.139768022 -0.708626268 -0.691602279 0.200005293 -0.701191042 -0.684345676 0.200005293 -0.701191042 -0.684345676 0.200005293 -0.701191042 -0.684345676 0.198120267 -0.699873738 -0.686239834 0.198120267 -0.699873738 -0.686239834 0.198120267 -0.699873738 -0.686239834 0.253317678 -0.690738064 -0.677282128 0.253317678 -0.690738064 -0.677282128 0.253317678 -0.690738064 -0.677282128 0.247365882 -0.686373759 -0.683886821 0.247365882 -0.686373759 -0.683886821 0.247365882 -0.686373759 -0.683886821 0.291066409 -0.677717747 -0.675262173 0.291066409 -0.677717747 -0.675262173 0.291066409 -0.677717747 -0.675262173 0.28414495 -0.672403964 -0.683472426 0.28414495 -0.672403964 -0.683472426 0.28414495 -0.672403964 -0.683472426 0.315098661 -0.665585527 -0.676541751 0.315098661 -0.665585527 -0.676541751 0.315098661 -0.665585527 -0.676541751 0.306479241 -0.658880277 -0.686984175 0.306479241 -0.658880277 -0.686984175 0.306479241 -0.658880277 -0.686984175 0.324368669 -0.654764097 -0.682692423 0.324368669 -0.654764097 -0.682692423 0.324368669 -0.654764097 -0.682692423 0.31110775 -0.645059238 -0.697933054 0.31110775 -0.645059238 -0.697933054 0.31110775 -0.645059238 -0.697933054 0.299484071 -0.647588675 -0.700669822 0.299484071 -0.647588675 -0.700669822 0.299484071 -0.647588675 -0.700669822 0.288277709 -0.640996772 -0.711350196 0.288277709 -0.640996772 -0.711350196 0.288277709 -0.640996772 -0.711350196 0.13431834 -0.663349487 -0.736156262 0.13431834 -0.663349487 -0.736156262 0.13431834 -0.663349487 -0.736156262 0.140320127 -0.665809042 -0.732808694 0.140320127 -0.665809042 -0.732808694 0.140320127 -0.665809042 -0.732808694 0.410816235 -0.613096059 -0.674791259 0.410816235 -0.613096059 -0.674791259 0.410816235 -0.613096059 -0.674791259 0.408458598 -0.612281237 -0.676958832 0.408458598 -0.612281237 -0.676958832 0.408458598 -0.612281237 -0.676958832 0.667341639 -0.499571731 -0.552343392 0.667341639 -0.499571731 -0.552343392 0.667341639 -0.499571731 -0.552343392 0.666218869 -0.498884645 -0.554316272 0.666218869 -0.498884645 -0.554316272 0.666218869 -0.498884645 -0.554316272 0.945864213 -0.217120941 -0.241245491 0.945864213 -0.217120941 -0.241245491 0.945864213 -0.217120941 -0.241245491 -0.956144975 -0.14493517 -0.254520298 -0.956144975 -0.14493517 -0.254520298 -0.956144975 -0.14493517 -0.254520298 -0.711418065 -0.347757266 -0.610695686 -0.711418065 -0.347757266 -0.610695686 -0.711418065 -0.347757266 -0.610695686 -0.713318352 -0.344211284 -0.610487937 -0.713318352 -0.344211284 -0.610487937 -0.713318352 -0.344211284 -0.610487937 -0.455459733 -0.437241344 -0.775484648 -0.455459733 -0.437241344 -0.775484648 -0.455459733 -0.437241344 -0.775484648 -0.449991346 -0.443068403 -0.775369705 -0.449991346 -0.443068403 -0.775369705 -0.449991346 -0.443068403 -0.775369705 -0.153212853 -0.49028113 -0.857991978 -0.153212853 -0.49028113 -0.857991978 -0.153212853 -0.49028113 -0.857991978 -0.150665281 -0.492184278 -0.857353258 -0.150665281 -0.492184278 -0.857353258 -0.150665281 -0.492184278 -0.857353258 -0.211229866 -0.486633842 -0.847684757 -0.211229866 -0.486633842 -0.847684757 -0.211229866 -0.486633842 -0.847684757 -0.225981097 -0.450600205 -0.863650392 -0.225981097 -0.450600205 -0.863650392 -0.225981097 -0.450600205 -0.863650392 -0.225471483 -0.450654825 -0.863755081 -0.225471483 -0.450654825 -0.863755081 -0.225471483 -0.450654825 -0.863755081 -0.235763656 -0.42303133 -0.874905705 -0.235763656 -0.42303133 -0.874905705 -0.235763656 -0.42303133 -0.874905705 -0.22334912 -0.424305935 -0.877541819 -0.22334912 -0.424305935 -0.877541819 -0.22334912 -0.424305935 -0.877541819 -0.234187517 -0.396257927 -0.887770163 -0.234187517 -0.396257927 -0.887770163 -0.234187517 -0.396257927 -0.887770163 -0.216306677 -0.397942924 -0.891545204 -0.216306677 -0.397942924 -0.891545204 -0.216306677 -0.397942924 -0.891545204 -0.220535667 -0.387993523 -0.894888287 -0.220535667 -0.387993523 -0.894888287 -0.220535667 -0.387993523 -0.894888287 -0.198079648 -0.389905694 -0.899298617 -0.198079648 -0.389905694 -0.899298617 -0.198079648 -0.389905694 -0.899298617 -0.203879642 -0.37786853 -0.903132585 -0.203879642 -0.37786853 -0.903132585 -0.203879642 -0.37786853 -0.903132585 -0.172300921 -0.380203064 -0.908712288 -0.172300921 -0.380203064 -0.908712288 -0.172300921 -0.380203064 -0.908712288 -0.175354097 -0.374729405 -0.910400359 -0.175354097 -0.374729405 -0.910400359 -0.175354097 -0.374729405 -0.910400359 -0.134697664 -0.377158306 -0.916301343 -0.134697664 -0.377158306 -0.916301343 -0.134697664 -0.377158306 -0.916301343 -0.136191431 -0.374844273 -0.917029806 -0.136191431 -0.374844273 -0.917029806 -0.136191431 -0.374844273 -0.917029806 -0.107907176 -0.376160407 -0.920249635 -0.107907176 -0.376160407 -0.920249635 -0.107907176 -0.376160407 -0.920249635 -0.108919046 -0.374648737 -0.920746961 -0.108919046 -0.374648737 -0.920746961 -0.108919046 -0.374648737 -0.920746961 -0.0874920717 -0.375445708 -0.922705618 -0.0874920717 -0.375445708 -0.922705618 -0.0874920717 -0.375445708 -0.922705618 -0.0893657142 -0.372696818 -0.923640001 -0.0893657142 -0.372696818 -0.923640001 -0.0893657142 -0.372696818 -0.923640001 -0.0713381143 -0.373240638 -0.92498773 -0.0713381143 -0.373240638 -0.92498773 -0.0713381143 -0.373240638 -0.92498773 -0.0711687324 -0.37348124 -0.924903657 -0.0711687324 -0.37348124 -0.924903657 -0.0711687324 -0.37348124 -0.924903657 -0.0563418953 -0.373835917 -0.925781993 -0.0563418953 -0.373835917 -0.925781993 -0.0563418953 -0.373835917 -0.925781993 -0.0556610615 -0.374767567 -0.925446442 -0.0556610615 -0.374767567 -0.925446442 -0.0556610615 -0.374767567 -0.925446442 -0.041156938 -0.375031428 -0.926098016 -0.041156938 -0.375031428 -0.926098016 -0.041156938 -0.375031428 -0.926098016 -0.0402009337 -0.376274638 -0.92563561 -0.0402009337 -0.376274638 -0.92563561 -0.0402009337 -0.376274638 -0.92563561 -0.0256741855 -0.376454925 -0.926079114 -0.0256741855 -0.376454925 -0.926079114 -0.0256741855 -0.376454925 -0.926079114 -0.02517811 -0.377058668 -0.925847084 -0.02517811 -0.377058668 -0.925847084 -0.02517811 -0.377058668 -0.925847084 -0.010355773 -0.377158016 -0.926091026 -0.010355773 -0.377158016 -0.926091026 -0.010355773 -0.377158016 -0.926091026 -0.00785600245 -0.380078724 -0.924920779 -0.00785600245 -0.380078724 -0.924920779 -0.00785600245 -0.380078724 -0.924920779 0.00443476509 -0.380086716 -0.924940226 0.00443476509 -0.380086716 -0.924940226 0.00443476509 -0.380086716 -0.924940226 0.0090246699 -0.38540836 -0.922701984 0.0090246699 -0.38540836 -0.922701984 0.0090246699 -0.38540836 -0.922701984 0.0236544782 -0.385316211 -0.922481373 0.0236544782 -0.385316211 -0.922481373 0.0236544782 -0.385316211 -0.922481373 0.0287871906 -0.391183541 -0.919862346 0.0287871906 -0.391183541 -0.919862346 0.0287871906 -0.391183541 -0.919862346 0.0438781306 -0.39096882 -0.919357434 0.0438781306 -0.39096882 -0.919357434 0.0438781306 -0.39096882 -0.919357434 0.047386935 -0.394920614 -0.917492336 0.047386935 -0.394920614 -0.917492336 0.047386935 -0.394920614 -0.917492336 0.0680550016 -0.394448139 -0.916394665 0.0680550016 -0.394448139 -0.916394665 0.0680550016 -0.394448139 -0.916394665 0.0745007668 -0.40155002 -0.91280185 0.0745007668 -0.40155002 -0.91280185 0.0745007668 -0.40155002 -0.91280185 0.10038875 -0.400634888 -0.910721574 0.10038875 -0.400634888 -0.910721574 0.10038875 -0.400634888 -0.910721574 0.103328238 -0.403764219 -0.909009203 0.103328238 -0.403764219 -0.909009203 0.103328238 -0.403764219 -0.909009203 0.144291251 -0.401689049 -0.904337295 0.144291251 -0.401689049 -0.904337295 0.144291251 -0.401689049 -0.904337295 0.144856925 -0.402274098 -0.903986737 0.144856925 -0.402274098 -0.903986737 0.144856925 -0.402274098 -0.903986737 0.21824295 -0.396761869 -0.891599705 0.21824295 -0.396761869 -0.891599705 0.21824295 -0.396761869 -0.891599705 0.214628276 -0.392868427 -0.894197463 0.214628276 -0.392868427 -0.894197463 0.214628276 -0.392868427 -0.894197463 0.275204708 -0.386710033 -0.880180504 0.275204708 -0.386710033 -0.880180504 0.275204708 -0.386710033 -0.880180504 0.273357349 -0.384591681 -0.881683049 0.273357349 -0.384591681 -0.881683049 0.273357349 -0.384591681 -0.881683049 0.3194084 -0.378876098 -0.868579977 0.3194084 -0.378876098 -0.868579977 0.3194084 -0.378876098 -0.868579977 0.313623747 -0.371955986 -0.87366406 0.313623747 -0.371955986 -0.87366406 0.313623747 -0.371955986 -0.87366406 0.346680698 -0.367426093 -0.863024078 0.346680698 -0.367426093 -0.863024078 0.346680698 -0.367426093 -0.863024078 0.338681343 -0.357761546 -0.870230788 0.338681343 -0.357761546 -0.870230788 0.338681343 -0.357761546 -0.870230788 0.350308673 -0.356139159 -0.866284441 0.350308673 -0.356139159 -0.866284441 0.350308673 -0.356139159 -0.866284441 0.346682648 -0.352071222 -0.869400366 0.346682648 -0.352071222 -0.869400366 0.346682648 -0.352071222 -0.869400366 0.327656238 -0.354629051 -0.875716636 0.327656238 -0.354629051 -0.875716636 0.327656238 -0.354629051 -0.875716636 0.31805946 -0.345926088 -0.882707948 0.31805946 -0.345926088 -0.882707948 0.31805946 -0.345926088 -0.882707948 0.142394451 -0.361155633 -0.921569546 0.142394451 -0.361155633 -0.921569546 0.142394451 -0.361155633 -0.921569546 0.13867565 -0.358944252 -0.922999506 0.13867565 -0.358944252 -0.922999506 0.13867565 -0.358944252 -0.922999506 0.418743027 -0.329139179 -0.84635789 0.418743027 -0.329139179 -0.84635789 0.418743027 -0.329139179 -0.84635789 0.418488426 -0.328970035 -0.846549558 0.418488426 -0.328970035 -0.846549558 0.418488426 -0.328970035 -0.846549558 0.674235076 -0.267500526 -0.68836802 0.674235076 -0.267500526 -0.68836802 0.674235076 -0.267500526 -0.68836802 0.675503989 -0.269041932 -0.686520793 0.675503989 -0.269041932 -0.686520793 0.675503989 -0.269041932 -0.686520793 0.947981323 -0.116148768 -0.296379614 0.947981323 -0.116148768 -0.296379614 0.947981323 -0.116148768 -0.296379614 -0.962163938 -0 -0.272471204 -0.962163938 -0 -0.272471204 -0.962163938 -0 -0.272471204 -0.738028812 0 -0.6747692 -0.738028812 0 -0.6747692 -0.738028812 0 -0.6747692 -0.738028812 -0 -0.6747692 -0.738028812 -0 -0.6747692 -0.738028812 -0 -0.6747692 -0.483318398 0 -0.875444645 -0.483318398 0 -0.875444645 -0.483318398 0 -0.875444645 -0.483318398 -0 -0.875444645 -0.483318398 -0 -0.875444645 -0.483318398 -0 -0.875444645 -0.164398987 0 -0.986393924 -0.164398987 0 -0.986393924 -0.164398987 0 -0.986393924 -0.164398987 -0 -0.986393924 -0.164398987 -0 -0.986393924 -0.164398987 -0 -0.986393924 -0.219873038 0 -0.975528496 -0.219873038 0 -0.975528496 -0.219873038 0 -0.975528496 -0.219873038 -0 -0.975528496 -0.219873038 -0 -0.975528496 -0.219873038 -0 -0.975528496 -0.231536291 0 -0.972826267 -0.231536291 0 -0.972826267 -0.231536291 0 -0.972826267 -0.231536291 -0 -0.972826267 -0.231536291 -0 -0.972826267 -0.231536291 -0 -0.972826267 -0.227378297 0 -0.973806505 -0.227378297 0 -0.973806505 -0.227378297 0 -0.973806505 -0.227378297 -0 -0.973806505 -0.227378297 -0 -0.973806505 -0.227378297 -0 -0.973806505 -0.218962505 0 -0.975733274 -0.218962505 0 -0.975733274 -0.218962505 0 -0.975733274 -0.218962505 -0 -0.975733274 -0.218962505 -0 -0.975733274 -0.218962505 -0 -0.975733274 -0.199799107 0 -0.979836883 -0.199799107 0 -0.979836883 -0.199799107 0 -0.979836883 -0.199799107 -0 -0.979836883 -0.199799107 -0 -0.979836883 -0.199799107 -0 -0.979836883 -0.173389593 0 -0.984853313 -0.173389593 0 -0.984853313 -0.173389593 0 -0.984853313 -0.173389593 -0 -0.984853313 -0.173389593 -0 -0.984853313 -0.173389593 -0 -0.984853313 -0.136098469 0 -0.990695315 -0.136098469 0 -0.990695315 -0.136098469 0 -0.990695315 -0.136098469 -0 -0.990695315 -0.136098469 -0 -0.990695315 -0.136098469 -0 -0.990695315 -0.108597617 0 -0.99408579 -0.108597617 0 -0.99408579 -0.108597617 0 -0.99408579 -0.108597617 -0 -0.99408579 -0.108597617 -0 -0.99408579 -0.108597617 -0 -0.99408579 -0.0884511575 0 -0.996080515 -0.0884511575 0 -0.996080515 -0.0884511575 0 -0.996080515 -0.0884511575 -0 -0.996080515 -0.0884511575 -0 -0.996080515 -0.0884511575 -0 -0.996080515 -0.0726551918 0 -0.997357119 -0.0726551918 0 -0.997357119 -0.0726551918 0 -0.997357119 -0.0726551918 -0 -0.997357119 -0.0726551918 -0 -0.997357119 -0.0726551918 -0 -0.997357119 -0.0570119894 0 -0.998373494 -0.0570119894 0 -0.998373494 -0.0570119894 0 -0.998373494 -0.0570119894 -0 -0.998373494 -0.0570119894 -0 -0.998373494 -0.0570119894 -0 -0.998373494 -0.0421967567 0 -0.99910932 -0.0421967567 0 -0.99910932 -0.0421967567 0 -0.99910932 -0.0421967567 -0 -0.99910932 -0.0421967567 -0 -0.99910932 -0.0421967567 -0 -0.99910932 -0.0271328206 0 -0.999631837 -0.0271328206 0 -0.999631837 -0.0271328206 0 -0.999631837 -0.0271328206 -0 -0.999631837 -0.0271328206 -0 -0.999631837 -0.0271328206 -0 -0.999631837 -0.0117812142 0 -0.999930599 -0.0117812142 0 -0.999930599 -0.0117812142 0 -0.999930599 -0.0117812142 -0 -0.999930599 -0.0117812142 -0 -0.999930599 -0.0117812142 -0 -0.999930599 0.00296624552 0 -0.999995601 0.00296624552 0 -0.999995601 0.00296624552 0 -0.999995601 0.00296624552 0 -0.999995601 0.00296624552 0 -0.999995601 0.00296624552 0 -0.999995601 0.0212073545 0 -0.999775099 0.0212073545 0 -0.999775099 0.0212073545 0 -0.999775099 0.0212073545 0 -0.999775099 0.0212073545 0 -0.999775099 0.0212073545 0 -0.999775099 0.0423481073 0 -0.999102917 0.0423481073 0 -0.999102917 0.0423481073 0 -0.999102917 0.0423481073 0 -0.999102917 0.0423481073 0 -0.999102917 0.0423481073 0 -0.999102917 0.067697088 0 -0.997705921 0.067697088 0 -0.997705921 0.067697088 0 -0.997705921 0.067697088 0 -0.997705921 0.067697088 0 -0.997705921 0.067697088 0 -0.997705921 0.101083804 0 -0.994877914 0.101083804 0 -0.994877914 0.101083804 0 -0.994877914 0.101083804 0 -0.994877914 0.101083804 0 -0.994877914 0.101083804 0 -0.994877914 0.147590669 0 -0.98904853 0.147590669 0 -0.98904853 0.147590669 0 -0.98904853 0.147590669 0 -0.98904853 0.147590669 0 -0.98904853 0.147590669 0 -0.98904853 0.225292443 0 -0.974291186 0.225292443 0 -0.974291186 0.225292443 0 -0.974291186 0.225292443 0 -0.974291186 0.225292443 0 -0.974291186 0.225292443 0 -0.974291186 0.284368982 0 -0.958714912 0.284368982 0 -0.958714912 0.284368982 0 -0.958714912 0.284368982 0 -0.958714912 0.284368982 0 -0.958714912 0.284368982 0 -0.958714912 0.328865531 0 -0.944376759 0.328865531 0 -0.944376759 0.328865531 0 -0.944376759 0.328865531 0 -0.944376759 0.328865531 0 -0.944376759 0.328865531 0 -0.944376759 0.357137212 0 -0.934051932 0.357137212 0 -0.934051932 0.357137212 0 -0.934051932 0.357137212 0 -0.934051932 0.357137212 0 -0.934051932 0.357137212 0 -0.934051932 0.358979324 0 -0.933345512 0.358979324 0 -0.933345512 0.358979324 0 -0.933345512 0.358979324 0 -0.933345512 0.358979324 0 -0.933345512 0.358979324 0 -0.933345512 0.336336321 0 -0.941741939 0.336336321 0 -0.941741939 0.336336321 0 -0.941741939 0.336336321 0 -0.941741939 0.336336321 0 -0.941741939 0.336336321 0 -0.941741939 0.143163976 0 -0.989698982 0.143163976 0 -0.989698982 0.143163976 0 -0.989698982 0.143163976 0 -0.989698982 0.143163976 0 -0.989698982 0.143163976 0 -0.989698982 0.421948711 0 -0.906619703 0.421948711 0 -0.906619703 0.421948711 0 -0.906619703 0.421948711 0 -0.906619703 0.421948711 0 -0.906619703 0.421948711 0 -0.906619703 0.676557845 0 -0.736389491 0.676557845 0 -0.736389491 0.676557845 0 -0.736389491 0.676557845 0 -0.736389491 0.676557845 0 -0.736389491 0.676557845 0 -0.736389491 0.948881604 0 -0.315632226 0.948881604 0 -0.315632226 0.948881604 0 -0.315632226 -0.956144975 0.14493517 -0.254520298 -0.956144975 0.14493517 -0.254520298 -0.956144975 0.14493517 -0.254520298 -0.713070312 0.346927657 -0.609238813 -0.713070312 0.346927657 -0.609238813 -0.713070312 0.346927657 -0.609238813 -0.712052174 0.344843086 -0.611608492 -0.712052174 0.344843086 -0.611608492 -0.712052174 0.344843086 -0.611608492 -0.450329064 0.438521393 -0.777754924 -0.450329064 0.438521393 -0.777754924 -0.450329064 0.438521393 -0.777754924 -0.454574349 0.441915317 -0.773351805 -0.454574349 0.441915317 -0.773351805 -0.454574349 0.441915317 -0.773351805 -0.150717792 0.490471459 -0.858325052 -0.150717792 0.490471459 -0.858325052 -0.150717792 0.490471459 -0.858325052 -0.153088369 0.491998907 -0.857030354 -0.153088369 0.491998907 -0.857030354 -0.153088369 0.491998907 -0.857030354 -0.226305133 0.484951073 -0.844753481 -0.226305133 0.484951073 -0.844753481 -0.226305133 0.484951073 -0.844753481 -0.213929815 0.451857157 -0.86605955 -0.213929815 0.451857157 -0.86605955 -0.213929815 0.451857157 -0.86605955 -0.236375005 0.449457767 -0.86146072 -0.236375005 0.449457767 -0.86146072 -0.236375005 0.449457767 -0.86146072 -0.227372299 0.423900839 -0.876704007 -0.227372299 0.423900839 -0.876704007 -0.227372299 0.423900839 -0.876704007 -0.234926998 0.42311952 -0.875088097 -0.234926998 0.42311952 -0.875088097 -0.234926998 0.42311952 -0.875088097 -0.22501749 0.397139663 -0.889745591 -0.22501749 0.397139663 -0.889745591 -0.22501749 0.397139663 -0.889745591 -0.220827948 0.397530159 -0.890620452 -0.220827948 0.397530159 -0.890620452 -0.220827948 0.397530159 -0.890620452 -0.216835151 0.388323418 -0.895649173 -0.216835151 0.388323418 -0.895649173 -0.216835151 0.388323418 -0.895649173 -0.204236414 0.389402758 -0.898138619 -0.204236414 0.389402758 -0.898138619 -0.204236414 0.389402758 -0.898138619 -0.198626264 0.378285131 -0.904128291 -0.198626264 0.378285131 -0.904128291 -0.198626264 0.378285131 -0.904128291 -0.175493187 0.379985484 -0.908192256 -0.175493187 0.379985484 -0.908192256 -0.175493187 0.379985484 -0.908192256 -0.172508814 0.374920687 -0.910865076 -0.172508814 0.374920687 -0.910865076 -0.172508814 0.374920687 -0.910865076 -0.136237508 0.377078169 -0.916106651 -0.136237508 0.377078169 -0.916106651 -0.136237508 0.377078169 -0.916106651 -0.134770063 0.374917812 -0.917209716 -0.134770063 0.374917812 -0.917209716 -0.134770063 0.374917812 -0.917209716 -0.108939104 0.376117822 -0.920145454 -0.108939104 0.376117822 -0.920145454 -0.108939104 0.376117822 -0.920145454 -0.10794342 0.374688844 -0.920845529 -0.10794342 0.374688844 -0.920845529 -0.10794342 0.374688844 -0.920845529 -0.08939473 0.375382036 -0.922549136 -0.08939473 0.375382036 -0.922549136 -0.08939473 0.375382036 -0.922549136 -0.0875485434 0.372757203 -0.923789652 -0.0875485434 0.372757203 -0.923789652 -0.0875485434 0.372757203 -0.923789652 -0.0711669827 0.373245212 -0.924999066 -0.0711669827 0.373245212 -0.924999066 -0.0711669827 0.373245212 -0.924999066 -0.0713336965 0.373476828 -0.92489273 -0.0713336965 0.373476828 -0.92489273 -0.0713336965 0.373476828 -0.92489273 -0.0556578632 0.373850283 -0.925817568 -0.0556578632 0.373850283 -0.925817568 -0.0556578632 0.373850283 -0.925817568 -0.0563292801 0.374753501 -0.925411706 -0.0563292801 0.374753501 -0.925411706 -0.0563292801 0.374753501 -0.925411706 -0.040199187 0.375046063 -0.926134156 -0.040199187 0.375046063 -0.926134156 -0.040199187 0.375046063 -0.926134156 -0.0411426051 0.376260203 -0.9256001 -0.0411426051 0.376260203 -0.9256001 -0.0411426051 0.376260203 -0.9256001 -0.0251797493 0.37645966 -0.926090765 -0.0251797493 0.37645966 -0.926090765 -0.0251797493 0.37645966 -0.926090765 -0.0256684298 0.377053965 -0.925835536 -0.0256684298 0.377053965 -0.925835536 -0.0256684298 0.377053965 -0.925835536 -0.00788114935 0.377166527 -0.926111925 -0.00788114935 0.377166527 -0.926111925 -0.00788114935 0.377166527 -0.926111925 -0.0103374503 0.380070144 -0.924899899 -0.0103374503 0.380070144 -0.924899899 -0.0103374503 0.380070144 -0.924899899 0.00894421997 0.38007525 -0.924912323 0.00894421997 0.38007525 -0.924912323 0.00894421997 0.38007525 -0.924912323 0.00445194113 0.385420236 -0.922730417 0.00445194113 0.385420236 -0.922730417 0.00445194113 0.385420236 -0.922730417 0.0286749899 0.385265564 -0.922360119 0.0286749899 0.385265564 -0.922360119 0.0286749899 0.385265564 -0.922360119 0.0236643336 0.391236137 -0.919986024 0.0236643336 0.391236137 -0.919986024 0.0236643336 0.391236137 -0.919986024 0.0473041861 0.390907629 -0.919213544 0.0473041861 0.390907629 -0.919213544 0.0473041861 0.390907629 -0.919213544 0.0438557856 0.394984372 -0.917640461 0.0438557856 0.394984372 -0.917640461 0.0438557856 0.394984372 -0.917640461 0.0743581239 0.394270237 -0.915981359 0.0743581239 0.394270237 -0.915981359 0.0743581239 0.394270237 -0.915981359 0.0679488616 0.401738408 -0.913230093 0.0679488616 0.401738408 -0.913230093 0.0679488616 0.401738408 -0.913230093 0.103277233 0.400515826 -0.910450925 0.103277233 0.400515826 -0.910450925 0.103277233 0.400515826 -0.910450925 0.100307297 0.403889732 -0.909291774 0.100307297 0.403889732 -0.909291774 0.100307297 0.403889732 -0.909291774 0.144853676 0.401655691 -0.904262196 0.144853676 0.401655691 -0.904262196 0.144853676 0.401655691 -0.904262196 0.144265149 0.402309248 -0.904065725 0.144265149 0.402309248 -0.904065725 0.144265149 0.402309248 -0.904065725 0.214630111 0.397087499 -0.892331459 0.214630111 0.397087499 -0.892331459 0.214630111 0.397087499 -0.892331459 0.218531282 0.392520139 -0.893404734 0.218531282 0.392520139 -0.893404734 0.218531282 0.392520139 -0.893404734 0.273346185 0.386923251 -0.880665805 0.273346185 0.386923251 -0.880665805 0.273346185 0.386923251 -0.880665805 0.275405555 0.384358018 -0.881147374 0.275405555 0.384358018 -0.881147374 0.275405555 0.384358018 -0.881147374 0.313574382 0.379654341 -0.870364112 0.313574382 0.379654341 -0.870364112 0.313574382 0.379654341 -0.870364112 0.320134444 0.371103912 -0.871662678 0.320134444 0.371103912 -0.871662678 0.320134444 0.371103912 -0.871662678 0.338622477 0.368577402 -0.865728316 0.338622477 0.368577402 -0.865728316 0.338622477 0.368577402 -0.865728316 0.347765597 0.356499315 -0.867160497 0.347765597 0.356499315 -0.867160497 0.347765597 0.356499315 -0.867160497 0.346674131 0.356652976 -0.867534265 0.346674131 0.356652976 -0.867534265 0.346674131 0.356652976 -0.867534265 0.350745371 0.351503838 -0.867999272 0.350745371 0.351503838 -0.867999272 0.350745371 0.351503838 -0.867999272 0.318078874 0.355855409 -0.87874499 0.318078874 0.355855409 -0.87874499 0.318078874 0.355855409 -0.87874499 0.328541704 0.344619365 -0.879373551 0.328541704 0.344619365 -0.879373551 0.328541704 0.344619365 -0.879373551 0.138708158 0.361346575 -0.922056777 0.138708158 0.361346575 -0.922056777 0.138708158 0.361346575 -0.922056777 0.142468163 0.358749086 -0.922497651 0.142468163 0.358749086 -0.922497651 0.142468163 0.358749086 -0.922497651 0.418499113 0.329179931 -0.846462679 0.418499113 0.329179931 -0.846462679 0.418499113 0.329179931 -0.846462679 0.418761432 0.328924453 -0.846432258 0.418761432 0.328924453 -0.846432258 0.418761432 0.328924453 -0.846432258 0.675375514 0.267122814 -0.687396041 0.675375514 0.267122814 -0.687396041 0.675375514 0.267122814 -0.687396041 0.67401821 0.269537576 -0.687785539 0.67401821 0.269537576 -0.687785539 0.67401821 0.269537576 -0.687785539 0.947981323 0.116148768 -0.296379614 0.947981323 0.116148768 -0.296379614 0.947981323 0.116148768 -0.296379614 -0.941085447 0.270113593 -0.203462106 -0.941085447 0.270113593 -0.203462106 -0.941085447 0.270113593 -0.203462106 -0.654253784 0.604077424 -0.455019178 -0.654253784 0.604077424 -0.455019178 -0.654253784 0.604077424 -0.455019178 -0.654414646 0.604190098 -0.454638094 -0.654414646 0.604190098 -0.454638094 -0.654414646 0.604190098 -0.454638094 -0.394529299 0.734233413 -0.552492469 -0.394529299 0.734233413 -0.552492469 -0.394529299 0.734233413 -0.552492469 -0.394685097 0.734272669 -0.552328998 -0.394685097 0.734272669 -0.552328998 -0.394685097 0.734272669 -0.552328998 -0.13424909 0.791916328 -0.595689274 -0.13424909 0.791916328 -0.595689274 -0.13424909 0.791916328 -0.595689274 -0.128558323 0.790080287 -0.599371252 -0.128558323 0.790080287 -0.599371252 -0.128558323 0.790080287 -0.599371252 -0.229497076 0.775427064 -0.588255014 -0.229497076 0.775427064 -0.588255014 -0.229497076 0.775427064 -0.588255014 -0.214063429 0.75131858 -0.62425735 -0.214063429 0.75131858 -0.62425735 -0.214063429 0.75131858 -0.62425735 -0.241358602 0.746408523 -0.62017767 -0.241358602 0.746408523 -0.62017767 -0.241358602 0.746408523 -0.62017767 -0.228168439 0.72281003 -0.652291978 -0.228168439 0.72281003 -0.652291978 -0.228168439 0.72281003 -0.652291978 -0.237735559 0.721108644 -0.650756581 -0.237735559 0.721108644 -0.650756581 -0.237735559 0.721108644 -0.650756581 -0.228111375 0.704284308 -0.672271385 -0.228111375 0.704284308 -0.672271385 -0.228111375 0.704284308 -0.672271385 -0.226343984 0.704582611 -0.672556128 -0.226343984 0.704582611 -0.672556128 -0.226343984 0.704582611 -0.672556128 -0.216399391 0.688865566 -0.691834905 -0.216399391 0.688865566 -0.691834905 -0.216399391 0.688865566 -0.691834905 -0.207652979 0.690204506 -0.693179616 -0.207652979 0.690204506 -0.693179616 -0.207652979 0.690204506 -0.693179616 -0.201050427 0.681007473 -0.704136029 -0.201050427 0.681007473 -0.704136029 -0.201050427 0.681007473 -0.704136029 -0.178042899 0.684095449 -0.707328879 -0.178042899 0.684095449 -0.707328879 -0.178042899 0.684095449 -0.707328879 -0.172777914 0.677722278 -0.714730933 -0.172777914 0.677722278 -0.714730933 -0.172777914 0.677722278 -0.714730933 -0.136799562 0.681601578 -0.718822071 -0.136799562 0.681601578 -0.718822071 -0.136799562 0.681601578 -0.718822071 -0.134139203 0.678766038 -0.721999543 -0.134139203 0.678766038 -0.721999543 -0.134139203 0.678766038 -0.721999543 -0.108006206 0.680949487 -0.724322066 -0.108006206 0.680949487 -0.724322066 -0.108006206 0.680949487 -0.724322066 -0.106328695 0.679178781 -0.726230261 -0.106328695 0.679178781 -0.726230261 -0.106328695 0.679178781 -0.726230261 -0.0869555757 0.680463706 -0.727604201 -0.0869555757 0.680463706 -0.727604201 -0.0869555757 0.680463706 -0.727604201 -0.0870507945 0.680563778 -0.727499211 -0.0870507945 0.680563778 -0.727499211 -0.0870507945 0.680563778 -0.727499211 -0.0690397688 0.681527053 -0.728528919 -0.0690397688 0.681527053 -0.728528919 -0.0690397688 0.681527053 -0.728528919 -0.0688891691 0.681371376 -0.728688775 -0.0688891691 0.681371376 -0.728688775 -0.0688891691 0.681371376 -0.728688775 -0.052484934 0.682052592 -0.729417297 -0.052484934 0.682052592 -0.729417297 -0.052484934 0.682052592 -0.729417297 -0.0530973222 0.68266942 -0.728795676 -0.0530973222 0.68266942 -0.728795676 -0.0530973222 0.68266942 -0.728795676 -0.0366265716 0.68317509 -0.729335513 -0.0366265716 0.68317509 -0.729335513 -0.0366265716 0.68317509 -0.729335513 -0.0379713905 0.684473903 -0.728047835 -0.0379713905 0.684473903 -0.728047835 -0.0379713905 0.684473903 -0.728047835 -0.0203761237 0.684825674 -0.728422 -0.0203761237 0.684825674 -0.728422 -0.0203761237 0.684825674 -0.728422 -0.022548895 0.68681937 -0.726478286 -0.022548895 0.68681937 -0.726478286 -0.022548895 0.68681937 -0.726478286 -0.00130388551 0.68699346 -0.726662429 -0.00130388551 0.68699346 -0.726662429 -0.00130388551 0.68699346 -0.726662429 -0.00441629997 0.689783323 -0.724002392 -0.00441629997 0.689783323 -0.724002392 -0.00441629997 0.689783323 -0.724002392 0.019535777 0.68965841 -0.723871281 0.019535777 0.68965841 -0.723871281 0.019535777 0.68965841 -0.723871281 0.0134728592 0.695146726 -0.718741617 0.0134728592 0.695146726 -0.718741617 0.0134728592 0.695146726 -0.718741617 0.0382142909 0.694702021 -0.718281818 0.0382142909 0.694702021 -0.718281818 0.0382142909 0.694702021 -0.718281818 0.033136668 0.699299423 -0.714060417 0.033136668 0.699299423 -0.714060417 0.033136668 0.699299423 -0.714060417 0.0585091764 0.69848502 -0.713228823 0.0585091764 0.69848502 -0.713228823 0.0585091764 0.69848502 -0.713228823 0.0509961628 0.705240704 -0.707131487 0.0509961628 0.705240704 -0.707131487 0.0509961628 0.705240704 -0.707131487 0.0804601044 0.703870035 -0.705757143 0.0804601044 0.703870035 -0.705757143 0.0804601044 0.703870035 -0.705757143 0.0758013955 0.707991906 -0.702140733 0.0758013955 0.707991906 -0.702140733 0.0758013955 0.707991906 -0.702140733 0.105338961 0.706084355 -0.700248947 0.105338961 0.706084355 -0.700248947 0.105338961 0.706084355 -0.700248947 0.101360019 0.709520362 -0.697357156 0.101360019 0.709520362 -0.697357156 0.101360019 0.709520362 -0.697357156 0.139768355 0.706192899 -0.694086735 0.139768355 0.706192899 -0.694086735 0.139768355 0.706192899 -0.694086735 0.13652296 0.708950194 -0.691918423 0.13652296 0.708950194 -0.691918423 0.13652296 0.708950194 -0.691918423 0.198093455 0.701468945 -0.684616902 0.198093455 0.701468945 -0.684616902 0.198093455 0.701468945 -0.684616902 0.200182466 0.6995745 -0.685946426 0.200182466 0.6995745 -0.685946426 0.200182466 0.6995745 -0.685946426 0.247221959 0.691863177 -0.678385323 0.247221959 0.691863177 -0.678385323 0.247221959 0.691863177 -0.678385323 0.254112085 0.685135943 -0.68265349 0.254112085 0.685135943 -0.68265349 0.254112085 0.685135943 -0.68265349 0.283919084 0.679237519 -0.676776438 0.283919084 0.679237519 -0.676776438 0.283919084 0.679237519 -0.676776438 0.292176713 0.670708905 -0.681749465 0.292176713 0.670708905 -0.681749465 0.292176713 0.670708905 -0.681749465 0.306198672 0.667625439 -0.678615242 0.306198672 0.667625439 -0.678615242 0.306198672 0.667625439 -0.678615242 0.316586402 0.65658659 -0.684592653 0.316586402 0.65658659 -0.684592653 0.316586402 0.65658659 -0.684592653 0.310760642 0.657918727 -0.685981612 0.310760642 0.657918727 -0.685981612 0.310760642 0.657918727 -0.685981612 0.326472855 0.641551453 -0.694137744 0.326472855 0.641551453 -0.694137744 0.326472855 0.641551453 -0.694137744 0.288133432 0.649956786 -0.70323204 0.288133432 0.649956786 -0.70323204 0.288133432 0.649956786 -0.70323204 0.300760685 0.638421395 -0.708492155 0.300760685 0.638421395 -0.708492155 0.300760685 0.638421395 -0.708492155 0.140256378 0.662798549 -0.735544854 0.140256378 0.662798549 -0.735544854 0.140256378 0.662798549 -0.735544854 0.134167372 0.666382315 -0.733439655 0.134167372 0.666382315 -0.733439655 0.134167372 0.666382315 -0.733439655 0.408534494 0.613785138 -0.675549681 0.408534494 0.613785138 -0.675549681 0.408534494 0.613785138 -0.675549681 0.411006933 0.611513431 -0.67610992 0.411006933 0.611513431 -0.67610992 0.411006933 0.611513431 -0.67610992 0.66631529 0.500187781 -0.553024519 0.66631529 0.500187781 -0.553024519 0.66631529 0.500187781 -0.553024519 0.667564349 0.4980791 -0.553421222 0.667564349 0.4980791 -0.553421222 0.667564349 0.4980791 -0.553421222 0.945864213 0.217120941 -0.241245491 0.945864213 0.217120941 -0.241245491 0.945864213 0.217120941 -0.241245491 -0.925231046 0.355952226 -0.131322219 -0.925231046 0.355952226 -0.131322219 -0.925231046 0.355952226 -0.131322219 -0.602680977 0.748656934 -0.276203611 -0.602680977 0.748656934 -0.276203611 -0.602680977 0.748656934 -0.276203611 -0.603268207 0.748552421 -0.275203096 -0.603268207 0.748552421 -0.275203096 -0.603268207 0.748552421 -0.275203096 -0.353221716 0.878077443 -0.322822589 -0.353221716 0.878077443 -0.322822589 -0.353221716 0.878077443 -0.322822589 -0.352412807 0.878143388 -0.323526511 -0.352412807 0.878143388 -0.323526511 -0.352412807 0.878143388 -0.323526511 -0.118509585 0.931730527 -0.343269142 -0.118509585 0.931730527 -0.343269142 -0.118509585 0.931730527 -0.343269142 -0.117066449 0.931586863 -0.344153109 -0.117066449 0.931586863 -0.344153109 -0.117066449 0.931586863 -0.344153109 -0.231860257 0.912474385 -0.337092448 -0.231860257 0.912474385 -0.337092448 -0.231860257 0.912474385 -0.337092448 -0.220211367 0.905004609 -0.363969245 -0.220211367 0.905004609 -0.363969245 -0.220211367 0.905004609 -0.363969245 -0.245628507 0.899356155 -0.361697584 -0.245628507 0.899356155 -0.361697584 -0.245628507 0.899356155 -0.361697584 -0.234275946 0.890197963 -0.390720319 -0.234275946 0.890197963 -0.390720319 -0.234275946 0.890197963 -0.390720319 -0.240971163 0.888698202 -0.390062053 -0.240971163 0.888698202 -0.390062053 -0.240971163 0.888698202 -0.390062053 -0.231901565 0.881054753 -0.41226713 -0.231901565 0.881054753 -0.41226713 -0.231901565 0.881054753 -0.41226713 -0.229680175 0.881531992 -0.412490442 -0.229680175 0.881531992 -0.412490442 -0.229680175 0.881531992 -0.412490442 -0.222020061 0.875445295 -0.429304819 -0.222020061 0.875445295 -0.429304819 -0.222020061 0.875445295 -0.429304819 -0.208504054 0.878120365 -0.430616632 -0.208504054 0.878120365 -0.430616632 -0.208504054 0.878120365 -0.430616632 -0.204267528 0.875077467 -0.438764407 -0.204267528 0.875077467 -0.438764407 -0.204267528 0.875077467 -0.438764407 -0.179066685 0.879477223 -0.440970448 -0.179066685 0.879477223 -0.440970448 -0.179066685 0.879477223 -0.440970448 -0.175192243 0.877022156 -0.447369888 -0.175192243 0.877022156 -0.447369888 -0.175192243 0.877022156 -0.447369888 -0.137756366 0.882306287 -0.450065328 -0.137756366 0.882306287 -0.450065328 -0.137756366 0.882306287 -0.450065328 -0.134467667 0.880413626 -0.454742007 -0.134467667 0.880413626 -0.454742007 -0.134467667 0.880413626 -0.454742007 -0.106342208 0.883444782 -0.456307628 -0.106342208 0.883444782 -0.456307628 -0.106342208 0.883444782 -0.456307628 -0.105630122 0.883026466 -0.457281683 -0.105630122 0.883026466 -0.457281683 -0.105630122 0.883026466 -0.457281683 -0.0855996537 0.884735078 -0.4581665 -0.0855996537 0.884735078 -0.4581665 -0.0855996537 0.884735078 -0.4581665 -0.0848624934 0.884294564 -0.459153004 -0.0848624934 0.884294564 -0.459153004 -0.0848624934 0.884294564 -0.459153004 -0.0655280685 0.885588581 -0.459824898 -0.0655280685 0.885588581 -0.459824898 -0.0655280685 0.885588581 -0.459824898 -0.0664681738 0.886150506 -0.458605781 -0.0664681738 0.886150506 -0.458605781 -0.0664681738 0.886150506 -0.458605781 -0.0503720514 0.886987089 -0.459038735 -0.0503720514 0.886987089 -0.459038735 -0.0503720514 0.886987089 -0.459038735 -0.0500590659 0.886803127 -0.459428235 -0.0500590659 0.886803127 -0.459428235 -0.0500590659 0.886803127 -0.459428235 -0.0322805397 0.887453605 -0.459765229 -0.0322805397 0.887453605 -0.459765229 -0.0322805397 0.887453605 -0.459765229 -0.0342551211 0.888582552 -0.457435935 -0.0342551211 0.888582552 -0.457435935 -0.0342551211 0.888582552 -0.457435935 -0.0166224532 0.888981508 -0.457641314 -0.0166224532 0.888981508 -0.457641314 -0.0166224532 0.888981508 -0.457641314 -0.0173775947 0.889394681 -0.45680972 -0.0173775947 0.889394681 -0.45680972 -0.0173775947 0.889394681 -0.45680972 0.00584171475 0.889513824 -0.456870913 0.00584171475 0.889513824 -0.456870913 0.00584171475 0.889513824 -0.456870913 0.00191886038 0.891643708 -0.452733715 0.00191886038 0.891643708 -0.452733715 0.00191886038 0.891643708 -0.452733715 0.0271100027 0.89131763 -0.452568149 0.0271100027 0.89131763 -0.452568149 0.0271100027 0.89131763 -0.452568149 0.023851122 0.893129763 -0.449166283 0.023851122 0.893129763 -0.449166283 0.023851122 0.893129763 -0.449166283 0.0493662138 0.892294649 -0.448746294 0.0493662138 0.892294649 -0.448746294 0.0493662138 0.892294649 -0.448746294 0.0426823843 0.896053545 -0.441889419 0.0426823843 0.896053545 -0.441889419 0.0426823843 0.896053545 -0.441889419 0.0680412336 0.894792381 -0.441267476 0.0680412336 0.894792381 -0.441267476 0.0680412336 0.894792381 -0.441267476 0.0623741834 0.897977055 -0.435599208 0.0623741834 0.897977055 -0.435599208 0.0623741834 0.897977055 -0.435599208 0.0872067215 0.896301222 -0.434786278 0.0872067215 0.896301222 -0.434786278 0.0872067215 0.896301222 -0.434786278 0.0817041863 0.899366345 -0.429493428 0.0817041863 0.899366345 -0.429493428 0.0817041863 0.899366345 -0.429493428 0.10644109 0.897256921 -0.42848607 0.10644109 0.897256921 -0.42848607 0.10644109 0.897256921 -0.42848607 0.103388832 0.898933461 -0.425710445 0.103388832 0.898933461 -0.425710445 0.103388832 0.898933461 -0.425710445 0.131586065 0.895918222 -0.424282509 0.131586065 0.895918222 -0.424282509 0.131586065 0.895918222 -0.424282509 0.132240089 0.895557105 -0.424841182 0.132240089 0.895557105 -0.424841182 0.132240089 0.895557105 -0.424841182 0.181135777 0.888546354 -0.421515369 0.181135777 0.888546354 -0.421515369 0.181135777 0.888546354 -0.421515369 0.184159896 0.886704387 -0.424076011 0.184159896 0.886704387 -0.424076011 0.184159896 0.886704387 -0.424076011 0.224758835 0.879052596 -0.420416459 0.224758835 0.879052596 -0.420416459 0.224758835 0.879052596 -0.420416459 0.228924991 0.876254681 -0.423994201 0.228924991 0.876254681 -0.423994201 0.228924991 0.876254681 -0.423994201 0.256243596 0.870104949 -0.421018524 0.256243596 0.870104949 -0.421018524 0.256243596 0.870104949 -0.421018524 0.262286898 0.865744567 -0.426253361 0.262286898 0.865744567 -0.426253361 0.262286898 0.865744567 -0.426253361 0.272626147 0.863169831 -0.424985677 0.272626147 0.863169831 -0.424985677 0.272626147 0.863169831 -0.424985677 0.284058673 0.854542114 -0.434820016 0.284058673 0.854542114 -0.434820016 0.284058673 0.854542114 -0.434820016 0.278148364 0.856085078 -0.435605128 0.278148364 0.856085078 -0.435605128 0.278148364 0.856085078 -0.435605128 0.289187635 0.847779704 -0.444567301 0.289187635 0.847779704 -0.444567301 0.289187635 0.847779704 -0.444567301 0.256130253 0.856077827 -0.448918754 0.256130253 0.856077827 -0.448918754 0.256130253 0.856077827 -0.448918754 0.269582921 0.847006755 -0.458153473 0.269582921 0.847006755 -0.458153473 0.269582921 0.847006755 -0.458153473 0.138752308 0.871062965 -0.47116569 0.138752308 0.871062965 -0.47116569 0.138752308 0.871062965 -0.47116569 0.137580244 0.871572235 -0.470567227 0.137580244 0.871572235 -0.470567227 0.137580244 0.871572235 -0.470567227 0.400750241 0.806189811 -0.435266853 0.400750241 0.806189811 -0.435266853 0.400750241 0.806189811 -0.435266853 0.400189484 0.80662092 -0.434983987 0.400189484 0.80662092 -0.434983987 0.400189484 0.80662092 -0.434983987 0.659542217 0.661598975 -0.356778448 0.659542217 0.661598975 -0.356778448 0.659542217 0.661598975 -0.356778448 0.657470761 0.664583167 -0.355051281 0.657470761 0.664583167 -0.355051281 0.657470761 0.664583167 -0.355051281 0.943381925 0.292572973 -0.156306109 0.943381925 0.292572973 -0.156306109 0.943381925 0.292572973 -0.156306109</float_array><technique_common><accessor source="#part1-normals-array" count="1386" stride="3"><param name="X" type="float" /><param name="Y" type="float" /><param name="Z" type="float" /></accessor></technique_common></source><vertices id="part1-vertices"><input semantic="POSITION" source="#part1-positions" /></vertices><triangles count="462" material="material"><input semantic="VERTEX" source="#part1-vertices" offset="0" /><input semantic="NORMAL" source="#part1-normals" offset="0" /><p>0 1 2 3 4 5 6 7 8 9 10 11 12 13 14 15 16 17 18 19 20 21 22 23 24 25 26 27 28 29 30 31 32 33 34 35 36 37 38 39 40 41 42 43 44 45 46 47 48 49 50 51 52 53 54 55 56 57 58 59 60 61 62 63 64 65 66 67 68 69 70 71 72 73 74 75 76 77 78 79 80 81 82 83 84 85 86 87 88 89 90 91 92 93 94 95 96 97 98 99 100 101 102 103 104 105 106 107 108 109 110 111 112 113 114 115 116 117 118 119 120 121 122 123 124 125 126 127 128 129 130 131 132 133 134 135 136 137 138 139 140 141 142 143 144 145 146 147 148 149 150 151 152 153 154 155 156 157 158 159 160 161 162 163 164 165 166 167 168 169 170 171 172 173 174 175 176 177 178 179 180 181 182 183 184 185 186 187 188 189 190 191 192 193 194 195 196 197 198 199 200 201 202 203 204 205 206 207 208 209 210 211 212 213 214 215 216 217 218 219 220 221 222 223 224 225 226 227 228 229 230 231 232 233 234 235 236 237 238 239 240 241 242 243 244 245 246 247 248 249 250 251 252 253 254 255 256 257 258 259 260 261 262 263 264 265 266 267 268 269 270 271 272 273 274 275 276 277 278 279 280 281 282 283 284 285 286 287 288 289 290 291 292 293 294 295 296 297 298 299 300 301 302 303 304 305 306 307 308 309 310 311 312 313 314 315 316 317 318 319 320 321 322 323 324 325 326 327 328 329 330 331 332 333 334 335 336 337 338 339 340 341 342 343 344 345 346 347 348 349 350 351 352 353 354 355 356 357 358 359 360 361 362 363 364 365 366 367 368 369 370 371 372 373 374 375 376 377 378 379 380 381 382 383 384 385 386 387 388 389 390 391 392 393 394 395 396 397 398 399 400 401 402 403 404 405 406 407 408 409 410 411 412 413 414 415 416 417 418 419 420 421 422 423 424 425 426 427 428 429 430 431 432 433 434 435 436 437 438 439 440 441 442 443 444 445 446 447 448 449 450 451 452 453 454 455 456 457 458 459 460 461 462 463 464 465 466 467 468 469 470 471 472 473 474 475 476 477 478 479 480 481 482 483 484 485 486 487 488 489 490 491 492 493 494 495 496 497 498 499 500 501 502 503 504 505 506 507 508 509 510 511 512 513 514 515 516 517 518 519 520 521 522 523 524 525 526 527 528 529 530 531 532 533 534 535 536 537 538 539 540 541 542 543 544 545 546 547 548 549 550 551 552 553 554 555 556 557 558 559 560 561 562 563 564 565 566 567 568 569 570 571 572 573 574 575 576 577 578 579 580 581 582 583 584 585 586 587 588 589 590 591 592 593 594 595 596 597 598 599 600 601 602 603 604 605 606 607 608 609 610 611 612 613 614 615 616 617 618 619 620 621 622 623 624 625 626 627 628 629 630 631 632 633 634 635 636 637 638 639 640 641 642 643 644 645 646 647 648 649 650 651 652 653 654 655 656 657 658 659 660 661 662 663 664 665 666 667 668 669 670 671 672 673 674 675 676 677 678 679 680 681 682 683 684 685 686 687 688 689 690 691 692 693 694 695 696 697 698 699 700 701 702 703 704 705 706 707 708 709 710 711 712 713 714 715 716 717 718 719 720 721 722 723 724 725 726 727 728 729 730 731 732 733 734 735 736 737 738 739 740 741 742 743 744 745 746 747 748 749 750 751 752 753 754 755 756 757 758 759 760 761 762 763 764 765 766 767 768 769 770 771 772 773 774 775 776 777 778 779 780 781 782 783 784 785 786 787 788 789 790 791 792 793 794 795 796 797 798 799 800 801 802 803 804 805 806 807 808 809 810 811 812 813 814 815 816 817 818 819 820 821 822 823 824 825 826 827 828 829 830 831 832 833 834 835 836 837 838 839 840 841 842 843 844 845 846 847 848 849 850 851 852 853 854 855 856 857 858 859 860 861 862 863 864 865 866 867 868 869 870 871 872 873 874 875 876 877 878 879 880 881 882 883 884 885 886 887 888 889 890 891 892 893 894 895 896 897 898 899 900 901 902 903 904 905 906 907 908 909 910 911 912 913 914 915 916 917 918 919 920 921 922 923 924 925 926 927 928 929 930 931 932 933 934 935 936 937 938 939 940 941 942 943 944 945 946 947 948 949 950 951 952 953 954 955 956 957 958 959 960 961 962 963 964 965 966 967 968 969 970 971 972 973 974 975 976 977 978 979 980 981 982 983 984 985 986 987 988 989 990 991 992 993 994 995 996 997 998 999 1000 1001 1002 1003 1004 1005 1006 1007 1008 1009 1010 1011 1012 1013 1014 1015 1016 1017 1018 1019 1020 1021 1022 1023 1024 1025 1026 1027 1028 1029 1030 1031 1032 1033 1034 1035 1036 1037 1038 1039 1040 1041 1042 1043 1044 1045 1046 1047 1048 1049 1050 1051 1052 1053 1054 1055 1056 1057 1058 1059 1060 1061 1062 1063 1064 1065 1066 1067 1068 1069 1070 1071 1072 1073 1074 1075 1076 1077 1078 1079 1080 1081 1082 1083 1084 1085 1086 1087 1088 1089 1090 1091 1092 1093 1094 1095 1096 1097 1098 1099 1100 1101 1102 1103 1104 1105 1106 1107 1108 1109 1110 1111 1112 1113 1114 1115 1116 1117 1118 1119 1120 1121 1122 1123 1124 1125 1126 1127 1128 1129 1130 1131 1132 1133 1134 1135 1136 1137 1138 1139 1140 1141 1142 1143 1144 1145 1146 1147 1148 1149 1150 1151 1152 1153 1154 1155 1156 1157 1158 1159 1160 1161 1162 1163 1164 1165 1166 1167 1168 1169 1170 1171 1172 1173 1174 1175 1176 1177 1178 1179 1180 1181 1182 1183 1184 1185 1186 1187 1188 1189 1190 1191 1192 1193 1194 1195 1196 1197 1198 1199 1200 1201 1202 1203 1204 1205 1206 1207 1208 1209 1210 1211 1212 1213 1214 1215 1216 1217 1218 1219 1220 1221 1222 1223 1224 1225 1226 1227 1228 1229 1230 1231 1232 1233 1234 1235 1236 1237 1238 1239 1240 1241 1242 1243 1244 1245 1246 1247 1248 1249 1250 1251 1252 1253 1254 1255 1256 1257 1258 1259 1260 1261 1262 1263 1264 1265 1266 1267 1268 1269 1270 1271 1272 1273 1274 1275 1276 1277 1278 1279 1280 1281 1282 1283 1284 1285 1286 1287 1288 1289 1290 1291 1292 1293 1294 1295 1296 1297 1298 1299 1300 1301 1302 1303 1304 1305 1306 1307 1308 1309 1310 1311 1312 1313 1314 1315 1316 1317 1318 1319 1320 1321 1322 1323 1324 1325 1326 1327 1328 1329 1330 1331 1332 1333 1334 1335 1336 1337 1338 1339 1340 1341 1342 1343 1344 1345 1346 1347 1348 1349 1350 1351 1352 1353 1354 1355 1356 1357 1358 1359 1360 1361 1362 1363 1364 1365 1366 1367 1368 1369 1370 1371 1372 1373 1374 1375 1376 1377 1378 1379 1380 1381 1382 1383 1384 1385</p></triangles></mesh></geometry><geometry id="part2"><mesh><source id="part2-positions"><float_array id="part2-positions-array" count="9414">-1.34608605 0 -0.101956238 -1.32889797 0.0369151896 -0.0808618438 -1.32889797 0.0392590111 -0.101956238 -1.32889797 0.0392590111 -0.101956238 -1.32889797 0.0369151896 -0.0808618438 -1.31171 0.0484389789 -0.0742210161 -1.32889797 0.0392590111 -0.101956238 -1.31171 0.0484389789 -0.0742210161 -1.31171 0.0515640743 -0.101956238 -1.31171 0.0515640743 -0.101956238 -1.31171 0.0484389789 -0.0742210161 -1.29452192 0.0541032144 -0.0709006022 -1.31171 0.0515640743 -0.101956238 -1.29452192 0.0541032144 -0.0709006022 -1.29452192 0.0576189467 -0.101956238 -1.29452192 0.0576189467 -0.101956238 -1.29452192 0.0541032144 -0.0709006022 -1.27733395 0.0558610805 -0.0699240099 -1.29452192 0.0576189467 -0.101956238 -1.27733395 0.0558610805 -0.0699240099 -1.27733395 0.0593768129 -0.101956238 -1.27733395 0.0593768129 -0.101956238 -1.27733395 0.0558610805 -0.0699240099 -1.20819122 0.0714865576 -0.0644550929 -1.27733395 0.0593768129 -0.101956238 -1.20819122 0.0714865576 -0.0644550929 -1.20819122 0.0761742007 -0.101956238 -1.20819122 0.0761742007 -0.101956238 -1.20819122 0.0714865576 -0.0644550929 -1.11478016 0.0937528624 -0.0568376728 -1.20819122 0.0761742007 -0.101956238 -1.11478016 0.0937528624 -0.0568376728 -1.11478016 0.0998077348 -0.101956238 -1.11478016 0.0998077348 -0.101956238 -1.11478016 0.0937528624 -0.0568376728 -1.0034486 0.120120861 -0.0478530235 -1.11478016 0.0998077348 -0.101956238 -1.0034486 0.120120861 -0.0478530235 -1.0034486 0.127738275 -0.101956238 -1.0034486 0.127738275 -0.101956238 -1.0034486 0.120120861 -0.0478530235 -0.880593313 0.147465446 -0.0382824188 -1.0034486 0.127738275 -0.101956238 -0.880593313 0.147465446 -0.0382824188 -0.880593313 0.157036045 -0.101956238 -0.880593313 0.157036045 -0.101956238 -0.880593313 0.147465446 -0.0382824188 -0.752220213 0.17363812 -0.029102451 -0.880593313 0.157036045 -0.101956238 -0.752220213 0.17363812 -0.029102451 -0.752220213 0.184771266 -0.101956238 -0.752220213 0.184771266 -0.101956238 -0.752220213 0.17363812 -0.029102451 -0.625067911 0.1957091 -0.0212897125 -0.752220213 0.184771266 -0.101956238 -0.625067911 0.1957091 -0.0212897125 -0.625067911 0.208209494 -0.101956238 -0.625067911 0.208209494 -0.101956238 -0.625067911 0.1957091 -0.0212897125 -0.50240794 0.211725214 -0.0156254771 -0.625067911 0.208209494 -0.101956238 -0.50240794 0.211725214 -0.0156254771 -0.50240794 0.225202182 -0.101956238 -0.50240794 0.225202182 -0.101956238 -0.50240794 0.211725214 -0.0156254771 -0.374425488 0.224616245 -0.0107425155 -0.50240794 0.225202182 -0.101956238 -0.374425488 0.224616245 -0.0107425155 -0.374425488 0.239069799 -0.101956238 -0.374425488 0.239069799 -0.101956238 -0.374425488 0.224616245 -0.0107425155 -0.241413621 0.235358742 -0.00664082775 -0.374425488 0.239069799 -0.101956238 -0.241413621 0.235358742 -0.00664082775 -0.241413621 0.250398282 -0.101956238 -0.241413621 0.250398282 -0.101956238 -0.241413621 0.235358742 -0.00664082775 -0.106057932 0.243757442 -0.00312509541 -0.241413621 0.250398282 -0.101956238 -0.106057932 0.243757442 -0.00312509541 -0.106057932 0.259382919 -0.101956238 -0.106057932 0.259382919 -0.101956238 -0.106057932 0.243757442 -0.00312509541 0.0287118141 0.249812321 -0.000390636927 -0.106057932 0.259382919 -0.101956238 0.0287118141 0.249812321 -0.000390636927 0.0287118141 0.265828423 -0.101956238 0.0287118141 0.265828423 -0.101956238 0.0287118141 0.249812321 -0.000390636927 0.16016114 0.25371869 0.00156254771 0.0287118141 0.265828423 -0.101956238 0.16016114 0.25371869 0.00156254771 0.16016114 0.269930128 -0.101956238 0.16016114 0.269930128 -0.101956238 0.16016114 0.25371869 0.00156254771 0.285750918 0.25547655 0.00273445849 0.16016114 0.269930128 -0.101956238 0.285750918 0.25547655 0.00273445849 0.285750918 0.271883301 -0.101956238 0.285750918 0.271883301 -0.101956238 0.285750918 0.25547655 0.00273445849 0.407483155 0.254499964 0.00312509541 0.285750918 0.271883301 -0.101956238 0.407483155 0.254499964 0.00312509541 0.407483155 0.270711402 -0.101956238 0.407483155 0.270711402 -0.101956238 0.407483155 0.254499964 0.00312509541 0.528189953 0.250788907 0.00292977695 0.407483155 0.270711402 -0.101956238 0.528189953 0.250788907 0.00292977695 0.528189953 0.266805033 -0.101956238 0.528189953 0.266805033 -0.101956238 0.528189953 0.250788907 0.00292977695 0.646357641 0.244734029 0.0021485031 0.528189953 0.266805033 -0.101956238 0.646357641 0.244734029 0.0021485031 0.646357641 0.260554842 -0.101956238 0.646357641 0.260554842 -0.101956238 0.646357641 0.244734029 0.0021485031 0.760423624 0.23692129 0.000390636927 0.646357641 0.260554842 -0.101956238 0.760423624 0.23692129 0.000390636927 0.760423624 0.252156142 -0.101956238 0.760423624 0.252156142 -0.101956238 0.760423624 0.23692129 0.000390636927 0.868678869 0.227546004 -0.0021485031 0.760423624 0.252156142 -0.101956238 0.868678869 0.227546004 -0.0021485031 0.868678869 0.242194895 -0.101956238 0.868678869 0.242194895 -0.101956238 0.868678869 0.227546004 -0.0021485031 0.96926786 0.217389444 -0.00566423544 0.868678869 0.242194895 -0.101956238 0.96926786 0.217389444 -0.00566423544 0.96926786 0.231257061 -0.101956238 0.96926786 0.231257061 -0.101956238 0.96926786 0.217389444 -0.00566423544 1.06165353 0.206060985 -0.0103518786 0.96926786 0.231257061 -0.101956238 1.06165353 0.206060985 -0.0103518786 1.06165353 0.219147328 -0.101956238 1.06165353 0.219147328 -0.101956238 1.06165353 0.206060985 -0.0103518786 1.14993746 0.191216782 -0.0175786617 1.06165353 0.219147328 -0.101956238 1.14993746 0.191216782 -0.0175786617 1.14993746 0.203521851 -0.101956238 1.14993746 0.203521851 -0.101956238 1.14993746 0.191216782 -0.0175786617 1.2333873 0.174224069 -0.0261726741 1.14993746 0.203521851 -0.101956238 1.2333873 0.174224069 -0.0261726741 1.2333873 0.185357228 -0.101956238 1.2333873 0.185357228 -0.101956238 1.2333873 0.174224069 -0.0261726741 1.30956146 0.156254771 -0.0353526419 1.2333873 0.185357228 -0.101956238 1.30956146 0.156254771 -0.0353526419 1.30956146 0.166411331 -0.101956238 1.30956146 0.166411331 -0.101956238 1.30956146 0.156254771 -0.0353526419 1.37655565 0.139457383 -0.0441419727 1.30956146 0.166411331 -0.101956238 1.37655565 0.139457383 -0.0441419727 1.37655565 0.14824672 -0.101956238 1.37655565 0.14824672 -0.101956238 1.37655565 0.139457383 -0.0441419727 1.43241675 0.125003817 -0.0517593928 1.37655565 0.14824672 -0.101956238 1.43241675 0.125003817 -0.0517593928 1.43241675 0.13301188 -0.101956238 1.43241675 0.13301188 -0.101956238 1.43241675 0.125003817 -0.0517593928 1.47499621 0.114847256 -0.0570329913 1.43241675 0.13301188 -0.101956238 1.47499621 0.114847256 -0.0570329913 1.47499621 0.122269358 -0.101956238 1.47499621 0.122269358 -0.101956238 1.47499621 0.114847256 -0.0570329913 1.50351269 0.111331524 -0.0584002205 1.47499621 0.122269358 -0.101956238 1.50351269 0.111331524 -0.0584002205 1.50351269 0.118362989 -0.101956238 1.50351269 0.118362989 -0.101956238 1.50351269 0.111331524 -0.0584002205 1.53202917 0.0996124163 -0.0628925452 1.50351269 0.118362989 -0.101956238 1.53202917 0.0996124163 -0.0628925452 1.53202917 0.105862607 -0.101956238 1.53202917 0.105862607 -0.101956238 1.53202917 0.0996124163 -0.0628925452 1.56054566 0.0759788823 -0.0722678314 1.53202917 0.105862607 -0.101956238 1.56054566 0.0759788823 -0.0722678314 1.56054566 0.0808618438 -0.101956238 1.56054566 0.0808618438 -0.101956238 1.56054566 0.0759788823 -0.0722678314 1.58906214 0 -0.101956238 -1.34608605 0 -0.101956238 -1.32889797 0.0300790434 -0.0621112714 -1.32889797 0.0369151896 -0.0808618438 -1.32889797 0.0369151896 -0.0808618438 -1.32889797 0.0300790434 -0.0621112714 -1.31171 0.0394543296 -0.0500015266 -1.32889797 0.0369151896 -0.0808618438 -1.31171 0.0394543296 -0.0500015266 -1.31171 0.0484389789 -0.0742210161 -1.31171 0.0484389789 -0.0742210161 -1.31171 0.0394543296 -0.0500015266 -1.29452192 0.0441419727 -0.0437513358 -1.31171 0.0484389789 -0.0742210161 -1.29452192 0.0441419727 -0.0437513358 -1.29452192 0.0541032144 -0.0709006022 -1.29452192 0.0541032144 -0.0709006022 -1.29452192 0.0441419727 -0.0437513358 -1.27733395 0.045509202 -0.0417981512 -1.29452192 0.0541032144 -0.0709006022 -1.27733395 0.045509202 -0.0417981512 -1.27733395 0.0558610805 -0.0699240099 -1.27733395 0.0558610805 -0.0699240099 -1.27733395 0.045509202 -0.0417981512 -1.20819122 0.0582049021 -0.0316415911 -1.27733395 0.0558610805 -0.0699240099 -1.20819122 0.0582049021 -0.0316415911 -1.20819122 0.0714865576 -0.0644550929 -1.20819122 0.0714865576 -0.0644550929 -1.20819122 0.0582049021 -0.0316415911 -1.11478016 0.0763695192 -0.0171880248 -1.20819122 0.0714865576 -0.0644550929 -1.11478016 0.0763695192 -0.0171880248 -1.11478016 0.0937528624 -0.0568376728 -1.11478016 0.0937528624 -0.0568376728 -1.11478016 0.0763695192 -0.0171880248 -1.0034486 0.0978545502 -0.000195318463 -1.11478016 0.0937528624 -0.0568376728 -1.0034486 0.0978545502 -0.000195318463 -1.0034486 0.120120861 -0.0478530235 -1.0034486 0.120120861 -0.0478530235 -1.0034486 0.0978545502 -0.000195318463 -0.880593313 0.120316173 0.0177739802 -1.0034486 0.120120861 -0.0478530235 -0.880593313 0.120316173 0.0177739802 -0.880593313 0.147465446 -0.0382824188 -0.880593313 0.147465446 -0.0382824188 -0.880593313 0.120316173 0.0177739802 -0.752220213 0.141605892 0.0347666865 -0.880593313 0.147465446 -0.0382824188 -0.752220213 0.141605892 0.0347666865 -0.752220213 0.17363812 -0.029102451 -0.752220213 0.17363812 -0.029102451 -0.752220213 0.141605892 0.0347666865 -0.625067911 0.159575191 0.0494155712 -0.752220213 0.17363812 -0.029102451 -0.625067911 0.159575191 0.0494155712 -0.625067911 0.1957091 -0.0212897125 -0.625067911 0.1957091 -0.0212897125 -0.625067911 0.159575191 0.0494155712 -0.50240794 0.172661522 0.0603534052 -0.625067911 0.1957091 -0.0212897125 -0.50240794 0.172661522 0.0603534052 -0.50240794 0.211725214 -0.0156254771 -0.50240794 0.211725214 -0.0156254771 -0.50240794 0.172661522 0.0603534052 -0.374425488 0.183208719 0.069533373 -0.50240794 0.211725214 -0.0156254771 -0.374425488 0.183208719 0.069533373 -0.374425488 0.224616245 -0.0107425155 -0.374425488 0.224616245 -0.0107425155 -0.374425488 0.183208719 0.069533373 -0.241413621 0.191802731 0.0773461115 -0.374425488 0.224616245 -0.0107425155 -0.241413621 0.191802731 0.0773461115 -0.241413621 0.235358742 -0.00664082775 -0.241413621 0.235358742 -0.00664082775 -0.241413621 0.191802731 0.0773461115 -0.106057932 0.198638883 0.0837916208 -0.241413621 0.235358742 -0.00664082775 -0.106057932 0.198638883 0.0837916208 -0.106057932 0.243757442 -0.00312509541 -0.106057932 0.243757442 -0.00312509541 -0.106057932 0.198638883 0.0837916208 0.0287118141 0.203717163 0.0886745824 -0.106057932 0.243757442 -0.00312509541 0.0287118141 0.203717163 0.0886745824 0.0287118141 0.249812321 -0.000390636927 0.0287118141 0.249812321 -0.000390636927 0.0287118141 0.203717163 0.0886745824 0.16016114 0.206842259 0.0923856332 0.0287118141 0.249812321 -0.000390636927 0.16016114 0.206842259 0.0923856332 0.16016114 0.25371869 0.00156254771 0.16016114 0.25371869 0.00156254771 0.16016114 0.206842259 0.0923856332 0.285750918 0.208209494 0.0945341363 0.16016114 0.25371869 0.00156254771 0.285750918 0.208209494 0.0945341363 0.285750918 0.25547655 0.00273445849 0.285750918 0.25547655 0.00273445849 0.285750918 0.208209494 0.0945341363 0.407483155 0.20742822 0.0955107286 0.285750918 0.25547655 0.00273445849 0.407483155 0.20742822 0.0955107286 0.407483155 0.254499964 0.00312509541 0.407483155 0.254499964 0.00312509541 0.407483155 0.20742822 0.0955107286 0.528189953 0.204498437 0.0953154101 0.407483155 0.254499964 0.00312509541 0.528189953 0.204498437 0.0953154101 0.528189953 0.250788907 0.00292977695 0.528189953 0.250788907 0.00292977695 0.528189953 0.204498437 0.0953154101 0.646357641 0.19961547 0.0937528624 0.528189953 0.250788907 0.00292977695 0.646357641 0.19961547 0.0937528624 0.646357641 0.244734029 0.0021485031 0.646357641 0.244734029 0.0021485031 0.646357641 0.19961547 0.0937528624 0.760423624 0.193169966 0.0904324485 0.646357641 0.244734029 0.0021485031 0.760423624 0.193169966 0.0904324485 0.760423624 0.23692129 0.000390636927 0.760423624 0.23692129 0.000390636927 0.760423624 0.193169966 0.0904324485 0.868678869 0.18555254 0.0857448054 0.760423624 0.23692129 0.000390636927 0.868678869 0.18555254 0.0857448054 0.868678869 0.227546004 -0.0021485031 0.868678869 0.227546004 -0.0021485031 0.868678869 0.18555254 0.0857448054 0.96926786 0.177153852 0.0791039777 0.868678869 0.227546004 -0.0021485031 0.96926786 0.177153852 0.0791039777 0.96926786 0.217389444 -0.00566423544 0.96926786 0.217389444 -0.00566423544 0.96926786 0.177153852 0.0791039777 1.06165353 0.167973879 0.0699240099 0.96926786 0.217389444 -0.00566423544 1.06165353 0.167973879 0.0699240099 1.06165353 0.206060985 -0.0103518786 1.06165353 0.206060985 -0.0103518786 1.06165353 0.167973879 0.0699240099 1.14993746 0.155864134 0.0566423544 1.06165353 0.206060985 -0.0103518786 1.14993746 0.155864134 0.0566423544 1.14993746 0.191216782 -0.0175786617 1.14993746 0.191216782 -0.0175786617 1.14993746 0.155864134 0.0566423544 1.2333873 0.141996529 0.0406262404 1.14993746 0.191216782 -0.0175786617 1.2333873 0.141996529 0.0406262404 1.2333873 0.174224069 -0.0261726741 1.2333873 0.174224069 -0.0261726741 1.2333873 0.141996529 0.0406262404 1.30956146 0.127347638 0.0232428971 1.2333873 0.174224069 -0.0261726741 1.30956146 0.127347638 0.0232428971 1.30956146 0.156254771 -0.0353526419 1.30956146 0.156254771 -0.0353526419 1.30956146 0.127347638 0.0232428971 1.37655565 0.113675346 0.00664082775 1.30956146 0.156254771 -0.0353526419 1.37655565 0.113675346 0.00664082775 1.37655565 0.139457383 -0.0441419727 1.37655565 0.139457383 -0.0441419727 1.37655565 0.113675346 0.00664082775 1.43241675 0.101956238 -0.00761742007 1.37655565 0.139457383 -0.0441419727 1.43241675 0.101956238 -0.00761742007 1.43241675 0.125003817 -0.0517593928 1.43241675 0.125003817 -0.0517593928 1.43241675 0.101956238 -0.00761742007 1.47499621 0.0937528624 -0.0173833432 1.43241675 0.125003817 -0.0517593928 1.47499621 0.0937528624 -0.0173833432 1.47499621 0.114847256 -0.0570329913 1.47499621 0.114847256 -0.0570329913 1.47499621 0.0937528624 -0.0173833432 1.50351269 0.090627767 -0.0201178017 1.47499621 0.114847256 -0.0570329913 1.50351269 0.090627767 -0.0201178017 1.50351269 0.111331524 -0.0584002205 1.50351269 0.111331524 -0.0584002205 1.50351269 0.090627767 -0.0201178017 1.53202917 0.0810571623 -0.0287118141 1.50351269 0.111331524 -0.0584002205 1.53202917 0.0810571623 -0.0287118141 1.53202917 0.0996124163 -0.0628925452 1.53202917 0.0996124163 -0.0628925452 1.53202917 0.0810571623 -0.0287118141 1.56054566 0.0619159529 -0.0460951574 1.53202917 0.0996124163 -0.0628925452 1.56054566 0.0619159529 -0.0460951574 1.56054566 0.0759788823 -0.0722678314 1.56054566 0.0759788823 -0.0722678314 1.56054566 0.0619159529 -0.0460951574 1.58906214 0 -0.101956238 -1.34608605 0 -0.101956238 -1.32889797 0.0197271648 -0.0484389789 -1.32889797 0.0300790434 -0.0621112714 -1.32889797 0.0300790434 -0.0621112714 -1.32889797 0.0197271648 -0.0484389789 -1.31171 0.0257820372 -0.0318369095 -1.32889797 0.0300790434 -0.0621112714 -1.31171 0.0257820372 -0.0318369095 -1.31171 0.0394543296 -0.0500015266 -1.31171 0.0394543296 -0.0500015266 -1.31171 0.0257820372 -0.0318369095 -1.29452192 0.0287118141 -0.0236335341 -1.31171 0.0394543296 -0.0500015266 -1.29452192 0.0287118141 -0.0236335341 -1.29452192 0.0441419727 -0.0437513358 -1.29452192 0.0441419727 -0.0437513358 -1.29452192 0.0287118141 -0.0236335341 -1.27733395 0.0296884064 -0.021094394 -1.29452192 0.0441419727 -0.0437513358 -1.27733395 0.0296884064 -0.021094394 -1.27733395 0.045509202 -0.0417981512 -1.27733395 0.045509202 -0.0417981512 -1.27733395 0.0296884064 -0.021094394 -1.20819122 0.0380871004 -0.00722678314 -1.27733395 0.045509202 -0.0417981512 -1.20819122 0.0380871004 -0.00722678314 -1.20819122 0.0582049021 -0.0316415911 -1.20819122 0.0582049021 -0.0316415911 -1.20819122 0.0380871004 -0.00722678314 -1.11478016 0.0500015266 0.0121097447 -1.20819122 0.0582049021 -0.0316415911 -1.11478016 0.0500015266 0.0121097447 -1.11478016 0.0763695192 -0.0171880248 -1.11478016 0.0763695192 -0.0171880248 -1.11478016 0.0500015266 0.0121097447 -1.0034486 0.0638691375 0.0351573234 -1.11478016 0.0763695192 -0.0171880248 -1.0034486 0.0638691375 0.0351573234 -1.0034486 0.0978545502 -0.000195318463 -1.0034486 0.0978545502 -0.000195318463 -1.0034486 0.0638691375 0.0351573234 -0.880593313 0.0785180223 0.0593768129 -1.0034486 0.0978545502 -0.000195318463 -0.880593313 0.0785180223 0.0593768129 -0.880593313 0.120316173 0.0177739802 -0.880593313 0.120316173 0.0177739802 -0.880593313 0.0785180223 0.0593768129 -0.752220213 0.0923856332 0.0824243915 -0.880593313 0.120316173 0.0177739802 -0.752220213 0.0923856332 0.0824243915 -0.752220213 0.141605892 0.0347666865 -0.752220213 0.141605892 0.0347666865 -0.752220213 0.0923856332 0.0824243915 -0.625067911 0.104104747 0.101956238 -0.752220213 0.141605892 0.0347666865 -0.625067911 0.104104747 0.101956238 -0.625067911 0.159575191 0.0494155712 -0.625067911 0.159575191 0.0494155712 -0.625067911 0.104104747 0.101956238 -0.50240794 0.112698759 0.116800441 -0.625067911 0.159575191 0.0494155712 -0.50240794 0.112698759 0.116800441 -0.50240794 0.172661522 0.0603534052 -0.50240794 0.172661522 0.0603534052 -0.50240794 0.112698759 0.116800441 -0.374425488 0.1195349 0.12910551 -0.50240794 0.172661522 0.0603534052 -0.374425488 0.1195349 0.12910551 -0.374425488 0.183208719 0.069533373 -0.374425488 0.183208719 0.069533373 -0.374425488 0.1195349 0.12910551 -0.241413621 0.125199141 0.139652707 -0.374425488 0.183208719 0.069533373 -0.241413621 0.125199141 0.139652707 -0.241413621 0.191802731 0.0773461115 -0.241413621 0.191802731 0.0773461115 -0.241413621 0.125199141 0.139652707 -0.106057932 0.12969146 0.14824672 -0.241413621 0.191802731 0.0773461115 -0.106057932 0.12969146 0.14824672 -0.106057932 0.198638883 0.0837916208 -0.106057932 0.198638883 0.0837916208 -0.106057932 0.12969146 0.14824672 0.0287118141 0.13301188 0.15508286 -0.106057932 0.198638883 0.0837916208 0.0287118141 0.13301188 0.15508286 0.0287118141 0.203717163 0.0886745824 0.0287118141 0.203717163 0.0886745824 0.0287118141 0.13301188 0.15508286 0.16016114 0.134965064 0.159965827 0.0287118141 0.203717163 0.0886745824 0.16016114 0.134965064 0.159965827 0.16016114 0.206842259 0.0923856332 0.16016114 0.206842259 0.0923856332 0.16016114 0.134965064 0.159965827 0.285750918 0.135941651 0.162895598 0.16016114 0.206842259 0.0923856332 0.285750918 0.135941651 0.162895598 0.285750918 0.208209494 0.0945341363 0.285750918 0.208209494 0.0945341363 0.285750918 0.135941651 0.162895598 0.407483155 0.135355701 0.164067509 0.285750918 0.208209494 0.0945341363 0.407483155 0.135355701 0.164067509 0.407483155 0.20742822 0.0955107286 0.407483155 0.20742822 0.0955107286 0.407483155 0.135355701 0.164067509 0.528189953 0.133402516 0.163872197 0.407483155 0.20742822 0.0955107286 0.528189953 0.133402516 0.163872197 0.528189953 0.204498437 0.0953154101 0.528189953 0.204498437 0.0953154101 0.528189953 0.133402516 0.163872197 0.646357641 0.130277421 0.161528375 0.528189953 0.204498437 0.0953154101 0.646357641 0.130277421 0.161528375 0.646357641 0.19961547 0.0937528624 0.646357641 0.19961547 0.0937528624 0.646357641 0.130277421 0.161528375 0.760423624 0.125980415 0.157426681 0.646357641 0.19961547 0.0937528624 0.760423624 0.125980415 0.157426681 0.760423624 0.193169966 0.0904324485 0.760423624 0.193169966 0.0904324485 0.760423624 0.125980415 0.157426681 0.868678869 0.121097447 0.150785854 0.760423624 0.193169966 0.0904324485 0.868678869 0.121097447 0.150785854 0.868678869 0.18555254 0.0857448054 0.868678869 0.18555254 0.0857448054 0.868678869 0.121097447 0.150785854 0.96926786 0.11562853 0.141801204 0.868678869 0.18555254 0.0857448054 0.96926786 0.11562853 0.141801204 0.96926786 0.177153852 0.0791039777 0.96926786 0.177153852 0.0791039777 0.96926786 0.11562853 0.141801204 1.06165353 0.109573664 0.12969146 0.96926786 0.177153852 0.0791039777 1.06165353 0.109573664 0.12969146 1.06165353 0.167973879 0.0699240099 1.06165353 0.167973879 0.0699240099 1.06165353 0.109573664 0.12969146 1.14993746 0.101760925 0.111722161 1.06165353 0.167973879 0.0699240099 1.14993746 0.101760925 0.111722161 1.14993746 0.155864134 0.0566423544 1.14993746 0.155864134 0.0566423544 1.14993746 0.101760925 0.111722161 1.2333873 0.0925809516 0.0900418116 1.14993746 0.155864134 0.0566423544 1.2333873 0.0925809516 0.0900418116 1.2333873 0.141996529 0.0406262404 1.2333873 0.141996529 0.0406262404 1.2333873 0.0925809516 0.0900418116 1.30956146 0.0832056654 0.066603596 1.2333873 0.141996529 0.0406262404 1.30956146 0.0832056654 0.066603596 1.30956146 0.127347638 0.0232428971 1.30956146 0.127347638 0.0232428971 1.30956146 0.0832056654 0.066603596 1.37655565 0.0742210161 0.0443372912 1.30956146 0.127347638 0.0232428971 1.37655565 0.0742210161 0.0443372912 1.37655565 0.113675346 0.00664082775 1.37655565 0.113675346 0.00664082775 1.37655565 0.0742210161 0.0443372912 1.43241675 0.066603596 0.0251960818 1.37655565 0.113675346 0.00664082775 1.43241675 0.066603596 0.0251960818 1.43241675 0.101956238 -0.00761742007 1.43241675 0.101956238 -0.00761742007 1.43241675 0.066603596 0.0251960818 1.47499621 0.061134679 0.0119144263 1.43241675 0.101956238 -0.00761742007 1.47499621 0.061134679 0.0119144263 1.47499621 0.0937528624 -0.0173833432 1.47499621 0.0937528624 -0.0173833432 1.47499621 0.061134679 0.0119144263 1.50351269 0.0591814944 0.00839869393 1.47499621 0.0937528624 -0.0173833432 1.50351269 0.0591814944 0.00839869393 1.50351269 0.090627767 -0.0201178017 1.50351269 0.090627767 -0.0201178017 1.50351269 0.0591814944 0.00839869393 1.53202917 0.0529313036 -0.00332041388 1.50351269 0.090627767 -0.0201178017 1.53202917 0.0529313036 -0.00332041388 1.53202917 0.0810571623 -0.0287118141 1.53202917 0.0810571623 -0.0287118141 1.53202917 0.0529313036 -0.00332041388 1.56054566 0.0404309219 -0.026563311 1.53202917 0.0810571623 -0.0287118141 1.56054566 0.0404309219 -0.026563311 1.56054566 0.0619159529 -0.0460951574 1.56054566 0.0619159529 -0.0460951574 1.56054566 0.0404309219 -0.026563311 1.58906214 0 -0.101956238 -1.34608605 0 -0.101956238 -1.32889797 0.00683614622 -0.0410168773 -1.32889797 0.0197271648 -0.0484389789 -1.32889797 0.0197271648 -0.0484389789 -1.32889797 0.00683614622 -0.0410168773 -1.31171 0.00898464932 -0.0222663048 -1.32889797 0.0197271648 -0.0484389789 -1.31171 0.00898464932 -0.0222663048 -1.31171 0.0257820372 -0.0318369095 -1.31171 0.0257820372 -0.0318369095 -1.31171 0.00898464932 -0.0222663048 -1.29452192 0.00996124163 -0.0128910186 -1.31171 0.0257820372 -0.0318369095 -1.29452192 0.00996124163 -0.0128910186 -1.29452192 0.0287118141 -0.0236335341 -1.29452192 0.0287118141 -0.0236335341 -1.29452192 0.00996124163 -0.0128910186 -1.27733395 0.0103518786 -0.00996124163 -1.29452192 0.0287118141 -0.0236335341 -1.27733395 0.0103518786 -0.00996124163 -1.27733395 0.0296884064 -0.021094394 -1.27733395 0.0296884064 -0.021094394 -1.27733395 0.0103518786 -0.00996124163 -1.20819122 0.0132816555 0.00566423544 -1.27733395 0.0296884064 -0.021094394 -1.20819122 0.0132816555 0.00566423544 -1.20819122 0.0380871004 -0.00722678314 -1.20819122 0.0380871004 -0.00722678314 -1.20819122 0.0132816555 0.00566423544 -1.11478016 0.0173833432 0.0277352218 -1.20819122 0.0380871004 -0.00722678314 -1.11478016 0.0173833432 0.0277352218 -1.11478016 0.0500015266 0.0121097447 -1.11478016 0.0500015266 0.0121097447 -1.11478016 0.0173833432 0.0277352218 -1.0034486 0.0222663048 0.0539078959 -1.11478016 0.0500015266 0.0121097447 -1.0034486 0.0222663048 0.0539078959 -1.0034486 0.0638691375 0.0351573234 -1.0034486 0.0638691375 0.0351573234 -1.0034486 0.0222663048 0.0539078959 -0.880593313 0.0273445849 0.0814477992 -1.0034486 0.0638691375 0.0351573234 -0.880593313 0.0273445849 0.0814477992 -0.880593313 0.0785180223 0.0593768129 -0.880593313 0.0785180223 0.0593768129 -0.880593313 0.0273445849 0.0814477992 -0.752220213 0.032032228 0.107620479 -0.880593313 0.0785180223 0.0593768129 -0.752220213 0.032032228 0.107620479 -0.752220213 0.0923856332 0.0824243915 -0.752220213 0.0923856332 0.0824243915 -0.752220213 0.032032228 0.107620479 -0.625067911 0.0361339157 0.130082097 -0.752220213 0.0923856332 0.0824243915 -0.625067911 0.0361339157 0.130082097 -0.625067911 0.104104747 0.101956238 -0.625067911 0.104104747 0.101956238 -0.625067911 0.0361339157 0.130082097 -0.50240794 0.0390636927 0.146684172 -0.625067911 0.104104747 0.101956238 -0.50240794 0.0390636927 0.146684172 -0.50240794 0.112698759 0.116800441 -0.50240794 0.112698759 0.116800441 -0.50240794 0.0390636927 0.146684172 -0.374425488 0.0416028327 0.160747101 -0.50240794 0.112698759 0.116800441 -0.374425488 0.0416028327 0.160747101 -0.374425488 0.1195349 0.12910551 -0.374425488 0.1195349 0.12910551 -0.374425488 0.0416028327 0.160747101 -0.241413621 0.0435560173 0.172661522 -0.374425488 0.1195349 0.12910551 -0.241413621 0.0435560173 0.172661522 -0.241413621 0.125199141 0.139652707 -0.241413621 0.125199141 0.139652707 -0.241413621 0.0435560173 0.172661522 -0.106057932 0.045118565 0.182622769 -0.241413621 0.125199141 0.139652707 -0.106057932 0.045118565 0.182622769 -0.106057932 0.12969146 0.14824672 -0.106057932 0.12969146 0.14824672 -0.106057932 0.045118565 0.182622769 0.0287118141 0.0460951574 0.190240183 -0.106057932 0.12969146 0.14824672 0.0287118141 0.0460951574 0.190240183 0.0287118141 0.13301188 0.15508286 0.0287118141 0.13301188 0.15508286 0.0287118141 0.0460951574 0.190240183 0.16016114 0.0468764312 0.1957091 0.0287118141 0.13301188 0.15508286 0.16016114 0.0468764312 0.1957091 0.16016114 0.134965064 0.159965827 0.16016114 0.134965064 0.159965827 0.16016114 0.0468764312 0.1957091 0.285750918 0.0472670681 0.199224833 0.16016114 0.134965064 0.159965827 0.285750918 0.0472670681 0.199224833 0.285750918 0.135941651 0.162895598 0.285750918 0.135941651 0.162895598 0.285750918 0.0472670681 0.199224833 0.407483155 0.0470717497 0.200592068 0.285750918 0.135941651 0.162895598 0.407483155 0.0470717497 0.200592068 0.407483155 0.135355701 0.164067509 0.407483155 0.135355701 0.164067509 0.407483155 0.0470717497 0.200592068 0.528189953 0.0462904758 0.200201419 0.407483155 0.135355701 0.164067509 0.528189953 0.0462904758 0.200201419 0.528189953 0.133402516 0.163872197 0.528189953 0.133402516 0.163872197 0.528189953 0.0462904758 0.200201419 0.646357641 0.0453138835 0.197662285 0.528189953 0.133402516 0.163872197 0.646357641 0.0453138835 0.197662285 0.646357641 0.130277421 0.161528375 0.646357641 0.130277421 0.161528375 0.646357641 0.0453138835 0.197662285 0.760423624 0.0437513358 0.192974642 0.646357641 0.130277421 0.161528375 0.760423624 0.0437513358 0.192974642 0.760423624 0.125980415 0.157426681 0.760423624 0.125980415 0.157426681 0.760423624 0.0437513358 0.192974642 0.868678869 0.0419934696 0.18555254 0.760423624 0.125980415 0.157426681 0.868678869 0.0419934696 0.18555254 0.868678869 0.121097447 0.150785854 0.868678869 0.121097447 0.150785854 0.868678869 0.0419934696 0.18555254 0.96926786 0.0402356035 0.17539598 0.868678869 0.121097447 0.150785854 0.96926786 0.0402356035 0.17539598 0.96926786 0.11562853 0.141801204 0.96926786 0.11562853 0.141801204 0.96926786 0.0402356035 0.17539598 1.06165353 0.0380871004 0.161528375 0.96926786 0.11562853 0.141801204 1.06165353 0.0380871004 0.161528375 1.06165353 0.109573664 0.12969146 1.06165353 0.109573664 0.12969146 1.06165353 0.0380871004 0.161528375 1.14993746 0.0353526419 0.141215255 1.06165353 0.109573664 0.12969146 1.14993746 0.0353526419 0.141215255 1.14993746 0.101760925 0.111722161 1.14993746 0.101760925 0.111722161 1.14993746 0.0353526419 0.141215255 1.2333873 0.0322275465 0.116409804 1.14993746 0.101760925 0.111722161 1.2333873 0.0322275465 0.116409804 1.2333873 0.0925809516 0.0900418116 1.2333873 0.0925809516 0.0900418116 1.2333873 0.0322275465 0.116409804 1.30956146 0.0289071326 0.0898464932 1.2333873 0.0925809516 0.0900418116 1.30956146 0.0289071326 0.0898464932 1.30956146 0.0832056654 0.066603596 1.30956146 0.0832056654 0.066603596 1.30956146 0.0289071326 0.0898464932 1.37655565 0.0257820372 0.0642597745 1.30956146 0.0832056654 0.066603596 1.37655565 0.0257820372 0.0642597745 1.37655565 0.0742210161 0.0443372912 1.37655565 0.0742210161 0.0443372912 1.37655565 0.0257820372 0.0642597745 1.43241675 0.0230475787 0.042579425 1.37655565 0.0742210161 0.0443372912 1.43241675 0.0230475787 0.042579425 1.43241675 0.066603596 0.0251960818 1.43241675 0.066603596 0.0251960818 1.43241675 0.0230475787 0.042579425 1.47499621 0.0212897125 0.0275399033 1.43241675 0.066603596 0.0251960818 1.47499621 0.0212897125 0.0275399033 1.47499621 0.061134679 0.0119144263 1.47499621 0.061134679 0.0119144263 1.47499621 0.0212897125 0.0275399033 1.50351269 0.0205084387 0.0234382156 1.47499621 0.061134679 0.0119144263 1.50351269 0.0205084387 0.0234382156 1.50351269 0.0591814944 0.00839869393 1.50351269 0.0591814944 0.00839869393 1.50351269 0.0205084387 0.0234382156 1.53202917 0.0183599356 0.0101565601 1.50351269 0.0591814944 0.00839869393 1.53202917 0.0183599356 0.0101565601 1.53202917 0.0529313036 -0.00332041388 1.53202917 0.0529313036 -0.00332041388 1.53202917 0.0183599356 0.0101565601 1.56054566 0.0140629294 -0.0162114325 1.53202917 0.0529313036 -0.00332041388 1.56054566 0.0140629294 -0.0162114325 1.56054566 0.0404309219 -0.026563311 1.56054566 0.0404309219 -0.026563311 1.56054566 0.0140629294 -0.0162114325 1.58906214 0 -0.101956238 -1.34608605 0 -0.101956238 -1.32889797 -0.00683614622 -0.0410168773 -1.32889797 0.00683614622 -0.0410168773 -1.32889797 0.00683614622 -0.0410168773 -1.32889797 -0.00683614622 -0.0410168773 -1.31171 -0.00898464932 -0.0222663048 -1.32889797 0.00683614622 -0.0410168773 -1.31171 -0.00898464932 -0.0222663048 -1.31171 0.00898464932 -0.0222663048 -1.31171 0.00898464932 -0.0222663048 -1.31171 -0.00898464932 -0.0222663048 -1.29452192 -0.00996124163 -0.0128910186 -1.31171 0.00898464932 -0.0222663048 -1.29452192 -0.00996124163 -0.0128910186 -1.29452192 0.00996124163 -0.0128910186 -1.29452192 0.00996124163 -0.0128910186 -1.29452192 -0.00996124163 -0.0128910186 -1.27733395 -0.0103518786 -0.00996124163 -1.29452192 0.00996124163 -0.0128910186 -1.27733395 -0.0103518786 -0.00996124163 -1.27733395 0.0103518786 -0.00996124163 -1.27733395 0.0103518786 -0.00996124163 -1.27733395 -0.0103518786 -0.00996124163 -1.20819122 -0.0132816555 0.00566423544 -1.27733395 0.0103518786 -0.00996124163 -1.20819122 -0.0132816555 0.00566423544 -1.20819122 0.0132816555 0.00566423544 -1.20819122 0.0132816555 0.00566423544 -1.20819122 -0.0132816555 0.00566423544 -1.11478016 -0.0173833432 0.0277352218 -1.20819122 0.0132816555 0.00566423544 -1.11478016 -0.0173833432 0.0277352218 -1.11478016 0.0173833432 0.0277352218 -1.11478016 0.0173833432 0.0277352218 -1.11478016 -0.0173833432 0.0277352218 -1.0034486 -0.0222663048 0.0539078959 -1.11478016 0.0173833432 0.0277352218 -1.0034486 -0.0222663048 0.0539078959 -1.0034486 0.0222663048 0.0539078959 -1.0034486 0.0222663048 0.0539078959 -1.0034486 -0.0222663048 0.0539078959 -0.880593313 -0.0273445849 0.0814477992 -1.0034486 0.0222663048 0.0539078959 -0.880593313 -0.0273445849 0.0814477992 -0.880593313 0.0273445849 0.0814477992 -0.880593313 0.0273445849 0.0814477992 -0.880593313 -0.0273445849 0.0814477992 -0.752220213 -0.032032228 0.107620479 -0.880593313 0.0273445849 0.0814477992 -0.752220213 -0.032032228 0.107620479 -0.752220213 0.032032228 0.107620479 -0.752220213 0.032032228 0.107620479 -0.752220213 -0.032032228 0.107620479 -0.625067911 -0.0361339157 0.130082097 -0.752220213 0.032032228 0.107620479 -0.625067911 -0.0361339157 0.130082097 -0.625067911 0.0361339157 0.130082097 -0.625067911 0.0361339157 0.130082097 -0.625067911 -0.0361339157 0.130082097 -0.50240794 -0.0390636927 0.146684172 -0.625067911 0.0361339157 0.130082097 -0.50240794 -0.0390636927 0.146684172 -0.50240794 0.0390636927 0.146684172 -0.50240794 0.0390636927 0.146684172 -0.50240794 -0.0390636927 0.146684172 -0.374425488 -0.0416028327 0.160747101 -0.50240794 0.0390636927 0.146684172 -0.374425488 -0.0416028327 0.160747101 -0.374425488 0.0416028327 0.160747101 -0.374425488 0.0416028327 0.160747101 -0.374425488 -0.0416028327 0.160747101 -0.241413621 -0.0435560173 0.172661522 -0.374425488 0.0416028327 0.160747101 -0.241413621 -0.0435560173 0.172661522 -0.241413621 0.0435560173 0.172661522 -0.241413621 0.0435560173 0.172661522 -0.241413621 -0.0435560173 0.172661522 -0.106057932 -0.045118565 0.182622769 -0.241413621 0.0435560173 0.172661522 -0.106057932 -0.045118565 0.182622769 -0.106057932 0.045118565 0.182622769 -0.106057932 0.045118565 0.182622769 -0.106057932 -0.045118565 0.182622769 0.0287118141 -0.0460951574 0.190240183 -0.106057932 0.045118565 0.182622769 0.0287118141 -0.0460951574 0.190240183 0.0287118141 0.0460951574 0.190240183 0.0287118141 0.0460951574 0.190240183 0.0287118141 -0.0460951574 0.190240183 0.16016114 -0.0468764312 0.1957091 0.0287118141 0.0460951574 0.190240183 0.16016114 -0.0468764312 0.1957091 0.16016114 0.0468764312 0.1957091 0.16016114 0.0468764312 0.1957091 0.16016114 -0.0468764312 0.1957091 0.285750918 -0.0472670681 0.199224833 0.16016114 0.0468764312 0.1957091 0.285750918 -0.0472670681 0.199224833 0.285750918 0.0472670681 0.199224833 0.285750918 0.0472670681 0.199224833 0.285750918 -0.0472670681 0.199224833 0.407483155 -0.0470717497 0.200592068 0.285750918 0.0472670681 0.199224833 0.407483155 -0.0470717497 0.200592068 0.407483155 0.0470717497 0.200592068 0.407483155 0.0470717497 0.200592068 0.407483155 -0.0470717497 0.200592068 0.528189953 -0.0462904758 0.200201419 0.407483155 0.0470717497 0.200592068 0.528189953 -0.0462904758 0.200201419 0.528189953 0.0462904758 0.200201419 0.528189953 0.0462904758 0.200201419 0.528189953 -0.0462904758 0.200201419 0.646357641 -0.0453138835 0.197662285 0.528189953 0.0462904758 0.200201419 0.646357641 -0.0453138835 0.197662285 0.646357641 0.0453138835 0.197662285 0.646357641 0.0453138835 0.197662285 0.646357641 -0.0453138835 0.197662285 0.760423624 -0.0437513358 0.192974642 0.646357641 0.0453138835 0.197662285 0.760423624 -0.0437513358 0.192974642 0.760423624 0.0437513358 0.192974642 0.760423624 0.0437513358 0.192974642 0.760423624 -0.0437513358 0.192974642 0.868678869 -0.0419934696 0.18555254 0.760423624 0.0437513358 0.192974642 0.868678869 -0.0419934696 0.18555254 0.868678869 0.0419934696 0.18555254 0.868678869 0.0419934696 0.18555254 0.868678869 -0.0419934696 0.18555254 0.96926786 -0.0402356035 0.17539598 0.868678869 0.0419934696 0.18555254 0.96926786 -0.0402356035 0.17539598 0.96926786 0.0402356035 0.17539598 0.96926786 0.0402356035 0.17539598 0.96926786 -0.0402356035 0.17539598 1.06165353 -0.0380871004 0.161528375 0.96926786 0.0402356035 0.17539598 1.06165353 -0.0380871004 0.161528375 1.06165353 0.0380871004 0.161528375 1.06165353 0.0380871004 0.161528375 1.06165353 -0.0380871004 0.161528375 1.14993746 -0.0353526419 0.141215255 1.06165353 0.0380871004 0.161528375 1.14993746 -0.0353526419 0.141215255 1.14993746 0.0353526419 0.141215255 1.14993746 0.0353526419 0.141215255 1.14993746 -0.0353526419 0.141215255 1.2333873 -0.0322275465 0.116409804 1.14993746 0.0353526419 0.141215255 1.2333873 -0.0322275465 0.116409804 1.2333873 0.0322275465 0.116409804 1.2333873 0.0322275465 0.116409804 1.2333873 -0.0322275465 0.116409804 1.30956146 -0.0289071326 0.0898464932 1.2333873 0.0322275465 0.116409804 1.30956146 -0.0289071326 0.0898464932 1.30956146 0.0289071326 0.0898464932 1.30956146 0.0289071326 0.0898464932 1.30956146 -0.0289071326 0.0898464932 1.37655565 -0.0257820372 0.0642597745 1.30956146 0.0289071326 0.0898464932 1.37655565 -0.0257820372 0.0642597745 1.37655565 0.0257820372 0.0642597745 1.37655565 0.0257820372 0.0642597745 1.37655565 -0.0257820372 0.0642597745 1.43241675 -0.0230475787 0.042579425 1.37655565 0.0257820372 0.0642597745 1.43241675 -0.0230475787 0.042579425 1.43241675 0.0230475787 0.042579425 1.43241675 0.0230475787 0.042579425 1.43241675 -0.0230475787 0.042579425 1.47499621 -0.0212897125 0.0275399033 1.43241675 0.0230475787 0.042579425 1.47499621 -0.0212897125 0.0275399033 1.47499621 0.0212897125 0.0275399033 1.47499621 0.0212897125 0.0275399033 1.47499621 -0.0212897125 0.0275399033 1.50351269 -0.0205084387 0.0234382156 1.47499621 0.0212897125 0.0275399033 1.50351269 -0.0205084387 0.0234382156 1.50351269 0.0205084387 0.0234382156 1.50351269 0.0205084387 0.0234382156 1.50351269 -0.0205084387 0.0234382156 1.53202917 -0.0183599356 0.0101565601 1.50351269 0.0205084387 0.0234382156 1.53202917 -0.0183599356 0.0101565601 1.53202917 0.0183599356 0.0101565601 1.53202917 0.0183599356 0.0101565601 1.53202917 -0.0183599356 0.0101565601 1.56054566 -0.0140629294 -0.0162114325 1.53202917 0.0183599356 0.0101565601 1.56054566 -0.0140629294 -0.0162114325 1.56054566 0.0140629294 -0.0162114325 1.56054566 0.0140629294 -0.0162114325 1.56054566 -0.0140629294 -0.0162114325 1.58906214 0 -0.101956238 -1.34608605 0 -0.101956238 -1.32889797 -0.0197271648 -0.0484389789 -1.32889797 -0.00683614622 -0.0410168773 -1.32889797 -0.00683614622 -0.0410168773 -1.32889797 -0.0197271648 -0.0484389789 -1.31171 -0.0257820372 -0.0318369095 -1.32889797 -0.00683614622 -0.0410168773 -1.31171 -0.0257820372 -0.0318369095 -1.31171 -0.00898464932 -0.0222663048 -1.31171 -0.00898464932 -0.0222663048 -1.31171 -0.0257820372 -0.0318369095 -1.29452192 -0.0287118141 -0.0236335341 -1.31171 -0.00898464932 -0.0222663048 -1.29452192 -0.0287118141 -0.0236335341 -1.29452192 -0.00996124163 -0.0128910186 -1.29452192 -0.00996124163 -0.0128910186 -1.29452192 -0.0287118141 -0.0236335341 -1.27733395 -0.0296884064 -0.021094394 -1.29452192 -0.00996124163 -0.0128910186 -1.27733395 -0.0296884064 -0.021094394 -1.27733395 -0.0103518786 -0.00996124163 -1.27733395 -0.0103518786 -0.00996124163 -1.27733395 -0.0296884064 -0.021094394 -1.20819122 -0.0380871004 -0.00722678314 -1.27733395 -0.0103518786 -0.00996124163 -1.20819122 -0.0380871004 -0.00722678314 -1.20819122 -0.0132816555 0.00566423544 -1.20819122 -0.0132816555 0.00566423544 -1.20819122 -0.0380871004 -0.00722678314 -1.11478016 -0.0500015266 0.0121097447 -1.20819122 -0.0132816555 0.00566423544 -1.11478016 -0.0500015266 0.0121097447 -1.11478016 -0.0173833432 0.0277352218 -1.11478016 -0.0173833432 0.0277352218 -1.11478016 -0.0500015266 0.0121097447 -1.0034486 -0.0638691375 0.0351573234 -1.11478016 -0.0173833432 0.0277352218 -1.0034486 -0.0638691375 0.0351573234 -1.0034486 -0.0222663048 0.0539078959 -1.0034486 -0.0222663048 0.0539078959 -1.0034486 -0.0638691375 0.0351573234 -0.880593313 -0.0785180223 0.0593768129 -1.0034486 -0.0222663048 0.0539078959 -0.880593313 -0.0785180223 0.0593768129 -0.880593313 -0.0273445849 0.0814477992 -0.880593313 -0.0273445849 0.0814477992 -0.880593313 -0.0785180223 0.0593768129 -0.752220213 -0.0923856332 0.0824243915 -0.880593313 -0.0273445849 0.0814477992 -0.752220213 -0.0923856332 0.0824243915 -0.752220213 -0.032032228 0.107620479 -0.752220213 -0.032032228 0.107620479 -0.752220213 -0.0923856332 0.0824243915 -0.625067911 -0.104104747 0.101956238 -0.752220213 -0.032032228 0.107620479 -0.625067911 -0.104104747 0.101956238 -0.625067911 -0.0361339157 0.130082097 -0.625067911 -0.0361339157 0.130082097 -0.625067911 -0.104104747 0.101956238 -0.50240794 -0.112698759 0.116800441 -0.625067911 -0.0361339157 0.130082097 -0.50240794 -0.112698759 0.116800441 -0.50240794 -0.0390636927 0.146684172 -0.50240794 -0.0390636927 0.146684172 -0.50240794 -0.112698759 0.116800441 -0.374425488 -0.1195349 0.12910551 -0.50240794 -0.0390636927 0.146684172 -0.374425488 -0.1195349 0.12910551 -0.374425488 -0.0416028327 0.160747101 -0.374425488 -0.0416028327 0.160747101 -0.374425488 -0.1195349 0.12910551 -0.241413621 -0.125199141 0.139652707 -0.374425488 -0.0416028327 0.160747101 -0.241413621 -0.125199141 0.139652707 -0.241413621 -0.0435560173 0.172661522 -0.241413621 -0.0435560173 0.172661522 -0.241413621 -0.125199141 0.139652707 -0.106057932 -0.12969146 0.14824672 -0.241413621 -0.0435560173 0.172661522 -0.106057932 -0.12969146 0.14824672 -0.106057932 -0.045118565 0.182622769 -0.106057932 -0.045118565 0.182622769 -0.106057932 -0.12969146 0.14824672 0.0287118141 -0.13301188 0.15508286 -0.106057932 -0.045118565 0.182622769 0.0287118141 -0.13301188 0.15508286 0.0287118141 -0.0460951574 0.190240183 0.0287118141 -0.0460951574 0.190240183 0.0287118141 -0.13301188 0.15508286 0.16016114 -0.134965064 0.159965827 0.0287118141 -0.0460951574 0.190240183 0.16016114 -0.134965064 0.159965827 0.16016114 -0.0468764312 0.1957091 0.16016114 -0.0468764312 0.1957091 0.16016114 -0.134965064 0.159965827 0.285750918 -0.135941651 0.162895598 0.16016114 -0.0468764312 0.1957091 0.285750918 -0.135941651 0.162895598 0.285750918 -0.0472670681 0.199224833 0.285750918 -0.0472670681 0.199224833 0.285750918 -0.135941651 0.162895598 0.407483155 -0.135355701 0.164067509 0.285750918 -0.0472670681 0.199224833 0.407483155 -0.135355701 0.164067509 0.407483155 -0.0470717497 0.200592068 0.407483155 -0.0470717497 0.200592068 0.407483155 -0.135355701 0.164067509 0.528189953 -0.133402516 0.163872197 0.407483155 -0.0470717497 0.200592068 0.528189953 -0.133402516 0.163872197 0.528189953 -0.0462904758 0.200201419 0.528189953 -0.0462904758 0.200201419 0.528189953 -0.133402516 0.163872197 0.646357641 -0.130277421 0.161528375 0.528189953 -0.0462904758 0.200201419 0.646357641 -0.130277421 0.161528375 0.646357641 -0.0453138835 0.197662285 0.646357641 -0.0453138835 0.197662285 0.646357641 -0.130277421 0.161528375 0.760423624 -0.125980415 0.157426681 0.646357641 -0.0453138835 0.197662285 0.760423624 -0.125980415 0.157426681 0.760423624 -0.0437513358 0.192974642 0.760423624 -0.0437513358 0.192974642 0.760423624 -0.125980415 0.157426681 0.868678869 -0.121097447 0.150785854 0.760423624 -0.0437513358 0.192974642 0.868678869 -0.121097447 0.150785854 0.868678869 -0.0419934696 0.18555254 0.868678869 -0.0419934696 0.18555254 0.868678869 -0.121097447 0.150785854 0.96926786 -0.11562853 0.141801204 0.868678869 -0.0419934696 0.18555254 0.96926786 -0.11562853 0.141801204 0.96926786 -0.0402356035 0.17539598 0.96926786 -0.0402356035 0.17539598 0.96926786 -0.11562853 0.141801204 1.06165353 -0.109573664 0.12969146 0.96926786 -0.0402356035 0.17539598 1.06165353 -0.109573664 0.12969146 1.06165353 -0.0380871004 0.161528375 1.06165353 -0.0380871004 0.161528375 1.06165353 -0.109573664 0.12969146 1.14993746 -0.101760925 0.111722161 1.06165353 -0.0380871004 0.161528375 1.14993746 -0.101760925 0.111722161 1.14993746 -0.0353526419 0.141215255 1.14993746 -0.0353526419 0.141215255 1.14993746 -0.101760925 0.111722161 1.2333873 -0.0925809516 0.0900418116 1.14993746 -0.0353526419 0.141215255 1.2333873 -0.0925809516 0.0900418116 1.2333873 -0.0322275465 0.116409804 1.2333873 -0.0322275465 0.116409804 1.2333873 -0.0925809516 0.0900418116 1.30956146 -0.0832056654 0.066603596 1.2333873 -0.0322275465 0.116409804 1.30956146 -0.0832056654 0.066603596 1.30956146 -0.0289071326 0.0898464932 1.30956146 -0.0289071326 0.0898464932 1.30956146 -0.0832056654 0.066603596 1.37655565 -0.0742210161 0.0443372912 1.30956146 -0.0289071326 0.0898464932 1.37655565 -0.0742210161 0.0443372912 1.37655565 -0.0257820372 0.0642597745 1.37655565 -0.0257820372 0.0642597745 1.37655565 -0.0742210161 0.0443372912 1.43241675 -0.066603596 0.0251960818 1.37655565 -0.0257820372 0.0642597745 1.43241675 -0.066603596 0.0251960818 1.43241675 -0.0230475787 0.042579425 1.43241675 -0.0230475787 0.042579425 1.43241675 -0.066603596 0.0251960818 1.47499621 -0.061134679 0.0119144263 1.43241675 -0.0230475787 0.042579425 1.47499621 -0.061134679 0.0119144263 1.47499621 -0.0212897125 0.0275399033 1.47499621 -0.0212897125 0.0275399033 1.47499621 -0.061134679 0.0119144263 1.50351269 -0.0591814944 0.00839869393 1.47499621 -0.0212897125 0.0275399033 1.50351269 -0.0591814944 0.00839869393 1.50351269 -0.0205084387 0.0234382156 1.50351269 -0.0205084387 0.0234382156 1.50351269 -0.0591814944 0.00839869393 1.53202917 -0.0529313036 -0.00332041388 1.50351269 -0.0205084387 0.0234382156 1.53202917 -0.0529313036 -0.00332041388 1.53202917 -0.0183599356 0.0101565601 1.53202917 -0.0183599356 0.0101565601 1.53202917 -0.0529313036 -0.00332041388 1.56054566 -0.0404309219 -0.026563311 1.53202917 -0.0183599356 0.0101565601 1.56054566 -0.0404309219 -0.026563311 1.56054566 -0.0140629294 -0.0162114325 1.56054566 -0.0140629294 -0.0162114325 1.56054566 -0.0404309219 -0.026563311 1.58906214 0 -0.101956238 -1.34608605 0 -0.101956238 -1.32889797 -0.0300790434 -0.0621112714 -1.32889797 -0.0197271648 -0.0484389789 -1.32889797 -0.0197271648 -0.0484389789 -1.32889797 -0.0300790434 -0.0621112714 -1.31171 -0.0394543296 -0.0500015266 -1.32889797 -0.0197271648 -0.0484389789 -1.31171 -0.0394543296 -0.0500015266 -1.31171 -0.0257820372 -0.0318369095 -1.31171 -0.0257820372 -0.0318369095 -1.31171 -0.0394543296 -0.0500015266 -1.29452192 -0.0441419727 -0.0437513358 -1.31171 -0.0257820372 -0.0318369095 -1.29452192 -0.0441419727 -0.0437513358 -1.29452192 -0.0287118141 -0.0236335341 -1.29452192 -0.0287118141 -0.0236335341 -1.29452192 -0.0441419727 -0.0437513358 -1.27733395 -0.045509202 -0.0417981512 -1.29452192 -0.0287118141 -0.0236335341 -1.27733395 -0.045509202 -0.0417981512 -1.27733395 -0.0296884064 -0.021094394 -1.27733395 -0.0296884064 -0.021094394 -1.27733395 -0.045509202 -0.0417981512 -1.20819122 -0.0582049021 -0.0316415911 -1.27733395 -0.0296884064 -0.021094394 -1.20819122 -0.0582049021 -0.0316415911 -1.20819122 -0.0380871004 -0.00722678314 -1.20819122 -0.0380871004 -0.00722678314 -1.20819122 -0.0582049021 -0.0316415911 -1.11478016 -0.0763695192 -0.0171880248 -1.20819122 -0.0380871004 -0.00722678314 -1.11478016 -0.0763695192 -0.0171880248 -1.11478016 -0.0500015266 0.0121097447 -1.11478016 -0.0500015266 0.0121097447 -1.11478016 -0.0763695192 -0.0171880248 -1.0034486 -0.0978545502 -0.000195318463 -1.11478016 -0.0500015266 0.0121097447 -1.0034486 -0.0978545502 -0.000195318463 -1.0034486 -0.0638691375 0.0351573234 -1.0034486 -0.0638691375 0.0351573234 -1.0034486 -0.0978545502 -0.000195318463 -0.880593313 -0.120316173 0.0177739802 -1.0034486 -0.0638691375 0.0351573234 -0.880593313 -0.120316173 0.0177739802 -0.880593313 -0.0785180223 0.0593768129 -0.880593313 -0.0785180223 0.0593768129 -0.880593313 -0.120316173 0.0177739802 -0.752220213 -0.141605892 0.0347666865 -0.880593313 -0.0785180223 0.0593768129 -0.752220213 -0.141605892 0.0347666865 -0.752220213 -0.0923856332 0.0824243915 -0.752220213 -0.0923856332 0.0824243915 -0.752220213 -0.141605892 0.0347666865 -0.625067911 -0.159575191 0.0494155712 -0.752220213 -0.0923856332 0.0824243915 -0.625067911 -0.159575191 0.0494155712 -0.625067911 -0.104104747 0.101956238 -0.625067911 -0.104104747 0.101956238 -0.625067911 -0.159575191 0.0494155712 -0.50240794 -0.172661522 0.0603534052 -0.625067911 -0.104104747 0.101956238 -0.50240794 -0.172661522 0.0603534052 -0.50240794 -0.112698759 0.116800441 -0.50240794 -0.112698759 0.116800441 -0.50240794 -0.172661522 0.0603534052 -0.374425488 -0.183208719 0.069533373 -0.50240794 -0.112698759 0.116800441 -0.374425488 -0.183208719 0.069533373 -0.374425488 -0.1195349 0.12910551 -0.374425488 -0.1195349 0.12910551 -0.374425488 -0.183208719 0.069533373 -0.241413621 -0.191802731 0.0773461115 -0.374425488 -0.1195349 0.12910551 -0.241413621 -0.191802731 0.0773461115 -0.241413621 -0.125199141 0.139652707 -0.241413621 -0.125199141 0.139652707 -0.241413621 -0.191802731 0.0773461115 -0.106057932 -0.198638883 0.0837916208 -0.241413621 -0.125199141 0.139652707 -0.106057932 -0.198638883 0.0837916208 -0.106057932 -0.12969146 0.14824672 -0.106057932 -0.12969146 0.14824672 -0.106057932 -0.198638883 0.0837916208 0.0287118141 -0.203717163 0.0886745824 -0.106057932 -0.12969146 0.14824672 0.0287118141 -0.203717163 0.0886745824 0.0287118141 -0.13301188 0.15508286 0.0287118141 -0.13301188 0.15508286 0.0287118141 -0.203717163 0.0886745824 0.16016114 -0.206842259 0.0923856332 0.0287118141 -0.13301188 0.15508286 0.16016114 -0.206842259 0.0923856332 0.16016114 -0.134965064 0.159965827 0.16016114 -0.134965064 0.159965827 0.16016114 -0.206842259 0.0923856332 0.285750918 -0.208209494 0.0945341363 0.16016114 -0.134965064 0.159965827 0.285750918 -0.208209494 0.0945341363 0.285750918 -0.135941651 0.162895598 0.285750918 -0.135941651 0.162895598 0.285750918 -0.208209494 0.0945341363 0.407483155 -0.20742822 0.0955107286 0.285750918 -0.135941651 0.162895598 0.407483155 -0.20742822 0.0955107286 0.407483155 -0.135355701 0.164067509 0.407483155 -0.135355701 0.164067509 0.407483155 -0.20742822 0.0955107286 0.528189953 -0.204498437 0.0953154101 0.407483155 -0.135355701 0.164067509 0.528189953 -0.204498437 0.0953154101 0.528189953 -0.133402516 0.163872197 0.528189953 -0.133402516 0.163872197 0.528189953 -0.204498437 0.0953154101 0.646357641 -0.19961547 0.0937528624 0.528189953 -0.133402516 0.163872197 0.646357641 -0.19961547 0.0937528624 0.646357641 -0.130277421 0.161528375 0.646357641 -0.130277421 0.161528375 0.646357641 -0.19961547 0.0937528624 0.760423624 -0.193169966 0.0904324485 0.646357641 -0.130277421 0.161528375 0.760423624 -0.193169966 0.0904324485 0.760423624 -0.125980415 0.157426681 0.760423624 -0.125980415 0.157426681 0.760423624 -0.193169966 0.0904324485 0.868678869 -0.18555254 0.0857448054 0.760423624 -0.125980415 0.157426681 0.868678869 -0.18555254 0.0857448054 0.868678869 -0.121097447 0.150785854 0.868678869 -0.121097447 0.150785854 0.868678869 -0.18555254 0.0857448054 0.96926786 -0.177153852 0.0791039777 0.868678869 -0.121097447 0.150785854 0.96926786 -0.177153852 0.0791039777 0.96926786 -0.11562853 0.141801204 0.96926786 -0.11562853 0.141801204 0.96926786 -0.177153852 0.0791039777 1.06165353 -0.167973879 0.0699240099 0.96926786 -0.11562853 0.141801204 1.06165353 -0.167973879 0.0699240099 1.06165353 -0.109573664 0.12969146 1.06165353 -0.109573664 0.12969146 1.06165353 -0.167973879 0.0699240099 1.14993746 -0.155864134 0.0566423544 1.06165353 -0.109573664 0.12969146 1.14993746 -0.155864134 0.0566423544 1.14993746 -0.101760925 0.111722161 1.14993746 -0.101760925 0.111722161 1.14993746 -0.155864134 0.0566423544 1.2333873 -0.141996529 0.0406262404 1.14993746 -0.101760925 0.111722161 1.2333873 -0.141996529 0.0406262404 1.2333873 -0.0925809516 0.0900418116 1.2333873 -0.0925809516 0.0900418116 1.2333873 -0.141996529 0.0406262404 1.30956146 -0.127347638 0.0232428971 1.2333873 -0.0925809516 0.0900418116 1.30956146 -0.127347638 0.0232428971 1.30956146 -0.0832056654 0.066603596 1.30956146 -0.0832056654 0.066603596 1.30956146 -0.127347638 0.0232428971 1.37655565 -0.113675346 0.00664082775 1.30956146 -0.0832056654 0.066603596 1.37655565 -0.113675346 0.00664082775 1.37655565 -0.0742210161 0.0443372912 1.37655565 -0.0742210161 0.0443372912 1.37655565 -0.113675346 0.00664082775 1.43241675 -0.101956238 -0.00761742007 1.37655565 -0.0742210161 0.0443372912 1.43241675 -0.101956238 -0.00761742007 1.43241675 -0.066603596 0.0251960818 1.43241675 -0.066603596 0.0251960818 1.43241675 -0.101956238 -0.00761742007 1.47499621 -0.0937528624 -0.0173833432 1.43241675 -0.066603596 0.0251960818 1.47499621 -0.0937528624 -0.0173833432 1.47499621 -0.061134679 0.0119144263 1.47499621 -0.061134679 0.0119144263 1.47499621 -0.0937528624 -0.0173833432 1.50351269 -0.090627767 -0.0201178017 1.47499621 -0.061134679 0.0119144263 1.50351269 -0.090627767 -0.0201178017 1.50351269 -0.0591814944 0.00839869393 1.50351269 -0.0591814944 0.00839869393 1.50351269 -0.090627767 -0.0201178017 1.53202917 -0.0810571623 -0.0287118141 1.50351269 -0.0591814944 0.00839869393 1.53202917 -0.0810571623 -0.0287118141 1.53202917 -0.0529313036 -0.00332041388 1.53202917 -0.0529313036 -0.00332041388 1.53202917 -0.0810571623 -0.0287118141 1.56054566 -0.0619159529 -0.0460951574 1.53202917 -0.0529313036 -0.00332041388 1.56054566 -0.0619159529 -0.0460951574 1.56054566 -0.0404309219 -0.026563311 1.56054566 -0.0404309219 -0.026563311 1.56054566 -0.0619159529 -0.0460951574 1.58906214 0 -0.101956238 -1.34608605 0 -0.101956238 -1.32889797 -0.0369151896 -0.0808618438 -1.32889797 -0.0300790434 -0.0621112714 -1.32889797 -0.0300790434 -0.0621112714 -1.32889797 -0.0369151896 -0.0808618438 -1.31171 -0.0484389789 -0.0742210161 -1.32889797 -0.0300790434 -0.0621112714 -1.31171 -0.0484389789 -0.0742210161 -1.31171 -0.0394543296 -0.0500015266 -1.31171 -0.0394543296 -0.0500015266 -1.31171 -0.0484389789 -0.0742210161 -1.29452192 -0.0541032144 -0.0709006022 -1.31171 -0.0394543296 -0.0500015266 -1.29452192 -0.0541032144 -0.0709006022 -1.29452192 -0.0441419727 -0.0437513358 -1.29452192 -0.0441419727 -0.0437513358 -1.29452192 -0.0541032144 -0.0709006022 -1.27733395 -0.0558610805 -0.0699240099 -1.29452192 -0.0441419727 -0.0437513358 -1.27733395 -0.0558610805 -0.0699240099 -1.27733395 -0.045509202 -0.0417981512 -1.27733395 -0.045509202 -0.0417981512 -1.27733395 -0.0558610805 -0.0699240099 -1.20819122 -0.0714865576 -0.0644550929 -1.27733395 -0.045509202 -0.0417981512 -1.20819122 -0.0714865576 -0.0644550929 -1.20819122 -0.0582049021 -0.0316415911 -1.20819122 -0.0582049021 -0.0316415911 -1.20819122 -0.0714865576 -0.0644550929 -1.11478016 -0.0937528624 -0.0568376728 -1.20819122 -0.0582049021 -0.0316415911 -1.11478016 -0.0937528624 -0.0568376728 -1.11478016 -0.0763695192 -0.0171880248 -1.11478016 -0.0763695192 -0.0171880248 -1.11478016 -0.0937528624 -0.0568376728 -1.0034486 -0.120120861 -0.0478530235 -1.11478016 -0.0763695192 -0.0171880248 -1.0034486 -0.120120861 -0.0478530235 -1.0034486 -0.0978545502 -0.000195318463 -1.0034486 -0.0978545502 -0.000195318463 -1.0034486 -0.120120861 -0.0478530235 -0.880593313 -0.147465446 -0.0382824188 -1.0034486 -0.0978545502 -0.000195318463 -0.880593313 -0.147465446 -0.0382824188 -0.880593313 -0.120316173 0.0177739802 -0.880593313 -0.120316173 0.0177739802 -0.880593313 -0.147465446 -0.0382824188 -0.752220213 -0.17363812 -0.029102451 -0.880593313 -0.120316173 0.0177739802 -0.752220213 -0.17363812 -0.029102451 -0.752220213 -0.141605892 0.0347666865 -0.752220213 -0.141605892 0.0347666865 -0.752220213 -0.17363812 -0.029102451 -0.625067911 -0.1957091 -0.0212897125 -0.752220213 -0.141605892 0.0347666865 -0.625067911 -0.1957091 -0.0212897125 -0.625067911 -0.159575191 0.0494155712 -0.625067911 -0.159575191 0.0494155712 -0.625067911 -0.1957091 -0.0212897125 -0.50240794 -0.211725214 -0.0156254771 -0.625067911 -0.159575191 0.0494155712 -0.50240794 -0.211725214 -0.0156254771 -0.50240794 -0.172661522 0.0603534052 -0.50240794 -0.172661522 0.0603534052 -0.50240794 -0.211725214 -0.0156254771 -0.374425488 -0.224616245 -0.0107425155 -0.50240794 -0.172661522 0.0603534052 -0.374425488 -0.224616245 -0.0107425155 -0.374425488 -0.183208719 0.069533373 -0.374425488 -0.183208719 0.069533373 -0.374425488 -0.224616245 -0.0107425155 -0.241413621 -0.235358742 -0.00664082775 -0.374425488 -0.183208719 0.069533373 -0.241413621 -0.235358742 -0.00664082775 -0.241413621 -0.191802731 0.0773461115 -0.241413621 -0.191802731 0.0773461115 -0.241413621 -0.235358742 -0.00664082775 -0.106057932 -0.243757442 -0.00312509541 -0.241413621 -0.191802731 0.0773461115 -0.106057932 -0.243757442 -0.00312509541 -0.106057932 -0.198638883 0.0837916208 -0.106057932 -0.198638883 0.0837916208 -0.106057932 -0.243757442 -0.00312509541 0.0287118141 -0.249812321 -0.000390636927 -0.106057932 -0.198638883 0.0837916208 0.0287118141 -0.249812321 -0.000390636927 0.0287118141 -0.203717163 0.0886745824 0.0287118141 -0.203717163 0.0886745824 0.0287118141 -0.249812321 -0.000390636927 0.16016114 -0.25371869 0.00156254771 0.0287118141 -0.203717163 0.0886745824 0.16016114 -0.25371869 0.00156254771 0.16016114 -0.206842259 0.0923856332 0.16016114 -0.206842259 0.0923856332 0.16016114 -0.25371869 0.00156254771 0.285750918 -0.25547655 0.00273445849 0.16016114 -0.206842259 0.0923856332 0.285750918 -0.25547655 0.00273445849 0.285750918 -0.208209494 0.0945341363 0.285750918 -0.208209494 0.0945341363 0.285750918 -0.25547655 0.00273445849 0.407483155 -0.254499964 0.00312509541 0.285750918 -0.208209494 0.0945341363 0.407483155 -0.254499964 0.00312509541 0.407483155 -0.20742822 0.0955107286 0.407483155 -0.20742822 0.0955107286 0.407483155 -0.254499964 0.00312509541 0.528189953 -0.250788907 0.00292977695 0.407483155 -0.20742822 0.0955107286 0.528189953 -0.250788907 0.00292977695 0.528189953 -0.204498437 0.0953154101 0.528189953 -0.204498437 0.0953154101 0.528189953 -0.250788907 0.00292977695 0.646357641 -0.244734029 0.0021485031 0.528189953 -0.204498437 0.0953154101 0.646357641 -0.244734029 0.0021485031 0.646357641 -0.19961547 0.0937528624 0.646357641 -0.19961547 0.0937528624 0.646357641 -0.244734029 0.0021485031 0.760423624 -0.23692129 0.000390636927 0.646357641 -0.19961547 0.0937528624 0.760423624 -0.23692129 0.000390636927 0.760423624 -0.193169966 0.0904324485 0.760423624 -0.193169966 0.0904324485 0.760423624 -0.23692129 0.000390636927 0.868678869 -0.227546004 -0.0021485031 0.760423624 -0.193169966 0.0904324485 0.868678869 -0.227546004 -0.0021485031 0.868678869 -0.18555254 0.0857448054 0.868678869 -0.18555254 0.0857448054 0.868678869 -0.227546004 -0.0021485031 0.96926786 -0.217389444 -0.00566423544 0.868678869 -0.18555254 0.0857448054 0.96926786 -0.217389444 -0.00566423544 0.96926786 -0.177153852 0.0791039777 0.96926786 -0.177153852 0.0791039777 0.96926786 -0.217389444 -0.00566423544 1.06165353 -0.206060985 -0.0103518786 0.96926786 -0.177153852 0.0791039777 1.06165353 -0.206060985 -0.0103518786 1.06165353 -0.167973879 0.0699240099 1.06165353 -0.167973879 0.0699240099 1.06165353 -0.206060985 -0.0103518786 1.14993746 -0.191216782 -0.0175786617 1.06165353 -0.167973879 0.0699240099 1.14993746 -0.191216782 -0.0175786617 1.14993746 -0.155864134 0.0566423544 1.14993746 -0.155864134 0.0566423544 1.14993746 -0.191216782 -0.0175786617 1.2333873 -0.174224069 -0.0261726741 1.14993746 -0.155864134 0.0566423544 1.2333873 -0.174224069 -0.0261726741 1.2333873 -0.141996529 0.0406262404 1.2333873 -0.141996529 0.0406262404 1.2333873 -0.174224069 -0.0261726741 1.30956146 -0.156254771 -0.0353526419 1.2333873 -0.141996529 0.0406262404 1.30956146 -0.156254771 -0.0353526419 1.30956146 -0.127347638 0.0232428971 1.30956146 -0.127347638 0.0232428971 1.30956146 -0.156254771 -0.0353526419 1.37655565 -0.139457383 -0.0441419727 1.30956146 -0.127347638 0.0232428971 1.37655565 -0.139457383 -0.0441419727 1.37655565 -0.113675346 0.00664082775 1.37655565 -0.113675346 0.00664082775 1.37655565 -0.139457383 -0.0441419727 1.43241675 -0.125003817 -0.0517593928 1.37655565 -0.113675346 0.00664082775 1.43241675 -0.125003817 -0.0517593928 1.43241675 -0.101956238 -0.00761742007 1.43241675 -0.101956238 -0.00761742007 1.43241675 -0.125003817 -0.0517593928 1.47499621 -0.114847256 -0.0570329913 1.43241675 -0.101956238 -0.00761742007 1.47499621 -0.114847256 -0.0570329913 1.47499621 -0.0937528624 -0.0173833432 1.47499621 -0.0937528624 -0.0173833432 1.47499621 -0.114847256 -0.0570329913 1.50351269 -0.111331524 -0.0584002205 1.47499621 -0.0937528624 -0.0173833432 1.50351269 -0.111331524 -0.0584002205 1.50351269 -0.090627767 -0.0201178017 1.50351269 -0.090627767 -0.0201178017 1.50351269 -0.111331524 -0.0584002205 1.53202917 -0.0996124163 -0.0628925452 1.50351269 -0.090627767 -0.0201178017 1.53202917 -0.0996124163 -0.0628925452 1.53202917 -0.0810571623 -0.0287118141 1.53202917 -0.0810571623 -0.0287118141 1.53202917 -0.0996124163 -0.0628925452 1.56054566 -0.0759788823 -0.0722678314 1.53202917 -0.0810571623 -0.0287118141 1.56054566 -0.0759788823 -0.0722678314 1.56054566 -0.0619159529 -0.0460951574 1.56054566 -0.0619159529 -0.0460951574 1.56054566 -0.0759788823 -0.0722678314 1.58906214 0 -0.101956238 -1.34608605 0 -0.101956238 -1.32889797 -0.0392590111 -0.101956238 -1.32889797 -0.0369151896 -0.0808618438 -1.32889797 -0.0369151896 -0.0808618438 -1.32889797 -0.0392590111 -0.101956238 -1.31171 -0.0515640743 -0.101956238 -1.32889797 -0.0369151896 -0.0808618438 -1.31171 -0.0515640743 -0.101956238 -1.31171 -0.0484389789 -0.0742210161 -1.31171 -0.0484389789 -0.0742210161 -1.31171 -0.0515640743 -0.101956238 -1.29452192 -0.0576189467 -0.101956238 -1.31171 -0.0484389789 -0.0742210161 -1.29452192 -0.0576189467 -0.101956238 -1.29452192 -0.0541032144 -0.0709006022 -1.29452192 -0.0541032144 -0.0709006022 -1.29452192 -0.0576189467 -0.101956238 -1.27733395 -0.0593768129 -0.101956238 -1.29452192 -0.0541032144 -0.0709006022 -1.27733395 -0.0593768129 -0.101956238 -1.27733395 -0.0558610805 -0.0699240099 -1.27733395 -0.0558610805 -0.0699240099 -1.27733395 -0.0593768129 -0.101956238 -1.20819122 -0.0761742007 -0.101956238 -1.27733395 -0.0558610805 -0.0699240099 -1.20819122 -0.0761742007 -0.101956238 -1.20819122 -0.0714865576 -0.0644550929 -1.20819122 -0.0714865576 -0.0644550929 -1.20819122 -0.0761742007 -0.101956238 -1.11478016 -0.0998077348 -0.101956238 -1.20819122 -0.0714865576 -0.0644550929 -1.11478016 -0.0998077348 -0.101956238 -1.11478016 -0.0937528624 -0.0568376728 -1.11478016 -0.0937528624 -0.0568376728 -1.11478016 -0.0998077348 -0.101956238 -1.0034486 -0.127738275 -0.101956238 -1.11478016 -0.0937528624 -0.0568376728 -1.0034486 -0.127738275 -0.101956238 -1.0034486 -0.120120861 -0.0478530235 -1.0034486 -0.120120861 -0.0478530235 -1.0034486 -0.127738275 -0.101956238 -0.880593313 -0.157036045 -0.101956238 -1.0034486 -0.120120861 -0.0478530235 -0.880593313 -0.157036045 -0.101956238 -0.880593313 -0.147465446 -0.0382824188 -0.880593313 -0.147465446 -0.0382824188 -0.880593313 -0.157036045 -0.101956238 -0.752220213 -0.184771266 -0.101956238 -0.880593313 -0.147465446 -0.0382824188 -0.752220213 -0.184771266 -0.101956238 -0.752220213 -0.17363812 -0.029102451 -0.752220213 -0.17363812 -0.029102451 -0.752220213 -0.184771266 -0.101956238 -0.625067911 -0.208209494 -0.101956238 -0.752220213 -0.17363812 -0.029102451 -0.625067911 -0.208209494 -0.101956238 -0.625067911 -0.1957091 -0.0212897125 -0.625067911 -0.1957091 -0.0212897125 -0.625067911 -0.208209494 -0.101956238 -0.50240794 -0.225202182 -0.101956238 -0.625067911 -0.1957091 -0.0212897125 -0.50240794 -0.225202182 -0.101956238 -0.50240794 -0.211725214 -0.0156254771 -0.50240794 -0.211725214 -0.0156254771 -0.50240794 -0.225202182 -0.101956238 -0.374425488 -0.239069799 -0.101956238 -0.50240794 -0.211725214 -0.0156254771 -0.374425488 -0.239069799 -0.101956238 -0.374425488 -0.224616245 -0.0107425155 -0.374425488 -0.224616245 -0.0107425155 -0.374425488 -0.239069799 -0.101956238 -0.241413621 -0.250398282 -0.101956238 -0.374425488 -0.224616245 -0.0107425155 -0.241413621 -0.250398282 -0.101956238 -0.241413621 -0.235358742 -0.00664082775 -0.241413621 -0.235358742 -0.00664082775 -0.241413621 -0.250398282 -0.101956238 -0.106057932 -0.259382919 -0.101956238 -0.241413621 -0.235358742 -0.00664082775 -0.106057932 -0.259382919 -0.101956238 -0.106057932 -0.243757442 -0.00312509541 -0.106057932 -0.243757442 -0.00312509541 -0.106057932 -0.259382919 -0.101956238 0.0287118141 -0.265828423 -0.101956238 -0.106057932 -0.243757442 -0.00312509541 0.0287118141 -0.265828423 -0.101956238 0.0287118141 -0.249812321 -0.000390636927 0.0287118141 -0.249812321 -0.000390636927 0.0287118141 -0.265828423 -0.101956238 0.16016114 -0.269930128 -0.101956238 0.0287118141 -0.249812321 -0.000390636927 0.16016114 -0.269930128 -0.101956238 0.16016114 -0.25371869 0.00156254771 0.16016114 -0.25371869 0.00156254771 0.16016114 -0.269930128 -0.101956238 0.285750918 -0.271883301 -0.101956238 0.16016114 -0.25371869 0.00156254771 0.285750918 -0.271883301 -0.101956238 0.285750918 -0.25547655 0.00273445849 0.285750918 -0.25547655 0.00273445849 0.285750918 -0.271883301 -0.101956238 0.407483155 -0.270711402 -0.101956238 0.285750918 -0.25547655 0.00273445849 0.407483155 -0.270711402 -0.101956238 0.407483155 -0.254499964 0.00312509541 0.407483155 -0.254499964 0.00312509541 0.407483155 -0.270711402 -0.101956238 0.528189953 -0.266805033 -0.101956238 0.407483155 -0.254499964 0.00312509541 0.528189953 -0.266805033 -0.101956238 0.528189953 -0.250788907 0.00292977695 0.528189953 -0.250788907 0.00292977695 0.528189953 -0.266805033 -0.101956238 0.646357641 -0.260554842 -0.101956238 0.528189953 -0.250788907 0.00292977695 0.646357641 -0.260554842 -0.101956238 0.646357641 -0.244734029 0.0021485031 0.646357641 -0.244734029 0.0021485031 0.646357641 -0.260554842 -0.101956238 0.760423624 -0.252156142 -0.101956238 0.646357641 -0.244734029 0.0021485031 0.760423624 -0.252156142 -0.101956238 0.760423624 -0.23692129 0.000390636927 0.760423624 -0.23692129 0.000390636927 0.760423624 -0.252156142 -0.101956238 0.868678869 -0.242194895 -0.101956238 0.760423624 -0.23692129 0.000390636927 0.868678869 -0.242194895 -0.101956238 0.868678869 -0.227546004 -0.0021485031 0.868678869 -0.227546004 -0.0021485031 0.868678869 -0.242194895 -0.101956238 0.96926786 -0.231257061 -0.101956238 0.868678869 -0.227546004 -0.0021485031 0.96926786 -0.231257061 -0.101956238 0.96926786 -0.217389444 -0.00566423544 0.96926786 -0.217389444 -0.00566423544 0.96926786 -0.231257061 -0.101956238 1.06165353 -0.219147328 -0.101956238 0.96926786 -0.217389444 -0.00566423544 1.06165353 -0.219147328 -0.101956238 1.06165353 -0.206060985 -0.0103518786 1.06165353 -0.206060985 -0.0103518786 1.06165353 -0.219147328 -0.101956238 1.14993746 -0.203521851 -0.101956238 1.06165353 -0.206060985 -0.0103518786 1.14993746 -0.203521851 -0.101956238 1.14993746 -0.191216782 -0.0175786617 1.14993746 -0.191216782 -0.0175786617 1.14993746 -0.203521851 -0.101956238 1.2333873 -0.185357228 -0.101956238 1.14993746 -0.191216782 -0.0175786617 1.2333873 -0.185357228 -0.101956238 1.2333873 -0.174224069 -0.0261726741 1.2333873 -0.174224069 -0.0261726741 1.2333873 -0.185357228 -0.101956238 1.30956146 -0.166411331 -0.101956238 1.2333873 -0.174224069 -0.0261726741 1.30956146 -0.166411331 -0.101956238 1.30956146 -0.156254771 -0.0353526419 1.30956146 -0.156254771 -0.0353526419 1.30956146 -0.166411331 -0.101956238 1.37655565 -0.14824672 -0.101956238 1.30956146 -0.156254771 -0.0353526419 1.37655565 -0.14824672 -0.101956238 1.37655565 -0.139457383 -0.0441419727 1.37655565 -0.139457383 -0.0441419727 1.37655565 -0.14824672 -0.101956238 1.43241675 -0.13301188 -0.101956238 1.37655565 -0.139457383 -0.0441419727 1.43241675 -0.13301188 -0.101956238 1.43241675 -0.125003817 -0.0517593928 1.43241675 -0.125003817 -0.0517593928 1.43241675 -0.13301188 -0.101956238 1.47499621 -0.122269358 -0.101956238 1.43241675 -0.125003817 -0.0517593928 1.47499621 -0.122269358 -0.101956238 1.47499621 -0.114847256 -0.0570329913 1.47499621 -0.114847256 -0.0570329913 1.47499621 -0.122269358 -0.101956238 1.50351269 -0.118362989 -0.101956238 1.47499621 -0.114847256 -0.0570329913 1.50351269 -0.118362989 -0.101956238 1.50351269 -0.111331524 -0.0584002205 1.50351269 -0.111331524 -0.0584002205 1.50351269 -0.118362989 -0.101956238 1.53202917 -0.105862607 -0.101956238 1.50351269 -0.111331524 -0.0584002205 1.53202917 -0.105862607 -0.101956238 1.53202917 -0.0996124163 -0.0628925452 1.53202917 -0.0996124163 -0.0628925452 1.53202917 -0.105862607 -0.101956238 1.56054566 -0.0808618438 -0.101956238 1.53202917 -0.0996124163 -0.0628925452 1.56054566 -0.0808618438 -0.101956238 1.56054566 -0.0759788823 -0.0722678314 1.56054566 -0.0759788823 -0.0722678314 1.56054566 -0.0808618438 -0.101956238 1.58906214 0 -0.101956238 -1.34608605 0 -0.101956238 -1.32889797 -0.0369151896 -0.123050632 -1.32889797 -0.0392590111 -0.101956238 -1.32889797 -0.0392590111 -0.101956238 -1.32889797 -0.0369151896 -0.123050632 -1.31171 -0.0484389789 -0.12969146 -1.32889797 -0.0392590111 -0.101956238 -1.31171 -0.0484389789 -0.12969146 -1.31171 -0.0515640743 -0.101956238 -1.31171 -0.0515640743 -0.101956238 -1.31171 -0.0484389789 -0.12969146 -1.29452192 -0.0541032144 -0.132816555 -1.31171 -0.0515640743 -0.101956238 -1.29452192 -0.0541032144 -0.132816555 -1.29452192 -0.0576189467 -0.101956238 -1.29452192 -0.0576189467 -0.101956238 -1.29452192 -0.0541032144 -0.132816555 -1.27733395 -0.0558610805 -0.133793153 -1.29452192 -0.0576189467 -0.101956238 -1.27733395 -0.0558610805 -0.133793153 -1.27733395 -0.0593768129 -0.101956238 -1.27733395 -0.0593768129 -0.101956238 -1.27733395 -0.0558610805 -0.133793153 -1.20819122 -0.0714865576 -0.13926207 -1.27733395 -0.0593768129 -0.101956238 -1.20819122 -0.0714865576 -0.13926207 -1.20819122 -0.0761742007 -0.101956238 -1.20819122 -0.0761742007 -0.101956238 -1.20819122 -0.0714865576 -0.13926207 -1.11478016 -0.0937528624 -0.147074809 -1.20819122 -0.0761742007 -0.101956238 -1.11478016 -0.0937528624 -0.147074809 -1.11478016 -0.0998077348 -0.101956238 -1.11478016 -0.0998077348 -0.101956238 -1.11478016 -0.0937528624 -0.147074809 -1.0034486 -0.120120861 -0.156059458 -1.11478016 -0.0998077348 -0.101956238 -1.0034486 -0.120120861 -0.156059458 -1.0034486 -0.127738275 -0.101956238 -1.0034486 -0.127738275 -0.101956238 -1.0034486 -0.120120861 -0.156059458 -0.880593313 -0.147465446 -0.165630057 -1.0034486 -0.127738275 -0.101956238 -0.880593313 -0.147465446 -0.165630057 -0.880593313 -0.157036045 -0.101956238 -0.880593313 -0.157036045 -0.101956238 -0.880593313 -0.147465446 -0.165630057 -0.752220213 -0.17363812 -0.174614706 -0.880593313 -0.157036045 -0.101956238 -0.752220213 -0.17363812 -0.174614706 -0.752220213 -0.184771266 -0.101956238 -0.752220213 -0.184771266 -0.101956238 -0.752220213 -0.17363812 -0.174614706 -0.625067911 -0.1957091 -0.182427445 -0.752220213 -0.184771266 -0.101956238 -0.625067911 -0.1957091 -0.182427445 -0.625067911 -0.208209494 -0.101956238 -0.625067911 -0.208209494 -0.101956238 -0.625067911 -0.1957091 -0.182427445 -0.50240794 -0.211725214 -0.188286999 -0.625067911 -0.208209494 -0.101956238 -0.50240794 -0.211725214 -0.188286999 -0.50240794 -0.225202182 -0.101956238 -0.50240794 -0.225202182 -0.101956238 -0.50240794 -0.211725214 -0.188286999 -0.374425488 -0.224616245 -0.193169966 -0.50240794 -0.225202182 -0.101956238 -0.374425488 -0.224616245 -0.193169966 -0.374425488 -0.239069799 -0.101956238 -0.374425488 -0.239069799 -0.101956238 -0.374425488 -0.224616245 -0.193169966 -0.241413621 -0.235358742 -0.197271648 -0.374425488 -0.239069799 -0.101956238 -0.241413621 -0.235358742 -0.197271648 -0.241413621 -0.250398282 -0.101956238 -0.241413621 -0.250398282 -0.101956238 -0.241413621 -0.235358742 -0.197271648 -0.106057932 -0.243757442 -0.20078738 -0.241413621 -0.250398282 -0.101956238 -0.106057932 -0.243757442 -0.20078738 -0.106057932 -0.259382919 -0.101956238 -0.106057932 -0.259382919 -0.101956238 -0.106057932 -0.243757442 -0.20078738 0.0287118141 -0.249812321 -0.203326514 -0.106057932 -0.259382919 -0.101956238 0.0287118141 -0.249812321 -0.203326514 0.0287118141 -0.265828423 -0.101956238 0.0287118141 -0.265828423 -0.101956238 0.0287118141 -0.249812321 -0.203326514 0.16016114 -0.25371869 -0.205279711 0.0287118141 -0.265828423 -0.101956238 0.16016114 -0.25371869 -0.205279711 0.16016114 -0.269930128 -0.101956238 0.16016114 -0.269930128 -0.101956238 0.16016114 -0.25371869 -0.205279711 0.285750918 -0.25547655 -0.20645161 0.16016114 -0.269930128 -0.101956238 0.285750918 -0.25547655 -0.20645161 0.285750918 -0.271883301 -0.101956238 0.285750918 -0.271883301 -0.101956238 0.285750918 -0.25547655 -0.20645161 0.407483155 -0.254499964 -0.207037571 0.285750918 -0.271883301 -0.101956238 0.407483155 -0.254499964 -0.207037571 0.407483155 -0.270711402 -0.101956238 0.407483155 -0.270711402 -0.101956238 0.407483155 -0.254499964 -0.207037571 0.528189953 -0.250788907 -0.206842259 0.407483155 -0.270711402 -0.101956238 0.528189953 -0.250788907 -0.206842259 0.528189953 -0.266805033 -0.101956238 0.528189953 -0.266805033 -0.101956238 0.528189953 -0.250788907 -0.206842259 0.646357641 -0.244734029 -0.206060985 0.528189953 -0.266805033 -0.101956238 0.646357641 -0.244734029 -0.206060985 0.646357641 -0.260554842 -0.101956238 0.646357641 -0.260554842 -0.101956238 0.646357641 -0.244734029 -0.206060985 0.760423624 -0.23692129 -0.204303125 0.646357641 -0.260554842 -0.101956238 0.760423624 -0.23692129 -0.204303125 0.760423624 -0.252156142 -0.101956238 0.760423624 -0.252156142 -0.101956238 0.760423624 -0.23692129 -0.204303125 0.868678869 -0.227546004 -0.201763967 0.760423624 -0.252156142 -0.101956238 0.868678869 -0.227546004 -0.201763967 0.868678869 -0.242194895 -0.101956238 0.868678869 -0.242194895 -0.101956238 0.868678869 -0.227546004 -0.201763967 0.96926786 -0.217389444 -0.198248246 0.868678869 -0.242194895 -0.101956238 0.96926786 -0.217389444 -0.198248246 0.96926786 -0.231257061 -0.101956238 0.96926786 -0.231257061 -0.101956238 0.96926786 -0.217389444 -0.198248246 1.06165353 -0.206060985 -0.193365279 0.96926786 -0.231257061 -0.101956238 1.06165353 -0.206060985 -0.193365279 1.06165353 -0.219147328 -0.101956238 1.06165353 -0.219147328 -0.101956238 1.06165353 -0.206060985 -0.193365279 1.14993746 -0.191216782 -0.186333814 1.06165353 -0.219147328 -0.101956238 1.14993746 -0.191216782 -0.186333814 1.14993746 -0.203521851 -0.101956238 1.14993746 -0.203521851 -0.101956238 1.14993746 -0.191216782 -0.186333814 1.2333873 -0.174224069 -0.177739802 1.14993746 -0.203521851 -0.101956238 1.2333873 -0.174224069 -0.177739802 1.2333873 -0.185357228 -0.101956238 1.2333873 -0.185357228 -0.101956238 1.2333873 -0.174224069 -0.177739802 1.30956146 -0.156254771 -0.16855984 1.2333873 -0.185357228 -0.101956238 1.30956146 -0.156254771 -0.16855984 1.30956146 -0.166411331 -0.101956238 1.30956146 -0.166411331 -0.101956238 1.30956146 -0.156254771 -0.16855984 1.37655565 -0.139457383 -0.159575191 1.30956146 -0.166411331 -0.101956238 1.37655565 -0.139457383 -0.159575191 1.37655565 -0.14824672 -0.101956238 1.37655565 -0.14824672 -0.101956238 1.37655565 -0.139457383 -0.159575191 1.43241675 -0.125003817 -0.152153089 1.37655565 -0.14824672 -0.101956238 1.43241675 -0.125003817 -0.152153089 1.43241675 -0.13301188 -0.101956238 1.43241675 -0.13301188 -0.101956238 1.43241675 -0.125003817 -0.152153089 1.47499621 -0.114847256 -0.146879484 1.43241675 -0.13301188 -0.101956238 1.47499621 -0.114847256 -0.146879484 1.47499621 -0.122269358 -0.101956238 1.47499621 -0.122269358 -0.101956238 1.47499621 -0.114847256 -0.146879484 1.50351269 -0.111331524 -0.145512261 1.47499621 -0.122269358 -0.101956238 1.50351269 -0.111331524 -0.145512261 1.50351269 -0.118362989 -0.101956238 1.50351269 -0.118362989 -0.101956238 1.50351269 -0.111331524 -0.145512261 1.53202917 -0.0996124163 -0.140824618 1.50351269 -0.118362989 -0.101956238 1.53202917 -0.0996124163 -0.140824618 1.53202917 -0.105862607 -0.101956238 1.53202917 -0.105862607 -0.101956238 1.53202917 -0.0996124163 -0.140824618 1.56054566 -0.0759788823 -0.131644644 1.53202917 -0.105862607 -0.101956238 1.56054566 -0.0759788823 -0.131644644 1.56054566 -0.0808618438 -0.101956238 1.56054566 -0.0808618438 -0.101956238 1.56054566 -0.0759788823 -0.131644644 1.58906214 0 -0.101956238 -1.34608605 0 -0.101956238 -1.32889797 0.0392590111 -0.101956238 -1.32889797 0.0369151896 -0.123050632 -1.32889797 0.0369151896 -0.123050632 -1.32889797 0.0392590111 -0.101956238 -1.31171 0.0515640743 -0.101956238 -1.32889797 0.0369151896 -0.123050632 -1.31171 0.0515640743 -0.101956238 -1.31171 0.0484389789 -0.12969146 -1.31171 0.0484389789 -0.12969146 -1.31171 0.0515640743 -0.101956238 -1.29452192 0.0576189467 -0.101956238 -1.31171 0.0484389789 -0.12969146 -1.29452192 0.0576189467 -0.101956238 -1.29452192 0.0541032144 -0.132816555 -1.29452192 0.0541032144 -0.132816555 -1.29452192 0.0576189467 -0.101956238 -1.27733395 0.0593768129 -0.101956238 -1.29452192 0.0541032144 -0.132816555 -1.27733395 0.0593768129 -0.101956238 -1.27733395 0.0558610805 -0.133793153 -1.27733395 0.0558610805 -0.133793153 -1.27733395 0.0593768129 -0.101956238 -1.20819122 0.0761742007 -0.101956238 -1.27733395 0.0558610805 -0.133793153 -1.20819122 0.0761742007 -0.101956238 -1.20819122 0.0714865576 -0.13926207 -1.20819122 0.0714865576 -0.13926207 -1.20819122 0.0761742007 -0.101956238 -1.11478016 0.0998077348 -0.101956238 -1.20819122 0.0714865576 -0.13926207 -1.11478016 0.0998077348 -0.101956238 -1.11478016 0.0937528624 -0.147074809 -1.11478016 0.0937528624 -0.147074809 -1.11478016 0.0998077348 -0.101956238 -1.0034486 0.127738275 -0.101956238 -1.11478016 0.0937528624 -0.147074809 -1.0034486 0.127738275 -0.101956238 -1.0034486 0.120120861 -0.156059458 -1.0034486 0.120120861 -0.156059458 -1.0034486 0.127738275 -0.101956238 -0.880593313 0.157036045 -0.101956238 -1.0034486 0.120120861 -0.156059458 -0.880593313 0.157036045 -0.101956238 -0.880593313 0.147465446 -0.165630057 -0.880593313 0.147465446 -0.165630057 -0.880593313 0.157036045 -0.101956238 -0.752220213 0.184771266 -0.101956238 -0.880593313 0.147465446 -0.165630057 -0.752220213 0.184771266 -0.101956238 -0.752220213 0.17363812 -0.174614706 -0.752220213 0.17363812 -0.174614706 -0.752220213 0.184771266 -0.101956238 -0.625067911 0.208209494 -0.101956238 -0.752220213 0.17363812 -0.174614706 -0.625067911 0.208209494 -0.101956238 -0.625067911 0.1957091 -0.182427445 -0.625067911 0.1957091 -0.182427445 -0.625067911 0.208209494 -0.101956238 -0.50240794 0.225202182 -0.101956238 -0.625067911 0.1957091 -0.182427445 -0.50240794 0.225202182 -0.101956238 -0.50240794 0.211725214 -0.188286999 -0.50240794 0.211725214 -0.188286999 -0.50240794 0.225202182 -0.101956238 -0.374425488 0.239069799 -0.101956238 -0.50240794 0.211725214 -0.188286999 -0.374425488 0.239069799 -0.101956238 -0.374425488 0.224616245 -0.193169966 -0.374425488 0.224616245 -0.193169966 -0.374425488 0.239069799 -0.101956238 -0.241413621 0.250398282 -0.101956238 -0.374425488 0.224616245 -0.193169966 -0.241413621 0.250398282 -0.101956238 -0.241413621 0.235358742 -0.197271648 -0.241413621 0.235358742 -0.197271648 -0.241413621 0.250398282 -0.101956238 -0.106057932 0.259382919 -0.101956238 -0.241413621 0.235358742 -0.197271648 -0.106057932 0.259382919 -0.101956238 -0.106057932 0.243757442 -0.20078738 -0.106057932 0.243757442 -0.20078738 -0.106057932 0.259382919 -0.101956238 0.0287118141 0.265828423 -0.101956238 -0.106057932 0.243757442 -0.20078738 0.0287118141 0.265828423 -0.101956238 0.0287118141 0.249812321 -0.203326514 0.0287118141 0.249812321 -0.203326514 0.0287118141 0.265828423 -0.101956238 0.16016114 0.269930128 -0.101956238 0.0287118141 0.249812321 -0.203326514 0.16016114 0.269930128 -0.101956238 0.16016114 0.25371869 -0.205279711 0.16016114 0.25371869 -0.205279711 0.16016114 0.269930128 -0.101956238 0.285750918 0.271883301 -0.101956238 0.16016114 0.25371869 -0.205279711 0.285750918 0.271883301 -0.101956238 0.285750918 0.25547655 -0.20645161 0.285750918 0.25547655 -0.20645161 0.285750918 0.271883301 -0.101956238 0.407483155 0.270711402 -0.101956238 0.285750918 0.25547655 -0.20645161 0.407483155 0.270711402 -0.101956238 0.407483155 0.254499964 -0.207037571 0.407483155 0.254499964 -0.207037571 0.407483155 0.270711402 -0.101956238 0.528189953 0.266805033 -0.101956238 0.407483155 0.254499964 -0.207037571 0.528189953 0.266805033 -0.101956238 0.528189953 0.250788907 -0.206842259 0.528189953 0.250788907 -0.206842259 0.528189953 0.266805033 -0.101956238 0.646357641 0.260554842 -0.101956238 0.528189953 0.250788907 -0.206842259 0.646357641 0.260554842 -0.101956238 0.646357641 0.244734029 -0.206060985 0.646357641 0.244734029 -0.206060985 0.646357641 0.260554842 -0.101956238 0.760423624 0.252156142 -0.101956238 0.646357641 0.244734029 -0.206060985 0.760423624 0.252156142 -0.101956238 0.760423624 0.23692129 -0.204303125 0.760423624 0.23692129 -0.204303125 0.760423624 0.252156142 -0.101956238 0.868678869 0.242194895 -0.101956238 0.760423624 0.23692129 -0.204303125 0.868678869 0.242194895 -0.101956238 0.868678869 0.227546004 -0.201763967 0.868678869 0.227546004 -0.201763967 0.868678869 0.242194895 -0.101956238 0.96926786 0.231257061 -0.101956238 0.868678869 0.227546004 -0.201763967 0.96926786 0.231257061 -0.101956238 0.96926786 0.217389444 -0.198248246 0.96926786 0.217389444 -0.198248246 0.96926786 0.231257061 -0.101956238 1.06165353 0.219147328 -0.101956238 0.96926786 0.217389444 -0.198248246 1.06165353 0.219147328 -0.101956238 1.06165353 0.206060985 -0.193365279 1.06165353 0.206060985 -0.193365279 1.06165353 0.219147328 -0.101956238 1.14993746 0.203521851 -0.101956238 1.06165353 0.206060985 -0.193365279 1.14993746 0.203521851 -0.101956238 1.14993746 0.191216782 -0.186333814 1.14993746 0.191216782 -0.186333814 1.14993746 0.203521851 -0.101956238 1.2333873 0.185357228 -0.101956238 1.14993746 0.191216782 -0.186333814 1.2333873 0.185357228 -0.101956238 1.2333873 0.174224069 -0.177739802 1.2333873 0.174224069 -0.177739802 1.2333873 0.185357228 -0.101956238 1.30956146 0.166411331 -0.101956238 1.2333873 0.174224069 -0.177739802 1.30956146 0.166411331 -0.101956238 1.30956146 0.156254771 -0.16855984 1.30956146 0.156254771 -0.16855984 1.30956146 0.166411331 -0.101956238 1.37655565 0.14824672 -0.101956238 1.30956146 0.156254771 -0.16855984 1.37655565 0.14824672 -0.101956238 1.37655565 0.139457383 -0.159575191 1.37655565 0.139457383 -0.159575191 1.37655565 0.14824672 -0.101956238 1.43241675 0.13301188 -0.101956238 1.37655565 0.139457383 -0.159575191 1.43241675 0.13301188 -0.101956238 1.43241675 0.125003817 -0.152153089 1.43241675 0.125003817 -0.152153089 1.43241675 0.13301188 -0.101956238 1.47499621 0.122269358 -0.101956238 1.43241675 0.125003817 -0.152153089 1.47499621 0.122269358 -0.101956238 1.47499621 0.114847256 -0.146879484 1.47499621 0.114847256 -0.146879484 1.47499621 0.122269358 -0.101956238 1.50351269 0.118362989 -0.101956238 1.47499621 0.114847256 -0.146879484 1.50351269 0.118362989 -0.101956238 1.50351269 0.111331524 -0.145512261 1.50351269 0.111331524 -0.145512261 1.50351269 0.118362989 -0.101956238 1.53202917 0.105862607 -0.101956238 1.50351269 0.111331524 -0.145512261 1.53202917 0.105862607 -0.101956238 1.53202917 0.0996124163 -0.140824618 1.53202917 0.0996124163 -0.140824618 1.53202917 0.105862607 -0.101956238 1.56054566 0.0808618438 -0.101956238 1.53202917 0.0996124163 -0.140824618 1.56054566 0.0808618438 -0.101956238 1.56054566 0.0759788823 -0.131644644 1.56054566 0.0759788823 -0.131644644 1.56054566 0.0808618438 -0.101956238 1.58906214 0 -0.101956238 -1.44706566 0.0203131202 -0.0226569418 -1.17532884 0.0203131202 -0.101956238 -1.54902193 0.0203131202 0.56061283 -1.44706566 -0.0203131202 -0.0226569418 -1.54902193 -0.0203131202 0.56061283 -1.17532884 -0.0203131202 -0.101956238 -1.44706566 0.0203131202 -0.0226569418 -1.54902193 0.0203131202 0.56061283 -1.60000002 0.0203131202 0.356651526 -1.44706566 -0.0203131202 -0.0226569418 -1.60000002 -0.0203131202 0.356651526 -1.54902193 -0.0203131202 0.56061283 -1.44706566 0.0203131202 -0.0226569418 -1.60000002 0.0203131202 0.356651526 -1.49804375 0.0203131202 -0.0169927063 -1.44706566 -0.0203131202 -0.0226569418 -1.49804375 -0.0203131202 -0.0169927063 -1.60000002 -0.0203131202 0.356651526 -1.44706566 0.0203131202 -0.0226569418 -1.49804375 0.0203131202 -0.0169927063 -1.5660146 0.0203131202 -0.56061283 -1.44706566 -0.0203131202 -0.0226569418 -1.5660146 -0.0203131202 -0.56061283 -1.49804375 -0.0203131202 -0.0169927063 -1.44706566 0.0203131202 -0.0226569418 -1.5660146 0.0203131202 -0.56061283 -1.29432661 0.0203131202 -0.373644214 -1.44706566 -0.0203131202 -0.0226569418 -1.29432661 -0.0203131202 -0.373644214 -1.5660146 -0.0203131202 -0.56061283 -1.44706566 0.0203131202 -0.0226569418 -1.29432661 0.0203131202 -0.373644214 -1.17532884 0.0203131202 -0.101956238 -1.44706566 -0.0203131202 -0.0226569418 -1.17532884 -0.0203131202 -0.101956238 -1.29432661 -0.0203131202 -0.373644214 -1.17532884 -0.0203131202 -0.101956238 -1.54902193 0.0203131202 0.56061283 -1.17532884 0.0203131202 -0.101956238 -1.17532884 -0.0203131202 -0.101956238 -1.54902193 -0.0203131202 0.56061283 -1.54902193 0.0203131202 0.56061283 -1.54902193 -0.0203131202 0.56061283 -1.60000002 0.0203131202 0.356651526 -1.54902193 0.0203131202 0.56061283 -1.54902193 -0.0203131202 0.56061283 -1.60000002 -0.0203131202 0.356651526 -1.60000002 0.0203131202 0.356651526 -1.60000002 -0.0203131202 0.356651526 -1.49804375 0.0203131202 -0.0169927063 -1.60000002 0.0203131202 0.356651526 -1.60000002 -0.0203131202 0.356651526 -1.49804375 -0.0203131202 -0.0169927063 -1.49804375 0.0203131202 -0.0169927063 -1.49804375 -0.0203131202 -0.0169927063 -1.5660146 0.0203131202 -0.56061283 -1.49804375 0.0203131202 -0.0169927063 -1.49804375 -0.0203131202 -0.0169927063 -1.5660146 -0.0203131202 -0.56061283 -1.5660146 0.0203131202 -0.56061283 -1.5660146 -0.0203131202 -0.56061283 -1.29432661 0.0203131202 -0.373644214 -1.5660146 0.0203131202 -0.56061283 -1.5660146 -0.0203131202 -0.56061283 -1.29432661 -0.0203131202 -0.373644214 -1.29432661 0.0203131202 -0.373644214 -1.29432661 -0.0203131202 -0.373644214 -1.17532884 0.0203131202 -0.101956238 -1.29432661 0.0203131202 -0.373644214 -1.29432661 -0.0203131202 -0.373644214 -1.17532884 -0.0203131202 -0.101956238 -1.17532884 0.0203131202 -0.101956238 0.425843102 0.537760552 -0.224225596 0.744407474 0.190240183 -0.224225596 0.319736319 0.869850744 -0.224225596 0.425843102 0.537760552 -0.193560603 0.319736319 0.869850744 -0.193560603 0.744407474 0.190240183 -0.193560603 0.425843102 0.537760552 -0.224225596 0.319736319 0.869850744 -0.224225596 0.18379468 0.74753257 -0.224225596 0.425843102 0.537760552 -0.193560603 0.18379468 0.74753257 -0.193560603 0.319736319 0.869850744 -0.193560603 0.425843102 0.537760552 -0.224225596 0.18379468 0.74753257 -0.224225596 0.455531509 0.343174534 -0.224225596 0.425843102 0.537760552 -0.193560603 0.455531509 0.343174534 -0.193560603 0.18379468 0.74753257 -0.193560603 0.425843102 0.537760552 -0.224225596 0.455531509 0.343174534 -0.224225596 0.744407474 0.190240183 -0.224225596 0.425843102 0.537760552 -0.193560603 0.744407474 0.190240183 -0.193560603 0.455531509 0.343174534 -0.193560603 0.744407474 0.190240183 -0.193560603 0.319736319 0.869850744 -0.224225596 0.744407474 0.190240183 -0.224225596 0.744407474 0.190240183 -0.193560603 0.319736319 0.869850744 -0.193560603 0.319736319 0.869850744 -0.224225596 0.319736319 0.869850744 -0.193560603 0.18379468 0.74753257 -0.224225596 0.319736319 0.869850744 -0.224225596 0.319736319 0.869850744 -0.193560603 0.18379468 0.74753257 -0.193560603 0.18379468 0.74753257 -0.224225596 0.18379468 0.74753257 -0.193560603 0.455531509 0.343174534 -0.224225596 0.18379468 0.74753257 -0.224225596 0.18379468 0.74753257 -0.193560603 0.455531509 0.343174534 -0.193560603 0.455531509 0.343174534 -0.224225596 0.455531509 0.343174534 -0.193560603 0.744407474 0.190240183 -0.224225596 0.455531509 0.343174534 -0.224225596 0.455531509 0.343174534 -0.193560603 0.744407474 0.190240183 -0.193560603 0.744407474 0.190240183 -0.224225596 0.425843102 -0.537760552 -0.224225596 0.319736319 -0.869850744 -0.224225596 0.744407474 -0.190240183 -0.224225596 0.425843102 -0.537760552 -0.193560603 0.744407474 -0.190240183 -0.193560603 0.319736319 -0.869850744 -0.193560603 0.425843102 -0.537760552 -0.224225596 0.18379468 -0.74753257 -0.224225596 0.319736319 -0.869850744 -0.224225596 0.425843102 -0.537760552 -0.193560603 0.319736319 -0.869850744 -0.193560603 0.18379468 -0.74753257 -0.193560603 0.425843102 -0.537760552 -0.224225596 0.455531509 -0.343174534 -0.224225596 0.18379468 -0.74753257 -0.224225596 0.425843102 -0.537760552 -0.193560603 0.18379468 -0.74753257 -0.193560603 0.455531509 -0.343174534 -0.193560603 0.425843102 -0.537760552 -0.224225596 0.744407474 -0.190240183 -0.224225596 0.455531509 -0.343174534 -0.224225596 0.425843102 -0.537760552 -0.193560603 0.455531509 -0.343174534 -0.193560603 0.744407474 -0.190240183 -0.193560603 0.744407474 -0.190240183 -0.193560603 0.744407474 -0.190240183 -0.224225596 0.319736319 -0.869850744 -0.224225596 0.744407474 -0.190240183 -0.193560603 0.319736319 -0.869850744 -0.224225596 0.319736319 -0.869850744 -0.193560603 0.319736319 -0.869850744 -0.193560603 0.319736319 -0.869850744 -0.224225596 0.18379468 -0.74753257 -0.224225596 0.319736319 -0.869850744 -0.193560603 0.18379468 -0.74753257 -0.224225596 0.18379468 -0.74753257 -0.193560603 0.18379468 -0.74753257 -0.193560603 0.18379468 -0.74753257 -0.224225596 0.455531509 -0.343174534 -0.224225596 0.18379468 -0.74753257 -0.193560603 0.455531509 -0.343174534 -0.224225596 0.455531509 -0.343174534 -0.193560603 0.455531509 -0.343174534 -0.193560603 0.455531509 -0.343174534 -0.224225596 0.744407474 -0.190240183 -0.224225596 0.455531509 -0.343174534 -0.193560603 0.744407474 -0.190240183 -0.224225596 0.744407474 -0.190240183 -0.193560603 0.0195318463 0.0195318463 0.291219835 0.30274363 0.0195318463 0.160942414 -0.037110508 0.0195318463 0.551823481 0.0195318463 -0.0195318463 0.291219835 -0.037110508 -0.0195318463 0.551823481 0.30274363 -0.0195318463 0.160942414 0.0195318463 0.0195318463 0.291219835 -0.037110508 0.0195318463 0.551823481 -0.206842259 0.0195318463 0.160942414 0.0195318463 -0.0195318463 0.291219835 -0.206842259 -0.0195318463 0.160942414 -0.037110508 -0.0195318463 0.551823481 0.0195318463 0.0195318463 0.291219835 -0.206842259 0.0195318463 0.160942414 0.30274363 0.0195318463 0.160942414 0.0195318463 -0.0195318463 0.291219835 0.30274363 -0.0195318463 0.160942414 -0.206842259 -0.0195318463 0.160942414 0.30274363 -0.0195318463 0.160942414 -0.037110508 0.0195318463 0.551823481 0.30274363 0.0195318463 0.160942414 0.30274363 -0.0195318463 0.160942414 -0.037110508 -0.0195318463 0.551823481 -0.037110508 0.0195318463 0.551823481 -0.037110508 -0.0195318463 0.551823481 -0.206842259 0.0195318463 0.160942414 -0.037110508 0.0195318463 0.551823481 -0.037110508 -0.0195318463 0.551823481 -0.206842259 -0.0195318463 0.160942414 -0.206842259 0.0195318463 0.160942414 -0.206842259 -0.0195318463 0.160942414 0.30274363 0.0195318463 0.160942414 -0.206842259 0.0195318463 0.160942414 -0.206842259 -0.0195318463 0.160942414 0.30274363 -0.0195318463 0.160942414 0.30274363 0.0195318463 0.160942414 1.50898163 0 0 1.52148201 0.179692986 -0.0037110508 1.50898163 0.199420157 -0.0037110508 1.50898163 0.199420157 -0.0037110508 1.52148201 0.179692986 -0.0037110508 1.53281042 0.341807323 -0.0146488848 1.50898163 0.199420157 -0.0037110508 1.53281042 0.341807323 -0.0146488848 1.50898163 0.37950378 -0.0146488848 1.50898163 0.37950378 -0.0146488848 1.53281042 0.341807323 -0.0146488848 1.54179509 0.470571 -0.0314462726 1.50898163 0.37950378 -0.0146488848 1.54179509 0.470571 -0.0314462726 1.50898163 0.522330387 -0.0314462726 1.50898163 0.522330387 -0.0314462726 1.54179509 0.470571 -0.0314462726 1.54745934 0.553190716 -0.0527359851 1.50898163 0.522330387 -0.0314462726 1.54745934 0.553190716 -0.0527359851 1.50898163 0.613934764 -0.0527359851 1.50898163 0.613934764 -0.0527359851 1.54745934 0.553190716 -0.0527359851 1.54941256 0.5817072 -0.0763695192 1.50898163 0.613934764 -0.0527359851 1.54941256 0.5817072 -0.0763695192 1.50898163 0.645576344 -0.0763695192 1.50898163 0.645576344 -0.0763695192 1.54941256 0.5817072 -0.0763695192 1.54745934 0.553190716 -0.100003053 1.50898163 0.645576344 -0.0763695192 1.54745934 0.553190716 -0.100003053 1.50898163 0.613934764 -0.100003053 1.50898163 0.613934764 -0.100003053 1.54745934 0.553190716 -0.100003053 1.54179509 0.470571 -0.121292772 1.50898163 0.613934764 -0.100003053 1.54179509 0.470571 -0.121292772 1.50898163 0.522330387 -0.121292772 1.50898163 0.522330387 -0.121292772 1.54179509 0.470571 -0.121292772 1.53281042 0.341807323 -0.138285472 1.50898163 0.522330387 -0.121292772 1.53281042 0.341807323 -0.138285472 1.50898163 0.37950378 -0.138285472 1.50898163 0.37950378 -0.138285472 1.53281042 0.341807323 -0.138285472 1.52148201 0.179692986 -0.149223306 1.50898163 0.37950378 -0.138285472 1.52148201 0.179692986 -0.149223306 1.50898163 0.199420157 -0.149223306 1.50898163 0.199420157 -0.149223306 1.52148201 0.179692986 -0.149223306 1.50898163 0 -0.152934363 1.50898163 0 0 1.53144324 0.124417867 -0.0037110508 1.52148201 0.179692986 -0.0037110508 1.52148201 0.179692986 -0.0037110508 1.53144324 0.124417867 -0.0037110508 1.55175641 0.236530665 -0.0146488848 1.52148201 0.179692986 -0.0037110508 1.55175641 0.236530665 -0.0146488848 1.53281042 0.341807323 -0.0146488848 1.53281042 0.341807323 -0.0146488848 1.55175641 0.236530665 -0.0146488848 1.56796782 0.325595884 -0.0314462726 1.53281042 0.341807323 -0.0146488848 1.56796782 0.325595884 -0.0314462726 1.54179509 0.470571 -0.0314462726 1.54179509 0.470571 -0.0314462726 1.56796782 0.325595884 -0.0314462726 1.57831967 0.382824188 -0.0527359851 1.54179509 0.470571 -0.0314462726 1.57831967 0.382824188 -0.0527359851 1.54745934 0.553190716 -0.0527359851 1.54745934 0.553190716 -0.0527359851 1.57831967 0.382824188 -0.0527359851 1.5820307 0.402600199 -0.0763695192 1.54745934 0.553190716 -0.0527359851 1.5820307 0.402600199 -0.0763695192 1.54941256 0.5817072 -0.0763695192 1.54941256 0.5817072 -0.0763695192 1.5820307 0.402600199 -0.0763695192 1.57831967 0.382824188 -0.100003053 1.54941256 0.5817072 -0.0763695192 1.57831967 0.382824188 -0.100003053 1.54745934 0.553190716 -0.100003053 1.54745934 0.553190716 -0.100003053 1.57831967 0.382824188 -0.100003053 1.56796782 0.325595884 -0.121292772 1.54745934 0.553190716 -0.100003053 1.56796782 0.325595884 -0.121292772 1.54179509 0.470571 -0.121292772 1.54179509 0.470571 -0.121292772 1.56796782 0.325595884 -0.121292772 1.55175641 0.236530665 -0.138285472 1.54179509 0.470571 -0.121292772 1.55175641 0.236530665 -0.138285472 1.53281042 0.341807323 -0.138285472 1.53281042 0.341807323 -0.138285472 1.55175641 0.236530665 -0.138285472 1.53144324 0.124417867 -0.149223306 1.53281042 0.341807323 -0.138285472 1.53144324 0.124417867 -0.149223306 1.52148201 0.179692986 -0.149223306 1.52148201 0.179692986 -0.149223306 1.53144324 0.124417867 -0.149223306 1.50898163 0 -0.152934363 1.50898163 0 0 1.53710749 0.0443372912 -0.0037110508 1.53144324 0.124417867 -0.0037110508 1.53144324 0.124417867 -0.0037110508 1.53710749 0.0443372912 -0.0037110508 1.56249888 0.0843775762 -0.0146488848 1.53144324 0.124417867 -0.0037110508 1.56249888 0.0843775762 -0.0146488848 1.55175641 0.236530665 -0.0146488848 1.55175641 0.236530665 -0.0146488848 1.56249888 0.0843775762 -0.0146488848 1.58261664 0.116214492 -0.0314462726 1.55175641 0.236530665 -0.0146488848 1.58261664 0.116214492 -0.0314462726 1.56796782 0.325595884 -0.0314462726 1.56796782 0.325595884 -0.0314462726 1.58261664 0.116214492 -0.0314462726 1.59550774 0.136527612 -0.0527359851 1.56796782 0.325595884 -0.0314462726 1.59550774 0.136527612 -0.0527359851 1.57831967 0.382824188 -0.0527359851 1.57831967 0.382824188 -0.0527359851 1.59550774 0.136527612 -0.0527359851 1.60000002 0.143559077 -0.0763695192 1.57831967 0.382824188 -0.0527359851 1.60000002 0.143559077 -0.0763695192 1.5820307 0.402600199 -0.0763695192 1.5820307 0.402600199 -0.0763695192 1.60000002 0.143559077 -0.0763695192 1.59550774 0.136527612 -0.100003053 1.5820307 0.402600199 -0.0763695192 1.59550774 0.136527612 -0.100003053 1.57831967 0.382824188 -0.100003053 1.57831967 0.382824188 -0.100003053 1.59550774 0.136527612 -0.100003053 1.58261664 0.116214492 -0.121292772 1.57831967 0.382824188 -0.100003053 1.58261664 0.116214492 -0.121292772 1.56796782 0.325595884 -0.121292772 1.56796782 0.325595884 -0.121292772 1.58261664 0.116214492 -0.121292772 1.56249888 0.0843775762 -0.138285472 1.56796782 0.325595884 -0.121292772 1.56249888 0.0843775762 -0.138285472 1.55175641 0.236530665 -0.138285472 1.55175641 0.236530665 -0.138285472 1.56249888 0.0843775762 -0.138285472 1.53710749 0.0443372912 -0.149223306 1.55175641 0.236530665 -0.138285472 1.53710749 0.0443372912 -0.149223306 1.53144324 0.124417867 -0.149223306 1.53144324 0.124417867 -0.149223306 1.53710749 0.0443372912 -0.149223306 1.50898163 0 -0.152934363 1.50898163 0 0 1.53710749 -0.0443372912 -0.0037110508 1.53710749 0.0443372912 -0.0037110508 1.53710749 0.0443372912 -0.0037110508 1.53710749 -0.0443372912 -0.0037110508 1.56249888 -0.0843775762 -0.0146488848 1.53710749 0.0443372912 -0.0037110508 1.56249888 -0.0843775762 -0.0146488848 1.56249888 0.0843775762 -0.0146488848 1.56249888 0.0843775762 -0.0146488848 1.56249888 -0.0843775762 -0.0146488848 1.58261664 -0.116214492 -0.0314462726 1.56249888 0.0843775762 -0.0146488848 1.58261664 -0.116214492 -0.0314462726 1.58261664 0.116214492 -0.0314462726 1.58261664 0.116214492 -0.0314462726 1.58261664 -0.116214492 -0.0314462726 1.59550774 -0.136527612 -0.0527359851 1.58261664 0.116214492 -0.0314462726 1.59550774 -0.136527612 -0.0527359851 1.59550774 0.136527612 -0.0527359851 1.59550774 0.136527612 -0.0527359851 1.59550774 -0.136527612 -0.0527359851 1.60000002 -0.143559077 -0.0763695192 1.59550774 0.136527612 -0.0527359851 1.60000002 -0.143559077 -0.0763695192 1.60000002 0.143559077 -0.0763695192 1.60000002 0.143559077 -0.0763695192 1.60000002 -0.143559077 -0.0763695192 1.59550774 -0.136527612 -0.100003053 1.60000002 0.143559077 -0.0763695192 1.59550774 -0.136527612 -0.100003053 1.59550774 0.136527612 -0.100003053 1.59550774 0.136527612 -0.100003053 1.59550774 -0.136527612 -0.100003053 1.58261664 -0.116214492 -0.121292772 1.59550774 0.136527612 -0.100003053 1.58261664 -0.116214492 -0.121292772 1.58261664 0.116214492 -0.121292772 1.58261664 0.116214492 -0.121292772 1.58261664 -0.116214492 -0.121292772 1.56249888 -0.0843775762 -0.138285472 1.58261664 0.116214492 -0.121292772 1.56249888 -0.0843775762 -0.138285472 1.56249888 0.0843775762 -0.138285472 1.56249888 0.0843775762 -0.138285472 1.56249888 -0.0843775762 -0.138285472 1.53710749 -0.0443372912 -0.149223306 1.56249888 0.0843775762 -0.138285472 1.53710749 -0.0443372912 -0.149223306 1.53710749 0.0443372912 -0.149223306 1.53710749 0.0443372912 -0.149223306 1.53710749 -0.0443372912 -0.149223306 1.50898163 0 -0.152934363 1.50898163 0 0 1.53144324 -0.124417867 -0.0037110508 1.53710749 -0.0443372912 -0.0037110508 1.53710749 -0.0443372912 -0.0037110508 1.53144324 -0.124417867 -0.0037110508 1.55175641 -0.236530665 -0.0146488848 1.53710749 -0.0443372912 -0.0037110508 1.55175641 -0.236530665 -0.0146488848 1.56249888 -0.0843775762 -0.0146488848 1.56249888 -0.0843775762 -0.0146488848 1.55175641 -0.236530665 -0.0146488848 1.56796782 -0.325595884 -0.0314462726 1.56249888 -0.0843775762 -0.0146488848 1.56796782 -0.325595884 -0.0314462726 1.58261664 -0.116214492 -0.0314462726 1.58261664 -0.116214492 -0.0314462726 1.56796782 -0.325595884 -0.0314462726 1.57831967 -0.382824188 -0.0527359851 1.58261664 -0.116214492 -0.0314462726 1.57831967 -0.382824188 -0.0527359851 1.59550774 -0.136527612 -0.0527359851 1.59550774 -0.136527612 -0.0527359851 1.57831967 -0.382824188 -0.0527359851 1.5820307 -0.402600199 -0.0763695192 1.59550774 -0.136527612 -0.0527359851 1.5820307 -0.402600199 -0.0763695192 1.60000002 -0.143559077 -0.0763695192 1.60000002 -0.143559077 -0.0763695192 1.5820307 -0.402600199 -0.0763695192 1.57831967 -0.382824188 -0.100003053 1.60000002 -0.143559077 -0.0763695192 1.57831967 -0.382824188 -0.100003053 1.59550774 -0.136527612 -0.100003053 1.59550774 -0.136527612 -0.100003053 1.57831967 -0.382824188 -0.100003053 1.56796782 -0.325595884 -0.121292772 1.59550774 -0.136527612 -0.100003053 1.56796782 -0.325595884 -0.121292772 1.58261664 -0.116214492 -0.121292772 1.58261664 -0.116214492 -0.121292772 1.56796782 -0.325595884 -0.121292772 1.55175641 -0.236530665 -0.138285472 1.58261664 -0.116214492 -0.121292772 1.55175641 -0.236530665 -0.138285472 1.56249888 -0.0843775762 -0.138285472 1.56249888 -0.0843775762 -0.138285472 1.55175641 -0.236530665 -0.138285472 1.53144324 -0.124417867 -0.149223306 1.56249888 -0.0843775762 -0.138285472 1.53144324 -0.124417867 -0.149223306 1.53710749 -0.0443372912 -0.149223306 1.53710749 -0.0443372912 -0.149223306 1.53144324 -0.124417867 -0.149223306 1.50898163 0 -0.152934363 1.50898163 0 0 1.52148201 -0.179692986 -0.0037110508 1.53144324 -0.124417867 -0.0037110508 1.53144324 -0.124417867 -0.0037110508 1.52148201 -0.179692986 -0.0037110508 1.53281042 -0.341807323 -0.0146488848 1.53144324 -0.124417867 -0.0037110508 1.53281042 -0.341807323 -0.0146488848 1.55175641 -0.236530665 -0.0146488848 1.55175641 -0.236530665 -0.0146488848 1.53281042 -0.341807323 -0.0146488848 1.54179509 -0.470571 -0.0314462726 1.55175641 -0.236530665 -0.0146488848 1.54179509 -0.470571 -0.0314462726 1.56796782 -0.325595884 -0.0314462726 1.56796782 -0.325595884 -0.0314462726 1.54179509 -0.470571 -0.0314462726 1.54745934 -0.553190716 -0.0527359851 1.56796782 -0.325595884 -0.0314462726 1.54745934 -0.553190716 -0.0527359851 1.57831967 -0.382824188 -0.0527359851 1.57831967 -0.382824188 -0.0527359851 1.54745934 -0.553190716 -0.0527359851 1.54941256 -0.5817072 -0.0763695192 1.57831967 -0.382824188 -0.0527359851 1.54941256 -0.5817072 -0.0763695192 1.5820307 -0.402600199 -0.0763695192 1.5820307 -0.402600199 -0.0763695192 1.54941256 -0.5817072 -0.0763695192 1.54745934 -0.553190716 -0.100003053 1.5820307 -0.402600199 -0.0763695192 1.54745934 -0.553190716 -0.100003053 1.57831967 -0.382824188 -0.100003053 1.57831967 -0.382824188 -0.100003053 1.54745934 -0.553190716 -0.100003053 1.54179509 -0.470571 -0.121292772 1.57831967 -0.382824188 -0.100003053 1.54179509 -0.470571 -0.121292772 1.56796782 -0.325595884 -0.121292772 1.56796782 -0.325595884 -0.121292772 1.54179509 -0.470571 -0.121292772 1.53281042 -0.341807323 -0.138285472 1.56796782 -0.325595884 -0.121292772 1.53281042 -0.341807323 -0.138285472 1.55175641 -0.236530665 -0.138285472 1.55175641 -0.236530665 -0.138285472 1.53281042 -0.341807323 -0.138285472 1.52148201 -0.179692986 -0.149223306 1.55175641 -0.236530665 -0.138285472 1.52148201 -0.179692986 -0.149223306 1.53144324 -0.124417867 -0.149223306 1.53144324 -0.124417867 -0.149223306 1.52148201 -0.179692986 -0.149223306 1.50898163 0 -0.152934363 1.50898163 0 0 1.50898163 -0.199420157 -0.0037110508 1.52148201 -0.179692986 -0.0037110508 1.52148201 -0.179692986 -0.0037110508 1.50898163 -0.199420157 -0.0037110508 1.50898163 -0.37950378 -0.0146488848 1.52148201 -0.179692986 -0.0037110508 1.50898163 -0.37950378 -0.0146488848 1.53281042 -0.341807323 -0.0146488848 1.53281042 -0.341807323 -0.0146488848 1.50898163 -0.37950378 -0.0146488848 1.50898163 -0.522330387 -0.0314462726 1.53281042 -0.341807323 -0.0146488848 1.50898163 -0.522330387 -0.0314462726 1.54179509 -0.470571 -0.0314462726 1.54179509 -0.470571 -0.0314462726 1.50898163 -0.522330387 -0.0314462726 1.50898163 -0.613934764 -0.0527359851 1.54179509 -0.470571 -0.0314462726 1.50898163 -0.613934764 -0.0527359851 1.54745934 -0.553190716 -0.0527359851 1.54745934 -0.553190716 -0.0527359851 1.50898163 -0.613934764 -0.0527359851 1.50898163 -0.645576344 -0.0763695192 1.54745934 -0.553190716 -0.0527359851 1.50898163 -0.645576344 -0.0763695192 1.54941256 -0.5817072 -0.0763695192 1.54941256 -0.5817072 -0.0763695192 1.50898163 -0.645576344 -0.0763695192 1.50898163 -0.613934764 -0.100003053 1.54941256 -0.5817072 -0.0763695192 1.50898163 -0.613934764 -0.100003053 1.54745934 -0.553190716 -0.100003053 1.54745934 -0.553190716 -0.100003053 1.50898163 -0.613934764 -0.100003053 1.50898163 -0.522330387 -0.121292772 1.54745934 -0.553190716 -0.100003053 1.50898163 -0.522330387 -0.121292772 1.54179509 -0.470571 -0.121292772 1.54179509 -0.470571 -0.121292772 1.50898163 -0.522330387 -0.121292772 1.50898163 -0.37950378 -0.138285472 1.54179509 -0.470571 -0.121292772 1.50898163 -0.37950378 -0.138285472 1.53281042 -0.341807323 -0.138285472 1.53281042 -0.341807323 -0.138285472 1.50898163 -0.37950378 -0.138285472 1.50898163 -0.199420157 -0.149223306 1.53281042 -0.341807323 -0.138285472 1.50898163 -0.199420157 -0.149223306 1.52148201 -0.179692986 -0.149223306 1.52148201 -0.179692986 -0.149223306 1.50898163 -0.199420157 -0.149223306 1.50898163 0 -0.152934363 1.50898163 0 0 1.49648125 -0.179692986 -0.0037110508 1.50898163 -0.199420157 -0.0037110508 1.50898163 -0.199420157 -0.0037110508 1.49648125 -0.179692986 -0.0037110508 1.48515274 -0.341807323 -0.0146488848 1.50898163 -0.199420157 -0.0037110508 1.48515274 -0.341807323 -0.0146488848 1.50898163 -0.37950378 -0.0146488848 1.50898163 -0.37950378 -0.0146488848 1.48515274 -0.341807323 -0.0146488848 1.47616808 -0.470571 -0.0314462726 1.50898163 -0.37950378 -0.0146488848 1.47616808 -0.470571 -0.0314462726 1.50898163 -0.522330387 -0.0314462726 1.50898163 -0.522330387 -0.0314462726 1.47616808 -0.470571 -0.0314462726 1.47030852 -0.553190716 -0.0527359851 1.50898163 -0.522330387 -0.0314462726 1.47030852 -0.553190716 -0.0527359851 1.50898163 -0.613934764 -0.0527359851 1.50898163 -0.613934764 -0.0527359851 1.47030852 -0.553190716 -0.0527359851 1.46835539 -0.5817072 -0.0763695192 1.50898163 -0.613934764 -0.0527359851 1.46835539 -0.5817072 -0.0763695192 1.50898163 -0.645576344 -0.0763695192 1.50898163 -0.645576344 -0.0763695192 1.46835539 -0.5817072 -0.0763695192 1.47030852 -0.553190716 -0.100003053 1.50898163 -0.645576344 -0.0763695192 1.47030852 -0.553190716 -0.100003053 1.50898163 -0.613934764 -0.100003053 1.50898163 -0.613934764 -0.100003053 1.47030852 -0.553190716 -0.100003053 1.47616808 -0.470571 -0.121292772 1.50898163 -0.613934764 -0.100003053 1.47616808 -0.470571 -0.121292772 1.50898163 -0.522330387 -0.121292772 1.50898163 -0.522330387 -0.121292772 1.47616808 -0.470571 -0.121292772 1.48515274 -0.341807323 -0.138285472 1.50898163 -0.522330387 -0.121292772 1.48515274 -0.341807323 -0.138285472 1.50898163 -0.37950378 -0.138285472 1.50898163 -0.37950378 -0.138285472 1.48515274 -0.341807323 -0.138285472 1.49648125 -0.179692986 -0.149223306 1.50898163 -0.37950378 -0.138285472 1.49648125 -0.179692986 -0.149223306 1.50898163 -0.199420157 -0.149223306 1.50898163 -0.199420157 -0.149223306 1.49648125 -0.179692986 -0.149223306 1.50898163 0 -0.152934363 1.50898163 0 0 1.48632471 -0.124417867 -0.0037110508 1.49648125 -0.179692986 -0.0037110508 1.49648125 -0.179692986 -0.0037110508 1.48632471 -0.124417867 -0.0037110508 1.46601155 -0.236530665 -0.0146488848 1.49648125 -0.179692986 -0.0037110508 1.46601155 -0.236530665 -0.0146488848 1.48515274 -0.341807323 -0.0146488848 1.48515274 -0.341807323 -0.0146488848 1.46601155 -0.236530665 -0.0146488848 1.44980013 -0.325595884 -0.0314462726 1.48515274 -0.341807323 -0.0146488848 1.44980013 -0.325595884 -0.0314462726 1.47616808 -0.470571 -0.0314462726 1.47616808 -0.470571 -0.0314462726 1.44980013 -0.325595884 -0.0314462726 1.43944828 -0.382824188 -0.0527359851 1.47616808 -0.470571 -0.0314462726 1.43944828 -0.382824188 -0.0527359851 1.47030852 -0.553190716 -0.0527359851 1.47030852 -0.553190716 -0.0527359851 1.43944828 -0.382824188 -0.0527359851 1.43593247 -0.402600199 -0.0763695192 1.47030852 -0.553190716 -0.0527359851 1.43593247 -0.402600199 -0.0763695192 1.46835539 -0.5817072 -0.0763695192 1.46835539 -0.5817072 -0.0763695192 1.43593247 -0.402600199 -0.0763695192 1.43944828 -0.382824188 -0.100003053 1.46835539 -0.5817072 -0.0763695192 1.43944828 -0.382824188 -0.100003053 1.47030852 -0.553190716 -0.100003053 1.47030852 -0.553190716 -0.100003053 1.43944828 -0.382824188 -0.100003053 1.44980013 -0.325595884 -0.121292772 1.47030852 -0.553190716 -0.100003053 1.44980013 -0.325595884 -0.121292772 1.47616808 -0.470571 -0.121292772 1.47616808 -0.470571 -0.121292772 1.44980013 -0.325595884 -0.121292772 1.46601155 -0.236530665 -0.138285472 1.47616808 -0.470571 -0.121292772 1.46601155 -0.236530665 -0.138285472 1.48515274 -0.341807323 -0.138285472 1.48515274 -0.341807323 -0.138285472 1.46601155 -0.236530665 -0.138285472 1.48632471 -0.124417867 -0.149223306 1.48515274 -0.341807323 -0.138285472 1.48632471 -0.124417867 -0.149223306 1.49648125 -0.179692986 -0.149223306 1.49648125 -0.179692986 -0.149223306 1.48632471 -0.124417867 -0.149223306 1.50898163 0 -0.152934363 1.50898163 0 0 1.48085577 -0.0443372912 -0.0037110508 1.48632471 -0.124417867 -0.0037110508 1.48632471 -0.124417867 -0.0037110508 1.48085577 -0.0443372912 -0.0037110508 1.45546438 -0.0843775762 -0.0146488848 1.48632471 -0.124417867 -0.0037110508 1.45546438 -0.0843775762 -0.0146488848 1.46601155 -0.236530665 -0.0146488848 1.46601155 -0.236530665 -0.0146488848 1.45546438 -0.0843775762 -0.0146488848 1.43515122 -0.116214492 -0.0314462726 1.46601155 -0.236530665 -0.0146488848 1.43515122 -0.116214492 -0.0314462726 1.44980013 -0.325595884 -0.0314462726 1.44980013 -0.325595884 -0.0314462726 1.43515122 -0.116214492 -0.0314462726 1.42226021 -0.136527612 -0.0527359851 1.44980013 -0.325595884 -0.0314462726 1.42226021 -0.136527612 -0.0527359851 1.43944828 -0.382824188 -0.0527359851 1.43944828 -0.382824188 -0.0527359851 1.42226021 -0.136527612 -0.0527359851 1.41776793 -0.143559077 -0.0763695192 1.43944828 -0.382824188 -0.0527359851 1.41776793 -0.143559077 -0.0763695192 1.43593247 -0.402600199 -0.0763695192 1.43593247 -0.402600199 -0.0763695192 1.41776793 -0.143559077 -0.0763695192 1.42226021 -0.136527612 -0.100003053 1.43593247 -0.402600199 -0.0763695192 1.42226021 -0.136527612 -0.100003053 1.43944828 -0.382824188 -0.100003053 1.43944828 -0.382824188 -0.100003053 1.42226021 -0.136527612 -0.100003053 1.43515122 -0.116214492 -0.121292772 1.43944828 -0.382824188 -0.100003053 1.43515122 -0.116214492 -0.121292772 1.44980013 -0.325595884 -0.121292772 1.44980013 -0.325595884 -0.121292772 1.43515122 -0.116214492 -0.121292772 1.45546438 -0.0843775762 -0.138285472 1.44980013 -0.325595884 -0.121292772 1.45546438 -0.0843775762 -0.138285472 1.46601155 -0.236530665 -0.138285472 1.46601155 -0.236530665 -0.138285472 1.45546438 -0.0843775762 -0.138285472 1.48085577 -0.0443372912 -0.149223306 1.46601155 -0.236530665 -0.138285472 1.48085577 -0.0443372912 -0.149223306 1.48632471 -0.124417867 -0.149223306 1.48632471 -0.124417867 -0.149223306 1.48085577 -0.0443372912 -0.149223306 1.50898163 0 -0.152934363 1.50898163 0 0 1.48085577 0.0443372912 -0.0037110508 1.48085577 -0.0443372912 -0.0037110508 1.48085577 -0.0443372912 -0.0037110508 1.48085577 0.0443372912 -0.0037110508 1.45546438 0.0843775762 -0.0146488848 1.48085577 -0.0443372912 -0.0037110508 1.45546438 0.0843775762 -0.0146488848 1.45546438 -0.0843775762 -0.0146488848 1.45546438 -0.0843775762 -0.0146488848 1.45546438 0.0843775762 -0.0146488848 1.43515122 0.116214492 -0.0314462726 1.45546438 -0.0843775762 -0.0146488848 1.43515122 0.116214492 -0.0314462726 1.43515122 -0.116214492 -0.0314462726 1.43515122 -0.116214492 -0.0314462726 1.43515122 0.116214492 -0.0314462726 1.42226021 0.136527612 -0.0527359851 1.43515122 -0.116214492 -0.0314462726 1.42226021 0.136527612 -0.0527359851 1.42226021 -0.136527612 -0.0527359851 1.42226021 -0.136527612 -0.0527359851 1.42226021 0.136527612 -0.0527359851 1.41776793 0.143559077 -0.0763695192 1.42226021 -0.136527612 -0.0527359851 1.41776793 0.143559077 -0.0763695192 1.41776793 -0.143559077 -0.0763695192 1.41776793 -0.143559077 -0.0763695192 1.41776793 0.143559077 -0.0763695192 1.42226021 0.136527612 -0.100003053 1.41776793 -0.143559077 -0.0763695192 1.42226021 0.136527612 -0.100003053 1.42226021 -0.136527612 -0.100003053 1.42226021 -0.136527612 -0.100003053 1.42226021 0.136527612 -0.100003053 1.43515122 0.116214492 -0.121292772 1.42226021 -0.136527612 -0.100003053 1.43515122 0.116214492 -0.121292772 1.43515122 -0.116214492 -0.121292772 1.43515122 -0.116214492 -0.121292772 1.43515122 0.116214492 -0.121292772 1.45546438 0.0843775762 -0.138285472 1.43515122 -0.116214492 -0.121292772 1.45546438 0.0843775762 -0.138285472 1.45546438 -0.0843775762 -0.138285472 1.45546438 -0.0843775762 -0.138285472 1.45546438 0.0843775762 -0.138285472 1.48085577 0.0443372912 -0.149223306 1.45546438 -0.0843775762 -0.138285472 1.48085577 0.0443372912 -0.149223306 1.48085577 -0.0443372912 -0.149223306 1.48085577 -0.0443372912 -0.149223306 1.48085577 0.0443372912 -0.149223306 1.50898163 0 -0.152934363 1.50898163 0 0 1.48632471 0.124417867 -0.0037110508 1.48085577 0.0443372912 -0.0037110508 1.48085577 0.0443372912 -0.0037110508 1.48632471 0.124417867 -0.0037110508 1.46601155 0.236530665 -0.0146488848 1.48085577 0.0443372912 -0.0037110508 1.46601155 0.236530665 -0.0146488848 1.45546438 0.0843775762 -0.0146488848 1.45546438 0.0843775762 -0.0146488848 1.46601155 0.236530665 -0.0146488848 1.44980013 0.325595884 -0.0314462726 1.45546438 0.0843775762 -0.0146488848 1.44980013 0.325595884 -0.0314462726 1.43515122 0.116214492 -0.0314462726 1.43515122 0.116214492 -0.0314462726 1.44980013 0.325595884 -0.0314462726 1.43944828 0.382824188 -0.0527359851 1.43515122 0.116214492 -0.0314462726 1.43944828 0.382824188 -0.0527359851 1.42226021 0.136527612 -0.0527359851 1.42226021 0.136527612 -0.0527359851 1.43944828 0.382824188 -0.0527359851 1.43593247 0.402600199 -0.0763695192 1.42226021 0.136527612 -0.0527359851 1.43593247 0.402600199 -0.0763695192 1.41776793 0.143559077 -0.0763695192 1.41776793 0.143559077 -0.0763695192 1.43593247 0.402600199 -0.0763695192 1.43944828 0.382824188 -0.100003053 1.41776793 0.143559077 -0.0763695192 1.43944828 0.382824188 -0.100003053 1.42226021 0.136527612 -0.100003053 1.42226021 0.136527612 -0.100003053 1.43944828 0.382824188 -0.100003053 1.44980013 0.325595884 -0.121292772 1.42226021 0.136527612 -0.100003053 1.44980013 0.325595884 -0.121292772 1.43515122 0.116214492 -0.121292772 1.43515122 0.116214492 -0.121292772 1.44980013 0.325595884 -0.121292772 1.46601155 0.236530665 -0.138285472 1.43515122 0.116214492 -0.121292772 1.46601155 0.236530665 -0.138285472 1.45546438 0.0843775762 -0.138285472 1.45546438 0.0843775762 -0.138285472 1.46601155 0.236530665 -0.138285472 1.48632471 0.124417867 -0.149223306 1.45546438 0.0843775762 -0.138285472 1.48632471 0.124417867 -0.149223306 1.48085577 0.0443372912 -0.149223306 1.48085577 0.0443372912 -0.149223306 1.48632471 0.124417867 -0.149223306 1.50898163 0 -0.152934363 1.50898163 0 0 1.49648125 0.179692986 -0.0037110508 1.48632471 0.124417867 -0.0037110508 1.48632471 0.124417867 -0.0037110508 1.49648125 0.179692986 -0.0037110508 1.48515274 0.341807323 -0.0146488848 1.48632471 0.124417867 -0.0037110508 1.48515274 0.341807323 -0.0146488848 1.46601155 0.236530665 -0.0146488848 1.46601155 0.236530665 -0.0146488848 1.48515274 0.341807323 -0.0146488848 1.47616808 0.470571 -0.0314462726 1.46601155 0.236530665 -0.0146488848 1.47616808 0.470571 -0.0314462726 1.44980013 0.325595884 -0.0314462726 1.44980013 0.325595884 -0.0314462726 1.47616808 0.470571 -0.0314462726 1.47030852 0.553190716 -0.0527359851 1.44980013 0.325595884 -0.0314462726 1.47030852 0.553190716 -0.0527359851 1.43944828 0.382824188 -0.0527359851 1.43944828 0.382824188 -0.0527359851 1.47030852 0.553190716 -0.0527359851 1.46835539 0.5817072 -0.0763695192 1.43944828 0.382824188 -0.0527359851 1.46835539 0.5817072 -0.0763695192 1.43593247 0.402600199 -0.0763695192 1.43593247 0.402600199 -0.0763695192 1.46835539 0.5817072 -0.0763695192 1.47030852 0.553190716 -0.100003053 1.43593247 0.402600199 -0.0763695192 1.47030852 0.553190716 -0.100003053 1.43944828 0.382824188 -0.100003053 1.43944828 0.382824188 -0.100003053 1.47030852 0.553190716 -0.100003053 1.47616808 0.470571 -0.121292772 1.43944828 0.382824188 -0.100003053 1.47616808 0.470571 -0.121292772 1.44980013 0.325595884 -0.121292772 1.44980013 0.325595884 -0.121292772 1.47616808 0.470571 -0.121292772 1.48515274 0.341807323 -0.138285472 1.44980013 0.325595884 -0.121292772 1.48515274 0.341807323 -0.138285472 1.46601155 0.236530665 -0.138285472 1.46601155 0.236530665 -0.138285472 1.48515274 0.341807323 -0.138285472 1.49648125 0.179692986 -0.149223306 1.46601155 0.236530665 -0.138285472 1.49648125 0.179692986 -0.149223306 1.48632471 0.124417867 -0.149223306 1.48632471 0.124417867 -0.149223306 1.49648125 0.179692986 -0.149223306 1.50898163 0 -0.152934363 1.50898163 0 0 1.50898163 0.199420157 -0.0037110508 1.49648125 0.179692986 -0.0037110508 1.49648125 0.179692986 -0.0037110508 1.50898163 0.199420157 -0.0037110508 1.50898163 0.37950378 -0.0146488848 1.49648125 0.179692986 -0.0037110508 1.50898163 0.37950378 -0.0146488848 1.48515274 0.341807323 -0.0146488848 1.48515274 0.341807323 -0.0146488848 1.50898163 0.37950378 -0.0146488848 1.50898163 0.522330387 -0.0314462726 1.48515274 0.341807323 -0.0146488848 1.50898163 0.522330387 -0.0314462726 1.47616808 0.470571 -0.0314462726 1.47616808 0.470571 -0.0314462726 1.50898163 0.522330387 -0.0314462726 1.50898163 0.613934764 -0.0527359851 1.47616808 0.470571 -0.0314462726 1.50898163 0.613934764 -0.0527359851 1.47030852 0.553190716 -0.0527359851 1.47030852 0.553190716 -0.0527359851 1.50898163 0.613934764 -0.0527359851 1.50898163 0.645576344 -0.0763695192 1.47030852 0.553190716 -0.0527359851 1.50898163 0.645576344 -0.0763695192 1.46835539 0.5817072 -0.0763695192 1.46835539 0.5817072 -0.0763695192 1.50898163 0.645576344 -0.0763695192 1.50898163 0.613934764 -0.100003053 1.46835539 0.5817072 -0.0763695192 1.50898163 0.613934764 -0.100003053 1.47030852 0.553190716 -0.100003053 1.47030852 0.553190716 -0.100003053 1.50898163 0.613934764 -0.100003053 1.50898163 0.522330387 -0.121292772 1.47030852 0.553190716 -0.100003053 1.50898163 0.522330387 -0.121292772 1.47616808 0.470571 -0.121292772 1.47616808 0.470571 -0.121292772 1.50898163 0.522330387 -0.121292772 1.50898163 0.37950378 -0.138285472 1.47616808 0.470571 -0.121292772 1.50898163 0.37950378 -0.138285472 1.48515274 0.341807323 -0.138285472 1.48515274 0.341807323 -0.138285472 1.50898163 0.37950378 -0.138285472 1.50898163 0.199420157 -0.149223306 1.48515274 0.341807323 -0.138285472 1.50898163 0.199420157 -0.149223306 1.49648125 0.179692986 -0.149223306 1.49648125 0.179692986 -0.149223306 1.50898163 0.199420157 -0.149223306 1.50898163 0 -0.152934363</float_array><technique_common><accessor source="#part2-positions-array" count="3138" stride="3"><param name="X" type="float" /><param name="Y" type="float" /><param name="Z" type="float" /></accessor></technique_common></source><source id="part2-normals"><float_array id="part2-normals-array" count="9414">-0.91514411 0.40066122 0.0445179133 -0.91514411 0.40066122 0.0445179133 -0.91514411 0.40066122 0.0445179133 -0.578391676 0.810769799 0.0900855332 -0.578391676 0.810769799 0.0900855332 -0.578391676 0.810769799 0.0900855332 -0.579685165 0.809716715 0.0912356862 -0.579685165 0.809716715 0.0912356862 -0.579685165 0.809716715 0.0912356862 -0.329595317 0.938185537 0.105711046 -0.329595317 0.938185537 0.105711046 -0.329595317 0.938185537 0.105711046 -0.330380586 0.937857168 0.10617251 -0.330380586 0.937857168 0.10617251 -0.330380586 0.937857168 0.10617251 -0.107390657 0.987906575 0.11183848 -0.107390657 0.987906575 0.11183848 -0.107390657 0.987906575 0.11183848 -0.101141193 0.988933369 0.108541467 -0.101141193 0.988933369 0.108541467 -0.101141193 0.988933369 0.108541467 -0.227170377 0.968041775 0.106248488 -0.227170377 0.968041775 0.106248488 -0.227170377 0.968041775 0.106248488 -0.234348939 0.964645465 0.120580683 -0.234348939 0.964645465 0.120580683 -0.234348939 0.964645465 0.120580683 -0.23946682 0.963407104 0.120425888 -0.23946682 0.963407104 0.120425888 -0.23946682 0.963407104 0.120425888 -0.243227366 0.961351248 0.129012505 -0.243227366 0.961351248 0.129012505 -0.243227366 0.961351248 0.129012505 -0.238394319 0.962539736 0.129171999 -0.238394319 0.962539736 0.129171999 -0.238394319 0.962539736 0.129171999 -0.241098483 0.961022234 0.135306274 -0.241098483 0.961022234 0.135306274 -0.241098483 0.961022234 0.135306274 -0.225315977 0.964770355 0.135833987 -0.225315977 0.964770355 0.135833987 -0.225315977 0.964770355 0.135833987 -0.229528738 0.962490274 0.144668693 -0.229528738 0.962490274 0.144668693 -0.229528738 0.962490274 0.144668693 -0.207619192 0.9673436 0.145398181 -0.207619192 0.9673436 0.145398181 -0.207619192 0.9673436 0.145398181 -0.208862027 0.96672261 0.147729649 -0.208862027 0.96672261 0.147729649 -0.208862027 0.96672261 0.147729649 -0.177981189 0.972741509 0.148649427 -0.177981189 0.972741509 0.148649427 -0.177981189 0.972741509 0.148649427 -0.179208803 0.972207124 0.150656938 -0.179208803 0.972207124 0.150656938 -0.179208803 0.972207124 0.150656938 -0.13486136 0.979177346 0.15173707 -0.13486136 0.979177346 0.15173707 -0.13486136 0.979177346 0.15173707 -0.135612634 0.978905829 0.152815548 -0.135612634 0.978905829 0.152815548 -0.135612634 0.978905829 0.152815548 -0.104823743 0.982590087 0.153390692 -0.104823743 0.982590087 0.153390692 -0.104823743 0.982590087 0.153390692 -0.1064127 0.982069113 0.155616819 -0.1064127 0.982069113 0.155616819 -0.1064127 0.982069113 0.155616819 -0.0842932988 0.984161939 0.155948444 -0.0842932988 0.984161939 0.155948444 -0.0842932988 0.984161939 0.155948444 -0.0838320028 0.984302263 0.155310173 -0.0838320028 0.984302263 0.155310173 -0.0838320028 0.984302263 0.155310173 -0.0652000811 0.985677557 0.155527177 -0.0652000811 0.985677557 0.155527177 -0.0652000811 0.985677557 0.155527177 -0.0654231463 0.985615186 0.155828488 -0.0654231463 0.985615186 0.155828488 -0.0654231463 0.985615186 0.155828488 -0.0474912535 0.986616788 0.155986844 -0.0474912535 0.986616788 0.155986844 -0.0474912535 0.986616788 0.155986844 -0.0471896346 0.986693315 0.15559383 -0.0471896346 0.986693315 0.15559383 -0.0471896346 0.986693315 0.15559383 -0.031653594 0.987298784 0.155689308 -0.031653594 0.987298784 0.155689308 -0.031653594 0.987298784 0.155689308 -0.0308133292 0.987489531 0.154644644 -0.0308133292 0.987489531 0.154644644 -0.0308133292 0.987489531 0.154644644 -0.0152702348 0.987843463 0.154700071 -0.0152702348 0.987843463 0.154700071 -0.0152702348 0.987843463 0.154700071 -0.0153626591 0.987825059 0.154808405 -0.0153626591 0.987825059 0.154808405 -0.0153626591 0.987825059 0.154808405 0.00742863508 0.987914388 0.154822404 0.00742863508 0.987914388 0.154822404 0.00742863508 0.987914388 0.154822404 0.00951386834 0.988263163 0.152464447 0.00951386834 0.988263163 0.152464447 0.00951386834 0.988263163 0.152464447 0.030617279 0.987844554 0.152399866 0.030617279 0.987844554 0.152399866 0.030617279 0.987844554 0.152399866 0.0319752729 0.988035834 0.150873368 0.0319752729 0.988035834 0.150873368 0.0319752729 0.988035834 0.150873368 0.0515818336 0.987225339 0.150749605 0.0515818336 0.987225339 0.150749605 0.0515818336 0.987225339 0.150749605 0.0522208095 0.98729983 0.150040106 0.0522208095 0.98729983 0.150040106 0.0522208095 0.98729983 0.150040106 0.0698599914 0.986233318 0.149878028 0.0698599914 0.986233318 0.149878028 0.0698599914 0.986233318 0.149878028 0.0726353872 0.98648921 0.146843929 0.0726353872 0.98648921 0.146843929 0.0726353872 0.98648921 0.146843929 0.0887613397 0.9851978 0.146651696 0.0887613397 0.9851978 0.146651696 0.0887613397 0.9851978 0.146651696 0.0906659737 0.98532509 0.144617244 0.0906659737 0.98532509 0.144617244 0.0906659737 0.98532509 0.144617244 0.104402416 0.983993137 0.144421752 0.104402416 0.983993137 0.144421752 0.104402416 0.983993137 0.144421752 0.10700948 0.984104868 0.141727131 0.10700948 0.984104868 0.141727131 0.10700948 0.984104868 0.141727131 0.127551527 0.981703588 0.141381308 0.127551527 0.981703588 0.141381308 0.127551527 0.981703588 0.141381308 0.128681796 0.981718981 0.140245633 0.128681796 0.981718981 0.140245633 0.128681796 0.981718981 0.140245633 0.175272382 0.974625047 0.139232213 0.175272382 0.974625047 0.139232213 0.175272382 0.974625047 0.139232213 0.172512821 0.974697173 0.142143407 0.172512821 0.974697173 0.142143407 0.172512821 0.974697173 0.142143407 0.211465 0.967155248 0.141043542 0.211465 0.967155248 0.141043542 0.211465 0.967155248 0.141043542 0.210532739 0.967205524 0.142089547 0.210532739 0.967205524 0.142089547 0.210532739 0.967205524 0.142089547 0.243365066 0.959634739 0.140977344 0.243365066 0.959634739 0.140977344 0.243365066 0.959634739 0.140977344 0.238764436 0.959979968 0.146389907 0.238764436 0.959979968 0.146389907 0.238764436 0.959979968 0.146389907 0.2585416 0.954960601 0.14562449 0.2585416 0.954960601 0.14562449 0.2585416 0.954960601 0.14562449 0.25891629 0.954927539 0.145174893 0.25891629 0.954927539 0.145174893 0.25891629 0.954927539 0.145174893 0.266318985 0.952935613 0.144872066 0.266318985 0.952935613 0.144872066 0.266318985 0.952935613 0.144872066 0.260055177 0.953535853 0.152120619 0.260055177 0.953535853 0.152120619 0.260055177 0.953535853 0.152120619 0.247152203 0.956876522 0.152653566 0.247152203 0.956876522 0.152653566 0.247152203 0.956876522 0.152653566 0.241548246 0.957409683 0.15818073 0.241548246 0.957409683 0.15818073 0.241548246 0.957409683 0.15818073 0.128382887 0.978460178 0.161658638 0.128382887 0.978460178 0.161658638 0.128382887 0.978460178 0.161658638 0.134015561 0.978313187 0.157933967 0.134015561 0.978313187 0.157933967 0.134015561 0.978313187 0.157933967 0.395657777 0.906659664 0.146366583 0.395657777 0.906659664 0.146366583 0.395657777 0.906659664 0.146366583 0.397234637 0.906191136 0.144990582 0.397234637 0.906191136 0.144990582 0.397234637 0.906191136 0.144990582 0.656494609 0.744856798 0.119177088 0.656494609 0.744856798 0.119177088 0.656494609 0.744856798 0.119177088 0.654249224 0.74625271 0.122738933 0.654249224 0.74625271 0.122738933 0.654249224 0.74625271 0.122738933 0.941666685 0.332085214 0.0546192786 0.941666685 0.332085214 0.0546192786 0.941666685 0.332085214 0.0546192786 -0.925205513 0.356511488 0.129978147 -0.925205513 0.356511488 0.129978147 -0.925205513 0.356511488 0.129978147 -0.601934023 0.750239676 0.273524882 -0.601934023 0.750239676 0.273524882 -0.601934023 0.750239676 0.273524882 -0.606582712 0.745384256 0.276513514 -0.606582712 0.745384256 0.276513514 -0.606582712 0.745384256 0.276513514 -0.356991652 0.875787706 0.324888988 -0.356991652 0.875787706 0.324888988 -0.356991652 0.875787706 0.324888988 -0.351877882 0.878763209 0.322423911 -0.351877882 0.878763209 0.322423911 -0.351877882 0.878763209 0.322423911 -0.11309008 0.93278086 0.342243337 -0.11309008 0.93278086 0.342243337 -0.11309008 0.93278086 0.342243337 -0.114838973 0.932245634 0.343118185 -0.114838973 0.932245634 0.343118185 -0.114838973 0.932245634 0.343118185 -0.217702445 0.915945683 0.337118897 -0.217702445 0.915945683 0.337118897 -0.217702445 0.915945683 0.337118897 -0.232596558 0.901523729 0.364902462 -0.232596558 0.901523729 0.364902462 -0.232596558 0.901523729 0.364902462 -0.231815431 0.901696586 0.364972428 -0.231815431 0.901696586 0.364972428 -0.231815431 0.901696586 0.364972428 -0.243496741 0.888281021 0.389443403 -0.243496741 0.888281021 0.389443403 -0.243496741 0.888281021 0.389443403 -0.231558792 0.890954557 0.390615545 -0.231558792 0.890954557 0.390615545 -0.231558792 0.890954557 0.390615545 -0.241382571 0.879203096 0.410775327 -0.241382571 0.879203096 0.410775327 -0.241382571 0.879203096 0.410775327 -0.221882868 0.883409887 0.412740795 -0.221882868 0.883409887 0.412740795 -0.221882868 0.883409887 0.412740795 -0.228098566 0.876274737 0.424397962 -0.228098566 0.876274737 0.424397962 -0.228098566 0.876274737 0.424397962 -0.202662198 0.881324336 0.426843587 -0.202662198 0.881324336 0.426843587 -0.202662198 0.881324336 0.426843587 -0.209544705 0.874034842 0.438353866 -0.209544705 0.874034842 0.438353866 -0.209544705 0.874034842 0.438353866 -0.175218967 0.880051029 0.441371158 -0.175218967 0.880051029 0.441371158 -0.175218967 0.880051029 0.441371158 -0.179559275 0.875984407 0.447671515 -0.179559275 0.875984407 0.447671515 -0.179559275 0.875984407 0.447671515 -0.134351039 0.882383805 0.450941925 -0.134351039 0.882383805 0.450941925 -0.134351039 0.882383805 0.450941925 -0.135964522 0.881082249 0.452998586 -0.135964522 0.881082249 0.452998586 -0.135964522 0.881082249 0.452998586 -0.105497101 0.884378061 0.454693091 -0.105497101 0.884378061 0.454693091 -0.105497101 0.884378061 0.454693091 -0.106400669 0.883689246 0.455820375 -0.106400669 0.883689246 0.455820375 -0.106400669 0.883689246 0.455820375 -0.0840498765 0.885589549 0.45680058 -0.0840498765 0.885589549 0.45680058 -0.0840498765 0.885589549 0.45680058 -0.0855771669 0.884466736 0.458688501 -0.0855771669 0.884466736 0.458688501 -0.0855771669 0.884466736 0.458688501 -0.066609027 0.885751811 0.459354946 -0.066609027 0.885751811 0.459354946 -0.066609027 0.885751811 0.459354946 -0.0668880022 0.885555494 0.459692791 -0.0668880022 0.885555494 0.459692791 -0.0668880022 0.885555494 0.459692791 -0.0500736778 0.886429757 0.460146622 -0.0500736778 0.886429757 0.460146622 -0.0500736778 0.886429757 0.460146622 -0.0491669299 0.887033897 0.459078947 -0.0491669299 0.887033897 0.459078947 -0.0491669299 0.887033897 0.459078947 -0.034070535 0.887592388 0.45936799 -0.034070535 0.887592388 0.45936799 -0.034070535 0.887592388 0.45936799 -0.0332043289 0.888130658 0.458390017 -0.0332043289 0.888130658 0.458390017 -0.0332043289 0.888130658 0.458390017 -0.0175174412 0.888484305 0.458572545 -0.0175174412 0.888484305 0.458572545 -0.0175174412 0.888484305 0.458572545 -0.0167134279 0.888943747 0.457711346 -0.0167134279 0.888943747 0.457711346 -0.0167134279 0.888943747 0.457711346 0.00203352205 0.889066093 0.457774341 0.00203352205 0.889066093 0.457774341 0.00203352205 0.889066093 0.457774341 0.00569114276 0.890996337 0.453974821 0.00569114276 0.890996337 0.453974821 0.00569114276 0.890996337 0.453974821 0.0223555317 0.890788089 0.453868715 0.0223555317 0.890788089 0.453868715 0.0223555317 0.890788089 0.453868715 0.0282006354 0.893693283 0.447791291 0.0282006354 0.893693283 0.447791291 0.0282006354 0.893693283 0.447791291 0.0428284358 0.893228519 0.447558418 0.0428284358 0.893228519 0.447558418 0.0428284358 0.893228519 0.447558418 0.0488295882 0.896018941 0.441322704 0.0488295882 0.896018941 0.441322704 0.0488295882 0.896018941 0.441322704 0.0634257332 0.895282823 0.440960138 0.0634257332 0.895282823 0.440960138 0.0634257332 0.895282823 0.440960138 0.0681818064 0.897349391 0.436022145 0.0681818064 0.897349391 0.436022145 0.0681818064 0.897349391 0.436022145 0.0819377672 0.89641805 0.435569606 0.0819377672 0.89641805 0.435569606 0.0819377672 0.89641805 0.435569606 0.0879125129 0.898810299 0.429431526 0.0879125129 0.898810299 0.429431526 0.0879125129 0.898810299 0.429431526 0.103244272 0.897481956 0.428796874 0.103244272 0.897481956 0.428796874 0.103244272 0.897481956 0.428796874 0.105610273 0.898346358 0.426403906 0.105610273 0.898346358 0.426403906 0.105610273 0.898346358 0.426403906 0.131230306 0.895585853 0.42509362 0.131230306 0.895585853 0.42509362 0.131230306 0.895585853 0.42509362 0.131385568 0.895637211 0.424937429 0.131385568 0.895637211 0.424937429 0.131385568 0.895637211 0.424937429 0.185156995 0.887847148 0.421241414 0.185156995 0.887847148 0.421241414 0.185156995 0.887847148 0.421241414 0.183815908 0.887433196 0.422698515 0.183815908 0.887433196 0.422698515 0.183815908 0.887433196 0.422698515 0.226516892 0.879349873 0.4188483 0.226516892 0.879349873 0.4188483 0.226516892 0.879349873 0.4188483 0.22243304 0.878094982 0.423642237 0.22243304 0.878094982 0.423642237 0.22243304 0.878094982 0.423642237 0.262792272 0.869002356 0.419255445 0.262792272 0.869002356 0.419255445 0.262792272 0.869002356 0.419255445 0.256042736 0.866911276 0.427676229 0.256042736 0.866911276 0.427676229 0.256042736 0.866911276 0.427676229 0.280878884 0.86070337 0.424613662 0.280878884 0.86070337 0.424613662 0.280878884 0.86070337 0.424613662 0.272268149 0.857980862 0.435590284 0.272268149 0.857980862 0.435590284 0.272268149 0.857980862 0.435590284 0.289639135 0.853446294 0.433288119 0.289639135 0.853446294 0.433288119 0.289639135 0.853446294 0.433288119 0.280713649 0.850802367 0.444224245 0.280713649 0.850802367 0.444224245 0.280713649 0.850802367 0.444224245 0.266891851 0.854290458 0.446045461 0.266891851 0.854290458 0.446045461 0.266891851 0.854290458 0.446045461 0.259545976 0.852579965 0.453589341 0.259545976 0.852579965 0.453589341 0.259545976 0.852579965 0.453589341 0.140383205 0.874091534 0.465033919 0.140383205 0.874091534 0.465033919 0.140383205 0.874091534 0.465033919 0.13013612 0.872124977 0.471659426 0.13013612 0.872124977 0.471659426 0.13013612 0.872124977 0.471659426 0.401643578 0.805538815 0.435648543 0.401643578 0.805538815 0.435648543 0.401643578 0.805538815 0.435648543 0.39991943 0.805513375 0.437278689 0.39991943 0.805513375 0.437278689 0.39991943 0.805513375 0.437278689 0.660943192 0.659523199 0.358026879 0.660943192 0.659523199 0.358026879 0.660943192 0.659523199 0.358026879 0.663015019 0.659441811 0.354326943 0.663015019 0.659441811 0.354326943 0.663015019 0.659441811 0.354326943 0.943228185 0.292584565 0.157209617 0.943228185 0.292584565 0.157209617 0.943228185 0.292584565 0.157209617 -0.941533546 0.268611649 0.203377392 -0.941533546 0.268611649 0.203377392 -0.941533546 0.268611649 0.203377392 -0.65374043 0.603300356 0.456784555 -0.65374043 0.603300356 0.456784555 -0.65374043 0.603300356 0.456784555 -0.651820461 0.60591593 0.456065754 -0.651820461 0.60591593 0.456065754 -0.651820461 0.60591593 0.456065754 -0.38974065 0.735789233 0.553819853 -0.38974065 0.735789233 0.553819853 -0.38974065 0.735789233 0.553819853 -0.400980072 0.72689869 0.557524238 -0.400980072 0.72689869 0.557524238 -0.400980072 0.72689869 0.557524238 -0.133777054 0.786350099 0.603122891 -0.133777054 0.786350099 0.603122891 -0.133777054 0.786350099 0.603122891 -0.131061306 0.787716797 0.601934533 -0.131061306 0.787716797 0.601934533 -0.131061306 0.787716797 0.601934533 -0.213270829 0.776289961 0.593202706 -0.213270829 0.776289961 0.593202706 -0.213270829 0.776289961 0.593202706 -0.228877274 0.75126605 0.619043226 -0.228877274 0.75126605 0.619043226 -0.228877274 0.75126605 0.619043226 -0.224216975 0.752102601 0.619732543 -0.224216975 0.752102601 0.619732543 -0.224216975 0.752102601 0.619732543 -0.240753561 0.721431099 0.649287989 -0.240753561 0.721431099 0.649287989 -0.240753561 0.721431099 0.649287989 -0.225140617 0.724211021 0.651789919 -0.225140617 0.724211021 0.651789919 -0.225140617 0.724211021 0.651789919 -0.237871474 0.700217068 0.67313685 -0.237871474 0.700217068 0.67313685 -0.237871474 0.700217068 0.67313685 -0.217264786 0.703689016 0.676474524 -0.217264786 0.703689016 0.676474524 -0.217264786 0.703689016 0.676474524 -0.226592205 0.687099936 0.690325757 -0.226592205 0.687099936 0.690325757 -0.226592205 0.687099936 0.690325757 -0.199370197 0.69128644 0.694531916 -0.199370197 0.69128644 0.694531916 -0.199370197 0.69128644 0.694531916 -0.205947159 0.680699575 0.703017679 -0.205947159 0.680699575 0.703017679 -0.205947159 0.680699575 0.703017679 -0.171871624 0.685260171 0.707727803 -0.171871624 0.685260171 0.707727803 -0.171871624 0.685260171 0.707727803 -0.177939905 0.676699397 0.714433564 -0.177939905 0.676699397 0.714433564 -0.177939905 0.676699397 0.714433564 -0.134801546 0.681397075 0.719393195 -0.134801546 0.681397075 0.719393195 -0.134801546 0.681397075 0.719393195 -0.136759681 0.678998506 0.721288998 -0.136759681 0.678998506 0.721288998 -0.136759681 0.678998506 0.721288998 -0.106018794 0.681575667 0.724026675 -0.106018794 0.681575667 0.724026675 -0.106018794 0.681575667 0.724026675 -0.108045365 0.679196247 0.725960506 -0.108045365 0.679196247 0.725960506 -0.108045365 0.679196247 0.725960506 -0.0866702924 0.680624868 0.727487491 -0.0866702924 0.680624868 0.727487491 -0.0866702924 0.680624868 0.727487491 -0.0867056706 0.680584407 0.727521128 -0.0867056706 0.680584407 0.727521128 -0.0867056706 0.680584407 0.727521128 -0.0688757822 0.681534864 0.728537134 -0.0688757822 0.681534864 0.728537134 -0.0688757822 0.681534864 0.728537134 -0.0691106195 0.681275057 0.72875786 -0.0691106195 0.681275057 0.72875786 -0.0691106195 0.681275057 0.72875786 -0.0538018004 0.681918788 0.729446457 -0.0538018004 0.681918788 0.729446457 -0.0538018004 0.681918788 0.729446457 -0.0521356648 0.683679569 0.727917659 -0.0521356648 0.683679569 0.727917659 -0.0521356648 0.683679569 0.727917659 -0.0372235945 0.684136171 0.728403805 -0.0372235945 0.684136171 0.728403805 -0.0372235945 0.684136171 0.728403805 -0.0368283855 0.684529423 0.728054351 -0.0368283855 0.684529423 0.728054351 -0.0368283855 0.684529423 0.728054351 -0.0223166114 0.684823525 0.728367153 -0.0223166114 0.684823525 0.728367153 -0.0223166114 0.684823525 0.728367153 -0.0199051878 0.687063641 0.72632454 -0.0199051878 0.687063641 0.72632454 -0.0199051878 0.687063641 0.72632454 -0.00368586721 0.687195126 0.726463539 -0.00368586721 0.687195126 0.726463539 -0.00368586721 0.687195126 0.726463539 -0.0013893857 0.689213071 0.724557391 -0.0013893857 0.689213071 0.724557391 -0.0013893857 0.689213071 0.724557391 0.0123237794 0.689161397 0.724503067 0.0123237794 0.689161397 0.724503067 0.0123237794 0.689161397 0.724503067 0.0180098626 0.694023019 0.719727513 0.0180098626 0.694023019 0.719727513 0.0180098626 0.694023019 0.719727513 0.0326178377 0.69376625 0.719461234 0.0326178377 0.69376625 0.719461234 0.0326178377 0.69376625 0.719461234 0.0383124245 0.698490057 0.71459345 0.0383124245 0.698490057 0.71459345 0.0383124245 0.698490057 0.71459345 0.051976876 0.698058408 0.714151849 0.051976876 0.698058408 0.714151849 0.051976876 0.698058408 0.714151849 0.0604011807 0.704787598 0.706842372 0.0604011807 0.704787598 0.706842372 0.0604011807 0.704787598 0.706842372 0.0750758337 0.704084095 0.706136818 0.0750758337 0.704084095 0.706136818 0.0750758337 0.704084095 0.706136818 0.0802014177 0.708010986 0.701632508 0.0802014177 0.708010986 0.701632508 0.0802014177 0.708010986 0.701632508 0.100972148 0.706668929 0.700302542 0.100972148 0.706668929 0.700302542 0.100972148 0.706668929 0.700302542 0.105246814 0.709781755 0.696514873 0.105246814 0.709781755 0.696514873 0.105246814 0.709781755 0.696514873 0.137274001 0.706988854 0.693774177 0.137274001 0.706988854 0.693774177 0.137274001 0.706988854 0.693774177 0.139147983 0.708282199 0.692079595 0.139147983 0.708282199 0.692079595 0.139147983 0.708282199 0.692079595 0.201336166 0.700593798 0.684567073 0.201336166 0.700593798 0.684567073 0.201336166 0.700593798 0.684567073 0.199205218 0.699104861 0.686709309 0.199205218 0.699104861 0.686709309 0.199205218 0.699104861 0.686709309 0.252118836 0.690357459 0.678117004 0.252118836 0.690357459 0.678117004 0.252118836 0.690357459 0.678117004 0.245470318 0.685472177 0.685472259 0.245470318 0.685472177 0.685472259 0.245470318 0.685472177 0.685472259 0.291382385 0.676423017 0.676423098 0.291382385 0.676423017 0.676423098 0.291382385 0.676423017 0.676423098 0.285203751 0.671660445 0.683762435 0.285203751 0.671660445 0.683762435 0.285203751 0.671660445 0.683762435 0.314305639 0.665251899 0.677238419 0.314305639 0.665251899 0.677238419 0.314305639 0.665251899 0.677238419 0.304913717 0.657919511 0.688599696 0.304913717 0.657919511 0.688599696 0.304913717 0.657919511 0.688599696 0.323559391 0.653655714 0.684137068 0.323559391 0.653655714 0.684137068 0.323559391 0.653655714 0.684137068 0.313204302 0.646067209 0.696060505 0.313204302 0.646067209 0.696060505 0.313204302 0.646067209 0.696060505 0.30131385 0.648679033 0.698874435 0.30131385 0.648679033 0.698874435 0.30131385 0.648679033 0.698874435 0.286796935 0.640154789 0.712705665 0.286796935 0.640154789 0.712705665 0.286796935 0.640154789 0.712705665 0.136208473 0.661998295 0.737024768 0.136208473 0.661998295 0.737024768 0.136208473 0.661998295 0.737024768 0.143160176 0.664836825 0.733141978 0.143160176 0.664836825 0.733141978 0.143160176 0.664836825 0.733141978 0.411623429 0.61220774 0.675105796 0.411623429 0.61220774 0.675105796 0.411623429 0.61220774 0.675105796 0.409298363 0.611402462 0.677245804 0.409298363 0.611402462 0.677245804 0.409298363 0.611402462 0.677245804 0.66844825 0.498394975 0.55206828 0.66844825 0.498394975 0.55206828 0.66844825 0.498394975 0.55206828 0.670022129 0.499352679 0.549287947 0.670022129 0.499352679 0.549287947 0.670022129 0.499352679 0.549287947 0.94571789 0.218611074 0.240472181 0.94571789 0.218611074 0.240472181 0.94571789 0.218611074 0.240472181 -0.95630877 0.145876535 0.253364508 -0.95630877 0.145876535 0.253364508 -0.95630877 0.145876535 0.253364508 -0.709841323 0.351451406 0.6104156 -0.709841323 0.351451406 0.6104156 -0.709841323 0.351451406 0.6104156 -0.711880053 0.347674513 0.610204247 -0.711880053 0.347674513 0.610204247 -0.711880053 0.347674513 0.610204247 -0.448680364 0.442422844 0.776497236 -0.448680364 0.442422844 0.776497236 -0.448680364 0.442422844 0.776497236 -0.446394929 0.444833735 0.776437065 -0.446394929 0.444833735 0.776437065 -0.446394929 0.444833735 0.776437065 -0.15721967 0.490929737 0.856895541 -0.15721967 0.490929737 0.856895541 -0.15721967 0.490929737 0.856895541 -0.154496913 0.492973514 0.856217156 -0.154496913 0.492973514 0.856217156 -0.154496913 0.492973514 0.856217156 -0.212054665 0.487616899 0.846913561 -0.212054665 0.487616899 0.846913561 -0.212054665 0.487616899 0.846913561 -0.227827543 0.449005634 0.86399569 -0.227827543 0.449005634 0.86399569 -0.227827543 0.449005634 0.86399569 -0.224060012 0.449408594 0.864771083 -0.224060012 0.449408594 0.864771083 -0.224060012 0.449408594 0.864771083 -0.235021173 0.419927664 0.876598999 -0.235021173 0.419927664 0.876598999 -0.235021173 0.419927664 0.876598999 -0.225040357 0.420946903 0.87872666 -0.225040357 0.420946903 0.87872666 -0.225040357 0.420946903 0.87872666 -0.233295717 0.399560117 0.88652401 -0.233295717 0.399560117 0.88652401 -0.233295717 0.399560117 0.88652401 -0.216120742 0.401187608 0.890135006 -0.216120742 0.401187608 0.890135006 -0.216120742 0.401187608 0.890135006 -0.22251897 0.386103971 0.895214517 -0.22251897 0.386103971 0.895214517 -0.22251897 0.386103971 0.895214517 -0.197691146 0.388217203 0.900114223 -0.197691146 0.388217203 0.900114223 -0.197691146 0.388217203 0.900114223 -0.202979651 0.377231739 0.903601392 -0.202979651 0.377231739 0.903601392 -0.202979651 0.377231739 0.903601392 -0.172803996 0.379455902 0.908929039 -0.172803996 0.379455902 0.908929039 -0.172803996 0.379455902 0.908929039 -0.174460731 0.376488068 0.909846244 -0.174460731 0.376488068 0.909846244 -0.174460731 0.376488068 0.909846244 -0.133006321 0.378954641 0.91580713 -0.133006321 0.378954641 0.91580713 -0.133006321 0.378954641 0.91580713 -0.137174554 0.372492611 0.917841161 -0.137174554 0.372492611 0.917841161 -0.137174554 0.372492611 0.917841161 -0.108630437 0.373822056 0.921116984 -0.108630437 0.373822056 0.921116984 -0.108630437 0.373822056 0.921116984 -0.108532991 0.373967964 0.921069244 -0.108532991 0.373967964 0.921069244 -0.108532991 0.373967964 0.921069244 -0.0881735394 0.374724964 0.922933707 -0.0881735394 0.374724964 0.922933707 -0.0881735394 0.374724964 0.922933707 -0.0891199341 0.373338171 0.923404704 -0.0891199341 0.373338171 0.923404704 -0.0891199341 0.373338171 0.923404704 -0.0723645364 0.373846945 0.924663093 -0.0723645364 0.373846945 0.924663093 -0.0723645364 0.373846945 0.924663093 -0.0711354559 0.375595278 0.924049747 -0.0711354559 0.375595278 0.924049747 -0.0711354559 0.375595278 0.924049747 -0.0550067148 0.375979102 0.924994041 -0.0550067148 0.375979102 0.924994041 -0.0550067148 0.375979102 0.924994041 -0.0561731818 0.374387557 0.925569301 -0.0561731818 0.374387557 0.925569301 -0.0561731818 0.374387557 0.925569301 -0.0407637773 0.374667956 0.92626251 -0.0407637773 0.374667956 0.92626251 -0.0407637773 0.374667956 0.92626251 -0.0399762225 0.375690608 0.925882535 -0.0399762225 0.375690608 0.925882535 -0.0399762225 0.375690608 0.925882535 -0.0270992198 0.37585308 0.926282945 -0.0270992198 0.37585308 0.926282945 -0.0270992198 0.37585308 0.926282945 -0.0245272766 0.378994931 0.925073648 -0.0245272766 0.378994931 0.925073648 -0.0245272766 0.378994931 0.925073648 -0.00978434229 0.379090834 0.925307736 -0.00978434229 0.379090834 0.925307736 -0.00978434229 0.379090834 0.925307736 -0.0070553991 0.382282119 0.924018724 -0.0070553991 0.382282119 0.924018724 -0.0070553991 0.382282119 0.924018724 0.00546481599 0.382285926 0.924027925 0.00546481599 0.382285926 0.924027925 0.00546481599 0.382285926 0.924027925 0.00772148168 0.38489764 0.922926966 0.00772148168 0.38489764 0.922926966 0.00772148168 0.38489764 0.922926966 0.0230070053 0.384807231 0.922710178 0.0230070053 0.384807231 0.922710178 0.0230070053 0.384807231 0.922710178 0.0285910486 0.391204537 0.919859534 0.0285910486 0.391204537 0.919859534 0.0285910486 0.391204537 0.919859534 0.0431388688 0.391000203 0.919379073 0.0431388688 0.391000203 0.919379073 0.0431388688 0.391000203 0.919379073 0.0479000702 0.39635635 0.916846349 0.0479000702 0.39635635 0.916846349 0.0479000702 0.39635635 0.916846349 0.0692093994 0.395860344 0.915698994 0.0692093994 0.395860344 0.915698994 0.0692093994 0.395860344 0.915698994 0.0741040127 0.401253537 0.912964509 0.0741040127 0.401253537 0.912964509 0.0741040127 0.401253537 0.912964509 0.0989800779 0.400383996 0.910986059 0.0989800779 0.400383996 0.910986059 0.0989800779 0.400383996 0.910986059 0.103162793 0.404844878 0.908547226 0.103162793 0.404844878 0.908547226 0.103162793 0.404844878 0.908547226 0.145025449 0.402713512 0.903764044 0.145025449 0.402713512 0.903764044 0.145025449 0.402713512 0.903764044 0.144859444 0.402541945 0.903867094 0.144859444 0.402541945 0.903867094 0.144859444 0.402541945 0.903867094 0.217456213 0.397097636 0.891642452 0.217456213 0.397097636 0.891642452 0.217456213 0.397097636 0.891642452 0.216667004 0.396247422 0.892212637 0.216667004 0.396247422 0.892212637 0.216667004 0.396247422 0.892212637 0.275742095 0.390153439 0.878491088 0.275742095 0.390153439 0.878491088 0.275742095 0.390153439 0.878491088 0.271514884 0.38531254 0.881937591 0.271514884 0.38531254 0.881937591 0.271514884 0.38531254 0.881937591 0.319355859 0.379387579 0.868376013 0.319355859 0.379387579 0.868376013 0.319355859 0.379387579 0.868376013 0.314489972 0.373553254 0.872670627 0.314489972 0.373553254 0.872670627 0.314489972 0.373553254 0.872670627 0.346568154 0.369131661 0.862341192 0.346568154 0.369131661 0.862341192 0.346568154 0.369131661 0.862341192 0.337378485 0.358072938 0.870608712 0.337378485 0.358072938 0.870608712 0.337378485 0.358072938 0.870608712 0.353220745 0.355855704 0.86521779 0.353220745 0.355855704 0.86521779 0.353220745 0.355855704 0.86521779 0.34601331 0.3477759 0.871393547 0.34601331 0.3477759 0.871393547 0.34601331 0.3477759 0.871393547 0.324743309 0.350582849 0.87842669 0.324743309 0.350582849 0.87842669 0.324743309 0.350582849 0.87842669 0.31959745 0.345939934 0.882146831 0.31959745 0.345939934 0.882146831 0.31959745 0.345939934 0.882146831 0.142442135 0.361364779 0.921480187 0.142442135 0.361364779 0.921480187 0.142442135 0.361364779 0.921480187 0.138385413 0.358958967 0.923037344 0.138385413 0.358958967 0.923037344 0.138385413 0.358958967 0.923037344 0.418948656 0.329104802 0.846269492 0.418948656 0.329104802 0.846269492 0.418948656 0.329104802 0.846269492 0.419778381 0.32965744 0.845642999 0.419778381 0.32965744 0.845642999 0.419778381 0.32965744 0.845642999 0.67555415 0.267797177 0.686957977 0.67555415 0.267797177 0.686957977 0.67555415 0.267797177 0.686957977 0.676612684 0.269087051 0.685410414 0.676612684 0.269087051 0.685410414 0.676612684 0.269087051 0.685410414 0.948016088 0.116290887 0.296212636 0.948016088 0.116290887 0.296212636 0.948016088 0.116290887 0.296212636 -0.962449479 0 0.271460863 -0.962449479 0 0.271460863 -0.962449479 0 0.271460863 -0.737155074 0 0.67572361 -0.737155074 0 0.67572361 -0.737155074 0 0.67572361 -0.737155074 0 0.67572361 -0.737155074 0 0.67572361 -0.737155074 0 0.67572361 -0.478851107 0 0.877896131 -0.478851107 0 0.877896131 -0.478851107 0 0.877896131 -0.478851107 0 0.877896131 -0.478851107 0 0.877896131 -0.478851107 0 0.877896131 -0.168031427 0 0.985781639 -0.168031427 0 0.985781639 -0.168031427 0 0.985781639 -0.168031427 0 0.985781639 -0.168031427 0 0.985781639 -0.168031427 0 0.985781639 -0.220430046 0 0.975402786 -0.220430046 0 0.975402786 -0.220430046 0 0.975402786 -0.220430046 0 0.975402786 -0.220430046 0 0.975402786 -0.220430046 0 0.975402786 -0.229946587 0 0.973203251 -0.229946587 0 0.973203251 -0.229946587 0 0.973203251 -0.229946587 0 0.973203251 -0.229946587 0 0.973203251 -0.229946587 0 0.973203251 -0.228848879 0 0.973461962 -0.228848879 0 0.973461962 -0.228848879 0 0.973461962 -0.228848879 0 0.973461962 -0.228848879 0 0.973461962 -0.228848879 0 0.973461962 -0.218736975 0 0.975783857 -0.218736975 0 0.975783857 -0.218736975 0 0.975783857 -0.218736975 0 0.975783857 -0.218736975 0 0.975783857 -0.218736975 0 0.975783857 -0.199770137 0 0.97984279 -0.199770137 0 0.97984279 -0.199770137 0 0.97984279 -0.199770137 0 0.97984279 -0.199770137 0 0.97984279 -0.199770137 0 0.97984279 -0.173957898 0 0.984753091 -0.173957898 0 0.984753091 -0.173957898 0 0.984753091 -0.173957898 0 0.984753091 -0.173957898 0 0.984753091 -0.173957898 0 0.984753091 -0.134127381 0 0.990964099 -0.134127381 0 0.990964099 -0.134127381 0 0.990964099 -0.134127381 0 0.990964099 -0.134127381 0 0.990964099 -0.134127381 0 0.990964099 -0.109224292 0 0.99401713 -0.109224292 0 0.99401713 -0.109224292 0 0.99401713 -0.109224292 0 0.99401713 -0.109224292 0 0.99401713 -0.109224292 0 0.99401713 -0.089216913 0 0.99601222 -0.089216913 0 0.99601222 -0.089216913 0 0.99601222 -0.089216913 0 0.99601222 -0.089216913 0 0.99601222 -0.089216913 0 0.99601222 -0.0733946385 0 0.997302977 -0.0733946385 0 0.997302977 -0.0733946385 0 0.997302977 -0.0733946385 0 0.997302977 -0.0733946385 0 0.997302977 -0.0733946385 0 0.997302977 -0.0564316232 0 0.998406466 -0.0564316232 0 0.998406466 -0.0564316232 0 0.998406466 -0.0564316232 0 0.998406466 -0.0564316232 0 0.998406466 -0.0564316232 0 0.998406466 -0.0415687935 0 0.999135644 -0.0415687935 0 0.999135644 -0.0415687935 0 0.999135644 -0.0415687935 0 0.999135644 -0.0415687935 0 0.999135644 -0.0415687935 0 0.999135644 -0.0279828156 0 0.999608404 -0.0279828156 0 0.999608404 -0.0279828156 0 0.999608404 -0.0279828156 0 0.999608404 -0.0279828156 0 0.999608404 -0.0279828156 0 0.999608404 -0.0112307883 0 0.999936933 -0.0112307883 0 0.999936933 -0.0112307883 0 0.999936933 -0.0112307883 0 0.999936933 -0.0112307883 0 0.999936933 -0.0112307883 0 0.999936933 0.00323632809 0 0.999994763 0.00323632809 0 0.999994763 0.00323632809 0 0.999994763 0.00323632809 -0 0.999994763 0.00323632809 -0 0.999994763 0.00323632809 -0 0.999994763 0.0214825908 0 0.999769223 0.0214825908 0 0.999769223 0.0214825908 0 0.999769223 0.0214825908 -0 0.999769223 0.0214825908 -0 0.999769223 0.0214825908 -0 0.999769223 0.0410612315 0 0.999156632 0.0410612315 0 0.999156632 0.0410612315 0 0.999156632 0.0410612315 -0 0.999156632 0.0410612315 -0 0.999156632 0.0410612315 -0 0.999156632 0.0684005528 0 0.99765794 0.0684005528 0 0.99765794 0.0684005528 0 0.99765794 0.0684005528 -0 0.99765794 0.0684005528 -0 0.99765794 0.0684005528 -0 0.99765794 0.100460089 0 0.994941089 0.100460089 0 0.994941089 0.100460089 0 0.994941089 0.100460089 -0 0.994941089 0.100460089 -0 0.994941089 0.100460089 -0 0.994941089 0.148442561 0 0.988921031 0.148442561 0 0.988921031 0.148442561 0 0.988921031 0.148442561 -0 0.988921031 0.148442561 -0 0.988921031 0.148442561 -0 0.988921031 0.224229659 0 0.974536331 0.224229659 0 0.974536331 0.224229659 0 0.974536331 0.224229659 -0 0.974536331 0.224229659 -0 0.974536331 0.224229659 -0 0.974536331 0.284928458 0 0.958548785 0.284928458 0 0.958548785 0.284928458 0 0.958548785 0.284928458 -0 0.958548785 0.284928458 -0 0.958548785 0.284928458 -0 0.958548785 0.329271899 0 0.944235149 0.329271899 0 0.944235149 0.329271899 0 0.944235149 0.329271899 -0 0.944235149 0.329271899 -0 0.944235149 0.329271899 -0 0.944235149 0.356788196 0 0.934185305 0.356788196 0 0.934185305 0.356788196 0 0.934185305 0.356788196 -0 0.934185305 0.356788196 -0 0.934185305 0.356788196 -0 0.934185305 0.36181691 0 0.932249175 0.36181691 0 0.932249175 0.36181691 0 0.932249175 0.36181691 -0 0.932249175 0.36181691 -0 0.932249175 0.36181691 -0 0.932249175 0.333046105 0 0.942910543 0.333046105 0 0.942910543 0.333046105 0 0.942910543 0.333046105 -0 0.942910543 0.333046105 -0 0.942910543 0.333046105 -0 0.942910543 0.142370486 0 0.989813439 0.142370486 0 0.989813439 0.142370486 0 0.989813439 0.142370486 -0 0.989813439 0.142370486 -0 0.989813439 0.142370486 -0 0.989813439 0.422205684 0 0.906500061 0.422205684 0 0.906500061 0.422205684 0 0.906500061 0.422205684 -0 0.906500061 0.422205684 -0 0.906500061 0.422205684 -0 0.906500061 0.678906618 0 0.734224628 0.678906618 0 0.734224628 0.678906618 0 0.734224628 0.678906618 -0 0.734224628 0.678906618 -0 0.734224628 0.678906618 -0 0.734224628 0.948899266 0 0.315579123 0.948899266 0 0.315579123 0.948899266 0 0.315579123 -0.95630877 -0.145876535 0.253364508 -0.95630877 -0.145876535 0.253364508 -0.95630877 -0.145876535 0.253364508 -0.711607439 -0.350561089 0.60886926 -0.711607439 -0.350561089 0.60886926 -0.711607439 -0.350561089 0.60886926 -0.71052395 -0.348353698 0.611396286 -0.71052395 -0.348353698 0.611396286 -0.71052395 -0.348353698 0.611396286 -0.446545914 -0.442951765 0.777425547 -0.446545914 -0.442951765 0.777425547 -0.446545914 -0.442951765 0.777425547 -0.448305293 -0.444358721 0.77560795 -0.448305293 -0.444358721 0.77560795 -0.448305293 -0.444358721 0.77560795 -0.154546983 -0.491139411 0.857261517 -0.154546983 -0.491139411 0.857261517 -0.154546983 -0.491139411 0.857261517 -0.157085546 -0.492769801 0.855863339 -0.157085546 -0.492769801 0.855863339 -0.157085546 -0.492769801 0.855863339 -0.22823546 -0.48579476 0.843748793 -0.22823546 -0.48579476 0.843748793 -0.22823546 -0.48579476 0.843748793 -0.214923617 -0.450356458 0.866595003 -0.214923617 -0.450356458 0.866595003 -0.214923617 -0.450356458 0.866595003 -0.235668112 -0.448144283 0.862338241 -0.235668112 -0.448144283 0.862338241 -0.235668112 -0.448144283 0.862338241 -0.226053237 -0.420845595 0.878515179 -0.226053237 -0.420845595 0.878515179 -0.226053237 -0.420845595 0.878515179 -0.233846224 -0.420050077 0.876854535 -0.233846224 -0.420050077 0.876854535 -0.233846224 -0.420050077 0.876854535 -0.226318213 -0.400237108 0.888026083 -0.226318213 -0.400237108 0.888026083 -0.226318213 -0.400237108 0.888026083 -0.222963911 -0.400554847 0.888731067 -0.222963911 -0.400554847 0.888731067 -0.222963911 -0.400554847 0.888731067 -0.216916295 -0.386603704 0.896373191 -0.216916295 -0.386603704 0.896373191 -0.216916295 -0.386603704 0.896373191 -0.203301872 -0.387762457 0.899059856 -0.203301872 -0.387762457 0.899059856 -0.203301872 -0.387762457 0.899059856 -0.198198903 -0.377608848 0.9045047 -0.198198903 -0.377608848 0.9045047 -0.198198903 -0.377608848 0.9045047 -0.174539132 -0.379338017 0.908646664 -0.174539132 -0.379338017 0.908646664 -0.174539132 -0.379338017 0.908646664 -0.172918053 -0.376592099 0.910097653 -0.172918053 -0.376592099 0.910097653 -0.172918053 -0.376592099 0.910097653 -0.137299969 -0.378730707 0.915265956 -0.137299969 -0.378730707 0.915265956 -0.137299969 -0.378730707 0.915265956 -0.13320016 -0.372696529 0.918343626 -0.13320016 -0.372696529 0.918343626 -0.13320016 -0.372696529 0.918343626 -0.108530973 -0.373826142 0.921127051 -0.108530973 -0.373826142 0.921127051 -0.108530973 -0.373826142 0.921127051 -0.108626964 -0.373964102 0.921059734 -0.108626964 -0.373964102 0.921059734 -0.108626964 -0.373964102 0.921059734 -0.0891339922 -0.374692806 0.922854503 -0.0891339922 -0.374692806 0.922854503 -0.0891339922 -0.374692806 0.922854503 -0.0882025947 -0.373368777 0.923480405 -0.0882025947 -0.373368777 0.923480405 -0.0882025947 -0.373368777 0.923480405 -0.071122742 -0.373880425 0.924745902 -0.071122742 -0.373880425 0.924745902 -0.071122742 -0.373880425 0.924745902 -0.0723333331 -0.375562838 0.923969937 -0.0723333331 -0.375562838 0.923969937 -0.0723333331 -0.375562838 0.923969937 -0.0561795396 -0.375954513 0.924933546 -0.0561795396 -0.375954513 0.924933546 -0.0561795396 -0.375954513 0.924933546 -0.0550312015 -0.374411404 0.925628256 -0.0550312015 -0.374411404 0.925628256 -0.0550312015 -0.374411404 0.925628256 -0.0399764148 -0.374679885 0.926292001 -0.0399764148 -0.374679885 0.926292001 -0.0399764148 -0.374679885 0.926292001 -0.0407527672 -0.375678813 0.925853467 -0.0407527672 -0.375678813 0.925853467 -0.0407527672 -0.375678813 0.925853467 -0.0245326826 -0.375878001 0.926344361 -0.0245326826 -0.375878001 0.926344361 -0.0245326826 -0.375878001 0.926344361 -0.0270733598 -0.378970019 0.925012842 -0.0270733598 -0.378970019 0.925012842 -0.0270733598 -0.378970019 0.925012842 -0.00708333075 -0.379099471 0.925328816 -0.00708333075 -0.379099471 0.925328816 -0.00708333075 -0.379099471 0.925328816 -0.00976452187 -0.382273409 0.92399767 -0.00976452187 -0.382273409 0.92399767 -0.00976452187 -0.382273409 0.92399767 0.00768089047 -0.382280357 0.924014465 0.00768089047 -0.382280357 0.924014465 0.00768089047 -0.382280357 0.924014465 0.00547823832 -0.384903339 0.922940631 0.00547823832 -0.384903339 0.922940631 0.00547823832 -0.384903339 0.922940631 0.028474395 -0.384753043 0.922580243 0.028474395 -0.384753043 0.922580243 0.028474395 -0.384753043 0.922580243 0.0230019406 -0.391260983 0.919992258 0.0230019406 -0.391260983 0.919992258 0.0230019406 -0.391260983 0.919992258 0.0477792707 -0.39091756 0.919184749 0.0477792707 -0.39091756 0.919184749 0.0477792707 -0.39091756 0.919184749 0.043117559 -0.396442805 0.917046334 0.043117559 -0.396442805 0.917046334 0.043117559 -0.396442805 0.917046334 0.0740029549 -0.395723788 0.915383114 0.0740029549 -0.395723788 0.915383114 0.0740029549 -0.395723788 0.915383114 0.0691342252 -0.401397119 0.913291198 0.0691342252 -0.401397119 0.913291198 0.0691342252 -0.401397119 0.913291198 0.103094785 -0.400215859 0.910603499 0.103094785 -0.400215859 0.910603499 0.103094785 -0.400215859 0.910603499 0.0988552301 -0.405022883 0.908946702 0.0988552301 -0.405022883 0.908946702 0.0988552301 -0.405022883 0.908946702 0.144860713 -0.402723334 0.903786086 0.144860713 -0.402723334 0.903786086 0.144860713 -0.402723334 0.903786086 0.145033196 -0.402531589 0.903843843 0.145033196 -0.402531589 0.903843843 0.145033196 -0.402531589 0.903843843 0.216665225 -0.397169192 0.891803125 0.216665225 -0.397169192 0.891803125 0.216665225 -0.397169192 0.891803125 0.217518853 -0.396170527 0.892039496 0.217518853 -0.396170527 0.892039496 0.217518853 -0.396170527 0.892039496 0.271492984 -0.390644062 0.879595803 0.271492984 -0.390644062 0.879595803 0.271492984 -0.390644062 0.879595803 0.276201754 -0.384778245 0.880714649 0.276201754 -0.384778245 0.880714649 0.276201754 -0.384778245 0.880714649 0.314431589 -0.380046267 0.869883677 0.314431589 -0.380046267 0.869883677 0.314431589 -0.380046267 0.869883677 0.319979014 -0.372830686 0.870982612 0.319979014 -0.372830686 0.870982612 0.319979014 -0.372830686 0.870982612 0.337319656 -0.370456004 0.865435034 0.337319656 -0.370456004 0.865435034 0.337319656 -0.370456004 0.865435034 0.34780008 -0.356627375 0.867094009 0.34780008 -0.356627375 0.867094009 0.34780008 -0.356627375 0.867094009 0.345993473 -0.356881541 0.867711981 0.345993473 -0.356881541 0.867711981 0.345993473 -0.356881541 0.867711981 0.354080709 -0.346658421 0.868593571 0.354080709 -0.346658421 0.868593571 0.354080709 -0.346658421 0.868593571 0.31962137 -0.351228989 0.880045668 0.31962137 -0.351228989 0.880045668 0.31962137 -0.351228989 0.880045668 0.325208411 -0.345242236 0.880367701 0.325208411 -0.345242236 0.880367701 0.325208411 -0.345242236 0.880367701 0.138437617 -0.361572158 0.922009003 0.138437617 -0.361572158 0.922009003 0.138437617 -0.361572158 0.922009003 0.142515832 -0.358746599 0.922491255 0.142515832 -0.358746599 0.922491255 0.142515832 -0.358746599 0.922491255 0.419744673 -0.328971531 0.845926794 0.419744673 -0.328971531 0.845926794 0.419744673 -0.328971531 0.845926794 0.418888187 -0.329806787 0.846026105 0.418888187 -0.329806787 0.846026105 0.418888187 -0.329806787 0.846026105 0.676506238 -0.267479924 0.686144154 0.676506238 -0.267479924 0.686144154 0.676506238 -0.267479924 0.686144154 0.675365369 -0.269505185 0.686475471 0.675365369 -0.269505185 0.686475471 0.675365369 -0.269505185 0.686475471 0.948016088 -0.116290887 0.296212636 0.948016088 -0.116290887 0.296212636 0.948016088 -0.116290887 0.296212636 -0.941533546 -0.268611649 0.203377392 -0.941533546 -0.268611649 0.203377392 -0.941533546 -0.268611649 0.203377392 -0.652109516 -0.604421227 0.457633215 -0.652109516 -0.604421227 0.457633215 -0.652109516 -0.604421227 0.457633215 -0.653052716 -0.605068334 0.455427779 -0.653052716 -0.605068334 0.455427779 -0.653052716 -0.605068334 0.455427779 -0.400111378 -0.732227326 0.551138847 -0.400111378 -0.732227326 0.551138847 -0.400111378 -0.732227326 0.551138847 -0.391698924 -0.730077913 0.559962672 -0.391698924 -0.730077913 0.559962672 -0.391698924 -0.730077913 0.559962672 -0.131134346 -0.78663032 0.603337818 -0.131134346 -0.78663032 0.603337818 -0.131134346 -0.78663032 0.603337818 -0.133632855 -0.787443975 0.601726056 -0.133632855 -0.787443975 0.601726056 -0.133632855 -0.787443975 0.601726056 -0.228846298 -0.77348469 0.591059055 -0.228846298 -0.77348469 0.591059055 -0.228846298 -0.77348469 0.591059055 -0.216061076 -0.753523089 0.620903025 -0.216061076 -0.753523089 0.620903025 -0.216061076 -0.753523089 0.620903025 -0.241138809 -0.748978076 0.617157935 -0.241138809 -0.748978076 0.617157935 -0.241138809 -0.748978076 0.617157935 -0.227184759 -0.723858249 0.651472424 -0.227184759 -0.723858249 0.651472424 -0.227184759 -0.723858249 0.651472424 -0.238464065 -0.721851093 0.649665983 -0.238464065 -0.721851093 0.649665983 -0.238464065 -0.721851093 0.649665983 -0.227168002 -0.702061836 0.674910273 -0.227168002 -0.702061836 0.674910273 -0.227168002 -0.702061836 0.674910273 -0.22707786 -0.702076992 0.674924843 -0.22707786 -0.702076992 0.674924843 -0.22707786 -0.702076992 0.674924843 -0.218434148 -0.688413462 0.69164545 -0.218434148 -0.688413462 0.69164545 -0.218434148 -0.688413462 0.69164545 -0.206278019 -0.690277069 0.693517806 -0.206278019 -0.690277069 0.693517806 -0.206278019 -0.690277069 0.693517806 -0.200001617 -0.681556883 0.703903096 -0.200001617 -0.681556883 0.703903096 -0.200001617 -0.681556883 0.703903096 -0.178174295 -0.684480799 0.706922878 -0.178174295 -0.684480799 0.706922878 -0.178174295 -0.684480799 0.706922878 -0.172288493 -0.677390632 0.715163343 -0.172288493 -0.677390632 0.715163343 -0.172288493 -0.677390632 0.715163343 -0.136808533 -0.681207891 0.719193461 -0.136808533 -0.681207891 0.719193461 -0.136808533 -0.681207891 0.719193461 -0.134897676 -0.679173484 0.721474875 -0.134897676 -0.679173484 0.721474875 -0.134897676 -0.679173484 0.721474875 -0.108078635 -0.681423652 0.723865191 -0.108078635 -0.681423652 0.723865191 -0.108078635 -0.681423652 0.723865191 -0.106099984 -0.679339378 0.726113492 -0.106099984 -0.679339378 0.726113492 -0.106099984 -0.679339378 0.726113492 -0.0867060384 -0.680622743 0.72748522 -0.0867060384 -0.680622743 0.72748522 -0.0867060384 -0.680622743 0.72748522 -0.0866714953 -0.680586439 0.7275233 -0.0866714953 -0.680586439 0.7275233 -0.0866714953 -0.680586439 0.7275233 -0.069112098 -0.681523699 0.728525199 -0.069112098 -0.681523699 0.728525199 -0.069112098 -0.681523699 0.728525199 -0.0688822643 -0.681285843 0.728769397 -0.0688822643 -0.681285843 0.728769397 -0.0688822643 -0.681285843 0.728769397 -0.0521293383 -0.681979367 0.729511258 -0.0521293383 -0.681979367 0.729511258 -0.0521293383 -0.681979367 0.729511258 -0.0537629887 -0.683620497 0.727854764 -0.0537629887 -0.683620497 0.727854764 -0.0537629887 -0.683620497 0.727854764 -0.0368294402 -0.684146169 0.728414451 -0.0368294402 -0.684146169 0.728414451 -0.0368294402 -0.684146169 0.728414451 -0.0372159218 -0.684519589 0.728043891 -0.0372159218 -0.684519589 0.728043891 -0.0372159218 -0.684519589 0.728043891 -0.0199167541 -0.684858246 0.728404082 -0.0199167541 -0.684858246 0.728404082 -0.0199167541 -0.684858246 0.728404082 -0.0222852608 -0.68702913 0.726288057 -0.0222852608 -0.68702913 0.726288057 -0.0222852608 -0.68702913 0.726288057 -0.00141763702 -0.687199104 0.726467744 -0.00141763702 -0.687199104 0.726467744 -0.00141763702 -0.687199104 0.726467744 -0.00365778264 -0.689209125 0.724553243 -0.00365778264 -0.689209125 0.724553243 -0.00365778264 -0.689209125 0.724553243 0.0178980812 -0.689103335 0.724442028 0.0178980812 -0.689103335 0.724442028 0.0178980812 -0.689103335 0.724442028 0.0123957774 -0.694082271 0.719788959 0.0123957774 -0.694082271 0.719788959 0.0123957774 -0.694082271 0.719788959 0.0381740752 -0.693629649 0.719319574 0.0381740752 -0.693629649 0.719319574 0.0381740752 -0.693629649 0.719319574 0.0326527787 -0.698630519 0.71473715 0.0326527787 -0.698630519 0.71473715 0.0326527787 -0.698630519 0.71473715 0.0602058276 -0.697735255 0.713821246 0.0602058276 -0.697735255 0.713821246 0.0602058276 -0.697735255 0.713821246 0.0519921735 -0.705121791 0.70717754 0.0519921735 -0.705121791 0.70717754 0.0519921735 -0.705121791 0.70717754 0.080088802 -0.703808658 0.705860579 0.080088802 -0.703808658 0.705860579 0.080088802 -0.703808658 0.705860579 0.07500706 -0.708298177 0.701917113 0.07500706 -0.708298177 0.701917113 0.07500706 -0.708298177 0.701917113 0.105190723 -0.706358395 0.699994806 0.105190723 -0.706358395 0.699994806 0.105190723 -0.706358395 0.699994806 0.100849254 -0.710106928 0.696833968 0.100849254 -0.710106928 0.696833968 0.100849254 -0.710106928 0.696833968 0.139151045 -0.706801892 0.693590709 0.139151045 -0.706801892 0.693590709 0.139151045 -0.706801892 0.693590709 0.137174762 -0.708479078 0.69227197 0.137174762 -0.708479078 0.69227197 0.137174762 -0.708479078 0.69227197 0.199176875 -0.700909472 0.684875525 0.199176875 -0.700909472 0.684875525 0.199176875 -0.700909472 0.684875525 0.201542089 -0.698763896 0.68637439 0.201542089 -0.698763896 0.68637439 0.201542089 -0.698763896 0.68637439 0.245312741 -0.691604283 0.679341721 0.245312741 -0.691604283 0.679341721 0.245312741 -0.691604283 0.679341721 0.252986521 -0.684104417 0.6841045 0.252986521 -0.684104417 0.6841045 0.252986521 -0.684104417 0.6841045 0.285014624 -0.677778191 0.677778273 0.285014624 -0.677778191 0.677778273 0.285014624 -0.677778191 0.677778273 0.292391539 -0.670141031 0.682215645 0.292391539 -0.670141031 0.682215645 0.292391539 -0.670141031 0.682215645 0.304604304 -0.667464314 0.679490698 0.304604304 -0.667464314 0.679490698 0.304604304 -0.667464314 0.679490698 0.315903486 -0.655440414 0.686004993 0.315903486 -0.655440414 0.686004993 0.315903486 -0.655440414 0.686004993 0.31292872 -0.656121065 0.686717384 0.31292872 -0.656121065 0.686717384 0.31292872 -0.656121065 0.686717384 0.325218474 -0.643314145 0.693094406 0.325218474 -0.643314145 0.693094406 0.325218474 -0.643314145 0.693094406 0.286619058 -0.651753706 0.702187028 0.286619058 -0.651753706 0.702187028 0.286619058 -0.651753706 0.702187028 0.30294879 -0.636823975 0.708997359 0.30294879 -0.636823975 0.708997359 0.30294879 -0.636823975 0.708997359 0.143081302 -0.661350611 0.736303681 0.143081302 -0.661350611 0.736303681 0.143081302 -0.661350611 0.736303681 0.136061647 -0.665509146 0.733883373 0.136061647 -0.665509146 0.733883373 0.136061647 -0.665509146 0.733883373 0.409377384 -0.612886969 0.675854808 0.409377384 -0.612886969 0.675854808 0.409377384 -0.612886969 0.675854808 0.411814427 -0.610643325 0.676404914 0.411814427 -0.610643325 0.676404914 0.411814427 -0.610643325 0.676404914 0.669897017 -0.497520742 0.551099898 0.669897017 -0.497520742 0.551099898 0.669897017 -0.497520742 0.551099898 0.668130851 -0.500498017 0.550547819 0.668130851 -0.500498017 0.550547819 0.668130851 -0.500498017 0.550547819 0.94571789 -0.218611074 0.240472181 0.94571789 -0.218611074 0.240472181 0.94571789 -0.218611074 0.240472181 -0.925205513 -0.356511488 0.129978147 -0.925205513 -0.356511488 0.129978147 -0.925205513 -0.356511488 0.129978147 -0.60621176 -0.74719328 0.272414217 -0.60621176 -0.74719328 0.272414217 -0.60621176 -0.74719328 0.272414217 -0.603285866 -0.747732521 0.277384645 -0.603285866 -0.747732521 0.277384645 -0.603285866 -0.747732521 0.277384645 -0.3520748 -0.877535604 0.325537401 -0.3520748 -0.877535604 0.325537401 -0.3520748 -0.877535604 0.325537401 -0.356272379 -0.877201255 0.32185082 -0.356272379 -0.877201255 0.32185082 -0.356272379 -0.877201255 0.32185082 -0.114821056 -0.932594462 0.342174947 -0.114821056 -0.932594462 0.342174947 -0.114821056 -0.932594462 0.342174947 -0.11316875 -0.932425499 0.343184385 -0.11316875 -0.932425499 0.343184385 -0.11316875 -0.932425499 0.343184385 -0.232821325 -0.912665166 0.335911485 -0.232821325 -0.912665166 0.335911485 -0.232821325 -0.912665166 0.335911485 -0.219804858 -0.904277273 0.366016991 -0.219804858 -0.904277273 0.366016991 -0.219804858 -0.904277273 0.366016991 -0.243951362 -0.898941403 0.363857234 -0.243951362 -0.898941403 0.363857234 -0.243951362 -0.898941403 0.363857234 -0.233578318 -0.890512276 0.390421638 -0.233578318 -0.890512276 0.390421638 -0.233578318 -0.890512276 0.390421638 -0.241910052 -0.888644579 0.389602796 -0.241910052 -0.888644579 0.389602796 -0.241910052 -0.888644579 0.389602796 -0.232865763 -0.881086522 0.411655289 -0.232865763 -0.881086522 0.411655289 -0.232865763 -0.881086522 0.411655289 -0.228423913 -0.882040425 0.412100964 -0.228423913 -0.882040425 0.412100964 -0.228423913 -0.882040425 0.412100964 -0.222575032 -0.877424503 0.424954818 -0.222575032 -0.877424503 0.424954818 -0.222575032 -0.877424503 0.424954818 -0.209881113 -0.87995472 0.426180254 -0.209881113 -0.87995472 0.426180254 -0.209881113 -0.87995472 0.426180254 -0.203252431 -0.875221291 0.438948904 -0.203252431 -0.875221291 0.438948904 -0.203252431 -0.875221291 0.438948904 -0.179729425 -0.879323943 0.441006504 -0.179729425 -0.879323943 0.441006504 -0.179729425 -0.879323943 0.441006504 -0.175500636 -0.876636365 0.448004698 -0.175500636 -0.876636365 0.448004698 -0.175500636 -0.876636365 0.448004698 -0.136008454 -0.88218245 0.450839023 -0.136008454 -0.88218245 0.450839023 -0.136008454 -0.88218245 0.450839023 -0.134424088 -0.881269178 0.453094693 -0.134424088 -0.881269178 0.453094693 -0.134424088 -0.881269178 0.453094693 -0.106416554 -0.884290929 0.454648293 -0.106416554 -0.884290929 0.454648293 -0.106416554 -0.884290929 0.454648293 -0.105531028 -0.883771609 0.455862859 -0.105531028 -0.883771609 0.455862859 -0.105531028 -0.883771609 0.455862859 -0.0855983062 -0.885472396 0.456740151 -0.0855983062 -0.885472396 0.456740151 -0.0855983062 -0.885472396 0.456740151 -0.084098845 -0.884578476 0.458746449 -0.084098845 -0.884578476 0.458746449 -0.084098845 -0.884578476 0.458746449 -0.0668901475 -0.885735116 0.459346288 -0.0668901475 -0.885735116 0.459346288 -0.0668901475 -0.885735116 0.459346288 -0.0666164129 -0.88557162 0.459701162 -0.0666164129 -0.88557162 0.459701162 -0.0666164129 -0.88557162 0.459701162 -0.0491636756 -0.886469881 0.460167451 -0.0491636756 -0.886469881 0.460167451 -0.0491636756 -0.886469881 0.460167451 -0.0500555464 -0.886994696 0.459058658 -0.0500555464 -0.886994696 0.459058658 -0.0500555464 -0.886994696 0.459058658 -0.0332038334 -0.887618294 0.459381398 -0.0332038334 -0.887618294 0.459381398 -0.0332038334 -0.887618294 0.459381398 -0.0340547469 -0.888105229 0.458376893 -0.0340547469 -0.888105229 0.458376893 -0.0340547469 -0.888105229 0.458376893 -0.0167152628 -0.888496508 0.458578843 -0.0167152628 -0.888496508 0.458578843 -0.0167152628 -0.888496508 0.458578843 -0.0175074722 -0.888931666 0.457705125 -0.0175074722 -0.888931666 0.457705125 -0.0175074722 -0.888931666 0.457705125 0.00566338582 -0.889053673 0.457767946 0.00566338582 -0.889053673 0.457767946 0.00566338582 -0.889053673 0.457767946 0.00207642097 -0.891008846 0.453981194 0.00207642097 -0.891008846 0.453981194 0.00207642097 -0.891008846 0.453981194 0.0281170598 -0.890658495 0.453802685 0.0281170598 -0.890658495 0.453802685 0.0281170598 -0.890658495 0.453802685 0.0224194946 -0.893824143 0.44785686 0.0224194946 -0.893824143 0.44785686 0.0224194946 -0.893824143 0.44785686 0.0487146814 -0.892987388 0.447437598 0.0487146814 -0.892987388 0.447437598 0.0487146814 -0.892987388 0.447437598 0.0428730194 -0.89626421 0.441443508 0.0428730194 -0.89626421 0.441443508 0.0428730194 -0.89626421 0.441443508 0.0680953552 -0.895006749 0.440824162 0.0680953552 -0.895006749 0.440824162 0.0680953552 -0.895006749 0.440824162 0.063418725 -0.897631901 0.436159416 0.063418725 -0.897631901 0.436159416 0.063418725 -0.897631901 0.436159416 0.0878052509 -0.89596852 0.435351179 0.0878052509 -0.89596852 0.435351179 0.0878052509 -0.89596852 0.435351179 0.0818825212 -0.899273893 0.429653021 0.0818825212 -0.899273893 0.429653021 0.0818825212 -0.899273893 0.429653021 0.105580589 -0.897260638 0.428691133 0.105580589 -0.897260638 0.428691133 0.105580589 -0.897260638 0.428691133 0.103184874 -0.898576361 0.426513077 0.103184874 -0.898576361 0.426513077 0.103184874 -0.898576361 0.426513077 0.131384489 -0.895567404 0.425084863 0.131384489 -0.895567404 0.425084863 0.131384489 -0.895567404 0.425084863 0.131222743 -0.895656695 0.424946674 0.131222743 -0.895656695 0.424946674 0.131222743 -0.895656695 0.424946674 0.183813396 -0.888075006 0.421349521 0.183813396 -0.888075006 0.421349521 0.183813396 -0.888075006 0.421349521 0.185268019 -0.887187035 0.422581264 0.185268019 -0.887187035 0.422581264 0.185268019 -0.887187035 0.422581264 0.222410641 -0.880203795 0.419255036 0.222410641 -0.880203795 0.419255036 0.222410641 -0.880203795 0.419255036 0.226983841 -0.877149791 0.423186224 0.226983841 -0.877149791 0.423186224 0.226983841 -0.877149791 0.423186224 0.256004059 -0.8706445 0.420047707 0.256004059 -0.8706445 0.420047707 0.256004059 -0.8706445 0.420047707 0.263744989 -0.865052179 0.426759075 0.263744989 -0.865052179 0.426759075 0.263744989 -0.865052179 0.426759075 0.272215937 -0.862939077 0.425716611 0.272215937 -0.862939077 0.425716611 0.272215937 -0.862939077 0.425716611 0.282200393 -0.855425402 0.434292896 0.282200393 -0.855425402 0.434292896 0.282200393 -0.855425402 0.434292896 0.280685482 -0.855821589 0.434494037 0.280685482 -0.855821589 0.434494037 0.280685482 -0.855821589 0.434494037 0.290947559 -0.848096438 0.442811415 0.290947559 -0.848096438 0.442811415 0.290947559 -0.848096438 0.442811415 0.259557502 -0.856064384 0.44697167 0.259557502 -0.856064384 0.44697167 0.259557502 -0.856064384 0.44697167 0.267675365 -0.850618666 0.452545891 0.267675365 -0.850618666 0.452545891 0.267675365 -0.850618666 0.452545891 0.130242831 -0.875314153 0.465684377 0.130242831 -0.875314153 0.465684377 0.130242831 -0.875314153 0.465684377 0.140599989 -0.870867447 0.470979334 0.140599989 -0.870867447 0.470979334 0.140599989 -0.870867447 0.470979334 0.399988995 -0.806175539 0.435992894 0.399988995 -0.806175539 0.435992894 0.399988995 -0.806175539 0.435992894 0.401770902 -0.804801431 0.436892205 0.401770902 -0.804801431 0.436892205 0.401770902 -0.804801431 0.436892205 0.662826692 -0.658061586 0.357233432 0.662826692 -0.658061586 0.357233432 0.662826692 -0.658061586 0.357233432 0.660548625 -0.661359667 0.355357433 0.660548625 -0.661359667 0.355357433 0.660548625 -0.661359667 0.355357433 0.943228185 -0.292584565 0.157209617 0.943228185 -0.292584565 0.157209617 0.943228185 -0.292584565 0.157209617 -0.91514411 -0.40066122 0.0445179133 -0.91514411 -0.40066122 0.0445179133 -0.91514411 -0.40066122 0.0445179133 -0.579751729 -0.809809693 0.0899788547 -0.579751729 -0.809809693 0.0899788547 -0.579751729 -0.809809693 0.0899788547 -0.578651198 -0.810446683 0.0913179361 -0.578651198 -0.810446683 0.0913179361 -0.578651198 -0.810446683 0.0913179361 -0.330398031 -0.937906689 0.105679627 -0.330398031 -0.937906689 0.105679627 -0.330398031 -0.937906689 0.105679627 -0.329663759 -0.938106186 0.1062007 -0.329663759 -0.938106186 0.1062007 -0.329663759 -0.938106186 0.1062007 -0.101103155 -0.988561439 0.111912616 -0.101103155 -0.988561439 0.111912616 -0.101103155 -0.988561439 0.111912616 -0.107239431 -0.988298325 0.108471767 -0.107239431 -0.988298325 0.108471767 -0.107239431 -0.988298325 0.108471767 -0.234740111 -0.966255638 0.106052448 -0.234740111 -0.966255638 0.106052448 -0.234740111 -0.966255638 0.106052448 -0.227895298 -0.966166723 0.12077084 -0.227895298 -0.966166723 0.12077084 -0.227895298 -0.966166723 0.12077084 -0.243495805 -0.962412248 0.120301531 -0.243495805 -0.962412248 0.120301531 -0.243495805 -0.962412248 0.120301531 -0.23988271 -0.962176425 0.129123243 -0.23988271 -0.962176425 0.129123243 -0.23988271 -0.962176425 0.129123243 -0.241300651 -0.961828079 0.129076495 -0.241300651 -0.961828079 0.129076495 -0.241300651 -0.961828079 0.129076495 -0.23867702 -0.961614741 0.135389695 -0.23867702 -0.961614741 0.135389695 -0.23867702 -0.961614741 0.135389695 -0.229823707 -0.963727177 0.135687114 -0.229823707 -0.963727177 0.135687114 -0.229823707 -0.963727177 0.135687114 -0.225703864 -0.963374417 0.144801586 -0.225703864 -0.963374417 0.144801586 -0.225703864 -0.963374417 0.144801586 -0.208936271 -0.967066246 0.145356493 -0.208936271 -0.967066246 0.145356493 -0.208936271 -0.967066246 0.145356493 -0.207711342 -0.966964845 0.147766667 -0.207711342 -0.966964845 0.147766667 -0.207711342 -0.966964845 0.147766667 -0.179264844 -0.972511146 0.148614224 -0.179264844 -0.972511146 0.148614224 -0.179264844 -0.972511146 0.148614224 -0.178049852 -0.972415049 0.150689159 -0.178049852 -0.972415049 0.150689159 -0.178049852 -0.972415049 0.150689159 -0.135635777 -0.979072883 0.151720882 -0.135635777 -0.979072883 0.151720882 -0.135635777 -0.979072883 0.151720882 -0.134889153 -0.979003406 0.152830781 -0.134889153 -0.979003406 0.152830781 -0.134889153 -0.979003406 0.152830781 -0.106450647 -0.982419326 0.153364035 -0.106450647 -0.982419326 0.153364035 -0.106450647 -0.982419326 0.153364035 -0.104873447 -0.982230625 0.155642412 -0.104873447 -0.982230625 0.155642412 -0.104873447 -0.982230625 0.155642412 -0.0838233861 -0.984201091 0.155954648 -0.0838233861 -0.984201091 0.155954648 -0.0838233861 -0.984201091 0.155954648 -0.0842817406 -0.984264789 0.15530426 -0.0842817406 -0.984264789 0.15530426 -0.0842817406 -0.984264789 0.15530426 -0.0654263155 -0.98566293 0.155524869 -0.0654263155 -0.98566293 0.155524869 -0.0654263155 -0.98566293 0.155524869 -0.0652049704 -0.985629291 0.155830718 -0.0652049704 -0.985629291 0.155830718 -0.0652049704 -0.985629291 0.155830718 -0.0471866565 -0.986631046 0.155989098 -0.0471866565 -0.986631046 0.155989098 -0.0471866565 -0.986631046 0.155989098 -0.0474860497 -0.986679439 0.155591642 -0.0474860497 -0.986679439 0.155591642 -0.0474860497 -0.986679439 0.155591642 -0.0308081914 -0.987324877 0.155693422 -0.0308081914 -0.987324877 0.155693422 -0.0308081914 -0.987324877 0.155693422 -0.0316429195 -0.987463923 0.154640634 -0.0316429195 -0.987463923 0.154640634 -0.0316429195 -0.987463923 0.154640634 -0.0153629236 -0.987842061 0.154699851 -0.0153629236 -0.987842061 0.154699851 -0.0153629236 -0.987842061 0.154699851 -0.0152710095 -0.987826446 0.154808622 -0.0152710095 -0.987826446 0.154808622 -0.0152710095 -0.987826446 0.154808622 0.00951034305 -0.987896969 0.154819674 0.00951034305 -0.987896969 0.154819674 0.00951034305 -0.987896969 0.154819674 0.00743913058 -0.988280544 0.152467129 0.00743913058 -0.988280544 0.152467129 0.00743913058 -0.988280544 0.152467129 0.0319677303 -0.987802769 0.15239342 0.0319677303 -0.987802769 0.15239342 0.0319677303 -0.987802769 0.15239342 0.030621988 -0.988077725 0.150879765 0.030621988 -0.988077725 0.150879765 0.030621988 -0.988077725 0.150879765 0.0522151487 -0.987192804 0.150744637 0.0522151487 -0.987192804 0.150744637 0.0522151487 -0.987192804 0.150744637 0.0515826726 -0.987332618 0.150045089 0.0515826726 -0.987332618 0.150045089 0.0515826726 -0.987332618 0.150045089 0.0726022902 -0.986039707 0.149848605 0.0726022902 -0.986039707 0.149848605 0.0726022902 -0.986039707 0.149848605 0.069844715 -0.986686352 0.146873274 0.069844715 -0.986686352 0.146873274 0.069844715 -0.986686352 0.146873274 0.0906388708 -0.985030546 0.146626799 0.0906388708 -0.985030546 0.146626799 0.0906388708 -0.985030546 0.146626799 0.0887400987 -0.985496708 0.144642433 0.0887400987 -0.985496708 0.144642433 0.0887400987 -0.985496708 0.144642433 0.106967996 -0.983723356 0.144382156 0.106967996 -0.983723356 0.144382156 0.106967996 -0.983723356 0.144382156 0.10434918 -0.984384703 0.141767432 0.10434918 -0.984384703 0.141767432 0.10434918 -0.984384703 0.141767432 0.128661182 -0.981561716 0.141360876 0.128661182 -0.981561716 0.141360876 0.128661182 -0.981561716 0.141360876 0.127515163 -0.981868152 0.140266943 0.127515163 -0.981868152 0.140266943 0.127515163 -0.981868152 0.140266943 0.172583272 -0.975095224 0.139299381 0.172583272 -0.975095224 0.139299381 0.172583272 -0.975095224 0.139299381 0.17543095 -0.974187034 0.142069011 0.17543095 -0.974187034 0.142069011 0.17543095 -0.974187034 0.142069011 0.210563704 -0.967347779 0.141071619 0.210563704 -0.967347779 0.141071619 0.210563704 -0.967347779 0.141071619 0.211536076 -0.966991207 0.142058063 0.211536076 -0.966991207 0.142058063 0.211536076 -0.966991207 0.142058063 0.238948627 -0.960720533 0.141136855 0.238948627 -0.960720533 0.141136855 0.238948627 -0.960720533 0.141136855 0.243785024 -0.958746011 0.146201738 0.243785024 -0.958746011 0.146201738 0.243785024 -0.958746011 0.146201738 0.258899556 -0.954865822 0.145610037 0.258899556 -0.954865822 0.145610037 0.258899556 -0.954865822 0.145610037 0.258503883 -0.955036739 0.145191495 0.258503883 -0.955036739 0.145191495 0.258503883 -0.955036739 0.145191495 0.260332099 -0.954551233 0.145117684 0.260332099 -0.954551233 0.145117684 0.260332099 -0.954551233 0.145117684 0.266941686 -0.951678268 0.151824273 0.266941686 -0.951678268 0.151824273 0.266941686 -0.951678268 0.151824273 0.241752862 -0.958220708 0.152868009 0.241752862 -0.958220708 0.152868009 0.241752862 -0.958220708 0.152868009 0.247575477 -0.955909815 0.157932926 0.247575477 -0.955909815 0.157932926 0.247575477 -0.955909815 0.157932926 0.133936393 -0.977735259 0.161538869 0.133936393 -0.977735259 0.161538869 0.133936393 -0.977735259 0.161538869 0.128284262 -0.979061707 0.158054805 0.128284262 -0.979061707 0.158054805 0.128284262 -0.979061707 0.158054805 0.397159427 -0.906019565 0.146263248 0.397159427 -0.906019565 0.146263248 0.397159427 -0.906019565 0.146263248 0.395559893 -0.906905155 0.145104825 0.395559893 -0.906905155 0.145104825 0.395559893 -0.906905155 0.145104825 0.654513827 -0.746554521 0.119448723 0.654513827 -0.746554521 0.119448723 0.654513827 -0.746554521 0.119448723 0.656853245 -0.744022106 0.122372057 0.656853245 -0.744022106 0.122372057 0.656853245 -0.744022106 0.122372057 0.941666685 -0.332085214 0.0546192786 0.941666685 -0.332085214 0.0546192786 0.941666685 -0.332085214 0.0546192786 -0.91514411 -0.40066122 -0.0445179133 -0.91514411 -0.40066122 -0.0445179133 -0.91514411 -0.40066122 -0.0445179133 -0.578391676 -0.810769799 -0.0900855332 -0.578391676 -0.810769799 -0.0900855332 -0.578391676 -0.810769799 -0.0900855332 -0.579685165 -0.809716715 -0.0912356862 -0.579685165 -0.809716715 -0.0912356862 -0.579685165 -0.809716715 -0.0912356862 -0.328523919 -0.938556535 -0.105752849 -0.328523919 -0.938556535 -0.105752849 -0.328523919 -0.938556535 -0.105752849 -0.330356942 -0.937790051 -0.106836841 -0.330356942 -0.937790051 -0.106836841 -0.330356942 -0.937790051 -0.106836841 -0.107421919 -0.98782386 -0.112536895 -0.107421919 -0.98782386 -0.112536895 -0.107421919 -0.98782386 -0.112536895 -0.101133862 -0.988861682 -0.109199429 -0.101133862 -0.988861682 -0.109199429 -0.101133862 -0.988861682 -0.109199429 -0.227203489 -0.9679632 -0.106891622 -0.227203489 -0.9679632 -0.106891622 -0.227203489 -0.9679632 -0.106891622 -0.234331055 -0.964571851 -0.121202726 -0.234331055 -0.964571851 -0.121202726 -0.234331055 -0.964571851 -0.121202726 -0.239735616 -0.963263494 -0.121038325 -0.239735616 -0.963263494 -0.121038325 -0.239735616 -0.963263494 -0.121038325 -0.243227367 -0.96135125 -0.129012488 -0.243227367 -0.96135125 -0.129012488 -0.243227367 -0.96135125 -0.129012488 -0.238394319 -0.962539738 -0.129171982 -0.238394319 -0.962539738 -0.129171982 -0.238394319 -0.962539738 -0.129171982 -0.241098483 -0.961022236 -0.135306259 -0.241098483 -0.961022236 -0.135306259 -0.241098483 -0.961022236 -0.135306259 -0.22531597 -0.964770359 -0.135833973 -0.22531597 -0.964770359 -0.135833973 -0.22531597 -0.964770359 -0.135833973 -0.229528738 -0.962490274 -0.144668693 -0.229528738 -0.962490274 -0.144668693 -0.229528738 -0.962490274 -0.144668693 -0.207407492 -0.967388009 -0.145404856 -0.207407492 -0.967388009 -0.145404856 -0.207407492 -0.967388009 -0.145404856 -0.208849759 -0.966665824 -0.148118071 -0.208849759 -0.966665824 -0.148118071 -0.208849759 -0.966665824 -0.148118071 -0.177994378 -0.972679406 -0.149039507 -0.177994378 -0.972679406 -0.149039507 -0.177994378 -0.972679406 -0.149039507 -0.179198919 -0.972153504 -0.15101428 -0.179198919 -0.972153504 -0.15101428 -0.179198919 -0.972153504 -0.15101428 -0.135108286 -0.979088309 -0.152091533 -0.135108286 -0.979088309 -0.152091533 -0.135108286 -0.979088309 -0.152091533 -0.135612634 -0.978905829 -0.152815548 -0.135612634 -0.978905829 -0.152815548 -0.135612634 -0.978905829 -0.152815548 -0.10482375 -0.982590086 -0.153390692 -0.10482375 -0.982590086 -0.153390692 -0.10482375 -0.982590086 -0.153390692 -0.1064127 -0.982069115 -0.155616809 -0.1064127 -0.982069115 -0.155616809 -0.1064127 -0.982069115 -0.155616809 -0.0842932916 -0.984161941 -0.155948434 -0.0842932916 -0.984161941 -0.155948434 -0.0842932916 -0.984161941 -0.155948434 -0.0838320028 -0.984302263 -0.155310173 -0.0838320028 -0.984302263 -0.155310173 -0.0838320028 -0.984302263 -0.155310173 -0.0652000811 -0.985677557 -0.155527177 -0.0652000811 -0.985677557 -0.155527177 -0.0652000811 -0.985677557 -0.155527177 -0.0654231463 -0.985615186 -0.155828488 -0.0654231463 -0.985615186 -0.155828488 -0.0654231463 -0.985615186 -0.155828488 -0.0472656849 -0.986627355 -0.155988515 -0.0472656849 -0.986627355 -0.155988515 -0.0472656849 -0.986627355 -0.155988515 -0.0471874313 -0.986647247 -0.155886356 -0.0471874313 -0.986647247 -0.155886356 -0.0471874313 -0.986647247 -0.155886356 -0.0316565812 -0.987252492 -0.155981982 -0.0316565812 -0.987252492 -0.155981982 -0.0316565812 -0.987252492 -0.155981982 -0.030811935 -0.98744485 -0.154929958 -0.030811935 -0.98744485 -0.154929958 -0.030811935 -0.98744485 -0.154929958 -0.0152722567 -0.987798694 -0.154985476 -0.0152722567 -0.987798694 -0.154985476 -0.0152722567 -0.987798694 -0.154985476 -0.0153619703 -0.987780769 -0.155090821 -0.0153619703 -0.987780769 -0.155090821 -0.0153619703 -0.987780769 -0.155090821 0.00717851426 -0.987871889 -0.155105128 0.00717851426 -0.987871889 -0.155105128 0.00717851426 -0.987871889 -0.155105128 0.00951386834 -0.988263163 -0.152464447 0.00951386834 -0.988263163 -0.152464447 0.00951386834 -0.988263163 -0.152464447 0.0306172715 -0.987844554 -0.152399866 0.0306172715 -0.987844554 -0.152399866 0.0306172715 -0.987844554 -0.152399866 0.0319752729 -0.988035835 -0.15087336 0.0319752729 -0.988035835 -0.15087336 0.0319752729 -0.988035835 -0.15087336 0.0515818336 -0.987225341 -0.150749597 0.0515818336 -0.987225341 -0.150749597 0.0515818336 -0.987225341 -0.150749597 0.0522208096 -0.987299831 -0.150040098 0.0522208096 -0.987299831 -0.150040098 0.0522208096 -0.987299831 -0.150040098 0.0698599836 -0.98623332 -0.14987802 0.0698599836 -0.98623332 -0.14987802 0.0698599836 -0.98623332 -0.14987802 0.0726353874 -0.986489212 -0.146843912 0.0726353874 -0.986489212 -0.146843912 0.0726353874 -0.986489212 -0.146843912 0.0887613636 -0.9851978 -0.146651679 0.0887613636 -0.9851978 -0.146651679 0.0887613636 -0.9851978 -0.146651679 0.0906659736 -0.985325089 -0.144617253 0.0906659736 -0.985325089 -0.144617253 0.0906659736 -0.985325089 -0.144617253 0.104402399 -0.983993137 -0.144421761 0.104402399 -0.983993137 -0.144421761 0.104402399 -0.983993137 -0.144421761 0.107009481 -0.984104869 -0.141727123 0.107009481 -0.984104869 -0.141727123 0.107009481 -0.984104869 -0.141727123 0.127845559 -0.981666118 -0.141375903 0.127845559 -0.981666118 -0.141375903 0.127845559 -0.981666118 -0.141375903 0.128676382 -0.981677681 -0.14053939 0.128676382 -0.981677681 -0.14053939 0.128676382 -0.981677681 -0.14053939 0.174989499 -0.974633166 -0.13953088 0.174989499 -0.974633166 -0.13953088 0.174989499 -0.974633166 -0.13953088 0.172512821 -0.974697173 -0.142143407 0.172512821 -0.974697173 -0.142143407 0.172512821 -0.974697173 -0.142143407 0.211465 -0.967155248 -0.141043542 0.211465 -0.967155248 -0.141043542 0.211465 -0.967155248 -0.141043542 0.210532739 -0.967205524 -0.142089547 0.210532739 -0.967205524 -0.142089547 0.210532739 -0.967205524 -0.142089547 0.243365056 -0.959634742 -0.140977344 0.243365056 -0.959634742 -0.140977344 0.243365056 -0.959634742 -0.140977344 0.238764436 -0.95997997 -0.146389894 0.238764436 -0.95997997 -0.146389894 0.238764436 -0.95997997 -0.146389894 0.258937716 -0.954855711 -0.145608482 0.258937716 -0.954855711 -0.145608482 0.258937716 -0.954855711 -0.145608482 0.258897763 -0.95485921 -0.145656573 0.258897763 -0.95485921 -0.145656573 0.258897763 -0.95485921 -0.145656573 0.265889962 -0.952979608 -0.145369854 0.265889962 -0.952979608 -0.145369854 0.265889962 -0.952979608 -0.145369854 0.260055178 -0.953535855 -0.152120601 0.260055178 -0.953535855 -0.152120601 0.260055178 -0.953535855 -0.152120601 0.247152221 -0.95687652 -0.152653548 0.247152221 -0.95687652 -0.152653548 0.247152221 -0.95687652 -0.152653548 0.241548246 -0.957409683 -0.15818073 0.241548246 -0.957409683 -0.15818073 0.241548246 -0.957409683 -0.15818073 0.128382854 -0.978460182 -0.161658639 0.128382854 -0.978460182 -0.161658639 0.128382854 -0.978460182 -0.161658639 0.134015562 -0.97831319 -0.157933946 0.134015562 -0.97831319 -0.157933946 0.134015562 -0.97831319 -0.157933946 0.396502845 -0.906299799 -0.146308468 0.396502845 -0.906299799 -0.146308468 0.396502845 -0.906299799 -0.146308468 0.397192575 -0.906095184 -0.145703726 0.397192575 -0.906095184 -0.145703726 0.397192575 -0.906095184 -0.145703726 0.656092646 -0.745108361 -0.119816402 0.656092646 -0.745108361 -0.119816402 0.656092646 -0.745108361 -0.119816402 0.654249224 -0.74625271 -0.122738933 0.654249224 -0.74625271 -0.122738933 0.654249224 -0.74625271 -0.122738933 0.941666685 -0.332085214 -0.0546192786 0.941666685 -0.332085214 -0.0546192786 0.941666685 -0.332085214 -0.0546192786 -0.91514411 0.40066122 -0.0445179133 -0.91514411 0.40066122 -0.0445179133 -0.91514411 0.40066122 -0.0445179133 -0.579751729 0.809809693 -0.0899788547 -0.579751729 0.809809693 -0.0899788547 -0.579751729 0.809809693 -0.0899788547 -0.578651198 0.810446683 -0.0913179361 -0.578651198 0.810446683 -0.0913179361 -0.578651198 0.810446683 -0.0913179361 -0.330398031 0.937906689 -0.105679627 -0.330398031 0.937906689 -0.105679627 -0.330398031 0.937906689 -0.105679627 -0.32867295 0.938373999 -0.106903367 -0.32867295 0.938373999 -0.106903367 -0.32867295 0.938373999 -0.106903367 -0.101095116 0.988482838 -0.112611969 -0.101095116 0.988482838 -0.112611969 -0.101095116 0.988482838 -0.112611969 -0.107269077 0.988222765 -0.109128874 -0.107269077 0.988222765 -0.109128874 -0.107269077 0.988222765 -0.109128874 -0.234723866 0.96618877 -0.106695672 -0.234723866 0.96618877 -0.106695672 -0.234723866 0.96618877 -0.106695672 -0.227925261 0.96608175 -0.121392452 -0.227925261 0.96608175 -0.121392452 -0.227925261 0.96608175 -0.121392452 -0.24347731 0.962339143 -0.120922177 -0.24347731 0.962339143 -0.120922177 -0.24347731 0.962339143 -0.120922177 -0.240137139 0.962114082 -0.12911486 -0.240137139 0.962114082 -0.12911486 -0.240137139 0.962114082 -0.12911486 -0.241300652 0.961828081 -0.129076479 -0.241300652 0.961828081 -0.129076479 -0.241300652 0.961828081 -0.129076479 -0.23867702 0.961614743 -0.135389681 -0.23867702 0.961614743 -0.135389681 -0.23867702 0.961614743 -0.135389681 -0.229823707 0.963727179 -0.135687099 -0.229823707 0.963727179 -0.135687099 -0.229823707 0.963727179 -0.135687099 -0.225703857 0.963374418 -0.144801586 -0.225703857 0.963374418 -0.144801586 -0.225703857 0.963374418 -0.144801586 -0.208936271 0.967066246 -0.145356493 -0.208936271 0.967066246 -0.145356493 -0.208936271 0.967066246 -0.145356493 -0.207510609 0.966947565 -0.148161241 -0.207510609 0.966947565 -0.148161241 -0.207510609 0.966947565 -0.148161241 -0.179254187 0.972453334 -0.149004867 -0.179254187 0.972453334 -0.149004867 -0.179254187 0.972453334 -0.149004867 -0.178061787 0.972357504 -0.15104597 -0.178061787 0.972357504 -0.15104597 -0.178061787 0.972357504 -0.15104597 -0.13562819 0.979018118 -0.152080629 -0.13562819 0.979018118 -0.152080629 -0.13562819 0.979018118 -0.152080629 -0.135128075 0.978971241 -0.15282576 -0.135128075 0.978971241 -0.15282576 -0.135128075 0.978971241 -0.15282576 -0.106450647 0.982419326 -0.153364035 -0.106450647 0.982419326 -0.153364035 -0.106450647 0.982419326 -0.153364035 -0.104873454 0.982230625 -0.155642402 -0.104873454 0.982230625 -0.155642402 -0.104873454 0.982230625 -0.155642402 -0.0838233862 0.984201093 -0.155954638 -0.0838233862 0.984201093 -0.155954638 -0.0838233862 0.984201093 -0.155954638 -0.0842817337 0.98426479 -0.15530426 -0.0842817337 0.98426479 -0.15530426 -0.0842817337 0.98426479 -0.15530426 -0.0654263155 0.98566293 -0.155524869 -0.0654263155 0.98566293 -0.155524869 -0.0654263155 0.98566293 -0.155524869 -0.0652049704 0.985629291 -0.155830718 -0.0652049704 0.985629291 -0.155830718 -0.0652049704 0.985629291 -0.155830718 -0.0471866565 0.986631046 -0.155989098 -0.0471866565 0.986631046 -0.155989098 -0.0471866565 0.986631046 -0.155989098 -0.0472644815 0.986643649 -0.155885788 -0.0472644815 0.986643649 -0.155885788 -0.0472644815 0.986643649 -0.155885788 -0.0308067511 0.987278721 -0.155986126 -0.0308067511 0.987278721 -0.155986126 -0.0308067511 0.987278721 -0.155986126 -0.0316458408 0.987419111 -0.15492592 -0.0316458408 0.987419111 -0.15492592 -0.0316458408 0.987419111 -0.15492592 -0.0153622279 0.987797333 -0.154985263 -0.0153622279 0.987797333 -0.154985263 -0.0153622279 0.987797333 -0.154985263 -0.0152730096 0.987782115 -0.155091033 -0.0152730096 0.987782115 -0.155091033 -0.0152730096 0.987782115 -0.155091033 0.00950991658 0.98785267 -0.15510211 0.00950991658 0.98785267 -0.15510211 0.00950991658 0.98785267 -0.15510211 0.00719450362 0.988282313 -0.152467402 0.00719450362 0.988282313 -0.152467402 0.00719450362 0.988282313 -0.152467402 0.0319677303 0.987802769 -0.15239342 0.0319677303 0.987802769 -0.15239342 0.0319677303 0.987802769 -0.15239342 0.0306219805 0.988077726 -0.150879757 0.0306219805 0.988077726 -0.150879757 0.0306219805 0.988077726 -0.150879757 0.0522151488 0.987192805 -0.150744629 0.0522151488 0.987192805 -0.150744629 0.0522151488 0.987192805 -0.150744629 0.0515826726 0.98733262 -0.150045081 0.0515826726 0.98733262 -0.150045081 0.0515826726 0.98733262 -0.150045081 0.0726022903 0.986039708 -0.149848597 0.0726022903 0.986039708 -0.149848597 0.0726022903 0.986039708 -0.149848597 0.0698447073 0.986686355 -0.146873258 0.0698447073 0.986686355 -0.146873258 0.0698447073 0.986686355 -0.146873258 0.090638871 0.985030549 -0.146626782 0.090638871 0.985030549 -0.146626782 0.090638871 0.985030549 -0.146626782 0.0887401225 0.985496705 -0.144642441 0.0887401225 0.985496705 -0.144642441 0.0887401225 0.985496705 -0.144642441 0.106967995 0.983723355 -0.144382164 0.106967995 0.983723355 -0.144382164 0.106967995 0.983723355 -0.144382164 0.104349164 0.984384706 -0.141767424 0.104349164 0.984384706 -0.141767424 0.104349164 0.984384706 -0.141767424 0.128661182 0.981561718 -0.141360867 0.128661182 0.981561718 -0.141360867 0.128661182 0.981561718 -0.141360867 0.127817084 0.981787679 -0.140555138 0.127817084 0.981787679 -0.140555138 0.127817084 0.981787679 -0.140555138 0.172576109 0.975054754 -0.139591236 0.172576109 0.975054754 -0.139591236 0.172576109 0.975054754 -0.139591236 0.175126286 0.974240707 -0.142076839 0.175126286 0.974240707 -0.142076839 0.175126286 0.974240707 -0.142076839 0.210563704 0.967347779 -0.141071619 0.210563704 0.967347779 -0.141071619 0.210563704 0.967347779 -0.141071619 0.211536076 0.966991207 -0.142058063 0.211536076 0.966991207 -0.142058063 0.211536076 0.966991207 -0.142058063 0.238948627 0.960720533 -0.141136855 0.238948627 0.960720533 -0.141136855 0.238948627 0.960720533 -0.141136855 0.243785012 0.958746016 -0.146201725 0.243785012 0.958746016 -0.146201725 0.243785012 0.958746016 -0.146201725 0.258899556 0.954865823 -0.145610025 0.258899556 0.954865823 -0.145610025 0.258899556 0.954865823 -0.145610025 0.258941873 0.954847521 -0.14565479 0.258941873 0.954847521 -0.14565479 0.258941873 0.954847521 -0.14565479 0.260313486 0.954482984 -0.145599183 0.260313486 0.954482984 -0.145599183 0.260313486 0.954482984 -0.145599183 0.266448553 0.951813026 -0.151845753 0.266448553 0.951813026 -0.151845753 0.266448553 0.951813026 -0.151845753 0.241752863 0.958220711 -0.152867991 0.241752863 0.958220711 -0.152867991 0.241752863 0.958220711 -0.152867991 0.247575498 0.95590981 -0.157932925 0.247575498 0.95590981 -0.157932925 0.247575498 0.95590981 -0.157932925 0.133936393 0.977735259 -0.161538869 0.133936393 0.977735259 -0.161538869 0.133936393 0.977735259 -0.161538869 0.128284229 0.979061715 -0.158054784 0.128284229 0.979061715 -0.158054784 0.128284229 0.979061715 -0.158054784 0.397159428 0.906019567 -0.146263229 0.397159428 0.906019567 -0.146263229 0.397159428 0.906019567 -0.146263229 0.396456727 0.906409272 -0.145754232 0.396456727 0.906409272 -0.145754232 0.396456727 0.906409272 -0.145754232 0.654466788 0.746500867 -0.120040322 0.654466788 0.746500867 -0.120040322 0.654466788 0.746500867 -0.120040322 0.656376332 0.744431793 -0.12243944 0.656376332 0.744431793 -0.12243944 0.656376332 0.744431793 -0.12243944 0.941666685 0.332085214 -0.0546192786 0.941666685 0.332085214 -0.0546192786 0.941666685 0.332085214 -0.0546192786 0 -1 0 0 -1 0 0 -1 0 -0 1 -0 -0 1 -0 -0 1 -0 -0 -1 0 -0 -1 0 -0 -1 0 0 1 -0 0 1 -0 0 1 -0 -0 -1 -0 -0 -1 -0 -0 -1 -0 0 1 0 0 1 0 0 1 0 -0 -1 0 -0 -1 0 -0 -1 0 0 1 -0 0 1 -0 0 1 -0 0 -1 -0 0 -1 -0 0 -1 -0 0 1 0 0 1 0 0 1 0 0 -1 0 0 -1 0 0 -1 0 0 1 0 0 1 0 0 1 0 -0.871014368 0 -0.491257541 -0.871014368 0 -0.491257541 -0.871014368 0 -0.491257541 -0.871014368 0 -0.491257541 -0.871014368 0 -0.491257541 -0.871014368 0 -0.491257541 0.970156194 0 -0.242480843 0.970156194 0 -0.242480843 0.970156194 0 -0.242480843 0.970156194 0 -0.242480843 0.970156194 0 -0.242480843 0.970156194 0 -0.242480843 0.964728878 0 0.263245497 0.964728878 0 0.263245497 0.964728878 0 0.263245497 0.964728878 -0 0.263245497 0.964728878 -0 0.263245497 0.964728878 -0 0.263245497 0.992273757 0 -0.124067684 0.992273757 0 -0.124067684 0.992273757 0 -0.124067684 0.992273757 0 -0.124067684 0.992273757 0 -0.124067684 0.992273757 0 -0.124067684 -0.566905801 0 0.823782625 -0.566905801 0 0.823782625 -0.566905801 0 0.823782625 -0.566905801 0 0.823782625 -0.566905801 0 0.823782625 -0.566905801 0 0.823782625 -0.915991015 0 0.40119878 -0.915991015 0 0.40119878 -0.915991015 0 0.40119878 -0.915991015 0 0.40119878 -0.915991015 0 0.40119878 -0.915991015 0 0.40119878 -0 -0 1 -0 -0 1 -0 -0 1 0 0 -1 0 0 -1 0 0 -1 0 0 1 0 0 1 0 0 1 0 0 -1 0 0 -1 0 0 -1 0 0 1 0 0 1 0 0 1 -0 -0 -1 -0 -0 -1 -0 -0 -1 0 0 1 0 0 1 0 0 1 -0 -0 -1 -0 -0 -1 -0 -0 -1 -0.84804622 -0.529922266 0 -0.84804622 -0.529922266 0 -0.84804622 -0.529922266 0 -0.84804622 -0.529922266 -0 -0.84804622 -0.529922266 -0 -0.84804622 -0.529922266 -0 0.668876205 -0.743373811 0 0.668876205 -0.743373811 0 0.668876205 -0.743373811 0 0.668876205 -0.743373811 0 0.668876205 -0.743373811 0 0.668876205 -0.743373811 0 0.82999375 0.557772691 0 0.82999375 0.557772691 0 0.82999375 0.557772691 0 0.82999375 0.557772691 0 0.82999375 0.557772691 0 0.82999375 0.557772691 0 0.467887759 0.883787896 0 0.467887759 0.883787896 0 0.467887759 0.883787896 0 0.467887759 0.883787896 0 0.467887759 0.883787896 0 0.467887759 0.883787896 0 -0 0 1 -0 0 1 -0 0 1 0 -0 -1 0 -0 -1 0 -0 -1 0 0 1 0 0 1 0 0 1 -0 0 -1 -0 0 -1 -0 0 -1 0 -0 1 0 -0 1 0 -0 1 -0 0 -1 -0 0 -1 -0 0 -1 0 -0 1 0 -0 1 0 -0 1 0 0 -1 0 0 -1 0 0 -1 -0.84804622 0.529922266 0 -0.84804622 0.529922266 0 -0.84804622 0.529922266 0 -0.84804622 0.529922266 0 -0.84804622 0.529922266 0 -0.84804622 0.529922266 0 0.668876205 0.743373811 0 0.668876205 0.743373811 0 0.668876205 0.743373811 0 0.668876205 0.743373811 -0 0.668876205 0.743373811 -0 0.668876205 0.743373811 -0 0.82999375 -0.557772691 0 0.82999375 -0.557772691 0 0.82999375 -0.557772691 0 0.82999375 -0.557772691 0 0.82999375 -0.557772691 0 0.82999375 -0.557772691 0 0.467887759 -0.883787896 0 0.467887759 -0.883787896 0 0.467887759 -0.883787896 0 0.467887759 -0.883787896 0 0.467887759 -0.883787896 0 0.467887759 -0.883787896 0 0 -1 0 0 -1 0 0 -1 0 -0 1 -0 -0 1 -0 -0 1 -0 -0 -1 0 -0 -1 0 -0 -1 0 0 1 -0 0 1 -0 0 1 -0 0 -1 -0 0 -1 -0 0 -1 -0 0 1 0 0 1 0 0 1 0 -0.754646094 0 -0.656132055 -0.754646094 0 -0.656132055 -0.754646094 0 -0.656132055 -0.754646094 0 -0.656132055 -0.754646094 0 -0.656132055 -0.754646094 0 -0.656132055 0.917255763 0 -0.398298714 0.917255763 0 -0.398298714 0.917255763 0 -0.398298714 0.917255763 0 -0.398298714 0.917255763 0 -0.398298714 0.917255763 0 -0.398298714 0 -0 1 0 -0 1 0 -0 1 0 0 1 0 0 1 0 0 1 0.0293499291 0.0185979692 0.999396166 0.0293499291 0.0185979692 0.999396166 0.0293499291 0.0185979692 0.999396166 0.0952880868 0.0603805516 0.993616812 0.0952880868 0.0603805516 0.993616812 0.0952880868 0.0603805516 0.993616812 0.0954701784 0.0603488833 0.993601257 0.0954701784 0.0603488833 0.993601257 0.0954701784 0.0603488833 0.993601257 0.181518817 0.114742196 0.97667044 0.181518817 0.114742196 0.97667044 0.181518817 0.114742196 0.97667044 0.181191681 0.114868535 0.976716333 0.181191681 0.114868535 0.976716333 0.181191681 0.114868535 0.976716333 0.336439681 0.213289776 0.917232693 0.336439681 0.213289776 0.917232693 0.336439681 0.213289776 0.917232693 0.336530768 0.213172037 0.917226649 0.336530768 0.213172037 0.917226649 0.336530768 0.213172037 0.917226649 0.687031249 0.435193048 0.581889229 0.687031249 0.435193048 0.581889229 0.687031249 0.435193048 0.581889229 0.686961435 0.434865519 0.582216426 0.686961435 0.434865519 0.582216426 0.686961435 0.434865519 0.582216426 0.687252676 0.435049883 -0.581734784 0.687252676 0.435049883 -0.581734784 0.687252676 0.435049883 -0.581734784 0.686725141 0.434999147 -0.582395333 0.686725141 0.434999147 -0.582395333 0.686725141 0.434999147 -0.582395333 0.336662586 0.213255536 -0.917158863 0.336662586 0.213255536 -0.917158863 0.336662586 0.213255536 -0.917158863 0.336285354 0.213191939 -0.917312028 0.336285354 0.213191939 -0.917312028 0.336285354 0.213191939 -0.917312028 0.183066379 0.116057021 -0.976226136 0.183066379 0.116057021 -0.976226136 0.183066379 0.116057021 -0.976226136 0.183714795 0.116130323 -0.976095601 0.183714795 0.116130323 -0.976095601 0.183714795 0.116130323 -0.976095601 0.0954953436 0.0603647908 -0.993597872 0.0954953436 0.0603647908 -0.993597872 0.0954953436 0.0603647908 -0.993597872 0.0952402177 0.0603502188 -0.993623245 0.0952402177 0.0603502188 -0.993623245 0.0952402177 0.0603502188 -0.993623245 0.0293499762 0.0185979991 -0.999396164 0.0293499762 0.0185979991 -0.999396164 0.0293499762 0.0185979991 -0.999396164 0.0823922047 0.0148480401 0.996489368 0.0823922047 0.0148480401 0.996489368 0.0823922047 0.0148480401 0.996489368 0.26033862 0.0469160678 0.964376838 0.26033862 0.0469160678 0.964376838 0.26033862 0.0469160678 0.964376838 0.260423659 0.046866814 0.964356272 0.260423659 0.046866814 0.964356272 0.260423659 0.046866814 0.964356272 0.460469835 0.0828678705 0.883798873 0.460469835 0.0828678705 0.883798873 0.460469835 0.0828678705 0.883798873 0.460562719 0.0831465822 0.883724294 0.460562719 0.0831465822 0.883724294 0.460562719 0.0831465822 0.883724294 0.711307559 0.128414199 0.691050902 0.711307559 0.128414199 0.691050902 0.711307559 0.128414199 0.691050902 0.712144792 0.128998477 0.690079118 0.712144792 0.128998477 0.690079118 0.712144792 0.128998477 0.690079118 0.941535658 0.170550522 0.290556578 0.941535658 0.170550522 0.290556578 0.941535658 0.170550522 0.290556578 0.942974653 0.171730198 0.285144774 0.942974653 0.171730198 0.285144774 0.942974653 0.171730198 0.285144774 0.941177781 0.17140296 -0.291213684 0.941177781 0.17140296 -0.291213684 0.941177781 0.17140296 -0.291213684 0.943420979 0.17089203 -0.284170319 0.943420979 0.17089203 -0.284170319 0.943420979 0.17089203 -0.284170319 0.710696746 0.128736177 -0.69161921 0.710696746 0.128736177 -0.69161921 0.710696746 0.128736177 -0.69161921 0.71301122 0.128721765 -0.689235597 0.71301122 0.128721765 -0.689235597 0.71301122 0.128721765 -0.689235597 0.464058896 0.0837777561 -0.881833674 0.464058896 0.0837777561 -0.881833674 0.464058896 0.0837777561 -0.881833674 0.465561216 0.0837841345 -0.881040846 0.465561216 0.0837841345 -0.881040846 0.465561216 0.0837841345 -0.881040846 0.260505645 0.0468815685 -0.964333411 0.260505645 0.0468815685 -0.964333411 0.260505645 0.0468815685 -0.964333411 0.260182706 0.0468879703 -0.964420281 0.260182706 0.0468879703 -0.964420281 0.260182706 0.0468879703 -0.964420281 0.0823923361 0.0148480638 -0.996489357 0.0823923361 0.0148480638 -0.996489357 0.0823923361 0.0148480638 -0.996489357 0.117876583 0.00833763769 0.99299325 0.117876583 0.00833763769 0.99299325 0.117876583 0.00833763769 0.99299325 0.361238191 0.0255510728 0.932123442 0.361238191 0.0255510728 0.932123442 0.361238191 0.0255510728 0.932123442 0.361181249 0.0255005016 0.932146893 0.361181249 0.0255005016 0.932146893 0.361181249 0.0255005016 0.932146893 0.599992331 0.042361295 0.798883423 0.599992331 0.042361295 0.798883423 0.599992331 0.042361295 0.798883423 0.598684288 0.0418853737 0.799889204 0.598684288 0.0418853737 0.799889204 0.598684288 0.0418853737 0.799889204 0.828505706 0.0579642256 0.556972569 0.828505706 0.0579642256 0.556972569 0.828505706 0.0579642256 0.556972569 0.827914085 0.0577768781 0.557871043 0.827914085 0.0577768781 0.557871043 0.827914085 0.0577768781 0.557871043 0.976213835 0.0681261363 0.205828517 0.976213835 0.0681261363 0.205828517 0.976213835 0.0681261363 0.205828517 0.975404523 0.0676624555 0.20978038 0.975404523 0.0676624555 0.20978038 0.975404523 0.0676624555 0.20978038 0.976265218 0.0677221607 -0.205718093 0.976265218 0.0677221607 -0.205718093 0.976265218 0.0677221607 -0.205718093 0.975307804 0.0680629079 -0.210100282 0.975307804 0.0680629079 -0.210100282 0.975307804 0.0680629079 -0.210100282 0.828577094 0.0578231469 -0.556881032 0.828577094 0.0578231469 -0.556881032 0.828577094 0.0578231469 -0.556881032 0.827725957 0.0579096725 -0.558136373 0.827725957 0.0579096725 -0.558136373 0.827725957 0.0579096725 -0.558136373 0.604775748 0.0423115467 -0.79527104 0.604775748 0.0423115467 -0.79527104 0.604775748 0.0423115467 -0.79527104 0.602128681 0.0425121278 -0.797266436 0.602128681 0.0425121278 -0.797266436 0.602128681 0.0425121278 -0.797266436 0.361296009 0.0255086041 -0.932102196 0.361296009 0.0255086041 -0.932102196 0.361296009 0.0255086041 -0.932102196 0.361020269 0.0255356587 -0.93220829 0.361020269 0.0255356587 -0.93220829 0.361020269 0.0255356587 -0.93220829 0.11787677 0.0083376509 -0.992993228 0.11787677 0.0083376509 -0.992993228 0.11787677 0.0083376509 -0.992993228 0.130810694 -0 0.991407364 0.130810694 -0 0.991407364 0.130810694 -0 0.991407364 0.395624053 0 0.918412548 0.395624053 0 0.918412548 0.395624053 0 0.918412548 0.395624053 -0 0.918412548 0.395624053 -0 0.918412548 0.395624053 -0 0.918412548 0.640917927 0 0.767609413 0.640917927 0 0.767609413 0.640917927 0 0.767609413 0.640917927 -0 0.767609413 0.640917927 -0 0.767609413 0.640917927 -0 0.767609413 0.855407096 0 0.517956273 0.855407096 0 0.517956273 0.855407096 0 0.517956273 0.855407096 -0 0.517956273 0.855407096 -0 0.517956273 0.855407096 -0 0.517956273 0.982409878 0 0.186737333 0.982409878 0 0.186737333 0.982409878 0 0.186737333 0.982409878 -0 0.186737333 0.982409878 -0 0.186737333 0.982409878 -0 0.186737333 0.982409878 0 -0.186737333 0.982409878 0 -0.186737333 0.982409878 0 -0.186737333 0.982409878 0 -0.186737333 0.982409878 0 -0.186737333 0.982409878 0 -0.186737333 0.85540716 0 -0.517956167 0.85540716 0 -0.517956167 0.85540716 0 -0.517956167 0.85540716 0 -0.517956167 0.85540716 0 -0.517956167 0.85540716 0 -0.517956167 0.645277675 0 -0.763948115 0.645277675 0 -0.763948115 0.645277675 0 -0.763948115 0.645277675 0 -0.763948115 0.645277675 0 -0.763948115 0.645277675 0 -0.763948115 0.395624053 0 -0.918412548 0.395624053 0 -0.918412548 0.395624053 0 -0.918412548 0.395624053 0 -0.918412548 0.395624053 0 -0.918412548 0.395624053 0 -0.918412548 0.1308109 0 -0.991407337 0.1308109 0 -0.991407337 0.1308109 0 -0.991407337 0.117876583 -0.00833763769 0.99299325 0.117876583 -0.00833763769 0.99299325 0.117876583 -0.00833763769 0.99299325 0.361020269 -0.0255356587 0.93220829 0.361020269 -0.0255356587 0.93220829 0.361020269 -0.0255356587 0.93220829 0.361296009 -0.0255086041 0.932102196 0.361296009 -0.0255086041 0.932102196 0.361296009 -0.0255086041 0.932102196 0.597701858 -0.0421995805 0.800607072 0.597701858 -0.0421995805 0.800607072 0.597701858 -0.0421995805 0.800607072 0.600351449 -0.0420020123 0.798632562 0.600351449 -0.0420020123 0.798632562 0.600351449 -0.0420020123 0.798632562 0.827725884 -0.0579096674 0.55813648 0.827725884 -0.0579096674 0.55813648 0.827725884 -0.0579096674 0.55813648 0.828577022 -0.0578231419 0.556881139 0.828577022 -0.0578231419 0.556881139 0.828577022 -0.0578231419 0.556881139 0.975307804 -0.0680629079 0.210100282 0.975307804 -0.0680629079 0.210100282 0.975307804 -0.0680629079 0.210100282 0.976265218 -0.0677221607 0.205718093 0.976265218 -0.0677221607 0.205718093 0.976265218 -0.0677221607 0.205718093 0.975404523 -0.0676624555 -0.20978038 0.975404523 -0.0676624555 -0.20978038 0.975404523 -0.0676624555 -0.20978038 0.976213835 -0.0681261363 -0.205828517 0.976213835 -0.0681261363 -0.205828517 0.976213835 -0.0681261363 -0.205828517 0.827914157 -0.0577768832 -0.557870936 0.827914157 -0.0577768832 -0.557870936 0.827914157 -0.0577768832 -0.557870936 0.828505778 -0.0579642307 -0.556972462 0.828505778 -0.0579642307 -0.556972462 0.828505778 -0.0579642307 -0.556972462 0.603110351 -0.0421950316 -0.796540949 0.603110351 -0.0421950316 -0.796540949 0.603110351 -0.0421950316 -0.796540949 0.604416793 -0.0426736755 -0.795524543 0.604416793 -0.0426736755 -0.795524543 0.604416793 -0.0426736755 -0.795524543 0.361181249 -0.0255005016 -0.932146893 0.361181249 -0.0255005016 -0.932146893 0.361181249 -0.0255005016 -0.932146893 0.361238191 -0.0255510728 -0.932123442 0.361238191 -0.0255510728 -0.932123442 0.361238191 -0.0255510728 -0.932123442 0.11787677 -0.0083376509 -0.992993228 0.11787677 -0.0083376509 -0.992993228 0.11787677 -0.0083376509 -0.992993228 0.0823922047 -0.0148480401 0.996489368 0.0823922047 -0.0148480401 0.996489368 0.0823922047 -0.0148480401 0.996489368 0.260182706 -0.0468879703 0.964420281 0.260182706 -0.0468879703 0.964420281 0.260182706 -0.0468879703 0.964420281 0.260505645 -0.0468815685 0.964333411 0.260505645 -0.0468815685 0.964333411 0.260505645 -0.0468815685 0.964333411 0.461391471 -0.0830337316 0.883302502 0.461391471 -0.0830337316 0.883302502 0.461391471 -0.0830337316 0.883302502 0.459895223 -0.0830260774 0.884083171 0.459895223 -0.0830260774 0.884083171 0.459895223 -0.0830260774 0.884083171 0.713011125 -0.128721748 0.689235698 0.713011125 -0.128721748 0.689235698 0.713011125 -0.128721748 0.689235698 0.710696651 -0.12873616 0.691619311 0.710696651 -0.12873616 0.691619311 0.710696651 -0.12873616 0.691619311 0.943420979 -0.17089203 0.284170319 0.943420979 -0.17089203 0.284170319 0.943420979 -0.17089203 0.284170319 0.941177781 -0.17140296 0.291213684 0.941177781 -0.17140296 0.291213684 0.941177781 -0.17140296 0.291213684 0.942974653 -0.171730198 -0.285144774 0.942974653 -0.171730198 -0.285144774 0.942974653 -0.171730198 -0.285144774 0.941535658 -0.170550522 -0.290556578 0.941535658 -0.170550522 -0.290556578 0.941535658 -0.170550522 -0.290556578 0.712144887 -0.128998494 -0.690079017 0.712144887 -0.128998494 -0.690079017 0.712144887 -0.128998494 -0.690079017 0.711307654 -0.128414216 -0.691050801 0.711307654 -0.128414216 -0.691050801 0.711307654 -0.128414216 -0.691050801 0.464729005 -0.0838987326 -0.881469202 0.464729005 -0.0838987326 -0.881469202 0.464729005 -0.0838987326 -0.881469202 0.464635993 -0.0836176279 -0.881544943 0.464635993 -0.0836176279 -0.881544943 0.464635993 -0.0836176279 -0.881544943 0.260423659 -0.046866814 -0.964356272 0.260423659 -0.046866814 -0.964356272 0.260423659 -0.046866814 -0.964356272 0.26033862 -0.0469160678 -0.964376838 0.26033862 -0.0469160678 -0.964376838 0.26033862 -0.0469160678 -0.964376838 0.0823923361 -0.0148480638 -0.996489357 0.0823923361 -0.0148480638 -0.996489357 0.0823923361 -0.0148480638 -0.996489357 0.0293499291 -0.0185979692 0.999396166 0.0293499291 -0.0185979692 0.999396166 0.0293499291 -0.0185979692 0.999396166 0.0952402177 -0.0603502188 0.993623245 0.0952402177 -0.0603502188 0.993623245 0.0952402177 -0.0603502188 0.993623245 0.0954953436 -0.0603647908 0.993597872 0.0954953436 -0.0603647908 0.993597872 0.0954953436 -0.0603647908 0.993597872 0.181701307 -0.114857552 0.976622946 0.181701307 -0.114857552 0.976622946 0.181701307 -0.114857552 0.976622946 0.18105947 -0.114784718 0.976750704 0.18105947 -0.114784718 0.976750704 0.18105947 -0.114784718 0.976750704 0.336285275 -0.213191889 0.917312069 0.336285275 -0.213191889 0.917312069 0.336285275 -0.213191889 0.917312069 0.336662507 -0.213255486 0.917158903 0.336662507 -0.213255486 0.917158903 0.336662507 -0.213255486 0.917158903 0.686725141 -0.434999147 0.582395333 0.686725141 -0.434999147 0.582395333 0.686725141 -0.434999147 0.582395333 0.687252676 -0.435049883 0.581734784 0.687252676 -0.435049883 0.581734784 0.687252676 -0.435049883 0.581734784 0.686961435 -0.434865519 -0.582216426 0.686961435 -0.434865519 -0.582216426 0.686961435 -0.434865519 -0.582216426 0.687031249 -0.435193048 -0.581889229 0.687031249 -0.435193048 -0.581889229 0.687031249 -0.435193048 -0.581889229 0.336530847 -0.213172087 -0.917226608 0.336530847 -0.213172087 -0.917226608 0.336530847 -0.213172087 -0.917226608 0.33643976 -0.213289827 -0.917232652 0.33643976 -0.213289827 -0.917232652 0.33643976 -0.213289827 -0.917232652 0.183199912 -0.116141676 -0.976191018 0.183199912 -0.116141676 -0.976191018 0.183199912 -0.116141676 -0.976191018 0.183530481 -0.116013815 -0.976144127 0.183530481 -0.116013815 -0.976144127 0.183530481 -0.116013815 -0.976144127 0.0954701784 -0.0603488833 -0.993601257 0.0954701784 -0.0603488833 -0.993601257 0.0954701784 -0.0603488833 -0.993601257 0.0952880868 -0.0603805516 -0.993616812 0.0952880868 -0.0603805516 -0.993616812 0.0952880868 -0.0603805516 -0.993616812 0.0293499762 -0.0185979991 -0.999396164 0.0293499762 -0.0185979991 -0.999396164 0.0293499762 -0.0185979991 -0.999396164 -0.0293499291 -0.0185979692 0.999396166 -0.0293499291 -0.0185979692 0.999396166 -0.0293499291 -0.0185979692 0.999396166 -0.0952880081 -0.0603805018 0.993616823 -0.0952880081 -0.0603805018 0.993616823 -0.0952880081 -0.0603805018 0.993616823 -0.0954697998 -0.0603488855 0.993601293 -0.0954697998 -0.0603488855 0.993601293 -0.0954697998 -0.0603488855 0.993601293 -0.181518183 -0.114742254 0.97667055 -0.181518183 -0.114742254 0.97667055 -0.181518183 -0.114742254 0.97667055 -0.181191172 -0.114868546 0.976716426 -0.181191172 -0.114868546 0.976716426 -0.181191172 -0.114868546 0.976716426 -0.335488859 -0.21268761 0.917720658 -0.335488859 -0.21268761 0.917720658 -0.335488859 -0.21268761 0.917720658 -0.335021627 -0.21329382 0.91775065 -0.335021627 -0.21329382 0.91775065 -0.335021627 -0.21329382 0.91775065 -0.68530784 -0.436305943 0.583086862 -0.68530784 -0.436305943 0.583086862 -0.68530784 -0.436305943 0.583086862 -0.685211438 -0.435853106 0.58353865 -0.685211438 -0.435853106 0.58353865 -0.685211438 -0.435853106 0.58353865 -0.685613752 -0.436109013 -0.582874525 -0.685613752 -0.436109013 -0.582874525 -0.685613752 -0.436109013 -0.582874525 -0.684885052 -0.436036772 -0.583784549 -0.684885052 -0.436036772 -0.583784549 -0.684885052 -0.436036772 -0.583784549 -0.334348369 -0.212865185 -0.918095627 -0.334348369 -0.212865185 -0.918095627 -0.334348369 -0.212865185 -0.918095627 -0.336284488 -0.213192009 -0.91731233 -0.336284488 -0.213192009 -0.91731233 -0.336284488 -0.213192009 -0.91731233 -0.183065915 -0.116057064 -0.976226218 -0.183065915 -0.116057064 -0.976226218 -0.183065915 -0.116057064 -0.976226218 -0.183714084 -0.116130339 -0.976095733 -0.183714084 -0.116130339 -0.976095733 -0.183714084 -0.116130339 -0.976095733 -0.0954949235 -0.0603647668 -0.993597914 -0.0954949235 -0.0603647668 -0.993597914 -0.0954949235 -0.0603647668 -0.993597914 -0.0952402177 -0.0603502188 -0.993623245 -0.0952402177 -0.0603502188 -0.993623245 -0.0952402177 -0.0603502188 -0.993623245 -0.0293499762 -0.0185979991 -0.999396164 -0.0293499762 -0.0185979991 -0.999396164 -0.0293499762 -0.0185979991 -0.999396164 -0.0812504483 -0.0149293776 0.996581897 -0.0812504483 -0.0149293776 0.996581897 -0.0812504483 -0.0149293776 0.996581897 -0.25798085 -0.0474027355 0.964986457 -0.25798085 -0.0474027355 0.964986457 -0.25798085 -0.0474027355 0.964986457 -0.258631635 -0.0470239018 0.964830778 -0.258631635 -0.0470239018 0.964830778 -0.258631635 -0.0470239018 0.964830778 -0.458601299 -0.0833819976 0.88472159 -0.458601299 -0.0833819976 0.88472159 -0.458601299 -0.0833819976 0.88472159 -0.458611198 -0.0834118147 0.884713648 -0.458611198 -0.0834118147 0.884713648 -0.458611198 -0.0834118147 0.884713648 -0.709955668 -0.129126133 0.692307295 -0.709955668 -0.129126133 0.692307295 -0.709955668 -0.129126133 0.692307295 -0.708941471 -0.128417828 0.693477363 -0.708941471 -0.128417828 0.693477363 -0.708941471 -0.128417828 0.693477363 -0.94364205 -0.170931547 0.283411517 -0.94364205 -0.170931547 0.283411517 -0.94364205 -0.170931547 0.283411517 -0.94347474 -0.170792934 0.284051384 -0.94347474 -0.170792934 0.284051384 -0.94347474 -0.170792934 0.284051384 -0.943683758 -0.170830772 -0.283333395 -0.943683758 -0.170830772 -0.283333395 -0.943683758 -0.170830772 -0.283333395 -0.943422256 -0.170891734 -0.284166259 -0.943422256 -0.170891734 -0.284166259 -0.943422256 -0.170891734 -0.284166259 -0.710697308 -0.128735881 -0.691618688 -0.710697308 -0.128735881 -0.691618688 -0.710697308 -0.128735881 -0.691618688 -0.70789519 -0.128751375 -0.694483609 -0.70789519 -0.128751375 -0.694483609 -0.70789519 -0.128751375 -0.694483609 -0.462697732 -0.08415507 -0.882512738 -0.462697732 -0.08415507 -0.882512738 -0.462697732 -0.08415507 -0.882512738 -0.462857854 -0.0841559162 -0.882428688 -0.462857854 -0.0841559162 -0.882428688 -0.462857854 -0.0841559162 -0.882428688 -0.259261631 -0.0471384463 -0.964656091 -0.259261631 -0.0471384463 -0.964656091 -0.259261631 -0.0471384463 -0.964656091 -0.256794872 -0.0471848177 -0.965313414 -0.256794872 -0.0471848177 -0.965313414 -0.256794872 -0.0471848177 -0.965313414 -0.0812505779 -0.0149294014 -0.996581887 -0.0812505779 -0.0149294014 -0.996581887 -0.0812505779 -0.0149294014 -0.996581887 -0.118280277 -0.00807771205 0.992947394 -0.118280277 -0.00807771205 0.992947394 -0.118280277 -0.00807771205 0.992947394 -0.362335281 -0.0247449545 0.931719288 -0.362335281 -0.0247449545 0.931719288 -0.362335281 -0.0247449545 0.931719288 -0.36279207 -0.0251485296 0.931530711 -0.36279207 -0.0251485296 0.931530711 -0.36279207 -0.0251485296 0.931530711 -0.597373922 -0.0414096035 0.800893028 -0.597373922 -0.0414096035 0.800893028 -0.597373922 -0.0414096035 0.800893028 -0.598683589 -0.0418855975 0.799889716 -0.598683589 -0.0418855975 0.799889716 -0.598683589 -0.0418855975 0.799889716 -0.828507235 -0.0579647099 0.556970245 -0.828507235 -0.0579647099 0.556970245 -0.828507235 -0.0579647099 0.556970245 -0.827914085 -0.0577768781 0.557871043 -0.827914085 -0.0577768781 0.557871043 -0.827914085 -0.0577768781 0.557871043 -0.976213835 -0.0681261363 0.205828517 -0.976213835 -0.0681261363 0.205828517 -0.976213835 -0.0681261363 0.205828517 -0.976854734 -0.0684992264 0.202639297 -0.976854734 -0.0684992264 0.202639297 -0.976854734 -0.0684992264 0.202639297 -0.976172339 -0.0684513754 -0.205917395 -0.976172339 -0.0684513754 -0.205917395 -0.976172339 -0.0684513754 -0.205917395 -0.976931015 -0.0681761855 -0.202380332 -0.976931015 -0.0681761855 -0.202380332 -0.976931015 -0.0681761855 -0.202380332 -0.828578806 -0.0578232665 -0.556878471 -0.828578806 -0.0578232665 -0.556878471 -0.828578806 -0.0578232665 -0.556878471 -0.82772547 -0.0579100155 -0.558137058 -0.82772547 -0.0579100155 -0.558137058 -0.82772547 -0.0579100155 -0.558137058 -0.601443703 -0.0420787029 -0.797806277 -0.601443703 -0.0420787029 -0.797806277 -0.601443703 -0.0420787029 -0.797806277 -0.604097772 -0.0418756968 -0.795809216 -0.604097772 -0.0418756968 -0.795809216 -0.604097772 -0.0418756968 -0.795809216 -0.361872851 -0.0250848099 -0.931889903 -0.361872851 -0.0250848099 -0.931889903 -0.361872851 -0.0250848099 -0.931889903 -0.364089654 -0.0248647658 -0.931031937 -0.364089654 -0.0248647658 -0.931031937 -0.364089654 -0.0248647658 -0.931031937 -0.118280464 -0.00807772484 -0.992947371 -0.118280464 -0.00807772484 -0.992947371 -0.118280464 -0.00807772484 -0.992947371 -0.130810694 0 0.991407364 -0.130810694 0 0.991407364 -0.130810694 0 0.991407364 -0.395624053 0 0.918412548 -0.395624053 0 0.918412548 -0.395624053 0 0.918412548 -0.395624053 0 0.918412548 -0.395624053 0 0.918412548 -0.395624053 0 0.918412548 -0.637263471 0 0.770646007 -0.637263471 0 0.770646007 -0.637263471 0 0.770646007 -0.637263471 0 0.770646007 -0.637263471 0 0.770646007 -0.637263471 0 0.770646007 -0.855408793 0 0.517953469 -0.855408793 0 0.517953469 -0.855408793 0 0.517953469 -0.855408793 0 0.517953469 -0.855408793 0 0.517953469 -0.855408793 0 0.517953469 -0.982409878 0 0.186737333 -0.982409878 0 0.186737333 -0.982409878 0 0.186737333 -0.982409878 0 0.186737333 -0.982409878 0 0.186737333 -0.982409878 0 0.186737333 -0.982409878 0 -0.186737333 -0.982409878 0 -0.186737333 -0.982409878 0 -0.186737333 -0.982409878 -0 -0.186737333 -0.982409878 -0 -0.186737333 -0.982409878 -0 -0.186737333 -0.855408858 0 -0.517953363 -0.855408858 0 -0.517953363 -0.855408858 0 -0.517953363 -0.855408858 -0 -0.517953363 -0.855408858 -0 -0.517953363 -0.855408858 -0 -0.517953363 -0.64163308 0 -0.767011728 -0.64163308 0 -0.767011728 -0.64163308 0 -0.767011728 -0.64163308 -0 -0.767011728 -0.64163308 -0 -0.767011728 -0.64163308 -0 -0.767011728 -0.395624053 0 -0.918412548 -0.395624053 0 -0.918412548 -0.395624053 0 -0.918412548 -0.395624053 -0 -0.918412548 -0.395624053 -0 -0.918412548 -0.395624053 -0 -0.918412548 -0.1308109 0 -0.991407337 -0.1308109 0 -0.991407337 -0.1308109 0 -0.991407337 -0.118280277 0.00807771205 0.992947394 -0.118280277 0.00807771205 0.992947394 -0.118280277 0.00807771205 0.992947394 -0.364089654 0.0248647658 0.931031937 -0.364089654 0.0248647658 0.931031937 -0.364089654 0.0248647658 0.931031937 -0.361872851 0.0250848099 0.931889903 -0.361872851 0.0250848099 0.931889903 -0.361872851 0.0250848099 0.931889903 -0.599672515 0.0415689406 0.799165125 -0.599672515 0.0415689406 0.799165125 -0.599672515 0.0415689406 0.799165125 -0.597015992 0.0417689277 0.801141225 -0.597015992 0.0417689277 0.801141225 -0.597015992 0.0417689277 0.801141225 -0.827725398 0.0579100104 0.558137166 -0.827725398 0.0579100104 0.558137166 -0.827725398 0.0579100104 0.558137166 -0.828578734 0.0578232614 0.556878579 -0.828578734 0.0578232614 0.556878579 -0.828578734 0.0578232614 0.556878579 -0.976931015 0.0681761855 0.202380332 -0.976931015 0.0681761855 0.202380332 -0.976931015 0.0681761855 0.202380332 -0.976172339 0.0684513754 0.205917395 -0.976172339 0.0684513754 0.205917395 -0.976172339 0.0684513754 0.205917395 -0.976854734 0.0684992264 -0.202639297 -0.976854734 0.0684992264 -0.202639297 -0.976854734 0.0684992264 -0.202639297 -0.976213835 0.0681261363 -0.205828517 -0.976213835 0.0681261363 -0.205828517 -0.976213835 0.0681261363 -0.205828517 -0.827914157 0.0577768832 -0.557870936 -0.827914157 0.0577768832 -0.557870936 -0.827914157 0.0577768832 -0.557870936 -0.828507307 0.0579647149 -0.556970138 -0.828507307 0.0579647149 -0.556970138 -0.828507307 0.0579647149 -0.556970138 -0.603109652 0.0421952574 -0.796541467 -0.603109652 0.0421952574 -0.796541467 -0.603109652 0.0421952574 -0.796541467 -0.601801512 0.0417165214 -0.797555435 -0.601801512 0.0417165214 -0.797555435 -0.601801512 0.0417165214 -0.797555435 -0.36279207 0.0251485296 -0.931530711 -0.36279207 0.0251485296 -0.931530711 -0.36279207 0.0251485296 -0.931530711 -0.362335281 0.0247449545 -0.931719288 -0.362335281 0.0247449545 -0.931719288 -0.362335281 0.0247449545 -0.931719288 -0.118280464 0.00807772484 -0.992947371 -0.118280464 0.00807772484 -0.992947371 -0.118280464 0.00807772484 -0.992947371 -0.0812504483 0.0149293776 0.996581897 -0.0812504483 0.0149293776 0.996581897 -0.0812504483 0.0149293776 0.996581897 -0.256794872 0.0471848177 0.965313414 -0.256794872 0.0471848177 0.965313414 -0.256794872 0.0471848177 0.965313414 -0.259261631 0.0471384463 0.964656091 -0.259261631 0.0471384463 0.964656091 -0.259261631 0.0471384463 0.964656091 -0.458699426 0.0833998389 0.884669036 -0.458699426 0.0833998389 0.884669036 -0.458699426 0.0833998389 0.884669036 -0.458539961 0.0833988582 0.884751793 -0.458539961 0.0833988582 0.884751793 -0.458539961 0.0833988582 0.884751793 -0.707895095 0.128751358 0.69448371 -0.707895095 0.128751358 0.69448371 -0.707895095 0.128751358 0.69448371 -0.710697213 0.128735864 0.691618789 -0.710697213 0.128735864 0.691618789 -0.710697213 0.128735864 0.691618789 -0.943422256 0.170891734 0.284166259 -0.943422256 0.170891734 0.284166259 -0.943422256 0.170891734 0.284166259 -0.943683758 0.170830772 0.283333395 -0.943683758 0.170830772 0.283333395 -0.943683758 0.170830772 0.283333395 -0.94347474 0.170792934 -0.284051384 -0.94347474 0.170792934 -0.284051384 -0.94347474 0.170792934 -0.284051384 -0.94364205 0.170931547 -0.283411517 -0.94364205 0.170931547 -0.283411517 -0.94364205 0.170931547 -0.283411517 -0.708941566 0.128417845 -0.693477262 -0.708941566 0.128417845 -0.693477262 -0.708941566 0.128417845 -0.693477262 -0.709955763 0.129126151 -0.692307194 -0.709955763 0.129126151 -0.692307194 -0.709955763 0.129126151 -0.692307194 -0.462769251 0.0841680779 -0.882473997 -0.462769251 0.0841680779 -0.882473997 -0.462769251 0.0841680779 -0.882473997 -0.462759338 0.0841380042 -0.882482063 -0.462759338 0.0841380042 -0.882482063 -0.462759338 0.0841380042 -0.882482063 -0.258631635 0.0470239018 -0.964830778 -0.258631635 0.0470239018 -0.964830778 -0.258631635 0.0470239018 -0.964830778 -0.25798085 0.0474027355 -0.964986457 -0.25798085 0.0474027355 -0.964986457 -0.25798085 0.0474027355 -0.964986457 -0.0812505779 0.0149294014 -0.996581887 -0.0812505779 0.0149294014 -0.996581887 -0.0812505779 0.0149294014 -0.996581887 -0.0293499291 0.0185979692 0.999396166 -0.0293499291 0.0185979692 0.999396166 -0.0293499291 0.0185979692 0.999396166 -0.0952402177 0.0603502188 0.993623245 -0.0952402177 0.0603502188 0.993623245 -0.0952402177 0.0603502188 0.993623245 -0.0954949235 0.0603647668 0.993597914 -0.0954949235 0.0603647668 0.993597914 -0.0954949235 0.0603647668 0.993597914 -0.181700604 0.114857567 0.976623075 -0.181700604 0.114857567 0.976623075 -0.181700604 0.114857567 0.976623075 -0.181059011 0.11478476 0.976750784 -0.181059011 0.11478476 0.976750784 -0.181059011 0.11478476 0.976750784 -0.336284408 0.213191959 0.917312371 -0.336284408 0.213191959 0.917312371 -0.336284408 0.213191959 0.917312371 -0.33434829 0.212865135 0.918095668 -0.33434829 0.212865135 0.918095668 -0.33434829 0.212865135 0.918095668 -0.684885052 0.436036772 0.583784549 -0.684885052 0.436036772 0.583784549 -0.684885052 0.436036772 0.583784549 -0.685613752 0.436109013 0.582874525 -0.685613752 0.436109013 0.582874525 -0.685613752 0.436109013 0.582874525 -0.685211438 0.435853106 -0.58353865 -0.685211438 0.435853106 -0.58353865 -0.685211438 0.435853106 -0.58353865 -0.68530784 0.436305943 -0.583086862 -0.68530784 0.436305943 -0.583086862 -0.68530784 0.436305943 -0.583086862 -0.335021706 0.21329387 -0.91775061 -0.335021706 0.21329387 -0.91775061 -0.335021706 0.21329387 -0.91775061 -0.335488938 0.21268766 -0.917720618 -0.335488938 0.21268766 -0.917720618 -0.335488938 0.21268766 -0.917720618 -0.183199397 0.116141687 -0.976191113 -0.183199397 0.116141687 -0.976191113 -0.183199397 0.116141687 -0.976191113 -0.183529841 0.116013874 -0.976144241 -0.183529841 0.116013874 -0.976144241 -0.183529841 0.116013874 -0.976144241 -0.0954697998 0.0603488855 -0.993601293 -0.0954697998 0.0603488855 -0.993601293 -0.0954697998 0.0603488855 -0.993601293 -0.0952880081 0.0603805018 -0.993616823 -0.0952880081 0.0603805018 -0.993616823 -0.0952880081 0.0603805018 -0.993616823 -0.0293499762 0.0185979991 -0.999396164 -0.0293499762 0.0185979991 -0.999396164 -0.0293499762 0.0185979991 -0.999396164</float_array><technique_common><accessor source="#part2-normals-array" count="3138" stride="3"><param name="X" type="float" /><param name="Y" type="float" /><param name="Z" type="float" /></accessor></technique_common></source><vertices id="part2-vertices"><input semantic="POSITION" source="#part2-positions" /></vertices><triangles count="1046" material="material"><input semantic="VERTEX" source="#part2-vertices" offset="0" /><input semantic="NORMAL" source="#part2-normals" offset="0" /><p>0 1 2 3 4 5 6 7 8 9 10 11 12 13 14 15 16 17 18 19 20 21 22 23 24 25 26 27 28 29 30 31 32 33 34 35 36 37 38 39 40 41 42 43 44 45 46 47 48 49 50 51 52 53 54 55 56 57 58 59 60 61 62 63 64 65 66 67 68 69 70 71 72 73 74 75 76 77 78 79 80 81 82 83 84 85 86 87 88 89 90 91 92 93 94 95 96 97 98 99 100 101 102 103 104 105 106 107 108 109 110 111 112 113 114 115 116 117 118 119 120 121 122 123 124 125 126 127 128 129 130 131 132 133 134 135 136 137 138 139 140 141 142 143 144 145 146 147 148 149 150 151 152 153 154 155 156 157 158 159 160 161 162 163 164 165 166 167 168 169 170 171 172 173 174 175 176 177 178 179 180 181 182 183 184 185 186 187 188 189 190 191 192 193 194 195 196 197 198 199 200 201 202 203 204 205 206 207 208 209 210 211 212 213 214 215 216 217 218 219 220 221 222 223 224 225 226 227 228 229 230 231 232 233 234 235 236 237 238 239 240 241 242 243 244 245 246 247 248 249 250 251 252 253 254 255 256 257 258 259 260 261 262 263 264 265 266 267 268 269 270 271 272 273 274 275 276 277 278 279 280 281 282 283 284 285 286 287 288 289 290 291 292 293 294 295 296 297 298 299 300 301 302 303 304 305 306 307 308 309 310 311 312 313 314 315 316 317 318 319 320 321 322 323 324 325 326 327 328 329 330 331 332 333 334 335 336 337 338 339 340 341 342 343 344 345 346 347 348 349 350 351 352 353 354 355 356 357 358 359 360 361 362 363 364 365 366 367 368 369 370 371 372 373 374 375 376 377 378 379 380 381 382 383 384 385 386 387 388 389 390 391 392 393 394 395 396 397 398 399 400 401 402 403 404 405 406 407 408 409 410 411 412 413 414 415 416 417 418 419 420 421 422 423 424 425 426 427 428 429 430 431 432 433 434 435 436 437 438 439 440 441 442 443 444 445 446 447 448 449 450 451 452 453 454 455 456 457 458 459 460 461 462 463 464 465 466 467 468 469 470 471 472 473 474 475 476 477 478 479 480 481 482 483 484 485 486 487 488 489 490 491 492 493 494 495 496 497 498 499 500 501 502 503 504 505 506 507 508 509 510 511 512 513 514 515 516 517 518 519 520 521 522 523 524 525 526 527 528 529 530 531 532 533 534 535 536 537 538 539 540 541 542 543 544 545 546 547 548 549 550 551 552 553 554 555 556 557 558 559 560 561 562 563 564 565 566 567 568 569 570 571 572 573 574 575 576 577 578 579 580 581 582 583 584 585 586 587 588 589 590 591 592 593 594 595 596 597 598 599 600 601 602 603 604 605 606 607 608 609 610 611 612 613 614 615 616 617 618 619 620 621 622 623 624 625 626 627 628 629 630 631 632 633 634 635 636 637 638 639 640 641 642 643 644 645 646 647 648 649 650 651 652 653 654 655 656 657 658 659 660 661 662 663 664 665 666 667 668 669 670 671 672 673 674 675 676 677 678 679 680 681 682 683 684 685 686 687 688 689 690 691 692 693 694 695 696 697 698 699 700 701 702 703 704 705 706 707 708 709 710 711 712 713 714 715 716 717 718 719 720 721 722 723 724 725 726 727 728 729 730 731 732 733 734 735 736 737 738 739 740 741 742 743 744 745 746 747 748 749 750 751 752 753 754 755 756 757 758 759 760 761 762 763 764 765 766 767 768 769 770 771 772 773 774 775 776 777 778 779 780 781 782 783 784 785 786 787 788 789 790 791 792 793 794 795 796 797 798 799 800 801 802 803 804 805 806 807 808 809 810 811 812 813 814 815 816 817 818 819 820 821 822 823 824 825 826 827 828 829 830 831 832 833 834 835 836 837 838 839 840 841 842 843 844 845 846 847 848 849 850 851 852 853 854 855 856 857 858 859 860 861 862 863 864 865 866 867 868 869 870 871 872 873 874 875 876 877 878 879 880 881 882 883 884 885 886 887 888 889 890 891 892 893 894 895 896 897 898 899 900 901 902 903 904 905 906 907 908 909 910 911 912 913 914 915 916 917 918 919 920 921 922 923 924 925 926 927 928 929 930 931 932 933 934 935 936 937 938 939 940 941 942 943 944 945 946 947 948 949 950 951 952 953 954 955 956 957 958 959 960 961 962 963 964 965 966 967 968 969 970 971 972 973 974 975 976 977 978 979 980 981 982 983 984 985 986 987 988 989 990 991 992 993 994 995 996 997 998 999 1000 1001 1002 1003 1004 1005 1006 1007 1008 1009 1010 1011 1012 1013 1014 1015 1016 1017 1018 1019 1020 1021 1022 1023 1024 1025 1026 1027 1028 1029 1030 1031 1032 1033 1034 1035 1036 1037 1038 1039 1040 1041 1042 1043 1044 1045 1046 1047 1048 1049 1050 1051 1052 1053 1054 1055 1056 1057 1058 1059 1060 1061 1062 1063 1064 1065 1066 1067 1068 1069 1070 1071 1072 1073 1074 1075 1076 1077 1078 1079 1080 1081 1082 1083 1084 1085 1086 1087 1088 1089 1090 1091 1092 1093 1094 1095 1096 1097 1098 1099 1100 1101 1102 1103 1104 1105 1106 1107 1108 1109 1110 1111 1112 1113 1114 1115 1116 1117 1118 1119 1120 1121 1122 1123 1124 1125 1126 1127 1128 1129 1130 1131 1132 1133 1134 1135 1136 1137 1138 1139 1140 1141 1142 1143 1144 1145 1146 1147 1148 1149 1150 1151 1152 1153 1154 1155 1156 1157 1158 1159 1160 1161 1162 1163 1164 1165 1166 1167 1168 1169 1170 1171 1172 1173 1174 1175 1176 1177 1178 1179 1180 1181 1182 1183 1184 1185 1186 1187 1188 1189 1190 1191 1192 1193 1194 1195 1196 1197 1198 1199 1200 1201 1202 1203 1204 1205 1206 1207 1208 1209 1210 1211 1212 1213 1214 1215 1216 1217 1218 1219 1220 1221 1222 1223 1224 1225 1226 1227 1228 1229 1230 1231 1232 1233 1234 1235 1236 1237 1238 1239 1240 1241 1242 1243 1244 1245 1246 1247 1248 1249 1250 1251 1252 1253 1254 1255 1256 1257 1258 1259 1260 1261 1262 1263 1264 1265 1266 1267 1268 1269 1270 1271 1272 1273 1274 1275 1276 1277 1278 1279 1280 1281 1282 1283 1284 1285 1286 1287 1288 1289 1290 1291 1292 1293 1294 1295 1296 1297 1298 1299 1300 1301 1302 1303 1304 1305 1306 1307 1308 1309 1310 1311 1312 1313 1314 1315 1316 1317 1318 1319 1320 1321 1322 1323 1324 1325 1326 1327 1328 1329 1330 1331 1332 1333 1334 1335 1336 1337 1338 1339 1340 1341 1342 1343 1344 1345 1346 1347 1348 1349 1350 1351 1352 1353 1354 1355 1356 1357 1358 1359 1360 1361 1362 1363 1364 1365 1366 1367 1368 1369 1370 1371 1372 1373 1374 1375 1376 1377 1378 1379 1380 1381 1382 1383 1384 1385 1386 1387 1388 1389 1390 1391 1392 1393 1394 1395 1396 1397 1398 1399 1400 1401 1402 1403 1404 1405 1406 1407 1408 1409 1410 1411 1412 1413 1414 1415 1416 1417 1418 1419 1420 1421 1422 1423 1424 1425 1426 1427 1428 1429 1430 1431 1432 1433 1434 1435 1436 1437 1438 1439 1440 1441 1442 1443 1444 1445 1446 1447 1448 1449 1450 1451 1452 1453 1454 1455 1456 1457 1458 1459 1460 1461 1462 1463 1464 1465 1466 1467 1468 1469 1470 1471 1472 1473 1474 1475 1476 1477 1478 1479 1480 1481 1482 1483 1484 1485 1486 1487 1488 1489 1490 1491 1492 1493 1494 1495 1496 1497 1498 1499 1500 1501 1502 1503 1504 1505 1506 1507 1508 1509 1510 1511 1512 1513 1514 1515 1516 1517 1518 1519 1520 1521 1522 1523 1524 1525 1526 1527 1528 1529 1530 1531 1532 1533 1534 1535 1536 1537 1538 1539 1540 1541 1542 1543 1544 1545 1546 1547 1548 1549 1550 1551 1552 1553 1554 1555 1556 1557 1558 1559 1560 1561 1562 1563 1564 1565 1566 1567 1568 1569 1570 1571 1572 1573 1574 1575 1576 1577 1578 1579 1580 1581 1582 1583 1584 1585 1586 1587 1588 1589 1590 1591 1592 1593 1594 1595 1596 1597 1598 1599 1600 1601 1602 1603 1604 1605 1606 1607 1608 1609 1610 1611 1612 1613 1614 1615 1616 1617 1618 1619 1620 1621 1622 1623 1624 1625 1626 1627 1628 1629 1630 1631 1632 1633 1634 1635 1636 1637 1638 1639 1640 1641 1642 1643 1644 1645 1646 1647 1648 1649 1650 1651 1652 1653 1654 1655 1656 1657 1658 1659 1660 1661 1662 1663 1664 1665 1666 1667 1668 1669 1670 1671 1672 1673 1674 1675 1676 1677 1678 1679 1680 1681 1682 1683 1684 1685 1686 1687 1688 1689 1690 1691 1692 1693 1694 1695 1696 1697 1698 1699 1700 1701 1702 1703 1704 1705 1706 1707 1708 1709 1710 1711 1712 1713 1714 1715 1716 1717 1718 1719 1720 1721 1722 1723 1724 1725 1726 1727 1728 1729 1730 1731 1732 1733 1734 1735 1736 1737 1738 1739 1740 1741 1742 1743 1744 1745 1746 1747 1748 1749 1750 1751 1752 1753 1754 1755 1756 1757 1758 1759 1760 1761 1762 1763 1764 1765 1766 1767 1768 1769 1770 1771 1772 1773 1774 1775 1776 1777 1778 1779 1780 1781 1782 1783 1784 1785 1786 1787 1788 1789 1790 1791 1792 1793 1794 1795 1796 1797 1798 1799 1800 1801 1802 1803 1804 1805 1806 1807 1808 1809 1810 1811 1812 1813 1814 1815 1816 1817 1818 1819 1820 1821 1822 1823 1824 1825 1826 1827 1828 1829 1830 1831 1832 1833 1834 1835 1836 1837 1838 1839 1840 1841 1842 1843 1844 1845 1846 1847 1848 1849 1850 1851 1852 1853 1854 1855 1856 1857 1858 1859 1860 1861 1862 1863 1864 1865 1866 1867 1868 1869 1870 1871 1872 1873 1874 1875 1876 1877 1878 1879 1880 1881 1882 1883 1884 1885 1886 1887 1888 1889 1890 1891 1892 1893 1894 1895 1896 1897 1898 1899 1900 1901 1902 1903 1904 1905 1906 1907 1908 1909 1910 1911 1912 1913 1914 1915 1916 1917 1918 1919 1920 1921 1922 1923 1924 1925 1926 1927 1928 1929 1930 1931 1932 1933 1934 1935 1936 1937 1938 1939 1940 1941 1942 1943 1944 1945 1946 1947 1948 1949 1950 1951 1952 1953 1954 1955 1956 1957 1958 1959 1960 1961 1962 1963 1964 1965 1966 1967 1968 1969 1970 1971 1972 1973 1974 1975 1976 1977 1978 1979 1980 1981 1982 1983 1984 1985 1986 1987 1988 1989 1990 1991 1992 1993 1994 1995 1996 1997 1998 1999 2000 2001 2002 2003 2004 2005 2006 2007 2008 2009 2010 2011 2012 2013 2014 2015 2016 2017 2018 2019 2020 2021 2022 2023 2024 2025 2026 2027 2028 2029 2030 2031 2032 2033 2034 2035 2036 2037 2038 2039 2040 2041 2042 2043 2044 2045 2046 2047 2048 2049 2050 2051 2052 2053 2054 2055 2056 2057 2058 2059 2060 2061 2062 2063 2064 2065 2066 2067 2068 2069 2070 2071 2072 2073 2074 2075 2076 2077 2078 2079 2080 2081 2082 2083 2084 2085 2086 2087 2088 2089 2090 2091 2092 2093 2094 2095 2096 2097 2098 2099 2100 2101 2102 2103 2104 2105 2106 2107 2108 2109 2110 2111 2112 2113 2114 2115 2116 2117 2118 2119 2120 2121 2122 2123 2124 2125 2126 2127 2128 2129 2130 2131 2132 2133 2134 2135 2136 2137 2138 2139 2140 2141 2142 2143 2144 2145 2146 2147 2148 2149 2150 2151 2152 2153 2154 2155 2156 2157 2158 2159 2160 2161 2162 2163 2164 2165 2166 2167 2168 2169 2170 2171 2172 2173 2174 2175 2176 2177 2178 2179 2180 2181 2182 2183 2184 2185 2186 2187 2188 2189 2190 2191 2192 2193 2194 2195 2196 2197 2198 2199 2200 2201 2202 2203 2204 2205 2206 2207 2208 2209 2210 2211 2212 2213 2214 2215 2216 2217 2218 2219 2220 2221 2222 2223 2224 2225 2226 2227 2228 2229 2230 2231 2232 2233 2234 2235 2236 2237 2238 2239 2240 2241 2242 2243 2244 2245 2246 2247 2248 2249 2250 2251 2252 2253 2254 2255 2256 2257 2258 2259 2260 2261 2262 2263 2264 2265 2266 2267 2268 2269 2270 2271 2272 2273 2274 2275 2276 2277 2278 2279 2280 2281 2282 2283 2284 2285 2286 2287 2288 2289 2290 2291 2292 2293 2294 2295 2296 2297 2298 2299 2300 2301 2302 2303 2304 2305 2306 2307 2308 2309 2310 2311 2312 2313 2314 2315 2316 2317 2318 2319 2320 2321 2322 2323 2324 2325 2326 2327 2328 2329 2330 2331 2332 2333 2334 2335 2336 2337 2338 2339 2340 2341 2342 2343 2344 2345 2346 2347 2348 2349 2350 2351 2352 2353 2354 2355 2356 2357 2358 2359 2360 2361 2362 2363 2364 2365 2366 2367 2368 2369 2370 2371 2372 2373 2374 2375 2376 2377 2378 2379 2380 2381 2382 2383 2384 2385 2386 2387 2388 2389 2390 2391 2392 2393 2394 2395 2396 2397 2398 2399 2400 2401 2402 2403 2404 2405 2406 2407 2408 2409 2410 2411 2412 2413 2414 2415 2416 2417 2418 2419 2420 2421 2422 2423 2424 2425 2426 2427 2428 2429 2430 2431 2432 2433 2434 2435 2436 2437 2438 2439 2440 2441 2442 2443 2444 2445 2446 2447 2448 2449 2450 2451 2452 2453 2454 2455 2456 2457 2458 2459 2460 2461 2462 2463 2464 2465 2466 2467 2468 2469 2470 2471 2472 2473 2474 2475 2476 2477 2478 2479 2480 2481 2482 2483 2484 2485 2486 2487 2488 2489 2490 2491 2492 2493 2494 2495 2496 2497 2498 2499 2500 2501 2502 2503 2504 2505 2506 2507 2508 2509 2510 2511 2512 2513 2514 2515 2516 2517 2518 2519 2520 2521 2522 2523 2524 2525 2526 2527 2528 2529 2530 2531 2532 2533 2534 2535 2536 2537 2538 2539 2540 2541 2542 2543 2544 2545 2546 2547 2548 2549 2550 2551 2552 2553 2554 2555 2556 2557 2558 2559 2560 2561 2562 2563 2564 2565 2566 2567 2568 2569 2570 2571 2572 2573 2574 2575 2576 2577 2578 2579 2580 2581 2582 2583 2584 2585 2586 2587 2588 2589 2590 2591 2592 2593 2594 2595 2596 2597 2598 2599 2600 2601 2602 2603 2604 2605 2606 2607 2608 2609 2610 2611 2612 2613 2614 2615 2616 2617 2618 2619 2620 2621 2622 2623 2624 2625 2626 2627 2628 2629 2630 2631 2632 2633 2634 2635 2636 2637 2638 2639 2640 2641 2642 2643 2644 2645 2646 2647 2648 2649 2650 2651 2652 2653 2654 2655 2656 2657 2658 2659 2660 2661 2662 2663 2664 2665 2666 2667 2668 2669 2670 2671 2672 2673 2674 2675 2676 2677 2678 2679 2680 2681 2682 2683 2684 2685 2686 2687 2688 2689 2690 2691 2692 2693 2694 2695 2696 2697 2698 2699 2700 2701 2702 2703 2704 2705 2706 2707 2708 2709 2710 2711 2712 2713 2714 2715 2716 2717 2718 2719 2720 2721 2722 2723 2724 2725 2726 2727 2728 2729 2730 2731 2732 2733 2734 2735 2736 2737 2738 2739 2740 2741 2742 2743 2744 2745 2746 2747 2748 2749 2750 2751 2752 2753 2754 2755 2756 2757 2758 2759 2760 2761 2762 2763 2764 2765 2766 2767 2768 2769 2770 2771 2772 2773 2774 2775 2776 2777 2778 2779 2780 2781 2782 2783 2784 2785 2786 2787 2788 2789 2790 2791 2792 2793 2794 2795 2796 2797 2798 2799 2800 2801 2802 2803 2804 2805 2806 2807 2808 2809 2810 2811 2812 2813 2814 2815 2816 2817 2818 2819 2820 2821 2822 2823 2824 2825 2826 2827 2828 2829 2830 2831 2832 2833 2834 2835 2836 2837 2838 2839 2840 2841 2842 2843 2844 2845 2846 2847 2848 2849 2850 2851 2852 2853 2854 2855 2856 2857 2858 2859 2860 2861 2862 2863 2864 2865 2866 2867 2868 2869 2870 2871 2872 2873 2874 2875 2876 2877 2878 2879 2880 2881 2882 2883 2884 2885 2886 2887 2888 2889 2890 2891 2892 2893 2894 2895 2896 2897 2898 2899 2900 2901 2902 2903 2904 2905 2906 2907 2908 2909 2910 2911 2912 2913 2914 2915 2916 2917 2918 2919 2920 2921 2922 2923 2924 2925 2926 2927 2928 2929 2930 2931 2932 2933 2934 2935 2936 2937 2938 2939 2940 2941 2942 2943 2944 2945 2946 2947 2948 2949 2950 2951 2952 2953 2954 2955 2956 2957 2958 2959 2960 2961 2962 2963 2964 2965 2966 2967 2968 2969 2970 2971 2972 2973 2974 2975 2976 2977 2978 2979 2980 2981 2982 2983 2984 2985 2986 2987 2988 2989 2990 2991 2992 2993 2994 2995 2996 2997 2998 2999 3000 3001 3002 3003 3004 3005 3006 3007 3008 3009 3010 3011 3012 3013 3014 3015 3016 3017 3018 3019 3020 3021 3022 3023 3024 3025 3026 3027 3028 3029 3030 3031 3032 3033 3034 3035 3036 3037 3038 3039 3040 3041 3042 3043 3044 3045 3046 3047 3048 3049 3050 3051 3052 3053 3054 3055 3056 3057 3058 3059 3060 3061 3062 3063 3064 3065 3066 3067 3068 3069 3070 3071 3072 3073 3074 3075 3076 3077 3078 3079 3080 3081 3082 3083 3084 3085 3086 3087 3088 3089 3090 3091 3092 3093 3094 3095 3096 3097 3098 3099 3100 3101 3102 3103 3104 3105 3106 3107 3108 3109 3110 3111 3112 3113 3114 3115 3116 3117 3118 3119 3120 3121 3122 3123 3124 3125 3126 3127 3128 3129 3130 3131 3132 3133 3134 3135 3136 3137</p></triangles></mesh></geometry></library_geometries><library_visual_scenes><visual_scene id="scene"><node id="part0-node"><instance_geometry url="#part0"><bind_material><technique_common><instance_material symbol="material" target="#part0-material" /></technique_common></bind_material></instance_geometry></node><node id="part1-node"><instance_geometry url="#part1"><bind_material><technique_common><instance_material symbol="material" target="#part1-material" /></technique_common></bind_material></instance_geometry></node><node id="part2-node"><instance_geometry url="#part2"><bind_material><technique_common><instance_material symbol="material" target="#part2-material" /></technique_common></bind_material></instance_geometry></node></visual_scene></library_visual_scenes><scene><instance_visual_scene url="#scene" /></scene></COLLADA>