<?xml version='1.0' encoding='utf-8'?>
<COLLADA xmlns="http://www.collada.org/2005/11/COLLADASchema" version="1.4.1"><asset><created>2026-10-07T00:00:00Z</created><modified>2026-10-07T00:00:00Z</modified><unit name="meter" meter="1" /><up_axis>Z_UP</up_axis></asset><library_effects><effect id="part0-effect"><profile_COMMON><technique sid="common"><phong><diffuse><color>0.4 0.27058823529411763 0.2 1.0</color></diffuse><specular><color>0.04 0.04 0.04 1</color></specular><shininess><float>0.7681660899653981</float></shininess></phong></technique></profile_COMMON></effect><effect id="part1-effect"><profile_COMMON><technique sid="common"><phong><diffuse><color>0.07058823529411765 0.09019607843137255 0.10196078431372549 1.0</color></diffuse><specular><color>0.04 0.04 0.04 1</color></specular><shininess><float>7.876543209876543</float></shininess></phong></technique></profile_COMMON></effect><effect id="part2-effect"><profile_COMMON><technique sid="common"><phong><diffuse><color>0.788235294117647 0.8 0.6980392156862745 1.0</color></diffuse><specular><color>0.04 0.04 0.04 1</color></specular><shininess><float>2.733727810650887</float></shininess></phong></technique></profile_COMMON></effect><effect id="part3-effect"><profile_COMMON><technique sid="common"><phong><diffuse><color>0.3607843137254902 0.4 0.23137254901960785 1.0</color></diffuse><specular><color>0.04 0.04 0.04 1</color></specular><shininess><float>1.1249999999999996</float></shininess></phong></technique></profile_COMMON></effect></library_effects><library_materials><material id="part0-material" name="brown"><instance_effect url="#part0-effect" /></material><material id="part1-material" name="dark"><instance_effect url="#part1-effect" /></material><material id="part2-material" name="cream"><instance_effect url="#part2-effect" /></material><material id="part3-material" name="olive"><instance_effect url="#part3-effect" /></material></library_materials><library_geometries><geometry id="part0"><mesh><source id="part0-positions"><float_array id="part0-positions-array" count="639">-0.0719873437 0.0891099929 0.158709595 0.0304704913 0.152725008 0.135068173 -0.0719873437 0.16951182 0.135068173 -0.0719873437 0.274254544 -0.0509973156 0.0937474493 0.247115851 -0.0509973156 0.069033535 0.210184876 -0.0973592219 -0.0719873437 0.16951182 -0.13419695 0.0304704913 0.152725008 -0.13419695 -0.0181296565 0.0802969183 -0.157838372 -0.0181296565 0.0802969183 0.158709595 0.112597634 0.105675307 0.135068173 0.0304704913 0.152725008 0.135068173 0.0937474493 0.247115851 -0.0509973156 0.226666352 0.171003981 -0.0509973156 0.182076379 0.145450729 -0.0973592219 0.0304704913 0.152725008 -0.13419695 0.112597634 0.105675307 -0.13419695 0.0250614133 0.0555363698 -0.157838372 0.0250614133 0.0555363698 0.158709595 0.158201802 0.0377236975 0.135068173 0.112597634 0.105675307 0.135068173 0.226666352 0.171003981 -0.0509973156 0.300435066 0.0610387107 -0.0509973156 0.244805428 0.0518992244 -0.0973592219 0.112597634 0.105675307 -0.13419695 0.158201802 0.0377236975 -0.13419695 0.049029247 0.0198177637 -0.157838372 0.049029247 0.0198177637 0.158709595 0.158201802 -0.0377236975 0.135068173 0.158201802 0.0377236975 0.135068173 0.300435066 0.0610387107 -0.0509973156 0.300435066 -0.0610387107 -0.0509973156 0.244805428 -0.0518992244 -0.0973592219 0.158201802 0.0377236975 -0.13419695 0.158201802 -0.0377236975 -0.13419695 0.049029247 -0.0198177637 -0.157838372 0.049029247 -0.0198177637 0.158709595 0.112597634 -0.105675307 0.135068173 0.158201802 -0.0377236975 0.135068173 0.300435066 -0.0610387107 -0.0509973156 0.226666352 -0.171003981 -0.0509973156 0.182076379 -0.145450729 -0.0973592219 0.158201802 -0.0377236975 -0.13419695 0.112597634 -0.105675307 -0.13419695 0.0250614133 -0.0555363698 -0.157838372 0.0250614133 -0.0555363698 0.158709595 0.0304704913 -0.152725008 0.135068173 0.112597634 -0.105675307 0.135068173 0.226666352 -0.171003981 -0.0509973156 0.0937474493 -0.247115851 -0.0509973156 0.069033535 -0.210184876 -0.0973592219 0.112597634 -0.105675307 -0.13419695 0.0304704913 -0.152725008 -0.13419695 -0.0181296565 -0.0802969183 -0.157838372 -0.0181296565 -0.0802969183 0.158709595 -0.0719873437 -0.16951182 0.135068173 0.0304704913 -0.152725008 0.135068173 0.0937474493 -0.247115851 -0.0509973156 -0.0719873437 -0.274254544 -0.0509973156 -0.0719873437 -0.233313372 -0.0973592219 0.0304704913 -0.152725008 -0.13419695 -0.0719873437 -0.16951182 -0.13419695 -0.0719873437 -0.0891099929 -0.157838372 -0.0719873437 -0.0891099929 0.158709595 -0.125798402 -0.0802969183 0.158709595 -0.174386896 -0.152725008 0.135068173 -0.0719873437 -0.0891099929 0.158709595 -0.174386896 -0.152725008 0.135068173 -0.0719873437 -0.16951182 0.135068173 -0.0719873437 -0.16951182 0.135068173 -0.174386896 -0.152725008 0.135068173 -0.212961585 -0.210184876 0.0982304445 -0.0719873437 -0.233313372 0.0982304445 -0.212961585 -0.210184876 0.0982304445 -0.237675511 -0.247115851 0.0518685382 -0.0719873437 -0.274254544 0.0518685382 -0.237675511 -0.247115851 0.0518685382 -0.246208797 -0.259799219 0.000435611291 -0.0719873437 -0.288395102 0.000435611291 -0.246208797 -0.259799219 0.000435611291 -0.237675511 -0.247115851 -0.0509973156 -0.0719873437 -0.274254544 -0.0509973156 -0.237675511 -0.247115851 -0.0509973156 -0.212961585 -0.210184876 -0.0973592219 -0.0719873437 -0.233313372 -0.0973592219 -0.212961585 -0.210184876 -0.0973592219 -0.174386896 -0.152725008 -0.13419695 -0.0719873437 -0.16951182 -0.13419695 -0.174386896 -0.152725008 -0.13419695 -0.125798402 -0.0802969183 -0.157838372 -0.0719873437 -0.0891099929 -0.157838372 -0.125798402 -0.0802969183 -0.157838372 -0.0719873437 0 -0.165952001 -0.125798402 -0.0802969183 0.158709595 -0.256514038 -0.105675307 0.135068173 -0.174386896 -0.152725008 0.135068173 -0.237675511 -0.247115851 -0.0509973156 -0.370594403 -0.171003981 -0.0509973156 -0.326004452 -0.145450729 -0.0973592219 -0.174386896 -0.152725008 -0.13419695 -0.256514038 -0.105675307 -0.13419695 -0.168977812 -0.0555363698 -0.157838372 -0.168977812 -0.0555363698 0.158709595 -0.302129875 -0.0377236975 0.135068173 -0.256514038 -0.105675307 0.135068173 -0.370594403 -0.171003981 -0.0509973156 -0.444363117 -0.0610387107 -0.0509973156 -0.388733501 -0.0518992244 -0.0973592219 -0.256514038 -0.105675307 -0.13419695 -0.302129875 -0.0377236975 -0.13419695 -0.192957309 -0.0198177637 -0.157838372 -0.192957309 -0.0198177637 0.158709595 -0.192957309 0.0198177637 0.158709595 -0.302129875 0.0377236975 0.135068173 -0.192957309 -0.0198177637 0.158709595 -0.302129875 0.0377236975 0.135068173 -0.302129875 -0.0377236975 0.135068173 -0.302129875 -0.0377236975 0.135068173 -0.302129875 0.0377236975 0.135068173 -0.388733501 0.0518992244 0.0982304445 -0.388733501 -0.0518992244 0.0982304445 -0.388733501 0.0518992244 0.0982304445 -0.444363117 0.0610387107 0.0518685382 -0.444363117 -0.0610387107 0.0518685382 -0.444363117 0.0610387107 0.0518685382 -0.463528067 0.0641629243 0.000435611291 -0.463528067 -0.0641629243 0.000435611291 -0.463528067 0.0641629243 0.000435611291 -0.444363117 0.0610387107 -0.0509973156 -0.444363117 -0.0610387107 -0.0509973156 -0.444363117 0.0610387107 -0.0509973156 -0.388733501 0.0518992244 -0.0973592219 -0.388733501 -0.0518992244 -0.0973592219 -0.388733501 0.0518992244 -0.0973592219 -0.302129875 0.0377236975 -0.13419695 -0.302129875 -0.0377236975 -0.13419695 -0.302129875 0.0377236975 -0.13419695 -0.192957309 0.0198177637 -0.157838372 -0.192957309 -0.0198177637 -0.157838372 -0.192957309 0.0198177637 -0.157838372 -0.0719873437 0 -0.165952001 -0.192957309 0.0198177637 0.158709595 -0.256514038 0.105675307 0.135068173 -0.302129875 0.0377236975 0.135068173 -0.444363117 0.0610387107 -0.0509973156 -0.370594403 0.171003981 -0.0509973156 -0.326004452 0.145450729 -0.0973592219 -0.302129875 0.0377236975 -0.13419695 -0.256514038 0.105675307 -0.13419695 -0.168977812 0.0555363698 -0.157838372 -0.168977812 0.0555363698 0.158709595 -0.174386896 0.152725008 0.135068173 -0.256514038 0.105675307 0.135068173 -0.370594403 0.171003981 -0.0509973156 -0.237675511 0.247115851 -0.0509973156 -0.212961585 0.210184876 -0.0973592219 -0.256514038 0.105675307 -0.13419695 -0.174386896 0.152725008 -0.13419695 -0.125798402 0.0802969183 -0.157838372 -0.0719873437 0 0.166823223 -0.0719873437 0.0891099929 0.158709595 -0.125798402 0.0802969183 0.158709595 -0.125798402 0.0802969183 0.158709595 -0.0719873437 0.0891099929 0.158709595 -0.0719873437 0.16951182 0.135068173 -0.125798402 0.0802969183 0.158709595 -0.0719873437 0.16951182 0.135068173 -0.174386896 0.152725008 0.135068173 -0.174386896 0.152725008 0.135068173 -0.0719873437 0.16951182 0.135068173 -0.0719873437 0.233313372 0.0982304445 -0.174386896 0.152725008 0.135068173 -0.0719873437 0.233313372 0.0982304445 -0.212961585 0.210184876 0.0982304445 -0.212961585 0.210184876 0.0982304445 -0.0719873437 0.233313372 0.0982304445 -0.0719873437 0.274254544 0.0518685382 -0.212961585 0.210184876 0.0982304445 -0.0719873437 0.274254544 0.0518685382 -0.237675511 0.247115851 0.0518685382 -0.237675511 0.247115851 0.0518685382 -0.0719873437 0.274254544 0.0518685382 -0.0719873437 0.288395102 0.000435611291 -0.237675511 0.247115851 0.0518685382 -0.0719873437 0.288395102 0.000435611291 -0.246208797 0.259799219 0.000435611291 -0.246208797 0.259799219 0.000435611291 -0.0719873437 0.288395102 0.000435611291 -0.0719873437 0.274254544 -0.0509973156 -0.246208797 0.259799219 0.000435611291 -0.0719873437 0.274254544 -0.0509973156 -0.237675511 0.247115851 -0.0509973156 -0.237675511 0.247115851 -0.0509973156 -0.0719873437 0.274254544 -0.0509973156 -0.0719873437 0.233313372 -0.0973592219 -0.237675511 0.247115851 -0.0509973156 -0.0719873437 0.233313372 -0.0973592219 -0.212961585 0.210184876 -0.0973592219 -0.212961585 0.210184876 -0.0973592219 -0.0719873437 0.233313372 -0.0973592219 -0.0719873437 0.16951182 -0.13419695 -0.212961585 0.210184876 -0.0973592219 -0.0719873437 0.16951182 -0.13419695 -0.174386896 0.152725008 -0.13419695 -0.174386896 0.152725008 -0.13419695 -0.0719873437 0.16951182 -0.13419695 -0.0719873437 0.0891099929 -0.157838372 -0.174386896 0.152725008 -0.13419695 -0.0719873437 0.0891099929 -0.157838372 -0.125798402 0.0802969183 -0.157838372 -0.125798402 0.0802969183 -0.157838372 -0.0719873437 0.0891099929 -0.157838372 -0.0719873437 0 -0.165952001</float_array><technique_common><accessor source="#part0-positions-array" count="213" stride="3"><param name="X" type="float" /><param name="Y" type="float" /><param name="Z" type="float" /></accessor></technique_common></source><source id="part0-normals"><float_array id="part0-normals-array" count="639">0.0461700626 0.281797685 0.958362348 0.0461700626 0.281797685 0.958362348 0.0461700626 0.281797685 0.958362348 0.121778784 0.74369763 -0.657330787 0.121778784 0.74369763 -0.657330787 0.121778784 0.74369763 -0.657330787 0.0461758816 0.281833202 -0.958351623 0.0461758816 0.281833202 -0.958351623 0.0461758816 0.281833202 -0.958351623 0.130347129 0.227526148 0.965008538 0.130347129 0.227526148 0.965008538 0.130347129 0.227526148 0.965008538 0.35914586 0.627198806 -0.691112081 0.35914586 0.627198806 -0.691112081 0.35914586 0.627198806 -0.691112081 0.1303267 0.227490488 -0.965019704 0.1303267 0.227490488 -0.965019704 0.1303267 0.227490488 -0.965019704 0.189912917 0.12745571 0.973492746 0.189912917 0.12745571 0.973492746 0.189912917 0.12745571 0.973492746 0.556878042 0.3735741 -0.741841788 0.556878042 0.3735741 -0.741841788 0.556878042 0.3735741 -0.741841788 0.189907137 0.127451831 -0.973494381 0.189907137 0.127451831 -0.973494381 0.189907137 0.127451831 -0.973494381 0.211645334 -0 0.977346537 0.211645334 -0 0.977346537 0.211645334 -0 0.977346537 0.640215974 0 -0.768194967 0.640215974 0 -0.768194967 0.640215974 0 -0.768194967 0.211645334 0 -0.977346537 0.211645334 0 -0.977346537 0.211645334 0 -0.977346537 0.189907137 -0.127451831 0.973494381 0.189907137 -0.127451831 0.973494381 0.189907137 -0.127451831 0.973494381 0.557020537 -0.373669691 -0.741686647 0.557020537 -0.373669691 -0.741686647 0.557020537 -0.373669691 -0.741686647 0.189912917 -0.12745571 -0.973492746 0.189912917 -0.12745571 -0.973492746 0.189912917 -0.12745571 -0.973492746 0.1303267 -0.227490488 0.965019704 0.1303267 -0.227490488 0.965019704 0.1303267 -0.227490488 0.965019704 0.359158231 -0.627220411 -0.691086045 0.359158231 -0.627220411 -0.691086045 0.359158231 -0.627220411 -0.691086045 0.130347129 -0.227526148 -0.965008538 0.130347129 -0.227526148 -0.965008538 0.130347129 -0.227526148 -0.965008538 0.0461758816 -0.281833202 0.958351623 0.0461758816 -0.281833202 0.958351623 0.0461758816 -0.281833202 0.958351623 0.121825852 -0.743985069 -0.656996712 0.121825852 -0.743985069 -0.656996712 0.121825852 -0.743985069 -0.656996712 0.0461700626 -0.281797685 -0.958362348 0.0461700626 -0.281797685 -0.958362348 0.0461700626 -0.281797685 -0.958362348 -0.0461607756 -0.281849444 0.958347574 -0.0461607756 -0.281849444 0.958347574 -0.0461607756 -0.281849444 0.958347574 -0.0461962852 -0.281797343 0.958361185 -0.0461962852 -0.281797343 0.958361185 -0.0461962852 -0.281797343 0.958361185 -0.0817134923 -0.49845231 0.863057472 -0.0817134923 -0.49845231 0.863057472 -0.0817134923 -0.49845231 0.863057472 -0.12199895 -0.743615561 0.657382805 -0.12199895 -0.743615561 0.657382805 -0.12199895 -0.743615561 0.657382805 -0.156044952 -0.952691501 0.260823457 -0.156044952 -0.952691501 0.260823457 -0.156044952 -0.952691501 0.260823457 -0.156360115 -0.952629683 -0.260860502 -0.156360115 -0.952629683 -0.260860502 -0.156360115 -0.952629683 -0.260860502 -0.12181108 -0.743685581 -0.657338435 -0.12181108 -0.743685581 -0.657338435 -0.12181108 -0.743685581 -0.657338435 -0.0817718932 -0.49842111 -0.86306996 -0.0817718932 -0.49842111 -0.86306996 -0.0817718932 -0.49842111 -0.86306996 -0.0462007238 -0.281824419 -0.958353009 -0.0462007238 -0.281824419 -0.958353009 -0.0462007238 -0.281824419 -0.958353009 -0.0148492292 -0.0906667391 -0.995770577 -0.0148492292 -0.0906667391 -0.995770577 -0.0148492292 -0.0906667391 -0.995770577 -0.130355212 -0.227540258 0.965004119 -0.130355212 -0.227540258 0.965004119 -0.130355212 -0.227540258 0.965004119 -0.359145923 -0.627198863 -0.691111997 -0.359145923 -0.627198863 -0.691111997 -0.359145923 -0.627198863 -0.691111997 -0.130326696 -0.227490481 -0.965019706 -0.130326696 -0.227490481 -0.965019706 -0.130326696 -0.227490481 -0.965019706 -0.189899333 -0.127479203 0.973492319 -0.189899333 -0.127479203 0.973492319 -0.189899333 -0.127479203 0.973492319 -0.556878155 -0.373574176 -0.741841665 -0.556878155 -0.373574176 -0.741841665 -0.556878155 -0.373574176 -0.741841665 -0.189901765 -0.127480836 -0.973491631 -0.189901765 -0.127480836 -0.973491631 -0.189901765 -0.127480836 -0.973491631 -0.211645313 0 0.977346541 -0.211645313 0 0.977346541 -0.211645313 0 0.977346541 -0.211645313 0 0.977346541 -0.211645313 0 0.977346541 -0.211645313 0 0.977346541 -0.391421307 0 0.920211584 -0.391421307 0 0.920211584 -0.391421307 0 0.920211584 -0.640216128 0 0.768194838 -0.640216128 0 0.768194838 -0.640216128 0 0.768194838 -0.937060276 0 0.349167639 -0.937060276 0 0.349167639 -0.937060276 0 0.349167639 -0.937060276 0 -0.349167639 -0.937060276 0 -0.349167639 -0.937060276 0 -0.349167639 -0.640216128 0 -0.768194838 -0.640216128 0 -0.768194838 -0.640216128 0 -0.768194838 -0.391421307 0 -0.920211584 -0.391421307 0 -0.920211584 -0.391421307 0 -0.920211584 -0.211645313 0 -0.977346541 -0.211645313 0 -0.977346541 -0.211645313 0 -0.977346541 -0.0669210734 0 -0.997758272 -0.0669210734 0 -0.997758272 -0.0669210734 0 -0.997758272 -0.189901765 0.127480836 0.973491631 -0.189901765 0.127480836 0.973491631 -0.189901765 0.127480836 0.973491631 -0.55702065 0.373669767 -0.741686524 -0.55702065 0.373669767 -0.741686524 -0.55702065 0.373669767 -0.741686524 -0.189899333 0.127479203 -0.973492319 -0.189899333 0.127479203 -0.973492319 -0.189899333 0.127479203 -0.973492319 -0.130326696 0.227490481 0.965019706 -0.130326696 0.227490481 0.965019706 -0.130326696 0.227490481 0.965019706 -0.359158232 0.627220358 -0.691086092 -0.359158232 0.627220358 -0.691086092 -0.359158232 0.627220358 -0.691086092 -0.130355212 0.227540258 -0.965004119 -0.130355212 0.227540258 -0.965004119 -0.130355212 0.227540258 -0.965004119 -0.0148492292 0.0906667391 0.995770577 -0.0148492292 0.0906667391 0.995770577 -0.0148492292 0.0906667391 0.995770577 -0.0461523364 0.281797917 0.958363134 -0.0461523364 0.281797917 0.958363134 -0.0461523364 0.281797917 0.958363134 -0.0462007238 0.281824419 0.958353009 -0.0462007238 0.281824419 0.958353009 -0.0462007238 0.281824419 0.958353009 -0.0816963522 0.498347756 0.863119471 -0.0816963522 0.498347756 0.863119471 -0.0816963522 0.498347756 0.863119471 -0.0817718932 0.49842111 0.86306996 -0.0817718932 0.49842111 0.86306996 -0.0817718932 0.49842111 0.86306996 -0.122056094 0.743963866 0.656977988 -0.122056094 0.743963866 0.656977988 -0.122056094 0.743963866 0.656977988 -0.12181108 0.743685581 0.657338435 -0.12181108 0.743685581 0.657338435 -0.12181108 0.743685581 0.657338435 -0.156000028 0.952417227 0.261849989 -0.156000028 0.952417227 0.261849989 -0.156000028 0.952417227 0.261849989 -0.156360115 0.952629683 0.260860502 -0.156360115 0.952629683 0.260860502 -0.156360115 0.952629683 0.260860502 -0.156317305 0.952368861 -0.261836692 -0.156317305 0.952368861 -0.261836692 -0.156317305 0.952368861 -0.261836692 -0.156044952 0.952691501 -0.260823457 -0.156044952 0.952691501 -0.260823457 -0.156044952 0.952691501 -0.260823457 -0.121859626 0.743981961 -0.656993968 -0.121859626 0.743981961 -0.656993968 -0.121859626 0.743981961 -0.656993968 -0.12199895 0.743615561 -0.657382805 -0.12199895 0.743615561 -0.657382805 -0.12199895 0.743615561 -0.657382805 -0.0817594342 0.498345169 -0.863114991 -0.0817594342 0.498345169 -0.863114991 -0.0817594342 0.498345169 -0.863114991 -0.0817134923 0.49845231 -0.863057472 -0.0817134923 0.49845231 -0.863057472 -0.0817134923 0.49845231 -0.863057472 -0.0461962852 0.281797343 -0.958361185 -0.0461962852 0.281797343 -0.958361185 -0.0461962852 0.281797343 -0.958361185 -0.0461607756 0.281849444 -0.958347574 -0.0461607756 0.281849444 -0.958347574 -0.0461607756 0.281849444 -0.958347574 -0.0148492292 0.0906667391 -0.995770577 -0.0148492292 0.0906667391 -0.995770577 -0.0148492292 0.0906667391 -0.995770577</float_array><technique_common><accessor source="#part0-normals-array" count="213" stride="3"><param name="X" type="float" /><param name="Y" type="float" /><param name="Z" type="float" /></accessor></technique_common></source><vertices id="part0-vertices"><input semantic="POSITION" source="#part0-positions" /></vertices><triangles count="71" material="material"><input semantic="VERTEX" source="#part0-vertices" offset="0" /><input semantic="NORMAL" source="#part0-normals" offset="0" /><p>0 1 2 3 4 5 6 7 8 9 10 11 12 13 14 15 16 17 18 19 20 21 22 23 24 25 26 27 28 29 30 31 32 33 34 35 36 37 38 39 40 41 42 43 44 45 46 47 48 49 50 51 52 53 54 55 56 57 58 59 60 61 62 63 64 65 66 67 68 69 70 71 72 73 74 75 76 77 78 79 80 81 82 83 84 85 86 87 88 89 90 91 92 93 94 95 96 97 98 99 100 101 102 103 104 105 106 107 108 109 110 111 112 113 114 115 116 117 118 119 120 121 122 123 124 125 126 127 128 129 130 131 132 133 134 135 136 137 138 139 140 141 142 143 144 145 146 147 148 149 150 151 152 153 154 155 156 157 158 159 160 161 162 163 164 165 166 167 168 169 170 171 172 173 174 175 176 177 178 179 180 181 182 183 184 185 186 187 188 189 190 191 192 193 194 195 196 197 198 199 200 201 202 203 204 205 206 207 208 209 210 211 212</p></triangles></mesh></geometry><geometry id="part1"><mesh><source id="part1-positions"><float_array id="part1-positions-array" count="2592">0.455125406 0.068827807 0.0518411779 0.458364726 0.0722528215 0.0511087199 0.455125406 0.0736764684 0.0511087199 0.455125406 0.0736764684 0.0511087199 0.458364726 0.0722528215 0.0511087199 0.461284241 0.0753477092 0.0490041938 0.455125406 0.0736764684 0.0511087199 0.461284241 0.0753477092 0.0490041938 0.455125406 0.0780402682 0.0490041938 0.455125406 0.0780402682 0.0490041938 0.461284241 0.0753477092 0.0490041938 0.463595093 0.0778029904 0.0457339254 0.455125406 0.0780402682 0.0490041938 0.463595093 0.0778029904 0.0457339254 0.455125406 0.0815168626 0.0457339254 0.455125406 0.0815168626 0.0457339254 0.463595093 0.0778029904 0.0457339254 0.465080641 0.0793710712 0.0416074035 0.455125406 0.0815168626 0.0457339254 0.465080641 0.0793710712 0.0416074035 0.455125406 0.083745182 0.0416074035 0.455125406 0.083745182 0.0416074035 0.465080641 0.0793710712 0.0416074035 0.465596456 0.0799178338 0.0370269641 0.455125406 0.083745182 0.0416074035 0.465596456 0.0799178338 0.0370269641 0.455125406 0.0845085904 0.0370269641 0.455125406 0.0845085904 0.0370269641 0.465596456 0.0799178338 0.0370269641 0.465080641 0.0793710712 0.0324465248 0.455125406 0.0845085904 0.0370269641 0.465080641 0.0793710712 0.0324465248 0.455125406 0.083745182 0.0324465248 0.455125406 0.083745182 0.0324465248 0.465080641 0.0793710712 0.0324465248 0.463595093 0.0778029904 0.0283200028 0.455125406 0.083745182 0.0324465248 0.463595093 0.0778029904 0.0283200028 0.455125406 0.0815168626 0.0283200028 0.455125406 0.0815168626 0.0283200028 0.463595093 0.0778029904 0.0283200028 0.461284241 0.0753477092 0.0250497345 0.455125406 0.0815168626 0.0283200028 0.461284241 0.0753477092 0.0250497345 0.455125406 0.0780402682 0.0250497345 0.455125406 0.0780402682 0.0250497345 0.461284241 0.0753477092 0.0250497345 0.458364726 0.0722528215 0.0229452083 0.455125406 0.0780402682 0.0250497345 0.458364726 0.0722528215 0.0229452083 0.455125406 0.0736764684 0.0229452083 0.455125406 0.0736764684 0.0229452083 0.458364726 0.0722528215 0.0229452083 0.455125406 0.068827807 0.0222127504 0.455125406 0.068827807 0.0518411779 0.459705846 0.068827807 0.0511087199 0.458364726 0.0722528215 0.0511087199 0.458364726 0.0722528215 0.0511087199 0.459705846 0.068827807 0.0511087199 0.463832368 0.068827807 0.0490041938 0.458364726 0.0722528215 0.0511087199 0.463832368 0.068827807 0.0490041938 0.461284241 0.0753477092 0.0490041938 0.461284241 0.0753477092 0.0490041938 0.463832368 0.068827807 0.0490041938 0.467102636 0.068827807 0.0457339254 0.461284241 0.0753477092 0.0490041938 0.467102636 0.068827807 0.0457339254 0.463595093 0.0778029904 0.0457339254 0.463595093 0.0778029904 0.0457339254 0.467102636 0.068827807 0.0457339254 0.469207162 0.068827807 0.0416074035 0.463595093 0.0778029904 0.0457339254 0.469207162 0.068827807 0.0416074035 0.465080641 0.0793710712 0.0416074035 0.465080641 0.0793710712 0.0416074035 0.469207162 0.068827807 0.0416074035 0.46993962 0.068827807 0.0370269641 0.465080641 0.0793710712 0.0416074035 0.46993962 0.068827807 0.0370269641 0.465596456 0.0799178338 0.0370269641 0.465596456 0.0799178338 0.0370269641 0.46993962 0.068827807 0.0370269641 0.469207162 0.068827807 0.0324465248 0.465596456 0.0799178338 0.0370269641 0.469207162 0.068827807 0.0324465248 0.465080641 0.0793710712 0.0324465248 0.465080641 0.0793710712 0.0324465248 0.469207162 0.068827807 0.0324465248 0.467102636 0.068827807 0.0283200028 0.465080641 0.0793710712 0.0324465248 0.467102636 0.068827807 0.0283200028 0.463595093 0.0778029904 0.0283200028 0.463595093 0.0778029904 0.0283200028 0.467102636 0.068827807 0.0283200028 0.463832368 0.068827807 0.0250497345 0.463595093 0.0778029904 0.0283200028 0.463832368 0.068827807 0.0250497345 0.461284241 0.0753477092 0.0250497345 0.461284241 0.0753477092 0.0250497345 0.463832368 0.068827807 0.0250497345 0.459705846 0.068827807 0.0229452083 0.461284241 0.0753477092 0.0250497345 0.459705846 0.068827807 0.0229452083 0.458364726 0.0722528215 0.0229452083 0.458364726 0.0722528215 0.0229452083 0.459705846 0.068827807 0.0229452083 0.455125406 0.068827807 0.0222127504 0.455125406 0.068827807 0.0518411779 0.458364726 0.0654027925 0.0511087199 0.459705846 0.068827807 0.0511087199 0.459705846 0.068827807 0.0511087199 0.458364726 0.0654027925 0.0511087199 0.461284241 0.0623053208 0.0490041938 0.459705846 0.068827807 0.0511087199 0.461284241 0.0623053208 0.0490041938 0.463832368 0.068827807 0.0490041938 0.463832368 0.068827807 0.0490041938 0.461284241 0.0623053208 0.0490041938 0.463595093 0.0598500447 0.0457339254 0.463832368 0.068827807 0.0490041938 0.463595093 0.0598500447 0.0457339254 0.467102636 0.068827807 0.0457339254 0.467102636 0.068827807 0.0457339254 0.463595093 0.0598500447 0.0457339254 0.465080641 0.0582819638 0.0416074035 0.467102636 0.068827807 0.0457339254 0.465080641 0.0582819638 0.0416074035 0.469207162 0.068827807 0.0416074035 0.469207162 0.068827807 0.0416074035 0.465080641 0.0582819638 0.0416074035 0.465596456 0.0577352012 0.0370269641 0.469207162 0.068827807 0.0416074035 0.465596456 0.0577352012 0.0370269641 0.46993962 0.068827807 0.0370269641 0.46993962 0.068827807 0.0370269641 0.465596456 0.0577352012 0.0370269641 0.465080641 0.0582819638 0.0324465248 0.46993962 0.068827807 0.0370269641 0.465080641 0.0582819638 0.0324465248 0.469207162 0.068827807 0.0324465248 0.469207162 0.068827807 0.0324465248 0.465080641 0.0582819638 0.0324465248 0.463595093 0.0598500447 0.0283200028 0.469207162 0.068827807 0.0324465248 0.463595093 0.0598500447 0.0283200028 0.467102636 0.068827807 0.0283200028 0.467102636 0.068827807 0.0283200028 0.463595093 0.0598500447 0.0283200028 0.461284241 0.0623053208 0.0250497345 0.467102636 0.068827807 0.0283200028 0.461284241 0.0623053208 0.0250497345 0.463832368 0.068827807 0.0250497345 0.463832368 0.068827807 0.0250497345 0.461284241 0.0623053208 0.0250497345 0.458364726 0.0654027925 0.0229452083 0.463832368 0.068827807 0.0250497345 0.458364726 0.0654027925 0.0229452083 0.459705846 0.068827807 0.0229452083 0.459705846 0.068827807 0.0229452083 0.458364726 0.0654027925 0.0229452083 0.455125406 0.068827807 0.0222127504 0.455125406 0.068827807 0.0518411779 0.455125406 0.0639791456 0.0511087199 0.458364726 0.0654027925 0.0511087199 0.458364726 0.0654027925 0.0511087199 0.455125406 0.0639791456 0.0511087199 0.455125406 0.0596127668 0.0490041938 0.458364726 0.0654027925 0.0511087199 0.455125406 0.0596127668 0.0490041938 0.461284241 0.0623053208 0.0490041938 0.461284241 0.0623053208 0.0490041938 0.455125406 0.0596127668 0.0490041938 0.455125406 0.0561361724 0.0457339254 0.461284241 0.0623053208 0.0490041938 0.455125406 0.0561361724 0.0457339254 0.463595093 0.0598500447 0.0457339254 0.463595093 0.0598500447 0.0457339254 0.455125406 0.0561361724 0.0457339254 0.455125406 0.0539078531 0.0416074035 0.463595093 0.0598500447 0.0457339254 0.455125406 0.0539078531 0.0416074035 0.465080641 0.0582819638 0.0416074035 0.465080641 0.0582819638 0.0416074035 0.455125406 0.0539078531 0.0416074035 0.455125406 0.0531444446 0.0370269641 0.465080641 0.0582819638 0.0416074035 0.455125406 0.0531444446 0.0370269641 0.465596456 0.0577352012 0.0370269641 0.465596456 0.0577352012 0.0370269641 0.455125406 0.0531444446 0.0370269641 0.455125406 0.0539078531 0.0324465248 0.465596456 0.0577352012 0.0370269641 0.455125406 0.0539078531 0.0324465248 0.465080641 0.0582819638 0.0324465248 0.465080641 0.0582819638 0.0324465248 0.455125406 0.0539078531 0.0324465248 0.455125406 0.0561361724 0.0283200028 0.465080641 0.0582819638 0.0324465248 0.455125406 0.0561361724 0.0283200028 0.463595093 0.0598500447 0.0283200028 0.463595093 0.0598500447 0.0283200028 0.455125406 0.0561361724 0.0283200028 0.455125406 0.0596127668 0.0250497345 0.463595093 0.0598500447 0.0283200028 0.455125406 0.0596127668 0.0250497345 0.461284241 0.0623053208 0.0250497345 0.461284241 0.0623053208 0.0250497345 0.455125406 0.0596127668 0.0250497345 0.455125406 0.0639791456 0.0229452083 0.461284241 0.0623053208 0.0250497345 0.455125406 0.0639791456 0.0229452083 0.458364726 0.0654027925 0.0229452083 0.458364726 0.0654027925 0.0229452083 0.455125406 0.0639791456 0.0229452083 0.455125406 0.068827807 0.0222127504 0.455125406 0.068827807 0.0518411779 0.451886087 0.0654027925 0.0511087199 0.455125406 0.0639791456 0.0511087199 0.455125406 0.0639791456 0.0511087199 0.451886087 0.0654027925 0.0511087199 0.448966572 0.0623053208 0.0490041938 0.455125406 0.0639791456 0.0511087199 0.448966572 0.0623053208 0.0490041938 0.455125406 0.0596127668 0.0490041938 0.455125406 0.0596127668 0.0490041938 0.448966572 0.0623053208 0.0490041938 0.44665572 0.0598500447 0.0457339254 0.455125406 0.0596127668 0.0490041938 0.44665572 0.0598500447 0.0457339254 0.455125406 0.0561361724 0.0457339254 0.455125406 0.0561361724 0.0457339254 0.44665572 0.0598500447 0.0457339254 0.445170172 0.0582819638 0.0416074035 0.455125406 0.0561361724 0.0457339254 0.445170172 0.0582819638 0.0416074035 0.455125406 0.0539078531 0.0416074035 0.455125406 0.0539078531 0.0416074035 0.445170172 0.0582819638 0.0416074035 0.444654357 0.0577352012 0.0370269641 0.455125406 0.0539078531 0.0416074035 0.444654357 0.0577352012 0.0370269641 0.455125406 0.0531444446 0.0370269641 0.455125406 0.0531444446 0.0370269641 0.444654357 0.0577352012 0.0370269641 0.445170172 0.0582819638 0.0324465248 0.455125406 0.0531444446 0.0370269641 0.445170172 0.0582819638 0.0324465248 0.455125406 0.0539078531 0.0324465248 0.455125406 0.0539078531 0.0324465248 0.445170172 0.0582819638 0.0324465248 0.44665572 0.0598500447 0.0283200028 0.455125406 0.0539078531 0.0324465248 0.44665572 0.0598500447 0.0283200028 0.455125406 0.0561361724 0.0283200028 0.455125406 0.0561361724 0.0283200028 0.44665572 0.0598500447 0.0283200028 0.448966572 0.0623053208 0.0250497345 0.455125406 0.0561361724 0.0283200028 0.448966572 0.0623053208 0.0250497345 0.455125406 0.0596127668 0.0250497345 0.455125406 0.0596127668 0.0250497345 0.448966572 0.0623053208 0.0250497345 0.451886087 0.0654027925 0.0229452083 0.455125406 0.0596127668 0.0250497345 0.451886087 0.0654027925 0.0229452083 0.455125406 0.0639791456 0.0229452083 0.455125406 0.0639791456 0.0229452083 0.451886087 0.0654027925 0.0229452083 0.455125406 0.068827807 0.0222127504 0.455125406 0.068827807 0.0518411779 0.450544967 0.068827807 0.0511087199 0.451886087 0.0654027925 0.0511087199 0.451886087 0.0654027925 0.0511087199 0.450544967 0.068827807 0.0511087199 0.446418445 0.068827807 0.0490041938 0.451886087 0.0654027925 0.0511087199 0.446418445 0.068827807 0.0490041938 0.448966572 0.0623053208 0.0490041938 0.448966572 0.0623053208 0.0490041938 0.446418445 0.068827807 0.0490041938 0.443148177 0.068827807 0.0457339254 0.448966572 0.0623053208 0.0490041938 0.443148177 0.068827807 0.0457339254 0.44665572 0.0598500447 0.0457339254 0.44665572 0.0598500447 0.0457339254 0.443148177 0.068827807 0.0457339254 0.441043651 0.068827807 0.0416074035 0.44665572 0.0598500447 0.0457339254 0.441043651 0.068827807 0.0416074035 0.445170172 0.0582819638 0.0416074035 0.445170172 0.0582819638 0.0416074035 0.441043651 0.068827807 0.0416074035 0.440311193 0.068827807 0.0370269641 0.445170172 0.0582819638 0.0416074035 0.440311193 0.068827807 0.0370269641 0.444654357 0.0577352012 0.0370269641 0.444654357 0.0577352012 0.0370269641 0.440311193 0.068827807 0.0370269641 0.441043651 0.068827807 0.0324465248 0.444654357 0.0577352012 0.0370269641 0.441043651 0.068827807 0.0324465248 0.445170172 0.0582819638 0.0324465248 0.445170172 0.0582819638 0.0324465248 0.441043651 0.068827807 0.0324465248 0.443148177 0.068827807 0.0283200028 0.445170172 0.0582819638 0.0324465248 0.443148177 0.068827807 0.0283200028 0.44665572 0.0598500447 0.0283200028 0.44665572 0.0598500447 0.0283200028 0.443148177 0.068827807 0.0283200028 0.446418445 0.068827807 0.0250497345 0.44665572 0.0598500447 0.0283200028 0.446418445 0.068827807 0.0250497345 0.448966572 0.0623053208 0.0250497345 0.448966572 0.0623053208 0.0250497345 0.446418445 0.068827807 0.0250497345 0.450544967 0.068827807 0.0229452083 0.448966572 0.0623053208 0.0250497345 0.450544967 0.068827807 0.0229452083 0.451886087 0.0654027925 0.0229452083 0.451886087 0.0654027925 0.0229452083 0.450544967 0.068827807 0.0229452083 0.455125406 0.068827807 0.0222127504 0.455125406 0.068827807 0.0518411779 0.451886087 0.0722528215 0.0511087199 0.450544967 0.068827807 0.0511087199 0.450544967 0.068827807 0.0511087199 0.451886087 0.0722528215 0.0511087199 0.448966572 0.0753477092 0.0490041938 0.450544967 0.068827807 0.0511087199 0.448966572 0.0753477092 0.0490041938 0.446418445 0.068827807 0.0490041938 0.446418445 0.068827807 0.0490041938 0.448966572 0.0753477092 0.0490041938 0.44665572 0.0778029904 0.0457339254 0.446418445 0.068827807 0.0490041938 0.44665572 0.0778029904 0.0457339254 0.443148177 0.068827807 0.0457339254 0.443148177 0.068827807 0.0457339254 0.44665572 0.0778029904 0.0457339254 0.445170172 0.0793710712 0.0416074035 0.443148177 0.068827807 0.0457339254 0.445170172 0.0793710712 0.0416074035 0.441043651 0.068827807 0.0416074035 0.441043651 0.068827807 0.0416074035 0.445170172 0.0793710712 0.0416074035 0.444654357 0.0799178338 0.0370269641 0.441043651 0.068827807 0.0416074035 0.444654357 0.0799178338 0.0370269641 0.440311193 0.068827807 0.0370269641 0.440311193 0.068827807 0.0370269641 0.444654357 0.0799178338 0.0370269641 0.445170172 0.0793710712 0.0324465248 0.440311193 0.068827807 0.0370269641 0.445170172 0.0793710712 0.0324465248 0.441043651 0.068827807 0.0324465248 0.441043651 0.068827807 0.0324465248 0.445170172 0.0793710712 0.0324465248 0.44665572 0.0778029904 0.0283200028 0.441043651 0.068827807 0.0324465248 0.44665572 0.0778029904 0.0283200028 0.443148177 0.068827807 0.0283200028 0.443148177 0.068827807 0.0283200028 0.44665572 0.0778029904 0.0283200028 0.448966572 0.0753477092 0.0250497345 0.443148177 0.068827807 0.0283200028 0.448966572 0.0753477092 0.0250497345 0.446418445 0.068827807 0.0250497345 0.446418445 0.068827807 0.0250497345 0.448966572 0.0753477092 0.0250497345 0.451886087 0.0722528215 0.0229452083 0.446418445 0.068827807 0.0250497345 0.451886087 0.0722528215 0.0229452083 0.450544967 0.068827807 0.0229452083 0.450544967 0.068827807 0.0229452083 0.451886087 0.0722528215 0.0229452083 0.455125406 0.068827807 0.0222127504 0.455125406 0.068827807 0.0518411779 0.455125406 0.0736764684 0.0511087199 0.451886087 0.0722528215 0.0511087199 0.451886087 0.0722528215 0.0511087199 0.455125406 0.0736764684 0.0511087199 0.455125406 0.0780402682 0.0490041938 0.451886087 0.0722528215 0.0511087199 0.455125406 0.0780402682 0.0490041938 0.448966572 0.0753477092 0.0490041938 0.448966572 0.0753477092 0.0490041938 0.455125406 0.0780402682 0.0490041938 0.455125406 0.0815168626 0.0457339254 0.448966572 0.0753477092 0.0490041938 0.455125406 0.0815168626 0.0457339254 0.44665572 0.0778029904 0.0457339254 0.44665572 0.0778029904 0.0457339254 0.455125406 0.0815168626 0.0457339254 0.455125406 0.083745182 0.0416074035 0.44665572 0.0778029904 0.0457339254 0.455125406 0.083745182 0.0416074035 0.445170172 0.0793710712 0.0416074035 0.445170172 0.0793710712 0.0416074035 0.455125406 0.083745182 0.0416074035 0.455125406 0.0845085904 0.0370269641 0.445170172 0.0793710712 0.0416074035 0.455125406 0.0845085904 0.0370269641 0.444654357 0.0799178338 0.0370269641 0.444654357 0.0799178338 0.0370269641 0.455125406 0.0845085904 0.0370269641 0.455125406 0.083745182 0.0324465248 0.444654357 0.0799178338 0.0370269641 0.455125406 0.083745182 0.0324465248 0.445170172 0.0793710712 0.0324465248 0.445170172 0.0793710712 0.0324465248 0.455125406 0.083745182 0.0324465248 0.455125406 0.0815168626 0.0283200028 0.445170172 0.0793710712 0.0324465248 0.455125406 0.0815168626 0.0283200028 0.44665572 0.0778029904 0.0283200028 0.44665572 0.0778029904 0.0283200028 0.455125406 0.0815168626 0.0283200028 0.455125406 0.0780402682 0.0250497345 0.44665572 0.0778029904 0.0283200028 0.455125406 0.0780402682 0.0250497345 0.448966572 0.0753477092 0.0250497345 0.448966572 0.0753477092 0.0250497345 0.455125406 0.0780402682 0.0250497345 0.455125406 0.0736764684 0.0229452083 0.448966572 0.0753477092 0.0250497345 0.455125406 0.0736764684 0.0229452083 0.451886087 0.0722528215 0.0229452083 0.451886087 0.0722528215 0.0229452083 0.455125406 0.0736764684 0.0229452083 0.455125406 0.068827807 0.0222127504 0.455125406 -0.068827807 0.0518411779 0.455125406 -0.0736764684 0.0511087199 0.458364726 -0.0722528215 0.0511087199 0.455125406 -0.0736764684 0.0511087199 0.461284241 -0.0753477092 0.0490041938 0.458364726 -0.0722528215 0.0511087199 0.455125406 -0.0736764684 0.0511087199 0.455125406 -0.0780402682 0.0490041938 0.461284241 -0.0753477092 0.0490041938 0.455125406 -0.0780402682 0.0490041938 0.463595093 -0.0778029904 0.0457339254 0.461284241 -0.0753477092 0.0490041938 0.455125406 -0.0780402682 0.0490041938 0.455125406 -0.0815168626 0.0457339254 0.463595093 -0.0778029904 0.0457339254 0.455125406 -0.0815168626 0.0457339254 0.465080641 -0.0793710712 0.0416074035 0.463595093 -0.0778029904 0.0457339254 0.455125406 -0.0815168626 0.0457339254 0.455125406 -0.083745182 0.0416074035 0.465080641 -0.0793710712 0.0416074035 0.455125406 -0.083745182 0.0416074035 0.465596456 -0.0799178338 0.0370269641 0.465080641 -0.0793710712 0.0416074035 0.455125406 -0.083745182 0.0416074035 0.455125406 -0.0845085904 0.0370269641 0.465596456 -0.0799178338 0.0370269641 0.455125406 -0.0845085904 0.0370269641 0.465080641 -0.0793710712 0.0324465248 0.465596456 -0.0799178338 0.0370269641 0.455125406 -0.0845085904 0.0370269641 0.455125406 -0.083745182 0.0324465248 0.465080641 -0.0793710712 0.0324465248 0.455125406 -0.083745182 0.0324465248 0.463595093 -0.0778029904 0.0283200028 0.465080641 -0.0793710712 0.0324465248 0.455125406 -0.083745182 0.0324465248 0.455125406 -0.0815168626 0.0283200028 0.463595093 -0.0778029904 0.0283200028 0.455125406 -0.0815168626 0.0283200028 0.461284241 -0.0753477092 0.0250497345 0.463595093 -0.0778029904 0.0283200028 0.455125406 -0.0815168626 0.0283200028 0.455125406 -0.0780402682 0.0250497345 0.461284241 -0.0753477092 0.0250497345 0.455125406 -0.0780402682 0.0250497345 0.458364726 -0.0722528215 0.0229452083 0.461284241 -0.0753477092 0.0250497345 0.455125406 -0.0780402682 0.0250497345 0.455125406 -0.0736764684 0.0229452083 0.458364726 -0.0722528215 0.0229452083 0.455125406 -0.0736764684 0.0229452083 0.455125406 -0.068827807 0.0222127504 0.458364726 -0.0722528215 0.0229452083 0.455125406 -0.068827807 0.0518411779 0.458364726 -0.0722528215 0.0511087199 0.459705846 -0.068827807 0.0511087199 0.458364726 -0.0722528215 0.0511087199 0.463832368 -0.068827807 0.0490041938 0.459705846 -0.068827807 0.0511087199 0.458364726 -0.0722528215 0.0511087199 0.461284241 -0.0753477092 0.0490041938 0.463832368 -0.068827807 0.0490041938 0.461284241 -0.0753477092 0.0490041938 0.467102636 -0.068827807 0.0457339254 0.463832368 -0.068827807 0.0490041938 0.461284241 -0.0753477092 0.0490041938 0.463595093 -0.0778029904 0.0457339254 0.467102636 -0.068827807 0.0457339254 0.463595093 -0.0778029904 0.0457339254 0.469207162 -0.068827807 0.0416074035 0.467102636 -0.068827807 0.0457339254 0.463595093 -0.0778029904 0.0457339254 0.465080641 -0.0793710712 0.0416074035 0.469207162 -0.068827807 0.0416074035 0.465080641 -0.0793710712 0.0416074035 0.46993962 -0.068827807 0.0370269641 0.469207162 -0.068827807 0.0416074035 0.465080641 -0.0793710712 0.0416074035 0.465596456 -0.0799178338 0.0370269641 0.46993962 -0.068827807 0.0370269641 0.465596456 -0.0799178338 0.0370269641 0.469207162 -0.068827807 0.0324465248 0.46993962 -0.068827807 0.0370269641 0.465596456 -0.0799178338 0.0370269641 0.465080641 -0.0793710712 0.0324465248 0.469207162 -0.068827807 0.0324465248 0.465080641 -0.0793710712 0.0324465248 0.467102636 -0.068827807 0.0283200028 0.469207162 -0.068827807 0.0324465248 0.465080641 -0.0793710712 0.0324465248 0.463595093 -0.0778029904 0.0283200028 0.467102636 -0.068827807 0.0283200028 0.463595093 -0.0778029904 0.0283200028 0.463832368 -0.068827807 0.0250497345 0.467102636 -0.068827807 0.0283200028 0.463595093 -0.0778029904 0.0283200028 0.461284241 -0.0753477092 0.0250497345 0.463832368 -0.068827807 0.0250497345 0.461284241 -0.0753477092 0.0250497345 0.459705846 -0.068827807 0.0229452083 0.463832368 -0.068827807 0.0250497345 0.461284241 -0.0753477092 0.0250497345 0.458364726 -0.0722528215 0.0229452083 0.459705846 -0.068827807 0.0229452083 0.458364726 -0.0722528215 0.0229452083 0.455125406 -0.068827807 0.0222127504 0.459705846 -0.068827807 0.0229452083 0.455125406 -0.068827807 0.0518411779 0.459705846 -0.068827807 0.0511087199 0.458364726 -0.0654027925 0.0511087199 0.459705846 -0.068827807 0.0511087199 0.461284241 -0.0623053208 0.0490041938 0.458364726 -0.0654027925 0.0511087199 0.459705846 -0.068827807 0.0511087199 0.463832368 -0.068827807 0.0490041938 0.461284241 -0.0623053208 0.0490041938 0.463832368 -0.068827807 0.0490041938 0.463595093 -0.0598500447 0.0457339254 0.461284241 -0.0623053208 0.0490041938 0.463832368 -0.068827807 0.0490041938 0.467102636 -0.068827807 0.0457339254 0.463595093 -0.0598500447 0.0457339254 0.467102636 -0.068827807 0.0457339254 0.465080641 -0.0582819638 0.0416074035 0.463595093 -0.0598500447 0.0457339254 0.467102636 -0.068827807 0.0457339254 0.469207162 -0.068827807 0.0416074035 0.465080641 -0.0582819638 0.0416074035 0.469207162 -0.068827807 0.0416074035 0.465596456 -0.0577352012 0.0370269641 0.465080641 -0.0582819638 0.0416074035 0.469207162 -0.068827807 0.0416074035 0.46993962 -0.068827807 0.0370269641 0.465596456 -0.0577352012 0.0370269641 0.46993962 -0.068827807 0.0370269641 0.465080641 -0.0582819638 0.0324465248 0.465596456 -0.0577352012 0.0370269641 0.46993962 -0.068827807 0.0370269641 0.469207162 -0.068827807 0.0324465248 0.465080641 -0.0582819638 0.0324465248 0.469207162 -0.068827807 0.0324465248 0.463595093 -0.0598500447 0.0283200028 0.465080641 -0.0582819638 0.0324465248 0.469207162 -0.068827807 0.0324465248 0.467102636 -0.068827807 0.0283200028 0.463595093 -0.0598500447 0.0283200028 0.467102636 -0.068827807 0.0283200028 0.461284241 -0.0623053208 0.0250497345 0.463595093 -0.0598500447 0.0283200028 0.467102636 -0.068827807 0.0283200028 0.463832368 -0.068827807 0.0250497345 0.461284241 -0.0623053208 0.0250497345 0.463832368 -0.068827807 0.0250497345 0.458364726 -0.0654027925 0.0229452083 0.461284241 -0.0623053208 0.0250497345 0.463832368 -0.068827807 0.0250497345 0.459705846 -0.068827807 0.0229452083 0.458364726 -0.0654027925 0.0229452083 0.459705846 -0.068827807 0.0229452083 0.455125406 -0.068827807 0.0222127504 0.458364726 -0.0654027925 0.0229452083 0.455125406 -0.068827807 0.0518411779 0.458364726 -0.0654027925 0.0511087199 0.455125406 -0.0639791456 0.0511087199 0.458364726 -0.0654027925 0.0511087199 0.455125406 -0.0596127668 0.0490041938 0.455125406 -0.0639791456 0.0511087199 0.458364726 -0.0654027925 0.0511087199 0.461284241 -0.0623053208 0.0490041938 0.455125406 -0.0596127668 0.0490041938 0.461284241 -0.0623053208 0.0490041938 0.455125406 -0.0561361724 0.0457339254 0.455125406 -0.0596127668 0.0490041938 0.461284241 -0.0623053208 0.0490041938 0.463595093 -0.0598500447 0.0457339254 0.455125406 -0.0561361724 0.0457339254 0.463595093 -0.0598500447 0.0457339254 0.455125406 -0.0539078531 0.0416074035 0.455125406 -0.0561361724 0.0457339254 0.463595093 -0.0598500447 0.0457339254 0.465080641 -0.0582819638 0.0416074035 0.455125406 -0.0539078531 0.0416074035 0.465080641 -0.0582819638 0.0416074035 0.455125406 -0.0531444446 0.0370269641 0.455125406 -0.0539078531 0.0416074035 0.465080641 -0.0582819638 0.0416074035 0.465596456 -0.0577352012 0.0370269641 0.455125406 -0.0531444446 0.0370269641 0.465596456 -0.0577352012 0.0370269641 0.455125406 -0.0539078531 0.0324465248 0.455125406 -0.0531444446 0.0370269641 0.465596456 -0.0577352012 0.0370269641 0.465080641 -0.0582819638 0.0324465248 0.455125406 -0.0539078531 0.0324465248 0.465080641 -0.0582819638 0.0324465248 0.455125406 -0.0561361724 0.0283200028 0.455125406 -0.0539078531 0.0324465248 0.465080641 -0.0582819638 0.0324465248 0.463595093 -0.0598500447 0.0283200028 0.455125406 -0.0561361724 0.0283200028 0.463595093 -0.0598500447 0.0283200028 0.455125406 -0.0596127668 0.0250497345 0.455125406 -0.0561361724 0.0283200028 0.463595093 -0.0598500447 0.0283200028 0.461284241 -0.0623053208 0.0250497345 0.455125406 -0.0596127668 0.0250497345 0.461284241 -0.0623053208 0.0250497345 0.455125406 -0.0639791456 0.0229452083 0.455125406 -0.0596127668 0.0250497345 0.461284241 -0.0623053208 0.0250497345 0.458364726 -0.0654027925 0.0229452083 0.455125406 -0.0639791456 0.0229452083 0.458364726 -0.0654027925 0.0229452083 0.455125406 -0.068827807 0.0222127504 0.455125406 -0.0639791456 0.0229452083 0.455125406 -0.068827807 0.0518411779 0.455125406 -0.0639791456 0.0511087199 0.451886087 -0.0654027925 0.0511087199 0.455125406 -0.0639791456 0.0511087199 0.448966572 -0.0623053208 0.0490041938 0.451886087 -0.0654027925 0.0511087199 0.455125406 -0.0639791456 0.0511087199 0.455125406 -0.0596127668 0.0490041938 0.448966572 -0.0623053208 0.0490041938 0.455125406 -0.0596127668 0.0490041938 0.44665572 -0.0598500447 0.0457339254 0.448966572 -0.0623053208 0.0490041938 0.455125406 -0.0596127668 0.0490041938 0.455125406 -0.0561361724 0.0457339254 0.44665572 -0.0598500447 0.0457339254 0.455125406 -0.0561361724 0.0457339254 0.445170172 -0.0582819638 0.0416074035 0.44665572 -0.0598500447 0.0457339254 0.455125406 -0.0561361724 0.0457339254 0.455125406 -0.0539078531 0.0416074035 0.445170172 -0.0582819638 0.0416074035 0.455125406 -0.0539078531 0.0416074035 0.444654357 -0.0577352012 0.0370269641 0.445170172 -0.0582819638 0.0416074035 0.455125406 -0.0539078531 0.0416074035 0.455125406 -0.0531444446 0.0370269641 0.444654357 -0.0577352012 0.0370269641 0.455125406 -0.0531444446 0.0370269641 0.445170172 -0.0582819638 0.0324465248 0.444654357 -0.0577352012 0.0370269641 0.455125406 -0.0531444446 0.0370269641 0.455125406 -0.0539078531 0.0324465248 0.445170172 -0.0582819638 0.0324465248 0.455125406 -0.0539078531 0.0324465248 0.44665572 -0.0598500447 0.0283200028 0.445170172 -0.0582819638 0.0324465248 0.455125406 -0.0539078531 0.0324465248 0.455125406 -0.0561361724 0.0283200028 0.44665572 -0.0598500447 0.0283200028 0.455125406 -0.0561361724 0.0283200028 0.448966572 -0.0623053208 0.0250497345 0.44665572 -0.0598500447 0.0283200028 0.455125406 -0.0561361724 0.0283200028 0.455125406 -0.0596127668 0.0250497345 0.448966572 -0.0623053208 0.0250497345 0.455125406 -0.0596127668 0.0250497345 0.451886087 -0.0654027925 0.0229452083 0.448966572 -0.0623053208 0.0250497345 0.455125406 -0.0596127668 0.0250497345 0.455125406 -0.0639791456 0.0229452083 0.451886087 -0.0654027925 0.0229452083 0.455125406 -0.0639791456 0.0229452083 0.455125406 -0.068827807 0.0222127504 0.451886087 -0.0654027925 0.0229452083 0.455125406 -0.068827807 0.0518411779 0.451886087 -0.0654027925 0.0511087199 0.450544967 -0.068827807 0.0511087199 0.451886087 -0.0654027925 0.0511087199 0.446418445 -0.068827807 0.0490041938 0.450544967 -0.068827807 0.0511087199 0.451886087 -0.0654027925 0.0511087199 0.448966572 -0.0623053208 0.0490041938 0.446418445 -0.068827807 0.0490041938 0.448966572 -0.0623053208 0.0490041938 0.443148177 -0.068827807 0.0457339254 0.446418445 -0.068827807 0.0490041938 0.448966572 -0.0623053208 0.0490041938 0.44665572 -0.0598500447 0.0457339254 0.443148177 -0.068827807 0.0457339254 0.44665572 -0.0598500447 0.0457339254 0.441043651 -0.068827807 0.0416074035 0.443148177 -0.068827807 0.0457339254 0.44665572 -0.0598500447 0.0457339254 0.445170172 -0.0582819638 0.0416074035 0.441043651 -0.068827807 0.0416074035 0.445170172 -0.0582819638 0.0416074035 0.440311193 -0.068827807 0.0370269641 0.441043651 -0.068827807 0.0416074035 0.445170172 -0.0582819638 0.0416074035 0.444654357 -0.0577352012 0.0370269641 0.440311193 -0.068827807 0.0370269641 0.444654357 -0.0577352012 0.0370269641 0.441043651 -0.068827807 0.0324465248 0.440311193 -0.068827807 0.0370269641 0.444654357 -0.0577352012 0.0370269641 0.445170172 -0.0582819638 0.0324465248 0.441043651 -0.068827807 0.0324465248 0.445170172 -0.0582819638 0.0324465248 0.443148177 -0.068827807 0.0283200028 0.441043651 -0.068827807 0.0324465248 0.445170172 -0.0582819638 0.0324465248 0.44665572 -0.0598500447 0.0283200028 0.443148177 -0.068827807 0.0283200028 0.44665572 -0.0598500447 0.0283200028 0.446418445 -0.068827807 0.0250497345 0.443148177 -0.068827807 0.0283200028 0.44665572 -0.0598500447 0.0283200028 0.448966572 -0.0623053208 0.0250497345 0.446418445 -0.068827807 0.0250497345 0.448966572 -0.0623053208 0.0250497345 0.450544967 -0.068827807 0.0229452083 0.446418445 -0.068827807 0.0250497345 0.448966572 -0.0623053208 0.0250497345 0.451886087 -0.0654027925 0.0229452083 0.450544967 -0.068827807 0.0229452083 0.451886087 -0.0654027925 0.0229452083 0.455125406 -0.068827807 0.0222127504 0.450544967 -0.068827807 0.0229452083 0.455125406 -0.068827807 0.0518411779 0.450544967 -0.068827807 0.0511087199 0.451886087 -0.0722528215 0.0511087199 0.450544967 -0.068827807 0.0511087199 0.448966572 -0.0753477092 0.0490041938 0.451886087 -0.0722528215 0.0511087199 0.450544967 -0.068827807 0.0511087199 0.446418445 -0.068827807 0.0490041938 0.448966572 -0.0753477092 0.0490041938 0.446418445 -0.068827807 0.0490041938 0.44665572 -0.0778029904 0.0457339254 0.448966572 -0.0753477092 0.0490041938 0.446418445 -0.068827807 0.0490041938 0.443148177 -0.068827807 0.0457339254 0.44665572 -0.0778029904 0.0457339254 0.443148177 -0.068827807 0.0457339254 0.445170172 -0.0793710712 0.0416074035 0.44665572 -0.0778029904 0.0457339254 0.443148177 -0.068827807 0.0457339254 0.441043651 -0.068827807 0.0416074035 0.445170172 -0.0793710712 0.0416074035 0.441043651 -0.068827807 0.0416074035 0.444654357 -0.0799178338 0.0370269641 0.445170172 -0.0793710712 0.0416074035 0.441043651 -0.068827807 0.0416074035 0.440311193 -0.068827807 0.0370269641 0.444654357 -0.0799178338 0.0370269641 0.440311193 -0.068827807 0.0370269641 0.445170172 -0.0793710712 0.0324465248 0.444654357 -0.0799178338 0.0370269641 0.440311193 -0.068827807 0.0370269641 0.441043651 -0.068827807 0.0324465248 0.445170172 -0.0793710712 0.0324465248 0.441043651 -0.068827807 0.0324465248 0.44665572 -0.0778029904 0.0283200028 0.445170172 -0.0793710712 0.0324465248 0.441043651 -0.068827807 0.0324465248 0.443148177 -0.068827807 0.0283200028 0.44665572 -0.0778029904 0.0283200028 0.443148177 -0.068827807 0.0283200028 0.448966572 -0.0753477092 0.0250497345 0.44665572 -0.0778029904 0.0283200028 0.443148177 -0.068827807 0.0283200028 0.446418445 -0.068827807 0.0250497345 0.448966572 -0.0753477092 0.0250497345 0.446418445 -0.068827807 0.0250497345 0.451886087 -0.0722528215 0.0229452083 0.448966572 -0.0753477092 0.0250497345 0.446418445 -0.068827807 0.0250497345 0.450544967 -0.068827807 0.0229452083 0.451886087 -0.0722528215 0.0229452083 0.450544967 -0.068827807 0.0229452083 0.455125406 -0.068827807 0.0222127504 0.451886087 -0.0722528215 0.0229452083 0.455125406 -0.068827807 0.0518411779 0.451886087 -0.0722528215 0.0511087199 0.455125406 -0.0736764684 0.0511087199 0.451886087 -0.0722528215 0.0511087199 0.455125406 -0.0780402682 0.0490041938 0.455125406 -0.0736764684 0.0511087199 0.451886087 -0.0722528215 0.0511087199 0.448966572 -0.0753477092 0.0490041938 0.455125406 -0.0780402682 0.0490041938 0.448966572 -0.0753477092 0.0490041938 0.455125406 -0.0815168626 0.0457339254 0.455125406 -0.0780402682 0.0490041938 0.448966572 -0.0753477092 0.0490041938 0.44665572 -0.0778029904 0.0457339254 0.455125406 -0.0815168626 0.0457339254 0.44665572 -0.0778029904 0.0457339254 0.455125406 -0.083745182 0.0416074035 0.455125406 -0.0815168626 0.0457339254 0.44665572 -0.0778029904 0.0457339254 0.445170172 -0.0793710712 0.0416074035 0.455125406 -0.083745182 0.0416074035 0.445170172 -0.0793710712 0.0416074035 0.455125406 -0.0845085904 0.0370269641 0.455125406 -0.083745182 0.0416074035 0.445170172 -0.0793710712 0.0416074035 0.444654357 -0.0799178338 0.0370269641 0.455125406 -0.0845085904 0.0370269641 0.444654357 -0.0799178338 0.0370269641 0.455125406 -0.083745182 0.0324465248 0.455125406 -0.0845085904 0.0370269641 0.444654357 -0.0799178338 0.0370269641 0.445170172 -0.0793710712 0.0324465248 0.455125406 -0.083745182 0.0324465248 0.445170172 -0.0793710712 0.0324465248 0.455125406 -0.0815168626 0.0283200028 0.455125406 -0.083745182 0.0324465248 0.445170172 -0.0793710712 0.0324465248 0.44665572 -0.0778029904 0.0283200028 0.455125406 -0.0815168626 0.0283200028 0.44665572 -0.0778029904 0.0283200028 0.455125406 -0.0780402682 0.0250497345 0.455125406 -0.0815168626 0.0283200028 0.44665572 -0.0778029904 0.0283200028 0.448966572 -0.0753477092 0.0250497345 0.455125406 -0.0780402682 0.0250497345 0.448966572 -0.0753477092 0.0250497345 0.455125406 -0.0736764684 0.0229452083 0.455125406 -0.0780402682 0.0250497345 0.448966572 -0.0753477092 0.0250497345 0.451886087 -0.0722528215 0.0229452083 0.455125406 -0.0736764684 0.0229452083 0.451886087 -0.0722528215 0.0229452083 0.455125406 -0.068827807 0.0222127504 0.455125406 -0.0736764684 0.0229452083</float_array><technique_common><accessor source="#part1-positions-array" count="864" stride="3"><param name="X" type="float" /><param name="Y" type="float" /><param name="Z" type="float" /></accessor></technique_common></source><source id="part1-normals"><float_array id="part1-normals-array" count="2592">0.0655052159 0.149048429 0.986657809 0.0655052159 0.149048429 0.986657809 0.0655052159 0.149048429 0.986657809 0.187047688 0.425602203 0.885367679 0.187047688 0.425602203 0.885367679 0.187047688 0.425602203 0.885367679 0.186575393 0.426763878 0.884908027 0.186575393 0.426763878 0.884908027 0.186575393 0.426763878 0.884908027 0.287390828 0.657364416 0.696619363 0.287390828 0.657364416 0.696619363 0.287390828 0.657364416 0.696619363 0.287731664 0.656187625 0.697587479 0.287731664 0.656187625 0.697587479 0.287731664 0.656187625 0.697587479 0.360246259 0.82156108 0.441882365 0.360246259 0.82156108 0.441882365 0.360246259 0.82156108 0.441882365 0.360600144 0.820706014 0.443180747 0.360600144 0.820706014 0.443180747 0.360600144 0.820706014 0.443180747 0.397539581 0.904778133 0.152770455 0.397539581 0.904778133 0.152770455 0.397539581 0.904778133 0.152770455 0.396931282 0.905359956 0.150893699 0.396931282 0.905359956 0.150893699 0.396931282 0.905359956 0.150893699 0.396818166 0.905101951 -0.152727868 0.396818166 0.905101951 -0.152727868 0.396818166 0.905101951 -0.152727868 0.397658729 0.905049308 -0.150841924 0.397658729 0.905049308 -0.150841924 0.397658729 0.905049308 -0.150841924 0.36083904 0.821249729 -0.441977453 0.36083904 0.821249729 -0.441977453 0.36083904 0.821249729 -0.441977453 0.359965842 0.820921574 -0.443297149 0.359965842 0.820921574 -0.443297149 0.359965842 0.820921574 -0.443297149 0.288055151 0.656925354 -0.696759147 0.288055151 0.656925354 -0.696759147 0.288055151 0.656925354 -0.696759147 0.286946873 0.656348932 -0.697758964 0.286946873 0.656348932 -0.697758964 0.286946873 0.656348932 -0.697758964 0.186325914 0.426193231 -0.885235552 0.186325914 0.426193231 -0.885235552 0.186325914 0.426193231 -0.885235552 0.187523758 0.426685436 -0.884745375 0.187523758 0.426685436 -0.884745375 0.187523758 0.426685436 -0.884745375 0.0655052159 0.149048429 -0.986657809 0.0655052159 0.149048429 -0.986657809 0.0655052159 0.149048429 -0.986657809 0.157602863 0.0617119417 0.985572409 0.157602863 0.0617119417 0.985572409 0.157602863 0.0617119417 0.985572409 0.447303103 0.175148741 0.877064908 0.447303103 0.175148741 0.877064908 0.447303103 0.175148741 0.877064908 0.447116914 0.174743524 0.877240654 0.447116914 0.174743524 0.877240654 0.447116914 0.174743524 0.877240654 0.681559781 0.266369162 0.681559781 0.681559781 0.266369162 0.681559781 0.681559781 0.266369162 0.681559781 0.681550505 0.266353079 0.681575341 0.681550505 0.266353079 0.681575341 0.681550505 0.266353079 0.681575341 0.841308576 0.32878727 0.429067374 0.841308576 0.32878727 0.429067374 0.841308576 0.32878727 0.429067374 0.841558266 0.329376942 0.428124415 0.841558266 0.329376942 0.428124415 0.841558266 0.329376942 0.428124415 0.921059932 0.360493048 0.147286674 0.921059932 0.360493048 0.147286674 0.921059932 0.360493048 0.147286674 0.921055447 0.360711022 0.146780183 0.921055447 0.360711022 0.146780183 0.921055447 0.360711022 0.146780183 0.92098696 0.3606842 -0.147275005 0.92098696 0.3606842 -0.147275005 0.92098696 0.3606842 -0.147275005 0.921131982 0.360521247 -0.146766149 0.921131982 0.360521247 -0.146766149 0.921131982 0.360521247 -0.146766149 0.841172429 0.32922593 -0.428997939 0.841172429 0.32922593 -0.428997939 0.841172429 0.32922593 -0.428997939 0.841761999 0.32896447 -0.428041019 0.841761999 0.32896447 -0.428041019 0.841761999 0.32896447 -0.428041019 0.681562042 0.266357588 -0.681562042 0.681562042 0.266357588 -0.681562042 0.681562042 0.266357588 -0.681562042 0.681543899 0.266362955 -0.681578088 0.681543899 0.266362955 -0.681578088 0.681543899 0.266362955 -0.681578088 0.447329126 0.174826461 -0.877115934 0.447329126 0.174826461 -0.877115934 0.447329126 0.174826461 -0.877115934 0.446899351 0.174990646 -0.877302253 0.446899351 0.174990646 -0.877302253 0.446899351 0.174990646 -0.877302253 0.157602863 0.0617119417 -0.985572409 0.157602863 0.0617119417 -0.985572409 0.157602863 0.0617119417 -0.985572409 0.157602863 -0.0617119417 0.985572409 0.157602863 -0.0617119417 0.985572409 0.157602863 -0.0617119417 0.985572409 0.446815125 -0.174957665 0.877351731 0.446815125 -0.174957665 0.877351731 0.446815125 -0.174957665 0.877351731 0.447334542 -0.174759315 0.877126553 0.447334542 -0.174759315 0.877126553 0.447334542 -0.174759315 0.877126553 0.681600051 -0.266279366 0.681554598 0.681600051 -0.266279366 0.681554598 0.681600051 -0.266279366 0.681554598 0.681575931 -0.266286499 0.681575931 0.681575931 -0.266286499 0.681575931 0.681575931 -0.266286499 0.681575931 0.841801105 -0.328885248 0.428024993 0.841801105 -0.328885248 0.428024993 0.841801105 -0.328885248 0.428024993 0.841194724 -0.329154141 0.429009309 0.841194724 -0.329154141 0.429009309 0.841194724 -0.329154141 0.429009309 0.921162681 -0.360445094 0.146760516 0.921162681 -0.360445094 0.146760516 0.921162681 -0.360445094 0.146760516 0.921014815 -0.360611248 0.147279459 0.921014815 -0.360611248 0.147279459 0.921014815 -0.360611248 0.147279459 0.921084661 -0.360638596 -0.146774828 0.921084661 -0.360638596 -0.146774828 0.921084661 -0.360638596 -0.146774828 0.921089202 -0.360416342 -0.147291355 0.921089202 -0.360416342 -0.147291355 0.921089202 -0.360416342 -0.147291355 0.841591621 -0.329309444 -0.428110773 0.841591621 -0.329309444 -0.428110773 0.841591621 -0.329309444 -0.428110773 0.841334699 -0.328703027 -0.429080697 0.841334699 -0.328703027 -0.429080697 0.841334699 -0.328703027 -0.429080697 0.681591271 -0.266292492 -0.681558249 0.681591271 -0.266292492 -0.681558249 0.681591271 -0.266292492 -0.681558249 0.681578936 -0.266271117 -0.681578936 0.681578936 -0.266271117 -0.681578936 0.681578936 -0.266271117 -0.681578936 0.447078133 -0.174659144 -0.877277223 0.447078133 -0.174659144 -0.877277223 0.447078133 -0.174659144 -0.877277223 0.447303103 -0.175148741 -0.877064908 0.447303103 -0.175148741 -0.877064908 0.447303103 -0.175148741 -0.877064908 0.157602863 -0.0617119417 -0.985572409 0.157602863 -0.0617119417 -0.985572409 0.157602863 -0.0617119417 -0.985572409 0.0655052159 -0.149048429 0.986657809 0.0655052159 -0.149048429 0.986657809 0.0655052159 -0.149048429 0.986657809 0.18743704 -0.426488122 0.88485888 0.18743704 -0.426488122 0.88485888 0.18743704 -0.426488122 0.88485888 0.186239378 -0.425996089 0.885348647 0.186239378 -0.425996089 0.885348647 0.186239378 -0.425996089 0.885348647 0.28694638 -0.656349033 0.697759071 0.28694638 -0.656349033 0.697759071 0.28694638 -0.656349033 0.697759071 0.288055354 -0.656925817 0.696758626 0.288055354 -0.656925817 0.696758626 0.288055354 -0.656925817 0.696758626 0.359965842 -0.820921574 0.443297149 0.359965842 -0.820921574 0.443297149 0.359965842 -0.820921574 0.443297149 0.36083904 -0.821249729 0.441977453 0.36083904 -0.821249729 0.441977453 0.36083904 -0.821249729 0.441977453 0.397658729 -0.905049308 0.150841924 0.397658729 -0.905049308 0.150841924 0.397658729 -0.905049308 0.150841924 0.396818166 -0.905101951 0.152727868 0.396818166 -0.905101951 0.152727868 0.396818166 -0.905101951 0.152727868 0.396931282 -0.905359956 -0.150893699 0.396931282 -0.905359956 -0.150893699 0.396931282 -0.905359956 -0.150893699 0.397539581 -0.904778133 -0.152770455 0.397539581 -0.904778133 -0.152770455 0.397539581 -0.904778133 -0.152770455 0.360600144 -0.820706014 -0.443180747 0.360600144 -0.820706014 -0.443180747 0.360600144 -0.820706014 -0.443180747 0.360246259 -0.82156108 -0.441882365 0.360246259 -0.82156108 -0.441882365 0.360246259 -0.82156108 -0.441882365 0.287731664 -0.656187625 -0.697587479 0.287731664 -0.656187625 -0.697587479 0.287731664 -0.656187625 -0.697587479 0.287390614 -0.657365155 -0.696618754 0.287390614 -0.657365155 -0.696618754 0.287390614 -0.657365155 -0.696618754 0.186488746 -0.426566483 -0.885021459 0.186488746 -0.426566483 -0.885021459 0.186488746 -0.426566483 -0.885021459 0.186961181 -0.425405368 -0.885480542 0.186961181 -0.425405368 -0.885480542 0.186961181 -0.425405368 -0.885480542 0.0655052159 -0.149048429 -0.986657809 0.0655052159 -0.149048429 -0.986657809 0.0655052159 -0.149048429 -0.986657809 -0.0655052159 -0.149048429 0.986657809 -0.0655052159 -0.149048429 0.986657809 -0.0655052159 -0.149048429 0.986657809 -0.186961181 -0.425405368 0.885480542 -0.186961181 -0.425405368 0.885480542 -0.186961181 -0.425405368 0.885480542 -0.186488746 -0.426566483 0.885021459 -0.186488746 -0.426566483 0.885021459 -0.186488746 -0.426566483 0.885021459 -0.287390614 -0.657365155 0.696618754 -0.287390614 -0.657365155 0.696618754 -0.287390614 -0.657365155 0.696618754 -0.287731664 -0.656187625 0.697587479 -0.287731664 -0.656187625 0.697587479 -0.287731664 -0.656187625 0.697587479 -0.360246259 -0.82156108 0.441882365 -0.360246259 -0.82156108 0.441882365 -0.360246259 -0.82156108 0.441882365 -0.360600144 -0.820706014 0.443180747 -0.360600144 -0.820706014 0.443180747 -0.360600144 -0.820706014 0.443180747 -0.397539581 -0.904778133 0.152770455 -0.397539581 -0.904778133 0.152770455 -0.397539581 -0.904778133 0.152770455 -0.396931282 -0.905359956 0.150893699 -0.396931282 -0.905359956 0.150893699 -0.396931282 -0.905359956 0.150893699 -0.396818166 -0.905101951 -0.152727868 -0.396818166 -0.905101951 -0.152727868 -0.396818166 -0.905101951 -0.152727868 -0.397658729 -0.905049308 -0.150841924 -0.397658729 -0.905049308 -0.150841924 -0.397658729 -0.905049308 -0.150841924 -0.36083904 -0.821249729 -0.441977453 -0.36083904 -0.821249729 -0.441977453 -0.36083904 -0.821249729 -0.441977453 -0.359965842 -0.820921574 -0.443297149 -0.359965842 -0.820921574 -0.443297149 -0.359965842 -0.820921574 -0.443297149 -0.288055354 -0.656925817 -0.696758626 -0.288055354 -0.656925817 -0.696758626 -0.288055354 -0.656925817 -0.696758626 -0.28694638 -0.656349033 -0.697759071 -0.28694638 -0.656349033 -0.697759071 -0.28694638 -0.656349033 -0.697759071 -0.186239378 -0.425996089 -0.885348647 -0.186239378 -0.425996089 -0.885348647 -0.186239378 -0.425996089 -0.885348647 -0.18743704 -0.426488122 -0.88485888 -0.18743704 -0.426488122 -0.88485888 -0.18743704 -0.426488122 -0.88485888 -0.0655052159 -0.149048429 -0.986657809 -0.0655052159 -0.149048429 -0.986657809 -0.0655052159 -0.149048429 -0.986657809 -0.157602863 -0.0617119417 0.985572409 -0.157602863 -0.0617119417 0.985572409 -0.157602863 -0.0617119417 0.985572409 -0.447303103 -0.175148741 0.877064908 -0.447303103 -0.175148741 0.877064908 -0.447303103 -0.175148741 0.877064908 -0.447078133 -0.174659144 0.877277223 -0.447078133 -0.174659144 0.877277223 -0.447078133 -0.174659144 0.877277223 -0.681578936 -0.266271117 0.681578936 -0.681578936 -0.266271117 0.681578936 -0.681578936 -0.266271117 0.681578936 -0.681591271 -0.266292492 0.681558249 -0.681591271 -0.266292492 0.681558249 -0.681591271 -0.266292492 0.681558249 -0.841334699 -0.328703027 0.429080697 -0.841334699 -0.328703027 0.429080697 -0.841334699 -0.328703027 0.429080697 -0.841591621 -0.329309444 0.428110773 -0.841591621 -0.329309444 0.428110773 -0.841591621 -0.329309444 0.428110773 -0.921089202 -0.360416342 0.147291355 -0.921089202 -0.360416342 0.147291355 -0.921089202 -0.360416342 0.147291355 -0.921084661 -0.360638596 0.146774828 -0.921084661 -0.360638596 0.146774828 -0.921084661 -0.360638596 0.146774828 -0.921014815 -0.360611248 -0.147279459 -0.921014815 -0.360611248 -0.147279459 -0.921014815 -0.360611248 -0.147279459 -0.921162681 -0.360445094 -0.146760516 -0.921162681 -0.360445094 -0.146760516 -0.921162681 -0.360445094 -0.146760516 -0.841194724 -0.329154141 -0.429009309 -0.841194724 -0.329154141 -0.429009309 -0.841194724 -0.329154141 -0.429009309 -0.841801105 -0.328885248 -0.428024993 -0.841801105 -0.328885248 -0.428024993 -0.841801105 -0.328885248 -0.428024993 -0.681575931 -0.266286499 -0.681575931 -0.681575931 -0.266286499 -0.681575931 -0.681575931 -0.266286499 -0.681575931 -0.681600051 -0.266279366 -0.681554598 -0.681600051 -0.266279366 -0.681554598 -0.681600051 -0.266279366 -0.681554598 -0.447334542 -0.174759315 -0.877126553 -0.447334542 -0.174759315 -0.877126553 -0.447334542 -0.174759315 -0.877126553 -0.446815125 -0.174957665 -0.877351731 -0.446815125 -0.174957665 -0.877351731 -0.446815125 -0.174957665 -0.877351731 -0.157602863 -0.0617119417 -0.985572409 -0.157602863 -0.0617119417 -0.985572409 -0.157602863 -0.0617119417 -0.985572409 -0.157602863 0.0617119417 0.985572409 -0.157602863 0.0617119417 0.985572409 -0.157602863 0.0617119417 0.985572409 -0.446899351 0.174990646 0.877302253 -0.446899351 0.174990646 0.877302253 -0.446899351 0.174990646 0.877302253 -0.447329126 0.174826461 0.877115934 -0.447329126 0.174826461 0.877115934 -0.447329126 0.174826461 0.877115934 -0.681543899 0.266362955 0.681578088 -0.681543899 0.266362955 0.681578088 -0.681543899 0.266362955 0.681578088 -0.681562042 0.266357588 0.681562042 -0.681562042 0.266357588 0.681562042 -0.681562042 0.266357588 0.681562042 -0.841761999 0.32896447 0.428041019 -0.841761999 0.32896447 0.428041019 -0.841761999 0.32896447 0.428041019 -0.841172429 0.32922593 0.428997939 -0.841172429 0.32922593 0.428997939 -0.841172429 0.32922593 0.428997939 -0.921131982 0.360521247 0.146766149 -0.921131982 0.360521247 0.146766149 -0.921131982 0.360521247 0.146766149 -0.92098696 0.3606842 0.147275005 -0.92098696 0.3606842 0.147275005 -0.92098696 0.3606842 0.147275005 -0.921055447 0.360711022 -0.146780183 -0.921055447 0.360711022 -0.146780183 -0.921055447 0.360711022 -0.146780183 -0.921059932 0.360493048 -0.147286674 -0.921059932 0.360493048 -0.147286674 -0.921059932 0.360493048 -0.147286674 -0.841558266 0.329376942 -0.428124415 -0.841558266 0.329376942 -0.428124415 -0.841558266 0.329376942 -0.428124415 -0.841308576 0.32878727 -0.429067374 -0.841308576 0.32878727 -0.429067374 -0.841308576 0.32878727 -0.429067374 -0.681550505 0.266353079 -0.681575341 -0.681550505 0.266353079 -0.681575341 -0.681550505 0.266353079 -0.681575341 -0.681559781 0.266369162 -0.681559781 -0.681559781 0.266369162 -0.681559781 -0.681559781 0.266369162 -0.681559781 -0.447116914 0.174743524 -0.877240654 -0.447116914 0.174743524 -0.877240654 -0.447116914 0.174743524 -0.877240654 -0.447303103 0.175148741 -0.877064908 -0.447303103 0.175148741 -0.877064908 -0.447303103 0.175148741 -0.877064908 -0.157602863 0.0617119417 -0.985572409 -0.157602863 0.0617119417 -0.985572409 -0.157602863 0.0617119417 -0.985572409 -0.0655052159 0.149048429 0.986657809 -0.0655052159 0.149048429 0.986657809 -0.0655052159 0.149048429 0.986657809 -0.187523758 0.426685436 0.884745375 -0.187523758 0.426685436 0.884745375 -0.187523758 0.426685436 0.884745375 -0.186325914 0.426193231 0.885235552 -0.186325914 0.426193231 0.885235552 -0.186325914 0.426193231 0.885235552 -0.286946873 0.656348932 0.697758964 -0.286946873 0.656348932 0.697758964 -0.286946873 0.656348932 0.697758964 -0.288055151 0.656925354 0.696759147 -0.288055151 0.656925354 0.696759147 -0.288055151 0.656925354 0.696759147 -0.359965842 0.820921574 0.443297149 -0.359965842 0.820921574 0.443297149 -0.359965842 0.820921574 0.443297149 -0.36083904 0.821249729 0.441977453 -0.36083904 0.821249729 0.441977453 -0.36083904 0.821249729 0.441977453 -0.397658729 0.905049308 0.150841924 -0.397658729 0.905049308 0.150841924 -0.397658729 0.905049308 0.150841924 -0.396818166 0.905101951 0.152727868 -0.396818166 0.905101951 0.152727868 -0.396818166 0.905101951 0.152727868 -0.396931282 0.905359956 -0.150893699 -0.396931282 0.905359956 -0.150893699 -0.396931282 0.905359956 -0.150893699 -0.397539581 0.904778133 -0.152770455 -0.397539581 0.904778133 -0.152770455 -0.397539581 0.904778133 -0.152770455 -0.360600144 0.820706014 -0.443180747 -0.360600144 0.820706014 -0.443180747 -0.360600144 0.820706014 -0.443180747 -0.360246259 0.82156108 -0.441882365 -0.360246259 0.82156108 -0.441882365 -0.360246259 0.82156108 -0.441882365 -0.287731664 0.656187625 -0.697587479 -0.287731664 0.656187625 -0.697587479 -0.287731664 0.656187625 -0.697587479 -0.287390828 0.657364416 -0.696619363 -0.287390828 0.657364416 -0.696619363 -0.287390828 0.657364416 -0.696619363 -0.186575393 0.426763878 -0.884908027 -0.186575393 0.426763878 -0.884908027 -0.186575393 0.426763878 -0.884908027 -0.187047688 0.425602203 -0.885367679 -0.187047688 0.425602203 -0.885367679 -0.187047688 0.425602203 -0.885367679 -0.0655052159 0.149048429 -0.986657809 -0.0655052159 0.149048429 -0.986657809 -0.0655052159 0.149048429 -0.986657809 0.0655052159 -0.149048429 0.986657809 0.0655052159 -0.149048429 0.986657809 0.0655052159 -0.149048429 0.986657809 0.187047688 -0.425602203 0.885367679 0.187047688 -0.425602203 0.885367679 0.187047688 -0.425602203 0.885367679 0.186575393 -0.426763878 0.884908027 0.186575393 -0.426763878 0.884908027 0.186575393 -0.426763878 0.884908027 0.287390828 -0.657364416 0.696619363 0.287390828 -0.657364416 0.696619363 0.287390828 -0.657364416 0.696619363 0.287731664 -0.656187625 0.697587479 0.287731664 -0.656187625 0.697587479 0.287731664 -0.656187625 0.697587479 0.360246259 -0.82156108 0.441882365 0.360246259 -0.82156108 0.441882365 0.360246259 -0.82156108 0.441882365 0.360600144 -0.820706014 0.443180747 0.360600144 -0.820706014 0.443180747 0.360600144 -0.820706014 0.443180747 0.397539581 -0.904778133 0.152770455 0.397539581 -0.904778133 0.152770455 0.397539581 -0.904778133 0.152770455 0.396931282 -0.905359956 0.150893699 0.396931282 -0.905359956 0.150893699 0.396931282 -0.905359956 0.150893699 0.396818166 -0.905101951 -0.152727868 0.396818166 -0.905101951 -0.152727868 0.396818166 -0.905101951 -0.152727868 0.397658729 -0.905049308 -0.150841924 0.397658729 -0.905049308 -0.150841924 0.397658729 -0.905049308 -0.150841924 0.36083904 -0.821249729 -0.441977453 0.36083904 -0.821249729 -0.441977453 0.36083904 -0.821249729 -0.441977453 0.359965842 -0.820921574 -0.443297149 0.359965842 -0.820921574 -0.443297149 0.359965842 -0.820921574 -0.443297149 0.288055151 -0.656925354 -0.696759147 0.288055151 -0.656925354 -0.696759147 0.288055151 -0.656925354 -0.696759147 0.286946873 -0.656348932 -0.697758964 0.286946873 -0.656348932 -0.697758964 0.286946873 -0.656348932 -0.697758964 0.186325914 -0.426193231 -0.885235552 0.186325914 -0.426193231 -0.885235552 0.186325914 -0.426193231 -0.885235552 0.187523758 -0.426685436 -0.884745375 0.187523758 -0.426685436 -0.884745375 0.187523758 -0.426685436 -0.884745375 0.0655052159 -0.149048429 -0.986657809 0.0655052159 -0.149048429 -0.986657809 0.0655052159 -0.149048429 -0.986657809 0.157602863 -0.0617119417 0.985572409 0.157602863 -0.0617119417 0.985572409 0.157602863 -0.0617119417 0.985572409 0.447303103 -0.175148741 0.877064908 0.447303103 -0.175148741 0.877064908 0.447303103 -0.175148741 0.877064908 0.447116914 -0.174743524 0.877240654 0.447116914 -0.174743524 0.877240654 0.447116914 -0.174743524 0.877240654 0.681559781 -0.266369162 0.681559781 0.681559781 -0.266369162 0.681559781 0.681559781 -0.266369162 0.681559781 0.681550505 -0.266353079 0.681575341 0.681550505 -0.266353079 0.681575341 0.681550505 -0.266353079 0.681575341 0.841308576 -0.32878727 0.429067374 0.841308576 -0.32878727 0.429067374 0.841308576 -0.32878727 0.429067374 0.841558266 -0.329376942 0.428124415 0.841558266 -0.329376942 0.428124415 0.841558266 -0.329376942 0.428124415 0.921059932 -0.360493048 0.147286674 0.921059932 -0.360493048 0.147286674 0.921059932 -0.360493048 0.147286674 0.921055447 -0.360711022 0.146780183 0.921055447 -0.360711022 0.146780183 0.921055447 -0.360711022 0.146780183 0.92098696 -0.3606842 -0.147275005 0.92098696 -0.3606842 -0.147275005 0.92098696 -0.3606842 -0.147275005 0.921131982 -0.360521247 -0.146766149 0.921131982 -0.360521247 -0.146766149 0.921131982 -0.360521247 -0.146766149 0.841172429 -0.32922593 -0.428997939 0.841172429 -0.32922593 -0.428997939 0.841172429 -0.32922593 -0.428997939 0.841761999 -0.32896447 -0.428041019 0.841761999 -0.32896447 -0.428041019 0.841761999 -0.32896447 -0.428041019 0.681562042 -0.266357588 -0.681562042 0.681562042 -0.266357588 -0.681562042 0.681562042 -0.266357588 -0.681562042 0.681543899 -0.266362955 -0.681578088 0.681543899 -0.266362955 -0.681578088 0.681543899 -0.266362955 -0.681578088 0.447329126 -0.174826461 -0.877115934 0.447329126 -0.174826461 -0.877115934 0.447329126 -0.174826461 -0.877115934 0.446899351 -0.174990646 -0.877302253 0.446899351 -0.174990646 -0.877302253 0.446899351 -0.174990646 -0.877302253 0.157602863 -0.0617119417 -0.985572409 0.157602863 -0.0617119417 -0.985572409 0.157602863 -0.0617119417 -0.985572409 0.157602863 0.0617119417 0.985572409 0.157602863 0.0617119417 0.985572409 0.157602863 0.0617119417 0.985572409 0.446815125 0.174957665 0.877351731 0.446815125 0.174957665 0.877351731 0.446815125 0.174957665 0.877351731 0.447334542 0.174759315 0.877126553 0.447334542 0.174759315 0.877126553 0.447334542 0.174759315 0.877126553 0.681600051 0.266279366 0.681554598 0.681600051 0.266279366 0.681554598 0.681600051 0.266279366 0.681554598 0.681575931 0.266286499 0.681575931 0.681575931 0.266286499 0.681575931 0.681575931 0.266286499 0.681575931 0.841801105 0.328885248 0.428024993 0.841801105 0.328885248 0.428024993 0.841801105 0.328885248 0.428024993 0.841194724 0.329154141 0.429009309 0.841194724 0.329154141 0.429009309 0.841194724 0.329154141 0.429009309 0.921162681 0.360445094 0.146760516 0.921162681 0.360445094 0.146760516 0.921162681 0.360445094 0.146760516 0.921014815 0.360611248 0.147279459 0.921014815 0.360611248 0.147279459 0.921014815 0.360611248 0.147279459 0.921084661 0.360638596 -0.146774828 0.921084661 0.360638596 -0.146774828 0.921084661 0.360638596 -0.146774828 0.921089202 0.360416342 -0.147291355 0.921089202 0.360416342 -0.147291355 0.921089202 0.360416342 -0.147291355 0.841591621 0.329309444 -0.428110773 0.841591621 0.329309444 -0.428110773 0.841591621 0.329309444 -0.428110773 0.841334699 0.328703027 -0.429080697 0.841334699 0.328703027 -0.429080697 0.841334699 0.328703027 -0.429080697 0.681591271 0.266292492 -0.681558249 0.681591271 0.266292492 -0.681558249 0.681591271 0.266292492 -0.681558249 0.681578936 0.266271117 -0.681578936 0.681578936 0.266271117 -0.681578936 0.681578936 0.266271117 -0.681578936 0.447078133 0.174659144 -0.877277223 0.447078133 0.174659144 -0.877277223 0.447078133 0.174659144 -0.877277223 0.447303103 0.175148741 -0.877064908 0.447303103 0.175148741 -0.877064908 0.447303103 0.175148741 -0.877064908 0.157602863 0.0617119417 -0.985572409 0.157602863 0.0617119417 -0.985572409 0.157602863 0.0617119417 -0.985572409 0.0655052159 0.149048429 0.986657809 0.0655052159 0.149048429 0.986657809 0.0655052159 0.149048429 0.986657809 0.18743704 0.426488122 0.88485888 0.18743704 0.426488122 0.88485888 0.18743704 0.426488122 0.88485888 0.186239378 0.425996089 0.885348647 0.186239378 0.425996089 0.885348647 0.186239378 0.425996089 0.885348647 0.28694638 0.656349033 0.697759071 0.28694638 0.656349033 0.697759071 0.28694638 0.656349033 0.697759071 0.288055354 0.656925817 0.696758626 0.288055354 0.656925817 0.696758626 0.288055354 0.656925817 0.696758626 0.359965842 0.820921574 0.443297149 0.359965842 0.820921574 0.443297149 0.359965842 0.820921574 0.443297149 0.36083904 0.821249729 0.441977453 0.36083904 0.821249729 0.441977453 0.36083904 0.821249729 0.441977453 0.397658729 0.905049308 0.150841924 0.397658729 0.905049308 0.150841924 0.397658729 0.905049308 0.150841924 0.396818166 0.905101951 0.152727868 0.396818166 0.905101951 0.152727868 0.396818166 0.905101951 0.152727868 0.396931282 0.905359956 -0.150893699 0.396931282 0.905359956 -0.150893699 0.396931282 0.905359956 -0.150893699 0.397539581 0.904778133 -0.152770455 0.397539581 0.904778133 -0.152770455 0.397539581 0.904778133 -0.152770455 0.360600144 0.820706014 -0.443180747 0.360600144 0.820706014 -0.443180747 0.360600144 0.820706014 -0.443180747 0.360246259 0.82156108 -0.441882365 0.360246259 0.82156108 -0.441882365 0.360246259 0.82156108 -0.441882365 0.287731664 0.656187625 -0.697587479 0.287731664 0.656187625 -0.697587479 0.287731664 0.656187625 -0.697587479 0.287390614 0.657365155 -0.696618754 0.287390614 0.657365155 -0.696618754 0.287390614 0.657365155 -0.696618754 0.186488746 0.426566483 -0.885021459 0.186488746 0.426566483 -0.885021459 0.186488746 0.426566483 -0.885021459 0.186961181 0.425405368 -0.885480542 0.186961181 0.425405368 -0.885480542 0.186961181 0.425405368 -0.885480542 0.0655052159 0.149048429 -0.986657809 0.0655052159 0.149048429 -0.986657809 0.0655052159 0.149048429 -0.986657809 -0.0655052159 0.149048429 0.986657809 -0.0655052159 0.149048429 0.986657809 -0.0655052159 0.149048429 0.986657809 -0.186961181 0.425405368 0.885480542 -0.186961181 0.425405368 0.885480542 -0.186961181 0.425405368 0.885480542 -0.186488746 0.426566483 0.885021459 -0.186488746 0.426566483 0.885021459 -0.186488746 0.426566483 0.885021459 -0.287390614 0.657365155 0.696618754 -0.287390614 0.657365155 0.696618754 -0.287390614 0.657365155 0.696618754 -0.287731664 0.656187625 0.697587479 -0.287731664 0.656187625 0.697587479 -0.287731664 0.656187625 0.697587479 -0.360246259 0.82156108 0.441882365 -0.360246259 0.82156108 0.441882365 -0.360246259 0.82156108 0.441882365 -0.360600144 0.820706014 0.443180747 -0.360600144 0.820706014 0.443180747 -0.360600144 0.820706014 0.443180747 -0.397539581 0.904778133 0.152770455 -0.397539581 0.904778133 0.152770455 -0.397539581 0.904778133 0.152770455 -0.396931282 0.905359956 0.150893699 -0.396931282 0.905359956 0.150893699 -0.396931282 0.905359956 0.150893699 -0.396818166 0.905101951 -0.152727868 -0.396818166 0.905101951 -0.152727868 -0.396818166 0.905101951 -0.152727868 -0.397658729 0.905049308 -0.150841924 -0.397658729 0.905049308 -0.150841924 -0.397658729 0.905049308 -0.150841924 -0.36083904 0.821249729 -0.441977453 -0.36083904 0.821249729 -0.441977453 -0.36083904 0.821249729 -0.441977453 -0.359965842 0.820921574 -0.443297149 -0.359965842 0.820921574 -0.443297149 -0.359965842 0.820921574 -0.443297149 -0.288055354 0.656925817 -0.696758626 -0.288055354 0.656925817 -0.696758626 -0.288055354 0.656925817 -0.696758626 -0.28694638 0.656349033 -0.697759071 -0.28694638 0.656349033 -0.697759071 -0.28694638 0.656349033 -0.697759071 -0.186239378 0.425996089 -0.885348647 -0.186239378 0.425996089 -0.885348647 -0.186239378 0.425996089 -0.885348647 -0.18743704 0.426488122 -0.88485888 -0.18743704 0.426488122 -0.88485888 -0.18743704 0.426488122 -0.88485888 -0.0655052159 0.149048429 -0.986657809 -0.0655052159 0.149048429 -0.986657809 -0.0655052159 0.149048429 -0.986657809 -0.157602863 0.0617119417 0.985572409 -0.157602863 0.0617119417 0.985572409 -0.157602863 0.0617119417 0.985572409 -0.447303103 0.175148741 0.877064908 -0.447303103 0.175148741 0.877064908 -0.447303103 0.175148741 0.877064908 -0.447078133 0.174659144 0.877277223 -0.447078133 0.174659144 0.877277223 -0.447078133 0.174659144 0.877277223 -0.681578936 0.266271117 0.681578936 -0.681578936 0.266271117 0.681578936 -0.681578936 0.266271117 0.681578936 -0.681591271 0.266292492 0.681558249 -0.681591271 0.266292492 0.681558249 -0.681591271 0.266292492 0.681558249 -0.841334699 0.328703027 0.429080697 -0.841334699 0.328703027 0.429080697 -0.841334699 0.328703027 0.429080697 -0.841591621 0.329309444 0.428110773 -0.841591621 0.329309444 0.428110773 -0.841591621 0.329309444 0.428110773 -0.921089202 0.360416342 0.147291355 -0.921089202 0.360416342 0.147291355 -0.921089202 0.360416342 0.147291355 -0.921084661 0.360638596 0.146774828 -0.921084661 0.360638596 0.146774828 -0.921084661 0.360638596 0.146774828 -0.921014815 0.360611248 -0.147279459 -0.921014815 0.360611248 -0.147279459 -0.921014815 0.360611248 -0.147279459 -0.921162681 0.360445094 -0.146760516 -0.921162681 0.360445094 -0.146760516 -0.921162681 0.360445094 -0.146760516 -0.841194724 0.329154141 -0.429009309 -0.841194724 0.329154141 -0.429009309 -0.841194724 0.329154141 -0.429009309 -0.841801105 0.328885248 -0.428024993 -0.841801105 0.328885248 -0.428024993 -0.841801105 0.328885248 -0.428024993 -0.681575931 0.266286499 -0.681575931 -0.681575931 0.266286499 -0.681575931 -0.681575931 0.266286499 -0.681575931 -0.681600051 0.266279366 -0.681554598 -0.681600051 0.266279366 -0.681554598 -0.681600051 0.266279366 -0.681554598 -0.447334542 0.174759315 -0.877126553 -0.447334542 0.174759315 -0.877126553 -0.447334542 0.174759315 -0.877126553 -0.446815125 0.174957665 -0.877351731 -0.446815125 0.174957665 -0.877351731 -0.446815125 0.174957665 -0.877351731 -0.157602863 0.0617119417 -0.985572409 -0.157602863 0.0617119417 -0.985572409 -0.157602863 0.0617119417 -0.985572409 -0.157602863 -0.0617119417 0.985572409 -0.157602863 -0.0617119417 0.985572409 -0.157602863 -0.0617119417 0.985572409 -0.446899351 -0.174990646 0.877302253 -0.446899351 -0.174990646 0.877302253 -0.446899351 -0.174990646 0.877302253 -0.447329126 -0.174826461 0.877115934 -0.447329126 -0.174826461 0.877115934 -0.447329126 -0.174826461 0.877115934 -0.681543899 -0.266362955 0.681578088 -0.681543899 -0.266362955 0.681578088 -0.681543899 -0.266362955 0.681578088 -0.681562042 -0.266357588 0.681562042 -0.681562042 -0.266357588 0.681562042 -0.681562042 -0.266357588 0.681562042 -0.841761999 -0.32896447 0.428041019 -0.841761999 -0.32896447 0.428041019 -0.841761999 -0.32896447 0.428041019 -0.841172429 -0.32922593 0.428997939 -0.841172429 -0.32922593 0.428997939 -0.841172429 -0.32922593 0.428997939 -0.921131982 -0.360521247 0.146766149 -0.921131982 -0.360521247 0.146766149 -0.921131982 -0.360521247 0.146766149 -0.92098696 -0.3606842 0.147275005 -0.92098696 -0.3606842 0.147275005 -0.92098696 -0.3606842 0.147275005 -0.921055447 -0.360711022 -0.146780183 -0.921055447 -0.360711022 -0.146780183 -0.921055447 -0.360711022 -0.146780183 -0.921059932 -0.360493048 -0.147286674 -0.921059932 -0.360493048 -0.147286674 -0.921059932 -0.360493048 -0.147286674 -0.841558266 -0.329376942 -0.428124415 -0.841558266 -0.329376942 -0.428124415 -0.841558266 -0.329376942 -0.428124415 -0.841308576 -0.32878727 -0.429067374 -0.841308576 -0.32878727 -0.429067374 -0.841308576 -0.32878727 -0.429067374 -0.681550505 -0.266353079 -0.681575341 -0.681550505 -0.266353079 -0.681575341 -0.681550505 -0.266353079 -0.681575341 -0.681559781 -0.266369162 -0.681559781 -0.681559781 -0.266369162 -0.681559781 -0.681559781 -0.266369162 -0.681559781 -0.447116914 -0.174743524 -0.877240654 -0.447116914 -0.174743524 -0.877240654 -0.447116914 -0.174743524 -0.877240654 -0.447303103 -0.175148741 -0.877064908 -0.447303103 -0.175148741 -0.877064908 -0.447303103 -0.175148741 -0.877064908 -0.157602863 -0.0617119417 -0.985572409 -0.157602863 -0.0617119417 -0.985572409 -0.157602863 -0.0617119417 -0.985572409 -0.0655052159 -0.149048429 0.986657809 -0.0655052159 -0.149048429 0.986657809 -0.0655052159 -0.149048429 0.986657809 -0.187523758 -0.426685436 0.884745375 -0.187523758 -0.426685436 0.884745375 -0.187523758 -0.426685436 0.884745375 -0.186325914 -0.426193231 0.885235552 -0.186325914 -0.426193231 0.885235552 -0.186325914 -0.426193231 0.885235552 -0.286946873 -0.656348932 0.697758964 -0.286946873 -0.656348932 0.697758964 -0.286946873 -0.656348932 0.697758964 -0.288055151 -0.656925354 0.696759147 -0.288055151 -0.656925354 0.696759147 -0.288055151 -0.656925354 0.696759147 -0.359965842 -0.820921574 0.443297149 -0.359965842 -0.820921574 0.443297149 -0.359965842 -0.820921574 0.443297149 -0.36083904 -0.821249729 0.441977453 -0.36083904 -0.821249729 0.441977453 -0.36083904 -0.821249729 0.441977453 -0.397658729 -0.905049308 0.150841924 -0.397658729 -0.905049308 0.150841924 -0.397658729 -0.905049308 0.150841924 -0.396818166 -0.905101951 0.152727868 -0.396818166 -0.905101951 0.152727868 -0.396818166 -0.905101951 0.152727868 -0.396931282 -0.905359956 -0.150893699 -0.396931282 -0.905359956 -0.150893699 -0.396931282 -0.905359956 -0.150893699 -0.397539581 -0.904778133 -0.152770455 -0.397539581 -0.904778133 -0.152770455 -0.397539581 -0.904778133 -0.152770455 -0.360600144 -0.820706014 -0.443180747 -0.360600144 -0.820706014 -0.443180747 -0.360600144 -0.820706014 -0.443180747 -0.360246259 -0.82156108 -0.441882365 -0.360246259 -0.82156108 -0.441882365 -0.360246259 -0.82156108 -0.441882365 -0.287731664 -0.656187625 -0.697587479 -0.287731664 -0.656187625 -0.697587479 -0.287731664 -0.656187625 -0.697587479 -0.287390828 -0.657364416 -0.696619363 -0.287390828 -0.657364416 -0.696619363 -0.287390828 -0.657364416 -0.696619363 -0.186575393 -0.426763878 -0.884908027 -0.186575393 -0.426763878 -0.884908027 -0.186575393 -0.426763878 -0.884908027 -0.187047688 -0.425602203 -0.885367679 -0.187047688 -0.425602203 -0.885367679 -0.187047688 -0.425602203 -0.885367679 -0.0655052159 -0.149048429 -0.986657809 -0.0655052159 -0.149048429 -0.986657809 -0.0655052159 -0.149048429 -0.986657809</float_array><technique_common><accessor source="#part1-normals-array" count="864" stride="3"><param name="X" type="float" /><param name="Y" type="float" /><param name="Z" type="float" /></accessor></technique_common></source><vertices id="part1-vertices"><input semantic="POSITION" source="#part1-positions" /></vertices><triangles count="288" material="material"><input semantic="VERTEX" source="#part1-vertices" offset="0" /><input semantic="NORMAL" source="#part1-normals" offset="0" /><p>0 1 2 3 4 5 6 7 8 9 10 11 12 13 14 15 16 17 18 19 20 21 22 23 24 25 26 27 28 29 30 31 32 33 34 35 36 37 38 39 40 41 42 43 44 45 46 47 48 49 50 51 52 53 54 55 56 57 58 59 60 61 62 63 64 65 66 67 68 69 70 71 72 73 74 75 76 77 78 79 80 81 82 83 84 85 86 87 88 89 90 91 92 93 94 95 96 97 98 99 100 101 102 103 104 105 106 107 108 109 110 111 112 113 114 115 116 117 118 119 120 121 122 123 124 125 126 127 128 129 130 131 132 133 134 135 136 137 138 139 140 141 142 143 144 145 146 147 148 149 150 151 152 153 154 155 156 157 158 159 160 161 162 163 164 165 166 167 168 169 170 171 172 173 174 175 176 177 178 179 180 181 182 183 184 185 186 187 188 189 190 191 192 193 194 195 196 197 198 199 200 201 202 203 204 205 206 207 208 209 210 211 212 213 214 215 216 217 218 219 220 221 222 223 224 225 226 227 228 229 230 231 232 233 234 235 236 237 238 239 240 241 242 243 244 245 246 247 248 249 250 251 252 253 254 255 256 257 258 259 260 261 262 263 264 265 266 267 268 269 270 271 272 273 274 275 276 277 278 279 280 281 282 283 284 285 286 287 288 289 290 291 292 293 294 295 296 297 298 299 300 301 302 303 304 305 306 307 308 309 310 311 312 313 314 315 316 317 318 319 320 321 322 323 324 325 326 327 328 329 330 331 332 333 334 335 336 337 338 339 340 341 342 343 344 345 346 347 348 349 350 351 352 353 354 355 356 357 358 359 360 361 362 363 364 365 366 367 368 369 370 371 372 373 374 375 376 377 378 379 380 381 382 383 384 385 386 387 388 389 390 391 392 393 394 395 396 397 398 399 400 401 402 403 404 405 406 407 408 409 410 411 412 413 414 415 416 417 418 419 420 421 422 423 424 425 426 427 428 429 430 431 432 433 434 435 436 437 438 439 440 441 442 443 444 445 446 447 448 449 450 451 452 453 454 455 456 457 458 459 460 461 462 463 464 465 466 467 468 469 470 471 472 473 474 475 476 477 478 479 480 481 482 483 484 485 486 487 488 489 490 491 492 493 494 495 496 497 498 499 500 501 502 503 504 505 506 507 508 509 510 511 512 513 514 515 516 517 518 519 520 521 522 523 524 525 526 527 528 529 530 531 532 533 534 535 536 537 538 539 540 541 542 543 544 545 546 547 548 549 550 551 552 553 554 555 556 557 558 559 560 561 562 563 564 565 566 567 568 569 570 571 572 573 574 575 576 577 578 579 580 581 582 583 584 585 586 587 588 589 590 591 592 593 594 595 596 597 598 599 600 601 602 603 604 605 606 607 608 609 610 611 612 613 614 615 616 617 618 619 620 621 622 623 624 625 626 627 628 629 630 631 632 633 634 635 636 637 638 639 640 641 642 643 644 645 646 647 648 649 650 651 652 653 654 655 656 657 658 659 660 661 662 663 664 665 666 667 668 669 670 671 672 673 674 675 676 677 678 679 680 681 682 683 684 685 686 687 688 689 690 691 692 693 694 695 696 697 698 699 700 701 702 703 704 705 706 707 708 709 710 711 712 713 714 715 716 717 718 719 720 721 722 723 724 725 726 727 728 729 730 731 732 733 734 735 736 737 738 739 740 741 742 743 744 745 746 747 748 749 750 751 752 753 754 755 756 757 758 759 760 761 762 763 764 765 766 767 768 769 770 771 772 773 774 775 776 777 778 779 780 781 782 783 784 785 786 787 788 789 790 791 792 793 794 795 796 797 798 799 800 801 802 803 804 805 806 807 808 809 810 811 812 813 814 815 816 817 818 819 820 821 822 823 824 825 826 827 828 829 830 831 832 833 834 835 836 837 838 839 840 841 842 843 844 845 846 847 848 849 850 851 852 853 854 855 856 857 858 859 860 861 862 863</p></triangles></mesh></geometry><geometry id="part2"><mesh><source id="part2-positions"><float_array id="part2-positions-array" count="2268">-0.071964249 0 -0.00132790727 -0.0240960354 0.0727800864 -0.00472884588 -0.071964249 0.0807722921 -0.00472884588 -0.071964249 0.0807722921 -0.00472884588 -0.0240960354 0.0727800864 -0.00472884588 0.0191490231 0.138428829 -0.0146340783 -0.071964249 0.0807722921 -0.00472884588 0.0191490231 0.138428829 -0.0146340783 -0.071964249 0.153605522 -0.0146340783 -0.071964249 0.153605522 -0.0146340783 0.0191490231 0.138428829 -0.0146340783 0.0534134822 0.190516328 -0.0300233281 -0.071964249 0.153605522 -0.0146340783 0.0534134822 0.190516328 -0.0300233281 -0.071964249 0.211432106 -0.0300233281 -0.071964249 0.211432106 -0.0300233281 0.0534134822 0.190516328 -0.0300233281 0.075434552 0.223973058 -0.04945119 -0.071964249 0.211432106 -0.0300233281 0.075434552 0.223973058 -0.04945119 -0.071964249 0.248587347 -0.04945119 -0.071964249 0.248587347 -0.04945119 0.075434552 0.223973058 -0.04945119 0.0830016482 0.235493739 -0.0710046384 -0.071964249 0.248587347 -0.04945119 0.0830016482 0.235493739 -0.0710046384 -0.071964249 0.26139401 -0.0710046384 -0.071964249 0.26139401 -0.0710046384 0.0830016482 0.235493739 -0.0710046384 0.075434552 0.223973058 -0.0925580869 -0.071964249 0.26139401 -0.0710046384 0.075434552 0.223973058 -0.0925580869 -0.071964249 0.248587347 -0.0925580869 -0.071964249 0.248587347 -0.0925580869 0.075434552 0.223973058 -0.0925580869 0.0534134822 0.190516328 -0.111985949 -0.071964249 0.248587347 -0.0925580869 0.0534134822 0.190516328 -0.111985949 -0.071964249 0.211432106 -0.111985949 -0.071964249 0.211432106 -0.111985949 0.0534134822 0.190516328 -0.111985949 0.0191490231 0.138428829 -0.127375199 -0.071964249 0.211432106 -0.111985949 0.0191490231 0.138428829 -0.127375199 -0.071964249 0.153605522 -0.127375199 -0.071964249 0.153605522 -0.127375199 0.0191490231 0.138428829 -0.127375199 -0.0240960354 0.0727800864 -0.137280431 -0.071964249 0.153605522 -0.127375199 -0.0240960354 0.0727800864 -0.137280431 -0.071964249 0.0807722921 -0.137280431 -0.071964249 0.0807722921 -0.137280431 -0.0240960354 0.0727800864 -0.137280431 -0.071964249 0 -0.14068137 -0.071964249 0 -0.00132790727 0.0143345709 0.0503338915 -0.00472884588 -0.0240960354 0.0727800864 -0.00472884588 -0.0240960354 0.0727800864 -0.00472884588 0.0143345709 0.0503338915 -0.00472884588 0.0921841824 0.0957895653 -0.0146340783 -0.0240960354 0.0727800864 -0.00472884588 0.0921841824 0.0957895653 -0.0146340783 0.0191490231 0.138428829 -0.0146340783 0.0191490231 0.138428829 -0.0146340783 0.0921841824 0.0957895653 -0.0146340783 0.153964351 0.131839515 -0.0300233281 0.0191490231 0.138428829 -0.0146340783 0.153964351 0.131839515 -0.0300233281 0.0534134822 0.190516328 -0.0300233281 0.0534134822 0.190516328 -0.0300233281 0.153964351 0.131839515 -0.0300233281 0.193638419 0.154965897 -0.04945119 0.0534134822 0.190516328 -0.0300233281 0.193638419 0.154965897 -0.04945119 0.075434552 0.223973058 -0.04945119 0.075434552 0.223973058 -0.04945119 0.193638419 0.154965897 -0.04945119 0.207327215 0.162958098 -0.0710046384 0.075434552 0.223973058 -0.04945119 0.207327215 0.162958098 -0.0710046384 0.0830016482 0.235493739 -0.0710046384 0.0830016482 0.235493739 -0.0710046384 0.207327215 0.162958098 -0.0710046384 0.193638419 0.154965897 -0.0925580869 0.0830016482 0.235493739 -0.0710046384 0.193638419 0.154965897 -0.0925580869 0.075434552 0.223973058 -0.0925580869 0.075434552 0.223973058 -0.0925580869 0.193638419 0.154965897 -0.0925580869 0.153964351 0.131839515 -0.111985949 0.075434552 0.223973058 -0.0925580869 0.153964351 0.131839515 -0.111985949 0.0534134822 0.190516328 -0.111985949 0.0534134822 0.190516328 -0.111985949 0.153964351 0.131839515 -0.111985949 0.0921841824 0.0957895653 -0.127375199 0.0534134822 0.190516328 -0.111985949 0.0921841824 0.0957895653 -0.127375199 0.0191490231 0.138428829 -0.127375199 0.0191490231 0.138428829 -0.127375199 0.0921841824 0.0957895653 -0.127375199 0.0143345709 0.0503338915 -0.137280431 0.0191490231 0.138428829 -0.127375199 0.0143345709 0.0503338915 -0.137280431 -0.0240960354 0.0727800864 -0.137280431 -0.0240960354 0.0727800864 -0.137280431 0.0143345709 0.0503338915 -0.137280431 -0.071964249 0 -0.14068137 -0.071964249 0 -0.00132790727 0.0356435701 0.0179824629 -0.00472884588 0.0143345709 0.0503338915 -0.00472884588 0.0143345709 0.0503338915 -0.00472884588 0.0356435701 0.0179824629 -0.00472884588 0.132751 0.0341794331 -0.0146340783 0.0143345709 0.0503338915 -0.00472884588 0.132751 0.0341794331 -0.0146340783 0.0921841824 0.0957895653 -0.0146340783 0.0921841824 0.0957895653 -0.0146340783 0.132751 0.0341794331 -0.0146340783 0.209792882 0.0470604894 -0.0300233281 0.0921841824 0.0957895653 -0.0146340783 0.209792882 0.0470604894 -0.0300233281 0.153964351 0.131839515 -0.0300233281 0.153964351 0.131839515 -0.0300233281 0.209792882 0.0470604894 -0.0300233281 0.259234034 0.0553077629 -0.04945119 0.153964351 0.131839515 -0.0300233281 0.259234034 0.0553077629 -0.04945119 0.193638419 0.154965897 -0.04945119 0.193638419 0.154965897 -0.04945119 0.259234034 0.0553077629 -0.04945119 0.276281238 0.0581560503 -0.0710046384 0.193638419 0.154965897 -0.04945119 0.276281238 0.0581560503 -0.0710046384 0.207327215 0.162958098 -0.0710046384 0.207327215 0.162958098 -0.0710046384 0.276281238 0.0581560503 -0.0710046384 0.259234034 0.0553077629 -0.0925580869 0.207327215 0.162958098 -0.0710046384 0.259234034 0.0553077629 -0.0925580869 0.193638419 0.154965897 -0.0925580869 0.193638419 0.154965897 -0.0925580869 0.259234034 0.0553077629 -0.0925580869 0.209792882 0.0470604894 -0.111985949 0.193638419 0.154965897 -0.0925580869 0.209792882 0.0470604894 -0.111985949 0.153964351 0.131839515 -0.111985949 0.153964351 0.131839515 -0.111985949 0.209792882 0.0470604894 -0.111985949 0.132751 0.0341794331 -0.127375199 0.153964351 0.131839515 -0.111985949 0.132751 0.0341794331 -0.127375199 0.0921841824 0.0957895653 -0.127375199 0.0921841824 0.0957895653 -0.127375199 0.132751 0.0341794331 -0.127375199 0.0356435701 0.0179824629 -0.137280431 0.0921841824 0.0957895653 -0.127375199 0.0356435701 0.0179824629 -0.137280431 0.0143345709 0.0503338915 -0.137280431 0.0143345709 0.0503338915 -0.137280431 0.0356435701 0.0179824629 -0.137280431 -0.071964249 0 -0.14068137 -0.071964249 0 -0.00132790727 0.0356435701 -0.0179824629 -0.00472884588 0.0356435701 0.0179824629 -0.00472884588 0.0356435701 0.0179824629 -0.00472884588 0.0356435701 -0.0179824629 -0.00472884588 0.132751 -0.0341794331 -0.0146340783 0.0356435701 0.0179824629 -0.00472884588 0.132751 -0.0341794331 -0.0146340783 0.132751 0.0341794331 -0.0146340783 0.132751 0.0341794331 -0.0146340783 0.132751 -0.0341794331 -0.0146340783 0.209792882 -0.0470604894 -0.0300233281 0.132751 0.0341794331 -0.0146340783 0.209792882 -0.0470604894 -0.0300233281 0.209792882 0.0470604894 -0.0300233281 0.209792882 0.0470604894 -0.0300233281 0.209792882 -0.0470604894 -0.0300233281 0.259234034 -0.0553077629 -0.04945119 0.209792882 0.0470604894 -0.0300233281 0.259234034 -0.0553077629 -0.04945119 0.259234034 0.0553077629 -0.04945119 0.259234034 0.0553077629 -0.04945119 0.259234034 -0.0553077629 -0.04945119 0.276281238 -0.0581560503 -0.0710046384 0.259234034 0.0553077629 -0.04945119 0.276281238 -0.0581560503 -0.0710046384 0.276281238 0.0581560503 -0.0710046384 0.276281238 0.0581560503 -0.0710046384 0.276281238 -0.0581560503 -0.0710046384 0.259234034 -0.0553077629 -0.0925580869 0.276281238 0.0581560503 -0.0710046384 0.259234034 -0.0553077629 -0.0925580869 0.259234034 0.0553077629 -0.0925580869 0.259234034 0.0553077629 -0.0925580869 0.259234034 -0.0553077629 -0.0925580869 0.209792882 -0.0470604894 -0.111985949 0.259234034 0.0553077629 -0.0925580869 0.209792882 -0.0470604894 -0.111985949 0.209792882 0.0470604894 -0.111985949 0.209792882 0.0470604894 -0.111985949 0.209792882 -0.0470604894 -0.111985949 0.132751 -0.0341794331 -0.127375199 0.209792882 0.0470604894 -0.111985949 0.132751 -0.0341794331 -0.127375199 0.132751 0.0341794331 -0.127375199 0.132751 0.0341794331 -0.127375199 0.132751 -0.0341794331 -0.127375199 0.0356435701 -0.0179824629 -0.137280431 0.132751 0.0341794331 -0.127375199 0.0356435701 -0.0179824629 -0.137280431 0.0356435701 0.0179824629 -0.137280431 0.0356435701 0.0179824629 -0.137280431 0.0356435701 -0.0179824629 -0.137280431 -0.071964249 0 -0.14068137 -0.071964249 0 -0.00132790727 0.0143345709 -0.0503338915 -0.00472884588 0.0356435701 -0.0179824629 -0.00472884588 0.0356435701 -0.0179824629 -0.00472884588 0.0143345709 -0.0503338915 -0.00472884588 0.0921841824 -0.0957895653 -0.0146340783 0.0356435701 -0.0179824629 -0.00472884588 0.0921841824 -0.0957895653 -0.0146340783 0.132751 -0.0341794331 -0.0146340783 0.132751 -0.0341794331 -0.0146340783 0.0921841824 -0.0957895653 -0.0146340783 0.153964351 -0.131839515 -0.0300233281 0.132751 -0.0341794331 -0.0146340783 0.153964351 -0.131839515 -0.0300233281 0.209792882 -0.0470604894 -0.0300233281 0.209792882 -0.0470604894 -0.0300233281 0.153964351 -0.131839515 -0.0300233281 0.193638419 -0.154965897 -0.04945119 0.209792882 -0.0470604894 -0.0300233281 0.193638419 -0.154965897 -0.04945119 0.259234034 -0.0553077629 -0.04945119 0.259234034 -0.0553077629 -0.04945119 0.193638419 -0.154965897 -0.04945119 0.207327215 -0.162958098 -0.0710046384 0.259234034 -0.0553077629 -0.04945119 0.207327215 -0.162958098 -0.0710046384 0.276281238 -0.0581560503 -0.0710046384 0.276281238 -0.0581560503 -0.0710046384 0.207327215 -0.162958098 -0.0710046384 0.193638419 -0.154965897 -0.0925580869 0.276281238 -0.0581560503 -0.0710046384 0.193638419 -0.154965897 -0.0925580869 0.259234034 -0.0553077629 -0.0925580869 0.259234034 -0.0553077629 -0.0925580869 0.193638419 -0.154965897 -0.0925580869 0.153964351 -0.131839515 -0.111985949 0.259234034 -0.0553077629 -0.0925580869 0.153964351 -0.131839515 -0.111985949 0.209792882 -0.0470604894 -0.111985949 0.209792882 -0.0470604894 -0.111985949 0.153964351 -0.131839515 -0.111985949 0.0921841824 -0.0957895653 -0.127375199 0.209792882 -0.0470604894 -0.111985949 0.0921841824 -0.0957895653 -0.127375199 0.132751 -0.0341794331 -0.127375199 0.132751 -0.0341794331 -0.127375199 0.0921841824 -0.0957895653 -0.127375199 0.0143345709 -0.0503338915 -0.137280431 0.132751 -0.0341794331 -0.127375199 0.0143345709 -0.0503338915 -0.137280431 0.0356435701 -0.0179824629 -0.137280431 0.0356435701 -0.0179824629 -0.137280431 0.0143345709 -0.0503338915 -0.137280431 -0.071964249 0 -0.14068137 -0.071964249 0 -0.00132790727 -0.0240960354 -0.0727800864 -0.00472884588 0.0143345709 -0.0503338915 -0.00472884588 0.0143345709 -0.0503338915 -0.00472884588 -0.0240960354 -0.0727800864 -0.00472884588 0.0191490231 -0.138428829 -0.0146340783 0.0143345709 -0.0503338915 -0.00472884588 0.0191490231 -0.138428829 -0.0146340783 0.0921841824 -0.0957895653 -0.0146340783 0.0921841824 -0.0957895653 -0.0146340783 0.0191490231 -0.138428829 -0.0146340783 0.0534134822 -0.190516328 -0.0300233281 0.0921841824 -0.0957895653 -0.0146340783 0.0534134822 -0.190516328 -0.0300233281 0.153964351 -0.131839515 -0.0300233281 0.153964351 -0.131839515 -0.0300233281 0.0534134822 -0.190516328 -0.0300233281 0.075434552 -0.223973058 -0.04945119 0.153964351 -0.131839515 -0.0300233281 0.075434552 -0.223973058 -0.04945119 0.193638419 -0.154965897 -0.04945119 0.193638419 -0.154965897 -0.04945119 0.075434552 -0.223973058 -0.04945119 0.0830016482 -0.235493739 -0.0710046384 0.193638419 -0.154965897 -0.04945119 0.0830016482 -0.235493739 -0.0710046384 0.207327215 -0.162958098 -0.0710046384 0.207327215 -0.162958098 -0.0710046384 0.0830016482 -0.235493739 -0.0710046384 0.075434552 -0.223973058 -0.0925580869 0.207327215 -0.162958098 -0.0710046384 0.075434552 -0.223973058 -0.0925580869 0.193638419 -0.154965897 -0.0925580869 0.193638419 -0.154965897 -0.0925580869 0.075434552 -0.223973058 -0.0925580869 0.0534134822 -0.190516328 -0.111985949 0.193638419 -0.154965897 -0.0925580869 0.0534134822 -0.190516328 -0.111985949 0.153964351 -0.131839515 -0.111985949 0.153964351 -0.131839515 -0.111985949 0.0534134822 -0.190516328 -0.111985949 0.0191490231 -0.138428829 -0.127375199 0.153964351 -0.131839515 -0.111985949 0.0191490231 -0.138428829 -0.127375199 0.0921841824 -0.0957895653 -0.127375199 0.0921841824 -0.0957895653 -0.127375199 0.0191490231 -0.138428829 -0.127375199 -0.0240960354 -0.0727800864 -0.137280431 0.0921841824 -0.0957895653 -0.127375199 -0.0240960354 -0.0727800864 -0.137280431 0.0143345709 -0.0503338915 -0.137280431 0.0143345709 -0.0503338915 -0.137280431 -0.0240960354 -0.0727800864 -0.137280431 -0.071964249 0 -0.14068137 -0.071964249 0 -0.00132790727 -0.071964249 -0.0807722921 -0.00472884588 -0.0240960354 -0.0727800864 -0.00472884588 -0.0240960354 -0.0727800864 -0.00472884588 -0.071964249 -0.0807722921 -0.00472884588 -0.071964249 -0.153605522 -0.0146340783 -0.0240960354 -0.0727800864 -0.00472884588 -0.071964249 -0.153605522 -0.0146340783 0.0191490231 -0.138428829 -0.0146340783 0.0191490231 -0.138428829 -0.0146340783 -0.071964249 -0.153605522 -0.0146340783 -0.071964249 -0.211432106 -0.0300233281 0.0191490231 -0.138428829 -0.0146340783 -0.071964249 -0.211432106 -0.0300233281 0.0534134822 -0.190516328 -0.0300233281 0.0534134822 -0.190516328 -0.0300233281 -0.071964249 -0.211432106 -0.0300233281 -0.071964249 -0.248587347 -0.04945119 0.0534134822 -0.190516328 -0.0300233281 -0.071964249 -0.248587347 -0.04945119 0.075434552 -0.223973058 -0.04945119 0.075434552 -0.223973058 -0.04945119 -0.071964249 -0.248587347 -0.04945119 -0.071964249 -0.26139401 -0.0710046384 0.075434552 -0.223973058 -0.04945119 -0.071964249 -0.26139401 -0.0710046384 0.0830016482 -0.235493739 -0.0710046384 0.0830016482 -0.235493739 -0.0710046384 -0.071964249 -0.26139401 -0.0710046384 -0.071964249 -0.248587347 -0.0925580869 0.0830016482 -0.235493739 -0.0710046384 -0.071964249 -0.248587347 -0.0925580869 0.075434552 -0.223973058 -0.0925580869 0.075434552 -0.223973058 -0.0925580869 -0.071964249 -0.248587347 -0.0925580869 -0.071964249 -0.211432106 -0.111985949 0.075434552 -0.223973058 -0.0925580869 -0.071964249 -0.211432106 -0.111985949 0.0534134822 -0.190516328 -0.111985949 0.0534134822 -0.190516328 -0.111985949 -0.071964249 -0.211432106 -0.111985949 -0.071964249 -0.153605522 -0.127375199 0.0534134822 -0.190516328 -0.111985949 -0.071964249 -0.153605522 -0.127375199 0.0191490231 -0.138428829 -0.127375199 0.0191490231 -0.138428829 -0.127375199 -0.071964249 -0.153605522 -0.127375199 -0.071964249 -0.0807722921 -0.137280431 0.0191490231 -0.138428829 -0.127375199 -0.071964249 -0.0807722921 -0.137280431 -0.0240960354 -0.0727800864 -0.137280431 -0.0240960354 -0.0727800864 -0.137280431 -0.071964249 -0.0807722921 -0.137280431 -0.071964249 0 -0.14068137 -0.071964249 0 -0.00132790727 -0.119832463 -0.0727800864 -0.00472884588 -0.071964249 -0.0807722921 -0.00472884588 -0.071964249 -0.0807722921 -0.00472884588 -0.119832463 -0.0727800864 -0.00472884588 -0.163077521 -0.138428829 -0.0146340783 -0.071964249 -0.0807722921 -0.00472884588 -0.163077521 -0.138428829 -0.0146340783 -0.071964249 -0.153605522 -0.0146340783 -0.071964249 -0.153605522 -0.0146340783 -0.163077521 -0.138428829 -0.0146340783 -0.19734198 -0.190516328 -0.0300233281 -0.071964249 -0.153605522 -0.0146340783 -0.19734198 -0.190516328 -0.0300233281 -0.071964249 -0.211432106 -0.0300233281 -0.071964249 -0.211432106 -0.0300233281 -0.19734198 -0.190516328 -0.0300233281 -0.21936305 -0.223973058 -0.04945119 -0.071964249 -0.211432106 -0.0300233281 -0.21936305 -0.223973058 -0.04945119 -0.071964249 -0.248587347 -0.04945119 -0.071964249 -0.248587347 -0.04945119 -0.21936305 -0.223973058 -0.04945119 -0.226930146 -0.235493739 -0.0710046384 -0.071964249 -0.248587347 -0.04945119 -0.226930146 -0.235493739 -0.0710046384 -0.071964249 -0.26139401 -0.0710046384 -0.071964249 -0.26139401 -0.0710046384 -0.226930146 -0.235493739 -0.0710046384 -0.21936305 -0.223973058 -0.0925580869 -0.071964249 -0.26139401 -0.0710046384 -0.21936305 -0.223973058 -0.0925580869 -0.071964249 -0.248587347 -0.0925580869 -0.071964249 -0.248587347 -0.0925580869 -0.21936305 -0.223973058 -0.0925580869 -0.19734198 -0.190516328 -0.111985949 -0.071964249 -0.248587347 -0.0925580869 -0.19734198 -0.190516328 -0.111985949 -0.071964249 -0.211432106 -0.111985949 -0.071964249 -0.211432106 -0.111985949 -0.19734198 -0.190516328 -0.111985949 -0.163077521 -0.138428829 -0.127375199 -0.071964249 -0.211432106 -0.111985949 -0.163077521 -0.138428829 -0.127375199 -0.071964249 -0.153605522 -0.127375199 -0.071964249 -0.153605522 -0.127375199 -0.163077521 -0.138428829 -0.127375199 -0.119832463 -0.0727800864 -0.137280431 -0.071964249 -0.153605522 -0.127375199 -0.119832463 -0.0727800864 -0.137280431 -0.071964249 -0.0807722921 -0.137280431 -0.071964249 -0.0807722921 -0.137280431 -0.119832463 -0.0727800864 -0.137280431 -0.071964249 0 -0.14068137 -0.071964249 0 -0.00132790727 -0.158263069 -0.0503338915 -0.00472884588 -0.119832463 -0.0727800864 -0.00472884588 -0.119832463 -0.0727800864 -0.00472884588 -0.158263069 -0.0503338915 -0.00472884588 -0.23611268 -0.0957895653 -0.0146340783 -0.119832463 -0.0727800864 -0.00472884588 -0.23611268 -0.0957895653 -0.0146340783 -0.163077521 -0.138428829 -0.0146340783 -0.163077521 -0.138428829 -0.0146340783 -0.23611268 -0.0957895653 -0.0146340783 -0.297892849 -0.131839515 -0.0300233281 -0.163077521 -0.138428829 -0.0146340783 -0.297892849 -0.131839515 -0.0300233281 -0.19734198 -0.190516328 -0.0300233281 -0.19734198 -0.190516328 -0.0300233281 -0.297892849 -0.131839515 -0.0300233281 -0.337566917 -0.154965897 -0.04945119 -0.19734198 -0.190516328 -0.0300233281 -0.337566917 -0.154965897 -0.04945119 -0.21936305 -0.223973058 -0.04945119 -0.21936305 -0.223973058 -0.04945119 -0.337566917 -0.154965897 -0.04945119 -0.351255713 -0.162958098 -0.0710046384 -0.21936305 -0.223973058 -0.04945119 -0.351255713 -0.162958098 -0.0710046384 -0.226930146 -0.235493739 -0.0710046384 -0.226930146 -0.235493739 -0.0710046384 -0.351255713 -0.162958098 -0.0710046384 -0.337566917 -0.154965897 -0.0925580869 -0.226930146 -0.235493739 -0.0710046384 -0.337566917 -0.154965897 -0.0925580869 -0.21936305 -0.223973058 -0.0925580869 -0.21936305 -0.223973058 -0.0925580869 -0.337566917 -0.154965897 -0.0925580869 -0.297892849 -0.131839515 -0.111985949 -0.21936305 -0.223973058 -0.0925580869 -0.297892849 -0.131839515 -0.111985949 -0.19734198 -0.190516328 -0.111985949 -0.19734198 -0.190516328 -0.111985949 -0.297892849 -0.131839515 -0.111985949 -0.23611268 -0.0957895653 -0.127375199 -0.19734198 -0.190516328 -0.111985949 -0.23611268 -0.0957895653 -0.127375199 -0.163077521 -0.138428829 -0.127375199 -0.163077521 -0.138428829 -0.127375199 -0.23611268 -0.0957895653 -0.127375199 -0.158263069 -0.0503338915 -0.137280431 -0.163077521 -0.138428829 -0.127375199 -0.158263069 -0.0503338915 -0.137280431 -0.119832463 -0.0727800864 -0.137280431 -0.119832463 -0.0727800864 -0.137280431 -0.158263069 -0.0503338915 -0.137280431 -0.071964249 0 -0.14068137 -0.071964249 0 -0.00132790727 -0.179572068 -0.0179824629 -0.00472884588 -0.158263069 -0.0503338915 -0.00472884588 -0.158263069 -0.0503338915 -0.00472884588 -0.179572068 -0.0179824629 -0.00472884588 -0.276679498 -0.0341794331 -0.0146340783 -0.158263069 -0.0503338915 -0.00472884588 -0.276679498 -0.0341794331 -0.0146340783 -0.23611268 -0.0957895653 -0.0146340783 -0.23611268 -0.0957895653 -0.0146340783 -0.276679498 -0.0341794331 -0.0146340783 -0.353721381 -0.0470604894 -0.0300233281 -0.23611268 -0.0957895653 -0.0146340783 -0.353721381 -0.0470604894 -0.0300233281 -0.297892849 -0.131839515 -0.0300233281 -0.297892849 -0.131839515 -0.0300233281 -0.353721381 -0.0470604894 -0.0300233281 -0.403162532 -0.0553077629 -0.04945119 -0.297892849 -0.131839515 -0.0300233281 -0.403162532 -0.0553077629 -0.04945119 -0.337566917 -0.154965897 -0.04945119 -0.337566917 -0.154965897 -0.04945119 -0.403162532 -0.0553077629 -0.04945119 -0.420209736 -0.0581560503 -0.0710046384 -0.337566917 -0.154965897 -0.04945119 -0.420209736 -0.0581560503 -0.0710046384 -0.351255713 -0.162958098 -0.0710046384 -0.351255713 -0.162958098 -0.0710046384 -0.420209736 -0.0581560503 -0.0710046384 -0.403162532 -0.0553077629 -0.0925580869 -0.351255713 -0.162958098 -0.0710046384 -0.403162532 -0.0553077629 -0.0925580869 -0.337566917 -0.154965897 -0.0925580869 -0.337566917 -0.154965897 -0.0925580869 -0.403162532 -0.0553077629 -0.0925580869 -0.353721381 -0.0470604894 -0.111985949 -0.337566917 -0.154965897 -0.0925580869 -0.353721381 -0.0470604894 -0.111985949 -0.297892849 -0.131839515 -0.111985949 -0.297892849 -0.131839515 -0.111985949 -0.353721381 -0.0470604894 -0.111985949 -0.276679498 -0.0341794331 -0.127375199 -0.297892849 -0.131839515 -0.111985949 -0.276679498 -0.0341794331 -0.127375199 -0.23611268 -0.0957895653 -0.127375199 -0.23611268 -0.0957895653 -0.127375199 -0.276679498 -0.0341794331 -0.127375199 -0.179572068 -0.0179824629 -0.137280431 -0.23611268 -0.0957895653 -0.127375199 -0.179572068 -0.0179824629 -0.137280431 -0.158263069 -0.0503338915 -0.137280431 -0.158263069 -0.0503338915 -0.137280431 -0.179572068 -0.0179824629 -0.137280431 -0.071964249 0 -0.14068137 -0.071964249 0 -0.00132790727 -0.179572068 0.0179824629 -0.00472884588 -0.179572068 -0.0179824629 -0.00472884588 -0.179572068 -0.0179824629 -0.00472884588 -0.179572068 0.0179824629 -0.00472884588 -0.276679498 0.0341794331 -0.0146340783 -0.179572068 -0.0179824629 -0.00472884588 -0.276679498 0.0341794331 -0.0146340783 -0.276679498 -0.0341794331 -0.0146340783 -0.276679498 -0.0341794331 -0.0146340783 -0.276679498 0.0341794331 -0.0146340783 -0.353721381 0.0470604894 -0.0300233281 -0.276679498 -0.0341794331 -0.0146340783 -0.353721381 0.0470604894 -0.0300233281 -0.353721381 -0.0470604894 -0.0300233281 -0.353721381 -0.0470604894 -0.0300233281 -0.353721381 0.0470604894 -0.0300233281 -0.403162532 0.0553077629 -0.04945119 -0.353721381 -0.0470604894 -0.0300233281 -0.403162532 0.0553077629 -0.04945119 -0.403162532 -0.0553077629 -0.04945119 -0.403162532 -0.0553077629 -0.04945119 -0.403162532 0.0553077629 -0.04945119 -0.420209736 0.0581560503 -0.0710046384 -0.403162532 -0.0553077629 -0.04945119 -0.420209736 0.0581560503 -0.0710046384 -0.420209736 -0.0581560503 -0.0710046384 -0.420209736 -0.0581560503 -0.0710046384 -0.420209736 0.0581560503 -0.0710046384 -0.403162532 0.0553077629 -0.0925580869 -0.420209736 -0.0581560503 -0.0710046384 -0.403162532 0.0553077629 -0.0925580869 -0.403162532 -0.0553077629 -0.0925580869 -0.403162532 -0.0553077629 -0.0925580869 -0.403162532 0.0553077629 -0.0925580869 -0.353721381 0.0470604894 -0.111985949 -0.403162532 -0.0553077629 -0.0925580869 -0.353721381 0.0470604894 -0.111985949 -0.353721381 -0.0470604894 -0.111985949 -0.353721381 -0.0470604894 -0.111985949 -0.353721381 0.0470604894 -0.111985949 -0.276679498 0.0341794331 -0.127375199 -0.353721381 -0.0470604894 -0.111985949 -0.276679498 0.0341794331 -0.127375199 -0.276679498 -0.0341794331 -0.127375199 -0.276679498 -0.0341794331 -0.127375199 -0.276679498 0.0341794331 -0.127375199 -0.179572068 0.0179824629 -0.137280431 -0.276679498 -0.0341794331 -0.127375199 -0.179572068 0.0179824629 -0.137280431 -0.179572068 -0.0179824629 -0.137280431 -0.179572068 -0.0179824629 -0.137280431 -0.179572068 0.0179824629 -0.137280431 -0.071964249 0 -0.14068137 -0.071964249 0 -0.00132790727 -0.158263069 0.0503338915 -0.00472884588 -0.179572068 0.0179824629 -0.00472884588 -0.179572068 0.0179824629 -0.00472884588 -0.158263069 0.0503338915 -0.00472884588 -0.23611268 0.0957895653 -0.0146340783 -0.179572068 0.0179824629 -0.00472884588 -0.23611268 0.0957895653 -0.0146340783 -0.276679498 0.0341794331 -0.0146340783 -0.276679498 0.0341794331 -0.0146340783 -0.23611268 0.0957895653 -0.0146340783 -0.297892849 0.131839515 -0.0300233281 -0.276679498 0.0341794331 -0.0146340783 -0.297892849 0.131839515 -0.0300233281 -0.353721381 0.0470604894 -0.0300233281 -0.353721381 0.0470604894 -0.0300233281 -0.297892849 0.131839515 -0.0300233281 -0.337566917 0.154965897 -0.04945119 -0.353721381 0.0470604894 -0.0300233281 -0.337566917 0.154965897 -0.04945119 -0.403162532 0.0553077629 -0.04945119 -0.403162532 0.0553077629 -0.04945119 -0.337566917 0.154965897 -0.04945119 -0.351255713 0.162958098 -0.0710046384 -0.403162532 0.0553077629 -0.04945119 -0.351255713 0.162958098 -0.0710046384 -0.420209736 0.0581560503 -0.0710046384 -0.420209736 0.0581560503 -0.0710046384 -0.351255713 0.162958098 -0.0710046384 -0.337566917 0.154965897 -0.0925580869 -0.420209736 0.0581560503 -0.0710046384 -0.337566917 0.154965897 -0.0925580869 -0.403162532 0.0553077629 -0.0925580869 -0.403162532 0.0553077629 -0.0925580869 -0.337566917 0.154965897 -0.0925580869 -0.297892849 0.131839515 -0.111985949 -0.403162532 0.0553077629 -0.0925580869 -0.297892849 0.131839515 -0.111985949 -0.353721381 0.0470604894 -0.111985949 -0.353721381 0.0470604894 -0.111985949 -0.297892849 0.131839515 -0.111985949 -0.23611268 0.0957895653 -0.127375199 -0.353721381 0.0470604894 -0.111985949 -0.23611268 0.0957895653 -0.127375199 -0.276679498 0.0341794331 -0.127375199 -0.276679498 0.0341794331 -0.127375199 -0.23611268 0.0957895653 -0.127375199 -0.158263069 0.0503338915 -0.137280431 -0.276679498 0.0341794331 -0.127375199 -0.158263069 0.0503338915 -0.137280431 -0.179572068 0.0179824629 -0.137280431 -0.179572068 0.0179824629 -0.137280431 -0.158263069 0.0503338915 -0.137280431 -0.071964249 0 -0.14068137 -0.071964249 0 -0.00132790727 -0.119832463 0.0727800864 -0.00472884588 -0.158263069 0.0503338915 -0.00472884588 -0.158263069 0.0503338915 -0.00472884588 -0.119832463 0.0727800864 -0.00472884588 -0.163077521 0.138428829 -0.0146340783 -0.158263069 0.0503338915 -0.00472884588 -0.163077521 0.138428829 -0.0146340783 -0.23611268 0.0957895653 -0.0146340783 -0.23611268 0.0957895653 -0.0146340783 -0.163077521 0.138428829 -0.0146340783 -0.19734198 0.190516328 -0.0300233281 -0.23611268 0.0957895653 -0.0146340783 -0.19734198 0.190516328 -0.0300233281 -0.297892849 0.131839515 -0.0300233281 -0.297892849 0.131839515 -0.0300233281 -0.19734198 0.190516328 -0.0300233281 -0.21936305 0.223973058 -0.04945119 -0.297892849 0.131839515 -0.0300233281 -0.21936305 0.223973058 -0.04945119 -0.337566917 0.154965897 -0.04945119 -0.337566917 0.154965897 -0.04945119 -0.21936305 0.223973058 -0.04945119 -0.226930146 0.235493739 -0.0710046384 -0.337566917 0.154965897 -0.04945119 -0.226930146 0.235493739 -0.0710046384 -0.351255713 0.162958098 -0.0710046384 -0.351255713 0.162958098 -0.0710046384 -0.226930146 0.235493739 -0.0710046384 -0.21936305 0.223973058 -0.0925580869 -0.351255713 0.162958098 -0.0710046384 -0.21936305 0.223973058 -0.0925580869 -0.337566917 0.154965897 -0.0925580869 -0.337566917 0.154965897 -0.0925580869 -0.21936305 0.223973058 -0.0925580869 -0.19734198 0.190516328 -0.111985949 -0.337566917 0.154965897 -0.0925580869 -0.19734198 0.190516328 -0.111985949 -0.297892849 0.131839515 -0.111985949 -0.297892849 0.131839515 -0.111985949 -0.19734198 0.190516328 -0.111985949 -0.163077521 0.138428829 -0.127375199 -0.297892849 0.131839515 -0.111985949 -0.163077521 0.138428829 -0.127375199 -0.23611268 0.0957895653 -0.127375199 -0.23611268 0.0957895653 -0.127375199 -0.163077521 0.138428829 -0.127375199 -0.119832463 0.0727800864 -0.137280431 -0.23611268 0.0957895653 -0.127375199 -0.119832463 0.0727800864 -0.137280431 -0.158263069 0.0503338915 -0.137280431 -0.158263069 0.0503338915 -0.137280431 -0.119832463 0.0727800864 -0.137280431 -0.071964249 0 -0.14068137 -0.071964249 0 -0.00132790727 -0.071964249 0.0807722921 -0.00472884588 -0.119832463 0.0727800864 -0.00472884588 -0.119832463 0.0727800864 -0.00472884588 -0.071964249 0.0807722921 -0.00472884588 -0.071964249 0.153605522 -0.0146340783 -0.119832463 0.0727800864 -0.00472884588 -0.071964249 0.153605522 -0.0146340783 -0.163077521 0.138428829 -0.0146340783 -0.163077521 0.138428829 -0.0146340783 -0.071964249 0.153605522 -0.0146340783 -0.071964249 0.211432106 -0.0300233281 -0.163077521 0.138428829 -0.0146340783 -0.071964249 0.211432106 -0.0300233281 -0.19734198 0.190516328 -0.0300233281 -0.19734198 0.190516328 -0.0300233281 -0.071964249 0.211432106 -0.0300233281 -0.071964249 0.248587347 -0.04945119 -0.19734198 0.190516328 -0.0300233281 -0.071964249 0.248587347 -0.04945119 -0.21936305 0.223973058 -0.04945119 -0.21936305 0.223973058 -0.04945119 -0.071964249 0.248587347 -0.04945119 -0.071964249 0.26139401 -0.0710046384 -0.21936305 0.223973058 -0.04945119 -0.071964249 0.26139401 -0.0710046384 -0.226930146 0.235493739 -0.0710046384 -0.226930146 0.235493739 -0.0710046384 -0.071964249 0.26139401 -0.0710046384 -0.071964249 0.248587347 -0.0925580869 -0.226930146 0.235493739 -0.0710046384 -0.071964249 0.248587347 -0.0925580869 -0.21936305 0.223973058 -0.0925580869 -0.21936305 0.223973058 -0.0925580869 -0.071964249 0.248587347 -0.0925580869 -0.071964249 0.211432106 -0.111985949 -0.21936305 0.223973058 -0.0925580869 -0.071964249 0.211432106 -0.111985949 -0.19734198 0.190516328 -0.111985949 -0.19734198 0.190516328 -0.111985949 -0.071964249 0.211432106 -0.111985949 -0.071964249 0.153605522 -0.127375199 -0.19734198 0.190516328 -0.111985949 -0.071964249 0.153605522 -0.127375199 -0.163077521 0.138428829 -0.127375199 -0.163077521 0.138428829 -0.127375199 -0.071964249 0.153605522 -0.127375199 -0.071964249 0.0807722921 -0.137280431 -0.163077521 0.138428829 -0.127375199 -0.071964249 0.0807722921 -0.137280431 -0.119832463 0.0727800864 -0.137280431 -0.119832463 0.0727800864 -0.137280431 -0.071964249 0.0807722921 -0.137280431 -0.071964249 0 -0.14068137</float_array><technique_common><accessor source="#part2-positions-array" count="756" stride="3"><param name="X" type="float" /><param name="Y" type="float" /><param name="Z" type="float" /></accessor></technique_common></source><source id="part2-normals"><float_array id="part2-normals-array" count="2268">0.00702361147 0.0420669518 0.999090106 0.00702361147 0.0420669518 0.999090106 0.00702361147 0.0420669518 0.999090106 0.0224830622 0.134659199 0.990636872 0.0224830622 0.134659199 0.990636872 0.0224830622 0.134659199 0.990636872 0.0224409695 0.134724359 0.990628967 0.0224409695 0.134724359 0.990628967 0.0224409695 0.134724359 0.990628967 0.0428203323 0.257071862 0.965443151 0.0428203323 0.257071862 0.965443151 0.0428203323 0.257071862 0.965443151 0.0428632573 0.256939906 0.965476372 0.0428632573 0.256939906 0.965476372 0.0428632573 0.256939906 0.965476372 0.0771096263 0.462226658 0.883402865 0.0771096263 0.462226658 0.883402865 0.0771096263 0.462226658 0.883402865 0.0771468836 0.461981981 0.883527593 0.0771468836 0.461981981 0.883527593 0.0771468836 0.461981981 0.883527593 0.142167369 0.851346934 0.504972116 0.142167369 0.851346934 0.504972116 0.142167369 0.851346934 0.504972116 0.142224214 0.850952582 0.505620388 0.142224214 0.850952582 0.505620388 0.142224214 0.850952582 0.505620388 0.142284543 0.851313543 -0.504995406 0.142284543 0.851313543 -0.504995406 0.142284543 0.851313543 -0.504995406 0.142103995 0.850967425 -0.505629208 0.142103995 0.850967425 -0.505629208 0.142103995 0.850967425 -0.505629208 0.0771812402 0.46218772 -0.883416984 0.0771812402 0.46218772 -0.883416984 0.0771812402 0.46218772 -0.883416984 0.0770692728 0.461984762 -0.883532912 0.0770692728 0.461984762 -0.883532912 0.0770692728 0.461984762 -0.883532912 0.0428791656 0.257035267 -0.965450283 0.0428791656 0.257035267 -0.965450283 0.0428791656 0.257035267 -0.965450283 0.0427984715 0.256940621 -0.965479056 0.0427984715 0.256940621 -0.965479056 0.0427984715 0.256940621 -0.965479056 0.02243528 0.134690202 -0.99063374 0.02243528 0.134690202 -0.99063374 0.02243528 0.134690202 -0.99063374 0.0224939147 0.134724198 -0.990627788 0.0224939147 0.134724198 -0.990627788 0.0224939147 0.134724198 -0.990627788 0.00702361147 0.0420669518 -0.999090106 0.00702361147 0.0420669518 -0.999090106 0.00702361147 0.0420669518 -0.999090106 0.0197032145 0.0337342916 0.999236599 0.0197032145 0.0337342916 0.999236599 0.0197032145 0.0337342916 0.999236599 0.0631271596 0.108081349 0.992135769 0.0631271596 0.108081349 0.992135769 0.0631271596 0.108081349 0.992135769 0.0631200412 0.108115897 0.992132458 0.0631200412 0.108115897 0.992132458 0.0631200412 0.108115897 0.992132458 0.120942925 0.207158495 0.970802847 0.120942925 0.207158495 0.970802847 0.120942925 0.207158495 0.970802847 0.120945295 0.207256559 0.97078162 0.120945295 0.207256559 0.97078162 0.120945295 0.207256559 0.97078162 0.220330604 0.377567089 0.899387302 0.220330604 0.377567089 0.899387302 0.220330604 0.377567089 0.899387302 0.220286455 0.377333462 0.899496157 0.220286455 0.377333462 0.899496157 0.220286455 0.377333462 0.899496157 0.424564344 0.727245502 0.539313542 0.424564344 0.727245502 0.539313542 0.424564344 0.727245502 0.539313542 0.424718381 0.72796425 0.538221467 0.424718381 0.72796425 0.538221467 0.424718381 0.72796425 0.538221467 0.424385395 0.727393514 -0.539254774 0.424385395 0.727393514 -0.539254774 0.424385395 0.727393514 -0.539254774 0.424914687 0.727845612 -0.538226973 0.424914687 0.727845612 -0.538226973 0.424914687 0.727845612 -0.538226973 0.22038103 0.377495461 -0.899405014 0.22038103 0.377495461 -0.899405014 0.22038103 0.377495461 -0.899405014 0.220219439 0.377376593 -0.899494472 0.220219439 0.377376593 -0.899494472 0.220219439 0.377376593 -0.899494472 0.120914721 0.207204167 -0.970796613 0.120914721 0.207204167 -0.970796613 0.120914721 0.207204167 -0.970796613 0.120985021 0.207230601 -0.970782212 0.120985021 0.207230601 -0.970782212 0.120985021 0.207230601 -0.970782212 0.0631134096 0.108104538 -0.992134117 0.0631134096 0.108104538 -0.992134117 0.0631134096 0.108104538 -0.992134117 0.0631397637 0.108102929 -0.992132616 0.0631397637 0.108102929 -0.992132616 0.0631397637 0.108102929 -0.992132616 0.0197032145 0.0337342916 -0.999236599 0.0197032145 0.0337342916 -0.999236599 0.0197032145 0.0337342916 -0.999236599 0.0284545529 0.018742234 0.999419365 0.0284545529 0.018742234 0.999419365 0.0284545529 0.018742234 0.999419365 0.0913542509 0.0601725409 0.993998826 0.0913542509 0.0601725409 0.993998826 0.0913542509 0.0601725409 0.993998826 0.0913512723 0.0601496914 0.994000483 0.0913512723 0.0601496914 0.994000483 0.0913512723 0.0601496914 0.994000483 0.1759059 0.115824173 0.977569371 0.1759059 0.115824173 0.977569371 0.1759059 0.115824173 0.977569371 0.175912747 0.115841746 0.977566057 0.175912747 0.115841746 0.977566057 0.175912747 0.115841746 0.977566057 0.325975019 0.214660484 0.92068516 0.325975019 0.214660484 0.92068516 0.325975019 0.214660484 0.92068516 0.325861974 0.214484415 0.920766208 0.325861974 0.214484415 0.920766208 0.325861974 0.214484415 0.920766208 0.673593958 0.44336381 0.591354133 0.673593958 0.44336381 0.591354133 0.673593958 0.44336381 0.591354133 0.673331891 0.443015605 0.591913286 0.673331891 0.443015605 0.591913286 0.673331891 0.443015605 0.591913286 0.673655705 0.443228657 -0.59138511 0.673655705 0.443228657 -0.59138511 0.673655705 0.443228657 -0.59138511 0.673253511 0.443139726 -0.591909532 0.673253511 0.443139726 -0.591909532 0.673253511 0.443139726 -0.591909532 0.325995085 0.21457203 -0.920698674 0.325995085 0.21457203 -0.920698674 0.325995085 0.21457203 -0.920698674 0.325818579 0.214557465 -0.920764545 0.325818579 0.214557465 -0.920764545 0.325818579 0.214557465 -0.920764545 0.175903753 0.115835824 -0.977568377 0.175903753 0.115835824 -0.977568377 0.175903753 0.115835824 -0.977568377 0.175918276 0.115832322 -0.977566178 0.175918276 0.115832322 -0.977566178 0.175918276 0.115832322 -0.977566178 0.0913574674 0.0601537705 -0.993999667 0.0913574674 0.0601537705 -0.993999667 0.0913574674 0.0601537705 -0.993999667 0.0913424545 0.0601647709 -0.99400038 0.0913424545 0.0601647709 -0.99400038 0.0913424545 0.0601647709 -0.99400038 0.0284545529 0.018742234 -0.999419365 0.0284545529 0.018742234 -0.999419365 0.0284545529 0.018742234 -0.999419365 0.0315891667 -0 0.999500938 0.0315891667 -0 0.999500938 0.0315891667 -0 0.999500938 0.101476284 0 0.994837959 0.101476284 0 0.994837959 0.101476284 0 0.994837959 0.101476284 -0 0.994837959 0.101476284 -0 0.994837959 0.101476284 -0 0.994837959 0.19588204 0 0.980627466 0.19588204 0 0.980627466 0.19588204 0 0.980627466 0.19588204 -0 0.980627466 0.19588204 -0 0.980627466 0.19588204 -0 0.980627466 0.36572661 0 0.930722325 0.36572661 0 0.930722325 0.36572661 0 0.930722325 0.36572661 -0 0.930722325 0.36572661 -0 0.930722325 0.36572661 -0 0.930722325 0.784328089 0 0.620346233 0.784328089 0 0.620346233 0.784328089 0 0.620346233 0.784328089 -0 0.620346233 0.784328089 -0 0.620346233 0.784328089 -0 0.620346233 0.784328089 0 -0.620346233 0.784328089 0 -0.620346233 0.784328089 0 -0.620346233 0.784328089 0 -0.620346233 0.784328089 0 -0.620346233 0.784328089 0 -0.620346233 0.36572661 0 -0.930722325 0.36572661 0 -0.930722325 0.36572661 0 -0.930722325 0.36572661 0 -0.930722325 0.36572661 0 -0.930722325 0.36572661 0 -0.930722325 0.19588204 0 -0.980627466 0.19588204 0 -0.980627466 0.19588204 0 -0.980627466 0.19588204 0 -0.980627466 0.19588204 0 -0.980627466 0.19588204 0 -0.980627466 0.101476284 0 -0.994837959 0.101476284 0 -0.994837959 0.101476284 0 -0.994837959 0.101476284 0 -0.994837959 0.101476284 0 -0.994837959 0.101476284 0 -0.994837959 0.0315891667 0 -0.999500938 0.0315891667 0 -0.999500938 0.0315891667 0 -0.999500938 0.0284545529 -0.018742234 0.999419365 0.0284545529 -0.018742234 0.999419365 0.0284545529 -0.018742234 0.999419365 0.0913424545 -0.0601647709 0.99400038 0.0913424545 -0.0601647709 0.99400038 0.0913424545 -0.0601647709 0.99400038 0.0913574674 -0.0601537705 0.993999667 0.0913574674 -0.0601537705 0.993999667 0.0913574674 -0.0601537705 0.993999667 0.175918276 -0.115832322 0.977566178 0.175918276 -0.115832322 0.977566178 0.175918276 -0.115832322 0.977566178 0.175903753 -0.115835824 0.977568377 0.175903753 -0.115835824 0.977568377 0.175903753 -0.115835824 0.977568377 0.325818579 -0.214557465 0.920764545 0.325818579 -0.214557465 0.920764545 0.325818579 -0.214557465 0.920764545 0.325995085 -0.21457203 0.920698674 0.325995085 -0.21457203 0.920698674 0.325995085 -0.21457203 0.920698674 0.673253511 -0.443139726 0.591909532 0.673253511 -0.443139726 0.591909532 0.673253511 -0.443139726 0.591909532 0.673655705 -0.443228657 0.59138511 0.673655705 -0.443228657 0.59138511 0.673655705 -0.443228657 0.59138511 0.673331891 -0.443015605 -0.591913286 0.673331891 -0.443015605 -0.591913286 0.673331891 -0.443015605 -0.591913286 0.673593958 -0.44336381 -0.591354133 0.673593958 -0.44336381 -0.591354133 0.673593958 -0.44336381 -0.591354133 0.325861974 -0.214484415 -0.920766208 0.325861974 -0.214484415 -0.920766208 0.325861974 -0.214484415 -0.920766208 0.325975019 -0.214660484 -0.92068516 0.325975019 -0.214660484 -0.92068516 0.325975019 -0.214660484 -0.92068516 0.175912747 -0.115841746 -0.977566057 0.175912747 -0.115841746 -0.977566057 0.175912747 -0.115841746 -0.977566057 0.1759059 -0.115824173 -0.977569371 0.1759059 -0.115824173 -0.977569371 0.1759059 -0.115824173 -0.977569371 0.0913512723 -0.0601496914 -0.994000483 0.0913512723 -0.0601496914 -0.994000483 0.0913512723 -0.0601496914 -0.994000483 0.0913542509 -0.0601725409 -0.993998826 0.0913542509 -0.0601725409 -0.993998826 0.0913542509 -0.0601725409 -0.993998826 0.0284545529 -0.018742234 -0.999419365 0.0284545529 -0.018742234 -0.999419365 0.0284545529 -0.018742234 -0.999419365 0.0197032145 -0.0337342916 0.999236599 0.0197032145 -0.0337342916 0.999236599 0.0197032145 -0.0337342916 0.999236599 0.0631397637 -0.108102929 0.992132616 0.0631397637 -0.108102929 0.992132616 0.0631397637 -0.108102929 0.992132616 0.0631134096 -0.108104538 0.992134117 0.0631134096 -0.108104538 0.992134117 0.0631134096 -0.108104538 0.992134117 0.120985021 -0.207230601 0.970782212 0.120985021 -0.207230601 0.970782212 0.120985021 -0.207230601 0.970782212 0.120914721 -0.207204167 0.970796613 0.120914721 -0.207204167 0.970796613 0.120914721 -0.207204167 0.970796613 0.220219439 -0.377376593 0.899494472 0.220219439 -0.377376593 0.899494472 0.220219439 -0.377376593 0.899494472 0.22038103 -0.377495461 0.899405014 0.22038103 -0.377495461 0.899405014 0.22038103 -0.377495461 0.899405014 0.424914687 -0.727845612 0.538226973 0.424914687 -0.727845612 0.538226973 0.424914687 -0.727845612 0.538226973 0.424385395 -0.727393514 0.539254774 0.424385395 -0.727393514 0.539254774 0.424385395 -0.727393514 0.539254774 0.424718381 -0.72796425 -0.538221467 0.424718381 -0.72796425 -0.538221467 0.424718381 -0.72796425 -0.538221467 0.424564344 -0.727245502 -0.539313542 0.424564344 -0.727245502 -0.539313542 0.424564344 -0.727245502 -0.539313542 0.220286455 -0.377333462 -0.899496157 0.220286455 -0.377333462 -0.899496157 0.220286455 -0.377333462 -0.899496157 0.220330604 -0.377567089 -0.899387302 0.220330604 -0.377567089 -0.899387302 0.220330604 -0.377567089 -0.899387302 0.120945295 -0.207256559 -0.97078162 0.120945295 -0.207256559 -0.97078162 0.120945295 -0.207256559 -0.97078162 0.120942925 -0.207158495 -0.970802847 0.120942925 -0.207158495 -0.970802847 0.120942925 -0.207158495 -0.970802847 0.0631200412 -0.108115897 -0.992132458 0.0631200412 -0.108115897 -0.992132458 0.0631200412 -0.108115897 -0.992132458 0.0631271596 -0.108081349 -0.992135769 0.0631271596 -0.108081349 -0.992135769 0.0631271596 -0.108081349 -0.992135769 0.0197032145 -0.0337342916 -0.999236599 0.0197032145 -0.0337342916 -0.999236599 0.0197032145 -0.0337342916 -0.999236599 0.00702361147 -0.0420669518 0.999090106 0.00702361147 -0.0420669518 0.999090106 0.00702361147 -0.0420669518 0.999090106 0.0224939147 -0.134724198 0.990627788 0.0224939147 -0.134724198 0.990627788 0.0224939147 -0.134724198 0.990627788 0.02243528 -0.134690202 0.99063374 0.02243528 -0.134690202 0.99063374 0.02243528 -0.134690202 0.99063374 0.0427984715 -0.256940621 0.965479056 0.0427984715 -0.256940621 0.965479056 0.0427984715 -0.256940621 0.965479056 0.0428791656 -0.257035267 0.965450283 0.0428791656 -0.257035267 0.965450283 0.0428791656 -0.257035267 0.965450283 0.0770692728 -0.461984762 0.883532912 0.0770692728 -0.461984762 0.883532912 0.0770692728 -0.461984762 0.883532912 0.0771812402 -0.46218772 0.883416984 0.0771812402 -0.46218772 0.883416984 0.0771812402 -0.46218772 0.883416984 0.142103995 -0.850967425 0.505629208 0.142103995 -0.850967425 0.505629208 0.142103995 -0.850967425 0.505629208 0.142284543 -0.851313543 0.504995406 0.142284543 -0.851313543 0.504995406 0.142284543 -0.851313543 0.504995406 0.142224214 -0.850952582 -0.505620388 0.142224214 -0.850952582 -0.505620388 0.142224214 -0.850952582 -0.505620388 0.142167369 -0.851346934 -0.504972116 0.142167369 -0.851346934 -0.504972116 0.142167369 -0.851346934 -0.504972116 0.0771468836 -0.461981981 -0.883527593 0.0771468836 -0.461981981 -0.883527593 0.0771468836 -0.461981981 -0.883527593 0.0771096263 -0.462226658 -0.883402865 0.0771096263 -0.462226658 -0.883402865 0.0771096263 -0.462226658 -0.883402865 0.0428632573 -0.256939906 -0.965476372 0.0428632573 -0.256939906 -0.965476372 0.0428632573 -0.256939906 -0.965476372 0.0428203323 -0.257071862 -0.965443151 0.0428203323 -0.257071862 -0.965443151 0.0428203323 -0.257071862 -0.965443151 0.0224409695 -0.134724359 -0.990628967 0.0224409695 -0.134724359 -0.990628967 0.0224409695 -0.134724359 -0.990628967 0.0224830622 -0.134659199 -0.990636872 0.0224830622 -0.134659199 -0.990636872 0.0224830622 -0.134659199 -0.990636872 0.00702361147 -0.0420669518 -0.999090106 0.00702361147 -0.0420669518 -0.999090106 0.00702361147 -0.0420669518 -0.999090106 -0.00702361147 -0.0420669518 0.999090106 -0.00702361147 -0.0420669518 0.999090106 -0.00702361147 -0.0420669518 0.999090106 -0.0224830622 -0.134659199 0.990636872 -0.0224830622 -0.134659199 0.990636872 -0.0224830622 -0.134659199 0.990636872 -0.0224409695 -0.134724359 0.990628967 -0.0224409695 -0.134724359 0.990628967 -0.0224409695 -0.134724359 0.990628967 -0.0428203323 -0.257071862 0.965443151 -0.0428203323 -0.257071862 0.965443151 -0.0428203323 -0.257071862 0.965443151 -0.0428632573 -0.256939906 0.965476372 -0.0428632573 -0.256939906 0.965476372 -0.0428632573 -0.256939906 0.965476372 -0.0771096263 -0.462226658 0.883402865 -0.0771096263 -0.462226658 0.883402865 -0.0771096263 -0.462226658 0.883402865 -0.0771468836 -0.461981981 0.883527593 -0.0771468836 -0.461981981 0.883527593 -0.0771468836 -0.461981981 0.883527593 -0.142167369 -0.851346934 0.504972116 -0.142167369 -0.851346934 0.504972116 -0.142167369 -0.851346934 0.504972116 -0.142224214 -0.850952582 0.505620388 -0.142224214 -0.850952582 0.505620388 -0.142224214 -0.850952582 0.505620388 -0.142284543 -0.851313543 -0.504995406 -0.142284543 -0.851313543 -0.504995406 -0.142284543 -0.851313543 -0.504995406 -0.142103995 -0.850967425 -0.505629208 -0.142103995 -0.850967425 -0.505629208 -0.142103995 -0.850967425 -0.505629208 -0.0771812402 -0.46218772 -0.883416984 -0.0771812402 -0.46218772 -0.883416984 -0.0771812402 -0.46218772 -0.883416984 -0.0770692728 -0.461984762 -0.883532912 -0.0770692728 -0.461984762 -0.883532912 -0.0770692728 -0.461984762 -0.883532912 -0.0428791656 -0.257035267 -0.965450283 -0.0428791656 -0.257035267 -0.965450283 -0.0428791656 -0.257035267 -0.965450283 -0.0427984715 -0.256940621 -0.965479056 -0.0427984715 -0.256940621 -0.965479056 -0.0427984715 -0.256940621 -0.965479056 -0.02243528 -0.134690202 -0.99063374 -0.02243528 -0.134690202 -0.99063374 -0.02243528 -0.134690202 -0.99063374 -0.0224939147 -0.134724198 -0.990627788 -0.0224939147 -0.134724198 -0.990627788 -0.0224939147 -0.134724198 -0.990627788 -0.00702361147 -0.0420669518 -0.999090106 -0.00702361147 -0.0420669518 -0.999090106 -0.00702361147 -0.0420669518 -0.999090106 -0.0197032145 -0.0337342916 0.999236599 -0.0197032145 -0.0337342916 0.999236599 -0.0197032145 -0.0337342916 0.999236599 -0.0631271596 -0.108081349 0.992135769 -0.0631271596 -0.108081349 0.992135769 -0.0631271596 -0.108081349 0.992135769 -0.0631200412 -0.108115897 0.992132458 -0.0631200412 -0.108115897 0.992132458 -0.0631200412 -0.108115897 0.992132458 -0.120942925 -0.207158495 0.970802847 -0.120942925 -0.207158495 0.970802847 -0.120942925 -0.207158495 0.970802847 -0.120945295 -0.207256559 0.97078162 -0.120945295 -0.207256559 0.97078162 -0.120945295 -0.207256559 0.97078162 -0.220330604 -0.377567089 0.899387302 -0.220330604 -0.377567089 0.899387302 -0.220330604 -0.377567089 0.899387302 -0.220286455 -0.377333462 0.899496157 -0.220286455 -0.377333462 0.899496157 -0.220286455 -0.377333462 0.899496157 -0.424564344 -0.727245502 0.539313542 -0.424564344 -0.727245502 0.539313542 -0.424564344 -0.727245502 0.539313542 -0.424718381 -0.72796425 0.538221467 -0.424718381 -0.72796425 0.538221467 -0.424718381 -0.72796425 0.538221467 -0.424385395 -0.727393514 -0.539254774 -0.424385395 -0.727393514 -0.539254774 -0.424385395 -0.727393514 -0.539254774 -0.424914687 -0.727845612 -0.538226973 -0.424914687 -0.727845612 -0.538226973 -0.424914687 -0.727845612 -0.538226973 -0.22038103 -0.377495461 -0.899405014 -0.22038103 -0.377495461 -0.899405014 -0.22038103 -0.377495461 -0.899405014 -0.220219439 -0.377376593 -0.899494472 -0.220219439 -0.377376593 -0.899494472 -0.220219439 -0.377376593 -0.899494472 -0.120914721 -0.207204167 -0.970796613 -0.120914721 -0.207204167 -0.970796613 -0.120914721 -0.207204167 -0.970796613 -0.120985021 -0.207230601 -0.970782212 -0.120985021 -0.207230601 -0.970782212 -0.120985021 -0.207230601 -0.970782212 -0.0631134096 -0.108104538 -0.992134117 -0.0631134096 -0.108104538 -0.992134117 -0.0631134096 -0.108104538 -0.992134117 -0.0631397637 -0.108102929 -0.992132616 -0.0631397637 -0.108102929 -0.992132616 -0.0631397637 -0.108102929 -0.992132616 -0.0197032145 -0.0337342916 -0.999236599 -0.0197032145 -0.0337342916 -0.999236599 -0.0197032145 -0.0337342916 -0.999236599 -0.0284545529 -0.018742234 0.999419365 -0.0284545529 -0.018742234 0.999419365 -0.0284545529 -0.018742234 0.999419365 -0.0913542509 -0.0601725409 0.993998826 -0.0913542509 -0.0601725409 0.993998826 -0.0913542509 -0.0601725409 0.993998826 -0.0913512723 -0.0601496914 0.994000483 -0.0913512723 -0.0601496914 0.994000483 -0.0913512723 -0.0601496914 0.994000483 -0.1759059 -0.115824173 0.977569371 -0.1759059 -0.115824173 0.977569371 -0.1759059 -0.115824173 0.977569371 -0.175912747 -0.115841746 0.977566057 -0.175912747 -0.115841746 0.977566057 -0.175912747 -0.115841746 0.977566057 -0.325975019 -0.214660484 0.92068516 -0.325975019 -0.214660484 0.92068516 -0.325975019 -0.214660484 0.92068516 -0.325861974 -0.214484415 0.920766208 -0.325861974 -0.214484415 0.920766208 -0.325861974 -0.214484415 0.920766208 -0.673593958 -0.44336381 0.591354133 -0.673593958 -0.44336381 0.591354133 -0.673593958 -0.44336381 0.591354133 -0.673331891 -0.443015605 0.591913286 -0.673331891 -0.443015605 0.591913286 -0.673331891 -0.443015605 0.591913286 -0.673655705 -0.443228657 -0.59138511 -0.673655705 -0.443228657 -0.59138511 -0.673655705 -0.443228657 -0.59138511 -0.673253511 -0.443139726 -0.591909532 -0.673253511 -0.443139726 -0.591909532 -0.673253511 -0.443139726 -0.591909532 -0.325995085 -0.21457203 -0.920698674 -0.325995085 -0.21457203 -0.920698674 -0.325995085 -0.21457203 -0.920698674 -0.325818579 -0.214557465 -0.920764545 -0.325818579 -0.214557465 -0.920764545 -0.325818579 -0.214557465 -0.920764545 -0.175903753 -0.115835824 -0.977568377 -0.175903753 -0.115835824 -0.977568377 -0.175903753 -0.115835824 -0.977568377 -0.175918276 -0.115832322 -0.977566178 -0.175918276 -0.115832322 -0.977566178 -0.175918276 -0.115832322 -0.977566178 -0.0913574674 -0.0601537705 -0.993999667 -0.0913574674 -0.0601537705 -0.993999667 -0.0913574674 -0.0601537705 -0.993999667 -0.0913424545 -0.0601647709 -0.99400038 -0.0913424545 -0.0601647709 -0.99400038 -0.0913424545 -0.0601647709 -0.99400038 -0.0284545529 -0.018742234 -0.999419365 -0.0284545529 -0.018742234 -0.999419365 -0.0284545529 -0.018742234 -0.999419365 -0.0315891667 0 0.999500938 -0.0315891667 0 0.999500938 -0.0315891667 0 0.999500938 -0.101476284 0 0.994837959 -0.101476284 0 0.994837959 -0.101476284 0 0.994837959 -0.101476284 0 0.994837959 -0.101476284 0 0.994837959 -0.101476284 0 0.994837959 -0.19588204 0 0.980627466 -0.19588204 0 0.980627466 -0.19588204 0 0.980627466 -0.19588204 0 0.980627466 -0.19588204 0 0.980627466 -0.19588204 0 0.980627466 -0.36572661 0 0.930722325 -0.36572661 0 0.930722325 -0.36572661 0 0.930722325 -0.36572661 0 0.930722325 -0.36572661 0 0.930722325 -0.36572661 0 0.930722325 -0.784328089 0 0.620346233 -0.784328089 0 0.620346233 -0.784328089 0 0.620346233 -0.784328089 0 0.620346233 -0.784328089 0 0.620346233 -0.784328089 0 0.620346233 -0.784328089 0 -0.620346233 -0.784328089 0 -0.620346233 -0.784328089 0 -0.620346233 -0.784328089 -0 -0.620346233 -0.784328089 -0 -0.620346233 -0.784328089 -0 -0.620346233 -0.36572661 0 -0.930722325 -0.36572661 0 -0.930722325 -0.36572661 0 -0.930722325 -0.36572661 -0 -0.930722325 -0.36572661 -0 -0.930722325 -0.36572661 -0 -0.930722325 -0.19588204 0 -0.980627466 -0.19588204 0 -0.980627466 -0.19588204 0 -0.980627466 -0.19588204 -0 -0.980627466 -0.19588204 -0 -0.980627466 -0.19588204 -0 -0.980627466 -0.101476284 0 -0.994837959 -0.101476284 0 -0.994837959 -0.101476284 0 -0.994837959 -0.101476284 -0 -0.994837959 -0.101476284 -0 -0.994837959 -0.101476284 -0 -0.994837959 -0.0315891667 0 -0.999500938 -0.0315891667 0 -0.999500938 -0.0315891667 0 -0.999500938 -0.0284545529 0.018742234 0.999419365 -0.0284545529 0.018742234 0.999419365 -0.0284545529 0.018742234 0.999419365 -0.0913424545 0.0601647709 0.99400038 -0.0913424545 0.0601647709 0.99400038 -0.0913424545 0.0601647709 0.99400038 -0.0913574674 0.0601537705 0.993999667 -0.0913574674 0.0601537705 0.993999667 -0.0913574674 0.0601537705 0.993999667 -0.175918276 0.115832322 0.977566178 -0.175918276 0.115832322 0.977566178 -0.175918276 0.115832322 0.977566178 -0.175903753 0.115835824 0.977568377 -0.175903753 0.115835824 0.977568377 -0.175903753 0.115835824 0.977568377 -0.325818579 0.214557465 0.920764545 -0.325818579 0.214557465 0.920764545 -0.325818579 0.214557465 0.920764545 -0.325995085 0.21457203 0.920698674 -0.325995085 0.21457203 0.920698674 -0.325995085 0.21457203 0.920698674 -0.673253511 0.443139726 0.591909532 -0.673253511 0.443139726 0.591909532 -0.673253511 0.443139726 0.591909532 -0.673655705 0.443228657 0.59138511 -0.673655705 0.443228657 0.59138511 -0.673655705 0.443228657 0.59138511 -0.673331891 0.443015605 -0.591913286 -0.673331891 0.443015605 -0.591913286 -0.673331891 0.443015605 -0.591913286 -0.673593958 0.44336381 -0.591354133 -0.673593958 0.44336381 -0.591354133 -0.673593958 0.44336381 -0.591354133 -0.325861974 0.214484415 -0.920766208 -0.325861974 0.214484415 -0.920766208 -0.325861974 0.214484415 -0.920766208 -0.325975019 0.214660484 -0.92068516 -0.325975019 0.214660484 -0.92068516 -0.325975019 0.214660484 -0.92068516 -0.175912747 0.115841746 -0.977566057 -0.175912747 0.115841746 -0.977566057 -0.175912747 0.115841746 -0.977566057 -0.1759059 0.115824173 -0.977569371 -0.1759059 0.115824173 -0.977569371 -0.1759059 0.115824173 -0.977569371 -0.0913512723 0.0601496914 -0.994000483 -0.0913512723 0.0601496914 -0.994000483 -0.0913512723 0.0601496914 -0.994000483 -0.0913542509 0.0601725409 -0.993998826 -0.0913542509 0.0601725409 -0.993998826 -0.0913542509 0.0601725409 -0.993998826 -0.0284545529 0.018742234 -0.999419365 -0.0284545529 0.018742234 -0.999419365 -0.0284545529 0.018742234 -0.999419365 -0.0197032145 0.0337342916 0.999236599 -0.0197032145 0.0337342916 0.999236599 -0.0197032145 0.0337342916 0.999236599 -0.0631397637 0.108102929 0.992132616 -0.0631397637 0.108102929 0.992132616 -0.0631397637 0.108102929 0.992132616 -0.0631134096 0.108104538 0.992134117 -0.0631134096 0.108104538 0.992134117 -0.0631134096 0.108104538 0.992134117 -0.120985021 0.207230601 0.970782212 -0.120985021 0.207230601 0.970782212 -0.120985021 0.207230601 0.970782212 -0.120914721 0.207204167 0.970796613 -0.120914721 0.207204167 0.970796613 -0.120914721 0.207204167 0.970796613 -0.220219439 0.377376593 0.899494472 -0.220219439 0.377376593 0.899494472 -0.220219439 0.377376593 0.899494472 -0.22038103 0.377495461 0.899405014 -0.22038103 0.377495461 0.899405014 -0.22038103 0.377495461 0.899405014 -0.424914687 0.727845612 0.538226973 -0.424914687 0.727845612 0.538226973 -0.424914687 0.727845612 0.538226973 -0.424385395 0.727393514 0.539254774 -0.424385395 0.727393514 0.539254774 -0.424385395 0.727393514 0.539254774 -0.424718381 0.72796425 -0.538221467 -0.424718381 0.72796425 -0.538221467 -0.424718381 0.72796425 -0.538221467 -0.424564344 0.727245502 -0.539313542 -0.424564344 0.727245502 -0.539313542 -0.424564344 0.727245502 -0.539313542 -0.220286455 0.377333462 -0.899496157 -0.220286455 0.377333462 -0.899496157 -0.220286455 0.377333462 -0.899496157 -0.220330604 0.377567089 -0.899387302 -0.220330604 0.377567089 -0.899387302 -0.220330604 0.377567089 -0.899387302 -0.120945295 0.207256559 -0.97078162 -0.120945295 0.207256559 -0.97078162 -0.120945295 0.207256559 -0.97078162 -0.120942925 0.207158495 -0.970802847 -0.120942925 0.207158495 -0.970802847 -0.120942925 0.207158495 -0.970802847 -0.0631200412 0.108115897 -0.992132458 -0.0631200412 0.108115897 -0.992132458 -0.0631200412 0.108115897 -0.992132458 -0.0631271596 0.108081349 -0.992135769 -0.0631271596 0.108081349 -0.992135769 -0.0631271596 0.108081349 -0.992135769 -0.0197032145 0.0337342916 -0.999236599 -0.0197032145 0.0337342916 -0.999236599 -0.0197032145 0.0337342916 -0.999236599 -0.00702361147 0.0420669518 0.999090106 -0.00702361147 0.0420669518 0.999090106 -0.00702361147 0.0420669518 0.999090106 -0.0224939147 0.134724198 0.990627788 -0.0224939147 0.134724198 0.990627788 -0.0224939147 0.134724198 0.990627788 -0.02243528 0.134690202 0.99063374 -0.02243528 0.134690202 0.99063374 -0.02243528 0.134690202 0.99063374 -0.0427984715 0.256940621 0.965479056 -0.0427984715 0.256940621 0.965479056 -0.0427984715 0.256940621 0.965479056 -0.0428791656 0.257035267 0.965450283 -0.0428791656 0.257035267 0.965450283 -0.0428791656 0.257035267 0.965450283 -0.0770692728 0.461984762 0.883532912 -0.0770692728 0.461984762 0.883532912 -0.0770692728 0.461984762 0.883532912 -0.0771812402 0.46218772 0.883416984 -0.0771812402 0.46218772 0.883416984 -0.0771812402 0.46218772 0.883416984 -0.142103995 0.850967425 0.505629208 -0.142103995 0.850967425 0.505629208 -0.142103995 0.850967425 0.505629208 -0.142284543 0.851313543 0.504995406 -0.142284543 0.851313543 0.504995406 -0.142284543 0.851313543 0.504995406 -0.142224214 0.850952582 -0.505620388 -0.142224214 0.850952582 -0.505620388 -0.142224214 0.850952582 -0.505620388 -0.142167369 0.851346934 -0.504972116 -0.142167369 0.851346934 -0.504972116 -0.142167369 0.851346934 -0.504972116 -0.0771468836 0.461981981 -0.883527593 -0.0771468836 0.461981981 -0.883527593 -0.0771468836 0.461981981 -0.883527593 -0.0771096263 0.462226658 -0.883402865 -0.0771096263 0.462226658 -0.883402865 -0.0771096263 0.462226658 -0.883402865 -0.0428632573 0.256939906 -0.965476372 -0.0428632573 0.256939906 -0.965476372 -0.0428632573 0.256939906 -0.965476372 -0.0428203323 0.257071862 -0.965443151 -0.0428203323 0.257071862 -0.965443151 -0.0428203323 0.257071862 -0.965443151 -0.0224409695 0.134724359 -0.990628967 -0.0224409695 0.134724359 -0.990628967 -0.0224409695 0.134724359 -0.990628967 -0.0224830622 0.134659199 -0.990636872 -0.0224830622 0.134659199 -0.990636872 -0.0224830622 0.134659199 -0.990636872 -0.00702361147 0.0420669518 -0.999090106 -0.00702361147 0.0420669518 -0.999090106 -0.00702361147 0.0420669518 -0.999090106</float_array><technique_common><accessor source="#part2-normals-array" count="756" stride="3"><param name="X" type="float" /><param name="Y" type="float" /><param name="Z" type="float" /></accessor></technique_common></source><vertices id="part2-vertices"><input semantic="POSITION" source="#part2-positions" /></vertices><triangles count="252" material="material"><input semantic="VERTEX" source="#part2-vertices" offset="0" /><input semantic="NORMAL" source="#part2-normals" offset="0" /><p>0 1 2 3 4 5 6 7 8 9 10 11 12 13 14 15 16 17 18 19 20 21 22 23 24 25 26 27 28 29 30 31 32 33 34 35 36 37 38 39 40 41 42 43 44 45 46 47 48 49 50 51 52 53 54 55 56 57 58 59 60 61 62 63 64 65 66 67 68 69 70 71 72 73 74 75 76 77 78 79 80 81 82 83 84 85 86 87 88 89 90 91 92 93 94 95 96 97 98 99 100 101 102 103 104 105 106 107 108 109 110 111 112 113 114 115 116 117 118 119 120 121 122 123 124 125 126 127 128 129 130 131 132 133 134 135 136 137 138 139 140 141 142 143 144 145 146 147 148 149 150 151 152 153 154 155 156 157 158 159 160 161 162 163 164 165 166 167 168 169 170 171 172 173 174 175 176 177 178 179 180 181 182 183 184 185 186 187 188 189 190 191 192 193 194 195 196 197 198 199 200 201 202 203 204 205 206 207 208 209 210 211 212 213 214 215 216 217 218 219 220 221 222 223 224 225 226 227 228 229 230 231 232 233 234 235 236 237 238 239 240 241 242 243 244 245 246 247 248 249 250 251 252 253 254 255 256 257 258 259 260 261 262 263 264 265 266 267 268 269 270 271 272 273 274 275 276 277 278 279 280 281 282 283 284 285 286 287 288 289 290 291 292 293 294 295 296 297 298 299 300 301 302 303 304 305 306 307 308 309 310 311 312 313 314 315 316 317 318 319 320 321 322 323 324 325 326 327 328 329 330 331 332 333 334 335 336 337 338 339 340 341 342 343 344 345 346 347 348 349 350 351 352 353 354 355 356 357 358 359 360 361 362 363 364 365 366 367 368 369 370 371 372 373 374 375 376 377 378 379 380 381 382 383 384 385 386 387 388 389 390 391 392 393 394 395 396 397 398 399 400 401 402 403 404 405 406 407 408 409 410 411 412 413 414 415 416 417 418 419 420 421 422 423 424 425 426 427 428 429 430 431 432 433 434 435 436 437 438 439 440 441 442 443 444 445 446 447 448 449 450 451 452 453 454 455 456 457 458 459 460 461 462 463 464 465 466 467 468 469 470 471 472 473 474 475 476 477 478 479 480 481 482 483 484 485 486 487 488 489 490 491 492 493 494 495 496 497 498 499 500 501 502 503 504 505 506 507 508 509 510 511 512 513 514 515 516 517 518 519 520 521 522 523 524 525 526 527 528 529 530 531 532 533 534 535 536 537 538 539 540 541 542 543 544 545 546 547 548 549 550 551 552 553 554 555 556 557 558 559 560 561 562 563 564 565 566 567 568 569 570 571 572 573 574 575 576 577 578 579 580 581 582 583 584 585 586 587 588 589 590 591 592 593 594 595 596 597 598 599 600 601 602 603 604 605 606 607 608 609 610 611 612 613 614 615 616 617 618 619 620 621 622 623 624 625 626 627 628 629 630 631 632 633 634 635 636 637 638 639 640 641 642 643 644 645 646 647 648 649 650 651 652 653 654 655 656 657 658 659 660 661 662 663 664 665 666 667 668 669 670 671 672 673 674 675 676 677 678 679 680 681 682 683 684 685 686 687 688 689 690 691 692 693 694 695 696 697 698 699 700 701 702 703 704 705 706 707 708 709 710 711 712 713 714 715 716 717 718 719 720 721 722 723 724 725 726 727 728 729 730 731 732 733 734 735 736 737 738 739 740 741 742 743 744 745 746 747 748 749 750 751 752 753 754 755</p></triangles></mesh></geometry><geometry id="part3"><mesh><source id="part3-positions"><float_array id="part3-positions-array" count="8073">-0.0719717995 0 0.164211695 -0.0182012382 0.0800469928 0.156136509 -0.0719717995 0.0888271735 0.156136509 -0.0719717995 0.0888271735 0.156136509 -0.0182012382 0.0800469928 0.156136509 0.0302499452 0.152227083 0.132615893 -0.0719717995 0.0888271735 0.156136509 0.0302499452 0.152227083 0.132615893 -0.0719717995 0.16901837 0.132615893 -0.0719717995 0.16901837 0.132615893 0.0302499452 0.152227083 0.132615893 0.0687032653 0.20958662 0.0960051266 -0.0719717995 0.16901837 0.132615893 0.0687032653 0.20958662 0.0960051266 -0.0719717995 0.232594526 0.0960051266 -0.0719717995 0.232594526 0.0960051266 0.0687032653 0.20958662 0.0960051266 0.0933774772 0.246373634 0.0498611385 -0.0719717995 0.232594526 0.0960051266 0.0933774772 0.246373634 0.0498611385 -0.0719717995 0.273435162 0.0498611385 -0.0719717995 0.273435162 0.0498611385 0.0933774772 0.246373634 0.0498611385 0.101901302 0.258999131 -0.00128177734 -0.0719717995 0.273435162 0.0498611385 0.101901302 0.258999131 -0.00128177734 -0.0719717995 0.287534689 -0.00128177734 -0.0719717995 0.287534689 -0.00128177734 0.101901302 0.258999131 -0.00128177734 0.0933774772 0.246373634 -0.0524246931 -0.0719717995 0.287534689 -0.00128177734 0.0933774772 0.246373634 -0.0524246931 -0.0719717995 0.273435162 -0.0524246931 -0.0719717995 0.273435162 -0.0524246931 0.0933774772 0.246373634 -0.0524246931 0.0687032653 0.20958662 -0.0985686812 -0.0719717995 0.273435162 -0.0524246931 0.0687032653 0.20958662 -0.0985686812 -0.0719717995 0.232594526 -0.0985686812 -0.0719717995 0.232594526 -0.0985686812 0.0687032653 0.20958662 -0.0985686812 0.0302499452 0.152227083 -0.135243535 -0.0719717995 0.232594526 -0.0985686812 0.0302499452 0.152227083 -0.135243535 -0.0719717995 0.16901837 -0.135243535 -0.0719717995 0.16901837 -0.135243535 0.0302499452 0.152227083 -0.135243535 -0.0182012382 0.0800469928 -0.158764151 -0.0719717995 0.16901837 -0.135243535 -0.0182012382 0.0800469928 -0.158764151 -0.0719717995 0.0888271735 -0.158764151 -0.0719717995 0.0888271735 -0.158764151 -0.0182012382 0.0800469928 -0.158764151 -0.0719717995 0 -0.166839336 -0.0719717995 0 0.164211695 0.0248664804 0.055372781 0.156136509 -0.0182012382 0.0800469928 0.156136509 -0.0182012382 0.0800469928 0.156136509 0.0248664804 0.055372781 0.156136509 0.112219608 0.105362097 0.132615893 -0.0182012382 0.0800469928 0.156136509 0.112219608 0.105362097 0.132615893 0.0302499452 0.152227083 0.132615893 0.0302499452 0.152227083 0.132615893 0.112219608 0.105362097 0.132615893 0.181515693 0.14504913 0.0960051266 0.0302499452 0.152227083 0.132615893 0.181515693 0.14504913 0.0960051266 0.0687032653 0.20958662 0.0960051266 0.0687032653 0.20958662 0.0960051266 0.181515693 0.14504913 0.0960051266 0.22599337 0.170492416 0.0498611385 0.0687032653 0.20958662 0.0960051266 0.22599337 0.170492416 0.0498611385 0.0933774772 0.246373634 0.0498611385 0.0933774772 0.246373634 0.0498611385 0.22599337 0.170492416 0.0498611385 0.241374698 0.179272588 -0.00128177734 0.0933774772 0.246373634 0.0498611385 0.241374698 0.179272588 -0.00128177734 0.101901302 0.258999131 -0.00128177734 0.101901302 0.258999131 -0.00128177734 0.241374698 0.179272588 -0.00128177734 0.22599337 0.170492416 -0.0524246931 0.101901302 0.258999131 -0.00128177734 0.22599337 0.170492416 -0.0524246931 0.0933774772 0.246373634 -0.0524246931 0.0933774772 0.246373634 -0.0524246931 0.22599337 0.170492416 -0.0524246931 0.181515693 0.14504913 -0.0985686812 0.0933774772 0.246373634 -0.0524246931 0.181515693 0.14504913 -0.0985686812 0.0687032653 0.20958662 -0.0985686812 0.0687032653 0.20958662 -0.0985686812 0.181515693 0.14504913 -0.0985686812 0.112219608 0.105362097 -0.135243535 0.0687032653 0.20958662 -0.0985686812 0.112219608 0.105362097 -0.135243535 0.0302499452 0.152227083 -0.135243535 0.0302499452 0.152227083 -0.135243535 0.112219608 0.105362097 -0.135243535 0.0248664804 0.055372781 -0.158764151 0.0302499452 0.152227083 -0.135243535 0.0248664804 0.055372781 -0.158764151 -0.0182012382 0.0800469928 -0.158764151 -0.0182012382 0.0800469928 -0.158764151 0.0248664804 0.055372781 -0.158764151 -0.0719717995 0 -0.166839336 -0.0719717995 0 0.164211695 0.0487716297 0.019739371 0.156136509 0.0248664804 0.055372781 0.156136509 0.0248664804 0.055372781 0.156136509 0.0487716297 0.019739371 0.156136509 0.157674642 0.0376201668 0.132615893 0.0248664804 0.055372781 0.156136509 0.157674642 0.0376201668 0.132615893 0.112219608 0.105362097 0.132615893 0.112219608 0.105362097 0.132615893 0.157674642 0.0376201668 0.132615893 0.244130514 0.0517838045 0.0960051266 0.112219608 0.105362097 0.132615893 0.244130514 0.0517838045 0.0960051266 0.181515693 0.14504913 0.0960051266 0.181515693 0.14504913 0.0960051266 0.244130514 0.0517838045 0.0960051266 0.29964749 0.0608203367 0.0498611385 0.181515693 0.14504913 0.0960051266 0.29964749 0.0608203367 0.0498611385 0.22599337 0.170492416 0.0498611385 0.22599337 0.170492416 0.0498611385 0.29964749 0.0608203367 0.0498611385 0.318745985 0.0639606892 -0.00128177734 0.22599337 0.170492416 0.0498611385 0.318745985 0.0639606892 -0.00128177734 0.241374698 0.179272588 -0.00128177734 0.241374698 0.179272588 -0.00128177734 0.318745985 0.0639606892 -0.00128177734 0.29964749 0.0608203367 -0.0524246931 0.241374698 0.179272588 -0.00128177734 0.29964749 0.0608203367 -0.0524246931 0.22599337 0.170492416 -0.0524246931 0.22599337 0.170492416 -0.0524246931 0.29964749 0.0608203367 -0.0524246931 0.244130514 0.0517838045 -0.0985686812 0.22599337 0.170492416 -0.0524246931 0.244130514 0.0517838045 -0.0985686812 0.181515693 0.14504913 -0.0985686812 0.181515693 0.14504913 -0.0985686812 0.244130514 0.0517838045 -0.0985686812 0.157674642 0.0376201668 -0.135243535 0.181515693 0.14504913 -0.0985686812 0.157674642 0.0376201668 -0.135243535 0.112219608 0.105362097 -0.135243535 0.112219608 0.105362097 -0.135243535 0.157674642 0.0376201668 -0.135243535 0.0487716297 0.019739371 -0.158764151 0.112219608 0.105362097 -0.135243535 0.0487716297 0.019739371 -0.158764151 0.0248664804 0.055372781 -0.158764151 0.0248664804 0.055372781 -0.158764151 0.0487716297 0.019739371 -0.158764151 -0.0719717995 0 -0.166839336 -0.0719717995 0 0.164211695 0.0487716297 -0.019739371 0.156136509 0.0487716297 0.019739371 0.156136509 0.0487716297 0.019739371 0.156136509 0.0487716297 -0.019739371 0.156136509 0.157674642 -0.0376201668 0.132615893 0.0487716297 0.019739371 0.156136509 0.157674642 -0.0376201668 0.132615893 0.157674642 0.0376201668 0.132615893 0.157674642 0.0376201668 0.132615893 0.157674642 -0.0376201668 0.132615893 0.244130514 -0.0517838045 0.0960051266 0.157674642 0.0376201668 0.132615893 0.244130514 -0.0517838045 0.0960051266 0.244130514 0.0517838045 0.0960051266 0.244130514 0.0517838045 0.0960051266 0.244130514 -0.0517838045 0.0960051266 0.29964749 -0.0608203367 0.0498611385 0.244130514 0.0517838045 0.0960051266 0.29964749 -0.0608203367 0.0498611385 0.29964749 0.0608203367 0.0498611385 0.29964749 0.0608203367 0.0498611385 0.29964749 -0.0608203367 0.0498611385 0.318745985 -0.0639606892 -0.00128177734 0.29964749 0.0608203367 0.0498611385 0.318745985 -0.0639606892 -0.00128177734 0.318745985 0.0639606892 -0.00128177734 0.318745985 0.0639606892 -0.00128177734 0.318745985 -0.0639606892 -0.00128177734 0.29964749 -0.0608203367 -0.0524246931 0.318745985 0.0639606892 -0.00128177734 0.29964749 -0.0608203367 -0.0524246931 0.29964749 0.0608203367 -0.0524246931 0.29964749 0.0608203367 -0.0524246931 0.29964749 -0.0608203367 -0.0524246931 0.244130514 -0.0517838045 -0.0985686812 0.29964749 0.0608203367 -0.0524246931 0.244130514 -0.0517838045 -0.0985686812 0.244130514 0.0517838045 -0.0985686812 0.244130514 0.0517838045 -0.0985686812 0.244130514 -0.0517838045 -0.0985686812 0.157674642 -0.0376201668 -0.135243535 0.244130514 0.0517838045 -0.0985686812 0.157674642 -0.0376201668 -0.135243535 0.157674642 0.0376201668 -0.135243535 0.157674642 0.0376201668 -0.135243535 0.157674642 -0.0376201668 -0.135243535 0.0487716297 -0.019739371 -0.158764151 0.157674642 0.0376201668 -0.135243535 0.0487716297 -0.019739371 -0.158764151 0.0487716297 0.019739371 -0.158764151 0.0487716297 0.019739371 -0.158764151 0.0487716297 -0.019739371 -0.158764151 -0.0719717995 0 -0.166839336 -0.0719717995 0 0.164211695 0.0248664804 -0.055372781 0.156136509 0.0487716297 -0.019739371 0.156136509 0.0487716297 -0.019739371 0.156136509 0.0248664804 -0.055372781 0.156136509 0.112219608 -0.105362097 0.132615893 0.0487716297 -0.019739371 0.156136509 0.112219608 -0.105362097 0.132615893 0.157674642 -0.0376201668 0.132615893 0.157674642 -0.0376201668 0.132615893 0.112219608 -0.105362097 0.132615893 0.181515693 -0.14504913 0.0960051266 0.157674642 -0.0376201668 0.132615893 0.181515693 -0.14504913 0.0960051266 0.244130514 -0.0517838045 0.0960051266 0.244130514 -0.0517838045 0.0960051266 0.181515693 -0.14504913 0.0960051266 0.22599337 -0.170492416 0.0498611385 0.244130514 -0.0517838045 0.0960051266 0.22599337 -0.170492416 0.0498611385 0.29964749 -0.0608203367 0.0498611385 0.29964749 -0.0608203367 0.0498611385 0.22599337 -0.170492416 0.0498611385 0.241374698 -0.179272588 -0.00128177734 0.29964749 -0.0608203367 0.0498611385 0.241374698 -0.179272588 -0.00128177734 0.318745985 -0.0639606892 -0.00128177734 0.318745985 -0.0639606892 -0.00128177734 0.241374698 -0.179272588 -0.00128177734 0.22599337 -0.170492416 -0.0524246931 0.318745985 -0.0639606892 -0.00128177734 0.22599337 -0.170492416 -0.0524246931 0.29964749 -0.0608203367 -0.0524246931 0.29964749 -0.0608203367 -0.0524246931 0.22599337 -0.170492416 -0.0524246931 0.181515693 -0.14504913 -0.0985686812 0.29964749 -0.0608203367 -0.0524246931 0.181515693 -0.14504913 -0.0985686812 0.244130514 -0.0517838045 -0.0985686812 0.244130514 -0.0517838045 -0.0985686812 0.181515693 -0.14504913 -0.0985686812 0.112219608 -0.105362097 -0.135243535 0.244130514 -0.0517838045 -0.0985686812 0.112219608 -0.105362097 -0.135243535 0.157674642 -0.0376201668 -0.135243535 0.157674642 -0.0376201668 -0.135243535 0.112219608 -0.105362097 -0.135243535 0.0248664804 -0.055372781 -0.158764151 0.157674642 -0.0376201668 -0.135243535 0.0248664804 -0.055372781 -0.158764151 0.0487716297 -0.019739371 -0.158764151 0.0487716297 -0.019739371 -0.158764151 0.0248664804 -0.055372781 -0.158764151 -0.0719717995 0 -0.166839336 -0.0719717995 0 0.164211695 -0.0182012382 -0.0800469928 0.156136509 0.0248664804 -0.055372781 0.156136509 0.0248664804 -0.055372781 0.156136509 -0.0182012382 -0.0800469928 0.156136509 0.0302499452 -0.152227083 0.132615893 0.0248664804 -0.055372781 0.156136509 0.0302499452 -0.152227083 0.132615893 0.112219608 -0.105362097 0.132615893 0.112219608 -0.105362097 0.132615893 0.0302499452 -0.152227083 0.132615893 0.0687032653 -0.20958662 0.0960051266 0.112219608 -0.105362097 0.132615893 0.0687032653 -0.20958662 0.0960051266 0.181515693 -0.14504913 0.0960051266 0.181515693 -0.14504913 0.0960051266 0.0687032653 -0.20958662 0.0960051266 0.0933774772 -0.246373634 0.0498611385 0.181515693 -0.14504913 0.0960051266 0.0933774772 -0.246373634 0.0498611385 0.22599337 -0.170492416 0.0498611385 0.22599337 -0.170492416 0.0498611385 0.0933774772 -0.246373634 0.0498611385 0.101901302 -0.258999131 -0.00128177734 0.22599337 -0.170492416 0.0498611385 0.101901302 -0.258999131 -0.00128177734 0.241374698 -0.179272588 -0.00128177734 0.241374698 -0.179272588 -0.00128177734 0.101901302 -0.258999131 -0.00128177734 0.0933774772 -0.246373634 -0.0524246931 0.241374698 -0.179272588 -0.00128177734 0.0933774772 -0.246373634 -0.0524246931 0.22599337 -0.170492416 -0.0524246931 0.22599337 -0.170492416 -0.0524246931 0.0933774772 -0.246373634 -0.0524246931 0.0687032653 -0.20958662 -0.0985686812 0.22599337 -0.170492416 -0.0524246931 0.0687032653 -0.20958662 -0.0985686812 0.181515693 -0.14504913 -0.0985686812 0.181515693 -0.14504913 -0.0985686812 0.0687032653 -0.20958662 -0.0985686812 0.0302499452 -0.152227083 -0.135243535 0.181515693 -0.14504913 -0.0985686812 0.0302499452 -0.152227083 -0.135243535 0.112219608 -0.105362097 -0.135243535 0.112219608 -0.105362097 -0.135243535 0.0302499452 -0.152227083 -0.135243535 -0.0182012382 -0.0800469928 -0.158764151 0.112219608 -0.105362097 -0.135243535 -0.0182012382 -0.0800469928 -0.158764151 0.0248664804 -0.055372781 -0.158764151 0.0248664804 -0.055372781 -0.158764151 -0.0182012382 -0.0800469928 -0.158764151 -0.0719717995 0 -0.166839336 -0.0719717995 0 0.164211695 -0.0719717995 -0.0888271735 0.156136509 -0.0182012382 -0.0800469928 0.156136509 -0.0182012382 -0.0800469928 0.156136509 -0.0719717995 -0.0888271735 0.156136509 -0.0719717995 -0.16901837 0.132615893 -0.0182012382 -0.0800469928 0.156136509 -0.0719717995 -0.16901837 0.132615893 0.0302499452 -0.152227083 0.132615893 0.0302499452 -0.152227083 0.132615893 -0.0719717995 -0.16901837 0.132615893 -0.0719717995 -0.232594526 0.0960051266 0.0302499452 -0.152227083 0.132615893 -0.0719717995 -0.232594526 0.0960051266 0.0687032653 -0.20958662 0.0960051266 0.0687032653 -0.20958662 0.0960051266 -0.0719717995 -0.232594526 0.0960051266 -0.0719717995 -0.273435162 0.0498611385 0.0687032653 -0.20958662 0.0960051266 -0.0719717995 -0.273435162 0.0498611385 0.0933774772 -0.246373634 0.0498611385 0.0933774772 -0.246373634 0.0498611385 -0.0719717995 -0.273435162 0.0498611385 -0.0719717995 -0.287534689 -0.00128177734 0.0933774772 -0.246373634 0.0498611385 -0.0719717995 -0.287534689 -0.00128177734 0.101901302 -0.258999131 -0.00128177734 0.101901302 -0.258999131 -0.00128177734 -0.0719717995 -0.287534689 -0.00128177734 -0.0719717995 -0.273435162 -0.0524246931 0.101901302 -0.258999131 -0.00128177734 -0.0719717995 -0.273435162 -0.0524246931 0.0933774772 -0.246373634 -0.0524246931 0.0933774772 -0.246373634 -0.0524246931 -0.0719717995 -0.273435162 -0.0524246931 -0.0719717995 -0.232594526 -0.0985686812 0.0933774772 -0.246373634 -0.0524246931 -0.0719717995 -0.232594526 -0.0985686812 0.0687032653 -0.20958662 -0.0985686812 0.0687032653 -0.20958662 -0.0985686812 -0.0719717995 -0.232594526 -0.0985686812 -0.0719717995 -0.16901837 -0.135243535 0.0687032653 -0.20958662 -0.0985686812 -0.0719717995 -0.16901837 -0.135243535 0.0302499452 -0.152227083 -0.135243535 0.0302499452 -0.152227083 -0.135243535 -0.0719717995 -0.16901837 -0.135243535 -0.0719717995 -0.0888271735 -0.158764151 0.0302499452 -0.152227083 -0.135243535 -0.0719717995 -0.0888271735 -0.158764151 -0.0182012382 -0.0800469928 -0.158764151 -0.0182012382 -0.0800469928 -0.158764151 -0.0719717995 -0.0888271735 -0.158764151 -0.0719717995 0 -0.166839336 -0.0719717995 0 0.164211695 -0.125678266 -0.0800469928 0.156136509 -0.0719717995 -0.0888271735 0.156136509 -0.0719717995 -0.0888271735 0.156136509 -0.125678266 -0.0800469928 0.156136509 -0.174145479 -0.152227083 0.132615893 -0.0719717995 -0.0888271735 0.156136509 -0.174145479 -0.152227083 0.132615893 -0.0719717995 -0.16901837 0.132615893 -0.0719717995 -0.16901837 0.132615893 -0.174145479 -0.152227083 0.132615893 -0.212662886 -0.20958662 0.0960051266 -0.0719717995 -0.16901837 0.132615893 -0.212662886 -0.20958662 0.0960051266 -0.0719717995 -0.232594526 0.0960051266 -0.0719717995 -0.232594526 0.0960051266 -0.212662886 -0.20958662 0.0960051266 -0.237337098 -0.246373634 0.0498611385 -0.0719717995 -0.232594526 0.0960051266 -0.237337098 -0.246373634 0.0498611385 -0.0719717995 -0.273435162 0.0498611385 -0.0719717995 -0.273435162 0.0498611385 -0.237337098 -0.246373634 0.0498611385 -0.245860923 -0.258999131 -0.00128177734 -0.0719717995 -0.273435162 0.0498611385 -0.245860923 -0.258999131 -0.00128177734 -0.0719717995 -0.287534689 -0.00128177734 -0.0719717995 -0.287534689 -0.00128177734 -0.245860923 -0.258999131 -0.00128177734 -0.237337098 -0.246373634 -0.0524246931 -0.0719717995 -0.287534689 -0.00128177734 -0.237337098 -0.246373634 -0.0524246931 -0.0719717995 -0.273435162 -0.0524246931 -0.0719717995 -0.273435162 -0.0524246931 -0.237337098 -0.246373634 -0.0524246931 -0.212662886 -0.20958662 -0.0985686812 -0.0719717995 -0.273435162 -0.0524246931 -0.212662886 -0.20958662 -0.0985686812 -0.0719717995 -0.232594526 -0.0985686812 -0.0719717995 -0.232594526 -0.0985686812 -0.212662886 -0.20958662 -0.0985686812 -0.174145479 -0.152227083 -0.135243535 -0.0719717995 -0.232594526 -0.0985686812 -0.174145479 -0.152227083 -0.135243535 -0.0719717995 -0.16901837 -0.135243535 -0.0719717995 -0.16901837 -0.135243535 -0.174145479 -0.152227083 -0.135243535 -0.125678266 -0.0800469928 -0.158764151 -0.0719717995 -0.16901837 -0.135243535 -0.125678266 -0.0800469928 -0.158764151 -0.0719717995 -0.0888271735 -0.158764151 -0.0719717995 -0.0888271735 -0.158764151 -0.125678266 -0.0800469928 -0.158764151 -0.0719717995 0 -0.166839336 -0.0719717995 0 0.164211695 -0.168762006 -0.055372781 0.156136509 -0.125678266 -0.0800469928 0.156136509 -0.125678266 -0.0800469928 0.156136509 -0.168762006 -0.055372781 0.156136509 -0.256115142 -0.105362097 0.132615893 -0.125678266 -0.0800469928 0.156136509 -0.256115142 -0.105362097 0.132615893 -0.174145479 -0.152227083 0.132615893 -0.174145479 -0.152227083 0.132615893 -0.256115142 -0.105362097 0.132615893 -0.325475298 -0.14504913 0.0960051266 -0.174145479 -0.152227083 0.132615893 -0.325475298 -0.14504913 0.0960051266 -0.212662886 -0.20958662 0.0960051266 -0.212662886 -0.20958662 0.0960051266 -0.325475298 -0.14504913 0.0960051266 -0.369952991 -0.170492416 0.0498611385 -0.212662886 -0.20958662 0.0960051266 -0.369952991 -0.170492416 0.0498611385 -0.237337098 -0.246373634 0.0498611385 -0.237337098 -0.246373634 0.0498611385 -0.369952991 -0.170492416 0.0498611385 -0.385270232 -0.179272588 -0.00128177734 -0.237337098 -0.246373634 0.0498611385 -0.385270232 -0.179272588 -0.00128177734 -0.245860923 -0.258999131 -0.00128177734 -0.245860923 -0.258999131 -0.00128177734 -0.385270232 -0.179272588 -0.00128177734 -0.369952991 -0.170492416 -0.0524246931 -0.245860923 -0.258999131 -0.00128177734 -0.369952991 -0.170492416 -0.0524246931 -0.237337098 -0.246373634 -0.0524246931 -0.237337098 -0.246373634 -0.0524246931 -0.369952991 -0.170492416 -0.0524246931 -0.325475298 -0.14504913 -0.0985686812 -0.237337098 -0.246373634 -0.0524246931 -0.325475298 -0.14504913 -0.0985686812 -0.212662886 -0.20958662 -0.0985686812 -0.212662886 -0.20958662 -0.0985686812 -0.325475298 -0.14504913 -0.0985686812 -0.256115142 -0.105362097 -0.135243535 -0.212662886 -0.20958662 -0.0985686812 -0.256115142 -0.105362097 -0.135243535 -0.174145479 -0.152227083 -0.135243535 -0.174145479 -0.152227083 -0.135243535 -0.256115142 -0.105362097 -0.135243535 -0.168762006 -0.055372781 -0.158764151 -0.174145479 -0.152227083 -0.135243535 -0.168762006 -0.055372781 -0.158764151 -0.125678266 -0.0800469928 -0.158764151 -0.125678266 -0.0800469928 -0.158764151 -0.168762006 -0.055372781 -0.158764151 -0.0719717995 0 -0.166839336 -0.0719717995 0 0.164211695 -0.192731247 -0.019739371 0.156136509 -0.168762006 -0.055372781 0.156136509 -0.168762006 -0.055372781 0.156136509 -0.192731247 -0.019739371 0.156136509 -0.301634247 -0.0376201668 0.132615893 -0.168762006 -0.055372781 0.156136509 -0.301634247 -0.0376201668 0.132615893 -0.256115142 -0.105362097 0.132615893 -0.256115142 -0.105362097 0.132615893 -0.301634247 -0.0376201668 0.132615893 -0.388026032 -0.0517838045 0.0960051266 -0.256115142 -0.105362097 0.132615893 -0.388026032 -0.0517838045 0.0960051266 -0.325475298 -0.14504913 0.0960051266 -0.325475298 -0.14504913 0.0960051266 -0.388026032 -0.0517838045 0.0960051266 -0.44354304 -0.0608203367 0.0498611385 -0.325475298 -0.14504913 0.0960051266 -0.44354304 -0.0608203367 0.0498611385 -0.369952991 -0.170492416 0.0498611385 -0.369952991 -0.170492416 0.0498611385 -0.44354304 -0.0608203367 0.0498611385 -0.46270559 -0.0639606892 -0.00128177734 -0.369952991 -0.170492416 0.0498611385 -0.46270559 -0.0639606892 -0.00128177734 -0.385270232 -0.179272588 -0.00128177734 -0.385270232 -0.179272588 -0.00128177734 -0.46270559 -0.0639606892 -0.00128177734 -0.44354304 -0.0608203367 -0.0524246931 -0.385270232 -0.179272588 -0.00128177734 -0.44354304 -0.0608203367 -0.0524246931 -0.369952991 -0.170492416 -0.0524246931 -0.369952991 -0.170492416 -0.0524246931 -0.44354304 -0.0608203367 -0.0524246931 -0.388026032 -0.0517838045 -0.0985686812 -0.369952991 -0.170492416 -0.0524246931 -0.388026032 -0.0517838045 -0.0985686812 -0.325475298 -0.14504913 -0.0985686812 -0.325475298 -0.14504913 -0.0985686812 -0.388026032 -0.0517838045 -0.0985686812 -0.301634247 -0.0376201668 -0.135243535 -0.325475298 -0.14504913 -0.0985686812 -0.301634247 -0.0376201668 -0.135243535 -0.256115142 -0.105362097 -0.135243535 -0.256115142 -0.105362097 -0.135243535 -0.301634247 -0.0376201668 -0.135243535 -0.192731247 -0.019739371 -0.158764151 -0.256115142 -0.105362097 -0.135243535 -0.192731247 -0.019739371 -0.158764151 -0.168762006 -0.055372781 -0.158764151 -0.168762006 -0.055372781 -0.158764151 -0.192731247 -0.019739371 -0.158764151 -0.0719717995 0 -0.166839336 -0.0719717995 0 0.164211695 -0.192731247 0.019739371 0.156136509 -0.192731247 -0.019739371 0.156136509 -0.192731247 -0.019739371 0.156136509 -0.192731247 0.019739371 0.156136509 -0.301634247 0.0376201668 0.132615893 -0.192731247 -0.019739371 0.156136509 -0.301634247 0.0376201668 0.132615893 -0.301634247 -0.0376201668 0.132615893 -0.301634247 -0.0376201668 0.132615893 -0.301634247 0.0376201668 0.132615893 -0.388026032 0.0517838045 0.0960051266 -0.301634247 -0.0376201668 0.132615893 -0.388026032 0.0517838045 0.0960051266 -0.388026032 -0.0517838045 0.0960051266 -0.388026032 -0.0517838045 0.0960051266 -0.388026032 0.0517838045 0.0960051266 -0.44354304 0.0608203367 0.0498611385 -0.388026032 -0.0517838045 0.0960051266 -0.44354304 0.0608203367 0.0498611385 -0.44354304 -0.0608203367 0.0498611385 -0.44354304 -0.0608203367 0.0498611385 -0.44354304 0.0608203367 0.0498611385 -0.46270559 0.0639606892 -0.00128177734 -0.44354304 -0.0608203367 0.0498611385 -0.46270559 0.0639606892 -0.00128177734 -0.46270559 -0.0639606892 -0.00128177734 -0.46270559 -0.0639606892 -0.00128177734 -0.46270559 0.0639606892 -0.00128177734 -0.44354304 0.0608203367 -0.0524246931 -0.46270559 -0.0639606892 -0.00128177734 -0.44354304 0.0608203367 -0.0524246931 -0.44354304 -0.0608203367 -0.0524246931 -0.44354304 -0.0608203367 -0.0524246931 -0.44354304 0.0608203367 -0.0524246931 -0.388026032 0.0517838045 -0.0985686812 -0.44354304 -0.0608203367 -0.0524246931 -0.388026032 0.0517838045 -0.0985686812 -0.388026032 -0.0517838045 -0.0985686812 -0.388026032 -0.0517838045 -0.0985686812 -0.388026032 0.0517838045 -0.0985686812 -0.301634247 0.0376201668 -0.135243535 -0.388026032 -0.0517838045 -0.0985686812 -0.301634247 0.0376201668 -0.135243535 -0.301634247 -0.0376201668 -0.135243535 -0.301634247 -0.0376201668 -0.135243535 -0.301634247 0.0376201668 -0.135243535 -0.192731247 0.019739371 -0.158764151 -0.301634247 -0.0376201668 -0.135243535 -0.192731247 0.019739371 -0.158764151 -0.192731247 -0.019739371 -0.158764151 -0.192731247 -0.019739371 -0.158764151 -0.192731247 0.019739371 -0.158764151 -0.0719717995 0 -0.166839336 -0.0719717995 0 0.164211695 -0.168762006 0.055372781 0.156136509 -0.192731247 0.019739371 0.156136509 -0.192731247 0.019739371 0.156136509 -0.168762006 0.055372781 0.156136509 -0.256115142 0.105362097 0.132615893 -0.192731247 0.019739371 0.156136509 -0.256115142 0.105362097 0.132615893 -0.301634247 0.0376201668 0.132615893 -0.301634247 0.0376201668 0.132615893 -0.256115142 0.105362097 0.132615893 -0.325475298 0.14504913 0.0960051266 -0.301634247 0.0376201668 0.132615893 -0.325475298 0.14504913 0.0960051266 -0.388026032 0.0517838045 0.0960051266 -0.388026032 0.0517838045 0.0960051266 -0.325475298 0.14504913 0.0960051266 -0.369952991 0.170492416 0.0498611385 -0.388026032 0.0517838045 0.0960051266 -0.369952991 0.170492416 0.0498611385 -0.44354304 0.0608203367 0.0498611385 -0.44354304 0.0608203367 0.0498611385 -0.369952991 0.170492416 0.0498611385 -0.385270232 0.179272588 -0.00128177734 -0.44354304 0.0608203367 0.0498611385 -0.385270232 0.179272588 -0.00128177734 -0.46270559 0.0639606892 -0.00128177734 -0.46270559 0.0639606892 -0.00128177734 -0.385270232 0.179272588 -0.00128177734 -0.369952991 0.170492416 -0.0524246931 -0.46270559 0.0639606892 -0.00128177734 -0.369952991 0.170492416 -0.0524246931 -0.44354304 0.0608203367 -0.0524246931 -0.44354304 0.0608203367 -0.0524246931 -0.369952991 0.170492416 -0.0524246931 -0.325475298 0.14504913 -0.0985686812 -0.44354304 0.0608203367 -0.0524246931 -0.325475298 0.14504913 -0.0985686812 -0.388026032 0.0517838045 -0.0985686812 -0.388026032 0.0517838045 -0.0985686812 -0.325475298 0.14504913 -0.0985686812 -0.256115142 0.105362097 -0.135243535 -0.388026032 0.0517838045 -0.0985686812 -0.256115142 0.105362097 -0.135243535 -0.301634247 0.0376201668 -0.135243535 -0.301634247 0.0376201668 -0.135243535 -0.256115142 0.105362097 -0.135243535 -0.168762006 0.055372781 -0.158764151 -0.301634247 0.0376201668 -0.135243535 -0.168762006 0.055372781 -0.158764151 -0.192731247 0.019739371 -0.158764151 -0.192731247 0.019739371 -0.158764151 -0.168762006 0.055372781 -0.158764151 -0.0719717995 0 -0.166839336 -0.0719717995 0 0.164211695 -0.125678266 0.0800469928 0.156136509 -0.168762006 0.055372781 0.156136509 -0.168762006 0.055372781 0.156136509 -0.125678266 0.0800469928 0.156136509 -0.174145479 0.152227083 0.132615893 -0.168762006 0.055372781 0.156136509 -0.174145479 0.152227083 0.132615893 -0.256115142 0.105362097 0.132615893 -0.256115142 0.105362097 0.132615893 -0.174145479 0.152227083 0.132615893 -0.212662886 0.20958662 0.0960051266 -0.256115142 0.105362097 0.132615893 -0.212662886 0.20958662 0.0960051266 -0.325475298 0.14504913 0.0960051266 -0.325475298 0.14504913 0.0960051266 -0.212662886 0.20958662 0.0960051266 -0.237337098 0.246373634 0.0498611385 -0.325475298 0.14504913 0.0960051266 -0.237337098 0.246373634 0.0498611385 -0.369952991 0.170492416 0.0498611385 -0.369952991 0.170492416 0.0498611385 -0.237337098 0.246373634 0.0498611385 -0.245860923 0.258999131 -0.00128177734 -0.369952991 0.170492416 0.0498611385 -0.245860923 0.258999131 -0.00128177734 -0.385270232 0.179272588 -0.00128177734 -0.385270232 0.179272588 -0.00128177734 -0.245860923 0.258999131 -0.00128177734 -0.237337098 0.246373634 -0.0524246931 -0.385270232 0.179272588 -0.00128177734 -0.237337098 0.246373634 -0.0524246931 -0.369952991 0.170492416 -0.0524246931 -0.369952991 0.170492416 -0.0524246931 -0.237337098 0.246373634 -0.0524246931 -0.212662886 0.20958662 -0.0985686812 -0.369952991 0.170492416 -0.0524246931 -0.212662886 0.20958662 -0.0985686812 -0.325475298 0.14504913 -0.0985686812 -0.325475298 0.14504913 -0.0985686812 -0.212662886 0.20958662 -0.0985686812 -0.174145479 0.152227083 -0.135243535 -0.325475298 0.14504913 -0.0985686812 -0.174145479 0.152227083 -0.135243535 -0.256115142 0.105362097 -0.135243535 -0.256115142 0.105362097 -0.135243535 -0.174145479 0.152227083 -0.135243535 -0.125678266 0.0800469928 -0.158764151 -0.256115142 0.105362097 -0.135243535 -0.125678266 0.0800469928 -0.158764151 -0.168762006 0.055372781 -0.158764151 -0.168762006 0.055372781 -0.158764151 -0.125678266 0.0800469928 -0.158764151 -0.0719717995 0 -0.166839336 -0.0719717995 0 0.164211695 -0.0719717995 0.0888271735 0.156136509 -0.125678266 0.0800469928 0.156136509 -0.125678266 0.0800469928 0.156136509 -0.0719717995 0.0888271735 0.156136509 -0.0719717995 0.16901837 0.132615893 -0.125678266 0.0800469928 0.156136509 -0.0719717995 0.16901837 0.132615893 -0.174145479 0.152227083 0.132615893 -0.174145479 0.152227083 0.132615893 -0.0719717995 0.16901837 0.132615893 -0.0719717995 0.232594526 0.0960051266 -0.174145479 0.152227083 0.132615893 -0.0719717995 0.232594526 0.0960051266 -0.212662886 0.20958662 0.0960051266 -0.212662886 0.20958662 0.0960051266 -0.0719717995 0.232594526 0.0960051266 -0.0719717995 0.273435162 0.0498611385 -0.212662886 0.20958662 0.0960051266 -0.0719717995 0.273435162 0.0498611385 -0.237337098 0.246373634 0.0498611385 -0.237337098 0.246373634 0.0498611385 -0.0719717995 0.273435162 0.0498611385 -0.0719717995 0.287534689 -0.00128177734 -0.237337098 0.246373634 0.0498611385 -0.0719717995 0.287534689 -0.00128177734 -0.245860923 0.258999131 -0.00128177734 -0.245860923 0.258999131 -0.00128177734 -0.0719717995 0.287534689 -0.00128177734 -0.0719717995 0.273435162 -0.0524246931 -0.245860923 0.258999131 -0.00128177734 -0.0719717995 0.273435162 -0.0524246931 -0.237337098 0.246373634 -0.0524246931 -0.237337098 0.246373634 -0.0524246931 -0.0719717995 0.273435162 -0.0524246931 -0.0719717995 0.232594526 -0.0985686812 -0.237337098 0.246373634 -0.0524246931 -0.0719717995 0.232594526 -0.0985686812 -0.212662886 0.20958662 -0.0985686812 -0.212662886 0.20958662 -0.0985686812 -0.0719717995 0.232594526 -0.0985686812 -0.0719717995 0.16901837 -0.135243535 -0.212662886 0.20958662 -0.0985686812 -0.0719717995 0.16901837 -0.135243535 -0.174145479 0.152227083 -0.135243535 -0.174145479 0.152227083 -0.135243535 -0.0719717995 0.16901837 -0.135243535 -0.0719717995 0.0888271735 -0.158764151 -0.174145479 0.152227083 -0.135243535 -0.0719717995 0.0888271735 -0.158764151 -0.125678266 0.0800469928 -0.158764151 -0.125678266 0.0800469928 -0.158764151 -0.0719717995 0.0888271735 -0.158764151 -0.0719717995 0 -0.166839336 0.103118985 0 -0.00128177734 0.124716939 0.0548600701 0.0303781229 0.124716939 0.0633838913 -0.00128177734 0.124716939 0.0633838913 -0.00128177734 0.124716939 0.0548600701 0.0303781229 0.146266812 0.0718436179 0.0401837215 0.124716939 0.0633838913 -0.00128177734 0.146266812 0.0718436179 0.0401837215 0.146266812 0.0829950846 -0.00128177734 0.146266812 0.0829950846 -0.00128177734 0.146266812 0.0718436179 0.0401837215 0.167864758 0.080367443 0.0451185623 0.146266812 0.0829950846 -0.00128177734 0.167864758 0.080367443 0.0451185623 0.167864758 0.0928006793 -0.00128177734 0.167864758 0.0928006793 -0.00128177734 0.167864758 0.080367443 0.0451185623 0.189398618 0.0829950846 0.0465926082 0.167864758 0.0928006793 -0.00128177734 0.189398618 0.0829950846 0.0465926082 0.189398618 0.095812858 -0.00128177734 0.189398618 0.095812858 -0.00128177734 0.189398618 0.0829950846 0.0465926082 0.211957899 0.0806237985 0.0451185623 0.189398618 0.095812858 -0.00128177734 0.211957899 0.0806237985 0.0451185623 0.211573377 0.0931211217 -0.00147404394 0.211573377 0.0931211217 -0.00147404394 0.211957899 0.0806237985 0.0451185623 0.24368189 0.0771629958 0.0428113631 0.211573377 0.0931211217 -0.00147404394 0.24368189 0.0771629958 0.0428113631 0.243361455 0.0890835289 -0.00173039941 0.243361455 0.0890835289 -0.00173039941 0.24368189 0.0771629958 0.0428113631 0.27984404 0.0733176638 0.0403759862 0.243361455 0.0890835289 -0.00173039941 0.27984404 0.0733176638 0.0403759862 0.279715867 0.0846613913 -0.00192266601 0.279715867 0.0846613913 -0.00192266601 0.27984404 0.0733176638 0.0403759862 0.315349284 0.0699209558 0.038517411 0.279715867 0.0846613913 -0.00192266601 0.315349284 0.0699209558 0.038517411 0.315669719 0.0807519723 -0.00185857714 0.315669719 0.0807519723 -0.00185857714 0.315349284 0.0699209558 0.038517411 0.344894227 0.067870112 0.0378765223 0.315669719 0.0807519723 -0.00185857714 0.344894227 0.067870112 0.0378765223 0.346240114 0.0783806862 -0.00128177734 0.346240114 0.0783806862 -0.00128177734 0.344894227 0.067870112 0.0378765223 0.369568438 0.0674855749 0.0389019442 0.346240114 0.0783806862 -0.00128177734 0.369568438 0.0674855749 0.0389019442 0.372132009 0.0779320622 0 0.372132009 0.0779320622 0 0.369568438 0.0674855749 0.0389019442 0.393281347 0.0682546413 0.0412091434 0.372132009 0.0779320622 0 0.393281347 0.0682546413 0.0412091434 0.396822242 0.0787652155 0.00198675487 0.396822242 0.0787652155 0.00198675487 0.393281347 0.0682546413 0.0412091434 0.414831228 0.0695364187 0.0440290535 0.396822242 0.0787652155 0.00198675487 0.414831228 0.0695364187 0.0440290535 0.418997002 0.0803033483 0.00410168748 0.418997002 0.0803033483 0.00410168748 0.414831228 0.0695364187 0.0440290535 0.433096529 0.0708822907 0.0467848729 0.418997002 0.0803033483 0.00410168748 0.433096529 0.0708822907 0.0467848729 0.437390509 0.0818414811 0.00608844236 0.437390509 0.0818414811 0.00608844236 0.433096529 0.0708822907 0.0467848729 0.447324262 0.0716513571 0.048643452 0.437390509 0.0818414811 0.00608844236 0.447324262 0.0716513571 0.048643452 0.45078508 0.0827387292 0.00743430856 0.45078508 0.0827387292 0.00743430856 0.447324262 0.0716513571 0.048643452 0.465974116 0.0694082448 0.0488998074 0.45078508 0.0827387292 0.00743430856 0.465974116 0.0694082448 0.0488998074 0.469306761 0.0801110876 0.00897244137 0.469306761 0.0801110876 0.00897244137 0.465974116 0.0694082448 0.0488998074 0.484880349 0.0620380232 0.046208075 0.469306761 0.0801110876 0.00897244137 0.484880349 0.0620380232 0.046208075 0.487892528 0.0716513571 0.0105105742 0.487892528 0.0716513571 0.0105105742 0.484880349 0.0620380232 0.046208075 0.504171104 0.0474257615 0.0393505643 0.487892528 0.0716513571 0.0105105742 0.504171104 0.0474257615 0.0393505643 0.506414209 0.0547318924 0.012048707 0.506414209 0.0547318924 0.012048707 0.504171104 0.0474257615 0.0393505643 0.524999976 0 0.0135868398 0.103118985 0 -0.00128177734 0.124716939 0.0316599003 0.0535782928 0.124716939 0.0548600701 0.0303781229 0.124716939 0.0548600701 0.0303781229 0.124716939 0.0316599003 0.0535782928 0.146266812 0.0414654989 0.0705618405 0.124716939 0.0548600701 0.0303781229 0.146266812 0.0414654989 0.0705618405 0.146266812 0.0718436179 0.0401837215 0.146266812 0.0718436179 0.0401837215 0.146266812 0.0414654989 0.0705618405 0.167864758 0.0464003397 0.079021571 0.146266812 0.0718436179 0.0401837215 0.167864758 0.0464003397 0.079021571 0.167864758 0.080367443 0.0451185623 0.167864758 0.080367443 0.0451185623 0.167864758 0.0464003397 0.079021571 0.189398618 0.0479384725 0.0816492204 0.167864758 0.080367443 0.0451185623 0.189398618 0.0479384725 0.0816492204 0.189398618 0.0829950846 0.0465926082 0.189398618 0.0829950846 0.0465926082 0.189398618 0.0479384725 0.0816492204 0.212278349 0.0465285174 0.0792138395 0.189398618 0.0829950846 0.0465926082 0.212278349 0.0465285174 0.0792138395 0.211957899 0.0806237985 0.0451185623 0.211957899 0.0806237985 0.0451185623 0.212278349 0.0465285174 0.0792138395 0.243938253 0.0445417645 0.0754325944 0.211957899 0.0806237985 0.0451185623 0.243938253 0.0445417645 0.0754325944 0.24368189 0.0771629958 0.0428113631 0.24368189 0.0771629958 0.0428113631 0.243938253 0.0445417645 0.0754325944 0.279972214 0.0422986522 0.0713950017 0.24368189 0.0771629958 0.0428113631 0.279972214 0.0422986522 0.0713950017 0.27984404 0.0733176638 0.0403759862 0.27984404 0.0733176638 0.0403759862 0.279972214 0.0422986522 0.0713950017 0.315156992 0.0403759862 0.0680623806 0.27984404 0.0733176638 0.0403759862 0.315156992 0.0403759862 0.0680623806 0.315349284 0.0699209558 0.038517411 0.315349284 0.0699209558 0.038517411 0.315156992 0.0403759862 0.0680623806 0.343932892 0.0392223866 0.0665242478 0.315349284 0.0699209558 0.038517411 0.343932892 0.0392223866 0.0665242478 0.344894227 0.067870112 0.0378765223 0.344894227 0.067870112 0.0378765223 0.343932892 0.0392223866 0.0665242478 0.3676458 0.0389660311 0.0673574011 0.344894227 0.067870112 0.0378765223 0.3676458 0.0389660311 0.0673574011 0.369568438 0.0674855749 0.0389019442 0.369568438 0.0674855749 0.0389019442 0.3676458 0.0389660311 0.0673574011 0.390717776 0.0394146551 0.0699209558 0.369568438 0.0674855749 0.0389019442 0.390717776 0.0394146551 0.0699209558 0.393281347 0.0682546413 0.0412091434 0.393281347 0.0682546413 0.0412091434 0.390717776 0.0394146551 0.0699209558 0.411819049 0.0401196307 0.0733176638 0.393281347 0.0682546413 0.0412091434 0.411819049 0.0401196307 0.0733176638 0.414831228 0.0695364187 0.0440290535 0.414831228 0.0695364187 0.0440290535 0.411819049 0.0401196307 0.0733176638 0.42989209 0.0408886971 0.076522111 0.414831228 0.0695364187 0.0440290535 0.42989209 0.0408886971 0.076522111 0.433096529 0.0708822907 0.0467848729 0.433096529 0.0708822907 0.0467848729 0.42989209 0.0408886971 0.076522111 0.444824809 0.041401408 0.0788293102 0.433096529 0.0708822907 0.0467848729 0.444824809 0.041401408 0.0788293102 0.447324262 0.0716513571 0.048643452 0.447324262 0.0716513571 0.048643452 0.444824809 0.041401408 0.0788293102 0.463538751 0.0400555438 0.0781243307 0.447324262 0.0716513571 0.048643452 0.463538751 0.0400555438 0.0781243307 0.465974116 0.0694082448 0.0488998074 0.465974116 0.0694082448 0.0488998074 0.463538751 0.0400555438 0.0781243307 0.482701332 0.0358256786 0.0723563288 0.465974116 0.0694082448 0.0488998074 0.482701332 0.0358256786 0.0723563288 0.484880349 0.0620380232 0.046208075 0.484880349 0.0620380232 0.046208075 0.482701332 0.0358256786 0.0723563288 0.502504782 0.0273659462 0.0592822039 0.484880349 0.0620380232 0.046208075 0.502504782 0.0273659462 0.0592822039 0.504171104 0.0474257615 0.0393505643 0.504171104 0.0474257615 0.0393505643 0.502504782 0.0273659462 0.0592822039 0.524999976 0 0.0135868398 0.103118985 0 -0.00128177734 0.124716939 0 0.062102114 0.124716939 0.0316599003 0.0535782928 0.124716939 0.0316599003 0.0535782928 0.124716939 0 0.062102114 0.146266812 0 0.0817133073 0.124716939 0.0316599003 0.0535782928 0.146266812 0 0.0817133073 0.146266812 0.0414654989 0.0705618405 0.146266812 0.0414654989 0.0705618405 0.146266812 0 0.0817133073 0.167864758 0 0.0914548151 0.146266812 0.0414654989 0.0705618405 0.167864758 0 0.0914548151 0.167864758 0.0464003397 0.079021571 0.167864758 0.0464003397 0.079021571 0.167864758 0 0.0914548151 0.189398618 0 0.0945310807 0.167864758 0.0464003397 0.079021571 0.189398618 0 0.0945310807 0.189398618 0.0479384725 0.0816492204 0.189398618 0.0479384725 0.0816492204 0.189398618 0 0.0945310807 0.212406523 0 0.0916470836 0.189398618 0.0479384725 0.0816492204 0.212406523 0 0.0916470836 0.212278349 0.0465285174 0.0792138395 0.212278349 0.0465285174 0.0792138395 0.212406523 0 0.0916470836 0.244066427 0 0.0873531276 0.212278349 0.0465285174 0.0792138395 0.244066427 0 0.0873531276 0.243938253 0.0445417645 0.0754325944 0.243938253 0.0445417645 0.0754325944 0.244066427 0 0.0873531276 0.279972214 0 0.0826746423 0.243938253 0.0445417645 0.0754325944 0.279972214 0 0.0826746423 0.279972214 0.0422986522 0.0713950017 0.279972214 0.0422986522 0.0713950017 0.279972214 0 0.0826746423 0.315028819 0 0.0788933971 0.279972214 0.0422986522 0.0713950017 0.315028819 0 0.0788933971 0.315156992 0.0403759862 0.0680623806 0.315156992 0.0403759862 0.0680623806 0.315028819 0 0.0788933971 0.343612457 0 0.077034822 0.315156992 0.0403759862 0.0680623806 0.343612457 0 0.077034822 0.343932892 0.0392223866 0.0665242478 0.343932892 0.0392223866 0.0665242478 0.343612457 0 0.077034822 0.366940812 0 0.0778038884 0.343932892 0.0392223866 0.0665242478 0.366940812 0 0.0778038884 0.3676458 0.0389660311 0.0673574011 0.3676458 0.0389660311 0.0673574011 0.366940812 0 0.0778038884 0.389756441 0 0.08043153 0.3676458 0.0389660311 0.0673574011 0.389756441 0 0.08043153 0.390717776 0.0394146551 0.0699209558 0.390717776 0.0394146551 0.0699209558 0.389756441 0 0.08043153 0.41072954 0 0.0839564196 0.390717776 0.0394146551 0.0699209558 0.41072954 0 0.0839564196 0.411819049 0.0401196307 0.0733176638 0.411819049 0.0401196307 0.0733176638 0.41072954 0 0.0839564196 0.428738494 0 0.0874172145 0.411819049 0.0401196307 0.0733176638 0.428738494 0 0.0874172145 0.42989209 0.0408886971 0.076522111 0.42989209 0.0408886971 0.076522111 0.428738494 0 0.0874172145 0.443863475 0 0.0898525953 0.42989209 0.0408886971 0.076522111 0.443863475 0 0.0898525953 0.444824809 0.041401408 0.0788293102 0.444824809 0.041401408 0.0788293102 0.443863475 0 0.0898525953 0.462641503 0 0.0888271735 0.444824809 0.041401408 0.0788293102 0.462641503 0 0.0888271735 0.463538751 0.0400555438 0.0781243307 0.463538751 0.0400555438 0.0781243307 0.462641503 0 0.0888271735 0.481932258 0 0.0819055758 0.463538751 0.0400555438 0.0781243307 0.481932258 0 0.0819055758 0.482701332 0.0358256786 0.0723563288 0.482701332 0.0358256786 0.0723563288 0.481932258 0 0.0819055758 0.501863882 0 0.0665883347 0.482701332 0.0358256786 0.0723563288 0.501863882 0 0.0665883347 0.502504782 0.0273659462 0.0592822039 0.502504782 0.0273659462 0.0592822039 0.501863882 0 0.0665883347 0.524999976 0 0.0135868398 0.103118985 0 -0.00128177734 0.124716939 -0.0316599003 0.0535782928 0.124716939 0 0.062102114 0.124716939 0 0.062102114 0.124716939 -0.0316599003 0.0535782928 0.146266812 -0.0414654989 0.0705618405 0.124716939 0 0.062102114 0.146266812 -0.0414654989 0.0705618405 0.146266812 0 0.0817133073 0.146266812 0 0.0817133073 0.146266812 -0.0414654989 0.0705618405 0.167864758 -0.0464003397 0.079021571 0.146266812 0 0.0817133073 0.167864758 -0.0464003397 0.079021571 0.167864758 0 0.0914548151 0.167864758 0 0.0914548151 0.167864758 -0.0464003397 0.079021571 0.189398618 -0.0479384725 0.0816492204 0.167864758 0 0.0914548151 0.189398618 -0.0479384725 0.0816492204 0.189398618 0 0.0945310807 0.189398618 0 0.0945310807 0.189398618 -0.0479384725 0.0816492204 0.212278349 -0.0465285174 0.0792138395 0.189398618 0 0.0945310807 0.212278349 -0.0465285174 0.0792138395 0.212406523 0 0.0916470836 0.212406523 0 0.0916470836 0.212278349 -0.0465285174 0.0792138395 0.243938253 -0.0445417645 0.0754325944 0.212406523 0 0.0916470836 0.243938253 -0.0445417645 0.0754325944 0.244066427 0 0.0873531276 0.244066427 0 0.0873531276 0.243938253 -0.0445417645 0.0754325944 0.279972214 -0.0422986522 0.0713950017 0.244066427 0 0.0873531276 0.279972214 -0.0422986522 0.0713950017 0.279972214 0 0.0826746423 0.279972214 0 0.0826746423 0.279972214 -0.0422986522 0.0713950017 0.315156992 -0.0403759862 0.0680623806 0.279972214 0 0.0826746423 0.315156992 -0.0403759862 0.0680623806 0.315028819 0 0.0788933971 0.315028819 0 0.0788933971 0.315156992 -0.0403759862 0.0680623806 0.343932892 -0.0392223866 0.0665242478 0.315028819 0 0.0788933971 0.343932892 -0.0392223866 0.0665242478 0.343612457 0 0.077034822 0.343612457 0 0.077034822 0.343932892 -0.0392223866 0.0665242478 0.3676458 -0.0389660311 0.0673574011 0.343612457 0 0.077034822 0.3676458 -0.0389660311 0.0673574011 0.366940812 0 0.0778038884 0.366940812 0 0.0778038884 0.3676458 -0.0389660311 0.0673574011 0.390717776 -0.0394146551 0.0699209558 0.366940812 0 0.0778038884 0.390717776 -0.0394146551 0.0699209558 0.389756441 0 0.08043153 0.389756441 0 0.08043153 0.390717776 -0.0394146551 0.0699209558 0.411819049 -0.0401196307 0.0733176638 0.389756441 0 0.08043153 0.411819049 -0.0401196307 0.0733176638 0.41072954 0 0.0839564196 0.41072954 0 0.0839564196 0.411819049 -0.0401196307 0.0733176638 0.42989209 -0.0408886971 0.076522111 0.41072954 0 0.0839564196 0.42989209 -0.0408886971 0.076522111 0.428738494 0 0.0874172145 0.428738494 0 0.0874172145 0.42989209 -0.0408886971 0.076522111 0.444824809 -0.041401408 0.0788293102 0.428738494 0 0.0874172145 0.444824809 -0.041401408 0.0788293102 0.443863475 0 0.0898525953 0.443863475 0 0.0898525953 0.444824809 -0.041401408 0.0788293102 0.463538751 -0.0400555438 0.0781243307 0.443863475 0 0.0898525953 0.463538751 -0.0400555438 0.0781243307 0.462641503 0 0.0888271735 0.462641503 0 0.0888271735 0.463538751 -0.0400555438 0.0781243307 0.482701332 -0.0358256786 0.0723563288 0.462641503 0 0.0888271735 0.482701332 -0.0358256786 0.0723563288 0.481932258 0 0.0819055758 0.481932258 0 0.0819055758 0.482701332 -0.0358256786 0.0723563288 0.502504782 -0.0273659462 0.0592822039 0.481932258 0 0.0819055758 0.502504782 -0.0273659462 0.0592822039 0.501863882 0 0.0665883347 0.501863882 0 0.0665883347 0.502504782 -0.0273659462 0.0592822039 0.524999976 0 0.0135868398 0.103118985 0 -0.00128177734 0.124716939 -0.0548600701 0.0303781229 0.124716939 -0.0316599003 0.0535782928 0.124716939 -0.0316599003 0.0535782928 0.124716939 -0.0548600701 0.0303781229 0.146266812 -0.0718436179 0.0401837215 0.124716939 -0.0316599003 0.0535782928 0.146266812 -0.0718436179 0.0401837215 0.146266812 -0.0414654989 0.0705618405 0.146266812 -0.0414654989 0.0705618405 0.146266812 -0.0718436179 0.0401837215 0.167864758 -0.080367443 0.0451185623 0.146266812 -0.0414654989 0.0705618405 0.167864758 -0.080367443 0.0451185623 0.167864758 -0.0464003397 0.079021571 0.167864758 -0.0464003397 0.079021571 0.167864758 -0.080367443 0.0451185623 0.189398618 -0.0829950846 0.0465926082 0.167864758 -0.0464003397 0.079021571 0.189398618 -0.0829950846 0.0465926082 0.189398618 -0.0479384725 0.0816492204 0.189398618 -0.0479384725 0.0816492204 0.189398618 -0.0829950846 0.0465926082 0.211957899 -0.0806237985 0.0451185623 0.189398618 -0.0479384725 0.0816492204 0.211957899 -0.0806237985 0.0451185623 0.212278349 -0.0465285174 0.0792138395 0.212278349 -0.0465285174 0.0792138395 0.211957899 -0.0806237985 0.0451185623 0.24368189 -0.0771629958 0.0428113631 0.212278349 -0.0465285174 0.0792138395 0.24368189 -0.0771629958 0.0428113631 0.243938253 -0.0445417645 0.0754325944 0.243938253 -0.0445417645 0.0754325944 0.24368189 -0.0771629958 0.0428113631 0.27984404 -0.0733176638 0.0403759862 0.243938253 -0.0445417645 0.0754325944 0.27984404 -0.0733176638 0.0403759862 0.279972214 -0.0422986522 0.0713950017 0.279972214 -0.0422986522 0.0713950017 0.27984404 -0.0733176638 0.0403759862 0.315349284 -0.0699209558 0.038517411 0.279972214 -0.0422986522 0.0713950017 0.315349284 -0.0699209558 0.038517411 0.315156992 -0.0403759862 0.0680623806 0.315156992 -0.0403759862 0.0680623806 0.315349284 -0.0699209558 0.038517411 0.344894227 -0.067870112 0.0378765223 0.315156992 -0.0403759862 0.0680623806 0.344894227 -0.067870112 0.0378765223 0.343932892 -0.0392223866 0.0665242478 0.343932892 -0.0392223866 0.0665242478 0.344894227 -0.067870112 0.0378765223 0.369568438 -0.0674855749 0.0389019442 0.343932892 -0.0392223866 0.0665242478 0.369568438 -0.0674855749 0.0389019442 0.3676458 -0.0389660311 0.0673574011 0.3676458 -0.0389660311 0.0673574011 0.369568438 -0.0674855749 0.0389019442 0.393281347 -0.0682546413 0.0412091434 0.3676458 -0.0389660311 0.0673574011 0.393281347 -0.0682546413 0.0412091434 0.390717776 -0.0394146551 0.0699209558 0.390717776 -0.0394146551 0.0699209558 0.393281347 -0.0682546413 0.0412091434 0.414831228 -0.0695364187 0.0440290535 0.390717776 -0.0394146551 0.0699209558 0.414831228 -0.0695364187 0.0440290535 0.411819049 -0.0401196307 0.0733176638 0.411819049 -0.0401196307 0.0733176638 0.414831228 -0.0695364187 0.0440290535 0.433096529 -0.0708822907 0.0467848729 0.411819049 -0.0401196307 0.0733176638 0.433096529 -0.0708822907 0.0467848729 0.42989209 -0.0408886971 0.076522111 0.42989209 -0.0408886971 0.076522111 0.433096529 -0.0708822907 0.0467848729 0.447324262 -0.0716513571 0.048643452 0.42989209 -0.0408886971 0.076522111 0.447324262 -0.0716513571 0.048643452 0.444824809 -0.041401408 0.0788293102 0.444824809 -0.041401408 0.0788293102 0.447324262 -0.0716513571 0.048643452 0.465974116 -0.0694082448 0.0488998074 0.444824809 -0.041401408 0.0788293102 0.465974116 -0.0694082448 0.0488998074 0.463538751 -0.0400555438 0.0781243307 0.463538751 -0.0400555438 0.0781243307 0.465974116 -0.0694082448 0.0488998074 0.484880349 -0.0620380232 0.046208075 0.463538751 -0.0400555438 0.0781243307 0.484880349 -0.0620380232 0.046208075 0.482701332 -0.0358256786 0.0723563288 0.482701332 -0.0358256786 0.0723563288 0.484880349 -0.0620380232 0.046208075 0.504171104 -0.0474257615 0.0393505643 0.482701332 -0.0358256786 0.0723563288 0.504171104 -0.0474257615 0.0393505643 0.502504782 -0.0273659462 0.0592822039 0.502504782 -0.0273659462 0.0592822039 0.504171104 -0.0474257615 0.0393505643 0.524999976 0 0.0135868398 0.103118985 0 -0.00128177734 0.124716939 -0.0633838913 -0.00128177734 0.124716939 -0.0548600701 0.0303781229 0.124716939 -0.0548600701 0.0303781229 0.124716939 -0.0633838913 -0.00128177734 0.146266812 -0.0829950846 -0.00128177734 0.124716939 -0.0548600701 0.0303781229 0.146266812 -0.0829950846 -0.00128177734 0.146266812 -0.0718436179 0.0401837215 0.146266812 -0.0718436179 0.0401837215 0.146266812 -0.0829950846 -0.00128177734 0.167864758 -0.0928006793 -0.00128177734 0.146266812 -0.0718436179 0.0401837215 0.167864758 -0.0928006793 -0.00128177734 0.167864758 -0.080367443 0.0451185623 0.167864758 -0.080367443 0.0451185623 0.167864758 -0.0928006793 -0.00128177734 0.189398618 -0.095812858 -0.00128177734 0.167864758 -0.080367443 0.0451185623 0.189398618 -0.095812858 -0.00128177734 0.189398618 -0.0829950846 0.0465926082 0.189398618 -0.0829950846 0.0465926082 0.189398618 -0.095812858 -0.00128177734 0.211573377 -0.0931211217 -0.00147404394 0.189398618 -0.0829950846 0.0465926082 0.211573377 -0.0931211217 -0.00147404394 0.211957899 -0.0806237985 0.0451185623 0.211957899 -0.0806237985 0.0451185623 0.211573377 -0.0931211217 -0.00147404394 0.243361455 -0.0890835289 -0.00173039941 0.211957899 -0.0806237985 0.0451185623 0.243361455 -0.0890835289 -0.00173039941 0.24368189 -0.0771629958 0.0428113631 0.24368189 -0.0771629958 0.0428113631 0.243361455 -0.0890835289 -0.00173039941 0.279715867 -0.0846613913 -0.00192266601 0.24368189 -0.0771629958 0.0428113631 0.279715867 -0.0846613913 -0.00192266601 0.27984404 -0.0733176638 0.0403759862 0.27984404 -0.0733176638 0.0403759862 0.279715867 -0.0846613913 -0.00192266601 0.315669719 -0.0807519723 -0.00185857714 0.27984404 -0.0733176638 0.0403759862 0.315669719 -0.0807519723 -0.00185857714 0.315349284 -0.0699209558 0.038517411 0.315349284 -0.0699209558 0.038517411 0.315669719 -0.0807519723 -0.00185857714 0.346240114 -0.0783806862 -0.00128177734 0.315349284 -0.0699209558 0.038517411 0.346240114 -0.0783806862 -0.00128177734 0.344894227 -0.067870112 0.0378765223 0.344894227 -0.067870112 0.0378765223 0.346240114 -0.0783806862 -0.00128177734 0.372132009 -0.0779320622 0 0.344894227 -0.067870112 0.0378765223 0.372132009 -0.0779320622 0 0.369568438 -0.0674855749 0.0389019442 0.369568438 -0.0674855749 0.0389019442 0.372132009 -0.0779320622 0 0.396822242 -0.0787652155 0.00198675487 0.369568438 -0.0674855749 0.0389019442 0.396822242 -0.0787652155 0.00198675487 0.393281347 -0.0682546413 0.0412091434 0.393281347 -0.0682546413 0.0412091434 0.396822242 -0.0787652155 0.00198675487 0.418997002 -0.0803033483 0.00410168748 0.393281347 -0.0682546413 0.0412091434 0.418997002 -0.0803033483 0.00410168748 0.414831228 -0.0695364187 0.0440290535 0.414831228 -0.0695364187 0.0440290535 0.418997002 -0.0803033483 0.00410168748 0.437390509 -0.0818414811 0.00608844236 0.414831228 -0.0695364187 0.0440290535 0.437390509 -0.0818414811 0.00608844236 0.433096529 -0.0708822907 0.0467848729 0.433096529 -0.0708822907 0.0467848729 0.437390509 -0.0818414811 0.00608844236 0.45078508 -0.0827387292 0.00743430856 0.433096529 -0.0708822907 0.0467848729 0.45078508 -0.0827387292 0.00743430856 0.447324262 -0.0716513571 0.048643452 0.447324262 -0.0716513571 0.048643452 0.45078508 -0.0827387292 0.00743430856 0.469306761 -0.0801110876 0.00897244137 0.447324262 -0.0716513571 0.048643452 0.469306761 -0.0801110876 0.00897244137 0.465974116 -0.0694082448 0.0488998074 0.465974116 -0.0694082448 0.0488998074 0.469306761 -0.0801110876 0.00897244137 0.487892528 -0.0716513571 0.0105105742 0.465974116 -0.0694082448 0.0488998074 0.487892528 -0.0716513571 0.0105105742 0.484880349 -0.0620380232 0.046208075 0.484880349 -0.0620380232 0.046208075 0.487892528 -0.0716513571 0.0105105742 0.506414209 -0.0547318924 0.012048707 0.484880349 -0.0620380232 0.046208075 0.506414209 -0.0547318924 0.012048707 0.504171104 -0.0474257615 0.0393505643 0.504171104 -0.0474257615 0.0393505643 0.506414209 -0.0547318924 0.012048707 0.524999976 0 0.0135868398 0.103118985 0 -0.00128177734 0.124716939 -0.0548600701 -0.0330057684 0.124716939 -0.0633838913 -0.00128177734 0.124716939 -0.0633838913 -0.00128177734 0.124716939 -0.0548600701 -0.0330057684 0.146266812 -0.0718436179 -0.0428113631 0.124716939 -0.0633838913 -0.00128177734 0.146266812 -0.0718436179 -0.0428113631 0.146266812 -0.0829950846 -0.00128177734 0.146266812 -0.0829950846 -0.00128177734 0.146266812 -0.0718436179 -0.0428113631 0.167864758 -0.080367443 -0.047682117 0.146266812 -0.0829950846 -0.00128177734 0.167864758 -0.080367443 -0.047682117 0.167864758 -0.0928006793 -0.00128177734 0.167864758 -0.0928006793 -0.00128177734 0.167864758 -0.080367443 -0.047682117 0.189398618 -0.0829950846 -0.0492202498 0.167864758 -0.0928006793 -0.00128177734 0.189398618 -0.0829950846 -0.0492202498 0.189398618 -0.095812858 -0.00128177734 0.189398618 -0.095812858 -0.00128177734 0.189398618 -0.0829950846 -0.0492202498 0.211124753 -0.0806237985 -0.0480025633 0.189398618 -0.095812858 -0.00128177734 0.211124753 -0.0806237985 -0.0480025633 0.211573377 -0.0931211217 -0.00147404394 0.211573377 -0.0931211217 -0.00147404394 0.211124753 -0.0806237985 -0.0480025633 0.242976918 -0.0771629958 -0.0462721619 0.211573377 -0.0931211217 -0.00147404394 0.242976918 -0.0771629958 -0.0462721619 0.243361455 -0.0890835289 -0.00173039941 0.243361455 -0.0890835289 -0.00173039941 0.242976918 -0.0771629958 -0.0462721619 0.279587693 -0.0733176638 -0.044285409 0.243361455 -0.0890835289 -0.00173039941 0.279587693 -0.0733176638 -0.044285409 0.279715867 -0.0846613913 -0.00192266601 0.279715867 -0.0846613913 -0.00192266601 0.279587693 -0.0733176638 -0.044285409 0.31605424 -0.0699209558 -0.0422345653 0.279715867 -0.0846613913 -0.00192266601 0.31605424 -0.0699209558 -0.0422345653 0.315669719 -0.0807519723 -0.00185857714 0.315669719 -0.0807519723 -0.00185857714 0.31605424 -0.0699209558 -0.0422345653 0.347521884 -0.067870112 -0.0405041639 0.315669719 -0.0807519723 -0.00185857714 0.347521884 -0.067870112 -0.0405041639 0.346240114 -0.0783806862 -0.00128177734 0.346240114 -0.0783806862 -0.00128177734 0.347521884 -0.067870112 -0.0405041639 0.374759635 -0.0674855749 -0.0389019442 0.346240114 -0.0783806862 -0.00128177734 0.374759635 -0.0674855749 -0.0389019442 0.372132009 -0.0779320622 0 0.372132009 -0.0779320622 0 0.374759635 -0.0674855749 -0.0389019442 0.400347116 -0.0682546413 -0.0372356336 0.372132009 -0.0779320622 0 0.400347116 -0.0682546413 -0.0372356336 0.396822242 -0.0787652155 0.00198675487 0.396822242 -0.0787652155 0.00198675487 0.400347116 -0.0682546413 -0.0372356336 0.423162776 -0.0695364187 -0.0358256786 0.396822242 -0.0787652155 0.00198675487 0.423162776 -0.0695364187 -0.0358256786 0.418997002 -0.0803033483 0.00410168748 0.418997002 -0.0803033483 0.00410168748 0.423162776 -0.0695364187 -0.0358256786 0.441684457 -0.0708822907 -0.0346079881 0.418997002 -0.0803033483 0.00410168748 0.441684457 -0.0708822907 -0.0346079881 0.437390509 -0.0818414811 0.00608844236 0.437390509 -0.0818414811 0.00608844236 0.441684457 -0.0708822907 -0.0346079881 0.454245867 -0.0716513571 -0.0338389217 0.437390509 -0.0818414811 0.00608844236 0.454245867 -0.0716513571 -0.0338389217 0.45078508 -0.0827387292 0.00743430856 0.45078508 -0.0827387292 0.00743430856 0.454245867 -0.0716513571 -0.0338389217 0.472639374 -0.0694082448 -0.0309549227 0.45078508 -0.0827387292 0.00743430856 0.472639374 -0.0694082448 -0.0309549227 0.469306761 -0.0801110876 0.00897244137 0.469306761 -0.0801110876 0.00897244137 0.472639374 -0.0694082448 -0.0309549227 0.490904707 -0.0620380232 -0.0251869247 0.469306761 -0.0801110876 0.00897244137 0.490904707 -0.0620380232 -0.0251869247 0.487892528 -0.0716513571 0.0105105742 0.487892528 -0.0716513571 0.0105105742 0.490904707 -0.0620380232 -0.0251869247 0.5087214 -0.0474257615 -0.0151890615 0.487892528 -0.0716513571 0.0105105742 0.5087214 -0.0474257615 -0.0151890615 0.506414209 -0.0547318924 0.012048707 0.506414209 -0.0547318924 0.012048707 0.5087214 -0.0474257615 -0.0151890615 0.524999976 0 0.0135868398 0.103118985 0 -0.00128177734 0.124716939 -0.0316599003 -0.0562059383 0.124716939 -0.0548600701 -0.0330057684 0.124716939 -0.0548600701 -0.0330057684 0.124716939 -0.0316599003 -0.0562059383 0.146266812 -0.0414654989 -0.0731894899 0.124716939 -0.0548600701 -0.0330057684 0.146266812 -0.0414654989 -0.0731894899 0.146266812 -0.0718436179 -0.0428113631 0.146266812 -0.0718436179 -0.0428113631 0.146266812 -0.0414654989 -0.0731894899 0.167800671 -0.0464003397 -0.0816492204 0.146266812 -0.0718436179 -0.0428113631 0.167800671 -0.0464003397 -0.0816492204 0.167864758 -0.080367443 -0.047682117 0.167864758 -0.080367443 -0.047682117 0.167800671 -0.0464003397 -0.0816492204 0.189398618 -0.0479384725 -0.084276862 0.167864758 -0.080367443 -0.047682117 0.189398618 -0.0479384725 -0.084276862 0.189398618 -0.0829950846 -0.0492202498 0.189398618 -0.0829950846 -0.0492202498 0.189398618 -0.0479384725 -0.084276862 0.21086839 -0.0465285174 -0.0820978366 0.189398618 -0.0829950846 -0.0492202498 0.21086839 -0.0465285174 -0.0820978366 0.211124753 -0.0806237985 -0.0480025633 0.211124753 -0.0806237985 -0.0480025633 0.21086839 -0.0465285174 -0.0820978366 0.242720555 -0.0445417645 -0.0788293102 0.211124753 -0.0806237985 -0.0480025633 0.242720555 -0.0445417645 -0.0788293102 0.242976918 -0.0771629958 -0.0462721619 0.242976918 -0.0771629958 -0.0462721619 0.242720555 -0.0445417645 -0.0788293102 0.279523606 -0.0422986522 -0.0752403337 0.242976918 -0.0771629958 -0.0462721619 0.279523606 -0.0422986522 -0.0752403337 0.279587693 -0.0733176638 -0.044285409 0.279587693 -0.0733176638 -0.044285409 0.279523606 -0.0422986522 -0.0752403337 0.316246501 -0.0403759862 -0.0718436179 0.279587693 -0.0733176638 -0.044285409 0.316246501 -0.0403759862 -0.0718436179 0.31605424 -0.0699209558 -0.0422345653 0.31605424 -0.0699209558 -0.0422345653 0.316246501 -0.0403759862 -0.0718436179 0.348483219 -0.0392223866 -0.0691518894 0.31605424 -0.0699209558 -0.0422345653 0.348483219 -0.0392223866 -0.0691518894 0.347521884 -0.067870112 -0.0405041639 0.347521884 -0.067870112 -0.0405041639 0.348483219 -0.0392223866 -0.0691518894 0.376682305 -0.0389660311 -0.0673574011 0.347521884 -0.067870112 -0.0405041639 0.376682305 -0.0389660311 -0.0673574011 0.374759635 -0.0674855749 -0.0389019442 0.374759635 -0.0674855749 -0.0389019442 0.376682305 -0.0389660311 -0.0673574011 0.402974774 -0.0394146551 -0.0660115368 0.374759635 -0.0674855749 -0.0389019442 0.402974774 -0.0394146551 -0.0660115368 0.400347116 -0.0682546413 -0.0372356336 0.400347116 -0.0682546413 -0.0372356336 0.402974774 -0.0394146551 -0.0660115368 0.426174955 -0.0401196307 -0.0650502019 0.400347116 -0.0682546413 -0.0372356336 0.426174955 -0.0401196307 -0.0650502019 0.423162776 -0.0695364187 -0.0358256786 0.423162776 -0.0695364187 -0.0358256786 0.426174955 -0.0401196307 -0.0650502019 0.444888896 -0.0408886971 -0.0644093132 0.423162776 -0.0695364187 -0.0358256786 0.444888896 -0.0408886971 -0.0644093132 0.441684457 -0.0708822907 -0.0346079881 0.441684457 -0.0708822907 -0.0346079881 0.444888896 -0.0408886971 -0.0644093132 0.456745319 -0.041401408 -0.06402478 0.441684457 -0.0708822907 -0.0346079881 0.456745319 -0.041401408 -0.06402478 0.454245867 -0.0716513571 -0.0338389217 0.454245867 -0.0716513571 -0.0338389217 0.456745319 -0.041401408 -0.06402478 0.475138826 -0.0400555438 -0.060179448 0.454245867 -0.0716513571 -0.0338389217 0.475138826 -0.0400555438 -0.060179448 0.472639374 -0.0694082448 -0.0309549227 0.472639374 -0.0694082448 -0.0309549227 0.475138826 -0.0400555438 -0.060179448 0.493083724 -0.0358256786 -0.0513351844 0.472639374 -0.0694082448 -0.0309549227 0.493083724 -0.0358256786 -0.0513351844 0.490904707 -0.0620380232 -0.0251869247 0.490904707 -0.0620380232 -0.0251869247 0.493083724 -0.0358256786 -0.0513351844 0.510387722 -0.0273659462 -0.0351847899 0.490904707 -0.0620380232 -0.0251869247 0.510387722 -0.0273659462 -0.0351847899 0.5087214 -0.0474257615 -0.0151890615 0.5087214 -0.0474257615 -0.0151890615 0.510387722 -0.0273659462 -0.0351847899 0.524999976 0 0.0135868398 0.103118985 0 -0.00128177734 0.124716939 0 -0.0646656687 0.124716939 -0.0316599003 -0.0562059383 0.124716939 -0.0316599003 -0.0562059383 0.124716939 0 -0.0646656687 0.146266812 0 -0.084276862 0.124716939 -0.0316599003 -0.0562059383 0.146266812 0 -0.084276862 0.146266812 -0.0414654989 -0.0731894899 0.146266812 -0.0414654989 -0.0731894899 0.146266812 0 -0.084276862 0.167800671 0 -0.0940824567 0.146266812 -0.0414654989 -0.0731894899 0.167800671 0 -0.0940824567 0.167800671 -0.0464003397 -0.0816492204 0.167800671 -0.0464003397 -0.0816492204 0.167800671 0 -0.0940824567 0.189398618 0 -0.0971587223 0.167800671 -0.0464003397 -0.0816492204 0.189398618 0 -0.0971587223 0.189398618 -0.0479384725 -0.084276862 0.189398618 -0.0479384725 -0.084276862 0.189398618 0 -0.0971587223 0.210740216 0 -0.0945310807 0.189398618 -0.0479384725 -0.084276862 0.210740216 0 -0.0945310807 0.21086839 -0.0465285174 -0.0820978366 0.21086839 -0.0465285174 -0.0820978366 0.210740216 0 -0.0945310807 0.242656468 0 -0.0908139225 0.21086839 -0.0465285174 -0.0820978366 0.242656468 0 -0.0908139225 0.242720555 -0.0445417645 -0.0788293102 0.242720555 -0.0445417645 -0.0788293102 0.242656468 0 -0.0908139225 0.279523606 0 -0.0865840612 0.242720555 -0.0445417645 -0.0788293102 0.279523606 0 -0.0865840612 0.279523606 -0.0422986522 -0.0752403337 0.279523606 -0.0422986522 -0.0752403337 0.279523606 0 -0.0865840612 0.316374706 0 -0.0826105475 0.279523606 -0.0422986522 -0.0752403337 0.316374706 0 -0.0826105475 0.316246501 -0.0403759862 -0.0718436179 0.316246501 -0.0403759862 -0.0718436179 0.316374706 0 -0.0826105475 0.348803653 0 -0.0796624635 0.316246501 -0.0403759862 -0.0718436179 0.348803653 0 -0.0796624635 0.348483219 -0.0392223866 -0.0691518894 0.348483219 -0.0392223866 -0.0691518894 0.348803653 0 -0.0796624635 0.377323205 0 -0.0777397936 0.348483219 -0.0392223866 -0.0691518894 0.377323205 0 -0.0777397936 0.376682305 -0.0389660311 -0.0673574011 0.376682305 -0.0389660311 -0.0673574011 0.377323205 0 -0.0777397936 0.403872022 0 -0.076522111 0.376682305 -0.0389660311 -0.0673574011 0.403872022 0 -0.076522111 0.402974774 -0.0394146551 -0.0660115368 0.402974774 -0.0394146551 -0.0660115368 0.403872022 0 -0.076522111 0.427264464 0 -0.0757530446 0.402974774 -0.0394146551 -0.0660115368 0.427264464 0 -0.0757530446 0.426174955 -0.0401196307 -0.0650502019 0.426174955 -0.0401196307 -0.0650502019 0.427264464 0 -0.0757530446 0.446042492 0 -0.0753044206 0.426174955 -0.0401196307 -0.0650502019 0.446042492 0 -0.0753044206 0.444888896 -0.0408886971 -0.0644093132 0.444888896 -0.0408886971 -0.0644093132 0.446042492 0 -0.0753044206 0.457642567 0 -0.0750480651 0.444888896 -0.0408886971 -0.0644093132 0.457642567 0 -0.0750480651 0.456745319 -0.041401408 -0.06402478 0.456745319 -0.041401408 -0.06402478 0.457642567 0 -0.0750480651 0.476036074 0 -0.0708822907 0.456745319 -0.041401408 -0.06402478 0.476036074 0 -0.0708822907 0.475138826 -0.0400555438 -0.060179448 0.475138826 -0.0400555438 -0.060179448 0.476036074 0 -0.0708822907 0.493852799 0 -0.0608844236 0.475138826 -0.0400555438 -0.060179448 0.493852799 0 -0.0608844236 0.493083724 -0.0358256786 -0.0513351844 0.493083724 -0.0358256786 -0.0513351844 0.493852799 0 -0.0608844236 0.511028591 0 -0.0424909207 0.493083724 -0.0358256786 -0.0513351844 0.511028591 0 -0.0424909207 0.510387722 -0.0273659462 -0.0351847899 0.510387722 -0.0273659462 -0.0351847899 0.511028591 0 -0.0424909207 0.524999976 0 0.0135868398 0.103118985 0 -0.00128177734 0.124716939 0.0316599003 -0.0562059383 0.124716939 0 -0.0646656687 0.124716939 0 -0.0646656687 0.124716939 0.0316599003 -0.0562059383 0.146266812 0.0414654989 -0.0731894899 0.124716939 0 -0.0646656687 0.146266812 0.0414654989 -0.0731894899 0.146266812 0 -0.084276862 0.146266812 0 -0.084276862 0.146266812 0.0414654989 -0.0731894899 0.167800671 0.0464003397 -0.0816492204 0.146266812 0 -0.084276862 0.167800671 0.0464003397 -0.0816492204 0.167800671 0 -0.0940824567 0.167800671 0 -0.0940824567 0.167800671 0.0464003397 -0.0816492204 0.189398618 0.0479384725 -0.084276862 0.167800671 0 -0.0940824567 0.189398618 0.0479384725 -0.084276862 0.189398618 0 -0.0971587223 0.189398618 0 -0.0971587223 0.189398618 0.0479384725 -0.084276862 0.21086839 0.0465285174 -0.0820978366 0.189398618 0 -0.0971587223 0.21086839 0.0465285174 -0.0820978366 0.210740216 0 -0.0945310807 0.210740216 0 -0.0945310807 0.21086839 0.0465285174 -0.0820978366 0.242720555 0.0445417645 -0.0788293102 0.210740216 0 -0.0945310807 0.242720555 0.0445417645 -0.0788293102 0.242656468 0 -0.0908139225 0.242656468 0 -0.0908139225 0.242720555 0.0445417645 -0.0788293102 0.279523606 0.0422986522 -0.0752403337 0.242656468 0 -0.0908139225 0.279523606 0.0422986522 -0.0752403337 0.279523606 0 -0.0865840612 0.279523606 0 -0.0865840612 0.279523606 0.0422986522 -0.0752403337 0.316246501 0.0403759862 -0.0718436179 0.279523606 0 -0.0865840612 0.316246501 0.0403759862 -0.0718436179 0.316374706 0 -0.0826105475 0.316374706 0 -0.0826105475 0.316246501 0.0403759862 -0.0718436179 0.348483219 0.0392223866 -0.0691518894 0.316374706 0 -0.0826105475 0.348483219 0.0392223866 -0.0691518894 0.348803653 0 -0.0796624635 0.348803653 0 -0.0796624635 0.348483219 0.0392223866 -0.0691518894 0.376682305 0.0389660311 -0.0673574011 0.348803653 0 -0.0796624635 0.376682305 0.0389660311 -0.0673574011 0.377323205 0 -0.0777397936 0.377323205 0 -0.0777397936 0.376682305 0.0389660311 -0.0673574011 0.402974774 0.0394146551 -0.0660115368 0.377323205 0 -0.0777397936 0.402974774 0.0394146551 -0.0660115368 0.403872022 0 -0.076522111 0.403872022 0 -0.076522111 0.402974774 0.0394146551 -0.0660115368 0.426174955 0.0401196307 -0.0650502019 0.403872022 0 -0.076522111 0.426174955 0.0401196307 -0.0650502019 0.427264464 0 -0.0757530446 0.427264464 0 -0.0757530446 0.426174955 0.0401196307 -0.0650502019 0.444888896 0.0408886971 -0.0644093132 0.427264464 0 -0.0757530446 0.444888896 0.0408886971 -0.0644093132 0.446042492 0 -0.0753044206 0.446042492 0 -0.0753044206 0.444888896 0.0408886971 -0.0644093132 0.456745319 0.041401408 -0.06402478 0.446042492 0 -0.0753044206 0.456745319 0.041401408 -0.06402478 0.457642567 0 -0.0750480651 0.457642567 0 -0.0750480651 0.456745319 0.041401408 -0.06402478 0.475138826 0.0400555438 -0.060179448 0.457642567 0 -0.0750480651 0.475138826 0.0400555438 -0.060179448 0.476036074 0 -0.0708822907 0.476036074 0 -0.0708822907 0.475138826 0.0400555438 -0.060179448 0.493083724 0.0358256786 -0.0513351844 0.476036074 0 -0.0708822907 0.493083724 0.0358256786 -0.0513351844 0.493852799 0 -0.0608844236 0.493852799 0 -0.0608844236 0.493083724 0.0358256786 -0.0513351844 0.510387722 0.0273659462 -0.0351847899 0.493852799 0 -0.0608844236 0.510387722 0.0273659462 -0.0351847899 0.511028591 0 -0.0424909207 0.511028591 0 -0.0424909207 0.510387722 0.0273659462 -0.0351847899 0.524999976 0 0.0135868398 0.103118985 0 -0.00128177734 0.124716939 0.0548600701 -0.0330057684 0.124716939 0.0316599003 -0.0562059383 0.124716939 0.0316599003 -0.0562059383 0.124716939 0.0548600701 -0.0330057684 0.146266812 0.0718436179 -0.0428113631 0.124716939 0.0316599003 -0.0562059383 0.146266812 0.0718436179 -0.0428113631 0.146266812 0.0414654989 -0.0731894899 0.146266812 0.0414654989 -0.0731894899 0.146266812 0.0718436179 -0.0428113631 0.167864758 0.080367443 -0.047682117 0.146266812 0.0414654989 -0.0731894899 0.167864758 0.080367443 -0.047682117 0.167800671 0.0464003397 -0.0816492204 0.167800671 0.0464003397 -0.0816492204 0.167864758 0.080367443 -0.047682117 0.189398618 0.0829950846 -0.0492202498 0.167800671 0.0464003397 -0.0816492204 0.189398618 0.0829950846 -0.0492202498 0.189398618 0.0479384725 -0.084276862 0.189398618 0.0479384725 -0.084276862 0.189398618 0.0829950846 -0.0492202498 0.211124753 0.0806237985 -0.0480025633 0.189398618 0.0479384725 -0.084276862 0.211124753 0.0806237985 -0.0480025633 0.21086839 0.0465285174 -0.0820978366 0.21086839 0.0465285174 -0.0820978366 0.211124753 0.0806237985 -0.0480025633 0.242976918 0.0771629958 -0.0462721619 0.21086839 0.0465285174 -0.0820978366 0.242976918 0.0771629958 -0.0462721619 0.242720555 0.0445417645 -0.0788293102 0.242720555 0.0445417645 -0.0788293102 0.242976918 0.0771629958 -0.0462721619 0.279587693 0.0733176638 -0.044285409 0.242720555 0.0445417645 -0.0788293102 0.279587693 0.0733176638 -0.044285409 0.279523606 0.0422986522 -0.0752403337 0.279523606 0.0422986522 -0.0752403337 0.279587693 0.0733176638 -0.044285409 0.31605424 0.0699209558 -0.0422345653 0.279523606 0.0422986522 -0.0752403337 0.31605424 0.0699209558 -0.0422345653 0.316246501 0.0403759862 -0.0718436179 0.316246501 0.0403759862 -0.0718436179 0.31605424 0.0699209558 -0.0422345653 0.347521884 0.067870112 -0.0405041639 0.316246501 0.0403759862 -0.0718436179 0.347521884 0.067870112 -0.0405041639 0.348483219 0.0392223866 -0.0691518894 0.348483219 0.0392223866 -0.0691518894 0.347521884 0.067870112 -0.0405041639 0.374759635 0.0674855749 -0.0389019442 0.348483219 0.0392223866 -0.0691518894 0.374759635 0.0674855749 -0.0389019442 0.376682305 0.0389660311 -0.0673574011 0.376682305 0.0389660311 -0.0673574011 0.374759635 0.0674855749 -0.0389019442 0.400347116 0.0682546413 -0.0372356336 0.376682305 0.0389660311 -0.0673574011 0.400347116 0.0682546413 -0.0372356336 0.402974774 0.0394146551 -0.0660115368 0.402974774 0.0394146551 -0.0660115368 0.400347116 0.0682546413 -0.0372356336 0.423162776 0.0695364187 -0.0358256786 0.402974774 0.0394146551 -0.0660115368 0.423162776 0.0695364187 -0.0358256786 0.426174955 0.0401196307 -0.0650502019 0.426174955 0.0401196307 -0.0650502019 0.423162776 0.0695364187 -0.0358256786 0.441684457 0.0708822907 -0.0346079881 0.426174955 0.0401196307 -0.0650502019 0.441684457 0.0708822907 -0.0346079881 0.444888896 0.0408886971 -0.0644093132 0.444888896 0.0408886971 -0.0644093132 0.441684457 0.0708822907 -0.0346079881 0.454245867 0.0716513571 -0.0338389217 0.444888896 0.0408886971 -0.0644093132 0.454245867 0.0716513571 -0.0338389217 0.456745319 0.041401408 -0.06402478 0.456745319 0.041401408 -0.06402478 0.454245867 0.0716513571 -0.0338389217 0.472639374 0.0694082448 -0.0309549227 0.456745319 0.041401408 -0.06402478 0.472639374 0.0694082448 -0.0309549227 0.475138826 0.0400555438 -0.060179448 0.475138826 0.0400555438 -0.060179448 0.472639374 0.0694082448 -0.0309549227 0.490904707 0.0620380232 -0.0251869247 0.475138826 0.0400555438 -0.060179448 0.490904707 0.0620380232 -0.0251869247 0.493083724 0.0358256786 -0.0513351844 0.493083724 0.0358256786 -0.0513351844 0.490904707 0.0620380232 -0.0251869247 0.5087214 0.0474257615 -0.0151890615 0.493083724 0.0358256786 -0.0513351844 0.5087214 0.0474257615 -0.0151890615 0.510387722 0.0273659462 -0.0351847899 0.510387722 0.0273659462 -0.0351847899 0.5087214 0.0474257615 -0.0151890615 0.524999976 0 0.0135868398 0.103118985 0 -0.00128177734 0.124716939 0.0633838913 -0.00128177734 0.124716939 0.0548600701 -0.0330057684 0.124716939 0.0548600701 -0.0330057684 0.124716939 0.0633838913 -0.00128177734 0.146266812 0.0829950846 -0.00128177734 0.124716939 0.0548600701 -0.0330057684 0.146266812 0.0829950846 -0.00128177734 0.146266812 0.0718436179 -0.0428113631 0.146266812 0.0718436179 -0.0428113631 0.146266812 0.0829950846 -0.00128177734 0.167864758 0.0928006793 -0.00128177734 0.146266812 0.0718436179 -0.0428113631 0.167864758 0.0928006793 -0.00128177734 0.167864758 0.080367443 -0.047682117 0.167864758 0.080367443 -0.047682117 0.167864758 0.0928006793 -0.00128177734 0.189398618 0.095812858 -0.00128177734 0.167864758 0.080367443 -0.047682117 0.189398618 0.095812858 -0.00128177734 0.189398618 0.0829950846 -0.0492202498 0.189398618 0.0829950846 -0.0492202498 0.189398618 0.095812858 -0.00128177734 0.211573377 0.0931211217 -0.00147404394 0.189398618 0.0829950846 -0.0492202498 0.211573377 0.0931211217 -0.00147404394 0.211124753 0.0806237985 -0.0480025633 0.211124753 0.0806237985 -0.0480025633 0.211573377 0.0931211217 -0.00147404394 0.243361455 0.0890835289 -0.00173039941 0.211124753 0.0806237985 -0.0480025633 0.243361455 0.0890835289 -0.00173039941 0.242976918 0.0771629958 -0.0462721619 0.242976918 0.0771629958 -0.0462721619 0.243361455 0.0890835289 -0.00173039941 0.279715867 0.0846613913 -0.00192266601 0.242976918 0.0771629958 -0.0462721619 0.279715867 0.0846613913 -0.00192266601 0.279587693 0.0733176638 -0.044285409 0.279587693 0.0733176638 -0.044285409 0.279715867 0.0846613913 -0.00192266601 0.315669719 0.0807519723 -0.00185857714 0.279587693 0.0733176638 -0.044285409 0.315669719 0.0807519723 -0.00185857714 0.31605424 0.0699209558 -0.0422345653 0.31605424 0.0699209558 -0.0422345653 0.315669719 0.0807519723 -0.00185857714 0.346240114 0.0783806862 -0.00128177734 0.31605424 0.0699209558 -0.0422345653 0.346240114 0.0783806862 -0.00128177734 0.347521884 0.067870112 -0.0405041639 0.347521884 0.067870112 -0.0405041639 0.346240114 0.0783806862 -0.00128177734 0.372132009 0.0779320622 0 0.347521884 0.067870112 -0.0405041639 0.372132009 0.0779320622 0 0.374759635 0.0674855749 -0.0389019442 0.374759635 0.0674855749 -0.0389019442 0.372132009 0.0779320622 0 0.396822242 0.0787652155 0.00198675487 0.374759635 0.0674855749 -0.0389019442 0.396822242 0.0787652155 0.00198675487 0.400347116 0.0682546413 -0.0372356336 0.400347116 0.0682546413 -0.0372356336 0.396822242 0.0787652155 0.00198675487 0.418997002 0.0803033483 0.00410168748 0.400347116 0.0682546413 -0.0372356336 0.418997002 0.0803033483 0.00410168748 0.423162776 0.0695364187 -0.0358256786 0.423162776 0.0695364187 -0.0358256786 0.418997002 0.0803033483 0.00410168748 0.437390509 0.0818414811 0.00608844236 0.423162776 0.0695364187 -0.0358256786 0.437390509 0.0818414811 0.00608844236 0.441684457 0.0708822907 -0.0346079881 0.441684457 0.0708822907 -0.0346079881 0.437390509 0.0818414811 0.00608844236 0.45078508 0.0827387292 0.00743430856 0.441684457 0.0708822907 -0.0346079881 0.45078508 0.0827387292 0.00743430856 0.454245867 0.0716513571 -0.0338389217 0.454245867 0.0716513571 -0.0338389217 0.45078508 0.0827387292 0.00743430856 0.469306761 0.0801110876 0.00897244137 0.454245867 0.0716513571 -0.0338389217 0.469306761 0.0801110876 0.00897244137 0.472639374 0.0694082448 -0.0309549227 0.472639374 0.0694082448 -0.0309549227 0.469306761 0.0801110876 0.00897244137 0.487892528 0.0716513571 0.0105105742 0.472639374 0.0694082448 -0.0309549227 0.487892528 0.0716513571 0.0105105742 0.490904707 0.0620380232 -0.0251869247 0.490904707 0.0620380232 -0.0251869247 0.487892528 0.0716513571 0.0105105742 0.506414209 0.0547318924 0.012048707 0.490904707 0.0620380232 -0.0251869247 0.506414209 0.0547318924 0.012048707 0.5087214 0.0474257615 -0.0151890615 0.5087214 0.0474257615 -0.0151890615 0.506414209 0.0547318924 0.012048707 0.524999976 0 0.0135868398 -0.032749411 0.381168545 -0.0731894899 0.102285832 0.217789995 -0.0731894899 -0.0719717995 0.522756872 -0.0731894899 -0.032749411 0.381168545 -0.0339670995 -0.0719717995 0.522756872 -0.0339670995 0.102285832 0.217789995 -0.0339670995 -0.032749411 0.381168545 -0.0731894899 -0.0719717995 0.522756872 -0.0731894899 -0.141652414 0.487892528 -0.0731894899 -0.032749411 0.381168545 -0.0339670995 -0.141652414 0.487892528 -0.0339670995 -0.0719717995 0.522756872 -0.0339670995 -0.032749411 0.381168545 -0.0731894899 -0.141652414 0.487892528 -0.0731894899 -0.0196752821 0.29625079 -0.0731894899 -0.032749411 0.381168545 -0.0339670995 -0.0196752821 0.29625079 -0.0339670995 -0.141652414 0.487892528 -0.0339670995 -0.032749411 0.381168545 -0.0731894899 -0.0196752821 0.29625079 -0.0731894899 0.102285832 0.217789995 -0.0731894899 -0.032749411 0.381168545 -0.0339670995 0.102285832 0.217789995 -0.0339670995 -0.0196752821 0.29625079 -0.0339670995 0.102285832 0.217789995 -0.0339670995 -0.0719717995 0.522756872 -0.0731894899 0.102285832 0.217789995 -0.0731894899 0.102285832 0.217789995 -0.0339670995 -0.0719717995 0.522756872 -0.0339670995 -0.0719717995 0.522756872 -0.0731894899 -0.0719717995 0.522756872 -0.0339670995 -0.141652414 0.487892528 -0.0731894899 -0.0719717995 0.522756872 -0.0731894899 -0.0719717995 0.522756872 -0.0339670995 -0.141652414 0.487892528 -0.0339670995 -0.141652414 0.487892528 -0.0731894899 -0.141652414 0.487892528 -0.0339670995 -0.0196752821 0.29625079 -0.0731894899 -0.141652414 0.487892528 -0.0731894899 -0.141652414 0.487892528 -0.0339670995 -0.0196752821 0.29625079 -0.0339670995 -0.0196752821 0.29625079 -0.0731894899 -0.0196752821 0.29625079 -0.0339670995 0.102285832 0.217789995 -0.0731894899 -0.0196752821 0.29625079 -0.0731894899 -0.0196752821 0.29625079 -0.0339670995 0.102285832 0.217789995 -0.0339670995 0.102285832 0.217789995 -0.0731894899 -0.032749411 -0.381168545 -0.0731894899 -0.0719717995 -0.522756872 -0.0731894899 0.102285832 -0.217789995 -0.0731894899 -0.032749411 -0.381168545 -0.0339670995 0.102285832 -0.217789995 -0.0339670995 -0.0719717995 -0.522756872 -0.0339670995 -0.032749411 -0.381168545 -0.0731894899 -0.141652414 -0.487892528 -0.0731894899 -0.0719717995 -0.522756872 -0.0731894899 -0.032749411 -0.381168545 -0.0339670995 -0.0719717995 -0.522756872 -0.0339670995 -0.141652414 -0.487892528 -0.0339670995 -0.032749411 -0.381168545 -0.0731894899 -0.0196752821 -0.29625079 -0.0731894899 -0.141652414 -0.487892528 -0.0731894899 -0.032749411 -0.381168545 -0.0339670995 -0.141652414 -0.487892528 -0.0339670995 -0.0196752821 -0.29625079 -0.0339670995 -0.032749411 -0.381168545 -0.0731894899 0.102285832 -0.217789995 -0.0731894899 -0.0196752821 -0.29625079 -0.0731894899 -0.032749411 -0.381168545 -0.0339670995 -0.0196752821 -0.29625079 -0.0339670995 0.102285832 -0.217789995 -0.0339670995 0.102285832 -0.217789995 -0.0339670995 0.102285832 -0.217789995 -0.0731894899 -0.0719717995 -0.522756872 -0.0731894899 0.102285832 -0.217789995 -0.0339670995 -0.0719717995 -0.522756872 -0.0731894899 -0.0719717995 -0.522756872 -0.0339670995 -0.0719717995 -0.522756872 -0.0339670995 -0.0719717995 -0.522756872 -0.0731894899 -0.141652414 -0.487892528 -0.0731894899 -0.0719717995 -0.522756872 -0.0339670995 -0.141652414 -0.487892528 -0.0731894899 -0.141652414 -0.487892528 -0.0339670995 -0.141652414 -0.487892528 -0.0339670995 -0.141652414 -0.487892528 -0.0731894899 -0.0196752821 -0.29625079 -0.0731894899 -0.141652414 -0.487892528 -0.0339670995 -0.0196752821 -0.29625079 -0.0731894899 -0.0196752821 -0.29625079 -0.0339670995 -0.0196752821 -0.29625079 -0.0339670995 -0.0196752821 -0.29625079 -0.0731894899 0.102285832 -0.217789995 -0.0731894899 -0.0196752821 -0.29625079 -0.0339670995 0.102285832 -0.217789995 -0.0731894899 0.102285832 -0.217789995 -0.0339670995 -0.455335376 0.290418694 -0.068831447 -0.333358238 0.191641738 -0.068831447 -0.507567804 0.400795756 -0.068831447 -0.455335376 0.290418694 -0.0383251424 -0.507567804 0.400795756 -0.0383251424 -0.333358238 0.191641738 -0.0383251424 -0.455335376 0.290418694 -0.068831447 -0.507567804 0.400795756 -0.068831447 -0.524999976 0.278818619 -0.068831447 -0.455335376 0.290418694 -0.0383251424 -0.524999976 0.278818619 -0.0383251424 -0.507567804 0.400795756 -0.0383251424 -0.455335376 0.290418694 -0.068831447 -0.524999976 0.278818619 -0.068831447 -0.333358238 0.191641738 -0.068831447 -0.455335376 0.290418694 -0.0383251424 -0.333358238 0.191641738 -0.0383251424 -0.524999976 0.278818619 -0.0383251424 -0.333358238 0.191641738 -0.0383251424 -0.507567804 0.400795756 -0.068831447 -0.333358238 0.191641738 -0.068831447 -0.333358238 0.191641738 -0.0383251424 -0.507567804 0.400795756 -0.0383251424 -0.507567804 0.400795756 -0.068831447 -0.507567804 0.400795756 -0.0383251424 -0.524999976 0.278818619 -0.068831447 -0.507567804 0.400795756 -0.068831447 -0.507567804 0.400795756 -0.0383251424 -0.524999976 0.278818619 -0.0383251424 -0.524999976 0.278818619 -0.068831447 -0.524999976 0.278818619 -0.0383251424 -0.333358238 0.191641738 -0.068831447 -0.524999976 0.278818619 -0.068831447 -0.524999976 0.278818619 -0.0383251424 -0.333358238 0.191641738 -0.0383251424 -0.333358238 0.191641738 -0.068831447 -0.455335376 -0.290418694 -0.068831447 -0.507567804 -0.400795756 -0.068831447 -0.333358238 -0.191641738 -0.068831447 -0.455335376 -0.290418694 -0.0383251424 -0.333358238 -0.191641738 -0.0383251424 -0.507567804 -0.400795756 -0.0383251424 -0.455335376 -0.290418694 -0.068831447 -0.524999976 -0.278818619 -0.068831447 -0.507567804 -0.400795756 -0.068831447 -0.455335376 -0.290418694 -0.0383251424 -0.507567804 -0.400795756 -0.0383251424 -0.524999976 -0.278818619 -0.0383251424 -0.455335376 -0.290418694 -0.068831447 -0.333358238 -0.191641738 -0.068831447 -0.524999976 -0.278818619 -0.068831447 -0.455335376 -0.290418694 -0.0383251424 -0.524999976 -0.278818619 -0.0383251424 -0.333358238 -0.191641738 -0.0383251424 -0.333358238 -0.191641738 -0.0383251424 -0.333358238 -0.191641738 -0.068831447 -0.507567804 -0.400795756 -0.068831447 -0.333358238 -0.191641738 -0.0383251424 -0.507567804 -0.400795756 -0.068831447 -0.507567804 -0.400795756 -0.0383251424 -0.507567804 -0.400795756 -0.0383251424 -0.507567804 -0.400795756 -0.068831447 -0.524999976 -0.278818619 -0.068831447 -0.507567804 -0.400795756 -0.0383251424 -0.524999976 -0.278818619 -0.068831447 -0.524999976 -0.278818619 -0.0383251424 -0.524999976 -0.278818619 -0.0383251424 -0.524999976 -0.278818619 -0.068831447 -0.333358238 -0.191641738 -0.068831447 -0.524999976 -0.278818619 -0.0383251424 -0.333358238 -0.191641738 -0.068831447 -0.333358238 -0.191641738 -0.0383251424 -0.0719717995 0 0.166839336 -0.0181371493 0.0803033483 0.158700064 -0.0719717995 0.0890835289 0.158700064 -0.0719717995 0.0890835289 0.158700064 -0.0181371493 0.0803033483 0.158700064 0.0304422118 0.152739794 0.135051258 -0.0719717995 0.169531081 0.135051258 0.0304422118 0.152739794 0.135051258 0.0690237077 0.210163418 0.098248231 -0.0719717995 0.169531081 0.135051258 0.0690237077 0.210163418 0.098248231 -0.0719717995 0.233299497 0.098248231 -0.0719717995 0.233299497 0.098248231 0.0690237077 0.210163418 0.098248231 0.0937620143 0.247078606 0.0518478953 -0.0719717995 0.233299497 0.098248231 0.0937620143 0.247078606 0.0518478953 -0.0719717995 0.274268291 0.0518478953 -0.0719717995 0.274268291 0.0518478953 0.0937620143 0.247078606 0.0518478953 0.102285832 0.259832292 0.000448622069 -0.0719717995 0.274268291 0.0518478953 0.102285832 0.259832292 0.000448622069 -0.0719717995 0.28836785 0.000448622069 -0.0719717995 0.28836785 0.000448622069 0.102285832 0.259832292 0.000448622069 0.0937620143 0.247078606 -0.0509506512 -0.0719717995 0.28836785 0.000448622069 0.0937620143 0.247078606 -0.0509506512 -0.0719717995 0.274268291 -0.0509506512 -0.0719717995 0.274268291 -0.0509506512 0.0690237077 0.210163418 -0.0973509908 -0.0719717995 0.233299497 -0.0973509908 -0.0719717995 0.233299497 -0.0973509908 0.0690237077 0.210163418 -0.0973509908 0.0304422118 0.152739794 -0.134218113 -0.0719717995 0.233299497 -0.0973509908 0.0304422118 0.152739794 -0.134218113 -0.0719717995 0.169531081 -0.134218113 -0.0719717995 0.169531081 -0.134218113 -0.0181371493 0.0803033483 -0.157802816 -0.0719717995 0.0890835289 -0.157802816 -0.0719717995 0.0890835289 -0.157802816 -0.0181371493 0.0803033483 -0.157802816 -0.0719717995 0 -0.165942104 -0.0719717995 0 0.166839336 0.025058747 0.0555650496 0.158700064 -0.0181371493 0.0803033483 0.158700064 -0.0181371493 0.0803033483 0.158700064 0.025058747 0.0555650496 0.158700064 0.112604137 0.10568254 0.135051258 0.0304422118 0.152739794 0.135051258 0.112604137 0.10568254 0.135051258 0.182092491 0.145433667 0.098248231 0.0304422118 0.152739794 0.135051258 0.182092491 0.145433667 0.098248231 0.0690237077 0.210163418 0.098248231 0.0690237077 0.210163418 0.098248231 0.182092491 0.145433667 0.098248231 0.226698342 0.171005127 0.0518478953 0.0690237077 0.210163418 0.098248231 0.226698342 0.171005127 0.0518478953 0.0937620143 0.247078606 0.0518478953 0.0937620143 0.247078606 0.0518478953 0.226698342 0.171005127 0.0518478953 0.242015583 0.179785299 0.000448622069 0.0937620143 0.247078606 0.0518478953 0.242015583 0.179785299 0.000448622069 0.102285832 0.259832292 0.000448622069 0.102285832 0.259832292 0.000448622069 0.242015583 0.179785299 0.000448622069 0.226698342 0.171005127 -0.0509506512 0.102285832 0.259832292 0.000448622069 0.226698342 0.171005127 -0.0509506512 0.0937620143 0.247078606 -0.0509506512 0.0937620143 0.247078606 -0.0509506512 0.182092491 0.145433667 -0.0973509908 0.0690237077 0.210163418 -0.0973509908 0.0690237077 0.210163418 -0.0973509908 0.182092491 0.145433667 -0.0973509908 0.112604137 0.10568254 -0.134218113 0.0690237077 0.210163418 -0.0973509908 0.112604137 0.10568254 -0.134218113 0.0304422118 0.152739794 -0.134218113 0.0304422118 0.152739794 -0.134218113 0.025058747 0.0555650496 -0.157802816 -0.0181371493 0.0803033483 -0.157802816 -0.0181371493 0.0803033483 -0.157802816 0.025058747 0.0555650496 -0.157802816 -0.0719717995 0 -0.165942104 -0.0719717995 0 0.166839336 0.0490279852 0.0198034599 0.158700064 0.025058747 0.0555650496 0.158700064 0.025058747 0.0555650496 0.158700064 0.0490279852 0.0198034599 0.158700064 0.158187353 0.0376842538 0.135051258 0.112604137 0.10568254 0.135051258 0.158187353 0.0376842538 0.135051258 0.244835501 0.0519119822 0.098248231 0.112604137 0.10568254 0.135051258 0.244835501 0.0519119822 0.098248231 0.182092491 0.145433667 0.098248231 0.182092491 0.145433667 0.098248231 0.244835501 0.0519119822 0.098248231 0.300416565 0.0610126013 0.0518478953 0.182092491 0.145433667 0.098248231 0.300416565 0.0610126013 0.0518478953 0.226698342 0.171005127 0.0518478953 0.226698342 0.171005127 0.0518478953 0.300416565 0.0610126013 0.0518478953 0.319579146 0.0641529578 0.000448622069 0.226698342 0.171005127 0.0518478953 0.319579146 0.0641529578 0.000448622069 0.242015583 0.179785299 0.000448622069 0.242015583 0.179785299 0.000448622069 0.319579146 0.0641529578 0.000448622069 0.300416565 0.0610126013 -0.0509506512 0.242015583 0.179785299 0.000448622069 0.300416565 0.0610126013 -0.0509506512 0.226698342 0.171005127 -0.0509506512 0.226698342 0.171005127 -0.0509506512 0.244835501 0.0519119822 -0.0973509908 0.182092491 0.145433667 -0.0973509908 0.182092491 0.145433667 -0.0973509908 0.244835501 0.0519119822 -0.0973509908 0.158187353 0.0376842538 -0.134218113 0.182092491 0.145433667 -0.0973509908 0.158187353 0.0376842538 -0.134218113 0.112604137 0.10568254 -0.134218113 0.112604137 0.10568254 -0.134218113 0.0490279852 0.0198034599 -0.157802816 0.025058747 0.0555650496 -0.157802816 0.025058747 0.0555650496 -0.157802816 0.0490279852 0.0198034599 -0.157802816 -0.0719717995 0 -0.165942104 -0.0719717995 0 0.166839336 0.0490279852 -0.0198034599 0.158700064 0.0490279852 0.0198034599 0.158700064 0.0490279852 0.0198034599 0.158700064 0.0490279852 -0.0198034599 0.158700064 0.158187353 -0.0376842538 0.135051258 0.158187353 0.0376842538 0.135051258 0.158187353 -0.0376842538 0.135051258 0.244835501 -0.0519119822 0.098248231 0.158187353 0.0376842538 0.135051258 0.244835501 -0.0519119822 0.098248231 0.244835501 0.0519119822 0.098248231 0.244835501 0.0519119822 0.098248231 0.244835501 -0.0519119822 0.098248231 0.300416565 -0.0610126013 0.0518478953 0.244835501 0.0519119822 0.098248231 0.300416565 -0.0610126013 0.0518478953 0.300416565 0.0610126013 0.0518478953 0.300416565 0.0610126013 0.0518478953 0.300416565 -0.0610126013 0.0518478953 0.319579146 -0.0641529578 0.000448622069 0.300416565 0.0610126013 0.0518478953 0.319579146 -0.0641529578 0.000448622069 0.319579146 0.0641529578 0.000448622069 0.319579146 0.0641529578 0.000448622069 0.319579146 -0.0641529578 0.000448622069 0.300416565 -0.0610126013 -0.0509506512 0.319579146 0.0641529578 0.000448622069 0.300416565 -0.0610126013 -0.0509506512 0.300416565 0.0610126013 -0.0509506512 0.300416565 0.0610126013 -0.0509506512 0.244835501 -0.0519119822 -0.0973509908 0.244835501 0.0519119822 -0.0973509908 0.244835501 0.0519119822 -0.0973509908 0.244835501 -0.0519119822 -0.0973509908 0.158187353 -0.0376842538 -0.134218113 0.244835501 0.0519119822 -0.0973509908 0.158187353 -0.0376842538 -0.134218113 0.158187353 0.0376842538 -0.134218113 0.158187353 0.0376842538 -0.134218113 0.0490279852 -0.0198034599 -0.157802816 0.0490279852 0.0198034599 -0.157802816 0.0490279852 0.0198034599 -0.157802816 0.0490279852 -0.0198034599 -0.157802816 -0.0719717995 0 -0.165942104 -0.0719717995 0 0.166839336 0.025058747 -0.0555650496 0.158700064 0.0490279852 -0.0198034599 0.158700064 0.0490279852 -0.0198034599 0.158700064 0.025058747 -0.0555650496 0.158700064 0.112604137 -0.10568254 0.135051258 0.158187353 -0.0376842538 0.135051258 0.112604137 -0.10568254 0.135051258 0.182092491 -0.145433667 0.098248231 0.158187353 -0.0376842538 0.135051258 0.182092491 -0.145433667 0.098248231 0.244835501 -0.0519119822 0.098248231 0.244835501 -0.0519119822 0.098248231 0.182092491 -0.145433667 0.098248231 0.226698342 -0.171005127 0.0518478953 0.244835501 -0.0519119822 0.098248231 0.226698342 -0.171005127 0.0518478953 0.300416565 -0.0610126013 0.0518478953 0.300416565 -0.0610126013 0.0518478953 0.226698342 -0.171005127 0.0518478953 0.242015583 -0.179785299 0.000448622069 0.300416565 -0.0610126013 0.0518478953 0.242015583 -0.179785299 0.000448622069 0.319579146 -0.0641529578 0.000448622069 0.319579146 -0.0641529578 0.000448622069 0.242015583 -0.179785299 0.000448622069 0.226698342 -0.171005127 -0.0509506512 0.319579146 -0.0641529578 0.000448622069 0.226698342 -0.171005127 -0.0509506512 0.300416565 -0.0610126013 -0.0509506512 0.300416565 -0.0610126013 -0.0509506512 0.182092491 -0.145433667 -0.0973509908 0.244835501 -0.0519119822 -0.0973509908 0.244835501 -0.0519119822 -0.0973509908 0.182092491 -0.145433667 -0.0973509908 0.112604137 -0.10568254 -0.134218113 0.244835501 -0.0519119822 -0.0973509908 0.112604137 -0.10568254 -0.134218113 0.158187353 -0.0376842538 -0.134218113 0.158187353 -0.0376842538 -0.134218113 0.025058747 -0.0555650496 -0.157802816 0.0490279852 -0.0198034599 -0.157802816 0.0490279852 -0.0198034599 -0.157802816 0.025058747 -0.0555650496 -0.157802816 -0.0719717995 0 -0.165942104 -0.0719717995 0 0.166839336 -0.0181371493 -0.0803033483 0.158700064 0.025058747 -0.0555650496 0.158700064 0.025058747 -0.0555650496 0.158700064 -0.0181371493 -0.0803033483 0.158700064 0.0304422118 -0.152739794 0.135051258 0.112604137 -0.10568254 0.135051258 0.0304422118 -0.152739794 0.135051258 0.0690237077 -0.210163418 0.098248231 0.112604137 -0.10568254 0.135051258 0.0690237077 -0.210163418 0.098248231 0.182092491 -0.145433667 0.098248231 0.182092491 -0.145433667 0.098248231 0.0690237077 -0.210163418 0.098248231 0.0937620143 -0.247078606 0.0518478953 0.182092491 -0.145433667 0.098248231 0.0937620143 -0.247078606 0.0518478953 0.226698342 -0.171005127 0.0518478953 0.226698342 -0.171005127 0.0518478953 0.0937620143 -0.247078606 0.0518478953 0.102285832 -0.259832292 0.000448622069 0.226698342 -0.171005127 0.0518478953 0.102285832 -0.259832292 0.000448622069 0.242015583 -0.179785299 0.000448622069 0.242015583 -0.179785299 0.000448622069 0.102285832 -0.259832292 0.000448622069 0.0937620143 -0.247078606 -0.0509506512 0.242015583 -0.179785299 0.000448622069 0.0937620143 -0.247078606 -0.0509506512 0.226698342 -0.171005127 -0.0509506512 0.226698342 -0.171005127 -0.0509506512 0.0690237077 -0.210163418 -0.0973509908 0.182092491 -0.145433667 -0.0973509908 0.182092491 -0.145433667 -0.0973509908 0.0690237077 -0.210163418 -0.0973509908 0.0304422118 -0.152739794 -0.134218113 0.182092491 -0.145433667 -0.0973509908 0.0304422118 -0.152739794 -0.134218113 0.112604137 -0.10568254 -0.134218113 0.112604137 -0.10568254 -0.134218113 -0.0181371493 -0.0803033483 -0.157802816 0.025058747 -0.0555650496 -0.157802816 0.025058747 -0.0555650496 -0.157802816 -0.0181371493 -0.0803033483 -0.157802816 -0.0719717995 0 -0.165942104 -0.0719717995 0 0.166839336 -0.0719717995 -0.0890835289 0.158700064 -0.0181371493 -0.0803033483 0.158700064 -0.0181371493 -0.0803033483 0.158700064 -0.0719717995 -0.0890835289 0.158700064 -0.0719717995 -0.169531081 0.135051258 0.0304422118 -0.152739794 0.135051258 -0.0719717995 -0.169531081 0.135051258 -0.0719717995 -0.233299497 0.098248231 0.0304422118 -0.152739794 0.135051258 -0.0719717995 -0.233299497 0.098248231 0.0690237077 -0.210163418 0.098248231 0.0690237077 -0.210163418 0.098248231 -0.0719717995 -0.233299497 0.098248231 -0.0719717995 -0.274268291 0.0518478953 0.0690237077 -0.210163418 0.098248231 -0.0719717995 -0.274268291 0.0518478953 0.0937620143 -0.247078606 0.0518478953 0.0937620143 -0.247078606 0.0518478953 -0.0719717995 -0.274268291 0.0518478953 -0.0719717995 -0.28836785 0.000448622069 0.0937620143 -0.247078606 0.0518478953 -0.0719717995 -0.28836785 0.000448622069 0.102285832 -0.259832292 0.000448622069 0.102285832 -0.259832292 0.000448622069 -0.0719717995 -0.28836785 0.000448622069 -0.0719717995 -0.274268291 -0.0509506512 0.102285832 -0.259832292 0.000448622069 -0.0719717995 -0.274268291 -0.0509506512 0.0937620143 -0.247078606 -0.0509506512 0.0937620143 -0.247078606 -0.0509506512 -0.0719717995 -0.233299497 -0.0973509908 0.0690237077 -0.210163418 -0.0973509908 0.0690237077 -0.210163418 -0.0973509908 -0.0719717995 -0.233299497 -0.0973509908 -0.0719717995 -0.169531081 -0.134218113 0.0690237077 -0.210163418 -0.0973509908 -0.0719717995 -0.169531081 -0.134218113 0.0304422118 -0.152739794 -0.134218113 0.0304422118 -0.152739794 -0.134218113 -0.0719717995 -0.0890835289 -0.157802816 -0.0181371493 -0.0803033483 -0.157802816 -0.0181371493 -0.0803033483 -0.157802816 -0.0719717995 -0.0890835289 -0.157802816 -0.0719717995 0 -0.165942104 -0.0719717995 0 0.166839336 -0.125806448 -0.0803033483 0.158700064 -0.0719717995 -0.0890835289 0.158700064 -0.0719717995 -0.169531081 0.135051258 -0.212919234 -0.210163418 0.098248231 -0.0719717995 -0.233299497 0.098248231 -0.0719717995 -0.233299497 0.098248231 -0.237721635 -0.247078606 0.0518478953 -0.0719717995 -0.274268291 0.0518478953 -0.0719717995 -0.274268291 0.0518478953 -0.246245445 -0.259832292 0.000448622069 -0.0719717995 -0.28836785 0.000448622069 -0.0719717995 -0.28836785 0.000448622069 -0.237721635 -0.247078606 -0.0509506512 -0.0719717995 -0.274268291 -0.0509506512 -0.0719717995 -0.274268291 -0.0509506512 -0.212919234 -0.210163418 -0.0973509908 -0.0719717995 -0.233299497 -0.0973509908 -0.0719717995 -0.233299497 -0.0973509908 -0.174401827 -0.152739794 -0.134218113 -0.0719717995 -0.169531081 -0.134218113 -0.0719717995 -0.169531081 -0.134218113 -0.125806448 -0.0803033483 -0.157802816 -0.0719717995 -0.0890835289 -0.157802816 -0.0719717995 0 0.166839336 -0.16901837 -0.0555650496 0.158700064 -0.125806448 -0.0803033483 0.158700064 -0.125806448 -0.0803033483 0.158700064 -0.16901837 -0.0555650496 0.158700064 -0.256499663 -0.10568254 0.135051258 -0.174401827 -0.152739794 0.135051258 -0.256499663 -0.10568254 0.135051258 -0.325988025 -0.145433667 0.098248231 -0.174401827 -0.152739794 0.135051258 -0.325988025 -0.145433667 0.098248231 -0.212919234 -0.210163418 0.098248231 -0.212919234 -0.210163418 0.098248231 -0.325988025 -0.145433667 0.098248231 -0.37059386 -0.171005127 0.0518478953 -0.212919234 -0.210163418 0.098248231 -0.37059386 -0.171005127 0.0518478953 -0.237721635 -0.247078606 0.0518478953 -0.237721635 -0.247078606 0.0518478953 -0.37059386 -0.171005127 0.0518478953 -0.385975188 -0.179785299 0.000448622069 -0.237721635 -0.247078606 0.0518478953 -0.385975188 -0.179785299 0.000448622069 -0.246245445 -0.259832292 0.000448622069 -0.246245445 -0.259832292 0.000448622069 -0.385975188 -0.179785299 0.000448622069 -0.37059386 -0.171005127 -0.0509506512 -0.246245445 -0.259832292 0.000448622069 -0.37059386 -0.171005127 -0.0509506512 -0.237721635 -0.247078606 -0.0509506512 -0.237721635 -0.247078606 -0.0509506512 -0.325988025 -0.145433667 -0.0973509908 -0.212919234 -0.210163418 -0.0973509908 -0.212919234 -0.210163418 -0.0973509908 -0.325988025 -0.145433667 -0.0973509908 -0.256499663 -0.10568254 -0.134218113 -0.212919234 -0.210163418 -0.0973509908 -0.256499663 -0.10568254 -0.134218113 -0.174401827 -0.152739794 -0.134218113 -0.174401827 -0.152739794 -0.134218113 -0.16901837 -0.0555650496 -0.157802816 -0.125806448 -0.0803033483 -0.157802816 -0.125806448 -0.0803033483 -0.157802816 -0.16901837 -0.0555650496 -0.157802816 -0.0719717995 0 -0.165942104 -0.0719717995 0 0.166839336 -0.192987594 -0.0198034599 0.158700064 -0.16901837 -0.0555650496 0.158700064 -0.16901837 -0.0555650496 0.158700064 -0.192987594 -0.0198034599 0.158700064 -0.302146974 -0.0376842538 0.135051258 -0.256499663 -0.10568254 0.135051258 -0.302146974 -0.0376842538 0.135051258 -0.388731019 -0.0519119822 0.098248231 -0.256499663 -0.10568254 0.135051258 -0.388731019 -0.0519119822 0.098248231 -0.325988025 -0.145433667 0.098248231 -0.325988025 -0.145433667 0.098248231 -0.388731019 -0.0519119822 0.098248231 -0.44437617 -0.0610126013 0.0518478953 -0.325988025 -0.145433667 0.098248231 -0.44437617 -0.0610126013 0.0518478953 -0.37059386 -0.171005127 0.0518478953 -0.37059386 -0.171005127 0.0518478953 -0.44437617 -0.0610126013 0.0518478953 -0.463538751 -0.0641529578 0.000448622069 -0.37059386 -0.171005127 0.0518478953 -0.463538751 -0.0641529578 0.000448622069 -0.385975188 -0.179785299 0.000448622069 -0.385975188 -0.179785299 0.000448622069 -0.463538751 -0.0641529578 0.000448622069 -0.44437617 -0.0610126013 -0.0509506512 -0.385975188 -0.179785299 0.000448622069 -0.44437617 -0.0610126013 -0.0509506512 -0.37059386 -0.171005127 -0.0509506512 -0.37059386 -0.171005127 -0.0509506512 -0.388731019 -0.0519119822 -0.0973509908 -0.325988025 -0.145433667 -0.0973509908 -0.325988025 -0.145433667 -0.0973509908 -0.388731019 -0.0519119822 -0.0973509908 -0.302146974 -0.0376842538 -0.134218113 -0.325988025 -0.145433667 -0.0973509908 -0.302146974 -0.0376842538 -0.134218113 -0.256499663 -0.10568254 -0.134218113 -0.256499663 -0.10568254 -0.134218113 -0.192987594 -0.0198034599 -0.157802816 -0.16901837 -0.0555650496 -0.157802816 -0.16901837 -0.0555650496 -0.157802816 -0.192987594 -0.0198034599 -0.157802816 -0.0719717995 0 -0.165942104 -0.0719717995 0 0.166839336 -0.192987594 0.0198034599 0.158700064 -0.192987594 -0.0198034599 0.158700064 -0.302146974 -0.0376842538 0.135051258 -0.388731019 0.0519119822 0.098248231 -0.388731019 -0.0519119822 0.098248231 -0.388731019 -0.0519119822 0.098248231 -0.44437617 0.0610126013 0.0518478953 -0.44437617 -0.0610126013 0.0518478953 -0.44437617 -0.0610126013 0.0518478953 -0.463538751 0.0641529578 0.000448622069 -0.463538751 -0.0641529578 0.000448622069 -0.463538751 -0.0641529578 0.000448622069 -0.44437617 0.0610126013 -0.0509506512 -0.44437617 -0.0610126013 -0.0509506512 -0.44437617 -0.0610126013 -0.0509506512 -0.388731019 0.0519119822 -0.0973509908 -0.388731019 -0.0519119822 -0.0973509908 -0.388731019 -0.0519119822 -0.0973509908 -0.302146974 0.0376842538 -0.134218113 -0.302146974 -0.0376842538 -0.134218113 -0.302146974 -0.0376842538 -0.134218113 -0.192987594 0.0198034599 -0.157802816 -0.192987594 -0.0198034599 -0.157802816 -0.0719717995 0 0.166839336 -0.16901837 0.0555650496 0.158700064 -0.192987594 0.0198034599 0.158700064 -0.192987594 0.0198034599 0.158700064 -0.16901837 0.0555650496 0.158700064 -0.256499663 0.10568254 0.135051258 -0.302146974 0.0376842538 0.135051258 -0.256499663 0.10568254 0.135051258 -0.325988025 0.145433667 0.098248231 -0.302146974 0.0376842538 0.135051258 -0.325988025 0.145433667 0.098248231 -0.388731019 0.0519119822 0.098248231 -0.388731019 0.0519119822 0.098248231 -0.325988025 0.145433667 0.098248231 -0.37059386 0.171005127 0.0518478953 -0.388731019 0.0519119822 0.098248231 -0.37059386 0.171005127 0.0518478953 -0.44437617 0.0610126013 0.0518478953 -0.44437617 0.0610126013 0.0518478953 -0.37059386 0.171005127 0.0518478953 -0.385975188 0.179785299 0.000448622069 -0.44437617 0.0610126013 0.0518478953 -0.385975188 0.179785299 0.000448622069 -0.463538751 0.0641529578 0.000448622069 -0.463538751 0.0641529578 0.000448622069 -0.385975188 0.179785299 0.000448622069 -0.37059386 0.171005127 -0.0509506512 -0.463538751 0.0641529578 0.000448622069 -0.37059386 0.171005127 -0.0509506512 -0.44437617 0.0610126013 -0.0509506512 -0.44437617 0.0610126013 -0.0509506512 -0.325988025 0.145433667 -0.0973509908 -0.388731019 0.0519119822 -0.0973509908 -0.388731019 0.0519119822 -0.0973509908 -0.325988025 0.145433667 -0.0973509908 -0.256499663 0.10568254 -0.134218113 -0.388731019 0.0519119822 -0.0973509908 -0.256499663 0.10568254 -0.134218113 -0.302146974 0.0376842538 -0.134218113 -0.302146974 0.0376842538 -0.134218113 -0.16901837 0.0555650496 -0.157802816 -0.192987594 0.0198034599 -0.157802816 -0.192987594 0.0198034599 -0.157802816 -0.16901837 0.0555650496 -0.157802816 -0.0719717995 0 -0.165942104 -0.0719717995 0 0.166839336 -0.125806448 0.0803033483 0.158700064 -0.16901837 0.0555650496 0.158700064 -0.16901837 0.0555650496 0.158700064 -0.125806448 0.0803033483 0.158700064 -0.174401827 0.152739794 0.135051258 -0.256499663 0.10568254 0.135051258 -0.174401827 0.152739794 0.135051258 -0.212919234 0.210163418 0.098248231 -0.256499663 0.10568254 0.135051258 -0.212919234 0.210163418 0.098248231 -0.325988025 0.145433667 0.098248231 -0.325988025 0.145433667 0.098248231 -0.212919234 0.210163418 0.098248231 -0.237721635 0.247078606 0.0518478953 -0.325988025 0.145433667 0.098248231 -0.237721635 0.247078606 0.0518478953 -0.37059386 0.171005127 0.0518478953 -0.37059386 0.171005127 0.0518478953 -0.237721635 0.247078606 0.0518478953 -0.246245445 0.259832292 0.000448622069 -0.37059386 0.171005127 0.0518478953 -0.246245445 0.259832292 0.000448622069 -0.385975188 0.179785299 0.000448622069 -0.385975188 0.179785299 0.000448622069 -0.246245445 0.259832292 0.000448622069 -0.237721635 0.247078606 -0.0509506512 -0.385975188 0.179785299 0.000448622069 -0.237721635 0.247078606 -0.0509506512 -0.37059386 0.171005127 -0.0509506512 -0.37059386 0.171005127 -0.0509506512 -0.212919234 0.210163418 -0.0973509908 -0.325988025 0.145433667 -0.0973509908 -0.325988025 0.145433667 -0.0973509908 -0.212919234 0.210163418 -0.0973509908 -0.174401827 0.152739794 -0.134218113 -0.325988025 0.145433667 -0.0973509908 -0.174401827 0.152739794 -0.134218113 -0.256499663 0.10568254 -0.134218113 -0.256499663 0.10568254 -0.134218113 -0.125806448 0.0803033483 -0.157802816 -0.16901837 0.0555650496 -0.157802816 -0.16901837 0.0555650496 -0.157802816 -0.125806448 0.0803033483 -0.157802816 -0.0719717995 0 -0.165942104</float_array><technique_common><accessor source="#part3-positions-array" count="2691" stride="3"><param name="X" type="float" /><param name="Y" type="float" /><param name="Z" type="float" /></accessor></technique_common></source><source id="part3-normals"><float_array id="part3-normals-array" count="8073">0.0147819207 0.0905257198 0.995784409 0.0147819207 0.0905257198 0.995784409 0.0147819207 0.0905257198 0.995784409 0.0459618569 0.281474259 0.958467396 0.0459618569 0.281474259 0.958467396 0.0459618569 0.281474259 0.958467396 0.046182601 0.281149744 0.958552027 0.046182601 0.281149744 0.958552027 0.046182601 0.281149744 0.958552027 0.0816025425 0.496778731 0.864032359 0.0816025425 0.496778731 0.864032359 0.0816025425 0.496778731 0.864032359 0.0813474745 0.497375192 0.863713209 0.0813474745 0.497375192 0.863713209 0.0813474745 0.497375192 0.863713209 0.121588383 0.743416385 0.657684075 0.121588383 0.743416385 0.657684075 0.121588383 0.743416385 0.657684075 0.121645123 0.743266734 0.657842706 0.121645123 0.743266734 0.657842706 0.121645123 0.743266734 0.657842706 0.155908908 0.952622694 0.26115592 0.155908908 0.952622694 0.26115592 0.155908908 0.952622694 0.26115592 0.156270956 0.952191512 0.262508501 0.156270956 0.952191512 0.262508501 0.156270956 0.952191512 0.262508501 0.156328212 0.952540385 -0.261205485 0.156328212 0.952540385 -0.261205485 0.156328212 0.952540385 -0.261205485 0.155848862 0.952255802 -0.262526225 0.155848862 0.952255802 -0.262526225 0.155848862 0.952255802 -0.262526225 0.121664938 0.743387804 -0.657702225 0.121664938 0.743387804 -0.657702225 0.121664938 0.743387804 -0.657702225 0.121565108 0.743274075 -0.657849203 0.121565108 0.743274075 -0.657849203 0.121565108 0.743274075 -0.657849203 0.0813843937 0.497600923 -0.863579702 0.0813843937 0.497600923 -0.863579702 0.0813843937 0.497600923 -0.863579702 0.0818047776 0.498009895 -0.863304189 0.0818047776 0.498009895 -0.863304189 0.0818047776 0.498009895 -0.863304189 0.0462103194 0.281318487 -0.958501182 0.0462103194 0.281318487 -0.958501182 0.0462103194 0.281318487 -0.958501182 0.0459094454 0.281153287 -0.958564109 0.0459094454 0.281153287 -0.958564109 0.0459094454 0.281153287 -0.958564109 0.0147819207 0.0905257198 -0.995784409 0.0147819207 0.0905257198 -0.995784409 0.0147819207 0.0905257198 -0.995784409 0.0415883 0.072590493 0.996494372 0.0415883 0.072590493 0.996494372 0.0415883 0.072590493 0.996494372 0.130016944 0.226938683 0.965191395 0.130016944 0.226938683 0.965191395 0.130016944 0.226938683 0.965191395 0.129939842 0.227272557 0.965123216 0.129939842 0.227272557 0.965123216 0.129939842 0.227272557 0.965123216 0.233035929 0.40759378 0.882927837 0.233035929 0.40759378 0.882927837 0.233035929 0.40759378 0.882927837 0.233049243 0.407373302 0.883026072 0.233049243 0.407373302 0.883026072 0.233049243 0.407373302 0.883026072 0.358709365 0.627028935 0.69149281 0.358709365 0.627028935 0.69149281 0.358709365 0.627028935 0.69149281 0.358711143 0.62691137 0.691598474 0.358711143 0.62691137 0.691598474 0.358711143 0.62691137 0.691598474 0.47590313 0.831725161 0.285918638 0.47590313 0.831725161 0.285918638 0.47590313 0.831725161 0.285918638 0.475724947 0.832231924 0.284738125 0.475724947 0.832231924 0.284738125 0.475724947 0.832231924 0.284738125 0.475560247 0.831943799 -0.285853051 0.475560247 0.831943799 -0.285853051 0.475560247 0.831943799 -0.285853051 0.476076451 0.83202807 -0.284746384 0.476076451 0.83202807 -0.284746384 0.476076451 0.83202807 -0.284746384 0.358753015 0.62698455 -0.691510411 0.358753015 0.62698455 -0.691510411 0.358753015 0.62698455 -0.691510411 0.358660146 0.6269429 -0.691596342 0.358660146 0.6269429 -0.691596342 0.358660146 0.6269429 -0.691596342 0.23343142 0.408041353 -0.88261658 0.23343142 0.408041353 -0.88261658 0.23343142 0.408041353 -0.88261658 0.233265318 0.407994994 -0.882681922 0.233265318 0.407994994 -0.882681922 0.233265318 0.407994994 -0.882681922 0.129878242 0.227164814 -0.965156873 0.129878242 0.227164814 -0.965156873 0.129878242 0.227164814 -0.965156873 0.130134247 0.227143432 -0.965127421 0.130134247 0.227143432 -0.965127421 0.130134247 0.227143432 -0.965127421 0.0415883 0.072590493 -0.996494372 0.0415883 0.072590493 -0.996494372 0.0415883 0.072590493 -0.996494372 0.0601108452 0.0403261639 0.997376803 0.0601108452 0.0403261639 0.997376803 0.0601108452 0.0403261639 0.997376803 0.189419756 0.127074775 0.973638618 0.189419756 0.127074775 0.973638618 0.189419756 0.127074775 0.973638618 0.1894228 0.127103255 0.973634308 0.1894228 0.127103255 0.973634308 0.1894228 0.127103255 0.973634308 0.346681364 0.232624213 0.908679265 0.346681364 0.232624213 0.908679265 0.346681364 0.232624213 0.908679265 0.346728751 0.232780604 0.908621133 0.346728751 0.232780604 0.908621133 0.346728751 0.232780604 0.908621133 0.556252657 0.373447051 0.742374758 0.556252657 0.373447051 0.742374758 0.556252657 0.373447051 0.742374758 0.556320292 0.373616347 0.742238882 0.556320292 0.373616347 0.742238882 0.556320292 0.373616347 0.742238882 0.784952862 0.527162546 0.32549755 0.784952862 0.527162546 0.32549755 0.784952862 0.527162546 0.32549755 0.784895596 0.526644536 0.326472717 0.784895596 0.526644536 0.326472717 0.784895596 0.526644536 0.326472717 0.785158828 0.526821158 -0.325553503 0.785158828 0.526821158 -0.325553503 0.785158828 0.526821158 -0.325553503 0.784676271 0.526976792 -0.326463796 0.784676271 0.526976792 -0.326463796 0.784676271 0.526976792 -0.326463796 0.556216906 0.373546915 -0.742351302 0.556216906 0.373546915 -0.742351302 0.556216906 0.373546915 -0.742351302 0.556374252 0.373528685 -0.742242557 0.556374252 0.373528685 -0.742242557 0.556374252 0.373528685 -0.742242557 0.347156935 0.23306807 -0.908383915 0.347156935 0.23306807 -0.908383915 0.347156935 0.23306807 -0.908383915 0.347282304 0.233027446 -0.908346416 0.347282304 0.233027446 -0.908346416 0.347282304 0.233027446 -0.908346416 0.189415413 0.127098298 -0.973636392 0.189415413 0.127098298 -0.973636392 0.189415413 0.127098298 -0.973636392 0.1894338 0.127084196 -0.973634656 0.1894338 0.127084196 -0.973634656 0.1894338 0.127084196 -0.973634656 0.0601108452 0.0403261639 -0.997376803 0.0601108452 0.0403261639 -0.997376803 0.0601108452 0.0403261639 -0.997376803 0.066729814 -0 0.997771082 0.066729814 -0 0.997771082 0.066729814 -0 0.997771082 0.211110007 0 0.977462309 0.211110007 0 0.977462309 0.211110007 0 0.977462309 0.211110007 -0 0.977462309 0.211110007 -0 0.977462309 0.211110007 -0 0.977462309 0.389940643 0 0.920839994 0.389940643 0 0.920839994 0.389940643 0 0.920839994 0.389940643 -0 0.920839994 0.389940643 -0 0.920839994 0.389940643 -0 0.920839994 0.639201559 0 0.769039249 0.639201559 0 0.769039249 0.639201559 0 0.769039249 0.639201559 -0 0.769039249 0.639201559 -0 0.769039249 0.639201559 -0 0.769039249 0.936810668 0 0.34983678 0.936810668 0 0.34983678 0.936810668 0 0.34983678 0.936810668 -0 0.34983678 0.936810668 -0 0.34983678 0.936810668 -0 0.34983678 0.936810668 0 -0.34983678 0.936810668 0 -0.34983678 0.936810668 0 -0.34983678 0.936810668 0 -0.34983678 0.936810668 0 -0.34983678 0.936810668 0 -0.34983678 0.639201559 0 -0.769039249 0.639201559 0 -0.769039249 0.639201559 0 -0.769039249 0.639201559 0 -0.769039249 0.639201559 0 -0.769039249 0.639201559 0 -0.769039249 0.39051921 0 -0.920594779 0.39051921 0 -0.920594779 0.39051921 0 -0.920594779 0.39051921 0 -0.920594779 0.39051921 0 -0.920594779 0.39051921 0 -0.920594779 0.211110007 0 -0.977462309 0.211110007 0 -0.977462309 0.211110007 0 -0.977462309 0.211110007 0 -0.977462309 0.211110007 0 -0.977462309 0.211110007 0 -0.977462309 0.066729814 0 -0.997771082 0.066729814 0 -0.997771082 0.066729814 0 -0.997771082 0.0601108452 -0.0403261639 0.997376803 0.0601108452 -0.0403261639 0.997376803 0.0601108452 -0.0403261639 0.997376803 0.1894338 -0.127084196 0.973634656 0.1894338 -0.127084196 0.973634656 0.1894338 -0.127084196 0.973634656 0.189415413 -0.127098298 0.973636392 0.189415413 -0.127098298 0.973636392 0.189415413 -0.127098298 0.973636392 0.346781364 -0.232691314 0.908623925 0.346781364 -0.232691314 0.908623925 0.346781364 -0.232691314 0.908623925 0.346656134 -0.232731852 0.908661328 0.346656134 -0.232731852 0.908661328 0.346656134 -0.232731852 0.908661328 0.556374252 -0.373528685 0.742242557 0.556374252 -0.373528685 0.742242557 0.556374252 -0.373528685 0.742242557 0.556216906 -0.373546915 0.742351302 0.556216906 -0.373546915 0.742351302 0.556216906 -0.373546915 0.742351302 0.784676271 -0.526976792 0.326463796 0.784676271 -0.526976792 0.326463796 0.784676271 -0.526976792 0.326463796 0.785158828 -0.526821158 0.325553503 0.785158828 -0.526821158 0.325553503 0.785158828 -0.526821158 0.325553503 0.784895596 -0.526644536 -0.326472717 0.784895596 -0.526644536 -0.326472717 0.784895596 -0.526644536 -0.326472717 0.784952862 -0.527162546 -0.32549755 0.784952862 -0.527162546 -0.32549755 0.784952862 -0.527162546 -0.32549755 0.556320292 -0.373616347 -0.742238882 0.556320292 -0.373616347 -0.742238882 0.556320292 -0.373616347 -0.742238882 0.556252657 -0.373447051 -0.742374758 0.556252657 -0.373447051 -0.742374758 0.556252657 -0.373447051 -0.742374758 0.347229612 -0.233116863 -0.908343616 0.347229612 -0.233116863 -0.908343616 0.347229612 -0.233116863 -0.908343616 0.347182221 -0.23296029 -0.908401898 0.347182221 -0.23296029 -0.908401898 0.347182221 -0.23296029 -0.908401898 0.1894228 -0.127103255 -0.973634308 0.1894228 -0.127103255 -0.973634308 0.1894228 -0.127103255 -0.973634308 0.189419756 -0.127074775 -0.973638618 0.189419756 -0.127074775 -0.973638618 0.189419756 -0.127074775 -0.973638618 0.0601108452 -0.0403261639 -0.997376803 0.0601108452 -0.0403261639 -0.997376803 0.0601108452 -0.0403261639 -0.997376803 0.0415883 -0.072590493 0.996494372 0.0415883 -0.072590493 0.996494372 0.0415883 -0.072590493 0.996494372 0.130134247 -0.227143432 0.965127421 0.130134247 -0.227143432 0.965127421 0.130134247 -0.227143432 0.965127421 0.129878242 -0.227164814 0.965156873 0.129878242 -0.227164814 0.965156873 0.129878242 -0.227164814 0.965156873 0.23294755 -0.407439198 0.883022502 0.23294755 -0.407439198 0.883022502 0.23294755 -0.407439198 0.883022502 0.233113472 -0.407485576 0.882957312 0.233113472 -0.407485576 0.882957312 0.233113472 -0.407485576 0.882957312 0.358660146 -0.6269429 0.691596342 0.358660146 -0.6269429 0.691596342 0.358660146 -0.6269429 0.691596342 0.358753015 -0.62698455 0.691510411 0.358753015 -0.62698455 0.691510411 0.358753015 -0.62698455 0.691510411 0.476076451 -0.83202807 0.284746384 0.476076451 -0.83202807 0.284746384 0.476076451 -0.83202807 0.284746384 0.475560247 -0.831943799 0.285853051 0.475560247 -0.831943799 0.285853051 0.475560247 -0.831943799 0.285853051 0.475724947 -0.832231924 -0.284738125 0.475724947 -0.832231924 -0.284738125 0.475724947 -0.832231924 -0.284738125 0.47590313 -0.831725161 -0.285918638 0.47590313 -0.831725161 -0.285918638 0.47590313 -0.831725161 -0.285918638 0.358711143 -0.62691137 -0.691598474 0.358711143 -0.62691137 -0.691598474 0.358711143 -0.62691137 -0.691598474 0.358709365 -0.627028935 -0.69149281 0.358709365 -0.627028935 -0.69149281 0.358709365 -0.627028935 -0.69149281 0.233367153 -0.407929013 -0.8826855 0.233367153 -0.407929013 -0.8826855 0.233367153 -0.407929013 -0.8826855 0.23335375 -0.408149668 -0.882587036 0.23335375 -0.408149668 -0.882587036 0.23335375 -0.408149668 -0.882587036 0.129939842 -0.227272557 -0.965123216 0.129939842 -0.227272557 -0.965123216 0.129939842 -0.227272557 -0.965123216 0.130016944 -0.226938683 -0.965191395 0.130016944 -0.226938683 -0.965191395 0.130016944 -0.226938683 -0.965191395 0.0415883 -0.072590493 -0.996494372 0.0415883 -0.072590493 -0.996494372 0.0415883 -0.072590493 -0.996494372 0.0147819207 -0.0905257198 0.995784409 0.0147819207 -0.0905257198 0.995784409 0.0147819207 -0.0905257198 0.995784409 0.0459094454 -0.281153287 0.958564109 0.0459094454 -0.281153287 0.958564109 0.0459094454 -0.281153287 0.958564109 0.0462103194 -0.281318487 0.958501182 0.0462103194 -0.281318487 0.958501182 0.0462103194 -0.281318487 0.958501182 0.0816981678 -0.497360877 0.863688351 0.0816981678 -0.497360877 0.863688351 0.0816981678 -0.497360877 0.863688351 0.0812782642 -0.496952026 0.863963268 0.0812782642 -0.496952026 0.863963268 0.0812782642 -0.496952026 0.863963268 0.121565108 -0.743274075 0.657849203 0.121565108 -0.743274075 0.657849203 0.121565108 -0.743274075 0.657849203 0.121664938 -0.743387804 0.657702225 0.121664938 -0.743387804 0.657702225 0.121664938 -0.743387804 0.657702225 0.155848862 -0.952255802 0.262526225 0.155848862 -0.952255802 0.262526225 0.155848862 -0.952255802 0.262526225 0.156328212 -0.952540385 0.261205485 0.156328212 -0.952540385 0.261205485 0.156328212 -0.952540385 0.261205485 0.156270956 -0.952191512 -0.262508501 0.156270956 -0.952191512 -0.262508501 0.156270956 -0.952191512 -0.262508501 0.155908908 -0.952622694 -0.26115592 0.155908908 -0.952622694 -0.26115592 0.155908908 -0.952622694 -0.26115592 0.121645123 -0.743266734 -0.657842706 0.121645123 -0.743266734 -0.657842706 0.121645123 -0.743266734 -0.657842706 0.121588383 -0.743416385 -0.657684075 0.121588383 -0.743416385 -0.657684075 0.121588383 -0.743416385 -0.657684075 0.0814536328 -0.498024266 -0.863329101 0.0814536328 -0.498024266 -0.863329101 0.0814536328 -0.498024266 -0.863329101 0.0817091126 -0.497427506 -0.863648943 0.0817091126 -0.497427506 -0.863648943 0.0817091126 -0.497427506 -0.863648943 0.046182601 -0.281149744 -0.958552027 0.046182601 -0.281149744 -0.958552027 0.046182601 -0.281149744 -0.958552027 0.0459618569 -0.281474259 -0.958467396 0.0459618569 -0.281474259 -0.958467396 0.0459618569 -0.281474259 -0.958467396 0.0147819207 -0.0905257198 -0.995784409 0.0147819207 -0.0905257198 -0.995784409 0.0147819207 -0.0905257198 -0.995784409 -0.014799558 -0.0905256962 0.995784149 -0.014799558 -0.0905256962 0.995784149 -0.014799558 -0.0905256962 0.995784149 -0.046010227 -0.281434611 0.958476718 -0.046010227 -0.281434611 0.958476718 -0.046010227 -0.281434611 0.958476718 -0.0462042801 -0.281149462 0.958551065 -0.0462042801 -0.281149462 0.958551065 -0.0462042801 -0.281149462 0.958551065 -0.0816277513 -0.496698536 0.864076081 -0.0816277513 -0.496698536 0.864076081 -0.0816277513 -0.496698536 0.864076081 -0.0813382721 -0.497375567 0.86371386 -0.0813382721 -0.497375567 0.86371386 -0.0813382721 -0.497375567 0.86371386 -0.121575334 -0.743421257 0.657680981 -0.121575334 -0.743421257 0.657680981 -0.121575334 -0.743421257 0.657680981 -0.121633512 -0.7432678 0.657843649 -0.121633512 -0.7432678 0.657843649 -0.121633512 -0.7432678 0.657843649 -0.155894272 -0.952625564 0.26115419 -0.155894272 -0.952625564 0.26115419 -0.155894272 -0.952625564 0.26115419 -0.156256909 -0.952193654 0.262509092 -0.156256909 -0.952193654 0.262509092 -0.156256909 -0.952193654 0.262509092 -0.156314258 -0.952543127 -0.261203836 -0.156314258 -0.952543127 -0.261203836 -0.156314258 -0.952543127 -0.261203836 -0.155834129 -0.952258043 -0.262526843 -0.155834129 -0.952258043 -0.262526843 -0.155834129 -0.952258043 -0.262526843 -0.121653829 -0.743391951 -0.657699591 -0.121653829 -0.743391951 -0.657699591 -0.121653829 -0.743391951 -0.657699591 -0.121551469 -0.743275326 -0.65785031 -0.121551469 -0.743275326 -0.65785031 -0.121551469 -0.743275326 -0.65785031 -0.0813658781 -0.497544375 -0.863614028 -0.0813658781 -0.497544375 -0.863614028 -0.0813658781 -0.497544375 -0.863614028 -0.081843003 -0.498008327 -0.863301471 -0.081843003 -0.498008327 -0.863301471 -0.081843003 -0.498008327 -0.863301471 -0.0462286312 -0.281297636 -0.958506418 -0.0462286312 -0.281297636 -0.958506418 -0.0462286312 -0.281297636 -0.958506418 -0.0459641193 -0.28115258 -0.958561697 -0.0459641193 -0.28115258 -0.958561697 -0.0459641193 -0.28115258 -0.958561697 -0.014799558 -0.0905256962 -0.995784149 -0.014799558 -0.0905256962 -0.995784149 -0.014799558 -0.0905256962 -0.995784149 -0.0415908049 -0.0726218714 0.996491981 -0.0415908049 -0.0726218714 0.996491981 -0.0415908049 -0.0726218714 0.996491981 -0.129991935 -0.22697944 0.96518518 -0.129991935 -0.22697944 0.96518518 -0.129991935 -0.22697944 0.96518518 -0.129928738 -0.227253134 0.965129285 -0.129928738 -0.227253134 0.965129285 -0.129928738 -0.227253134 0.965129285 -0.232952043 -0.407447058 0.88301769 -0.232952043 -0.407447058 0.88301769 -0.232952043 -0.407447058 0.88301769 -0.232965341 -0.407226584 0.883115881 -0.232965341 -0.407226584 0.883115881 -0.232965341 -0.407226584 0.883115881 -0.358709366 -0.62702885 0.691492886 -0.358709366 -0.62702885 0.691492886 -0.358709366 -0.62702885 0.691492886 -0.358711143 -0.62691137 0.691598474 -0.358711143 -0.62691137 0.691598474 -0.358711143 -0.62691137 0.691598474 -0.475984211 -0.831866865 0.285370897 -0.475984211 -0.831866865 0.285370897 -0.475984211 -0.831866865 0.285370897 -0.475889181 -0.832136699 0.284741989 -0.475889181 -0.832136699 0.284741989 -0.475889181 -0.832136699 0.284741989 -0.475801465 -0.831983319 -0.285336158 -0.475801465 -0.831983319 -0.285336158 -0.475801465 -0.831983319 -0.285336158 -0.476076451 -0.83202807 -0.284746384 -0.476076451 -0.83202807 -0.284746384 -0.476076451 -0.83202807 -0.284746384 -0.358752985 -0.626984497 -0.691510474 -0.358752985 -0.626984497 -0.691510474 -0.358752985 -0.626984497 -0.691510474 -0.358660183 -0.626942877 -0.691596343 -0.358660183 -0.626942877 -0.691596343 -0.358660183 -0.626942877 -0.691596343 -0.233347443 -0.407894504 -0.882706658 -0.233347443 -0.407894504 -0.882706658 -0.233347443 -0.407894504 -0.882706658 -0.233181416 -0.407848245 -0.882771905 -0.233181416 -0.407848245 -0.882771905 -0.233181416 -0.407848245 -0.882771905 -0.129878236 -0.227164804 -0.965156876 -0.129878236 -0.227164804 -0.965156876 -0.129878236 -0.227164804 -0.965156876 -0.130088058 -0.227147281 -0.965132742 -0.130088058 -0.227147281 -0.965132742 -0.130088058 -0.227147281 -0.965132742 -0.0415908049 -0.0726218714 -0.996491981 -0.0415908049 -0.0726218714 -0.996491981 -0.0415908049 -0.0726218714 -0.996491981 -0.0600875986 -0.0404186431 0.99737446 -0.0600875986 -0.0404186431 0.99737446 -0.0600875986 -0.0404186431 0.99737446 -0.189363814 -0.127377838 0.973609898 -0.189363814 -0.127377838 0.973609898 -0.189363814 -0.127377838 0.973609898 -0.189348276 -0.127232338 0.973631944 -0.189348276 -0.127232338 0.973631944 -0.189348276 -0.127232338 0.973631944 -0.346806143 -0.233035955 0.908526138 -0.346806143 -0.233035955 0.908526138 -0.346806143 -0.233035955 0.908526138 -0.346638184 -0.23248161 0.908732232 -0.346638184 -0.23248161 0.908732232 -0.346638184 -0.23248161 0.908732232 -0.556362802 -0.373138695 0.742447268 -0.556362802 -0.373138695 0.742447268 -0.556362802 -0.373138695 0.742447268 -0.55646178 -0.37338628 0.742248593 -0.55646178 -0.37338628 0.742248593 -0.55646178 -0.37338628 0.742248593 -0.784898186 -0.526667283 0.326429793 -0.784898186 -0.526667283 0.326429793 -0.784898186 -0.526667283 0.326429793 -0.784947775 -0.527115691 0.325585684 -0.784947775 -0.527115691 0.325585684 -0.784947775 -0.527115691 0.325585684 -0.784720051 -0.526962768 -0.326381192 -0.784720051 -0.526962768 -0.326381192 -0.784720051 -0.526962768 -0.326381192 -0.785137754 -0.526828033 -0.325593198 -0.785137754 -0.526828033 -0.325593198 -0.785137754 -0.526828033 -0.325593198 -0.556310534 -0.373284793 -0.742412994 -0.556310534 -0.373284793 -0.742412994 -0.556310534 -0.373284793 -0.742412994 -0.556540701 -0.373258008 -0.742253937 -0.556540701 -0.373258008 -0.742253937 -0.556540701 -0.373258008 -0.742253937 -0.347396745 -0.232990357 -0.908312168 -0.347396745 -0.232990357 -0.908312168 -0.347396745 -0.232990357 -0.908312168 -0.346952502 -0.2331343 -0.908445023 -0.346952502 -0.2331343 -0.908445023 -0.346952502 -0.2331343 -0.908445023 -0.189386002 -0.127257688 -0.973621293 -0.189386002 -0.127257688 -0.973621293 -0.189386002 -0.127257688 -0.973621293 -0.189292124 -0.127329615 -0.973630146 -0.189292124 -0.127329615 -0.973630146 -0.189292124 -0.127329615 -0.973630146 -0.0600875986 -0.0404186431 -0.99737446 -0.0600875986 -0.0404186431 -0.99737446 -0.0600875986 -0.0404186431 -0.99737446 -0.0667210022 0 0.997771671 -0.0667210022 0 0.997771671 -0.0667210022 0 0.997771671 -0.211110029 0 0.977462304 -0.211110029 0 0.977462304 -0.211110029 0 0.977462304 -0.211110029 0 0.977462304 -0.211110029 0 0.977462304 -0.211110029 0 0.977462304 -0.390185882 0 0.920736106 -0.390185882 0 0.920736106 -0.390185882 0 0.920736106 -0.390185882 0 0.920736106 -0.390185882 0 0.920736106 -0.390185882 0 0.920736106 -0.639201346 0 0.769039427 -0.639201346 0 0.769039427 -0.639201346 0 0.769039427 -0.639201346 0 0.769039427 -0.639201346 0 0.769039427 -0.639201346 0 0.769039427 -0.936425721 0 0.350865885 -0.936425721 0 0.350865885 -0.936425721 0 0.350865885 -0.936425721 0 0.350865885 -0.936425721 0 0.350865885 -0.936425721 0 0.350865885 -0.936425721 0 -0.350865885 -0.936425721 0 -0.350865885 -0.936425721 0 -0.350865885 -0.936425721 -0 -0.350865885 -0.936425721 -0 -0.350865885 -0.936425721 -0 -0.350865885 -0.639201346 0 -0.769039427 -0.639201346 0 -0.769039427 -0.639201346 0 -0.769039427 -0.639201346 -0 -0.769039427 -0.639201346 -0 -0.769039427 -0.639201346 -0 -0.769039427 -0.390764683 0 -0.92049061 -0.390764683 0 -0.92049061 -0.390764683 0 -0.92049061 -0.390764683 -0 -0.92049061 -0.390764683 -0 -0.92049061 -0.390764683 -0 -0.92049061 -0.211110029 0 -0.977462304 -0.211110029 0 -0.977462304 -0.211110029 0 -0.977462304 -0.211110029 -0 -0.977462304 -0.211110029 -0 -0.977462304 -0.211110029 -0 -0.977462304 -0.0667210022 0 -0.997771671 -0.0667210022 0 -0.997771671 -0.0667210022 0 -0.997771671 -0.0600875986 0.0404186431 0.99737446 -0.0600875986 0.0404186431 0.99737446 -0.0600875986 0.0404186431 0.99737446 -0.189292124 0.127329615 0.973630146 -0.189292124 0.127329615 0.973630146 -0.189292124 0.127329615 0.973630146 -0.189386002 0.127257688 0.973621293 -0.189386002 0.127257688 0.973621293 -0.189386002 0.127257688 0.973621293 -0.346451929 0.232797941 0.908722278 -0.346451929 0.232797941 0.908722278 -0.346451929 0.232797941 0.908722278 -0.346895677 0.232654304 0.908589767 -0.346895677 0.232654304 0.908589767 -0.346895677 0.232654304 0.908589767 -0.556540701 0.373258008 0.742253937 -0.556540701 0.373258008 0.742253937 -0.556540701 0.373258008 0.742253937 -0.556310534 0.373284793 0.742412994 -0.556310534 0.373284793 0.742412994 -0.556310534 0.373284793 0.742412994 -0.785137754 0.526828033 0.325593198 -0.785137754 0.526828033 0.325593198 -0.785137754 0.526828033 0.325593198 -0.784720051 0.526962768 0.326381192 -0.784720051 0.526962768 0.326381192 -0.784720051 0.526962768 0.326381192 -0.784947775 0.527115691 -0.325585684 -0.784947775 0.527115691 -0.325585684 -0.784947775 0.527115691 -0.325585684 -0.784898186 0.526667283 -0.326429793 -0.784898186 0.526667283 -0.326429793 -0.784898186 0.526667283 -0.326429793 -0.55646178 0.37338628 -0.742248593 -0.55646178 0.37338628 -0.742248593 -0.55646178 0.37338628 -0.742248593 -0.556362802 0.373138695 -0.742447268 -0.556362802 0.373138695 -0.742447268 -0.556362802 0.373138695 -0.742447268 -0.347139037 0.232817519 -0.908455003 -0.347139037 0.232817519 -0.908455003 -0.347139037 0.232817519 -0.908455003 -0.347307011 0.233372512 -0.908248375 -0.347307011 0.233372512 -0.908248375 -0.347307011 0.233372512 -0.908248375 -0.189348276 0.127232338 -0.973631944 -0.189348276 0.127232338 -0.973631944 -0.189348276 0.127232338 -0.973631944 -0.189363814 0.127377838 -0.973609898 -0.189363814 0.127377838 -0.973609898 -0.189363814 0.127377838 -0.973609898 -0.0600875986 0.0404186431 -0.99737446 -0.0600875986 0.0404186431 -0.99737446 -0.0600875986 0.0404186431 -0.99737446 -0.0415908049 0.0726218714 0.996491981 -0.0415908049 0.0726218714 0.996491981 -0.0415908049 0.0726218714 0.996491981 -0.130088058 0.227147281 0.965132742 -0.130088058 0.227147281 0.965132742 -0.130088058 0.227147281 0.965132742 -0.129878236 0.227164804 0.965156876 -0.129878236 0.227164804 0.965156876 -0.129878236 0.227164804 0.965156876 -0.232863697 0.407292536 0.883112274 -0.232863697 0.407292536 0.883112274 -0.232863697 0.407292536 0.883112274 -0.233029545 0.407338814 0.88304718 -0.233029545 0.407338814 0.88304718 -0.233029545 0.407338814 0.88304718 -0.358660183 0.626942877 0.691596343 -0.358660183 0.626942877 0.691596343 -0.358660183 0.626942877 0.691596343 -0.358752985 0.626984497 0.691510474 -0.358752985 0.626984497 0.691510474 -0.358752985 0.626984497 0.691510474 -0.476076451 0.83202807 0.284746384 -0.476076451 0.83202807 0.284746384 -0.476076451 0.83202807 0.284746384 -0.475801465 0.831983319 0.285336158 -0.475801465 0.831983319 0.285336158 -0.475801465 0.831983319 0.285336158 -0.475889181 0.832136699 -0.284741989 -0.475889181 0.832136699 -0.284741989 -0.475889181 0.832136699 -0.284741989 -0.475984211 0.831866865 -0.285370897 -0.475984211 0.831866865 -0.285370897 -0.475984211 0.831866865 -0.285370897 -0.358711143 0.62691137 -0.691598474 -0.358711143 0.62691137 -0.691598474 -0.358711143 0.62691137 -0.691598474 -0.358709366 0.62702885 -0.691492886 -0.358709366 0.62702885 -0.691492886 -0.358709366 0.62702885 -0.691492886 -0.233283201 0.407782208 -0.88277552 -0.233283201 0.407782208 -0.88277552 -0.233283201 0.407782208 -0.88277552 -0.233269814 0.408002859 -0.882677099 -0.233269814 0.408002859 -0.882677099 -0.233269814 0.408002859 -0.882677099 -0.129928738 0.227253134 -0.965129285 -0.129928738 0.227253134 -0.965129285 -0.129928738 0.227253134 -0.965129285 -0.129991935 0.22697944 -0.96518518 -0.129991935 0.22697944 -0.96518518 -0.129991935 0.22697944 -0.96518518 -0.0415908049 0.0726218714 -0.996491981 -0.0415908049 0.0726218714 -0.996491981 -0.0415908049 0.0726218714 -0.996491981 -0.014799558 0.0905256962 0.995784149 -0.014799558 0.0905256962 0.995784149 -0.014799558 0.0905256962 0.995784149 -0.0459641193 0.28115258 0.958561697 -0.0459641193 0.28115258 0.958561697 -0.0459641193 0.28115258 0.958561697 -0.0462286312 0.281297636 0.958506418 -0.0462286312 0.281297636 0.958506418 -0.0462286312 0.281297636 0.958506418 -0.0817363441 0.497359315 0.863685638 -0.0817363441 0.497359315 0.863685638 -0.0817363441 0.497359315 0.863685638 -0.0812597643 0.496895499 0.863997519 -0.0812597643 0.496895499 0.863997519 -0.0812597643 0.496895499 0.863997519 -0.121551469 0.743275326 0.65785031 -0.121551469 0.743275326 0.65785031 -0.121551469 0.743275326 0.65785031 -0.121653829 0.743391951 0.657699591 -0.121653829 0.743391951 0.657699591 -0.121653829 0.743391951 0.657699591 -0.155834129 0.952258043 0.262526843 -0.155834129 0.952258043 0.262526843 -0.155834129 0.952258043 0.262526843 -0.156314258 0.952543127 0.261203836 -0.156314258 0.952543127 0.261203836 -0.156314258 0.952543127 0.261203836 -0.156256909 0.952193654 -0.262509092 -0.156256909 0.952193654 -0.262509092 -0.156256909 0.952193654 -0.262509092 -0.155894272 0.952625564 -0.26115419 -0.155894272 0.952625564 -0.26115419 -0.155894272 0.952625564 -0.26115419 -0.121633512 0.7432678 -0.657843649 -0.121633512 0.7432678 -0.657843649 -0.121633512 0.7432678 -0.657843649 -0.121575334 0.743421257 -0.657680981 -0.121575334 0.743421257 -0.657680981 -0.121575334 0.743421257 -0.657680981 -0.0814444185 0.498024642 -0.863329753 -0.0814444185 0.498024642 -0.863329753 -0.0814444185 0.498024642 -0.863329753 -0.0817343651 0.497347273 -0.86369276 -0.0817343651 0.497347273 -0.86369276 -0.0817343651 0.497347273 -0.86369276 -0.0462042801 0.281149462 -0.958551065 -0.0462042801 0.281149462 -0.958551065 -0.0462042801 0.281149462 -0.958551065 -0.046010227 0.281434611 -0.958476718 -0.046010227 0.281434611 -0.958476718 -0.046010227 0.281434611 -0.958476718 -0.014799558 0.0905256962 -0.995784149 -0.014799558 0.0905256962 -0.995784149 -0.014799558 0.0905256962 -0.995784149 -0.943007877 0.321328343 0.0865114968 -0.943007877 0.321328343 0.0865114968 -0.943007877 0.321328343 0.0865114968 -0.660331067 0.725152917 0.195233522 -0.660331067 0.725152917 0.195233522 -0.660331067 0.725152917 0.195233522 -0.660124872 0.725382035 0.195079617 -0.660124872 0.725382035 0.195079617 -0.660124872 0.725382035 0.195079617 -0.403088775 0.883759658 0.237672685 -0.403088775 0.883759658 0.237672685 -0.403088775 0.883759658 0.237672685 -0.401614492 0.884601951 0.23703415 -0.401614492 0.884601951 0.23703415 -0.401614492 0.884601951 0.23703415 -0.134353606 0.957166653 0.256478277 -0.134353606 0.957166653 0.256478277 -0.134353606 0.957166653 0.256478277 -0.133904974 0.957277487 0.256299183 -0.133904974 0.957277487 0.256299183 -0.133904974 0.957277487 0.256299183 0.117614271 0.959272402 0.256833297 0.117614271 0.959272402 0.256833297 0.117614271 0.959272402 0.256833297 0.118666846 0.959279066 0.256323729 0.118666846 0.959279066 0.256323729 0.118666846 0.959279066 0.256323729 0.123220029 0.958752622 0.256144946 0.123220029 0.958752622 0.256144946 0.123220029 0.958752622 0.256144946 0.12384369 0.958789427 0.255706032 0.12384369 0.958789427 0.255706032 0.12384369 0.958789427 0.255706032 0.119243323 0.95932536 0.255882557 0.119243323 0.95932536 0.255882557 0.119243323 0.95932536 0.255882557 0.118036171 0.959206962 0.256884148 0.118036171 0.959206962 0.256884148 0.118036171 0.959206962 0.256884148 0.105364081 0.960573169 0.257288939 0.105364081 0.960573169 0.257288939 0.105364081 0.960573169 0.257288939 0.103968961 0.960411022 0.258459134 0.103968961 0.960411022 0.258459134 0.103968961 0.960411022 0.258459134 0.0724748332 0.963168166 0.258948803 0.0724748332 0.963168166 0.258948803 0.0724748332 0.963168166 0.258948803 0.069765471 0.962857644 0.260840825 0.069765471 0.962857644 0.260840825 0.069765471 0.962857644 0.260840825 0.00427203165 0.965768301 0.259371043 0.00427203165 0.965768301 0.259371043 0.00427203165 0.965768301 0.259371043 0.00388211109 0.965713145 0.259582454 0.00388211109 0.965713145 0.259582454 0.00388211109 0.965713145 0.259582454 -0.0561608945 0.965181057 0.255482841 -0.0561608945 0.965181057 0.255482841 -0.0561608945 0.965181057 0.255482841 -0.0530277276 0.965747419 0.254007841 -0.0530277276 0.965747419 0.254007841 -0.0530277276 0.965747419 0.254007841 -0.0900772058 0.963996429 0.25019389 -0.0900772058 0.963996429 0.25019389 -0.0900772058 0.963996429 0.25019389 -0.0907447591 0.96386694 0.250451415 -0.0907447591 0.96386694 0.250451415 -0.0907447591 0.96386694 0.250451415 -0.108387862 0.962607681 0.248271068 -0.108387862 0.962607681 0.248271068 -0.108387862 0.962607681 0.248271068 -0.107296471 0.962811272 0.247955485 -0.107296471 0.962811272 0.247955485 -0.107296471 0.962811272 0.247955485 -0.0848788541 0.964328933 0.250729515 -0.0848788541 0.964328933 0.250729515 -0.0848788541 0.964328933 0.250729515 -0.0898413922 0.963621455 0.251718526 -0.0898413922 0.963621455 0.251718526 -0.0898413922 0.963621455 0.251718526 0.111464817 0.957253354 0.26691124 0.111464817 0.957253354 0.26691124 0.111464817 0.957253354 0.26691124 0.11370276 0.957221242 0.266081146 0.11370276 0.957221242 0.266081146 0.11370276 0.957221242 0.266081146 0.382823385 0.883829589 0.268870813 0.382823385 0.883829589 0.268870813 0.382823385 0.883829589 0.268870813 0.380238169 0.884514167 0.270284338 0.380238169 0.884514167 0.270284338 0.380238169 0.884514167 0.270284338 0.639522623 0.727068967 0.249762953 0.639522623 0.727068967 0.249762953 0.639522623 0.727068967 0.249762953 0.642305348 0.725578599 0.246940349 0.642305348 0.725578599 0.246940349 0.642305348 0.725578599 0.246940349 0.932885835 0.321358619 0.162642726 0.932885835 0.321358619 0.162642726 0.932885835 0.321358619 0.162642726 -0.942964131 0.235391851 0.235391851 -0.942964131 0.235391851 0.235391851 -0.942964131 0.235391851 0.235391851 -0.660213319 0.531092447 0.531092447 -0.660213319 0.531092447 0.531092447 -0.660213319 0.531092447 0.531092447 -0.660213319 0.531092447 0.531092447 -0.660213319 0.531092447 0.531092447 -0.660213319 0.531092447 0.531092447 -0.401612018 0.647575396 0.647575396 -0.401612018 0.647575396 0.647575396 -0.401612018 0.647575396 0.647575396 -0.40313676 0.646490125 0.647712336 -0.40313676 0.646490125 0.647712336 -0.40313676 0.646490125 0.647712336 -0.135562348 0.699917429 0.701240645 -0.135562348 0.699917429 0.701240645 -0.135562348 0.699917429 0.701240645 -0.133481729 0.700779076 0.700779076 -0.133481729 0.700779076 0.700779076 -0.133481729 0.700779076 0.700779076 0.118011134 0.702165711 0.702165711 0.118011134 0.702165711 0.702165711 0.118011134 0.702165711 0.702165711 0.119685511 0.702586171 0.701461368 0.119685511 0.702586171 0.701461368 0.119685511 0.702586171 0.701461368 0.127735733 0.701914307 0.700713842 0.127735733 0.701914307 0.700713842 0.127735733 0.701914307 0.700713842 0.127533315 0.7018337 0.700831443 0.127533315 0.7018337 0.700831443 0.127533315 0.7018337 0.700831443 0.122299277 0.702279117 0.701317994 0.122299277 0.702279117 0.701317994 0.122299277 0.702279117 0.701317994 0.121905459 0.70208484 0.701581026 0.121905459 0.70208484 0.701581026 0.121905459 0.70208484 0.701581026 0.10502248 0.703413366 0.702979313 0.10502248 0.703413366 0.702979313 0.10502248 0.703413366 0.702979313 0.104078804 0.702927745 0.703605137 0.104078804 0.702927745 0.703605137 0.104078804 0.702927745 0.703605137 0.0660022624 0.705350097 0.70577967 0.0660022624 0.705350097 0.70577967 0.0660022624 0.705350097 0.70577967 0.0642373667 0.704567723 0.706723344 0.0642373667 0.704567723 0.706723344 0.0642373667 0.704567723 0.706723344 -0.0171840282 0.707290637 0.70671399 -0.0171840282 0.707290637 0.70671399 -0.0171840282 0.707290637 0.70671399 -0.0183732115 0.706812171 0.707162626 -0.0183732115 0.706812171 0.707162626 -0.0183732115 0.706812171 0.707162626 -0.0917161458 0.70642567 0.701819722 -0.0917161458 0.70642567 0.701819722 -0.0917161458 0.70642567 0.701819722 -0.0911881566 0.706649963 0.701662704 -0.0911881566 0.706649963 0.701662704 -0.0911881566 0.706649963 0.701662704 -0.135604156 0.705041069 0.696080889 -0.135604156 0.705041069 0.696080889 -0.135604156 0.705041069 0.696080889 -0.133009327 0.706098566 0.695509407 -0.133009327 0.706098566 0.695509407 -0.133009327 0.706098566 0.695509407 -0.152781346 0.705090348 0.692463329 -0.152781346 0.705090348 0.692463329 -0.152781346 0.705090348 0.692463329 -0.156413775 0.703776546 0.692988675 -0.156413775 0.703776546 0.692988675 -0.156413775 0.703776546 0.692988675 -0.131873677 0.70498601 0.696852968 -0.131873677 0.70498601 0.696852968 -0.131873677 0.70498601 0.696852968 -0.129143429 0.705767771 0.696572916 -0.129143429 0.705767771 0.696572916 -0.129143429 0.705767771 0.696572916 0.0771243356 0.701052389 0.708926925 0.0771243356 0.701052389 0.708926925 0.0771243356 0.701052389 0.708926925 0.0744948241 0.700486657 0.709766839 0.0744948241 0.700486657 0.709766839 0.0744948241 0.700486657 0.709766839 0.347156441 0.647055833 0.678823361 0.347156441 0.647055833 0.678823361 0.347156441 0.647055833 0.678823361 0.348802725 0.647193932 0.677847087 0.348802725 0.647193932 0.677847087 0.348802725 0.647193932 0.677847087 0.612952552 0.531893254 0.584276249 0.612952552 0.531893254 0.584276249 0.612952552 0.531893254 0.584276249 0.611186657 0.531743356 0.58625922 0.611186657 0.531743356 0.58625922 0.611186657 0.531743356 0.58625922 0.920460938 0.234333683 0.312792882 0.920460938 0.234333683 0.312792882 0.920460938 0.234333683 0.312792882 -0.943007877 0.0865114968 0.321328343 -0.943007877 0.0865114968 0.321328343 -0.943007877 0.0865114968 0.321328343 -0.660097095 0.19528699 0.725351512 -0.660097095 0.19528699 0.725351512 -0.660097095 0.19528699 0.725351512 -0.660303529 0.195038832 0.72523038 -0.660303529 0.195038832 0.72523038 -0.660303529 0.195038832 0.72523038 -0.399327339 0.23810056 0.885350665 -0.399327339 0.23810056 0.885350665 -0.399327339 0.23810056 0.885350665 -0.400805216 0.237126035 0.884944305 -0.400805216 0.237126035 0.884944305 -0.400805216 0.237126035 0.884944305 -0.136693914 0.256395572 0.9568574 -0.136693914 0.256395572 0.9568574 -0.136693914 0.256395572 0.9568574 -0.135129153 0.257130162 0.956882538 -0.135129153 0.257130162 0.956882538 -0.135129153 0.257130162 0.956882538 0.120176378 0.257629606 0.958741167 0.120176378 0.257629606 0.958741167 0.120176378 0.257629606 0.958741167 0.117925069 0.256661521 0.959280221 0.117925069 0.256661521 0.959280221 0.117925069 0.256661521 0.959280221 0.129907659 0.256306017 0.957826302 0.129907659 0.256306017 0.957826302 0.129907659 0.256306017 0.957826302 0.130482074 0.256667844 0.957651318 0.130482074 0.256667844 0.957651318 0.130482074 0.256667844 0.957651318 0.124872355 0.256839477 0.958352951 0.124872355 0.256839477 0.958352951 0.124872355 0.256839477 0.958352951 0.123356381 0.255694735 0.958855258 0.123356381 0.255694735 0.958855258 0.123356381 0.255694735 0.958855258 0.10365777 0.256274628 0.961029855 0.10365777 0.256274628 0.961029855 0.10365777 0.256274628 0.961029855 0.105047824 0.257349017 0.960591712 0.105047824 0.257349017 0.960591712 0.105047824 0.257349017 0.960591712 0.0626817154 0.25839852 0.964002701 0.0626817154 0.25839852 0.964002701 0.0626817154 0.25839852 0.964002701 0.0618761997 0.257873618 0.964195278 0.0618761997 0.257873618 0.964195278 0.0618761997 0.257873618 0.964195278 -0.0318252271 0.25895273 0.965365547 -0.0318252271 0.25895273 0.965365547 -0.0318252271 0.25895273 0.965365547 -0.031111468 0.259347626 0.965282801 -0.031111468 0.259347626 0.965282801 -0.031111468 0.259347626 0.965282801 -0.110501211 0.259226765 0.959474318 -0.110501211 0.259226765 0.959474318 -0.110501211 0.259226765 0.959474318 -0.111640893 0.25859317 0.959513358 -0.111640893 0.25859317 0.959513358 -0.111640893 0.25859317 0.959513358 -0.16013221 0.257982166 0.9527869 -0.16013221 0.257982166 0.9527869 -0.16013221 0.257982166 0.9527869 -0.161950738 0.257040071 0.95273415 -0.161950738 0.257040071 0.95273415 -0.161950738 0.257040071 0.95273415 -0.182396925 0.256642156 0.949139698 -0.182396925 0.256642156 0.949139698 -0.182396925 0.256642156 0.949139698 -0.179305353 0.258021533 0.94935477 -0.179305353 0.258021533 0.94935477 -0.179305353 0.258021533 0.94935477 -0.153567946 0.25846301 0.953736734 -0.153567946 0.25846301 0.953736734 -0.153567946 0.25846301 0.953736734 -0.156174247 0.257517828 0.953569176 -0.156174247 0.257517828 0.953569176 -0.156174247 0.257517828 0.953569176 0.0527123474 0.255789385 0.965294359 0.0527123474 0.255789385 0.965294359 0.0527123474 0.255789385 0.965294359 0.0548061346 0.256609678 0.964959979 0.0548061346 0.256609678 0.964959979 0.0548061346 0.256609678 0.964959979 0.328101852 0.236986828 0.914432293 0.328101852 0.236986828 0.914432293 0.328101852 0.236986828 0.914432293 0.327583857 0.236771752 0.914673687 0.327583857 0.236771752 0.914673687 0.327583857 0.236771752 0.914673687 0.597706753 0.194481223 0.777768405 0.597706753 0.194481223 0.777768405 0.597706753 0.194481223 0.777768405 0.596840632 0.193887048 0.778581449 0.596840632 0.193887048 0.778581449 0.596840632 0.193887048 0.778581449 0.913167998 0.0850354942 0.398614063 0.913167998 0.0850354942 0.398614063 0.913167998 0.0850354942 0.398614063 -0.943007877 -0.0865114968 0.321328343 -0.943007877 -0.0865114968 0.321328343 -0.943007877 -0.0865114968 0.321328343 -0.660331067 -0.195233522 0.725152917 -0.660331067 -0.195233522 0.725152917 -0.660331067 -0.195233522 0.725152917 -0.660124872 -0.195079617 0.725382035 -0.660124872 -0.195079617 0.725382035 -0.660124872 -0.195079617 0.725382035 -0.400888754 -0.237923525 0.884692378 -0.400888754 -0.237923525 0.884692378 -0.400888754 -0.237923525 0.884692378 -0.39940952 -0.237283744 0.885532868 -0.39940952 -0.237283744 0.885532868 -0.39940952 -0.237283744 0.885532868 -0.135103365 -0.256452042 0.957068143 -0.135103365 -0.256452042 0.957068143 -0.135103365 -0.256452042 0.957068143 -0.136668376 -0.257075369 0.956678634 -0.136668376 -0.257075369 0.956678634 -0.136668376 -0.257075369 0.956678634 0.117958936 -0.257698614 0.958997974 0.117958936 -0.257698614 0.958997974 0.117958936 -0.257698614 0.958997974 0.120210559 -0.256596641 0.959013861 0.120210559 -0.256596641 0.959013861 0.120210559 -0.256596641 0.959013861 0.130470585 -0.256288382 0.957754505 0.130470585 -0.256288382 0.957754505 0.130470585 -0.256288382 0.957754505 0.129894099 -0.256686225 0.95772632 0.129894099 -0.256686225 0.95772632 0.129894099 -0.256686225 0.95772632 0.123394222 -0.256883314 0.958532644 0.123394222 -0.256883314 0.958532644 0.123394222 -0.256883314 0.958532644 0.124913284 -0.25564455 0.958667062 0.124913284 -0.25564455 0.958667062 0.124913284 -0.25564455 0.958667062 0.105015572 -0.256237925 0.960892218 0.105015572 -0.256237925 0.960892218 0.105015572 -0.256237925 0.960892218 0.10362593 -0.257391877 0.960734661 0.10362593 -0.257391877 0.960734661 0.10362593 -0.257391877 0.960734661 0.0618900731 -0.258413665 0.96404979 0.0618900731 -0.258413665 0.96404979 0.0618900731 -0.258413665 0.96404979 0.0626911511 -0.257854241 0.964147815 0.0626911511 -0.257854241 0.964147815 0.0626911511 -0.257854241 0.964147815 -0.0311194453 -0.258953103 0.965388456 -0.0311194453 -0.258953103 0.965388456 -0.0311194453 -0.258953103 0.965388456 -0.0318216811 -0.259353823 0.965257984 -0.0318216811 -0.259353823 0.965257984 -0.0318216811 -0.259353823 0.965257984 -0.111634444 -0.259213088 0.959346823 -0.111634444 -0.259213088 0.959346823 -0.111634444 -0.259213088 0.959346823 -0.110520435 -0.258599943 0.959641237 -0.110520435 -0.258599943 0.959641237 -0.110520435 -0.258599943 0.959641237 -0.161941818 -0.25794725 0.952490453 -0.161941818 -0.25794725 0.952490453 -0.161941818 -0.25794725 0.952490453 -0.16017253 -0.257069386 0.953026805 -0.16017253 -0.257069386 0.953026805 -0.16017253 -0.257069386 0.953026805 -0.179312342 -0.256709382 0.949709101 -0.179312342 -0.256709382 0.949709101 -0.179312342 -0.256709382 0.949709101 -0.18233081 -0.25795791 0.948795654 -0.18233081 -0.25795791 0.948795654 -0.18233081 -0.25795791 0.948795654 -0.156167627 -0.258426487 0.953324406 -0.156167627 -0.258426487 0.953324406 -0.156167627 -0.258426487 0.953324406 -0.153606037 -0.257565793 0.953973295 -0.153606037 -0.257565793 0.953973295 -0.153606037 -0.257565793 0.953973295 0.0547509758 -0.255716944 0.96520007 0.0547509758 -0.255716944 0.96520007 0.0547509758 -0.255716944 0.96520007 0.0526994307 -0.256683012 0.965057823 0.0526994307 -0.256683012 0.965057823 0.0526994307 -0.256683012 0.965057823 0.327618462 -0.237040262 0.914591744 0.327618462 -0.237040262 0.914591744 0.327618462 -0.237040262 0.914591744 0.328124432 -0.236712579 0.914495223 0.328124432 -0.236712579 0.914495223 0.328124432 -0.236712579 0.914495223 0.596971317 -0.194637122 0.778294056 0.596971317 -0.194637122 0.778294056 0.596971317 -0.194637122 0.778294056 0.597803228 -0.193680955 0.777893944 0.597803228 -0.193680955 0.777893944 0.597803228 -0.193680955 0.777893944 0.913167998 -0.0850354942 0.398614063 0.913167998 -0.0850354942 0.398614063 0.913167998 -0.0850354942 0.398614063 -0.942964131 -0.235391851 0.235391851 -0.942964131 -0.235391851 0.235391851 -0.942964131 -0.235391851 0.235391851 -0.660213319 -0.531092447 0.531092447 -0.660213319 -0.531092447 0.531092447 -0.660213319 -0.531092447 0.531092447 -0.660213319 -0.531092447 0.531092447 -0.660213319 -0.531092447 0.531092447 -0.660213319 -0.531092447 0.531092447 -0.403221951 -0.64707498 0.64707498 -0.403221951 -0.64707498 0.64707498 -0.403221951 -0.64707498 0.64707498 -0.401695573 -0.646937666 0.648160723 -0.401695573 -0.646937666 0.648160723 -0.401695573 -0.646937666 0.648160723 -0.133446849 -0.700120285 0.701443885 -0.133446849 -0.700120285 0.701443885 -0.133446849 -0.700120285 0.701443885 -0.135529548 -0.700582522 0.700582522 -0.135529548 -0.700582522 0.700582522 -0.135529548 -0.700582522 0.700582522 0.119663501 -0.702025871 0.702025871 0.119663501 -0.702025871 0.702025871 0.119663501 -0.702025871 0.702025871 0.117986595 -0.702721972 0.701613136 0.117986595 -0.702721972 0.701613136 0.117986595 -0.702721972 0.701613136 0.127536812 -0.701931474 0.700732879 0.127536812 -0.701931474 0.700732879 0.127536812 -0.701931474 0.700732879 0.127741227 -0.701815597 0.700811706 0.127741227 -0.701815597 0.700811706 0.127741227 -0.701815597 0.700811706 0.121914164 -0.702311108 0.70135301 0.121914164 -0.702311108 0.70135301 0.121914164 -0.702311108 0.70135301 0.122310473 -0.702050443 0.701544955 0.122310473 -0.702050443 0.701544955 0.122310473 -0.702050443 0.701544955 0.104102543 -0.703479858 0.703049607 0.104102543 -0.703479858 0.703049607 0.104102543 -0.703479858 0.703049607 0.105044621 -0.702852798 0.703536476 0.105044621 -0.702852798 0.703536476 0.105044621 -0.702852798 0.703536476 0.0642787206 -0.705435265 0.70585362 0.0642787206 -0.705435265 0.70585362 0.0642787206 -0.705435265 0.70585362 0.0660140635 -0.704455874 0.706671115 0.0660140635 -0.704455874 0.706671115 0.0660140635 -0.704455874 0.706671115 -0.0183456172 -0.707295525 0.706679899 -0.0183456172 -0.707295525 0.706679899 -0.0183456172 -0.707295525 0.706679899 -0.0172071289 -0.706787465 0.707216653 -0.0172071289 -0.706787465 0.707216653 -0.0172071289 -0.706787465 0.707216653 -0.0912016305 -0.706441741 0.701870593 -0.0912016305 -0.706441741 0.701870593 -0.0912016305 -0.706441741 0.701870593 -0.0916966564 -0.706639588 0.701606881 -0.0916966564 -0.706639588 0.701606881 -0.0916966564 -0.706639588 0.701606881 -0.13307556 -0.705171009 0.696437179 -0.13307556 -0.705171009 0.696437179 -0.13307556 -0.705171009 0.696437179 -0.135484935 -0.705987978 0.695143732 -0.135484935 -0.705987978 0.695143732 -0.135484935 -0.705987978 0.695143732 -0.156328705 -0.704879135 0.691886364 -0.156328705 -0.704879135 0.691886364 -0.156328705 -0.704879135 0.691886364 -0.15292913 -0.703975138 0.693564479 -0.15292913 -0.703975138 0.693564479 -0.15292913 -0.703975138 0.693564479 -0.12919505 -0.705091438 0.69724795 -0.12919505 -0.705091438 0.69724795 -0.12919505 -0.705091438 0.69724795 -0.131797256 -0.705630109 0.69621522 -0.131797256 -0.705630109 0.69621522 -0.131797256 -0.705630109 0.69621522 0.0746028814 -0.701292752 0.708959016 0.0746028814 -0.701292752 0.708959016 0.0746028814 -0.701292752 0.708959016 0.0770961946 -0.700238266 0.709734139 0.0770961946 -0.700238266 0.709734139 0.0770961946 -0.700238266 0.709734139 0.348661572 -0.64659758 0.678488525 0.348661572 -0.64659758 0.678488525 0.348661572 -0.64659758 0.678488525 0.347118938 -0.647707086 0.678221183 0.347118938 -0.647707086 0.678221183 0.347118938 -0.647707086 0.678221183 0.611505158 -0.532748632 0.585013108 0.611505158 -0.532748632 0.585013108 0.611505158 -0.532748632 0.585013108 0.613081867 -0.53062539 0.585292508 0.613081867 -0.53062539 0.585292508 0.613081867 -0.53062539 0.585292508 0.920460938 -0.234333683 0.312792882 0.920460938 -0.234333683 0.312792882 0.920460938 -0.234333683 0.312792882 -0.943007877 -0.321328343 0.0865114968 -0.943007877 -0.321328343 0.0865114968 -0.943007877 -0.321328343 0.0865114968 -0.660097095 -0.725351512 0.19528699 -0.660097095 -0.725351512 0.19528699 -0.660097095 -0.725351512 0.19528699 -0.660303529 -0.72523038 0.195038832 -0.660303529 -0.72523038 0.195038832 -0.660303529 -0.72523038 0.195038832 -0.401532017 -0.88442029 0.237850351 -0.401532017 -0.88442029 0.237850351 -0.401532017 -0.88442029 0.237850351 -0.403006025 -0.884011291 0.236875879 -0.403006025 -0.884011291 0.236875879 -0.403006025 -0.884011291 0.236875879 -0.133897805 -0.957226243 0.256494244 -0.133897805 -0.957226243 0.256494244 -0.133897805 -0.957226243 0.256494244 -0.134346764 -0.957219725 0.256283718 -0.134346764 -0.957219725 0.256283718 -0.134346764 -0.957219725 0.256283718 0.118655651 -0.959152726 0.256801255 0.118655651 -0.959152726 0.256801255 0.118655651 -0.959152726 0.256801255 0.117597057 -0.959399787 0.256364938 0.117597057 -0.959399787 0.256364938 0.117597057 -0.959399787 0.256364938 0.123833154 -0.958680168 0.256120452 0.123833154 -0.958680168 0.256120452 0.123833154 -0.958680168 0.256120452 0.123202227 -0.958865411 0.255730982 0.123202227 -0.958865411 0.255730982 0.123202227 -0.958865411 0.255730982 0.118061843 -0.959459628 0.25592699 0.118061843 -0.959459628 0.25592699 0.118061843 -0.959459628 0.25592699 0.119280188 -0.959064315 0.256842123 0.119280188 -0.959064315 0.256842123 0.119280188 -0.959064315 0.256842123 0.104003534 -0.960710465 0.257329882 0.104003534 -0.960710465 0.257329882 0.104003534 -0.960710465 0.257329882 0.105394208 -0.960263284 0.258430814 0.105394208 -0.960263284 0.258430814 0.105394208 -0.960263284 0.258430814 0.0698391982 -0.963355011 0.258978008 0.0698391982 -0.963355011 0.258978008 0.0698391982 -0.963355011 0.258978008 0.0724805038 -0.9626471 0.260877629 0.0724805038 -0.9626471 0.260877629 0.0724805038 -0.9626471 0.260877629 0.00389419469 -0.965773044 0.25935933 0.00389419469 -0.965773044 0.25935933 0.00389419469 -0.965773044 0.25935933 0.00426131336 -0.965705389 0.25960536 0.00426131336 -0.965705389 0.25960536 0.00426131336 -0.965705389 0.25960536 -0.0531493709 -0.965291197 0.255710871 -0.0531493709 -0.965291197 0.255710871 -0.0531493709 -0.965291197 0.255710871 -0.0560042813 -0.965656434 0.253714744 -0.0560042813 -0.965656434 0.253714744 -0.0560042813 -0.965656434 0.253714744 -0.0907196368 -0.963954173 0.25012457 -0.0907196368 -0.963954173 0.25012457 -0.0907196368 -0.963954173 0.25012457 -0.0901155103 -0.963906165 0.250527645 -0.0901155103 -0.963906165 0.250527645 -0.0901155103 -0.963906165 0.250527645 -0.107334851 -0.962691495 0.248403534 -0.107334851 -0.962691495 0.248403534 -0.107334851 -0.962691495 0.248403534 -0.108329439 -0.962729341 0.247824431 -0.108329439 -0.962729341 0.247824431 -0.108329439 -0.962729341 0.247824431 -0.0897113602 -0.964043791 0.25014284 -0.0897113602 -0.964043791 0.25014284 -0.0897113602 -0.964043791 0.25014284 -0.0850498375 -0.963929346 0.252203768 -0.0850498375 -0.963929346 0.252203768 -0.0850498375 -0.963929346 0.252203768 0.113590239 -0.956974601 0.267014738 0.113590239 -0.956974601 0.267014738 0.113590239 -0.956974601 0.267014738 0.111508411 -0.957508817 0.265975075 0.111508411 -0.957508817 0.265975075 0.111508411 -0.957508817 0.265975075 0.380487102 -0.884816714 0.268940415 0.380487102 -0.884816714 0.268940415 0.380487102 -0.884816714 0.268940415 0.382850211 -0.883410237 0.270207456 0.382850211 -0.883410237 0.270207456 0.382850211 -0.883410237 0.270207456 0.641756445 -0.72520584 0.249449704 0.641756445 -0.72520584 0.249449704 0.641756445 -0.72520584 0.249449704 0.639382687 -0.728015515 0.247352357 0.639382687 -0.728015515 0.247352357 0.639382687 -0.728015515 0.247352357 0.932885835 -0.321358619 0.162642726 0.932885835 -0.321358619 0.162642726 0.932885835 -0.321358619 0.162642726 -0.943022122 -0.321333197 -0.0863380249 -0.943022122 -0.321333197 -0.0863380249 -0.943022122 -0.321333197 -0.0863380249 -0.660280622 -0.725294685 -0.194877191 -0.660280622 -0.725294685 -0.194877191 -0.660280622 -0.725294685 -0.194877191 -0.660163612 -0.725424605 -0.194790009 -0.660163612 -0.725424605 -0.194790009 -0.660163612 -0.725424605 -0.194790009 -0.402463616 -0.884117274 -0.237401944 -0.402463616 -0.884117274 -0.237401944 -0.402463616 -0.884117274 -0.237401944 -0.401614492 -0.884601951 -0.23703415 -0.401614492 -0.884601951 -0.23703415 -0.401614492 -0.884601951 -0.23703415 -0.135103018 -0.957068229 -0.256451903 -0.135103018 -0.957068229 -0.256451903 -0.135103018 -0.957068229 -0.256451903 -0.133916726 -0.957361507 -0.255979013 -0.133916726 -0.957361507 -0.255979013 -0.133916726 -0.957361507 -0.255979013 0.119064642 -0.95919115 -0.256468222 0.119064642 -0.95919115 -0.256468222 0.119064642 -0.95919115 -0.256468222 0.11418859 -0.959176364 -0.25873088 0.11418859 -0.959176364 -0.25873088 0.11418859 -0.959176364 -0.25873088 0.118217096 -0.958711409 -0.258644838 0.118217096 -0.958711409 -0.258644838 0.118217096 -0.958711409 -0.258644838 0.119705101 -0.958799205 -0.25763302 0.119705101 -0.958799205 -0.25763302 0.119705101 -0.958799205 -0.25763302 0.114752781 -0.959374636 -0.257744266 0.114752781 -0.959374636 -0.257744266 0.114752781 -0.959374636 -0.257744266 0.115344523 -0.959433069 -0.257262176 0.115344523 -0.959433069 -0.257262176 0.115344523 -0.959433069 -0.257262176 0.103965606 -0.960654306 -0.257554765 0.103965606 -0.960654306 -0.257554765 0.103965606 -0.960654306 -0.257554765 0.104926371 -0.96077031 -0.256731121 0.104926371 -0.96077031 -0.256731121 0.104926371 -0.96077031 -0.256731121 0.0769406128 -0.963172237 -0.25764197 0.0769406128 -0.963172237 -0.25764197 0.0769406128 -0.963172237 -0.25764197 0.079559739 -0.963504991 -0.255594172 0.079559739 -0.963504991 -0.255594172 0.079559739 -0.963504991 -0.255594172 0.0288022901 -0.965754068 -0.257855596 0.0288022901 -0.965754068 -0.257855596 0.0288022901 -0.965754068 -0.257855596 0.029476674 -0.965861768 -0.257375543 0.029476674 -0.965861768 -0.257375543 0.029476674 -0.965861768 -0.257375543 -0.012082214 -0.965509326 -0.260087989 -0.012082214 -0.965509326 -0.260087989 -0.012082214 -0.965509326 -0.260087989 -0.0116775461 -0.965591133 -0.259802615 -0.0116775461 -0.965591133 -0.259802615 -0.0116775461 -0.965591133 -0.259802615 -0.0379966234 -0.964363346 -0.261838868 -0.0379966234 -0.964363346 -0.261838868 -0.0379966234 -0.964363346 -0.261838868 -0.0416406254 -0.963572866 -0.264184387 -0.0416406254 -0.963572866 -0.264184387 -0.0416406254 -0.963572866 -0.264184387 -0.0525312639 -0.962786526 -0.265108602 -0.0525312639 -0.962786526 -0.265108602 -0.0525312639 -0.962786526 -0.265108602 -0.0519219647 -0.962909598 -0.264781449 -0.0519219647 -0.962909598 -0.264781449 -0.0519219647 -0.962909598 -0.264781449 -0.0428308888 -0.963571126 -0.264000378 -0.0428308888 -0.963571126 -0.264000378 -0.0428308888 -0.963571126 -0.264000378 -0.0382419152 -0.964245909 -0.262235356 -0.0382419152 -0.964245909 -0.262235356 -0.0382419152 -0.964245909 -0.262235356 0.155021856 -0.957265195 -0.24415481 0.155021856 -0.957265195 -0.24415481 0.155021856 -0.957265195 -0.24415481 0.156031064 -0.957249021 -0.24357467 0.156031064 -0.957249021 -0.24357467 0.156031064 -0.957249021 -0.24357467 0.420663412 -0.884448769 -0.201971951 0.420663412 -0.884448769 -0.201971951 0.420663412 -0.884448769 -0.201971951 0.419519635 -0.884785664 -0.202873372 0.419519635 -0.884785664 -0.202873372 0.419519635 -0.884785664 -0.202873372 0.673395654 -0.726148887 -0.138730271 0.673395654 -0.726148887 -0.138730271 0.673395654 -0.726148887 -0.138730271 0.674244578 -0.725591703 -0.137517016 0.674244578 -0.725591703 -0.137517016 0.674244578 -0.725591703 -0.137517016 0.946928624 -0.321387945 -0.00599743719 0.946928624 -0.321387945 -0.00599743719 0.946928624 -0.321387945 -0.00599743719 -0.943041463 -0.2352369 -0.2352369 -0.943041463 -0.2352369 -0.2352369 -0.943041463 -0.2352369 -0.2352369 -0.660213373 -0.531092413 -0.531092413 -0.660213373 -0.531092413 -0.531092413 -0.660213373 -0.531092413 -0.531092413 -0.660213277 -0.531092541 -0.531092404 -0.660213277 -0.531092541 -0.531092404 -0.660213277 -0.531092541 -0.531092404 -0.40261374 -0.647264394 -0.647264228 -0.40261374 -0.647264394 -0.647264228 -0.40261374 -0.647264394 -0.647264228 -0.40166591 -0.647937491 -0.647179654 -0.40166591 -0.647937491 -0.647179654 -0.40166591 -0.647937491 -0.647179654 -0.135128186 -0.70074875 -0.700493799 -0.135128186 -0.70074875 -0.700493799 -0.135128186 -0.70074875 -0.700493799 -0.135529298 -0.700582547 -0.700582547 -0.135529298 -0.700582547 -0.700582547 -0.135529298 -0.700582547 -0.700582547 0.117385832 -0.702218117 -0.702218117 0.117385832 -0.702218117 -0.702218117 0.117385832 -0.702218117 -0.702218117 0.115996342 -0.701897251 -0.702769591 0.115996342 -0.701897251 -0.702769591 0.115996342 -0.701897251 -0.702769591 0.115896678 -0.701905852 -0.702777443 0.115896678 -0.701905852 -0.702777443 0.115896678 -0.701905852 -0.702777443 0.114423858 -0.701320878 -0.703602307 0.114423858 -0.701320878 -0.703602307 0.114423858 -0.701320878 -0.703602307 0.11139719 -0.701575767 -0.703833865 0.11139719 -0.701575767 -0.703833865 0.11139719 -0.701575767 -0.703833865 0.111891702 -0.701823604 -0.703508263 0.111891702 -0.701823604 -0.703508263 0.111891702 -0.701823604 -0.703508263 0.101925699 -0.702590879 -0.704256494 0.101925699 -0.702590879 -0.704256494 0.101925699 -0.702590879 -0.704256494 0.105086796 -0.704294037 -0.70208737 0.105086796 -0.704294037 -0.70208737 0.105086796 -0.704294037 -0.70208737 0.0839989694 -0.705643321 -0.703570663 0.0839989694 -0.705643321 -0.703570663 0.0839989694 -0.705643321 -0.703570663 0.08467717 -0.705986492 -0.703144971 0.08467717 -0.705986492 -0.703144971 0.08467717 -0.705986492 -0.703144971 0.0513112355 -0.707035721 -0.705313864 0.0513112355 -0.707035721 -0.705313864 0.0513112355 -0.707035721 -0.705313864 0.0514667499 -0.707111502 -0.705226557 0.0514667499 -0.707111502 -0.705226557 0.0514667499 -0.707111502 -0.705226557 0.0241219707 -0.706919905 -0.706882153 0.0241219707 -0.706919905 -0.706882153 0.0241219707 -0.706919905 -0.706882153 0.0247550028 -0.707232757 -0.706547251 0.0247550028 -0.707232757 -0.706547251 0.0247550028 -0.707232757 -0.706547251 0.0078439997 -0.706656183 -0.707513612 0.0078439997 -0.706656183 -0.707513612 0.0078439997 -0.706656183 -0.707513612 0.00422038764 -0.704995817 -0.709198904 0.00422038764 -0.704995817 -0.709198904 0.00422038764 -0.704995817 -0.709198904 -0.00465044967 -0.704537316 -0.709651706 -0.00465044967 -0.704537316 -0.709651706 -0.00465044967 -0.704537316 -0.709651706 -0.00454513608 -0.70457778 -0.709612213 -0.00454513608 -0.70457778 -0.709612213 -0.00454513608 -0.70457778 -0.709612213 -0.00744190564 -0.704409736 -0.709754565 -0.00744190564 -0.704409736 -0.709754565 -0.00744190564 -0.704409736 -0.709754565 9.1358285e-05 -0.706360292 -0.707852477 9.1358285e-05 -0.706360292 -0.707852477 9.1358285e-05 -0.706360292 -0.707852477 0.194740493 -0.700848905 -0.686212032 0.194740493 -0.700848905 -0.686212032 0.194740493 -0.700848905 -0.686212032 0.193148117 -0.700482562 -0.687035651 0.193148117 -0.700482562 -0.687035651 0.193148117 -0.700482562 -0.687035651 0.454164467 -0.647717815 -0.61171584 0.454164467 -0.647717815 -0.61171584 0.454164467 -0.647717815 -0.61171584 0.454464725 -0.647746688 -0.611462216 0.454464725 -0.647746688 -0.611462216 0.454464725 -0.647746688 -0.611462216 0.702170403 -0.531259051 -0.474046987 0.702170403 -0.531259051 -0.474046987 0.702170403 -0.531259051 -0.474046987 0.701922438 -0.531233739 -0.474442416 0.701922438 -0.531233739 -0.474442416 0.701922438 -0.531233739 -0.474442416 0.959477914 -0.234878183 -0.155673927 0.959477914 -0.234878183 -0.155673927 0.959477914 -0.234878183 -0.155673927 -0.943060749 -0.0858658287 -0.321346359 -0.943060749 -0.0858658287 -0.321346359 -0.943060749 -0.0858658287 -0.321346359 -0.660285749 -0.193874016 -0.725558816 -0.660285749 -0.193874016 -0.725558816 -0.660285749 -0.193874016 -0.725558816 -0.660159807 -0.194025455 -0.725632932 -0.660159807 -0.194025455 -0.725632932 -0.660159807 -0.194025455 -0.725632932 -0.402664077 -0.236446312 -0.884282072 -0.402664077 -0.236446312 -0.884282072 -0.402664077 -0.236446312 -0.884282072 -0.401805697 -0.237012441 -0.884520935 -0.401805697 -0.237012441 -0.884520935 -0.401805697 -0.237012441 -0.884520935 -0.136295858 -0.256409617 -0.956910418 -0.136295858 -0.256409617 -0.956910418 -0.136295858 -0.256409617 -0.956910418 -0.134735138 -0.257144086 -0.956934356 -0.134735138 -0.257144086 -0.956934356 -0.134735138 -0.257144086 -0.956934356 0.118073092 -0.257695093 -0.958984871 0.118073092 -0.257695093 -0.958984871 0.118073092 -0.257695093 -0.958984871 0.114241827 -0.256175719 -0.959855617 0.114241827 -0.256175719 -0.959855617 0.114241827 -0.256175719 -0.959855617 0.111821334 -0.256253029 -0.960119979 0.111821334 -0.256253029 -0.960119979 0.111821334 -0.256253029 -0.960119979 0.114533521 -0.257960386 -0.95934275 0.114533521 -0.257960386 -0.95934275 0.114533521 -0.257960386 -0.95934275 0.110122913 -0.25809585 -0.959822627 0.110122913 -0.25809585 -0.959822627 0.110122913 -0.25809585 -0.959822627 0.109318549 -0.257476214 -0.960080962 0.109318549 -0.257476214 -0.960080962 0.109318549 -0.257476214 -0.960080962 0.10358579 -0.257635194 -0.960673769 0.10358579 -0.257635194 -0.960673769 0.10358579 -0.257635194 -0.960673769 0.102331336 -0.256613363 -0.96108162 0.102331336 -0.256613363 -0.96108162 0.102331336 -0.256613363 -0.96108162 0.0874963071 -0.256933845 -0.962460075 0.0874963071 -0.256933845 -0.962460075 0.0874963071 -0.256933845 -0.962460075 0.0895636613 -0.258483634 -0.961854751 0.0895636613 -0.258483634 -0.961854751 0.0895636613 -0.258483634 -0.961854751 0.0649717689 -0.258789569 -0.963746143 0.0649717689 -0.258789569 -0.963746143 0.0649717689 -0.258789569 -0.963746143 0.0636943202 -0.25791997 -0.96406448 0.0636943202 -0.25791997 -0.96406448 0.0636943202 -0.25791997 -0.96406448 0.044267789 -0.257892099 -0.965159069 0.044267789 -0.257892099 -0.965159069 0.044267789 -0.257892099 -0.965159069 0.044988362 -0.258357769 -0.965001197 0.044988362 -0.258357769 -0.965001197 0.044988362 -0.258357769 -0.965001197 0.0317446876 -0.258207386 -0.965567823 0.0317446876 -0.258207386 -0.965567823 0.0317446876 -0.258207386 -0.965567823 0.0321534918 -0.258440555 -0.965491912 0.0321534918 -0.258440555 -0.965491912 0.0321534918 -0.258440555 -0.965491912 0.0230737333 -0.258275059 -0.965795836 0.0230737333 -0.258275059 -0.965795836 0.0230737333 -0.258275059 -0.965795836 0.0224754156 -0.258001089 -0.965883168 0.0224754156 -0.258001089 -0.965883168 0.0224754156 -0.258001089 -0.965883168 0.0213462064 -0.257977719 -0.965915025 0.0213462064 -0.257977719 -0.965915025 0.0213462064 -0.257977719 -0.965915025 0.0201892164 -0.257646325 -0.966028347 0.0201892164 -0.257646325 -0.966028347 0.0201892164 -0.257646325 -0.966028347 0.213544912 -0.255674299 -0.942883462 0.213544912 -0.255674299 -0.942883462 0.213544912 -0.255674299 -0.942883462 0.215736664 -0.256572434 -0.942140264 0.215736664 -0.256572434 -0.942140264 0.215736664 -0.256572434 -0.942140264 0.47542148 -0.23702832 -0.847226057 0.47542148 -0.23702832 -0.847226057 0.47542148 -0.23702832 -0.847226057 0.473805635 -0.23629293 -0.848335943 0.473805635 -0.23629293 -0.848335943 0.473805635 -0.23629293 -0.848335943 0.717020864 -0.193859608 -0.66955174 0.717020864 -0.193859608 -0.66955174 0.717020864 -0.193859608 -0.66955174 0.71848571 -0.195068349 -0.667627609 0.71848571 -0.195068349 -0.667627609 0.71848571 -0.195068349 -0.667627609 0.966664007 -0.0869363806 -0.240837627 0.966664007 -0.0869363806 -0.240837627 0.966664007 -0.0869363806 -0.240837627 -0.943060749 0.0858658287 -0.321346359 -0.943060749 0.0858658287 -0.321346359 -0.943060749 0.0858658287 -0.321346359 -0.660142869 0.193906438 -0.725680154 -0.660142869 0.193906438 -0.725680154 -0.660142869 0.193906438 -0.725680154 -0.660268895 0.194000685 -0.725540295 -0.660268895 0.194000685 -0.725540295 -0.660268895 0.194000685 -0.725540295 -0.401756954 0.236549253 -0.884667056 -0.401756954 0.236549253 -0.884667056 -0.401756954 0.236549253 -0.884667056 -0.402616229 0.23692028 -0.884176992 -0.402616229 0.23692028 -0.884176992 -0.402616229 0.23692028 -0.884176992 -0.134709416 0.256465774 -0.957119993 -0.134709416 0.256465774 -0.957119993 -0.134709416 0.256465774 -0.957119993 -0.136270386 0.257089597 -0.956731582 -0.136270386 0.257089597 -0.956731582 -0.136270386 0.257089597 -0.956731582 0.114303963 0.257809516 -0.959410682 0.114303963 0.257809516 -0.959410682 0.114303963 0.257809516 -0.959410682 0.118126576 0.256048415 -0.959419262 0.118126576 0.256048415 -0.959419262 0.118126576 0.256048415 -0.959419262 0.114471761 0.256168294 -0.959830204 0.114471761 0.256168294 -0.959830204 0.114471761 0.256168294 -0.959830204 0.111766141 0.258045984 -0.959646081 0.111766141 0.258045984 -0.959646081 0.111766141 0.258045984 -0.959646081 0.109340659 0.258119338 -0.959905739 0.109340659 0.258119338 -0.959905739 0.109340659 0.258119338 -0.959905739 0.110142472 0.257452653 -0.959993108 0.110142472 0.257452653 -0.959993108 0.110142472 0.257452653 -0.959993108 0.102360166 0.257668059 -0.960796319 0.102360166 0.257668059 -0.960796319 0.102360166 0.257668059 -0.960796319 0.103615803 0.256582908 -0.96095212 0.103615803 0.256582908 -0.96095212 0.103615803 0.256582908 -0.96095212 0.08954248 0.256893057 -0.962282755 0.08954248 0.256893057 -0.962282755 0.08954248 0.256893057 -0.962282755 0.0874580991 0.258516016 -0.962039786 0.0874580991 0.258516016 -0.962039786 0.0874580991 0.258516016 -0.962039786 0.0636873304 0.258801212 -0.963828749 0.0636873304 0.258801212 -0.963828749 0.0636873304 0.258801212 -0.963828749 0.0649874406 0.257918358 -0.963978606 0.0649874406 0.257918358 -0.963978606 0.0649874406 0.257918358 -0.963978606 0.0450025624 0.257894929 -0.965124331 0.0450025624 0.257894929 -0.965124331 0.0450025624 0.257894929 -0.965124331 0.0442621751 0.258350698 -0.965036671 0.0442621751 0.258350698 -0.965036671 0.0442621751 0.258350698 -0.965036671 0.0321629233 0.258212828 -0.965552527 0.0321629233 0.258212828 -0.965552527 0.0321629233 0.258212828 -0.965552527 0.0317427006 0.258433527 -0.965507386 0.0317427006 0.258433527 -0.965507386 0.0317427006 0.258433527 -0.965507386 0.0224622579 0.258263149 -0.965813436 0.0224622579 0.258263149 -0.965813436 0.0224622579 0.258263149 -0.965813436 0.0230754033 0.258013372 -0.965865739 0.0230754033 0.258013372 -0.965865739 0.0230754033 0.258013372 -0.965865739 0.020173306 0.257953097 -0.965946809 0.020173306 0.257953097 -0.965946809 0.020173306 0.257953097 -0.965946809 0.0213480584 0.25766358 -0.96599883 0.0213480584 0.25766358 -0.96599883 0.0213480584 0.25766358 -0.96599883 0.215721413 0.255595229 -0.942409333 0.215721413 0.255595229 -0.942409333 0.215721413 0.255595229 -0.942409333 0.21348762 0.256653045 -0.942630495 0.21348762 0.256653045 -0.942630495 0.21348762 0.256653045 -0.942630495 0.473876304 0.237211231 -0.848040141 0.473876304 0.237211231 -0.848040141 0.473876304 0.237211231 -0.848040141 0.475533582 0.236087435 -0.847425829 0.475533582 0.236087435 -0.847425829 0.475533582 0.236087435 -0.847425829 0.718319977 0.193540598 -0.668250289 0.718319977 0.193540598 -0.668250289 0.718319977 0.193540598 -0.668250289 0.716785305 0.195483505 -0.669331776 0.716785305 0.195483505 -0.669331776 0.716785305 0.195483505 -0.669331776 0.966664007 0.0869363806 -0.240837627 0.966664007 0.0869363806 -0.240837627 0.966664007 0.0869363806 -0.240837627 -0.943041463 0.2352369 -0.2352369 -0.943041463 0.2352369 -0.2352369 -0.943041463 0.2352369 -0.2352369 -0.660213264 0.531092481 -0.531092481 -0.660213264 0.531092481 -0.531092481 -0.660213264 0.531092481 -0.531092481 -0.66021336 0.531092489 -0.531092353 -0.66021336 0.531092489 -0.531092353 -0.66021336 0.531092489 -0.531092353 -0.401612227 0.647575415 -0.647575248 -0.401612227 0.647575415 -0.647575248 -0.401612227 0.647575415 -0.647575248 -0.402561606 0.647660176 -0.646900649 -0.402561606 0.647660176 -0.646900649 -0.402561606 0.647660176 -0.646900649 -0.135535646 0.700709781 -0.700454061 -0.135535646 0.700709781 -0.700454061 -0.135535646 0.700709781 -0.700454061 -0.135134501 0.700620677 -0.700620677 -0.135134501 0.700620677 -0.700620677 -0.135134501 0.700620677 -0.700620677 0.116019212 0.702331668 -0.702331668 0.116019212 0.702331668 -0.702331668 0.116019212 0.702331668 -0.702331668 0.117401405 0.701775223 -0.702658129 0.117401405 0.701775223 -0.702658129 0.117401405 0.701775223 -0.702658129 0.114462069 0.702028872 -0.702889677 0.114462069 0.702028872 -0.702889677 0.114462069 0.702028872 -0.702889677 0.115924763 0.701192033 -0.703485027 0.115924763 0.701192033 -0.703485027 0.115924763 0.701192033 -0.703485027 0.111877172 0.701535786 -0.703797584 0.111877172 0.701535786 -0.703797584 0.111877172 0.701535786 -0.703797584 0.111386881 0.701864187 -0.703547885 0.111386881 0.701864187 -0.703547885 0.111386881 0.701864187 -0.703547885 0.105016075 0.702360587 -0.704032123 0.105016075 0.702360587 -0.704032123 0.105016075 0.702360587 -0.704032123 0.101849146 0.704521943 -0.702335805 0.101849146 0.704521943 -0.702335805 0.101849146 0.704521943 -0.702335805 0.0846733847 0.705605103 -0.703528149 0.0846733847 0.705605103 -0.703528149 0.0846733847 0.705605103 -0.703528149 0.0839812328 0.706016486 -0.703198318 0.0839812328 0.706016486 -0.703198318 0.0839812328 0.706016486 -0.703198318 0.0514702741 0.707032599 -0.705305405 0.0514702741 0.707032599 -0.705305405 0.0514702741 0.707032599 -0.705305405 0.0513070857 0.707111924 -0.705237768 0.0513070857 0.707111924 -0.705237768 0.0513070857 0.707111924 -0.705237768 0.0247836876 0.706930803 -0.706848364 0.0247836876 0.706930803 -0.706848364 0.0247836876 0.706930803 -0.706848364 0.0241019089 0.707214258 -0.706588347 0.0241019089 0.707214258 -0.706588347 0.0241019089 0.707214258 -0.706588347 0.00404350144 0.706498685 -0.707702804 0.00404350144 0.706498685 -0.707702804 0.00404350144 0.706498685 -0.707702804 0.0079503494 0.705171955 -0.708991753 0.0079503494 0.705171955 -0.708991753 0.0079503494 0.705171955 -0.708991753 -0.0045403843 0.704543347 -0.709646432 -0.0045403843 0.704543347 -0.709646432 -0.0045403843 0.704543347 -0.709646432 -0.004653027 0.704571628 -0.709617622 -0.004653027 0.704571628 -0.709617622 -0.004653027 0.704571628 -0.709617622 0.000276593277 0.704844303 -0.70936199 0.000276593277 0.704844303 -0.70936199 0.000276593277 0.704844303 -0.70936199 -0.00756376372 0.706023091 -0.70814842 -0.00756376372 0.706023091 -0.70814842 -0.00756376372 0.706023091 -0.70814842 0.193128976 0.701008001 -0.686504903 0.193128976 0.701008001 -0.686504903 0.193128976 0.701008001 -0.686504903 0.194810371 0.700320876 -0.68673109 0.194810371 0.700320876 -0.68673109 0.194810371 0.700320876 -0.68673109 0.454457884 0.64762435 -0.611596871 0.454457884 0.64762435 -0.611596871 0.454457884 0.64762435 -0.611596871 0.454136406 0.647851718 -0.611594863 0.454136406 0.647851718 -0.611594863 0.454136406 0.647851718 -0.611594863 0.701940897 0.531410108 -0.474217539 0.701940897 0.531410108 -0.474217539 0.701940897 0.531410108 -0.474217539 0.702222442 0.531036351 -0.474219396 0.702222442 0.531036351 -0.474219396 0.702222442 0.531036351 -0.474219396 0.959477914 0.234878183 -0.155673927 0.959477914 0.234878183 -0.155673927 0.959477914 0.234878183 -0.155673927 -0.943022122 0.321333197 -0.0863380249 -0.943022122 0.321333197 -0.0863380249 -0.943022122 0.321333197 -0.0863380249 -0.660147908 0.725407348 -0.194907462 -0.660147908 0.725407348 -0.194907462 -0.660147908 0.725407348 -0.194907462 -0.660264996 0.725338536 -0.194766897 -0.660264996 0.725338536 -0.194766897 -0.660264996 0.725338536 -0.194766897 -0.401567049 0.884497452 -0.237504029 -0.401567049 0.884497452 -0.237504029 -0.401567049 0.884497452 -0.237504029 -0.402417057 0.884261586 -0.236942947 -0.402417057 0.884261586 -0.236942947 -0.402417057 0.884261586 -0.236942947 -0.133897805 0.957226243 -0.256494244 -0.133897805 0.957226243 -0.256494244 -0.133897805 0.957226243 -0.256494244 -0.135083437 0.95720852 -0.255938107 -0.135083437 0.95720852 -0.255938107 -0.135083437 0.95720852 -0.255938107 0.114274728 0.959734736 -0.256613566 0.114274728 0.959734736 -0.256613566 0.114274728 0.959734736 -0.256613566 0.119121525 0.958604824 -0.25862493 0.119121525 0.958604824 -0.25862493 0.119121525 0.958604824 -0.25862493 0.119664335 0.958540467 -0.258612878 0.119664335 0.958540467 -0.258612878 0.119664335 0.958540467 -0.258612878 0.11819292 0.958977478 -0.257667675 0.11819292 0.958977478 -0.257667675 0.11819292 0.958977478 -0.257667675 0.115326967 0.959309159 -0.257731699 0.115326967 0.959309159 -0.257731699 0.115326967 0.959309159 -0.257731699 0.114740787 0.959501066 -0.257278557 0.114740787 0.959501066 -0.257278557 0.114740787 0.959501066 -0.257278557 0.104904749 0.960558333 -0.257531907 0.104904749 0.960558333 -0.257531907 0.104904749 0.960558333 -0.257531907 0.10394118 0.960867891 -0.25676668 0.10394118 0.960867891 -0.25676668 0.10394118 0.960867891 -0.25676668 0.079556225 0.962980167 -0.257565537 0.079556225 0.962980167 -0.257565537 0.079556225 0.962980167 -0.257565537 0.0768690796 0.963687111 -0.255730905 0.0768690796 0.963687111 -0.255730905 0.0768690796 0.963687111 -0.255730905 0.0294970234 0.965740155 -0.257829164 0.0294970234 0.965740155 -0.257829164 0.0294970234 0.965740155 -0.257829164 0.0287785828 0.965869688 -0.257424822 0.0287785828 0.965869688 -0.257424822 0.0287785828 0.965869688 -0.257424822 -0.0116542958 0.965521491 -0.260062352 -0.0116542958 0.965521491 -0.260062352 -0.0116542958 0.965521491 -0.260062352 -0.0121005995 0.965576732 -0.259836775 -0.0121005995 0.965576732 -0.259836775 -0.0121005995 0.965576732 -0.259836775 -0.0418754878 0.964125316 -0.262123671 -0.0418754878 0.964125316 -0.262123671 -0.0418754878 0.964125316 -0.262123671 -0.0378415226 0.963819878 -0.263854622 -0.0378415226 0.963819878 -0.263854622 -0.0378415226 0.963819878 -0.263854622 -0.0518863181 0.962836328 -0.265054742 -0.0518863181 0.962836328 -0.265054742 -0.0518863181 0.962836328 -0.265054742 -0.0525546308 0.962860549 -0.264834994 -0.0525546308 0.962860549 -0.264834994 -0.0525546308 0.962860549 -0.264834994 -0.0380822242 0.963884516 -0.263583732 -0.0380822242 0.963884516 -0.263583732 -0.0380822242 0.963884516 -0.263583732 -0.0429433918 0.963961462 -0.262553166 -0.0429433918 0.963961462 -0.262553166 -0.0429433918 0.963961462 -0.262553166 0.156052027 0.957129148 -0.244031883 0.156052027 0.957129148 -0.244031883 0.156052027 0.957129148 -0.244031883 0.154965946 0.957389799 -0.243701309 0.154965946 0.957389799 -0.243701309 0.154965946 0.957389799 -0.243701309 0.419531559 0.884934886 -0.202196731 0.419531559 0.884934886 -0.202196731 0.419531559 0.884934886 -0.202196731 0.420784984 0.884242608 -0.202620356 0.420784984 0.884242608 -0.202620356 0.420784984 0.884242608 -0.202620356 0.674197569 0.725453132 -0.138475238 0.674197569 0.725453132 -0.138475238 0.674197569 0.725453132 -0.138475238 0.673193296 0.726503926 -0.137850756 0.673193296 0.726503926 -0.137850756 0.673193296 0.726503926 -0.137850756 0.946928624 0.321387945 -0.00599743719 0.946928624 0.321387945 -0.00599743719 0.946928624 0.321387945 -0.00599743719 -0 -0 1 -0 -0 1 -0 -0 1 0 0 -1 0 0 -1 0 0 -1 0 0 1 0 0 1 0 0 1 0 0 -1 0 0 -1 0 0 -1 0 0 1 0 0 1 0 0 1 -0 -0 -1 -0 -0 -1 -0 -0 -1 0 0 1 0 0 1 0 0 1 -0 -0 -1 -0 -0 -1 -0 -0 -1 -0.86825437 -0.496119289 0 -0.86825437 -0.496119289 0 -0.86825437 -0.496119289 0 -0.86825437 -0.496119289 -0 -0.86825437 -0.496119289 -0 -0.86825437 -0.496119289 -0 0.447460372 -0.89430376 0 0.447460372 -0.89430376 0 0.447460372 -0.89430376 0 0.447460372 -0.89430376 0 0.447460372 -0.89430376 0 0.447460372 -0.89430376 0 0.843615031 0.536948489 0 0.843615031 0.536948489 0 0.843615031 0.536948489 0 0.843615031 0.536948489 0 0.843615031 0.536948489 0 0.843615031 0.536948489 0 0.541036759 0.840998945 0 0.541036759 0.840998945 0 0.541036759 0.840998945 0 0.541036759 0.840998945 0 0.541036759 0.840998945 0 0.541036759 0.840998945 0 -0 0 1 -0 0 1 -0 0 1 0 -0 -1 0 -0 -1 0 -0 -1 0 0 1 0 0 1 0 0 1 -0 0 -1 -0 0 -1 -0 0 -1 0 -0 1 0 -0 1 0 -0 1 -0 0 -1 -0 0 -1 -0 0 -1 0 -0 1 0 -0 1 0 -0 1 0 0 -1 0 0 -1 0 0 -1 -0.86825437 0.496119289 0 -0.86825437 0.496119289 0 -0.86825437 0.496119289 0 -0.86825437 0.496119289 0 -0.86825437 0.496119289 0 -0.86825437 0.496119289 0 0.447460372 0.89430376 0 0.447460372 0.89430376 0 0.447460372 0.89430376 0 0.447460372 0.89430376 -0 0.447460372 0.89430376 -0 0.447460372 0.89430376 -0 0.843615031 -0.536948489 0 0.843615031 -0.536948489 0 0.843615031 -0.536948489 0 0.843615031 -0.536948489 0 0.843615031 -0.536948489 0 0.843615031 -0.536948489 0 0.541036759 -0.840998945 0 0.541036759 -0.840998945 0 0.541036759 -0.840998945 0 0.541036759 -0.840998945 0 0.541036759 -0.840998945 0 0.541036759 -0.840998945 0 -0 -0 1 -0 -0 1 -0 -0 1 0 0 -1 0 0 -1 0 0 -1 0 0 1 0 0 1 0 0 1 -0 0 -1 -0 0 -1 -0 0 -1 0 0 1 0 0 1 0 0 1 -0 -0 -1 -0 -0 -1 -0 -0 -1 -0.768375643 -0.639999118 0 -0.768375643 -0.639999118 0 -0.768375643 -0.639999118 0 -0.768375643 -0.639999118 -0 -0.768375643 -0.639999118 -0 -0.768375643 -0.639999118 -0 0.98994169 -0.141475968 0 0.98994169 -0.141475968 0 0.98994169 -0.141475968 0 0.98994169 -0.141475968 0 0.98994169 -0.141475968 0 0.98994169 -0.141475968 0 0.414066667 0.910246557 0 0.414066667 0.910246557 0 0.414066667 0.910246557 0 0.414066667 0.910246557 0 0.414066667 0.910246557 0 0.414066667 0.910246557 0 -0 0 1 -0 0 1 -0 0 1 0 -0 -1 0 -0 -1 0 -0 -1 0 0 1 0 0 1 0 0 1 -0 0 -1 -0 0 -1 -0 0 -1 0 -0 1 0 -0 1 0 -0 1 0 0 -1 0 0 -1 0 0 -1 -0.768375643 0.639999118 0 -0.768375643 0.639999118 0 -0.768375643 0.639999118 0 -0.768375643 0.639999118 0 -0.768375643 0.639999118 0 -0.768375643 0.639999118 0 0.98994169 0.141475968 0 0.98994169 0.141475968 0 0.98994169 0.141475968 0 0.98994169 0.141475968 -0 0.98994169 0.141475968 -0 0.98994169 0.141475968 -0 0.414066667 -0.910246557 0 0.414066667 -0.910246557 0 0.414066667 -0.910246557 0 0.414066667 -0.910246557 0 0.414066667 -0.910246557 0 0.414066667 -0.910246557 0 0.0148380461 0.0909777437 0.995742378 0.0148380461 0.0909777437 0.995742378 0.0148380461 0.0909777437 0.995742378 0.0459957497 0.282017557 0.958306051 0.0459957497 0.282017557 0.958306051 0.0459957497 0.282017557 0.958306051 0.0816990783 0.498301905 0.863145684 0.0816990783 0.498301905 0.863145684 0.0816990783 0.498301905 0.863145684 0.0817480443 0.49818757 0.863207045 0.0817480443 0.49818757 0.863207045 0.0817480443 0.49818757 0.863207045 0.122078132 0.74396652 0.656970887 0.122078132 0.74396652 0.656970887 0.122078132 0.74396652 0.656970887 0.122060179 0.744013714 0.656920776 0.122060179 0.744013714 0.656920776 0.122060179 0.744013714 0.656920776 0.156228249 0.952284032 0.262198124 0.156228249 0.952284032 0.262198124 0.156228249 0.952284032 0.262198124 0.155987982 0.952569297 0.261303433 0.155987982 0.952569297 0.261303433 0.155987982 0.952569297 0.261303433 0.1559502 0.952338575 -0.262165548 0.1559502 0.952338575 -0.262165548 0.1559502 0.952338575 -0.262165548 0.156268044 0.952526605 -0.261291723 0.156268044 0.952526605 -0.261291723 0.156268044 0.952526605 -0.261291723 0.122085498 0.744011407 -0.656918684 0.122085498 0.744011407 -0.656918684 0.122085498 0.744011407 -0.656918684 0.0818673604 0.498914704 -0.862775668 0.0818673604 0.498914704 -0.862775668 0.0818673604 0.498914704 -0.862775668 0.0817867108 0.498836396 -0.862828595 0.0817867108 0.498836396 -0.862828595 0.0817867108 0.498836396 -0.862828595 0.0458350776 0.281032415 -0.958603113 0.0458350776 0.281032415 -0.958603113 0.0458350776 0.281032415 -0.958603113 0.0148380744 0.0909779171 -0.995742361 0.0148380744 0.0909779171 -0.995742361 0.0148380744 0.0909779171 -0.995742361 0.0417948619 0.0729786046 0.996457381 0.0417948619 0.0729786046 0.996457381 0.0417948619 0.0729786046 0.996457381 0.130362033 0.227627005 0.964982739 0.130362033 0.227627005 0.964982739 0.130362033 0.227627005 0.964982739 0.233817129 0.408244508 0.882420519 0.233817129 0.408244508 0.882420519 0.233817129 0.408244508 0.882420519 0.233807147 0.40841018 0.882346498 0.233807147 0.40841018 0.882346498 0.233807147 0.40841018 0.882346498 0.359141731 0.62734241 0.690983877 0.359141731 0.62734241 0.690983877 0.359141731 0.62734241 0.690983877 0.359137775 0.627583456 0.690767011 0.359137775 0.627583456 0.690767011 0.359137775 0.627583456 0.690767011 0.476218066 0.832178069 0.284070441 0.476218066 0.832178069 0.284070441 0.476218066 0.832178069 0.284070441 0.476413508 0.831625758 0.285357263 0.476413508 0.831625758 0.285357263 0.476413508 0.831625758 0.285357263 0.476593042 0.831939152 -0.284141373 0.476593042 0.831939152 -0.284141373 0.476593042 0.831939152 -0.284141373 0.476029482 0.831848523 -0.285348852 0.476029482 0.831848523 -0.285348852 0.476029482 0.831848523 -0.285348852 0.359242643 0.627518681 -0.690771329 0.359242643 0.627518681 -0.690771329 0.359242643 0.627518681 -0.690771329 0.234075657 0.408879209 -0.882058036 0.234075657 0.408879209 -0.882058036 0.234075657 0.408879209 -0.882058036 0.234200526 0.408913919 -0.882008798 0.234200526 0.408913919 -0.882008798 0.234200526 0.408913919 -0.882008798 0.130029147 0.227045748 -0.965164571 0.130029147 0.227045748 -0.965164571 0.130029147 0.227045748 -0.965164571 0.0417949417 0.0729787439 -0.996457368 0.0417949417 0.0729787439 -0.996457368 0.0417949417 0.0729787439 -0.996457368 0.0604565533 0.0405210601 0.997348008 0.0604565533 0.0405210601 0.997348008 0.0604565533 0.0405210601 0.997348008 0.190035325 0.127371351 0.973479899 0.190035325 0.127371351 0.973479899 0.190035325 0.127371351 0.973479899 0.347525693 0.232966736 0.908268899 0.347525693 0.232966736 0.908268899 0.347525693 0.232966736 0.908268899 0.3475963 0.233199802 0.908182066 0.3475963 0.233199802 0.908182066 0.3475963 0.233199802 0.908182066 0.557493317 0.374018168 0.741155592 0.557493317 0.374018168 0.741155592 0.557493317 0.374018168 0.741155592 0.557286878 0.373499909 0.741572082 0.557286878 0.373499909 0.741572082 0.557286878 0.373499909 0.741572082 0.785580727 0.526505004 0.325046769 0.785580727 0.526505004 0.325046769 0.785580727 0.526505004 0.325046769 0.785632461 0.526984507 0.324143434 0.785632461 0.526984507 0.324143434 0.785632461 0.526984507 0.324143434 0.785389804 0.526821738 -0.324994941 0.785389804 0.526821738 -0.324994941 0.785389804 0.526821738 -0.324994941 0.785835978 0.526676076 -0.324151395 0.785835978 0.526676076 -0.324151395 0.785835978 0.526676076 -0.324151395 0.557121388 0.373768643 -0.74156103 0.557121388 0.373768643 -0.74156103 0.557121388 0.373768643 -0.74156103 0.347986978 0.233461905 -0.907965088 0.347986978 0.233461905 -0.907965088 0.347986978 0.233461905 -0.907965088 0.348173885 0.233401256 -0.907909026 0.348173885 0.233401256 -0.907909026 0.348173885 0.233401256 -0.907909026 0.189557902 0.127051357 -0.973614788 0.189557902 0.127051357 -0.973614788 0.189557902 0.127051357 -0.973614788 0.0604566689 0.0405211376 -0.997347998 0.0604566689 0.0405211376 -0.997347998 0.0604566689 0.0405211376 -0.997347998 0.067115163 -0 0.997745235 0.067115163 -0 0.997745235 0.067115163 -0 0.997745235 0.211732901 0 0.97732757 0.211732901 0 0.97732757 0.211732901 0 0.97732757 0.390938772 0 0.920416687 0.390938772 0 0.920416687 0.390938772 0 0.920416687 0.390938772 -0 0.920416687 0.390938772 -0 0.920416687 0.390938772 -0 0.920416687 0.64085892 0 0.767658677 0.64085892 0 0.767658677 0.64085892 0 0.767658677 0.64085892 -0 0.767658677 0.64085892 -0 0.767658677 0.64085892 -0 0.767658677 0.936999597 0 0.349330439 0.936999597 0 0.349330439 0.936999597 0 0.349330439 0.936999597 -0 0.349330439 0.936999597 -0 0.349330439 0.936999597 -0 0.349330439 0.936999597 0 -0.349330439 0.936999597 0 -0.349330439 0.936999597 0 -0.349330439 0.936999597 0 -0.349330439 0.936999597 0 -0.349330439 0.936999597 0 -0.349330439 0.640858952 0 -0.76765865 0.640858952 0 -0.76765865 0.640858952 0 -0.76765865 0.39151533 0 -0.920171585 0.39151533 0 -0.920171585 0.39151533 0 -0.920171585 0.39151533 0 -0.920171585 0.39151533 0 -0.920171585 0.39151533 0 -0.920171585 0.211184607 0 -0.977446194 0.211184607 0 -0.977446194 0.211184607 0 -0.977446194 0.0671152914 0 -0.997745227 0.0671152914 0 -0.997745227 0.0671152914 0 -0.997745227 0.0604565533 -0.0405210601 0.997348008 0.0604565533 -0.0405210601 0.997348008 0.0604565533 -0.0405210601 0.997348008 0.190046182 -0.127378627 0.973476828 0.190046182 -0.127378627 0.973476828 0.190046182 -0.127378627 0.973476828 0.347674698 -0.233066623 0.908186244 0.347674698 -0.233066623 0.908186244 0.347674698 -0.233066623 0.908186244 0.347487998 -0.233127143 0.908242163 0.347487998 -0.233127143 0.908242163 0.347487998 -0.233127143 0.908242163 0.557121362 -0.373768626 0.741561058 0.557121362 -0.373768626 0.741561058 0.557121362 -0.373768626 0.741561058 0.557603309 -0.373711984 0.741227295 0.557603309 -0.373711984 0.741227295 0.557603309 -0.373711984 0.741227295 0.785835978 -0.526676076 0.324151395 0.785835978 -0.526676076 0.324151395 0.785835978 -0.526676076 0.324151395 0.785389804 -0.526821738 0.324994941 0.785389804 -0.526821738 0.324994941 0.785389804 -0.526821738 0.324994941 0.785632461 -0.526984507 -0.324143434 0.785632461 -0.526984507 -0.324143434 0.785632461 -0.526984507 -0.324143434 0.785580727 -0.526505004 -0.325046769 0.785580727 -0.526505004 -0.325046769 0.785580727 -0.526505004 -0.325046769 0.557493343 -0.374018185 -0.741155564 0.557493343 -0.374018185 -0.741155564 0.557493343 -0.374018185 -0.741155564 0.348095369 -0.233534624 -0.907904837 0.348095369 -0.233534624 -0.907904837 0.348095369 -0.233534624 -0.907904837 0.348024757 -0.233301287 -0.907991893 0.348024757 -0.233301287 -0.907991893 0.348024757 -0.233301287 -0.907991893 0.18954707 -0.127044097 -0.973617844 0.18954707 -0.127044097 -0.973617844 0.18954707 -0.127044097 -0.973617844 0.0604566689 -0.0405211376 -0.997347998 0.0604566689 -0.0405211376 -0.997347998 0.0604566689 -0.0405211376 -0.997347998 0.0417948619 -0.0729786046 0.996457381 0.0417948619 -0.0729786046 0.996457381 0.0417948619 -0.0729786046 0.996457381 0.130358276 -0.227620446 0.964984794 0.130358276 -0.227620446 0.964984794 0.130358276 -0.227620446 0.964984794 0.233883592 -0.408360554 0.882349207 0.233883592 -0.408360554 0.882349207 0.233883592 -0.408360554 0.882349207 0.233758857 -0.408325829 0.882398331 0.233758857 -0.408325829 0.882398331 0.233758857 -0.408325829 0.882398331 0.359242628 -0.627518656 0.690771359 0.359242628 -0.627518656 0.690771359 0.359242628 -0.627518656 0.690771359 0.359051972 -0.627433518 0.6909478 0.359051972 -0.627433518 0.6909478 0.359051972 -0.627433518 0.6909478 0.476029482 -0.831848523 0.285348852 0.476029482 -0.831848523 0.285348852 0.476029482 -0.831848523 0.285348852 0.476593042 -0.831939152 0.284141373 0.476593042 -0.831939152 0.284141373 0.476593042 -0.831939152 0.284141373 0.476413508 -0.831625758 -0.285357263 0.476413508 -0.831625758 -0.285357263 0.476413508 -0.831625758 -0.285357263 0.476218066 -0.832178069 -0.284070441 0.476218066 -0.832178069 -0.284070441 0.476218066 -0.832178069 -0.284070441 0.359141745 -0.627342435 -0.690983847 0.359141745 -0.627342435 -0.690983847 0.359141745 -0.627342435 -0.690983847 0.234123975 -0.408963609 -0.882006083 0.234123975 -0.408963609 -0.882006083 0.234123975 -0.408963609 -0.882006083 0.234134023 -0.408797806 -0.882080276 0.234134023 -0.408797806 -0.882080276 0.234134023 -0.408797806 -0.882080276 0.130032895 -0.227052293 -0.965162526 0.130032895 -0.227052293 -0.965162526 0.130032895 -0.227052293 -0.965162526 0.0417949417 -0.0729787439 -0.996457368 0.0417949417 -0.0729787439 -0.996457368 0.0417949417 -0.0729787439 -0.996457368 0.0148380461 -0.0909777437 0.995742378 0.0148380461 -0.0909777437 0.995742378 0.0148380461 -0.0909777437 0.995742378 0.0459495174 -0.281734089 0.958391645 0.0459495174 -0.281734089 0.958391645 0.0459495174 -0.281734089 0.958391645 0.0816807844 -0.498190326 0.863211821 0.0816807844 -0.498190326 0.863211821 0.0816807844 -0.498190326 0.863211821 0.0817613425 -0.498268611 0.863159008 0.0817613425 -0.498268611 0.863159008 0.0817613425 -0.498268611 0.863159008 0.122085493 -0.74401138 0.656918716 0.122085493 -0.74401138 0.656918716 0.122085493 -0.74401138 0.656918716 0.122053918 -0.74397555 0.656965161 0.122053918 -0.74397555 0.656965161 0.122053918 -0.74397555 0.656965161 0.156268044 -0.952526605 0.261291723 0.156268044 -0.952526605 0.261291723 0.156268044 -0.952526605 0.261291723 0.1559502 -0.952338575 0.262165548 0.1559502 -0.952338575 0.262165548 0.1559502 -0.952338575 0.262165548 0.155987982 -0.952569297 -0.261303433 0.155987982 -0.952569297 -0.261303433 0.155987982 -0.952569297 -0.261303433 0.156228249 -0.952284032 -0.262198124 0.156228249 -0.952284032 -0.262198124 0.156228249 -0.952284032 -0.262198124 0.122078137 -0.743966547 -0.656970856 0.122078137 -0.743966547 -0.656970856 0.122078137 -0.743966547 -0.656970856 0.0818540568 -0.498833629 -0.862823808 0.0818540568 -0.498833629 -0.862823808 0.0818540568 -0.498833629 -0.862823808 0.0818050122 -0.498948021 -0.862762315 0.0818050122 -0.498948021 -0.862762315 0.0818050122 -0.498948021 -0.862762315 0.0458812152 -0.281315302 -0.958517926 0.0458812152 -0.281315302 -0.958517926 0.0458812152 -0.281315302 -0.958517926 0.0148380744 -0.0909779171 -0.995742361 0.0148380744 -0.0909779171 -0.995742361 0.0148380744 -0.0909779171 -0.995742361 -0.0148380467 -0.0909777437 0.995742378 -0.0148380467 -0.0909777437 0.995742378 -0.0148380467 -0.0909777437 0.995742378 -0.0817757397 -0.498186434 0.863205077 -0.0817757397 -0.498186434 0.863205077 -0.0817757397 -0.498186434 0.863205077 -0.122048556 -0.744014785 0.656921722 -0.122048556 -0.744014785 0.656921722 -0.122048556 -0.744014785 0.656921722 -0.155973997 -0.952571427 0.261304018 -0.155973997 -0.952571427 0.261304018 -0.155973997 -0.952571427 0.261304018 -0.156253308 -0.952528854 -0.261292339 -0.156253308 -0.952528854 -0.261292339 -0.156253308 -0.952528854 -0.261292339 -0.122126517 -0.744007624 -0.656915344 -0.122126517 -0.744007624 -0.656915344 -0.122126517 -0.744007624 -0.656915344 -0.0817740082 -0.498836918 -0.862829497 -0.0817740082 -0.498836918 -0.862829497 -0.0817740082 -0.498836918 -0.862829497 -0.0458350793 -0.281032415 -0.958603112 -0.0458350793 -0.281032415 -0.958603112 -0.0458350793 -0.281032415 -0.958603112 -0.0417836578 -0.0729861087 0.996457302 -0.0417836578 -0.0729861087 0.996457302 -0.0417836578 -0.0729861087 0.996457302 -0.130381463 -0.227745394 0.96495218 -0.130381463 -0.227745394 0.96495218 -0.130381463 -0.227745394 0.96495218 -0.233918521 -0.408102958 0.882459121 -0.233918521 -0.408102958 0.882459121 -0.233918521 -0.408102958 0.882459121 -0.233891156 -0.408556954 0.88225628 -0.233891156 -0.408556954 0.88225628 -0.233891156 -0.408556954 0.88225628 -0.359141745 -0.627342478 0.690983808 -0.359141745 -0.627342478 0.690983808 -0.359141745 -0.627342478 0.690983808 -0.359142613 -0.627289282 0.69103165 -0.359142613 -0.627289282 0.69103165 -0.359142613 -0.627289282 0.69103165 -0.476305962 -0.831930309 0.284648191 -0.476305962 -0.831930309 0.284648191 -0.476305962 -0.831930309 0.284648191 -0.476413538 -0.831625764 0.285357196 -0.476413538 -0.831625764 0.285357196 -0.476413538 -0.831625764 0.285357196 -0.476512526 -0.831798558 -0.284687499 -0.476512526 -0.831798558 -0.284687499 -0.476512526 -0.831798558 -0.284687499 -0.476201902 -0.831748556 -0.285352568 -0.476201902 -0.831748556 -0.285352568 -0.476201902 -0.831748556 -0.285352568 -0.3591195 -0.627303621 -0.691030645 -0.3591195 -0.627303621 -0.691030645 -0.3591195 -0.627303621 -0.691030645 -0.234075638 -0.408879204 -0.882058044 -0.234075638 -0.408879204 -0.882058044 -0.234075638 -0.408879204 -0.882058044 -0.234417992 -0.408974354 -0.881923003 -0.234417992 -0.408974354 -0.881923003 -0.234417992 -0.408974354 -0.881923003 -0.129983125 -0.227049593 -0.965169866 -0.129983125 -0.227049593 -0.965169866 -0.129983125 -0.227049593 -0.965169866 -0.0417837375 -0.072986248 -0.996457288 -0.0417837375 -0.072986248 -0.996457288 -0.0417837375 -0.072986248 -0.996457288 -0.0604493873 -0.040516234 0.997348638 -0.0604493873 -0.040516234 0.997348638 -0.0604493873 -0.040516234 0.997348638 -0.19003532 -0.127371274 0.97347991 -0.19003532 -0.127371274 0.97347991 -0.19003532 -0.127371274 0.97347991 -0.347650272 -0.233377941 0.908115645 -0.347650272 -0.233377941 0.908115645 -0.347650272 -0.233377941 0.908115645 -0.347596301 -0.233199744 0.90818208 -0.347596301 -0.233199744 0.90818208 -0.347596301 -0.233199744 0.90818208 -0.557175297 -0.373804717 0.741502341 -0.557175297 -0.373804717 0.741502341 -0.557175297 -0.373804717 0.741502341 -0.557145434 -0.373729731 0.741562576 -0.557145434 -0.373729731 0.741562576 -0.557145434 -0.373729731 0.741562576 -0.78538426 -0.526830932 0.324993436 -0.78538426 -0.526830932 0.324993436 -0.78538426 -0.526830932 0.324993436 -0.785382751 -0.526817006 0.325019656 -0.785382751 -0.526817006 0.325019656 -0.785382751 -0.526817006 0.325019656 -0.785389804 -0.526821738 -0.324994941 -0.785389804 -0.526821738 -0.324994941 -0.785389804 -0.526821738 -0.324994941 -0.785376845 -0.526825958 -0.325019418 -0.785376845 -0.526825958 -0.325019418 -0.785376845 -0.526825958 -0.325019418 -0.557121506 -0.373768629 -0.741560948 -0.557121506 -0.373768629 -0.741560948 -0.557121506 -0.373768629 -0.741560948 -0.348178259 -0.233590176 -0.907858761 -0.348178259 -0.233590176 -0.907858761 -0.348178259 -0.233590176 -0.907858761 -0.348035375 -0.233636461 -0.907901637 -0.348035375 -0.233636461 -0.907901637 -0.348035375 -0.233636461 -0.907901637 -0.189653056 -0.127115061 -0.973587941 -0.189653056 -0.127115061 -0.973587941 -0.189653056 -0.127115061 -0.973587941 -0.0604495029 -0.0405163114 -0.997348628 -0.0604495029 -0.0405163114 -0.997348628 -0.0604495029 -0.0405163114 -0.997348628 -0.0671063238 0 0.99774583 -0.0671063238 0 0.99774583 -0.0671063238 0 0.99774583 -0.391183927 0 0.92031252 -0.391183927 0 0.92031252 -0.391183927 0 0.92031252 -0.64042366 0 0.768021833 -0.64042366 0 0.768021833 -0.64042366 0 0.768021833 -0.936999597 0 0.349330439 -0.936999597 0 0.349330439 -0.936999597 0 0.349330439 -0.936999597 -0 -0.349330439 -0.936999597 -0 -0.349330439 -0.936999597 -0 -0.349330439 -0.640423692 -0 -0.768021806 -0.640423692 -0 -0.768021806 -0.640423692 -0 -0.768021806 -0.391760716 -0 -0.92006714 -0.391760716 -0 -0.92006714 -0.391760716 -0 -0.92006714 -0.211184585 -0 -0.977446199 -0.211184585 -0 -0.977446199 -0.211184585 -0 -0.977446199 -0.0604493873 0.040516234 0.997348638 -0.0604493873 0.040516234 0.997348638 -0.0604493873 0.040516234 0.997348638 -0.190141554 0.127442477 0.973449847 -0.190141554 0.127442477 0.973449847 -0.190141554 0.127442477 0.973449847 -0.347536395 0.233301496 0.908178873 -0.347536395 0.233301496 0.908178873 -0.347536395 0.233301496 0.908178873 -0.347679122 0.233255308 0.908136107 -0.347679122 0.233255308 0.908136107 -0.347679122 0.233255308 0.908136107 -0.55712148 0.373768612 0.741560976 -0.55712148 0.373768612 0.741560976 -0.55712148 0.373768612 0.741560976 -0.557191196 0.373760428 0.74151272 -0.557191196 0.373760428 0.74151272 -0.557191196 0.373760428 0.74151272 -0.785376845 0.526825958 0.325019418 -0.785376845 0.526825958 0.325019418 -0.785376845 0.526825958 0.325019418 -0.785389804 0.526821738 0.324994941 -0.785389804 0.526821738 0.324994941 -0.785389804 0.526821738 0.324994941 -0.785382751 0.526817006 -0.325019656 -0.785382751 0.526817006 -0.325019656 -0.785382751 0.526817006 -0.325019656 -0.78538426 0.526830932 -0.324993436 -0.78538426 0.526830932 -0.324993436 -0.78538426 0.526830932 -0.324993436 -0.557175323 0.373804735 -0.741502313 -0.557175323 0.373804735 -0.741502313 -0.557175323 0.373804735 -0.741502313 -0.34809537 0.233534566 -0.907904852 -0.34809537 0.233534566 -0.907904852 -0.34809537 0.233534566 -0.907904852 -0.348149346 0.23371297 -0.907838246 -0.348149346 0.23371297 -0.907838246 -0.348149346 0.23371297 -0.907838246 -0.189547065 0.127044021 -0.973617855 -0.189547065 0.127044021 -0.973617855 -0.189547065 0.127044021 -0.973617855 -0.0604495029 0.0405163114 -0.997348628 -0.0604495029 0.0405163114 -0.997348628 -0.0604495029 0.0405163114 -0.997348628 -0.0417836578 0.0729861087 0.996457302 -0.0417836578 0.0729861087 0.996457302 -0.0417836578 0.0729861087 0.996457302 -0.130312142 0.227624307 0.964990114 -0.130312142 0.227624307 0.964990114 -0.130312142 0.227624307 0.964990114 -0.234100826 0.408421014 0.882263611 -0.234100826 0.408421014 0.882263611 -0.234100826 0.408421014 0.882263611 -0.233758838 0.408325823 0.882398339 -0.233758838 0.408325823 0.882398339 -0.233758838 0.408325823 0.882398339 -0.359119485 0.627303596 0.691030675 -0.359119485 0.627303596 0.691030675 -0.359119485 0.627303596 0.691030675 -0.359161555 0.627322367 0.690991769 -0.359161555 0.627322367 0.690991769 -0.359161555 0.627322367 0.690991769 -0.476201902 0.831748556 0.285352568 -0.476201902 0.831748556 0.285352568 -0.476201902 0.831748556 0.285352568 -0.476512526 0.831798558 0.284687499 -0.476512526 0.831798558 0.284687499 -0.476512526 0.831798558 0.284687499 -0.476413538 0.831625764 -0.285357196 -0.476413538 0.831625764 -0.285357196 -0.476413538 0.831625764 -0.285357196 -0.476305962 0.831930309 -0.284648191 -0.476305962 0.831930309 -0.284648191 -0.476305962 0.831930309 -0.284648191 -0.359141759 0.627342503 -0.690983777 -0.359141759 0.627342503 -0.690983777 -0.359141759 0.627342503 -0.690983777 -0.234208033 0.409110469 -0.881915655 -0.234208033 0.409110469 -0.881915655 -0.234208033 0.409110469 -0.881915655 -0.234235581 0.408656113 -0.882118968 -0.234235581 0.408656113 -0.882118968 -0.234235581 0.408656113 -0.882118968 -0.130052296 0.227170419 -0.965132116 -0.130052296 0.227170419 -0.965132116 -0.130052296 0.227170419 -0.965132116 -0.0417837375 0.072986248 -0.996457288 -0.0417837375 0.072986248 -0.996457288 -0.0417837375 0.072986248 -0.996457288</float_array><technique_common><accessor source="#part3-normals-array" count="2691" stride="3"><param name="X" type="float" /><param name="Y" type="float" /><param name="Z" type="float" /></accessor></technique_common></source><vertices id="part3-vertices"><input semantic="POSITION" source="#part3-positions" /></vertices><triangles count="897" material="material"><input semantic="VERTEX" source="#part3-vertices" offset="0" /><input semantic="NORMAL" source="#part3-normals" offset="0" /><p>0 1 2 3 4 5 6 7 8 9 10 11 12 13 14 15 16 17 18 19 20 21 22 23 24 25 26 27 28 29 30 31 32 33 34 35 36 37 38 39 40 41 42 43 44 45 46 47 48 49 50 51 52 53 54 55 56 57 58 59 60 61 62 63 64 65 66 67 68 69 70 71 72 73 74 75 76 77 78 79 80 81 82 83 84 85 86 87 88 89 90 91 92 93 94 95 96 97 98 99 100 101 102 103 104 105 106 107 108 109 110 111 112 113 114 115 116 117 118 119 120 121 122 123 124 125 126 127 128 129 130 131 132 133 134 135 136 137 138 139 140 141 142 143 144 145 146 147 148 149 150 151 152 153 154 155 156 157 158 159 160 161 162 163 164 165 166 167 168 169 170 171 172 173 174 175 176 177 178 179 180 181 182 183 184 185 186 187 188 189 190 191 192 193 194 195 196 197 198 199 200 201 202 203 204 205 206 207 208 209 210 211 212 213 214 215 216 217 218 219 220 221 222 223 224 225 226 227 228 229 230 231 232 233 234 235 236 237 238 239 240 241 242 243 244 245 246 247 248 249 250 251 252 253 254 255 256 257 258 259 260 261 262 263 264 265 266 267 268 269 270 271 272 273 274 275 276 277 278 279 280 281 282 283 284 285 286 287 288 289 290 291 292 293 294 295 296 297 298 299 300 301 302 303 304 305 306 307 308 309 310 311 312 313 314 315 316 317 318 319 320 321 322 323 324 325 326 327 328 329 330 331 332 333 334 335 336 337 338 339 340 341 342 343 344 345 346 347 348 349 350 351 352 353 354 355 356 357 358 359 360 361 362 363 364 365 366 367 368 369 370 371 372 373 374 375 376 377 378 379 380 381 382 383 384 385 386 387 388 389 390 391 392 393 394 395 396 397 398 399 400 401 402 403 404 405 406 407 408 409 410 411 412 413 414 415 416 417 418 419 420 421 422 423 424 425 426 427 428 429 430 431 432 433 434 435 436 437 438 439 440 441 442 443 444 445 446 447 448 449 450 451 452 453 454 455 456 457 458 459 460 461 462 463 464 465 466 467 468 469 470 471 472 473 474 475 476 477 478 479 480 481 482 483 484 485 486 487 488 489 490 491 492 493 494 495 496 497 498 499 500 501 502 503 504 505 506 507 508 509 510 511 512 513 514 515 516 517 518 519 520 521 522 523 524 525 526 527 528 529 530 531 532 533 534 535 536 537 538 539 540 541 542 543 544 545 546 547 548 549 550 551 552 553 554 555 556 557 558 559 560 561 562 563 564 565 566 567 568 569 570 571 572 573 574 575 576 577 578 579 580 581 582 583 584 585 586 587 588 589 590 591 592 593 594 595 596 597 598 599 600 601 602 603 604 605 606 607 608 609 610 611 612 613 614 615 616 617 618 619 620 621 622 623 624 625 626 627 628 629 630 631 632 633 634 635 636 637 638 639 640 641 642 643 644 645 646 647 648 649 650 651 652 653 654 655 656 657 658 659 660 661 662 663 664 665 666 667 668 669 670 671 672 673 674 675 676 677 678 679 680 681 682 683 684 685 686 687 688 689 690 691 692 693 694 695 696 697 698 699 700 701 702 703 704 705 706 707 708 709 710 711 712 713 714 715 716 717 718 719 720 721 722 723 724 725 726 727 728 729 730 731 732 733 734 735 736 737 738 739 740 741 742 743 744 745 746 747 748 749 750 751 752 753 754 755 756 757 758 759 760 761 762 763 764 765 766 767 768 769 770 771 772 773 774 775 776 777 778 779 780 781 782 783 784 785 786 787 788 789 790 791 792 793 794 795 796 797 798 799 800 801 802 803 804 805 806 807 808 809 810 811 812 813 814 815 816 817 818 819 820 821 822 823 824 825 826 827 828 829 830 831 832 833 834 835 836 837 838 839 840 841 842 843 844 845 846 847 848 849 850 851 852 853 854 855 856 857 858 859 860 861 862 863 864 865 866 867 868 869 870 871 872 873 874 875 876 877 878 879 880 881 882 883 884 885 886 887 888 889 890 891 892 893 894 895 896 897 898 899 900 901 902 903 904 905 906 907 908 909 910 911 912 913 914 915 916 917 918 919 920 921 922 923 924 925 926 927 928 929 930 931 932 933 934 935 936 937 938 939 940 941 942 943 944 945 946 947 948 949 950 951 952 953 954 955 956 957 958 959 960 961 962 963 964 965 966 967 968 969 970 971 972 973 974 975 976 977 978 979 980 981 982 983 984 985 986 987 988 989 990 991 992 993 994 995 996 997 998 999 1000 1001 1002 1003 1004 1005 1006 1007 1008 1009 1010 1011 1012 1013 1014 1015 1016 1017 1018 1019 1020 1021 1022 1023 1024 1025 1026 1027 1028 1029 1030 1031 1032 1033 1034 1035 1036 1037 1038 1039 1040 1041 1042 1043 1044 1045 1046 1047 1048 1049 1050 1051 1052 1053 1054 1055 1056 1057 1058 1059 1060 1061 1062 1063 1064 1065 1066 1067 1068 1069 1070 1071 1072 1073 1074 1075 1076 1077 1078 1079 1080 1081 1082 1083 1084 1085 1086 1087 1088 1089 1090 1091 1092 1093 1094 1095 1096 1097 1098 1099 1100 1101 1102 1103 1104 1105 1106 1107 1108 1109 1110 1111 1112 1113 1114 1115 1116 1117 1118 1119 1120 1121 1122 1123 1124 1125 1126 1127 1128 1129 1130 1131 1132 1133 1134 1135 1136 1137 1138 1139 1140 1141 1142 1143 1144 1145 1146 1147 1148 1149 1150 1151 1152 1153 1154 1155 1156 1157 1158 1159 1160 1161 1162 1163 1164 1165 1166 1167 1168 1169 1170 1171 1172 1173 1174 1175 1176 1177 1178 1179 1180 1181 1182 1183 1184 1185 1186 1187 1188 1189 1190 1191 1192 1193 1194 1195 1196 1197 1198 1199 1200 1201 1202 1203 1204 1205 1206 1207 1208 1209 1210 1211 1212 1213 1214 1215 1216 1217 1218 1219 1220 1221 1222 1223 1224 1225 1226 1227 1228 1229 1230 1231 1232 1233 1234 1235 1236 1237 1238 1239 1240 1241 1242 1243 1244 1245 1246 1247 1248 1249 1250 1251 1252 1253 1254 1255 1256 1257 1258 1259 1260 1261 1262 1263 1264 1265 1266 1267 1268 1269 1270 1271 1272 1273 1274 1275 1276 1277 1278 1279 1280 1281 1282 1283 1284 1285 1286 1287 1288 1289 1290 1291 1292 1293 1294 1295 1296 1297 1298 1299 1300 1301 1302 1303 1304 1305 1306 1307 1308 1309 1310 1311 1312 1313 1314 1315 1316 1317 1318 1319 1320 1321 1322 1323 1324 1325 1326 1327 1328 1329 1330 1331 1332 1333 1334 1335 1336 1337 1338 1339 1340 1341 1342 1343 1344 1345 1346 1347 1348 1349 1350 1351 1352 1353 1354 1355 1356 1357 1358 1359 1360 1361 1362 1363 1364 1365 1366 1367 1368 1369 1370 1371 1372 1373 1374 1375 1376 1377 1378 1379 1380 1381 1382 1383 1384 1385 1386 1387 1388 1389 1390 1391 1392 1393 1394 1395 1396 1397 1398 1399 1400 1401 1402 1403 1404 1405 1406 1407 1408 1409 1410 1411 1412 1413 1414 1415 1416 1417 1418 1419 1420 1421 1422 1423 1424 1425 1426 1427 1428 1429 1430 1431 1432 1433 1434 1435 1436 1437 1438 1439 1440 1441 1442 1443 1444 1445 1446 1447 1448 1449 1450 1451 1452 1453 1454 1455 1456 1457 1458 1459 1460 1461 1462 1463 1464 1465 1466 1467 1468 1469 1470 1471 1472 1473 1474 1475 1476 1477 1478 1479 1480 1481 1482 1483 1484 1485 1486 1487 1488 1489 1490 1491 1492 1493 1494 1495 1496 1497 1498 1499 1500 1501 1502 1503 1504 1505 1506 1507 1508 1509 1510 1511 1512 1513 1514 1515 1516 1517 1518 1519 1520 1521 1522 1523 1524 1525 1526 1527 1528 1529 1530 1531 1532 1533 1534 1535 1536 1537 1538 1539 1540 1541 1542 1543 1544 1545 1546 1547 1548 1549 1550 1551 1552 1553 1554 1555 1556 1557 1558 1559 1560 1561 1562 1563 1564 1565 1566 1567 1568 1569 1570 1571 1572 1573 1574 1575 1576 1577 1578 1579 1580 1581 1582 1583 1584 1585 1586 1587 1588 1589 1590 1591 1592 1593 1594 1595 1596 1597 1598 1599 1600 1601 1602 1603 1604 1605 1606 1607 1608 1609 1610 1611 1612 1613 1614 1615 1616 1617 1618 1619 1620 1621 1622 1623 1624 1625 1626 1627 1628 1629 1630 1631 1632 1633 1634 1635 1636 1637 1638 1639 1640 1641 1642 1643 1644 1645 1646 1647 1648 1649 1650 1651 1652 1653 1654 1655 1656 1657 1658 1659 1660 1661 1662 1663 1664 1665 1666 1667 1668 1669 1670 1671 1672 1673 1674 1675 1676 1677 1678 1679 1680 1681 1682 1683 1684 1685 1686 1687 1688 1689 1690 1691 1692 1693 1694 1695 1696 1697 1698 1699 1700 1701 1702 1703 1704 1705 1706 1707 1708 1709 1710 1711 1712 1713 1714 1715 1716 1717 1718 1719 1720 1721 1722 1723 1724 1725 1726 1727 1728 1729 1730 1731 1732 1733 1734 1735 1736 1737 1738 1739 1740 1741 1742 1743 1744 1745 1746 1747 1748 1749 1750 1751 1752 1753 1754 1755 1756 1757 1758 1759 1760 1761 1762 1763 1764 1765 1766 1767 1768 1769 1770 1771 1772 1773 1774 1775 1776 1777 1778 1779 1780 1781 1782 1783 1784 1785 1786 1787 1788 1789 1790 1791 1792 1793 1794 1795 1796 1797 1798 1799 1800 1801 1802 1803 1804 1805 1806 1807 1808 1809 1810 1811 1812 1813 1814 1815 1816 1817 1818 1819 1820 1821 1822 1823 1824 1825 1826 1827 1828 1829 1830 1831 1832 1833 1834 1835 1836 1837 1838 1839 1840 1841 1842 1843 1844 1845 1846 1847 1848 1849 1850 1851 1852 1853 1854 1855 1856 1857 1858 1859 1860 1861 1862 1863 1864 1865 1866 1867 1868 1869 1870 1871 1872 1873 1874 1875 1876 1877 1878 1879 1880 1881 1882 1883 1884 1885 1886 1887 1888 1889 1890 1891 1892 1893 1894 1895 1896 1897 1898 1899 1900 1901 1902 1903 1904 1905 1906 1907 1908 1909 1910 1911 1912 1913 1914 1915 1916 1917 1918 1919 1920 1921 1922 1923 1924 1925 1926 1927 1928 1929 1930 1931 1932 1933 1934 1935 1936 1937 1938 1939 1940 1941 1942 1943 1944 1945 1946 1947 1948 1949 1950 1951 1952 1953 1954 1955 1956 1957 1958 1959 1960 1961 1962 1963 1964 1965 1966 1967 1968 1969 1970 1971 1972 1973 1974 1975 1976 1977 1978 1979 1980 1981 1982 1983 1984 1985 1986 1987 1988 1989 1990 1991 1992 1993 1994 1995 1996 1997 1998 1999 2000 2001 2002 2003 2004 2005 2006 2007 2008 2009 2010 2011 2012 2013 2014 2015 2016 2017 2018 2019 2020 2021 2022 2023 2024 2025 2026 2027 2028 2029 2030 2031 2032 2033 2034 2035 2036 2037 2038 2039 2040 2041 2042 2043 2044 2045 2046 2047 2048 2049 2050 2051 2052 2053 2054 2055 2056 2057 2058 2059 2060 2061 2062 2063 2064 2065 2066 2067 2068 2069 2070 2071 2072 2073 2074 2075 2076 2077 2078 2079 2080 2081 2082 2083 2084 2085 2086 2087 2088 2089 2090 2091 2092 2093 2094 2095 2096 2097 2098 2099 2100 2101 2102 2103 2104 2105 2106 2107 2108 2109 2110 2111 2112 2113 2114 2115 2116 2117 2118 2119 2120 2121 2122 2123 2124 2125 2126 2127 2128 2129 2130 2131 2132 2133 2134 2135 2136 2137 2138 2139 2140 2141 2142 2143 2144 2145 2146 2147 2148 2149 2150 2151 2152 2153 2154 2155 2156 2157 2158 2159 2160 2161 2162 2163 2164 2165 2166 2167 2168 2169 2170 2171 2172 2173 2174 2175 2176 2177 2178 2179 2180 2181 2182 2183 2184 2185 2186 2187 2188 2189 2190 2191 2192 2193 2194 2195 2196 2197 2198 2199 2200 2201 2202 2203 2204 2205 2206 2207 2208 2209 2210 2211 2212 2213 2214 2215 2216 2217 2218 2219 2220 2221 2222 2223 2224 2225 2226 2227 2228 2229 2230 2231 2232 2233 2234 2235 2236 2237 2238 2239 2240 2241 2242 2243 2244 2245 2246 2247 2248 2249 2250 2251 2252 2253 2254 2255 2256 2257 2258 2259 2260 2261 2262 2263 2264 2265 2266 2267 2268 2269 2270 2271 2272 2273 2274 2275 2276 2277 2278 2279 2280 2281 2282 2283 2284 2285 2286 2287 2288 2289 2290 2291 2292 2293 2294 2295 2296 2297 2298 2299 2300 2301 2302 2303 2304 2305 2306 2307 2308 2309 2310 2311 2312 2313 2314 2315 2316 2317 2318 2319 2320 2321 2322 2323 2324 2325 2326 2327 2328 2329 2330 2331 2332 2333 2334 2335 2336 2337 2338 2339 2340 2341 2342 2343 2344 2345 2346 2347 2348 2349 2350 2351 2352 2353 2354 2355 2356 2357 2358 2359 2360 2361 2362 2363 2364 2365 2366 2367 2368 2369 2370 2371 2372 2373 2374 2375 2376 2377 2378 2379 2380 2381 2382 2383 2384 2385 2386 2387 2388 2389 2390 2391 2392 2393 2394 2395 2396 2397 2398 2399 2400 2401 2402 2403 2404 2405 2406 2407 2408 2409 2410 2411 2412 2413 2414 2415 2416 2417 2418 2419 2420 2421 2422 2423 2424 2425 2426 2427 2428 2429 2430 2431 2432 2433 2434 2435 2436 2437 2438 2439 2440 2441 2442 2443 2444 2445 2446 2447 2448 2449 2450 2451 2452 2453 2454 2455 2456 2457 2458 2459 2460 2461 2462 2463 2464 2465 2466 2467 2468 2469 2470 2471 2472 2473 2474 2475 2476 2477 2478 2479 2480 2481 2482 2483 2484 2485 2486 2487 2488 2489 2490 2491 2492 2493 2494 2495 2496 2497 2498 2499 2500 2501 2502 2503 2504 2505 2506 2507 2508 2509 2510 2511 2512 2513 2514 2515 2516 2517 2518 2519 2520 2521 2522 2523 2524 2525 2526 2527 2528 2529 2530 2531 2532 2533 2534 2535 2536 2537 2538 2539 2540 2541 2542 2543 2544 2545 2546 2547 2548 2549 2550 2551 2552 2553 2554 2555 2556 2557 2558 2559 2560 2561 2562 2563 2564 2565 2566 2567 2568 2569 2570 2571 2572 2573 2574 2575 2576 2577 2578 2579 2580 2581 2582 2583 2584 2585 2586 2587 2588 2589 2590 2591 2592 2593 2594 2595 2596 2597 2598 2599 2600 2601 2602 2603 2604 2605 2606 2607 2608 2609 2610 2611 2612 2613 2614 2615 2616 2617 2618 2619 2620 2621 2622 2623 2624 2625 2626 2627 2628 2629 2630 2631 2632 2633 2634 2635 2636 2637 2638 2639 2640 2641 2642 2643 2644 2645 2646 2647 2648 2649 2650 2651 2652 2653 2654 2655 2656 2657 2658 2659 2660 2661 2662 2663 2664 2665 2666 2667 2668 2669 2670 2671 2672 2673 2674 2675 2676 2677 2678 2679 2680 2681 2682 2683 2684 2685 2686 2687 2688 2689 2690</p></triangles></mesh></geometry></library_geometries><library_visual_scenes><visual_scene id="scene"><node id="part0-node"><instance_geometry url="#part0"><bind_material><technique_common><instance_material symbol="material" target="#part0-material" /></technique_common></bind_material></instance_geometry></node><node id="part1-node"><instance_geometry url="#part1"><bind_material><technique_common><instance_material symbol="material" target="#part1-material" /></technique_common></bind_material></instance_geometry></node><node id="part2-node"><instance_geometry url="#part2"><bind_material><technique_common><instance_material symbol="material" target="#part2-material" /></technique_common></bind_material></instance_geometry></node><node id="part3-node"><instance_geometry url="#part3"><bind_material><technique_common><instance_material symbol="material" target="#part3-material" /></technique_common></bind_material></instance_geometry></node></visual_scene></library_visual_scenes><scene><instance_visual_scene url="#scene" /></scene></COLLADA>