<?xml version='1.0' encoding='utf-8'?>
<COLLADA xmlns="http://www.collada.org/2005/11/COLLADASchema" version="1.4.1"><asset><created>2026-10-07T00:00:00Z</created><modified>2026-10-07T00:00:00Z</modified><unit name="meter" meter="1" /><up_axis>Z_UP</up_axis></asset><library_effects><effect id="part0-effect"><profile_COMMON><technique sid="common"><phong><diffuse><color>0.6 0.6588235294117647 0.6509803921568628 1.0</color></diffuse><specular><color>0.04 0.04 0.04 1</color></specular><shininess><float>6.0</float></shininess></phong></technique></profile_COMMON></effect><effect id="part1-effect"><profile_COMMON><technique sid="common"><phong><diffuse><color>0.07058823529411765 0.09019607843137255 0.10196078431372549 1.0</color></diffuse><specular><color>0.04 0.04 0.04 1</color></specular><shininess><float>7.876543209876543</float></shininess></phong></technique></profile_COMMON></effect><effect id="part2-effect"><profile_COMMON><technique sid="common"><phong><diffuse><color>0.788235294117647 0.8 0.6980392156862745 1.0</color></diffuse><specular><color>0.04 0.04 0.04 1</color></specular><shininess><float>2.733727810650887</float></shininess></phong></technique></profile_COMMON></effect><effect id="part3-effect"><profile_COMMON><technique sid="common"><phong><diffuse><color>0.2196078431372549 0.3215686274509804 0.4 1.0</color></diffuse><specular><color>0.04 0.04 0.04 1</color></specular><shininess><float>2.733727810650887</float></shininess></phong></technique></profile_COMMON></effect></library_effects><library_materials><material id="part0-material" name="silver"><instance_effect url="#part0-effect" /></material><material id="part1-material" name="dark"><instance_effect url="#part1-effect" /></material><material id="part2-material" name="cream"><instance_effect url="#part2-effect" /></material><material id="part3-material" name="blue"><instance_effect url="#part3-effect" /></material></library_materials><library_geometries><geometry id="part0"><mesh><source id="part0-positions"><float_array id="part0-positions-array" count="1944">0.747839025 0.0365436059 -0.0566526858 0.747839025 0.0257531711 -0.0308995147 0.819631372 0.0247460639 -0.0320504944 0.747839025 0.0365436059 -0.0566526858 0.819631372 0.0247460639 -0.0320504944 0.819631372 0.0349610088 -0.0566526858 0.819631372 0.0349610088 -0.0566526858 0.819631372 0.0247460639 -0.0320504944 0.922787942 0.0230195943 -0.0336330871 0.819631372 0.0349610088 -0.0566526858 0.922787942 0.0230195943 -0.0336330871 0.922787942 0.0326590494 -0.0566526858 0.922787942 0.0326590494 -0.0566526858 0.922787942 0.0230195943 -0.0336330871 1.03835352 0.0210053798 -0.0356473016 0.922787942 0.0326590494 -0.0566526858 1.03835352 0.0210053798 -0.0356473016 1.03835352 0.0297816001 -0.0566526858 1.03835352 0.0297816001 -0.0566526858 1.03835352 0.0210053798 -0.0356473016 1.14755269 0.0185595479 -0.0380931379 1.03835352 0.0297816001 -0.0566526858 1.14755269 0.0185595479 -0.0380931379 1.14755269 0.026328661 -0.0566526858 1.14755269 0.026328661 -0.0566526858 1.14755269 0.0185595479 -0.0380931379 1.25693176 0.0152504812 -0.0414022002 1.14755269 0.026328661 -0.0566526858 1.25693176 0.0152504812 -0.0414022002 1.25693176 0.0215808696 -0.0566526858 1.25693176 0.0215808696 -0.0566526858 1.25693176 0.0152504812 -0.0414022002 1.37246134 0.0112220522 -0.0454306292 1.25693176 0.0215808696 -0.0566526858 1.37246134 0.0112220522 -0.0454306292 1.37246134 0.0158259711 -0.0566526858 1.37246134 0.0158259711 -0.0566526858 1.37246134 0.0112220522 -0.0454306292 1.47547404 0.00733749568 -0.0493151901 1.37246134 0.0158259711 -0.0566526858 1.47547404 0.00733749568 -0.0493151901 1.47547404 0.0103588174 -0.0566526858 1.47547404 0.0103588174 -0.0566526858 1.47547404 0.00733749568 -0.0493151901 1.54741026 0.00460391886 -0.0520487669 1.47547404 0.0103588174 -0.0566526858 1.54741026 0.00460391886 -0.0520487669 1.54741026 0.00661813336 -0.0566526858 1.54741026 0.00661813336 -0.0566526858 1.54741026 0.00460391886 -0.0520487669 1.54798573 0.00345293914 -0.0531997466 1.54741026 0.00661813336 -0.0566526858 1.54798573 0.00345293914 -0.0531997466 1.54798573 0.00489166379 -0.0566526858 1.54798573 0.00489166379 -0.0566526858 1.54798573 0.00345293914 -0.0531997466 1.54870507 0.00230195943 -0.0543507264 1.54798573 0.00489166379 -0.0566526858 1.54870507 0.00230195943 -0.0543507264 1.54870507 0.00330906668 -0.0566526858 1.54870507 0.00330906668 -0.0566526858 1.54870507 0.00230195943 -0.0543507264 1.54928061 0.00115097971 -0.0555017061 1.54870507 0.00330906668 -0.0566526858 1.54928061 0.00115097971 -0.0555017061 1.54928061 0.00158259711 -0.0566526858 1.54928061 0.00158259711 -0.0566526858 1.54928061 0.00115097971 -0.0555017061 1.54999995 0 -0.0566526858 0.747839025 0.0257531711 -0.0308995147 0.747839025 0 -0.0201090755 0.819631372 0 -0.021835545 0.747839025 0.0257531711 -0.0308995147 0.819631372 0 -0.021835545 0.819631372 0.0247460639 -0.0320504944 0.819631372 0.0247460639 -0.0320504944 0.819631372 0 -0.021835545 0.922787942 0 -0.0239936364 0.819631372 0.0247460639 -0.0320504944 0.922787942 0 -0.0239936364 0.922787942 0.0230195943 -0.0336330871 0.922787942 0.0230195943 -0.0336330871 0.922787942 0 -0.0239936364 1.03835352 0 -0.0268710857 0.922787942 0.0230195943 -0.0336330871 1.03835352 0 -0.0268710857 1.03835352 0.0210053798 -0.0356473016 1.03835352 0.0210053798 -0.0356473016 1.03835352 0 -0.0268710857 1.14755269 0 -0.0303240248 1.03835352 0.0210053798 -0.0356473016 1.14755269 0 -0.0303240248 1.14755269 0.0185595479 -0.0380931379 1.14755269 0.0185595479 -0.0380931379 1.14755269 0 -0.0303240248 1.25693176 0 -0.0350718118 1.14755269 0.0185595479 -0.0380931379 1.25693176 0 -0.0350718118 1.25693176 0.0152504812 -0.0414022002 1.25693176 0.0152504812 -0.0414022002 1.25693176 0 -0.0350718118 1.37246134 0 -0.0408267103 1.25693176 0.0152504812 -0.0414022002 1.37246134 0 -0.0408267103 1.37246134 0.0112220522 -0.0454306292 1.37246134 0.0112220522 -0.0454306292 1.37246134 0 -0.0408267103 1.47547404 0 -0.046293864 1.37246134 0.0112220522 -0.0454306292 1.47547404 0 -0.046293864 1.47547404 0.00733749568 -0.0493151901 1.47547404 0.00733749568 -0.0493151901 1.47547404 0 -0.046293864 1.54741026 0 -0.050034548 1.47547404 0.00733749568 -0.0493151901 1.54741026 0 -0.050034548 1.54741026 0.00460391886 -0.0520487669 1.54741026 0.00460391886 -0.0520487669 1.54741026 0 -0.050034548 1.54798573 0 -0.051761022 1.54741026 0.00460391886 -0.0520487669 1.54798573 0 -0.051761022 1.54798573 0.00345293914 -0.0531997466 1.54798573 0.00345293914 -0.0531997466 1.54798573 0 -0.051761022 1.54870507 0 -0.0533436191 1.54798573 0.00345293914 -0.0531997466 1.54870507 0 -0.0533436191 1.54870507 0.00230195943 -0.0543507264 1.54870507 0.00230195943 -0.0543507264 1.54870507 0 -0.0533436191 1.54928061 0 -0.0550700887 1.54870507 0.00230195943 -0.0543507264 1.54928061 0 -0.0550700887 1.54928061 0.00115097971 -0.0555017061 1.54928061 0.00115097971 -0.0555017061 1.54928061 0 -0.0550700887 1.54999995 0 -0.0566526858 0.747839025 0 -0.0201090755 0.747839025 -0.0257531711 -0.0308995147 0.819631372 -0.0247460639 -0.0320504944 0.747839025 0 -0.0201090755 0.819631372 -0.0247460639 -0.0320504944 0.819631372 0 -0.021835545 0.819631372 0 -0.021835545 0.819631372 -0.0247460639 -0.0320504944 0.922787942 -0.0230195943 -0.0336330871 0.819631372 0 -0.021835545 0.922787942 -0.0230195943 -0.0336330871 0.922787942 0 -0.0239936364 0.922787942 0 -0.0239936364 0.922787942 -0.0230195943 -0.0336330871 1.03835352 -0.0210053798 -0.0356473016 0.922787942 0 -0.0239936364 1.03835352 -0.0210053798 -0.0356473016 1.03835352 0 -0.0268710857 1.03835352 0 -0.0268710857 1.03835352 -0.0210053798 -0.0356473016 1.14755269 -0.0185595479 -0.0380931379 1.03835352 0 -0.0268710857 1.14755269 -0.0185595479 -0.0380931379 1.14755269 0 -0.0303240248 1.14755269 0 -0.0303240248 1.14755269 -0.0185595479 -0.0380931379 1.25693176 -0.0152504812 -0.0414022002 1.14755269 0 -0.0303240248 1.25693176 -0.0152504812 -0.0414022002 1.25693176 0 -0.0350718118 1.25693176 0 -0.0350718118 1.25693176 -0.0152504812 -0.0414022002 1.37246134 -0.0112220522 -0.0454306292 1.25693176 0 -0.0350718118 1.37246134 -0.0112220522 -0.0454306292 1.37246134 0 -0.0408267103 1.37246134 0 -0.0408267103 1.37246134 -0.0112220522 -0.0454306292 1.47547404 -0.00733749568 -0.0493151901 1.37246134 0 -0.0408267103 1.47547404 -0.00733749568 -0.0493151901 1.47547404 0 -0.046293864 1.47547404 0 -0.046293864 1.47547404 -0.00733749568 -0.0493151901 1.54741026 -0.00460391886 -0.0520487669 1.47547404 0 -0.046293864 1.54741026 -0.00460391886 -0.0520487669 1.54741026 0 -0.050034548 1.54741026 0 -0.050034548 1.54741026 -0.00460391886 -0.0520487669 1.54798573 -0.00345293914 -0.0531997466 1.54741026 0 -0.050034548 1.54798573 -0.00345293914 -0.0531997466 1.54798573 0 -0.051761022 1.54798573 0 -0.051761022 1.54798573 -0.00345293914 -0.0531997466 1.54870507 -0.00230195943 -0.0543507264 1.54798573 0 -0.051761022 1.54870507 -0.00230195943 -0.0543507264 1.54870507 0 -0.0533436191 1.54870507 0 -0.0533436191 1.54870507 -0.00230195943 -0.0543507264 1.54928061 -0.00115097971 -0.0555017061 1.54870507 0 -0.0533436191 1.54928061 -0.00115097971 -0.0555017061 1.54928061 0 -0.0550700887 1.54928061 0 -0.0550700887 1.54928061 -0.00115097971 -0.0555017061 1.54999995 0 -0.0566526858 0.747839025 -0.0257531711 -0.0308995147 0.747839025 -0.0365436059 -0.0566526858 0.819631372 -0.0349610088 -0.0566526858 0.747839025 -0.0257531711 -0.0308995147 0.819631372 -0.0349610088 -0.0566526858 0.819631372 -0.0247460639 -0.0320504944 0.819631372 -0.0247460639 -0.0320504944 0.819631372 -0.0349610088 -0.0566526858 0.922787942 -0.0326590494 -0.0566526858 0.819631372 -0.0247460639 -0.0320504944 0.922787942 -0.0326590494 -0.0566526858 0.922787942 -0.0230195943 -0.0336330871 0.922787942 -0.0230195943 -0.0336330871 0.922787942 -0.0326590494 -0.0566526858 1.03835352 -0.0297816001 -0.0566526858 0.922787942 -0.0230195943 -0.0336330871 1.03835352 -0.0297816001 -0.0566526858 1.03835352 -0.0210053798 -0.0356473016 1.03835352 -0.0210053798 -0.0356473016 1.03835352 -0.0297816001 -0.0566526858 1.14755269 -0.026328661 -0.0566526858 1.03835352 -0.0210053798 -0.0356473016 1.14755269 -0.026328661 -0.0566526858 1.14755269 -0.0185595479 -0.0380931379 1.14755269 -0.0185595479 -0.0380931379 1.14755269 -0.026328661 -0.0566526858 1.25693176 -0.0215808696 -0.0566526858 1.14755269 -0.0185595479 -0.0380931379 1.25693176 -0.0215808696 -0.0566526858 1.25693176 -0.0152504812 -0.0414022002 1.25693176 -0.0152504812 -0.0414022002 1.25693176 -0.0215808696 -0.0566526858 1.37246134 -0.0158259711 -0.0566526858 1.25693176 -0.0152504812 -0.0414022002 1.37246134 -0.0158259711 -0.0566526858 1.37246134 -0.0112220522 -0.0454306292 1.37246134 -0.0112220522 -0.0454306292 1.37246134 -0.0158259711 -0.0566526858 1.47547404 -0.0103588174 -0.0566526858 1.37246134 -0.0112220522 -0.0454306292 1.47547404 -0.0103588174 -0.0566526858 1.47547404 -0.00733749568 -0.0493151901 1.47547404 -0.00733749568 -0.0493151901 1.47547404 -0.0103588174 -0.0566526858 1.54741026 -0.00661813336 -0.0566526858 1.47547404 -0.00733749568 -0.0493151901 1.54741026 -0.00661813336 -0.0566526858 1.54741026 -0.00460391886 -0.0520487669 1.54741026 -0.00460391886 -0.0520487669 1.54741026 -0.00661813336 -0.0566526858 1.54798573 -0.00489166379 -0.0566526858 1.54741026 -0.00460391886 -0.0520487669 1.54798573 -0.00489166379 -0.0566526858 1.54798573 -0.00345293914 -0.0531997466 1.54798573 -0.00345293914 -0.0531997466 1.54798573 -0.00489166379 -0.0566526858 1.54870507 -0.00330906668 -0.0566526858 1.54798573 -0.00345293914 -0.0531997466 1.54870507 -0.00330906668 -0.0566526858 1.54870507 -0.00230195943 -0.0543507264 1.54870507 -0.00230195943 -0.0543507264 1.54870507 -0.00330906668 -0.0566526858 1.54928061 -0.00158259711 -0.0566526858 1.54870507 -0.00230195943 -0.0543507264 1.54928061 -0.00158259711 -0.0566526858 1.54928061 -0.00115097971 -0.0555017061 1.54928061 -0.00115097971 -0.0555017061 1.54928061 -0.00158259711 -0.0566526858 1.54999995 0 -0.0566526858 0.747839025 -0.0365436059 -0.0566526858 0.747839025 -0.0257531711 -0.0825497294 0.819631372 -0.0247460639 -0.0813987496 0.747839025 -0.0365436059 -0.0566526858 0.819631372 -0.0247460639 -0.0813987496 0.819631372 -0.0349610088 -0.0566526858 0.819631372 -0.0349610088 -0.0566526858 0.819631372 -0.0247460639 -0.0813987496 0.922787942 -0.0230195943 -0.0796722801 0.819631372 -0.0349610088 -0.0566526858 0.922787942 -0.0230195943 -0.0796722801 0.922787942 -0.0326590494 -0.0566526858 0.922787942 -0.0326590494 -0.0566526858 0.922787942 -0.0230195943 -0.0796722801 1.03835352 -0.0210053798 -0.0776580656 0.922787942 -0.0326590494 -0.0566526858 1.03835352 -0.0210053798 -0.0776580656 1.03835352 -0.0297816001 -0.0566526858 1.03835352 -0.0297816001 -0.0566526858 1.03835352 -0.0210053798 -0.0776580656 1.14755269 -0.0185595479 -0.0752122337 1.03835352 -0.0297816001 -0.0566526858 1.14755269 -0.0185595479 -0.0752122337 1.14755269 -0.026328661 -0.0566526858 1.14755269 -0.026328661 -0.0566526858 1.14755269 -0.0185595479 -0.0752122337 1.25693176 -0.0152504812 -0.071903167 1.14755269 -0.026328661 -0.0566526858 1.25693176 -0.0152504812 -0.071903167 1.25693176 -0.0215808696 -0.0566526858 1.25693176 -0.0215808696 -0.0566526858 1.25693176 -0.0152504812 -0.071903167 1.37246134 -0.0112220522 -0.067874738 1.25693176 -0.0215808696 -0.0566526858 1.37246134 -0.0112220522 -0.067874738 1.37246134 -0.0158259711 -0.0566526858 1.37246134 -0.0158259711 -0.0566526858 1.37246134 -0.0112220522 -0.067874738 1.47547404 -0.00733749568 -0.0639901815 1.37246134 -0.0158259711 -0.0566526858 1.47547404 -0.00733749568 -0.0639901815 1.47547404 -0.0103588174 -0.0566526858 1.47547404 -0.0103588174 -0.0566526858 1.47547404 -0.00733749568 -0.0639901815 1.54741026 -0.00460391886 -0.0612566046 1.47547404 -0.0103588174 -0.0566526858 1.54741026 -0.00460391886 -0.0612566046 1.54741026 -0.00661813336 -0.0566526858 1.54741026 -0.00661813336 -0.0566526858 1.54741026 -0.00460391886 -0.0612566046 1.54798573 -0.00345293914 -0.0601056249 1.54741026 -0.00661813336 -0.0566526858 1.54798573 -0.00345293914 -0.0601056249 1.54798573 -0.00489166379 -0.0566526858 1.54798573 -0.00489166379 -0.0566526858 1.54798573 -0.00345293914 -0.0601056249 1.54870507 -0.00230195943 -0.0589546452 1.54798573 -0.00489166379 -0.0566526858 1.54870507 -0.00230195943 -0.0589546452 1.54870507 -0.00330906668 -0.0566526858 1.54870507 -0.00330906668 -0.0566526858 1.54870507 -0.00230195943 -0.0589546452 1.54928061 -0.00115097971 -0.0578036655 1.54870507 -0.00330906668 -0.0566526858 1.54928061 -0.00115097971 -0.0578036655 1.54928061 -0.00158259711 -0.0566526858 1.54928061 -0.00158259711 -0.0566526858 1.54928061 -0.00115097971 -0.0578036655 1.54999995 0 -0.0566526858 0.747839025 -0.0257531711 -0.0825497294 0.747839025 0 -0.0931962917 0.819631372 0 -0.0916136946 0.747839025 -0.0257531711 -0.0825497294 0.819631372 0 -0.0916136946 0.819631372 -0.0247460639 -0.0813987496 0.819631372 -0.0247460639 -0.0813987496 0.819631372 0 -0.0916136946 0.922787942 0 -0.0893117352 0.819631372 -0.0247460639 -0.0813987496 0.922787942 0 -0.0893117352 0.922787942 -0.0230195943 -0.0796722801 0.922787942 -0.0230195943 -0.0796722801 0.922787942 0 -0.0893117352 1.03835352 0 -0.0864342859 0.922787942 -0.0230195943 -0.0796722801 1.03835352 0 -0.0864342859 1.03835352 -0.0210053798 -0.0776580656 1.03835352 -0.0210053798 -0.0776580656 1.03835352 0 -0.0864342859 1.14755269 0 -0.0829813468 1.03835352 -0.0210053798 -0.0776580656 1.14755269 0 -0.0829813468 1.14755269 -0.0185595479 -0.0752122337 1.14755269 -0.0185595479 -0.0752122337 1.14755269 0 -0.0829813468 1.25693176 0 -0.0782335554 1.14755269 -0.0185595479 -0.0752122337 1.25693176 0 -0.0782335554 1.25693176 -0.0152504812 -0.071903167 1.25693176 -0.0152504812 -0.071903167 1.25693176 0 -0.0782335554 1.37246134 0 -0.0724786569 1.25693176 -0.0152504812 -0.071903167 1.37246134 0 -0.0724786569 1.37246134 -0.0112220522 -0.067874738 1.37246134 -0.0112220522 -0.067874738 1.37246134 0 -0.0724786569 1.47547404 0 -0.0670115032 1.37246134 -0.0112220522 -0.067874738 1.47547404 0 -0.0670115032 1.47547404 -0.00733749568 -0.0639901815 1.47547404 -0.00733749568 -0.0639901815 1.47547404 0 -0.0670115032 1.54741026 0 -0.0632708191 1.47547404 -0.00733749568 -0.0639901815 1.54741026 0 -0.0632708191 1.54741026 -0.00460391886 -0.0612566046 1.54741026 -0.00460391886 -0.0612566046 1.54741026 0 -0.0632708191 1.54798573 0 -0.0615443496 1.54741026 -0.00460391886 -0.0612566046 1.54798573 0 -0.0615443496 1.54798573 -0.00345293914 -0.0601056249 1.54798573 -0.00345293914 -0.0601056249 1.54798573 0 -0.0615443496 1.54870507 0 -0.0599617525 1.54798573 -0.00345293914 -0.0601056249 1.54870507 0 -0.0599617525 1.54870507 -0.00230195943 -0.0589546452 1.54870507 -0.00230195943 -0.0589546452 1.54870507 0 -0.0599617525 1.54928061 0 -0.0583791554 1.54870507 -0.00230195943 -0.0589546452 1.54928061 0 -0.0583791554 1.54928061 -0.00115097971 -0.0578036655 1.54928061 -0.00115097971 -0.0578036655 1.54928061 0 -0.0583791554 1.54999995 0 -0.0566526858 0.747839025 0 -0.0931962917 0.747839025 0.0257531711 -0.0825497294 0.819631372 0.0247460639 -0.0813987496 0.747839025 0 -0.0931962917 0.819631372 0.0247460639 -0.0813987496 0.819631372 0 -0.0916136946 0.819631372 0 -0.0916136946 0.819631372 0.0247460639 -0.0813987496 0.922787942 0.0230195943 -0.0796722801 0.819631372 0 -0.0916136946 0.922787942 0.0230195943 -0.0796722801 0.922787942 0 -0.0893117352 0.922787942 0 -0.0893117352 0.922787942 0.0230195943 -0.0796722801 1.03835352 0.0210053798 -0.0776580656 0.922787942 0 -0.0893117352 1.03835352 0.0210053798 -0.0776580656 1.03835352 0 -0.0864342859 1.03835352 0 -0.0864342859 1.03835352 0.0210053798 -0.0776580656 1.14755269 0.0185595479 -0.0752122337 1.03835352 0 -0.0864342859 1.14755269 0.0185595479 -0.0752122337 1.14755269 0 -0.0829813468 1.14755269 0 -0.0829813468 1.14755269 0.0185595479 -0.0752122337 1.25693176 0.0152504812 -0.071903167 1.14755269 0 -0.0829813468 1.25693176 0.0152504812 -0.071903167 1.25693176 0 -0.0782335554 1.25693176 0 -0.0782335554 1.25693176 0.0152504812 -0.071903167 1.37246134 0.0112220522 -0.067874738 1.25693176 0 -0.0782335554 1.37246134 0.0112220522 -0.067874738 1.37246134 0 -0.0724786569 1.37246134 0 -0.0724786569 1.37246134 0.0112220522 -0.067874738 1.47547404 0.00733749568 -0.0639901815 1.37246134 0 -0.0724786569 1.47547404 0.00733749568 -0.0639901815 1.47547404 0 -0.0670115032 1.47547404 0 -0.0670115032 1.47547404 0.00733749568 -0.0639901815 1.54741026 0.00460391886 -0.0612566046 1.47547404 0 -0.0670115032 1.54741026 0.00460391886 -0.0612566046 1.54741026 0 -0.0632708191 1.54741026 0 -0.0632708191 1.54741026 0.00460391886 -0.0612566046 1.54798573 0.00345293914 -0.0601056249 1.54741026 0 -0.0632708191 1.54798573 0.00345293914 -0.0601056249 1.54798573 0 -0.0615443496 1.54798573 0 -0.0615443496 1.54798573 0.00345293914 -0.0601056249 1.54870507 0.00230195943 -0.0589546452 1.54798573 0 -0.0615443496 1.54870507 0.00230195943 -0.0589546452 1.54870507 0 -0.0599617525 1.54870507 0 -0.0599617525 1.54870507 0.00230195943 -0.0589546452 1.54928061 0.00115097971 -0.0578036655 1.54870507 0 -0.0599617525 1.54928061 0.00115097971 -0.0578036655 1.54928061 0 -0.0583791554 1.54928061 0 -0.0583791554 1.54928061 0.00115097971 -0.0578036655 1.54999995 0 -0.0566526858 0.747839025 0.0257531711 -0.0825497294 0.747839025 0.0365436059 -0.0566526858 0.819631372 0.0349610088 -0.0566526858 0.747839025 0.0257531711 -0.0825497294 0.819631372 0.0349610088 -0.0566526858 0.819631372 0.0247460639 -0.0813987496 0.819631372 0.0247460639 -0.0813987496 0.819631372 0.0349610088 -0.0566526858 0.922787942 0.0326590494 -0.0566526858 0.819631372 0.0247460639 -0.0813987496 0.922787942 0.0326590494 -0.0566526858 0.922787942 0.0230195943 -0.0796722801 0.922787942 0.0230195943 -0.0796722801 0.922787942 0.0326590494 -0.0566526858 1.03835352 0.0297816001 -0.0566526858 0.922787942 0.0230195943 -0.0796722801 1.03835352 0.0297816001 -0.0566526858 1.03835352 0.0210053798 -0.0776580656 1.03835352 0.0210053798 -0.0776580656 1.03835352 0.0297816001 -0.0566526858 1.14755269 0.026328661 -0.0566526858 1.03835352 0.0210053798 -0.0776580656 1.14755269 0.026328661 -0.0566526858 1.14755269 0.0185595479 -0.0752122337 1.14755269 0.0185595479 -0.0752122337 1.14755269 0.026328661 -0.0566526858 1.25693176 0.0215808696 -0.0566526858 1.14755269 0.0185595479 -0.0752122337 1.25693176 0.0215808696 -0.0566526858 1.25693176 0.0152504812 -0.071903167 1.25693176 0.0152504812 -0.071903167 1.25693176 0.0215808696 -0.0566526858 1.37246134 0.0158259711 -0.0566526858 1.25693176 0.0152504812 -0.071903167 1.37246134 0.0158259711 -0.0566526858 1.37246134 0.0112220522 -0.067874738 1.37246134 0.0112220522 -0.067874738 1.37246134 0.0158259711 -0.0566526858 1.47547404 0.0103588174 -0.0566526858 1.37246134 0.0112220522 -0.067874738 1.47547404 0.0103588174 -0.0566526858 1.47547404 0.00733749568 -0.0639901815 1.47547404 0.00733749568 -0.0639901815 1.47547404 0.0103588174 -0.0566526858 1.54741026 0.00661813336 -0.0566526858 1.47547404 0.00733749568 -0.0639901815 1.54741026 0.00661813336 -0.0566526858 1.54741026 0.00460391886 -0.0612566046 1.54741026 0.00460391886 -0.0612566046 1.54741026 0.00661813336 -0.0566526858 1.54798573 0.00489166379 -0.0566526858 1.54741026 0.00460391886 -0.0612566046 1.54798573 0.00489166379 -0.0566526858 1.54798573 0.00345293914 -0.0601056249 1.54798573 0.00345293914 -0.0601056249 1.54798573 0.00489166379 -0.0566526858 1.54870507 0.00330906668 -0.0566526858 1.54798573 0.00345293914 -0.0601056249 1.54870507 0.00330906668 -0.0566526858 1.54870507 0.00230195943 -0.0589546452 1.54870507 0.00230195943 -0.0589546452 1.54870507 0.00330906668 -0.0566526858 1.54928061 0.00158259711 -0.0566526858 1.54870507 0.00230195943 -0.0589546452 1.54928061 0.00158259711 -0.0566526858 1.54928061 0.00115097971 -0.0578036655 1.54928061 0.00115097971 -0.0578036655 1.54928061 0.00158259711 -0.0566526858 1.54999995 0 -0.0566526858 0.747839025 0 -0.0566526858 0.747839025 0.0257531711 -0.0308995147 0.747839025 0.0365436059 -0.0566526858 0.747839025 0 -0.0566526858 0.747839025 0 -0.0201090755 0.747839025 0.0257531711 -0.0308995147 0.747839025 0 -0.0566526858 0.747839025 -0.0257531711 -0.0308995147 0.747839025 0 -0.0201090755 0.747839025 0 -0.0566526858 0.747839025 -0.0365436059 -0.0566526858 0.747839025 -0.0257531711 -0.0308995147 0.747839025 0 -0.0566526858 0.747839025 -0.0257531711 -0.0825497294 0.747839025 -0.0365436059 -0.0566526858 0.747839025 0 -0.0566526858 0.747839025 0 -0.0931962917 0.747839025 -0.0257531711 -0.0825497294 0.747839025 0 -0.0566526858 0.747839025 0.0257531711 -0.0825497294 0.747839025 0 -0.0931962917 0.747839025 0 -0.0566526858 0.747839025 0.0365436059 -0.0566526858 0.747839025 0.0257531711 -0.0825497294 -0.731601512 0.227893983 -0.230450627 -0.618230027 0.114522482 -0.230450627 -0.769296141 0.366335252 -0.230450627 -0.731601512 0.227893983 -0.215344014 -0.769296141 0.366335252 -0.215344014 -0.618230027 0.114522482 -0.215344014 -0.731601512 0.227893983 -0.230450627 -0.769296141 0.366335252 -0.230450627 -0.807134569 0.202716298 -0.230450627 -0.731601512 0.227893983 -0.215344014 -0.807134569 0.202716298 -0.215344014 -0.769296141 0.366335252 -0.215344014 -0.731601512 0.227893983 -0.230450627 -0.807134569 0.202716298 -0.230450627 -0.618230027 0.114522482 -0.230450627 -0.731601512 0.227893983 -0.215344014 -0.618230027 0.114522482 -0.215344014 -0.807134569 0.202716298 -0.215344014 -0.618230027 0.114522482 -0.215344014 -0.769296141 0.366335252 -0.230450627 -0.618230027 0.114522482 -0.230450627 -0.618230027 0.114522482 -0.215344014 -0.769296141 0.366335252 -0.215344014 -0.769296141 0.366335252 -0.230450627 -0.769296141 0.366335252 -0.215344014 -0.807134569 0.202716298 -0.230450627 -0.769296141 0.366335252 -0.230450627 -0.769296141 0.366335252 -0.215344014 -0.807134569 0.202716298 -0.215344014 -0.807134569 0.202716298 -0.230450627 -0.807134569 0.202716298 -0.215344014 -0.618230027 0.114522482 -0.230450627 -0.807134569 0.202716298 -0.230450627 -0.807134569 0.202716298 -0.215344014 -0.618230027 0.114522482 -0.215344014 -0.618230027 0.114522482 -0.230450627 -0.731601512 -0.227893983 -0.230450627 -0.769296141 -0.366335252 -0.230450627 -0.618230027 -0.114522482 -0.230450627 -0.731601512 -0.227893983 -0.215344014 -0.618230027 -0.114522482 -0.215344014 -0.769296141 -0.366335252 -0.215344014 -0.731601512 -0.227893983 -0.230450627 -0.807134569 -0.202716298 -0.230450627 -0.769296141 -0.366335252 -0.230450627 -0.731601512 -0.227893983 -0.215344014 -0.769296141 -0.366335252 -0.215344014 -0.807134569 -0.202716298 -0.215344014 -0.731601512 -0.227893983 -0.230450627 -0.618230027 -0.114522482 -0.230450627 -0.807134569 -0.202716298 -0.230450627 -0.731601512 -0.227893983 -0.215344014 -0.807134569 -0.202716298 -0.215344014 -0.618230027 -0.114522482 -0.215344014 -0.618230027 -0.114522482 -0.215344014 -0.618230027 -0.114522482 -0.230450627 -0.769296141 -0.366335252 -0.230450627 -0.618230027 -0.114522482 -0.215344014 -0.769296141 -0.366335252 -0.230450627 -0.769296141 -0.366335252 -0.215344014 -0.769296141 -0.366335252 -0.215344014 -0.769296141 -0.366335252 -0.230450627 -0.807134569 -0.202716298 -0.230450627 -0.769296141 -0.366335252 -0.215344014 -0.807134569 -0.202716298 -0.230450627 -0.807134569 -0.202716298 -0.215344014 -0.807134569 -0.202716298 -0.215344014 -0.807134569 -0.202716298 -0.230450627 -0.618230027 -0.114522482 -0.230450627 -0.807134569 -0.202716298 -0.215344014 -0.618230027 -0.114522482 -0.230450627 -0.618230027 -0.114522482 -0.215344014</float_array><technique_common><accessor source="#part0-positions-array" count="648" stride="3"><param name="X" type="float" /><param name="Y" type="float" /><param name="Z" type="float" /></accessor></technique_common></source><source id="part0-normals"><float_array id="part0-normals-array" count="1944">0.0191302532 0.92214411 0.386373231 0.0191302532 0.92214411 0.386373231 0.0191302532 0.92214411 0.386373231 0.0203547264 0.923364236 0.38338515 0.0203547264 0.923364236 0.38338515 0.0203547264 0.923364236 0.38338515 0.02133512 0.923345357 0.383377312 0.02133512 0.923345357 0.383377312 0.02133512 0.923345357 0.383377312 0.0205790304 0.922197918 0.386170304 0.0205790304 0.922197918 0.386170304 0.0205790304 0.922197918 0.386170304 0.0228026989 0.922153417 0.38615167 0.0228026989 0.922153417 0.38615167 0.0228026989 0.922153417 0.38615167 0.0229681663 0.922459146 0.385410933 0.0229681663 0.922459146 0.385410933 0.0229681663 0.922459146 0.385410933 0.0292887158 0.922306713 0.385347245 0.0292887158 0.922306713 0.385347245 0.0292887158 0.922306713 0.385347245 0.0291557028 0.922048842 0.385973934 0.0291557028 0.922048842 0.385973934 0.0291557028 0.922048842 0.385973934 0.0395576982 0.921718983 0.385835853 0.0395576982 0.921718983 0.385835853 0.0395576982 0.921718983 0.385835853 0.0400579459 0.922850389 0.383069863 0.0400579459 0.922850389 0.383069863 0.0400579459 0.922850389 0.383069863 0.0455257794 0.92263409 0.382980078 0.0455257794 0.92263409 0.382980078 0.0455257794 0.92263409 0.382980078 0.0460367553 0.924187757 0.379153803 0.0460367553 0.924187757 0.379153803 0.0460367553 0.924187757 0.379153803 0.049141086 0.924050925 0.379097667 0.049141086 0.924050925 0.379097667 0.049141086 0.924050925 0.379097667 0.0490160974 0.923566625 0.38029214 0.0490160974 0.923566625 0.38029214 0.0490160974 0.923566625 0.38029214 0.0495453497 0.923542478 0.380282197 0.0495453497 0.923542478 0.380282197 0.0495453497 0.923542478 0.380282197 0.0475862231 0.915119451 0.40036476 0.0475862231 0.915119451 0.40036476 0.0475862231 0.915119451 0.40036476 0.934893427 0.325170399 0.14226205 0.934893427 0.325170399 0.14226205 0.934893427 0.325170399 0.14226205 0.940557211 0.313509503 0.130628959 0.940557211 0.313509503 0.130628959 0.940557211 0.313509503 0.130628959 0.902251581 0.398040021 0.165850009 0.902251581 0.398040021 0.165850009 0.902251581 0.398040021 0.165850009 0.89581021 0.407174033 0.178138639 0.89581021 0.407174033 0.178138639 0.89581021 0.407174033 0.178138639 0.93487905 0.325205092 0.142277228 0.93487905 0.325205092 0.142277228 0.93487905 0.325205092 0.142277228 0.942072705 0.314052984 0.117769869 0.942072705 0.314052984 0.117769869 0.942072705 0.314052984 0.117769869 0.899605128 0.408898943 0.153337104 0.899605128 0.408898943 0.153337104 0.899605128 0.408898943 0.153337104 0.0221744183 0.386349064 0.922086057 0.0221744183 0.386349064 0.922086057 0.0221744183 0.386349064 0.922086057 0.0201675947 0.381483078 0.924155793 0.0201675947 0.381483078 0.924155793 0.0201675947 0.381483078 0.924155793 0.0193341584 0.38148936 0.924171011 0.0193341584 0.38148936 0.924171011 0.0193341584 0.38148936 0.924171011 0.0206111301 0.386169962 0.922197344 0.0206111301 0.386169962 0.922197344 0.0206111301 0.386169962 0.922197344 0.022960472 0.386150188 0.922150123 0.022960472 0.386150188 0.922150123 0.022960472 0.386150188 0.922150123 0.0227952064 0.385412363 0.922462839 0.0227952064 0.385412363 0.922462839 0.0227952064 0.385412363 0.922462839 0.0291639645 0.385348555 0.922310118 0.0291639645 0.385348555 0.922310118 0.0291639645 0.385348555 0.922310118 0.0292968772 0.38597234 0.922045035 0.0292968772 0.38597234 0.922045035 0.0292968772 0.38597234 0.922045035 0.0400080802 0.385828929 0.921702442 0.0400080802 0.385828929 0.921702442 0.0400080802 0.385828929 0.921702442 0.039509091 0.383078335 0.922870533 0.039509091 0.383078335 0.922870533 0.039509091 0.383078335 0.922870533 0.0459584487 0.382972576 0.922615752 0.0459584487 0.382972576 0.922615752 0.0459584487 0.382972576 0.922615752 0.0454477649 0.379164167 0.924212657 0.0454477649 0.379164167 0.924212657 0.0454477649 0.379164167 0.924212657 0.0490420368 0.379099642 0.924055377 0.0490420368 0.379099642 0.924055377 0.0490420368 0.379099642 0.924055377 0.0491675335 0.380289778 0.923559548 0.0491675335 0.380289778 0.923559548 0.0491675335 0.380289778 0.923559548 0.0480277747 0.380310893 0.923610826 0.0480277747 0.380310893 0.923610826 0.0480277747 0.380310893 0.923610826 0.0499825704 0.400318579 0.9150119 0.0499825704 0.400318579 0.9150119 0.0499825704 0.400318579 0.9150119 0.939735987 0.1370406 0.313234973 0.939735987 0.1370406 0.313234973 0.939735987 0.1370406 0.313234973 0.93405547 0.137356907 0.329656576 0.93405547 0.137356907 0.329656576 0.93405547 0.137356907 0.329656576 0.897134581 0.169906667 0.407776002 0.897134581 0.169906667 0.407776002 0.897134581 0.169906667 0.407776002 0.903432376 0.171843306 0.392784699 0.903432376 0.171843306 0.392784699 0.903432376 0.171843306 0.392784699 0.939722336 0.137055387 0.313269456 0.939722336 0.137055387 0.313269456 0.939722336 0.137055387 0.313269456 0.932158732 0.127124192 0.338997844 0.932158732 0.127124192 0.338997844 0.932158732 0.127124192 0.338997844 0.899605128 0.153337104 0.408898943 0.899605128 0.153337104 0.408898943 0.899605128 0.153337104 0.408898943 0.0202035169 -0.386365206 0.922124583 0.0202035169 -0.386365206 0.922124583 0.0202035169 -0.386365206 0.922124583 0.0222232228 -0.38146645 0.92411551 0.0222232228 -0.38146645 0.92411551 0.0222232228 -0.38146645 0.92411551 0.0205625689 -0.381480009 0.924148356 0.0205625689 -0.381480009 0.924148356 0.0205625689 -0.381480009 0.924148356 0.0192933757 -0.386180119 0.922221601 0.0192933757 -0.386180119 0.922221601 0.0192933757 -0.386180119 0.922221601 0.022802698 -0.386151583 0.922153454 0.022802698 -0.386151583 0.922153454 0.022802698 -0.386151583 0.922153454 0.0229681673 -0.385410837 0.922459186 0.0229681673 -0.385410837 0.922459186 0.0229681673 -0.385410837 0.922459186 0.0292887361 -0.385347149 0.922306752 0.0292887361 -0.385347149 0.922306752 0.0292887361 -0.385347149 0.922306752 0.0291557028 -0.385973934 0.922048842 0.0291557028 -0.385973934 0.922048842 0.0291557028 -0.385973934 0.922048842 0.0395576768 -0.385835854 0.921718983 0.0395576768 -0.385835854 0.921718983 0.0395576768 -0.385835854 0.921718983 0.0400579072 -0.383069957 0.922850352 0.0400579072 -0.383069957 0.922850352 0.0400579072 -0.383069957 0.922850352 0.0455257813 -0.382980172 0.922634051 0.0455257813 -0.382980172 0.922634051 0.0455257813 -0.382980172 0.922634051 0.0460367527 -0.37915393 0.924187705 0.0460367527 -0.37915393 0.924187705 0.0460367527 -0.37915393 0.924187705 0.049141112 -0.379097794 0.924050872 0.049141112 -0.379097794 0.924050872 0.049141112 -0.379097794 0.924050872 0.0490160871 -0.380292612 0.923566431 0.0490160871 -0.380292612 0.923566431 0.0490160871 -0.380292612 0.923566431 0.0495453603 -0.380282669 0.923542283 0.0495453603 -0.380282669 0.923542283 0.0495453603 -0.380282669 0.923542283 0.0475862065 -0.400365493 0.915119132 0.0475862065 -0.400365493 0.915119132 0.0475862065 -0.400365493 0.915119132 0.934893464 -0.142262271 0.325170196 0.934893464 -0.142262271 0.325170196 0.934893464 -0.142262271 0.325170196 0.940557487 -0.130628666 0.313508797 0.940557487 -0.130628666 0.313508797 0.940557487 -0.130628666 0.313508797 0.902251581 -0.165850009 0.398040021 0.902251581 -0.165850009 0.398040021 0.902251581 -0.165850009 0.398040021 0.89581021 -0.178138639 0.407174033 0.89581021 -0.178138639 0.407174033 0.89581021 -0.178138639 0.407174033 0.93487905 -0.142277228 0.325205092 0.93487905 -0.142277228 0.325205092 0.93487905 -0.142277228 0.325205092 0.942072705 -0.117769869 0.314052984 0.942072705 -0.117769869 0.314052984 0.942072705 -0.117769869 0.314052984 0.899605128 -0.153337104 0.408898943 0.899605128 -0.153337104 0.408898943 0.899605128 -0.153337104 0.408898943 0.0203273495 -0.922122324 0.386364102 0.0203273495 -0.922122324 0.386364102 0.0203273495 -0.922122324 0.386364102 0.0190999371 -0.923387101 0.383394644 0.0190999371 -0.923387101 0.383394644 0.0190999371 -0.923387101 0.383394644 0.0206049514 -0.923359502 0.383383185 0.0206049514 -0.923359502 0.383383185 0.0206049514 -0.923359502 0.383383185 0.021358416 -0.92218284 0.386163991 0.021358416 -0.92218284 0.386163991 0.021358416 -0.92218284 0.386163991 0.0229604711 -0.922150086 0.386150275 0.0229604711 -0.922150086 0.386150275 0.0229604711 -0.922150086 0.386150275 0.0227952073 -0.922462799 0.385412459 0.0227952073 -0.922462799 0.385412459 0.0227952073 -0.922462799 0.385412459 0.0291639633 -0.922310078 0.385348651 0.0291639633 -0.922310078 0.385348651 0.0291639633 -0.922310078 0.385348651 0.0292968556 -0.922045035 0.38597234 0.0292968556 -0.922045035 0.38597234 0.0292968556 -0.922045035 0.38597234 0.0400081172 -0.92170244 0.385828929 0.0400081172 -0.92170244 0.385828929 0.0400081172 -0.92170244 0.385828929 0.039509111 -0.922870572 0.38307824 0.039509111 -0.922870572 0.38307824 0.039509111 -0.922870572 0.38307824 0.0459584506 -0.922615791 0.382972482 0.0459584506 -0.922615791 0.382972482 0.0459584506 -0.922615791 0.382972482 0.0454477623 -0.924212709 0.37916404 0.0454477623 -0.924212709 0.37916404 0.0454477623 -0.924212709 0.37916404 0.0490420396 -0.924055429 0.379099515 0.0490420396 -0.924055429 0.379099515 0.0490420396 -0.924055429 0.379099515 0.0491674999 -0.923559744 0.380289306 0.0491674999 -0.923559744 0.380289306 0.0491674999 -0.923559744 0.380289306 0.0480277848 -0.92361102 0.38031042 0.0480277848 -0.92361102 0.38031042 0.0480277848 -0.92361102 0.38031042 0.0499825548 -0.915012222 0.400317847 0.0499825548 -0.915012222 0.400317847 0.0499825548 -0.915012222 0.400317847 0.939735746 -0.31323569 0.137040614 0.939735746 -0.31323569 0.137040614 0.939735746 -0.31323569 0.137040614 0.93405547 -0.329656576 0.137356907 0.93405547 -0.329656576 0.137356907 0.93405547 -0.329656576 0.137356907 0.897134581 -0.407776002 0.169906667 0.897134581 -0.407776002 0.169906667 0.897134581 -0.407776002 0.169906667 0.903432376 -0.392784699 0.171843306 0.903432376 -0.392784699 0.171843306 0.903432376 -0.392784699 0.171843306 0.939722336 -0.313269456 0.137055387 0.939722336 -0.313269456 0.137055387 0.939722336 -0.313269456 0.137055387 0.932158732 -0.338997844 0.127124192 0.932158732 -0.338997844 0.127124192 0.932158732 -0.338997844 0.127124192 0.899605128 -0.408898943 0.153337104 0.899605128 -0.408898943 0.153337104 0.899605128 -0.408898943 0.153337104 0.0191116656 -0.922908328 -0.384545137 0.0191116656 -0.922908328 -0.384545137 0.0191116656 -0.922908328 -0.384545137 0.0203720923 -0.924152018 -0.381481356 0.0203720923 -0.924152018 -0.381481356 0.0203720923 -0.924152018 -0.381481356 0.0218509193 -0.924123153 -0.381469441 0.0218509193 -0.924123153 -0.381469441 0.0218509193 -0.924123153 -0.381469441 0.0205790298 -0.922197892 -0.386170367 0.0205790298 -0.922197892 -0.386170367 0.0205790298 -0.922197892 -0.386170367 0.0228026996 -0.922153391 -0.386151732 0.0228026996 -0.922153391 -0.386151732 0.0228026996 -0.922153391 -0.386151732 0.0229681656 -0.922459118 -0.385411001 0.0229681656 -0.922459118 -0.385411001 0.0229681656 -0.922459118 -0.385411001 0.0292887012 -0.922306684 -0.385347313 0.0292887012 -0.922306684 -0.385347313 0.0292887012 -0.922306684 -0.385347313 0.0291557028 -0.922048842 -0.385973934 0.0291557028 -0.922048842 -0.385973934 0.0291557028 -0.922048842 -0.385973934 0.0395577137 -0.921718982 -0.385835853 0.0395577137 -0.921718982 -0.385835853 0.0395577137 -0.921718982 -0.385835853 0.0400579442 -0.92285035 -0.383069957 0.0400579442 -0.92285035 -0.383069957 0.0400579442 -0.92285035 -0.383069957 0.0455257813 -0.922634051 -0.382980172 0.0455257813 -0.922634051 -0.382980172 0.0455257813 -0.922634051 -0.382980172 0.0460367527 -0.924187705 -0.37915393 0.0460367527 -0.924187705 -0.37915393 0.0460367527 -0.924187705 -0.37915393 0.0491410727 -0.924050874 -0.379097794 0.0491410727 -0.924050874 -0.379097794 0.0491410727 -0.924050874 -0.379097794 0.0490160974 -0.923566625 -0.38029214 0.0490160974 -0.923566625 -0.38029214 0.0490160974 -0.923566625 -0.38029214 0.0495453497 -0.923542478 -0.380282197 0.0495453497 -0.923542478 -0.380282197 0.0495453497 -0.923542478 -0.380282197 0.0475862231 -0.915119451 -0.40036476 0.0475862231 -0.915119451 -0.40036476 0.0475862231 -0.915119451 -0.40036476 0.934893427 -0.325170399 -0.14226205 0.934893427 -0.325170399 -0.14226205 0.934893427 -0.325170399 -0.14226205 0.940557211 -0.313509503 -0.130628959 0.940557211 -0.313509503 -0.130628959 0.940557211 -0.313509503 -0.130628959 0.902251581 -0.398040021 -0.165850009 0.902251581 -0.398040021 -0.165850009 0.902251581 -0.398040021 -0.165850009 0.89581021 -0.407174033 -0.178138639 0.89581021 -0.407174033 -0.178138639 0.89581021 -0.407174033 -0.178138639 0.93487905 -0.325205092 -0.142277228 0.93487905 -0.325205092 -0.142277228 0.93487905 -0.325205092 -0.142277228 0.942072705 -0.314052984 -0.117769869 0.942072705 -0.314052984 -0.117769869 0.942072705 -0.314052984 -0.117769869 0.899605128 -0.408898943 -0.153337104 0.899605128 -0.408898943 -0.153337104 0.899605128 -0.408898943 -0.153337104 0.0203676582 -0.381968516 -0.92395087 0.0203676582 -0.381968516 -0.92395087 0.0203676582 -0.381968516 -0.92395087 0.0201675936 -0.381482938 -0.92415585 0.0201675936 -0.381482938 -0.92415585 0.0201675936 -0.381482938 -0.92415585 0.0206225306 -0.381479397 -0.924147272 0.0206225306 -0.381479397 -0.924147272 0.0206225306 -0.381479397 -0.924147272 0.0218967608 -0.386159555 -0.922172072 0.0218967608 -0.386159555 -0.922172072 0.0218967608 -0.386159555 -0.922172072 0.0229604704 -0.386150338 -0.92215006 0.0229604704 -0.386150338 -0.92215006 0.0229604704 -0.386150338 -0.92215006 0.022795208 -0.385412527 -0.92246277 0.022795208 -0.385412527 -0.92246277 0.022795208 -0.385412527 -0.92246277 0.0291639623 -0.385348719 -0.92231005 0.0291639623 -0.385348719 -0.92231005 0.0291639623 -0.385348719 -0.92231005 0.0292968401 -0.38597234 -0.922045036 0.0292968401 -0.38597234 -0.922045036 0.0292968401 -0.38597234 -0.922045036 0.0400081172 -0.385828929 -0.92170244 0.0400081172 -0.385828929 -0.92170244 0.0400081172 -0.385828929 -0.92170244 0.039509128 -0.383078334 -0.922870532 0.039509128 -0.383078334 -0.922870532 0.039509128 -0.383078334 -0.922870532 0.0459584487 -0.382972576 -0.922615752 0.0459584487 -0.382972576 -0.922615752 0.0459584487 -0.382972576 -0.922615752 0.0454477649 -0.379164167 -0.924212657 0.0454477649 -0.379164167 -0.924212657 0.0454477649 -0.379164167 -0.924212657 0.0490420368 -0.379099642 -0.924055377 0.0490420368 -0.379099642 -0.924055377 0.0490420368 -0.379099642 -0.924055377 0.0491674838 -0.380289307 -0.923559745 0.0491674838 -0.380289307 -0.923559745 0.0491674838 -0.380289307 -0.923559745 0.0480277848 -0.38031042 -0.92361102 0.0480277848 -0.38031042 -0.92361102 0.0480277848 -0.38031042 -0.92361102 0.0499825548 -0.400317847 -0.915012222 0.0499825548 -0.400317847 -0.915012222 0.0499825548 -0.400317847 -0.915012222 0.939735746 -0.137040614 -0.31323569 0.939735746 -0.137040614 -0.31323569 0.939735746 -0.137040614 -0.31323569 0.93405547 -0.137356907 -0.329656576 0.93405547 -0.137356907 -0.329656576 0.93405547 -0.137356907 -0.329656576 0.897134581 -0.169906667 -0.407776002 0.897134581 -0.169906667 -0.407776002 0.897134581 -0.169906667 -0.407776002 0.903432376 -0.171843306 -0.392784699 0.903432376 -0.171843306 -0.392784699 0.903432376 -0.171843306 -0.392784699 0.929450653 -0.147880687 -0.338012998 0.929450653 -0.147880687 -0.338012998 0.929450653 -0.147880687 -0.338012998 0.937032109 -0.156186316 -0.312372632 0.937032109 -0.156186316 -0.312372632 0.937032109 -0.156186316 -0.312372632 0.906472422 -0.188842658 -0.377685317 0.906472422 -0.188842658 -0.377685317 0.906472422 -0.188842658 -0.377685317 0.0201711994 0.381970038 -0.923954551 0.0201711994 0.381970038 -0.923954551 0.0201711994 0.381970038 -0.923954551 0.0203720923 0.381481356 -0.924152018 0.0203720923 0.381481356 -0.924152018 0.0203720923 0.381481356 -0.924152018 0.0218509193 0.381469441 -0.924123153 0.0218509193 0.381469441 -0.924123153 0.0218509193 0.381469441 -0.924123153 0.0205790298 0.386170367 -0.922197892 0.0205790298 0.386170367 -0.922197892 0.0205790298 0.386170367 -0.922197892 0.0228026996 0.386151732 -0.922153391 0.0228026996 0.386151732 -0.922153391 0.0228026996 0.386151732 -0.922153391 0.0229681656 0.385411001 -0.922459118 0.0229681656 0.385411001 -0.922459118 0.0229681656 0.385411001 -0.922459118 0.0292887012 0.385347313 -0.922306684 0.0292887012 0.385347313 -0.922306684 0.0292887012 0.385347313 -0.922306684 0.0291557028 0.385973934 -0.922048842 0.0291557028 0.385973934 -0.922048842 0.0291557028 0.385973934 -0.922048842 0.0395577137 0.385835853 -0.921718982 0.0395577137 0.385835853 -0.921718982 0.0395577137 0.385835853 -0.921718982 0.0400579442 0.383069957 -0.92285035 0.0400579442 0.383069957 -0.92285035 0.0400579442 0.383069957 -0.92285035 0.0455257813 0.382980172 -0.922634051 0.0455257813 0.382980172 -0.922634051 0.0455257813 0.382980172 -0.922634051 0.0460367527 0.37915393 -0.924187705 0.0460367527 0.37915393 -0.924187705 0.0460367527 0.37915393 -0.924187705 0.0491410727 0.379097794 -0.924050874 0.0491410727 0.379097794 -0.924050874 0.0491410727 0.379097794 -0.924050874 0.0490160974 0.38029214 -0.923566625 0.0490160974 0.38029214 -0.923566625 0.0490160974 0.38029214 -0.923566625 0.0495453497 0.380282197 -0.923542478 0.0495453497 0.380282197 -0.923542478 0.0495453497 0.380282197 -0.923542478 0.0475862231 0.40036476 -0.915119451 0.0475862231 0.40036476 -0.915119451 0.0475862231 0.40036476 -0.915119451 0.934893427 0.14226205 -0.325170399 0.934893427 0.14226205 -0.325170399 0.934893427 0.14226205 -0.325170399 0.940557211 0.130628959 -0.313509503 0.940557211 0.130628959 -0.313509503 0.940557211 0.130628959 -0.313509503 0.902251581 0.165850009 -0.398040021 0.902251581 0.165850009 -0.398040021 0.902251581 0.165850009 -0.398040021 0.89581021 0.178138639 -0.407174033 0.89581021 0.178138639 -0.407174033 0.89581021 0.178138639 -0.407174033 0.93487905 0.142277228 -0.325205092 0.93487905 0.142277228 -0.325205092 0.93487905 0.142277228 -0.325205092 0.926355083 0.168443617 -0.336887233 0.926355083 0.168443617 -0.336887233 0.926355083 0.168443617 -0.336887233 0.906472422 0.188842658 -0.377685317 0.906472422 0.188842658 -0.377685317 0.906472422 0.188842658 -0.377685317 0.0203441814 0.922885879 -0.384535783 0.0203441814 0.922885879 -0.384535783 0.0203441814 0.922885879 -0.384535783 0.0190804798 0.924175574 -0.38149108 0.0190804798 0.924175574 -0.38149108 0.0190804798 0.924175574 -0.38149108 0.0206225306 0.924147272 -0.381479397 0.0206225306 0.924147272 -0.381479397 0.0206225306 0.924147272 -0.381479397 0.0218967608 0.922172072 -0.386159555 0.0218967608 0.922172072 -0.386159555 0.0218967608 0.922172072 -0.386159555 0.0229604704 0.92215006 -0.386150338 0.0229604704 0.92215006 -0.386150338 0.0229604704 0.92215006 -0.386150338 0.022795208 0.92246277 -0.385412527 0.022795208 0.92246277 -0.385412527 0.022795208 0.92246277 -0.385412527 0.0291639623 0.92231005 -0.385348719 0.0291639623 0.92231005 -0.385348719 0.0291639623 0.92231005 -0.385348719 0.0292968401 0.922045036 -0.38597234 0.0292968401 0.922045036 -0.38597234 0.0292968401 0.922045036 -0.38597234 0.0400081172 0.92170244 -0.385828929 0.0400081172 0.92170244 -0.385828929 0.0400081172 0.92170244 -0.385828929 0.039509128 0.922870532 -0.383078334 0.039509128 0.922870532 -0.383078334 0.039509128 0.922870532 -0.383078334 0.0459584487 0.922615752 -0.382972576 0.0459584487 0.922615752 -0.382972576 0.0459584487 0.922615752 -0.382972576 0.0454477649 0.924212657 -0.379164167 0.0454477649 0.924212657 -0.379164167 0.0454477649 0.924212657 -0.379164167 0.0490420368 0.924055377 -0.379099642 0.0490420368 0.924055377 -0.379099642 0.0490420368 0.924055377 -0.379099642 0.0491674838 0.923559745 -0.380289307 0.0491674838 0.923559745 -0.380289307 0.0491674838 0.923559745 -0.380289307 0.0480277848 0.92361102 -0.38031042 0.0480277848 0.92361102 -0.38031042 0.0480277848 0.92361102 -0.38031042 0.0499825548 0.915012222 -0.400317847 0.0499825548 0.915012222 -0.400317847 0.0499825548 0.915012222 -0.400317847 0.939735746 0.31323569 -0.137040614 0.939735746 0.31323569 -0.137040614 0.939735746 0.31323569 -0.137040614 0.93405547 0.329656576 -0.137356907 0.93405547 0.329656576 -0.137356907 0.93405547 0.329656576 -0.137356907 0.897134581 0.407776002 -0.169906667 0.897134581 0.407776002 -0.169906667 0.897134581 0.407776002 -0.169906667 0.903432376 0.392784699 -0.171843306 0.903432376 0.392784699 -0.171843306 0.903432376 0.392784699 -0.171843306 0.939722336 0.313269456 -0.137055387 0.939722336 0.313269456 -0.137055387 0.939722336 0.313269456 -0.137055387 0.932158732 0.338997844 -0.127124192 0.932158732 0.338997844 -0.127124192 0.932158732 0.338997844 -0.127124192 0.899605128 0.408898943 -0.153337104 0.899605128 0.408898943 -0.153337104 0.899605128 0.408898943 -0.153337104 -1 0 0 -1 0 0 -1 0 0 -1 0 0 -1 0 0 -1 0 0 -1 0 0 -1 0 0 -1 0 0 -1 0 0 -1 0 0 -1 0 0 -1 -0 0 -1 -0 0 -1 -0 0 -1 -0 -0 -1 -0 -0 -1 -0 -0 -1 0 -0 -1 0 -0 -1 0 -0 -1 0 -0 -1 0 -0 -1 0 -0 -0 -0 1 -0 -0 1 -0 -0 1 0 0 -1 0 0 -1 0 0 -1 0 0 1 0 0 1 0 0 1 -0 0 -1 -0 0 -1 -0 0 -1 0 0 1 0 0 1 0 0 1 -0 -0 -1 -0 -0 -1 -0 -0 -1 -0.857525298 -0.514441797 0 -0.857525298 -0.514441797 0 -0.857525298 -0.514441797 0 -0.857525298 -0.514441797 -0 -0.857525298 -0.514441797 -0 -0.857525298 -0.514441797 -0 0.974286447 -0.225312936 0 0.974286447 -0.225312936 0 0.974286447 -0.225312936 0 0.974286447 -0.225312936 0 0.974286447 -0.225312936 0 0.974286447 -0.225312936 0 0.423036569 0.90611261 0 0.423036569 0.90611261 0 0.423036569 0.90611261 0 0.423036569 0.90611261 0 0.423036569 0.90611261 0 0.423036569 0.90611261 0 -0 0 1 -0 0 1 -0 0 1 0 -0 -1 0 -0 -1 0 -0 -1 0 0 1 0 0 1 0 0 1 -0 0 -1 -0 0 -1 -0 0 -1 0 -0 1 0 -0 1 0 -0 1 0 0 -1 0 0 -1 0 0 -1 -0.857525298 0.514441797 0 -0.857525298 0.514441797 0 -0.857525298 0.514441797 0 -0.857525298 0.514441797 0 -0.857525298 0.514441797 0 -0.857525298 0.514441797 0 0.974286447 0.225312936 0 0.974286447 0.225312936 0 0.974286447 0.225312936 0 0.974286447 0.225312936 -0 0.974286447 0.225312936 -0 0.974286447 0.225312936 -0 0.423036569 -0.90611261 0 0.423036569 -0.90611261 0 0.423036569 -0.90611261 0 0.423036569 -0.90611261 0 0.423036569 -0.90611261 0 0.423036569 -0.90611261 0</float_array><technique_common><accessor source="#part0-normals-array" count="648" stride="3"><param name="X" type="float" /><param name="Y" type="float" /><param name="Z" type="float" /></accessor></technique_common></source><vertices id="part0-vertices"><input semantic="POSITION" source="#part0-positions" /></vertices><triangles count="216" material="material"><input semantic="VERTEX" source="#part0-vertices" offset="0" /><input semantic="NORMAL" source="#part0-normals" offset="0" /><p>0 1 2 3 4 5 6 7 8 9 10 11 12 13 14 15 16 17 18 19 20 21 22 23 24 25 26 27 28 29 30 31 32 33 34 35 36 37 38 39 40 41 42 43 44 45 46 47 48 49 50 51 52 53 54 55 56 57 58 59 60 61 62 63 64 65 66 67 68 69 70 71 72 73 74 75 76 77 78 79 80 81 82 83 84 85 86 87 88 89 90 91 92 93 94 95 96 97 98 99 100 101 102 103 104 105 106 107 108 109 110 111 112 113 114 115 116 117 118 119 120 121 122 123 124 125 126 127 128 129 130 131 132 133 134 135 136 137 138 139 140 141 142 143 144 145 146 147 148 149 150 151 152 153 154 155 156 157 158 159 160 161 162 163 164 165 166 167 168 169 170 171 172 173 174 175 176 177 178 179 180 181 182 183 184 185 186 187 188 189 190 191 192 193 194 195 196 197 198 199 200 201 202 203 204 205 206 207 208 209 210 211 212 213 214 215 216 217 218 219 220 221 222 223 224 225 226 227 228 229 230 231 232 233 234 235 236 237 238 239 240 241 242 243 244 245 246 247 248 249 250 251 252 253 254 255 256 257 258 259 260 261 262 263 264 265 266 267 268 269 270 271 272 273 274 275 276 277 278 279 280 281 282 283 284 285 286 287 288 289 290 291 292 293 294 295 296 297 298 299 300 301 302 303 304 305 306 307 308 309 310 311 312 313 314 315 316 317 318 319 320 321 322 323 324 325 326 327 328 329 330 331 332 333 334 335 336 337 338 339 340 341 342 343 344 345 346 347 348 349 350 351 352 353 354 355 356 357 358 359 360 361 362 363 364 365 366 367 368 369 370 371 372 373 374 375 376 377 378 379 380 381 382 383 384 385 386 387 388 389 390 391 392 393 394 395 396 397 398 399 400 401 402 403 404 405 406 407 408 409 410 411 412 413 414 415 416 417 418 419 420 421 422 423 424 425 426 427 428 429 430 431 432 433 434 435 436 437 438 439 440 441 442 443 444 445 446 447 448 449 450 451 452 453 454 455 456 457 458 459 460 461 462 463 464 465 466 467 468 469 470 471 472 473 474 475 476 477 478 479 480 481 482 483 484 485 486 487 488 489 490 491 492 493 494 495 496 497 498 499 500 501 502 503 504 505 506 507 508 509 510 511 512 513 514 515 516 517 518 519 520 521 522 523 524 525 526 527 528 529 530 531 532 533 534 535 536 537 538 539 540 541 542 543 544 545 546 547 548 549 550 551 552 553 554 555 556 557 558 559 560 561 562 563 564 565 566 567 568 569 570 571 572 573 574 575 576 577 578 579 580 581 582 583 584 585 586 587 588 589 590 591 592 593 594 595 596 597 598 599 600 601 602 603 604 605 606 607 608 609 610 611 612 613 614 615 616 617 618 619 620 621 622 623 624 625 626 627 628 629 630 631 632 633 634 635 636 637 638 639 640 641 642 643 644 645 646 647</p></triangles></mesh></geometry><geometry id="part1"><mesh><source id="part1-positions"><float_array id="part1-positions-array" count="3240">0.477141187 0.119488636 -0.0178874498 0.481479445 0.125163082 -0.0189286318 0.477141187 0.126499267 -0.0189286318 0.477141187 0.126499267 -0.0189286318 0.481479445 0.125163082 -0.0189286318 0.48540123 0.13026487 -0.0219654118 0.477141187 0.126499267 -0.0189286318 0.48540123 0.13026487 -0.0219654118 0.477141187 0.132815764 -0.0219654118 0.477141187 0.132815764 -0.0219654118 0.48540123 0.13026487 -0.0219654118 0.488524775 0.134325483 -0.0267027889 0.477141187 0.132815764 -0.0219654118 0.488524775 0.134325483 -0.0267027889 0.477141187 0.13783079 -0.0267027889 0.477141187 0.13783079 -0.0267027889 0.488524775 0.134325483 -0.0267027889 0.490520375 0.136928434 -0.0326722324 0.477141187 0.13783079 -0.0267027889 0.490520375 0.136928434 -0.0326722324 0.477141187 0.141041104 -0.0326722324 0.477141187 0.141041104 -0.0326722324 0.490520375 0.136928434 -0.0326722324 0.491197142 0.13783079 -0.0392837375 0.477141187 0.141041104 -0.0326722324 0.491197142 0.13783079 -0.0392837375 0.477141187 0.142151698 -0.0392837375 0.477141187 0.142151698 -0.0392837375 0.491197142 0.13783079 -0.0392837375 0.490520375 0.136928434 -0.0458952427 0.477141187 0.142151698 -0.0392837375 0.490520375 0.136928434 -0.0458952427 0.477141187 0.141041104 -0.0458952427 0.477141187 0.141041104 -0.0458952427 0.490520375 0.136928434 -0.0458952427 0.488524775 0.134325483 -0.0518646861 0.477141187 0.141041104 -0.0458952427 0.488524775 0.134325483 -0.0518646861 0.477141187 0.13783079 -0.0518646861 0.477141187 0.13783079 -0.0518646861 0.488524775 0.134325483 -0.0518646861 0.48540123 0.13026487 -0.0566020633 0.477141187 0.13783079 -0.0518646861 0.48540123 0.13026487 -0.0566020633 0.477141187 0.132815764 -0.0566020633 0.477141187 0.132815764 -0.0566020633 0.48540123 0.13026487 -0.0566020633 0.481479445 0.125163082 -0.0596388433 0.477141187 0.132815764 -0.0566020633 0.481479445 0.125163082 -0.0596388433 0.477141187 0.126499267 -0.0596388433 0.477141187 0.126499267 -0.0596388433 0.481479445 0.125163082 -0.0596388433 0.477141187 0.119488636 -0.0606800252 0.477141187 0.119488636 -0.0178874498 0.484169164 0.121657766 -0.0189286318 0.481479445 0.125163082 -0.0189286318 0.481479445 0.125163082 -0.0189286318 0.484169164 0.121657766 -0.0189286318 0.490520375 0.123601306 -0.0219654118 0.481479445 0.125163082 -0.0189286318 0.490520375 0.123601306 -0.0219654118 0.48540123 0.13026487 -0.0219654118 0.48540123 0.13026487 -0.0219654118 0.490520375 0.123601306 -0.0219654118 0.495552753 0.125163082 -0.0267027889 0.48540123 0.13026487 -0.0219654118 0.495552753 0.125163082 -0.0267027889 0.488524775 0.134325483 -0.0267027889 0.488524775 0.134325483 -0.0267027889 0.495552753 0.125163082 -0.0267027889 0.498780418 0.1261522 -0.0326722324 0.488524775 0.134325483 -0.0267027889 0.498780418 0.1261522 -0.0326722324 0.490520375 0.136928434 -0.0326722324 0.490520375 0.136928434 -0.0326722324 0.498780418 0.1261522 -0.0326722324 0.499891012 0.126499267 -0.0392837375 0.490520375 0.136928434 -0.0326722324 0.499891012 0.126499267 -0.0392837375 0.491197142 0.13783079 -0.0392837375 0.491197142 0.13783079 -0.0392837375 0.499891012 0.126499267 -0.0392837375 0.498780418 0.1261522 -0.0458952427 0.491197142 0.13783079 -0.0392837375 0.498780418 0.1261522 -0.0458952427 0.490520375 0.136928434 -0.0458952427 0.490520375 0.136928434 -0.0458952427 0.498780418 0.1261522 -0.0458952427 0.495552753 0.125163082 -0.0518646861 0.490520375 0.136928434 -0.0458952427 0.495552753 0.125163082 -0.0518646861 0.488524775 0.134325483 -0.0518646861 0.488524775 0.134325483 -0.0518646861 0.495552753 0.125163082 -0.0518646861 0.490520375 0.123601306 -0.0566020633 0.488524775 0.134325483 -0.0518646861 0.490520375 0.123601306 -0.0566020633 0.48540123 0.13026487 -0.0566020633 0.48540123 0.13026487 -0.0566020633 0.490520375 0.123601306 -0.0566020633 0.484169164 0.121657766 -0.0596388433 0.48540123 0.13026487 -0.0566020633 0.484169164 0.121657766 -0.0596388433 0.481479445 0.125163082 -0.0596388433 0.481479445 0.125163082 -0.0596388433 0.484169164 0.121657766 -0.0596388433 0.477141187 0.119488636 -0.0606800252 0.477141187 0.119488636 -0.0178874498 0.484169164 0.117319514 -0.0189286318 0.484169164 0.121657766 -0.0189286318 0.484169164 0.121657766 -0.0189286318 0.484169164 0.117319514 -0.0189286318 0.490520375 0.115375974 -0.0219654118 0.484169164 0.121657766 -0.0189286318 0.490520375 0.115375974 -0.0219654118 0.490520375 0.123601306 -0.0219654118 0.490520375 0.123601306 -0.0219654118 0.490520375 0.115375974 -0.0219654118 0.495552753 0.113831551 -0.0267027889 0.490520375 0.123601306 -0.0219654118 0.495552753 0.113831551 -0.0267027889 0.495552753 0.125163082 -0.0267027889 0.495552753 0.125163082 -0.0267027889 0.495552753 0.113831551 -0.0267027889 0.498780418 0.112825072 -0.0326722324 0.495552753 0.125163082 -0.0267027889 0.498780418 0.112825072 -0.0326722324 0.498780418 0.1261522 -0.0326722324 0.498780418 0.1261522 -0.0326722324 0.498780418 0.112825072 -0.0326722324 0.499891012 0.112495366 -0.0392837375 0.498780418 0.1261522 -0.0326722324 0.499891012 0.112495366 -0.0392837375 0.499891012 0.126499267 -0.0392837375 0.499891012 0.126499267 -0.0392837375 0.499891012 0.112495366 -0.0392837375 0.498780418 0.112825072 -0.0458952427 0.499891012 0.126499267 -0.0392837375 0.498780418 0.112825072 -0.0458952427 0.498780418 0.1261522 -0.0458952427 0.498780418 0.1261522 -0.0458952427 0.498780418 0.112825072 -0.0458952427 0.495552753 0.113831551 -0.0518646861 0.498780418 0.1261522 -0.0458952427 0.495552753 0.113831551 -0.0518646861 0.495552753 0.125163082 -0.0518646861 0.495552753 0.125163082 -0.0518646861 0.495552753 0.113831551 -0.0518646861 0.490520375 0.115375974 -0.0566020633 0.495552753 0.125163082 -0.0518646861 0.490520375 0.115375974 -0.0566020633 0.490520375 0.123601306 -0.0566020633 0.490520375 0.123601306 -0.0566020633 0.490520375 0.115375974 -0.0566020633 0.484169164 0.117319514 -0.0596388433 0.490520375 0.123601306 -0.0566020633 0.484169164 0.117319514 -0.0596388433 0.484169164 0.121657766 -0.0596388433 0.484169164 0.121657766 -0.0596388433 0.484169164 0.117319514 -0.0596388433 0.477141187 0.119488636 -0.0606800252 0.477141187 0.119488636 -0.0178874498 0.481479445 0.113831551 -0.0189286318 0.484169164 0.117319514 -0.0189286318 0.484169164 0.117319514 -0.0189286318 0.481479445 0.113831551 -0.0189286318 0.48540123 0.10871241 -0.0219654118 0.484169164 0.117319514 -0.0189286318 0.48540123 0.10871241 -0.0219654118 0.490520375 0.115375974 -0.0219654118 0.490520375 0.115375974 -0.0219654118 0.48540123 0.10871241 -0.0219654118 0.488524775 0.104647459 -0.0267027889 0.490520375 0.115375974 -0.0219654118 0.488524775 0.104647459 -0.0267027889 0.495552753 0.113831551 -0.0267027889 0.495552753 0.113831551 -0.0267027889 0.488524775 0.104647459 -0.0267027889 0.490520375 0.102044508 -0.0326722324 0.495552753 0.113831551 -0.0267027889 0.490520375 0.102044508 -0.0326722324 0.498780418 0.112825072 -0.0326722324 0.498780418 0.112825072 -0.0326722324 0.490520375 0.102044508 -0.0326722324 0.491197142 0.101159496 -0.0392837375 0.498780418 0.112825072 -0.0326722324 0.491197142 0.101159496 -0.0392837375 0.499891012 0.112495366 -0.0392837375 0.499891012 0.112495366 -0.0392837375 0.491197142 0.101159496 -0.0392837375 0.490520375 0.102044508 -0.0458952427 0.499891012 0.112495366 -0.0392837375 0.490520375 0.102044508 -0.0458952427 0.498780418 0.112825072 -0.0458952427 0.498780418 0.112825072 -0.0458952427 0.490520375 0.102044508 -0.0458952427 0.488524775 0.104647459 -0.0518646861 0.498780418 0.112825072 -0.0458952427 0.488524775 0.104647459 -0.0518646861 0.495552753 0.113831551 -0.0518646861 0.495552753 0.113831551 -0.0518646861 0.488524775 0.104647459 -0.0518646861 0.48540123 0.10871241 -0.0566020633 0.495552753 0.113831551 -0.0518646861 0.48540123 0.10871241 -0.0566020633 0.490520375 0.115375974 -0.0566020633 0.490520375 0.115375974 -0.0566020633 0.48540123 0.10871241 -0.0566020633 0.481479445 0.113831551 -0.0596388433 0.490520375 0.115375974 -0.0566020633 0.481479445 0.113831551 -0.0596388433 0.484169164 0.117319514 -0.0596388433 0.484169164 0.117319514 -0.0596388433 0.481479445 0.113831551 -0.0596388433 0.477141187 0.119488636 -0.0606800252 0.477141187 0.119488636 -0.0178874498 0.477141187 0.112495366 -0.0189286318 0.481479445 0.113831551 -0.0189286318 0.481479445 0.113831551 -0.0189286318 0.477141187 0.112495366 -0.0189286318 0.477141187 0.106157169 -0.0219654118 0.481479445 0.113831551 -0.0189286318 0.477141187 0.106157169 -0.0219654118 0.48540123 0.10871241 -0.0219654118 0.48540123 0.10871241 -0.0219654118 0.477141187 0.106157169 -0.0219654118 0.477141187 0.101159496 -0.0267027889 0.48540123 0.10871241 -0.0219654118 0.477141187 0.101159496 -0.0267027889 0.488524775 0.104647459 -0.0267027889 0.488524775 0.104647459 -0.0267027889 0.477141187 0.101159496 -0.0267027889 0.477141187 0.0979318374 -0.0326722324 0.488524775 0.104647459 -0.0267027889 0.477141187 0.0979318374 -0.0326722324 0.490520375 0.102044508 -0.0326722324 0.490520375 0.102044508 -0.0326722324 0.477141187 0.0979318374 -0.0326722324 0.477141187 0.0968212434 -0.0392837375 0.490520375 0.102044508 -0.0326722324 0.477141187 0.0968212434 -0.0392837375 0.491197142 0.101159496 -0.0392837375 0.491197142 0.101159496 -0.0392837375 0.477141187 0.0968212434 -0.0392837375 0.477141187 0.0979318374 -0.0458952427 0.491197142 0.101159496 -0.0392837375 0.477141187 0.0979318374 -0.0458952427 0.490520375 0.102044508 -0.0458952427 0.490520375 0.102044508 -0.0458952427 0.477141187 0.0979318374 -0.0458952427 0.477141187 0.101159496 -0.0518646861 0.490520375 0.102044508 -0.0458952427 0.477141187 0.101159496 -0.0518646861 0.488524775 0.104647459 -0.0518646861 0.488524775 0.104647459 -0.0518646861 0.477141187 0.101159496 -0.0518646861 0.477141187 0.106157169 -0.0566020633 0.488524775 0.104647459 -0.0518646861 0.477141187 0.106157169 -0.0566020633 0.48540123 0.10871241 -0.0566020633 0.48540123 0.10871241 -0.0566020633 0.477141187 0.106157169 -0.0566020633 0.477141187 0.112495366 -0.0596388433 0.48540123 0.10871241 -0.0566020633 0.477141187 0.112495366 -0.0596388433 0.481479445 0.113831551 -0.0596388433 0.481479445 0.113831551 -0.0596388433 0.477141187 0.112495366 -0.0596388433 0.477141187 0.119488636 -0.0606800252 0.477141187 0.119488636 -0.0178874498 0.472802929 0.113831551 -0.0189286318 0.477141187 0.112495366 -0.0189286318 0.477141187 0.112495366 -0.0189286318 0.472802929 0.113831551 -0.0189286318 0.468881143 0.10871241 -0.0219654118 0.477141187 0.112495366 -0.0189286318 0.468881143 0.10871241 -0.0219654118 0.477141187 0.106157169 -0.0219654118 0.477141187 0.106157169 -0.0219654118 0.468881143 0.10871241 -0.0219654118 0.46577495 0.104647459 -0.0267027889 0.477141187 0.106157169 -0.0219654118 0.46577495 0.104647459 -0.0267027889 0.477141187 0.101159496 -0.0267027889 0.477141187 0.101159496 -0.0267027889 0.46577495 0.104647459 -0.0267027889 0.463761999 0.102044508 -0.0326722324 0.477141187 0.101159496 -0.0267027889 0.463761999 0.102044508 -0.0326722324 0.477141187 0.0979318374 -0.0326722324 0.477141187 0.0979318374 -0.0326722324 0.463761999 0.102044508 -0.0326722324 0.463085231 0.101159496 -0.0392837375 0.477141187 0.0979318374 -0.0326722324 0.463085231 0.101159496 -0.0392837375 0.477141187 0.0968212434 -0.0392837375 0.477141187 0.0968212434 -0.0392837375 0.463085231 0.101159496 -0.0392837375 0.463761999 0.102044508 -0.0458952427 0.477141187 0.0968212434 -0.0392837375 0.463761999 0.102044508 -0.0458952427 0.477141187 0.0979318374 -0.0458952427 0.477141187 0.0979318374 -0.0458952427 0.463761999 0.102044508 -0.0458952427 0.46577495 0.104647459 -0.0518646861 0.477141187 0.0979318374 -0.0458952427 0.46577495 0.104647459 -0.0518646861 0.477141187 0.101159496 -0.0518646861 0.477141187 0.101159496 -0.0518646861 0.46577495 0.104647459 -0.0518646861 0.468881143 0.10871241 -0.0566020633 0.477141187 0.101159496 -0.0518646861 0.468881143 0.10871241 -0.0566020633 0.477141187 0.106157169 -0.0566020633 0.477141187 0.106157169 -0.0566020633 0.468881143 0.10871241 -0.0566020633 0.472802929 0.113831551 -0.0596388433 0.477141187 0.106157169 -0.0566020633 0.472802929 0.113831551 -0.0596388433 0.477141187 0.112495366 -0.0596388433 0.477141187 0.112495366 -0.0596388433 0.472802929 0.113831551 -0.0596388433 0.477141187 0.119488636 -0.0606800252 0.477141187 0.119488636 -0.0178874498 0.470113209 0.117319514 -0.0189286318 0.472802929 0.113831551 -0.0189286318 0.472802929 0.113831551 -0.0189286318 0.470113209 0.117319514 -0.0189286318 0.463761999 0.115375974 -0.0219654118 0.472802929 0.113831551 -0.0189286318 0.463761999 0.115375974 -0.0219654118 0.468881143 0.10871241 -0.0219654118 0.468881143 0.10871241 -0.0219654118 0.463761999 0.115375974 -0.0219654118 0.45872962 0.113831551 -0.0267027889 0.468881143 0.10871241 -0.0219654118 0.45872962 0.113831551 -0.0267027889 0.46577495 0.104647459 -0.0267027889 0.46577495 0.104647459 -0.0267027889 0.45872962 0.113831551 -0.0267027889 0.455501955 0.112825072 -0.0326722324 0.46577495 0.104647459 -0.0267027889 0.455501955 0.112825072 -0.0326722324 0.463761999 0.102044508 -0.0326722324 0.463761999 0.102044508 -0.0326722324 0.455501955 0.112825072 -0.0326722324 0.454391361 0.112495366 -0.0392837375 0.463761999 0.102044508 -0.0326722324 0.454391361 0.112495366 -0.0392837375 0.463085231 0.101159496 -0.0392837375 0.463085231 0.101159496 -0.0392837375 0.454391361 0.112495366 -0.0392837375 0.455501955 0.112825072 -0.0458952427 0.463085231 0.101159496 -0.0392837375 0.455501955 0.112825072 -0.0458952427 0.463761999 0.102044508 -0.0458952427 0.463761999 0.102044508 -0.0458952427 0.455501955 0.112825072 -0.0458952427 0.45872962 0.113831551 -0.0518646861 0.463761999 0.102044508 -0.0458952427 0.45872962 0.113831551 -0.0518646861 0.46577495 0.104647459 -0.0518646861 0.46577495 0.104647459 -0.0518646861 0.45872962 0.113831551 -0.0518646861 0.463761999 0.115375974 -0.0566020633 0.46577495 0.104647459 -0.0518646861 0.463761999 0.115375974 -0.0566020633 0.468881143 0.10871241 -0.0566020633 0.468881143 0.10871241 -0.0566020633 0.463761999 0.115375974 -0.0566020633 0.470113209 0.117319514 -0.0596388433 0.468881143 0.10871241 -0.0566020633 0.470113209 0.117319514 -0.0596388433 0.472802929 0.113831551 -0.0596388433 0.472802929 0.113831551 -0.0596388433 0.470113209 0.117319514 -0.0596388433 0.477141187 0.119488636 -0.0606800252 0.477141187 0.119488636 -0.0178874498 0.470113209 0.121657766 -0.0189286318 0.470113209 0.117319514 -0.0189286318 0.470113209 0.117319514 -0.0189286318 0.470113209 0.121657766 -0.0189286318 0.463761999 0.123601306 -0.0219654118 0.470113209 0.117319514 -0.0189286318 0.463761999 0.123601306 -0.0219654118 0.463761999 0.115375974 -0.0219654118 0.463761999 0.115375974 -0.0219654118 0.463761999 0.123601306 -0.0219654118 0.45872962 0.125163082 -0.0267027889 0.463761999 0.115375974 -0.0219654118 0.45872962 0.125163082 -0.0267027889 0.45872962 0.113831551 -0.0267027889 0.45872962 0.113831551 -0.0267027889 0.45872962 0.125163082 -0.0267027889 0.455501955 0.1261522 -0.0326722324 0.45872962 0.113831551 -0.0267027889 0.455501955 0.1261522 -0.0326722324 0.455501955 0.112825072 -0.0326722324 0.455501955 0.112825072 -0.0326722324 0.455501955 0.1261522 -0.0326722324 0.454391361 0.126499267 -0.0392837375 0.455501955 0.112825072 -0.0326722324 0.454391361 0.126499267 -0.0392837375 0.454391361 0.112495366 -0.0392837375 0.454391361 0.112495366 -0.0392837375 0.454391361 0.126499267 -0.0392837375 0.455501955 0.1261522 -0.0458952427 0.454391361 0.112495366 -0.0392837375 0.455501955 0.1261522 -0.0458952427 0.455501955 0.112825072 -0.0458952427 0.455501955 0.112825072 -0.0458952427 0.455501955 0.1261522 -0.0458952427 0.45872962 0.125163082 -0.0518646861 0.455501955 0.112825072 -0.0458952427 0.45872962 0.125163082 -0.0518646861 0.45872962 0.113831551 -0.0518646861 0.45872962 0.113831551 -0.0518646861 0.45872962 0.125163082 -0.0518646861 0.463761999 0.123601306 -0.0566020633 0.45872962 0.113831551 -0.0518646861 0.463761999 0.123601306 -0.0566020633 0.463761999 0.115375974 -0.0566020633 0.463761999 0.115375974 -0.0566020633 0.463761999 0.123601306 -0.0566020633 0.470113209 0.121657766 -0.0596388433 0.463761999 0.115375974 -0.0566020633 0.470113209 0.121657766 -0.0596388433 0.470113209 0.117319514 -0.0596388433 0.470113209 0.117319514 -0.0596388433 0.470113209 0.121657766 -0.0596388433 0.477141187 0.119488636 -0.0606800252 0.477141187 0.119488636 -0.0178874498 0.472802929 0.125163082 -0.0189286318 0.470113209 0.121657766 -0.0189286318 0.470113209 0.121657766 -0.0189286318 0.472802929 0.125163082 -0.0189286318 0.468881143 0.13026487 -0.0219654118 0.470113209 0.121657766 -0.0189286318 0.468881143 0.13026487 -0.0219654118 0.463761999 0.123601306 -0.0219654118 0.463761999 0.123601306 -0.0219654118 0.468881143 0.13026487 -0.0219654118 0.46577495 0.134325483 -0.0267027889 0.463761999 0.123601306 -0.0219654118 0.46577495 0.134325483 -0.0267027889 0.45872962 0.125163082 -0.0267027889 0.45872962 0.125163082 -0.0267027889 0.46577495 0.134325483 -0.0267027889 0.463761999 0.136928434 -0.0326722324 0.45872962 0.125163082 -0.0267027889 0.463761999 0.136928434 -0.0326722324 0.455501955 0.1261522 -0.0326722324 0.455501955 0.1261522 -0.0326722324 0.463761999 0.136928434 -0.0326722324 0.463085231 0.13783079 -0.0392837375 0.455501955 0.1261522 -0.0326722324 0.463085231 0.13783079 -0.0392837375 0.454391361 0.126499267 -0.0392837375 0.454391361 0.126499267 -0.0392837375 0.463085231 0.13783079 -0.0392837375 0.463761999 0.136928434 -0.0458952427 0.454391361 0.126499267 -0.0392837375 0.463761999 0.136928434 -0.0458952427 0.455501955 0.1261522 -0.0458952427 0.455501955 0.1261522 -0.0458952427 0.463761999 0.136928434 -0.0458952427 0.46577495 0.134325483 -0.0518646861 0.455501955 0.1261522 -0.0458952427 0.46577495 0.134325483 -0.0518646861 0.45872962 0.125163082 -0.0518646861 0.45872962 0.125163082 -0.0518646861 0.46577495 0.134325483 -0.0518646861 0.468881143 0.13026487 -0.0566020633 0.45872962 0.125163082 -0.0518646861 0.468881143 0.13026487 -0.0566020633 0.463761999 0.123601306 -0.0566020633 0.463761999 0.123601306 -0.0566020633 0.468881143 0.13026487 -0.0566020633 0.472802929 0.125163082 -0.0596388433 0.463761999 0.123601306 -0.0566020633 0.472802929 0.125163082 -0.0596388433 0.470113209 0.121657766 -0.0596388433 0.470113209 0.121657766 -0.0596388433 0.472802929 0.125163082 -0.0596388433 0.477141187 0.119488636 -0.0606800252 0.477141187 0.119488636 -0.0178874498 0.477141187 0.126499267 -0.0189286318 0.472802929 0.125163082 -0.0189286318 0.472802929 0.125163082 -0.0189286318 0.477141187 0.126499267 -0.0189286318 0.477141187 0.132815764 -0.0219654118 0.472802929 0.125163082 -0.0189286318 0.477141187 0.132815764 -0.0219654118 0.468881143 0.13026487 -0.0219654118 0.468881143 0.13026487 -0.0219654118 0.477141187 0.132815764 -0.0219654118 0.477141187 0.13783079 -0.0267027889 0.468881143 0.13026487 -0.0219654118 0.477141187 0.13783079 -0.0267027889 0.46577495 0.134325483 -0.0267027889 0.46577495 0.134325483 -0.0267027889 0.477141187 0.13783079 -0.0267027889 0.477141187 0.141041104 -0.0326722324 0.46577495 0.134325483 -0.0267027889 0.477141187 0.141041104 -0.0326722324 0.463761999 0.136928434 -0.0326722324 0.463761999 0.136928434 -0.0326722324 0.477141187 0.141041104 -0.0326722324 0.477141187 0.142151698 -0.0392837375 0.463761999 0.136928434 -0.0326722324 0.477141187 0.142151698 -0.0392837375 0.463085231 0.13783079 -0.0392837375 0.463085231 0.13783079 -0.0392837375 0.477141187 0.142151698 -0.0392837375 0.477141187 0.141041104 -0.0458952427 0.463085231 0.13783079 -0.0392837375 0.477141187 0.141041104 -0.0458952427 0.463761999 0.136928434 -0.0458952427 0.463761999 0.136928434 -0.0458952427 0.477141187 0.141041104 -0.0458952427 0.477141187 0.13783079 -0.0518646861 0.463761999 0.136928434 -0.0458952427 0.477141187 0.13783079 -0.0518646861 0.46577495 0.134325483 -0.0518646861 0.46577495 0.134325483 -0.0518646861 0.477141187 0.13783079 -0.0518646861 0.477141187 0.132815764 -0.0566020633 0.46577495 0.134325483 -0.0518646861 0.477141187 0.132815764 -0.0566020633 0.468881143 0.13026487 -0.0566020633 0.468881143 0.13026487 -0.0566020633 0.477141187 0.132815764 -0.0566020633 0.477141187 0.126499267 -0.0596388433 0.468881143 0.13026487 -0.0566020633 0.477141187 0.126499267 -0.0596388433 0.472802929 0.125163082 -0.0596388433 0.472802929 0.125163082 -0.0596388433 0.477141187 0.126499267 -0.0596388433 0.477141187 0.119488636 -0.0606800252 0.477141187 -0.119488636 -0.0178874498 0.477141187 -0.126499267 -0.0189286318 0.481479445 -0.125163082 -0.0189286318 0.477141187 -0.126499267 -0.0189286318 0.48540123 -0.13026487 -0.0219654118 0.481479445 -0.125163082 -0.0189286318 0.477141187 -0.126499267 -0.0189286318 0.477141187 -0.132815764 -0.0219654118 0.48540123 -0.13026487 -0.0219654118 0.477141187 -0.132815764 -0.0219654118 0.488524775 -0.134325483 -0.0267027889 0.48540123 -0.13026487 -0.0219654118 0.477141187 -0.132815764 -0.0219654118 0.477141187 -0.13783079 -0.0267027889 0.488524775 -0.134325483 -0.0267027889 0.477141187 -0.13783079 -0.0267027889 0.490520375 -0.136928434 -0.0326722324 0.488524775 -0.134325483 -0.0267027889 0.477141187 -0.13783079 -0.0267027889 0.477141187 -0.141041104 -0.0326722324 0.490520375 -0.136928434 -0.0326722324 0.477141187 -0.141041104 -0.0326722324 0.491197142 -0.13783079 -0.0392837375 0.490520375 -0.136928434 -0.0326722324 0.477141187 -0.141041104 -0.0326722324 0.477141187 -0.142151698 -0.0392837375 0.491197142 -0.13783079 -0.0392837375 0.477141187 -0.142151698 -0.0392837375 0.490520375 -0.136928434 -0.0458952427 0.491197142 -0.13783079 -0.0392837375 0.477141187 -0.142151698 -0.0392837375 0.477141187 -0.141041104 -0.0458952427 0.490520375 -0.136928434 -0.0458952427 0.477141187 -0.141041104 -0.0458952427 0.488524775 -0.134325483 -0.0518646861 0.490520375 -0.136928434 -0.0458952427 0.477141187 -0.141041104 -0.0458952427 0.477141187 -0.13783079 -0.0518646861 0.488524775 -0.134325483 -0.0518646861 0.477141187 -0.13783079 -0.0518646861 0.48540123 -0.13026487 -0.0566020633 0.488524775 -0.134325483 -0.0518646861 0.477141187 -0.13783079 -0.0518646861 0.477141187 -0.132815764 -0.0566020633 0.48540123 -0.13026487 -0.0566020633 0.477141187 -0.132815764 -0.0566020633 0.481479445 -0.125163082 -0.0596388433 0.48540123 -0.13026487 -0.0566020633 0.477141187 -0.132815764 -0.0566020633 0.477141187 -0.126499267 -0.0596388433 0.481479445 -0.125163082 -0.0596388433 0.477141187 -0.126499267 -0.0596388433 0.477141187 -0.119488636 -0.0606800252 0.481479445 -0.125163082 -0.0596388433 0.477141187 -0.119488636 -0.0178874498 0.481479445 -0.125163082 -0.0189286318 0.484169164 -0.121657766 -0.0189286318 0.481479445 -0.125163082 -0.0189286318 0.490520375 -0.123601306 -0.0219654118 0.484169164 -0.121657766 -0.0189286318 0.481479445 -0.125163082 -0.0189286318 0.48540123 -0.13026487 -0.0219654118 0.490520375 -0.123601306 -0.0219654118 0.48540123 -0.13026487 -0.0219654118 0.495552753 -0.125163082 -0.0267027889 0.490520375 -0.123601306 -0.0219654118 0.48540123 -0.13026487 -0.0219654118 0.488524775 -0.134325483 -0.0267027889 0.495552753 -0.125163082 -0.0267027889 0.488524775 -0.134325483 -0.0267027889 0.498780418 -0.1261522 -0.0326722324 0.495552753 -0.125163082 -0.0267027889 0.488524775 -0.134325483 -0.0267027889 0.490520375 -0.136928434 -0.0326722324 0.498780418 -0.1261522 -0.0326722324 0.490520375 -0.136928434 -0.0326722324 0.499891012 -0.126499267 -0.0392837375 0.498780418 -0.1261522 -0.0326722324 0.490520375 -0.136928434 -0.0326722324 0.491197142 -0.13783079 -0.0392837375 0.499891012 -0.126499267 -0.0392837375 0.491197142 -0.13783079 -0.0392837375 0.498780418 -0.1261522 -0.0458952427 0.499891012 -0.126499267 -0.0392837375 0.491197142 -0.13783079 -0.0392837375 0.490520375 -0.136928434 -0.0458952427 0.498780418 -0.1261522 -0.0458952427 0.490520375 -0.136928434 -0.0458952427 0.495552753 -0.125163082 -0.0518646861 0.498780418 -0.1261522 -0.0458952427 0.490520375 -0.136928434 -0.0458952427 0.488524775 -0.134325483 -0.0518646861 0.495552753 -0.125163082 -0.0518646861 0.488524775 -0.134325483 -0.0518646861 0.490520375 -0.123601306 -0.0566020633 0.495552753 -0.125163082 -0.0518646861 0.488524775 -0.134325483 -0.0518646861 0.48540123 -0.13026487 -0.0566020633 0.490520375 -0.123601306 -0.0566020633 0.48540123 -0.13026487 -0.0566020633 0.484169164 -0.121657766 -0.0596388433 0.490520375 -0.123601306 -0.0566020633 0.48540123 -0.13026487 -0.0566020633 0.481479445 -0.125163082 -0.0596388433 0.484169164 -0.121657766 -0.0596388433 0.481479445 -0.125163082 -0.0596388433 0.477141187 -0.119488636 -0.0606800252 0.484169164 -0.121657766 -0.0596388433 0.477141187 -0.119488636 -0.0178874498 0.484169164 -0.121657766 -0.0189286318 0.484169164 -0.117319514 -0.0189286318 0.484169164 -0.121657766 -0.0189286318 0.490520375 -0.115375974 -0.0219654118 0.484169164 -0.117319514 -0.0189286318 0.484169164 -0.121657766 -0.0189286318 0.490520375 -0.123601306 -0.0219654118 0.490520375 -0.115375974 -0.0219654118 0.490520375 -0.123601306 -0.0219654118 0.495552753 -0.113831551 -0.0267027889 0.490520375 -0.115375974 -0.0219654118 0.490520375 -0.123601306 -0.0219654118 0.495552753 -0.125163082 -0.0267027889 0.495552753 -0.113831551 -0.0267027889 0.495552753 -0.125163082 -0.0267027889 0.498780418 -0.112825072 -0.0326722324 0.495552753 -0.113831551 -0.0267027889 0.495552753 -0.125163082 -0.0267027889 0.498780418 -0.1261522 -0.0326722324 0.498780418 -0.112825072 -0.0326722324 0.498780418 -0.1261522 -0.0326722324 0.499891012 -0.112495366 -0.0392837375 0.498780418 -0.112825072 -0.0326722324 0.498780418 -0.1261522 -0.0326722324 0.499891012 -0.126499267 -0.0392837375 0.499891012 -0.112495366 -0.0392837375 0.499891012 -0.126499267 -0.0392837375 0.498780418 -0.112825072 -0.0458952427 0.499891012 -0.112495366 -0.0392837375 0.499891012 -0.126499267 -0.0392837375 0.498780418 -0.1261522 -0.0458952427 0.498780418 -0.112825072 -0.0458952427 0.498780418 -0.1261522 -0.0458952427 0.495552753 -0.113831551 -0.0518646861 0.498780418 -0.112825072 -0.0458952427 0.498780418 -0.1261522 -0.0458952427 0.495552753 -0.125163082 -0.0518646861 0.495552753 -0.113831551 -0.0518646861 0.495552753 -0.125163082 -0.0518646861 0.490520375 -0.115375974 -0.0566020633 0.495552753 -0.113831551 -0.0518646861 0.495552753 -0.125163082 -0.0518646861 0.490520375 -0.123601306 -0.0566020633 0.490520375 -0.115375974 -0.0566020633 0.490520375 -0.123601306 -0.0566020633 0.484169164 -0.117319514 -0.0596388433 0.490520375 -0.115375974 -0.0566020633 0.490520375 -0.123601306 -0.0566020633 0.484169164 -0.121657766 -0.0596388433 0.484169164 -0.117319514 -0.0596388433 0.484169164 -0.121657766 -0.0596388433 0.477141187 -0.119488636 -0.0606800252 0.484169164 -0.117319514 -0.0596388433 0.477141187 -0.119488636 -0.0178874498 0.484169164 -0.117319514 -0.0189286318 0.481479445 -0.113831551 -0.0189286318 0.484169164 -0.117319514 -0.0189286318 0.48540123 -0.10871241 -0.0219654118 0.481479445 -0.113831551 -0.0189286318 0.484169164 -0.117319514 -0.0189286318 0.490520375 -0.115375974 -0.0219654118 0.48540123 -0.10871241 -0.0219654118 0.490520375 -0.115375974 -0.0219654118 0.488524775 -0.104647459 -0.0267027889 0.48540123 -0.10871241 -0.0219654118 0.490520375 -0.115375974 -0.0219654118 0.495552753 -0.113831551 -0.0267027889 0.488524775 -0.104647459 -0.0267027889 0.495552753 -0.113831551 -0.0267027889 0.490520375 -0.102044508 -0.0326722324 0.488524775 -0.104647459 -0.0267027889 0.495552753 -0.113831551 -0.0267027889 0.498780418 -0.112825072 -0.0326722324 0.490520375 -0.102044508 -0.0326722324 0.498780418 -0.112825072 -0.0326722324 0.491197142 -0.101159496 -0.0392837375 0.490520375 -0.102044508 -0.0326722324 0.498780418 -0.112825072 -0.0326722324 0.499891012 -0.112495366 -0.0392837375 0.491197142 -0.101159496 -0.0392837375 0.499891012 -0.112495366 -0.0392837375 0.490520375 -0.102044508 -0.0458952427 0.491197142 -0.101159496 -0.0392837375 0.499891012 -0.112495366 -0.0392837375 0.498780418 -0.112825072 -0.0458952427 0.490520375 -0.102044508 -0.0458952427 0.498780418 -0.112825072 -0.0458952427 0.488524775 -0.104647459 -0.0518646861 0.490520375 -0.102044508 -0.0458952427 0.498780418 -0.112825072 -0.0458952427 0.495552753 -0.113831551 -0.0518646861 0.488524775 -0.104647459 -0.0518646861 0.495552753 -0.113831551 -0.0518646861 0.48540123 -0.10871241 -0.0566020633 0.488524775 -0.104647459 -0.0518646861 0.495552753 -0.113831551 -0.0518646861 0.490520375 -0.115375974 -0.0566020633 0.48540123 -0.10871241 -0.0566020633 0.490520375 -0.115375974 -0.0566020633 0.481479445 -0.113831551 -0.0596388433 0.48540123 -0.10871241 -0.0566020633 0.490520375 -0.115375974 -0.0566020633 0.484169164 -0.117319514 -0.0596388433 0.481479445 -0.113831551 -0.0596388433 0.484169164 -0.117319514 -0.0596388433 0.477141187 -0.119488636 -0.0606800252 0.481479445 -0.113831551 -0.0596388433 0.477141187 -0.119488636 -0.0178874498 0.481479445 -0.113831551 -0.0189286318 0.477141187 -0.112495366 -0.0189286318 0.481479445 -0.113831551 -0.0189286318 0.477141187 -0.106157169 -0.0219654118 0.477141187 -0.112495366 -0.0189286318 0.481479445 -0.113831551 -0.0189286318 0.48540123 -0.10871241 -0.0219654118 0.477141187 -0.106157169 -0.0219654118 0.48540123 -0.10871241 -0.0219654118 0.477141187 -0.101159496 -0.0267027889 0.477141187 -0.106157169 -0.0219654118 0.48540123 -0.10871241 -0.0219654118 0.488524775 -0.104647459 -0.0267027889 0.477141187 -0.101159496 -0.0267027889 0.488524775 -0.104647459 -0.0267027889 0.477141187 -0.0979318374 -0.0326722324 0.477141187 -0.101159496 -0.0267027889 0.488524775 -0.104647459 -0.0267027889 0.490520375 -0.102044508 -0.0326722324 0.477141187 -0.0979318374 -0.0326722324 0.490520375 -0.102044508 -0.0326722324 0.477141187 -0.0968212434 -0.0392837375 0.477141187 -0.0979318374 -0.0326722324 0.490520375 -0.102044508 -0.0326722324 0.491197142 -0.101159496 -0.0392837375 0.477141187 -0.0968212434 -0.0392837375 0.491197142 -0.101159496 -0.0392837375 0.477141187 -0.0979318374 -0.0458952427 0.477141187 -0.0968212434 -0.0392837375 0.491197142 -0.101159496 -0.0392837375 0.490520375 -0.102044508 -0.0458952427 0.477141187 -0.0979318374 -0.0458952427 0.490520375 -0.102044508 -0.0458952427 0.477141187 -0.101159496 -0.0518646861 0.477141187 -0.0979318374 -0.0458952427 0.490520375 -0.102044508 -0.0458952427 0.488524775 -0.104647459 -0.0518646861 0.477141187 -0.101159496 -0.0518646861 0.488524775 -0.104647459 -0.0518646861 0.477141187 -0.106157169 -0.0566020633 0.477141187 -0.101159496 -0.0518646861 0.488524775 -0.104647459 -0.0518646861 0.48540123 -0.10871241 -0.0566020633 0.477141187 -0.106157169 -0.0566020633 0.48540123 -0.10871241 -0.0566020633 0.477141187 -0.112495366 -0.0596388433 0.477141187 -0.106157169 -0.0566020633 0.48540123 -0.10871241 -0.0566020633 0.481479445 -0.113831551 -0.0596388433 0.477141187 -0.112495366 -0.0596388433 0.481479445 -0.113831551 -0.0596388433 0.477141187 -0.119488636 -0.0606800252 0.477141187 -0.112495366 -0.0596388433 0.477141187 -0.119488636 -0.0178874498 0.477141187 -0.112495366 -0.0189286318 0.472802929 -0.113831551 -0.0189286318 0.477141187 -0.112495366 -0.0189286318 0.468881143 -0.10871241 -0.0219654118 0.472802929 -0.113831551 -0.0189286318 0.477141187 -0.112495366 -0.0189286318 0.477141187 -0.106157169 -0.0219654118 0.468881143 -0.10871241 -0.0219654118 0.477141187 -0.106157169 -0.0219654118 0.46577495 -0.104647459 -0.0267027889 0.468881143 -0.10871241 -0.0219654118 0.477141187 -0.106157169 -0.0219654118 0.477141187 -0.101159496 -0.0267027889 0.46577495 -0.104647459 -0.0267027889 0.477141187 -0.101159496 -0.0267027889 0.463761999 -0.102044508 -0.0326722324 0.46577495 -0.104647459 -0.0267027889 0.477141187 -0.101159496 -0.0267027889 0.477141187 -0.0979318374 -0.0326722324 0.463761999 -0.102044508 -0.0326722324 0.477141187 -0.0979318374 -0.0326722324 0.463085231 -0.101159496 -0.0392837375 0.463761999 -0.102044508 -0.0326722324 0.477141187 -0.0979318374 -0.0326722324 0.477141187 -0.0968212434 -0.0392837375 0.463085231 -0.101159496 -0.0392837375 0.477141187 -0.0968212434 -0.0392837375 0.463761999 -0.102044508 -0.0458952427 0.463085231 -0.101159496 -0.0392837375 0.477141187 -0.0968212434 -0.0392837375 0.477141187 -0.0979318374 -0.0458952427 0.463761999 -0.102044508 -0.0458952427 0.477141187 -0.0979318374 -0.0458952427 0.46577495 -0.104647459 -0.0518646861 0.463761999 -0.102044508 -0.0458952427 0.477141187 -0.0979318374 -0.0458952427 0.477141187 -0.101159496 -0.0518646861 0.46577495 -0.104647459 -0.0518646861 0.477141187 -0.101159496 -0.0518646861 0.468881143 -0.10871241 -0.0566020633 0.46577495 -0.104647459 -0.0518646861 0.477141187 -0.101159496 -0.0518646861 0.477141187 -0.106157169 -0.0566020633 0.468881143 -0.10871241 -0.0566020633 0.477141187 -0.106157169 -0.0566020633 0.472802929 -0.113831551 -0.0596388433 0.468881143 -0.10871241 -0.0566020633 0.477141187 -0.106157169 -0.0566020633 0.477141187 -0.112495366 -0.0596388433 0.472802929 -0.113831551 -0.0596388433 0.477141187 -0.112495366 -0.0596388433 0.477141187 -0.119488636 -0.0606800252 0.472802929 -0.113831551 -0.0596388433 0.477141187 -0.119488636 -0.0178874498 0.472802929 -0.113831551 -0.0189286318 0.470113209 -0.117319514 -0.0189286318 0.472802929 -0.113831551 -0.0189286318 0.463761999 -0.115375974 -0.0219654118 0.470113209 -0.117319514 -0.0189286318 0.472802929 -0.113831551 -0.0189286318 0.468881143 -0.10871241 -0.0219654118 0.463761999 -0.115375974 -0.0219654118 0.468881143 -0.10871241 -0.0219654118 0.45872962 -0.113831551 -0.0267027889 0.463761999 -0.115375974 -0.0219654118 0.468881143 -0.10871241 -0.0219654118 0.46577495 -0.104647459 -0.0267027889 0.45872962 -0.113831551 -0.0267027889 0.46577495 -0.104647459 -0.0267027889 0.455501955 -0.112825072 -0.0326722324 0.45872962 -0.113831551 -0.0267027889 0.46577495 -0.104647459 -0.0267027889 0.463761999 -0.102044508 -0.0326722324 0.455501955 -0.112825072 -0.0326722324 0.463761999 -0.102044508 -0.0326722324 0.454391361 -0.112495366 -0.0392837375 0.455501955 -0.112825072 -0.0326722324 0.463761999 -0.102044508 -0.0326722324 0.463085231 -0.101159496 -0.0392837375 0.454391361 -0.112495366 -0.0392837375 0.463085231 -0.101159496 -0.0392837375 0.455501955 -0.112825072 -0.0458952427 0.454391361 -0.112495366 -0.0392837375 0.463085231 -0.101159496 -0.0392837375 0.463761999 -0.102044508 -0.0458952427 0.455501955 -0.112825072 -0.0458952427 0.463761999 -0.102044508 -0.0458952427 0.45872962 -0.113831551 -0.0518646861 0.455501955 -0.112825072 -0.0458952427 0.463761999 -0.102044508 -0.0458952427 0.46577495 -0.104647459 -0.0518646861 0.45872962 -0.113831551 -0.0518646861 0.46577495 -0.104647459 -0.0518646861 0.463761999 -0.115375974 -0.0566020633 0.45872962 -0.113831551 -0.0518646861 0.46577495 -0.104647459 -0.0518646861 0.468881143 -0.10871241 -0.0566020633 0.463761999 -0.115375974 -0.0566020633 0.468881143 -0.10871241 -0.0566020633 0.470113209 -0.117319514 -0.0596388433 0.463761999 -0.115375974 -0.0566020633 0.468881143 -0.10871241 -0.0566020633 0.472802929 -0.113831551 -0.0596388433 0.470113209 -0.117319514 -0.0596388433 0.472802929 -0.113831551 -0.0596388433 0.477141187 -0.119488636 -0.0606800252 0.470113209 -0.117319514 -0.0596388433 0.477141187 -0.119488636 -0.0178874498 0.470113209 -0.117319514 -0.0189286318 0.470113209 -0.121657766 -0.0189286318 0.470113209 -0.117319514 -0.0189286318 0.463761999 -0.123601306 -0.0219654118 0.470113209 -0.121657766 -0.0189286318 0.470113209 -0.117319514 -0.0189286318 0.463761999 -0.115375974 -0.0219654118 0.463761999 -0.123601306 -0.0219654118 0.463761999 -0.115375974 -0.0219654118 0.45872962 -0.125163082 -0.0267027889 0.463761999 -0.123601306 -0.0219654118 0.463761999 -0.115375974 -0.0219654118 0.45872962 -0.113831551 -0.0267027889 0.45872962 -0.125163082 -0.0267027889 0.45872962 -0.113831551 -0.0267027889 0.455501955 -0.1261522 -0.0326722324 0.45872962 -0.125163082 -0.0267027889 0.45872962 -0.113831551 -0.0267027889 0.455501955 -0.112825072 -0.0326722324 0.455501955 -0.1261522 -0.0326722324 0.455501955 -0.112825072 -0.0326722324 0.454391361 -0.126499267 -0.0392837375 0.455501955 -0.1261522 -0.0326722324 0.455501955 -0.112825072 -0.0326722324 0.454391361 -0.112495366 -0.0392837375 0.454391361 -0.126499267 -0.0392837375 0.454391361 -0.112495366 -0.0392837375 0.455501955 -0.1261522 -0.0458952427 0.454391361 -0.126499267 -0.0392837375 0.454391361 -0.112495366 -0.0392837375 0.455501955 -0.112825072 -0.0458952427 0.455501955 -0.1261522 -0.0458952427 0.455501955 -0.112825072 -0.0458952427 0.45872962 -0.125163082 -0.0518646861 0.455501955 -0.1261522 -0.0458952427 0.455501955 -0.112825072 -0.0458952427 0.45872962 -0.113831551 -0.0518646861 0.45872962 -0.125163082 -0.0518646861 0.45872962 -0.113831551 -0.0518646861 0.463761999 -0.123601306 -0.0566020633 0.45872962 -0.125163082 -0.0518646861 0.45872962 -0.113831551 -0.0518646861 0.463761999 -0.115375974 -0.0566020633 0.463761999 -0.123601306 -0.0566020633 0.463761999 -0.115375974 -0.0566020633 0.470113209 -0.121657766 -0.0596388433 0.463761999 -0.123601306 -0.0566020633 0.463761999 -0.115375974 -0.0566020633 0.470113209 -0.117319514 -0.0596388433 0.470113209 -0.121657766 -0.0596388433 0.470113209 -0.117319514 -0.0596388433 0.477141187 -0.119488636 -0.0606800252 0.470113209 -0.121657766 -0.0596388433 0.477141187 -0.119488636 -0.0178874498 0.470113209 -0.121657766 -0.0189286318 0.472802929 -0.125163082 -0.0189286318 0.470113209 -0.121657766 -0.0189286318 0.468881143 -0.13026487 -0.0219654118 0.472802929 -0.125163082 -0.0189286318 0.470113209 -0.121657766 -0.0189286318 0.463761999 -0.123601306 -0.0219654118 0.468881143 -0.13026487 -0.0219654118 0.463761999 -0.123601306 -0.0219654118 0.46577495 -0.134325483 -0.0267027889 0.468881143 -0.13026487 -0.0219654118 0.463761999 -0.123601306 -0.0219654118 0.45872962 -0.125163082 -0.0267027889 0.46577495 -0.134325483 -0.0267027889 0.45872962 -0.125163082 -0.0267027889 0.463761999 -0.136928434 -0.0326722324 0.46577495 -0.134325483 -0.0267027889 0.45872962 -0.125163082 -0.0267027889 0.455501955 -0.1261522 -0.0326722324 0.463761999 -0.136928434 -0.0326722324 0.455501955 -0.1261522 -0.0326722324 0.463085231 -0.13783079 -0.0392837375 0.463761999 -0.136928434 -0.0326722324 0.455501955 -0.1261522 -0.0326722324 0.454391361 -0.126499267 -0.0392837375 0.463085231 -0.13783079 -0.0392837375 0.454391361 -0.126499267 -0.0392837375 0.463761999 -0.136928434 -0.0458952427 0.463085231 -0.13783079 -0.0392837375 0.454391361 -0.126499267 -0.0392837375 0.455501955 -0.1261522 -0.0458952427 0.463761999 -0.136928434 -0.0458952427 0.455501955 -0.1261522 -0.0458952427 0.46577495 -0.134325483 -0.0518646861 0.463761999 -0.136928434 -0.0458952427 0.455501955 -0.1261522 -0.0458952427 0.45872962 -0.125163082 -0.0518646861 0.46577495 -0.134325483 -0.0518646861 0.45872962 -0.125163082 -0.0518646861 0.468881143 -0.13026487 -0.0566020633 0.46577495 -0.134325483 -0.0518646861 0.45872962 -0.125163082 -0.0518646861 0.463761999 -0.123601306 -0.0566020633 0.468881143 -0.13026487 -0.0566020633 0.463761999 -0.123601306 -0.0566020633 0.472802929 -0.125163082 -0.0596388433 0.468881143 -0.13026487 -0.0566020633 0.463761999 -0.123601306 -0.0566020633 0.470113209 -0.121657766 -0.0596388433 0.472802929 -0.125163082 -0.0596388433 0.470113209 -0.121657766 -0.0596388433 0.477141187 -0.119488636 -0.0606800252 0.472802929 -0.125163082 -0.0596388433 0.477141187 -0.119488636 -0.0178874498 0.472802929 -0.125163082 -0.0189286318 0.477141187 -0.126499267 -0.0189286318 0.472802929 -0.125163082 -0.0189286318 0.477141187 -0.132815764 -0.0219654118 0.477141187 -0.126499267 -0.0189286318 0.472802929 -0.125163082 -0.0189286318 0.468881143 -0.13026487 -0.0219654118 0.477141187 -0.132815764 -0.0219654118 0.468881143 -0.13026487 -0.0219654118 0.477141187 -0.13783079 -0.0267027889 0.477141187 -0.132815764 -0.0219654118 0.468881143 -0.13026487 -0.0219654118 0.46577495 -0.134325483 -0.0267027889 0.477141187 -0.13783079 -0.0267027889 0.46577495 -0.134325483 -0.0267027889 0.477141187 -0.141041104 -0.0326722324 0.477141187 -0.13783079 -0.0267027889 0.46577495 -0.134325483 -0.0267027889 0.463761999 -0.136928434 -0.0326722324 0.477141187 -0.141041104 -0.0326722324 0.463761999 -0.136928434 -0.0326722324 0.477141187 -0.142151698 -0.0392837375 0.477141187 -0.141041104 -0.0326722324 0.463761999 -0.136928434 -0.0326722324 0.463085231 -0.13783079 -0.0392837375 0.477141187 -0.142151698 -0.0392837375 0.463085231 -0.13783079 -0.0392837375 0.477141187 -0.141041104 -0.0458952427 0.477141187 -0.142151698 -0.0392837375 0.463085231 -0.13783079 -0.0392837375 0.463761999 -0.136928434 -0.0458952427 0.477141187 -0.141041104 -0.0458952427 0.463761999 -0.136928434 -0.0458952427 0.477141187 -0.13783079 -0.0518646861 0.477141187 -0.141041104 -0.0458952427 0.463761999 -0.136928434 -0.0458952427 0.46577495 -0.134325483 -0.0518646861 0.477141187 -0.13783079 -0.0518646861 0.46577495 -0.134325483 -0.0518646861 0.477141187 -0.132815764 -0.0566020633 0.477141187 -0.13783079 -0.0518646861 0.46577495 -0.134325483 -0.0518646861 0.468881143 -0.13026487 -0.0566020633 0.477141187 -0.132815764 -0.0566020633 0.468881143 -0.13026487 -0.0566020633 0.477141187 -0.126499267 -0.0596388433 0.477141187 -0.132815764 -0.0566020633 0.468881143 -0.13026487 -0.0566020633 0.472802929 -0.125163082 -0.0596388433 0.477141187 -0.126499267 -0.0596388433 0.472802929 -0.125163082 -0.0596388433 0.477141187 -0.119488636 -0.0606800252 0.477141187 -0.126499267 -0.0596388433</float_array><technique_common><accessor source="#part1-positions-array" count="1080" stride="3"><param name="X" type="float" /><param name="Y" type="float" /><param name="Z" type="float" /></accessor></technique_common></source><source id="part1-normals"><float_array id="part1-normals-array" count="3240">0.0452000745 0.146753314 0.988139878 0.0452000745 0.146753314 0.988139878 0.0452000745 0.146753314 0.988139878 0.132395842 0.429856119 0.89313776 0.132395842 0.429856119 0.89313776 0.132395842 0.429856119 0.89313776 0.132629393 0.429466872 0.89329035 0.132629393 0.429466872 0.89329035 0.132629393 0.429466872 0.89329035 0.207241073 0.671066751 0.711843068 0.207241073 0.671066751 0.711843068 0.207241073 0.671066751 0.711843068 0.206877838 0.671841914 0.711217269 0.206877838 0.671841914 0.711217269 0.206877838 0.671841914 0.711217269 0.261620054 0.849618884 0.457933073 0.261620054 0.849618884 0.457933073 0.261620054 0.849618884 0.457933073 0.261319358 0.85011458 0.457184201 0.261319358 0.85011458 0.457184201 0.261319358 0.85011458 0.457184201 0.290110085 0.943775518 0.158505239 0.290110085 0.943775518 0.158505239 0.290110085 0.943775518 0.158505239 0.290121332 0.94376738 0.158533103 0.290121332 0.94376738 0.158533103 0.290121332 0.94376738 0.158533103 0.290122612 0.943771543 -0.158505979 0.290122612 0.943771543 -0.158505979 0.290122612 0.943771543 -0.158505979 0.29010874 0.943771145 -0.158533736 0.29010874 0.943771145 -0.158533736 0.29010874 0.943771145 -0.158533736 0.26121604 0.849778468 -0.457867596 0.26121604 0.849778468 -0.457867596 0.26121604 0.849778468 -0.457867596 0.26174166 0.850013802 -0.457130003 0.26174166 0.850013802 -0.457130003 0.26174166 0.850013802 -0.457130003 0.206723298 0.671340041 -0.711735926 0.206723298 0.671340041 -0.711735926 0.206723298 0.671340041 -0.711735926 0.207454563 0.671758049 -0.711128489 0.207454563 0.671758049 -0.711128489 0.207454563 0.671758049 -0.711128489 0.132689236 0.429660652 -0.893188273 0.132689236 0.429660652 -0.893188273 0.132689236 0.429660652 -0.893188273 0.132282147 0.429486978 -0.893332172 0.132282147 0.429486978 -0.893332172 0.132282147 0.429486978 -0.893332172 0.0452000745 0.146753314 -0.988139878 0.0452000745 0.146753314 -0.988139878 0.0452000745 0.146753314 -0.988139878 0.11843831 0.0908807994 0.988793733 0.11843831 0.0908807994 0.988793733 0.11843831 0.0908807994 0.988793733 0.347982676 0.267016168 0.898671477 0.347982676 0.267016168 0.898671477 0.347982676 0.267016168 0.898671477 0.348004001 0.267346852 0.898564898 0.348004001 0.267346852 0.898564898 0.348004001 0.267346852 0.898564898 0.548754727 0.42156943 0.721905441 0.548754727 0.42156943 0.721905441 0.548754727 0.42156943 0.721905441 0.548627656 0.420822318 0.722437728 0.548627656 0.420822318 0.722437728 0.548627656 0.420822318 0.722437728 0.701118758 0.537789916 0.468203474 0.701118758 0.537789916 0.468203474 0.701118758 0.537789916 0.468203474 0.70109121 0.537390284 0.468703315 0.70109121 0.537390284 0.468703315 0.70109121 0.537390284 0.468703315 0.783047969 0.600210593 0.163043312 0.783047969 0.600210593 0.163043312 0.783047969 0.600210593 0.163043312 0.782895473 0.600659869 0.162118476 0.782895473 0.600659869 0.162118476 0.782895473 0.600659869 0.162118476 0.782778042 0.600569772 -0.163016824 0.782778042 0.600569772 -0.163016824 0.782778042 0.600569772 -0.163016824 0.78317154 0.600305311 -0.162098344 0.78317154 0.600305311 -0.162098344 0.78317154 0.600305311 -0.162098344 0.701282073 0.537536582 -0.468249801 0.701282073 0.537536582 -0.468249801 0.701282073 0.537536582 -0.468249801 0.700894395 0.537617819 -0.468736735 0.700894395 0.537617819 -0.468736735 0.700894395 0.537617819 -0.468736735 0.54898988 0.42110016 -0.722000531 0.54898988 0.42110016 -0.722000531 0.54898988 0.42110016 -0.722000531 0.548257229 0.421187238 -0.722506278 0.548257229 0.421187238 -0.722506278 0.548257229 0.421187238 -0.722506278 0.34789058 0.267259718 -0.898634735 0.34789058 0.267259718 -0.898634735 0.34789058 0.267259718 -0.898634735 0.348198468 0.267181751 -0.898538669 0.348198468 0.267181751 -0.898538669 0.348198468 0.267181751 -0.898538669 0.11843831 0.0908807994 -0.988793733 0.11843831 0.0908807994 -0.988793733 0.11843831 0.0908807994 -0.988793733 0.146548661 -0 0.989203462 0.146548661 -0 0.989203462 0.146548661 -0 0.989203462 0.431368183 0 0.902175975 0.431368183 0 0.902175975 0.431368183 0 0.902175975 0.431368183 -0 0.902175975 0.431368183 -0 0.902175975 0.431368183 -0 0.902175975 0.685443049 0 0.728126244 0.685443049 0 0.728126244 0.685443049 0 0.728126244 0.685443049 -0 0.728126244 0.685443049 -0 0.728126244 0.685443049 -0 0.728126244 0.879648639 0 0.475624087 0.879648639 0 0.475624087 0.879648639 0 0.475624087 0.879648639 -0 0.475624087 0.879648639 -0 0.475624087 0.879648639 -0 0.475624087 0.986183249 0 0.165658079 0.986183249 0 0.165658079 0.986183249 0 0.165658079 0.986183249 -0 0.165658079 0.986183249 -0 0.165658079 0.986183249 -0 0.165658079 0.986183249 0 -0.165658079 0.986183249 0 -0.165658079 0.986183249 0 -0.165658079 0.986183249 0 -0.165658079 0.986183249 0 -0.165658079 0.986183249 0 -0.165658079 0.879648639 0 -0.475624087 0.879648639 0 -0.475624087 0.879648639 0 -0.475624087 0.879648639 0 -0.475624087 0.879648639 0 -0.475624087 0.879648639 0 -0.475624087 0.685443049 0 -0.728126244 0.685443049 0 -0.728126244 0.685443049 0 -0.728126244 0.685443049 0 -0.728126244 0.685443049 0 -0.728126244 0.685443049 0 -0.728126244 0.431368183 0 -0.902175975 0.431368183 0 -0.902175975 0.431368183 0 -0.902175975 0.431368183 0 -0.902175975 0.431368183 0 -0.902175975 0.431368183 0 -0.902175975 0.146548661 0 -0.989203462 0.146548661 0 -0.989203462 0.146548661 0 -0.989203462 0.118323323 -0.0912442565 0.988774027 0.118323323 -0.0912442565 0.988774027 0.118323323 -0.0912442565 0.988774027 0.346900619 -0.267510143 0.89894287 0.346900619 -0.267510143 0.89894287 0.346900619 -0.267510143 0.89894287 0.34789058 -0.267259718 0.898634735 0.34789058 -0.267259718 0.898634735 0.34789058 -0.267259718 0.898634735 0.548104472 -0.421069886 0.722690555 0.548104472 -0.421069886 0.722690555 0.548104472 -0.421069886 0.722690555 0.549961034 -0.420848782 0.721407765 0.549961034 -0.420848782 0.721407765 0.549961034 -0.420848782 0.721407765 0.701555001 -0.536853612 0.468624348 0.701555001 -0.536853612 0.468624348 0.701555001 -0.536853612 0.468624348 0.700861595 -0.536998529 0.469495053 0.700861595 -0.536998529 0.469495053 0.700861595 -0.536998529 0.469495053 0.783488063 -0.600306737 0.160556148 0.783488063 -0.600306737 0.160556148 0.783488063 -0.600306737 0.160556148 0.783088179 -0.600577346 0.161492278 0.783088179 -0.600577346 0.161492278 0.783088179 -0.600577346 0.161492278 0.78320684 -0.600668351 -0.160575767 0.78320684 -0.600668351 -0.160575767 0.78320684 -0.600668351 -0.160575767 0.783363197 -0.600211066 -0.16152021 0.783363197 -0.600211066 -0.16152021 0.783363197 -0.600211066 -0.16152021 0.701203456 -0.537260463 -0.468684231 0.701203456 -0.537260463 -0.468684231 0.701203456 -0.537260463 -0.468684231 0.701153336 -0.536546245 -0.469576539 0.701153336 -0.536546245 -0.469576539 0.701153336 -0.536546245 -0.469576539 0.549042532 -0.420145914 -0.722516234 0.549042532 -0.420145914 -0.722516234 0.549042532 -0.420145914 -0.722516234 0.549366814 -0.422039653 -0.721164776 0.549366814 -0.422039653 -0.721164776 0.549366814 -0.422039653 -0.721164776 0.347526876 -0.26698031 -0.89885849 0.347526876 -0.26698031 -0.89885849 0.347526876 -0.26698031 -0.89885849 0.347593598 -0.26804453 -0.898515899 0.347593598 -0.26804453 -0.898515899 0.347593598 -0.26804453 -0.898515899 0.118323323 -0.0912442565 -0.988774027 0.118323323 -0.0912442565 -0.988774027 0.118323323 -0.0912442565 -0.988774027 0.0453096294 -0.147109011 0.988081968 0.0453096294 -0.147109011 0.988081968 0.0453096294 -0.147109011 0.988081968 0.131920359 -0.428312345 0.893949413 0.131920359 -0.428312345 0.893949413 0.131920359 -0.428312345 0.893949413 0.132585935 -0.428595846 0.893715039 0.132585935 -0.428595846 0.893715039 0.132585935 -0.428595846 0.893715039 0.208156669 -0.672884974 0.709856755 0.208156669 -0.672884974 0.709856755 0.208156669 -0.672884974 0.709856755 0.205752584 -0.671510207 0.711856669 0.205752584 -0.671510207 0.711856669 0.205752584 -0.671510207 0.711856669 0.260240061 -0.849339795 0.459235258 0.260240061 -0.849339795 0.459235258 0.260240061 -0.849339795 0.459235258 0.26121604 -0.849778468 0.457867596 0.26121604 -0.849778468 0.457867596 0.26121604 -0.849778468 0.457867596 0.29010874 -0.943771145 0.158533736 0.29010874 -0.943771145 0.158533736 0.29010874 -0.943771145 0.158533736 0.291296543 -0.943801952 0.15615441 0.291296543 -0.943801952 0.15615441 0.291296543 -0.943801952 0.15615441 0.291187312 -0.943448043 -0.158479461 0.291187312 -0.943448043 -0.158479461 0.291187312 -0.943448043 -0.158479461 0.290223109 -0.944143206 -0.156090211 0.290223109 -0.944143206 -0.156090211 0.290223109 -0.944143206 -0.156090211 0.261023972 -0.849153639 -0.459134604 0.261023972 -0.849153639 -0.459134604 0.261023972 -0.849153639 -0.459134604 0.260465196 -0.850074561 -0.457745697 0.260465196 -0.850074561 -0.457745697 0.260465196 -0.850074561 -0.457745697 0.20625856 -0.673161551 -0.710148529 0.20625856 -0.673161551 -0.710148529 0.20625856 -0.673161551 -0.710148529 0.207453849 -0.670613047 -0.712208566 0.207453849 -0.670613047 -0.712208566 0.207453849 -0.670613047 -0.712208566 0.132488112 -0.428279626 -0.893881123 0.132488112 -0.428279626 -0.893881123 0.132488112 -0.428279626 -0.893881123 0.132105952 -0.428914919 -0.89363304 0.132105952 -0.428914919 -0.89363304 0.132105952 -0.428914919 -0.89363304 0.0453096294 -0.147109011 -0.988081968 0.0453096294 -0.147109011 -0.988081968 0.0453096294 -0.147109011 -0.988081968 -0.0453096294 -0.147109011 0.988081968 -0.0453096294 -0.147109011 0.988081968 -0.0453096294 -0.147109011 0.988081968 -0.132105952 -0.428914919 0.89363304 -0.132105952 -0.428914919 0.89363304 -0.132105952 -0.428914919 0.89363304 -0.132488112 -0.428279626 0.893881123 -0.132488112 -0.428279626 0.893881123 -0.132488112 -0.428279626 0.893881123 -0.207566153 -0.67097608 0.711833824 -0.207566153 -0.67097608 0.711833824 -0.207566153 -0.67097608 0.711833824 -0.206560024 -0.673117801 0.710102375 -0.206560024 -0.673117801 0.710102375 -0.206560024 -0.673117801 0.710102375 -0.260729379 -0.849639651 0.458402285 -0.260729379 -0.849639651 0.458402285 -0.260729379 -0.849639651 0.458402285 -0.261023972 -0.849153639 0.459134604 -0.261023972 -0.849153639 0.459134604 -0.261023972 -0.849153639 0.459134604 -0.290223109 -0.944143206 0.156090211 -0.290223109 -0.944143206 0.156090211 -0.290223109 -0.944143206 0.156090211 -0.291187312 -0.943448043 0.158479461 -0.291187312 -0.943448043 0.158479461 -0.291187312 -0.943448043 0.158479461 -0.291296543 -0.943801952 -0.15615441 -0.291296543 -0.943801952 -0.15615441 -0.291296543 -0.943801952 -0.15615441 -0.29010874 -0.943771145 -0.158533736 -0.29010874 -0.943771145 -0.158533736 -0.29010874 -0.943771145 -0.158533736 -0.261125195 -0.849482934 -0.458467422 -0.261125195 -0.849482934 -0.458467422 -0.261125195 -0.849482934 -0.458467422 -0.260610398 -0.849251926 -0.459187747 -0.260610398 -0.849251926 -0.459187747 -0.260610398 -0.849251926 -0.459187747 -0.206133714 -0.671728586 -0.7115403 -0.206133714 -0.671728586 -0.7115403 -0.206133714 -0.671728586 -0.7115403 -0.208156669 -0.672884974 -0.709856755 -0.208156669 -0.672884974 -0.709856755 -0.208156669 -0.672884974 -0.709856755 -0.132585935 -0.428595846 -0.893715039 -0.132585935 -0.428595846 -0.893715039 -0.132585935 -0.428595846 -0.893715039 -0.131920359 -0.428312345 -0.893949413 -0.131920359 -0.428312345 -0.893949413 -0.131920359 -0.428312345 -0.893949413 -0.0453096294 -0.147109011 -0.988081968 -0.0453096294 -0.147109011 -0.988081968 -0.0453096294 -0.147109011 -0.988081968 -0.118323323 -0.0912442565 0.988774027 -0.118323323 -0.0912442565 0.988774027 -0.118323323 -0.0912442565 0.988774027 -0.347593598 -0.26804453 0.898515899 -0.347593598 -0.26804453 0.898515899 -0.347593598 -0.26804453 0.898515899 -0.347526876 -0.26698031 0.89885849 -0.347526876 -0.26698031 0.89885849 -0.347526876 -0.26698031 0.89885849 -0.549366814 -0.422039653 0.721164776 -0.549366814 -0.422039653 0.721164776 -0.549366814 -0.422039653 0.721164776 -0.549247386 -0.421340428 0.721664432 -0.549247386 -0.421340428 0.721664432 -0.549247386 -0.421340428 0.721664432 -0.700581485 -0.53743233 0.469416739 -0.700581485 -0.53743233 0.469416739 -0.700581485 -0.53743233 0.469416739 -0.700533082 -0.536746824 0.470272525 -0.700533082 -0.536746824 0.470272525 -0.700533082 -0.536746824 0.470272525 -0.783363197 -0.600211066 0.16152021 -0.783363197 -0.600211066 0.16152021 -0.783363197 -0.600211066 0.16152021 -0.78320684 -0.600668351 0.160575767 -0.78320684 -0.600668351 0.160575767 -0.78320684 -0.600668351 0.160575767 -0.783088179 -0.600577346 -0.161492278 -0.783088179 -0.600577346 -0.161492278 -0.783088179 -0.600577346 -0.161492278 -0.783488063 -0.600306737 -0.160556148 -0.783488063 -0.600306737 -0.160556148 -0.783488063 -0.600306737 -0.160556148 -0.700861595 -0.536998529 -0.469495053 -0.700861595 -0.536998529 -0.469495053 -0.700861595 -0.536998529 -0.469495053 -0.700196215 -0.537136781 -0.470328969 -0.700196215 -0.537136781 -0.470328969 -0.700196215 -0.537136781 -0.470328969 -0.549586189 -0.421600331 -0.721254589 -0.549586189 -0.421600331 -0.721254589 -0.549586189 -0.421600331 -0.721254589 -0.548900347 -0.4216813 -0.721729375 -0.548900347 -0.4216813 -0.721729375 -0.548900347 -0.4216813 -0.721729375 -0.34789058 -0.267259718 -0.898634735 -0.34789058 -0.267259718 -0.898634735 -0.34789058 -0.267259718 -0.898634735 -0.346900619 -0.267510143 -0.89894287 -0.346900619 -0.267510143 -0.89894287 -0.346900619 -0.267510143 -0.89894287 -0.118323323 -0.0912442565 -0.988774027 -0.118323323 -0.0912442565 -0.988774027 -0.118323323 -0.0912442565 -0.988774027 -0.146548661 0 0.989203462 -0.146548661 0 0.989203462 -0.146548661 0 0.989203462 -0.431368183 0 0.902175975 -0.431368183 0 0.902175975 -0.431368183 0 0.902175975 -0.431368183 0 0.902175975 -0.431368183 0 0.902175975 -0.431368183 0 0.902175975 -0.685443049 0 0.728126244 -0.685443049 0 0.728126244 -0.685443049 0 0.728126244 -0.685443049 0 0.728126244 -0.685443049 0 0.728126244 -0.685443049 0 0.728126244 -0.879648639 0 0.475624087 -0.879648639 0 0.475624087 -0.879648639 0 0.475624087 -0.879648639 0 0.475624087 -0.879648639 0 0.475624087 -0.879648639 0 0.475624087 -0.986183249 0 0.165658079 -0.986183249 0 0.165658079 -0.986183249 0 0.165658079 -0.986183249 0 0.165658079 -0.986183249 0 0.165658079 -0.986183249 0 0.165658079 -0.986183249 0 -0.165658079 -0.986183249 0 -0.165658079 -0.986183249 0 -0.165658079 -0.986183249 -0 -0.165658079 -0.986183249 -0 -0.165658079 -0.986183249 -0 -0.165658079 -0.879648639 0 -0.475624087 -0.879648639 0 -0.475624087 -0.879648639 0 -0.475624087 -0.879648639 -0 -0.475624087 -0.879648639 -0 -0.475624087 -0.879648639 -0 -0.475624087 -0.685443049 0 -0.728126244 -0.685443049 0 -0.728126244 -0.685443049 0 -0.728126244 -0.685443049 -0 -0.728126244 -0.685443049 -0 -0.728126244 -0.685443049 -0 -0.728126244 -0.431368183 0 -0.902175975 -0.431368183 0 -0.902175975 -0.431368183 0 -0.902175975 -0.431368183 -0 -0.902175975 -0.431368183 -0 -0.902175975 -0.431368183 -0 -0.902175975 -0.146548661 0 -0.989203462 -0.146548661 0 -0.989203462 -0.146548661 0 -0.989203462 -0.11843831 0.0908807994 0.988793733 -0.11843831 0.0908807994 0.988793733 -0.11843831 0.0908807994 0.988793733 -0.348198468 0.267181751 0.898538669 -0.348198468 0.267181751 0.898538669 -0.348198468 0.267181751 0.898538669 -0.34789058 0.267259718 0.898634735 -0.34789058 0.267259718 0.898634735 -0.34789058 0.267259718 0.898634735 -0.549053344 0.421798836 0.721544294 -0.549053344 0.421798836 0.721544294 -0.549053344 0.421798836 0.721544294 -0.548613712 0.421850632 0.721848349 -0.548613712 0.421850632 0.721848349 -0.548613712 0.421850632 0.721848349 -0.69953563 0.537900423 0.470439197 -0.69953563 0.537900423 0.470439197 -0.69953563 0.537900423 0.470439197 -0.701282073 0.537536582 0.468249801 -0.701282073 0.537536582 0.468249801 -0.701282073 0.537536582 0.468249801 -0.78317154 0.600305311 0.162098344 -0.78317154 0.600305311 0.162098344 -0.78317154 0.600305311 0.162098344 -0.782778042 0.600569772 0.163016824 -0.782778042 0.600569772 0.163016824 -0.782778042 0.600569772 0.163016824 -0.782895473 0.600659869 -0.162118476 -0.782895473 0.600659869 -0.162118476 -0.782895473 0.600659869 -0.162118476 -0.783047969 0.600210593 -0.163043312 -0.783047969 0.600210593 -0.163043312 -0.783047969 0.600210593 -0.163043312 -0.700421024 0.536876583 -0.470291318 -0.700421024 0.536876583 -0.470291318 -0.700421024 0.536876583 -0.470291318 -0.700545935 0.538677286 -0.468040784 -0.700545935 0.538677286 -0.468040784 -0.700545935 0.538677286 -0.468040784 -0.548830742 0.422017515 -0.721585777 -0.548830742 0.422017515 -0.721585777 -0.548830742 0.422017515 -0.721585777 -0.548754727 0.42156943 -0.721905441 -0.548754727 0.42156943 -0.721905441 -0.548754727 0.42156943 -0.721905441 -0.348004001 0.267346852 -0.898564898 -0.348004001 0.267346852 -0.898564898 -0.348004001 0.267346852 -0.898564898 -0.347982676 0.267016168 -0.898671477 -0.347982676 0.267016168 -0.898671477 -0.347982676 0.267016168 -0.898671477 -0.11843831 0.0908807994 -0.988793733 -0.11843831 0.0908807994 -0.988793733 -0.11843831 0.0908807994 -0.988793733 -0.0452000745 0.146753314 0.988139878 -0.0452000745 0.146753314 0.988139878 -0.0452000745 0.146753314 0.988139878 -0.132282147 0.429486978 0.893332172 -0.132282147 0.429486978 0.893332172 -0.132282147 0.429486978 0.893332172 -0.132689236 0.429660652 0.893188273 -0.132689236 0.429660652 0.893188273 -0.132689236 0.429660652 0.893188273 -0.207454563 0.671758049 0.711128489 -0.207454563 0.671758049 0.711128489 -0.207454563 0.671758049 0.711128489 -0.207106467 0.671559144 0.711417759 -0.207106467 0.671559144 0.711417759 -0.207106467 0.671559144 0.711417759 -0.262113819 0.849924845 0.457082163 -0.262113819 0.849924845 0.457082163 -0.262113819 0.849924845 0.457082163 -0.261125195 0.849482934 0.458467422 -0.261125195 0.849482934 0.458467422 -0.261125195 0.849482934 0.458467422 -0.29010874 0.943771145 0.158533736 -0.29010874 0.943771145 0.158533736 -0.29010874 0.943771145 0.158533736 -0.290122612 0.943771543 0.158505979 -0.290122612 0.943771543 0.158505979 -0.290122612 0.943771543 0.158505979 -0.290121332 0.94376738 -0.158533103 -0.290121332 0.94376738 -0.158533103 -0.290121332 0.94376738 -0.158533103 -0.290110085 0.943775518 -0.158505239 -0.290110085 0.943775518 -0.158505239 -0.290110085 0.943775518 -0.158505239 -0.261319358 0.85011458 -0.457184201 -0.261319358 0.85011458 -0.457184201 -0.261319358 0.85011458 -0.457184201 -0.26188465 0.849181746 -0.458592185 -0.26188465 0.849181746 -0.458592185 -0.26188465 0.849181746 -0.458592185 -0.207180125 0.671797987 -0.711170767 -0.207180125 0.671797987 -0.711170767 -0.207180125 0.671797987 -0.711170767 -0.20735309 0.67142947 -0.711468315 -0.20735309 0.67142947 -0.711468315 -0.20735309 0.67142947 -0.711468315 -0.132629393 0.429466872 -0.89329035 -0.132629393 0.429466872 -0.89329035 -0.132629393 0.429466872 -0.89329035 -0.132395842 0.429856119 -0.89313776 -0.132395842 0.429856119 -0.89313776 -0.132395842 0.429856119 -0.89313776 -0.0452000745 0.146753314 -0.988139878 -0.0452000745 0.146753314 -0.988139878 -0.0452000745 0.146753314 -0.988139878 0.0452000745 -0.146753314 0.988139878 0.0452000745 -0.146753314 0.988139878 0.0452000745 -0.146753314 0.988139878 0.132395842 -0.429856119 0.89313776 0.132395842 -0.429856119 0.89313776 0.132395842 -0.429856119 0.89313776 0.132629393 -0.429466872 0.89329035 0.132629393 -0.429466872 0.89329035 0.132629393 -0.429466872 0.89329035 0.207241073 -0.671066751 0.711843068 0.207241073 -0.671066751 0.711843068 0.207241073 -0.671066751 0.711843068 0.206877838 -0.671841914 0.711217269 0.206877838 -0.671841914 0.711217269 0.206877838 -0.671841914 0.711217269 0.261620054 -0.849618884 0.457933073 0.261620054 -0.849618884 0.457933073 0.261620054 -0.849618884 0.457933073 0.261319358 -0.85011458 0.457184201 0.261319358 -0.85011458 0.457184201 0.261319358 -0.85011458 0.457184201 0.290110085 -0.943775518 0.158505239 0.290110085 -0.943775518 0.158505239 0.290110085 -0.943775518 0.158505239 0.290121332 -0.94376738 0.158533103 0.290121332 -0.94376738 0.158533103 0.290121332 -0.94376738 0.158533103 0.290122612 -0.943771543 -0.158505979 0.290122612 -0.943771543 -0.158505979 0.290122612 -0.943771543 -0.158505979 0.29010874 -0.943771145 -0.158533736 0.29010874 -0.943771145 -0.158533736 0.29010874 -0.943771145 -0.158533736 0.26121604 -0.849778468 -0.457867596 0.26121604 -0.849778468 -0.457867596 0.26121604 -0.849778468 -0.457867596 0.26174166 -0.850013802 -0.457130003 0.26174166 -0.850013802 -0.457130003 0.26174166 -0.850013802 -0.457130003 0.206723298 -0.671340041 -0.711735926 0.206723298 -0.671340041 -0.711735926 0.206723298 -0.671340041 -0.711735926 0.207454563 -0.671758049 -0.711128489 0.207454563 -0.671758049 -0.711128489 0.207454563 -0.671758049 -0.711128489 0.132689236 -0.429660652 -0.893188273 0.132689236 -0.429660652 -0.893188273 0.132689236 -0.429660652 -0.893188273 0.132282147 -0.429486978 -0.893332172 0.132282147 -0.429486978 -0.893332172 0.132282147 -0.429486978 -0.893332172 0.0452000745 -0.146753314 -0.988139878 0.0452000745 -0.146753314 -0.988139878 0.0452000745 -0.146753314 -0.988139878 0.11843831 -0.0908807994 0.988793733 0.11843831 -0.0908807994 0.988793733 0.11843831 -0.0908807994 0.988793733 0.347982676 -0.267016168 0.898671477 0.347982676 -0.267016168 0.898671477 0.347982676 -0.267016168 0.898671477 0.348004001 -0.267346852 0.898564898 0.348004001 -0.267346852 0.898564898 0.348004001 -0.267346852 0.898564898 0.548754727 -0.42156943 0.721905441 0.548754727 -0.42156943 0.721905441 0.548754727 -0.42156943 0.721905441 0.548627656 -0.420822318 0.722437728 0.548627656 -0.420822318 0.722437728 0.548627656 -0.420822318 0.722437728 0.701118758 -0.537789916 0.468203474 0.701118758 -0.537789916 0.468203474 0.701118758 -0.537789916 0.468203474 0.70109121 -0.537390284 0.468703315 0.70109121 -0.537390284 0.468703315 0.70109121 -0.537390284 0.468703315 0.783047969 -0.600210593 0.163043312 0.783047969 -0.600210593 0.163043312 0.783047969 -0.600210593 0.163043312 0.782895473 -0.600659869 0.162118476 0.782895473 -0.600659869 0.162118476 0.782895473 -0.600659869 0.162118476 0.782778042 -0.600569772 -0.163016824 0.782778042 -0.600569772 -0.163016824 0.782778042 -0.600569772 -0.163016824 0.78317154 -0.600305311 -0.162098344 0.78317154 -0.600305311 -0.162098344 0.78317154 -0.600305311 -0.162098344 0.701282073 -0.537536582 -0.468249801 0.701282073 -0.537536582 -0.468249801 0.701282073 -0.537536582 -0.468249801 0.700894395 -0.537617819 -0.468736735 0.700894395 -0.537617819 -0.468736735 0.700894395 -0.537617819 -0.468736735 0.54898988 -0.42110016 -0.722000531 0.54898988 -0.42110016 -0.722000531 0.54898988 -0.42110016 -0.722000531 0.548257229 -0.421187238 -0.722506278 0.548257229 -0.421187238 -0.722506278 0.548257229 -0.421187238 -0.722506278 0.34789058 -0.267259718 -0.898634735 0.34789058 -0.267259718 -0.898634735 0.34789058 -0.267259718 -0.898634735 0.348198468 -0.267181751 -0.898538669 0.348198468 -0.267181751 -0.898538669 0.348198468 -0.267181751 -0.898538669 0.11843831 -0.0908807994 -0.988793733 0.11843831 -0.0908807994 -0.988793733 0.11843831 -0.0908807994 -0.988793733 0.146548661 -0 0.989203462 0.146548661 -0 0.989203462 0.146548661 -0 0.989203462 0.431368183 0 0.902175975 0.431368183 0 0.902175975 0.431368183 0 0.902175975 0.431368183 -0 0.902175975 0.431368183 -0 0.902175975 0.431368183 -0 0.902175975 0.685443049 0 0.728126244 0.685443049 0 0.728126244 0.685443049 0 0.728126244 0.685443049 -0 0.728126244 0.685443049 -0 0.728126244 0.685443049 -0 0.728126244 0.879648639 0 0.475624087 0.879648639 0 0.475624087 0.879648639 0 0.475624087 0.879648639 -0 0.475624087 0.879648639 -0 0.475624087 0.879648639 -0 0.475624087 0.986183249 0 0.165658079 0.986183249 0 0.165658079 0.986183249 0 0.165658079 0.986183249 -0 0.165658079 0.986183249 -0 0.165658079 0.986183249 -0 0.165658079 0.986183249 0 -0.165658079 0.986183249 0 -0.165658079 0.986183249 0 -0.165658079 0.986183249 0 -0.165658079 0.986183249 0 -0.165658079 0.986183249 0 -0.165658079 0.879648639 0 -0.475624087 0.879648639 0 -0.475624087 0.879648639 0 -0.475624087 0.879648639 0 -0.475624087 0.879648639 0 -0.475624087 0.879648639 0 -0.475624087 0.685443049 0 -0.728126244 0.685443049 0 -0.728126244 0.685443049 0 -0.728126244 0.685443049 0 -0.728126244 0.685443049 0 -0.728126244 0.685443049 0 -0.728126244 0.431368183 0 -0.902175975 0.431368183 0 -0.902175975 0.431368183 0 -0.902175975 0.431368183 0 -0.902175975 0.431368183 0 -0.902175975 0.431368183 0 -0.902175975 0.146548661 0 -0.989203462 0.146548661 0 -0.989203462 0.146548661 0 -0.989203462 0.118323323 0.0912442565 0.988774027 0.118323323 0.0912442565 0.988774027 0.118323323 0.0912442565 0.988774027 0.346900619 0.267510143 0.89894287 0.346900619 0.267510143 0.89894287 0.346900619 0.267510143 0.89894287 0.34789058 0.267259718 0.898634735 0.34789058 0.267259718 0.898634735 0.34789058 0.267259718 0.898634735 0.548104472 0.421069886 0.722690555 0.548104472 0.421069886 0.722690555 0.548104472 0.421069886 0.722690555 0.549961034 0.420848782 0.721407765 0.549961034 0.420848782 0.721407765 0.549961034 0.420848782 0.721407765 0.701555001 0.536853612 0.468624348 0.701555001 0.536853612 0.468624348 0.701555001 0.536853612 0.468624348 0.700861595 0.536998529 0.469495053 0.700861595 0.536998529 0.469495053 0.700861595 0.536998529 0.469495053 0.783488063 0.600306737 0.160556148 0.783488063 0.600306737 0.160556148 0.783488063 0.600306737 0.160556148 0.783088179 0.600577346 0.161492278 0.783088179 0.600577346 0.161492278 0.783088179 0.600577346 0.161492278 0.78320684 0.600668351 -0.160575767 0.78320684 0.600668351 -0.160575767 0.78320684 0.600668351 -0.160575767 0.783363197 0.600211066 -0.16152021 0.783363197 0.600211066 -0.16152021 0.783363197 0.600211066 -0.16152021 0.701203456 0.537260463 -0.468684231 0.701203456 0.537260463 -0.468684231 0.701203456 0.537260463 -0.468684231 0.701153336 0.536546245 -0.469576539 0.701153336 0.536546245 -0.469576539 0.701153336 0.536546245 -0.469576539 0.549042532 0.420145914 -0.722516234 0.549042532 0.420145914 -0.722516234 0.549042532 0.420145914 -0.722516234 0.549366814 0.422039653 -0.721164776 0.549366814 0.422039653 -0.721164776 0.549366814 0.422039653 -0.721164776 0.347526876 0.26698031 -0.89885849 0.347526876 0.26698031 -0.89885849 0.347526876 0.26698031 -0.89885849 0.347593598 0.26804453 -0.898515899 0.347593598 0.26804453 -0.898515899 0.347593598 0.26804453 -0.898515899 0.118323323 0.0912442565 -0.988774027 0.118323323 0.0912442565 -0.988774027 0.118323323 0.0912442565 -0.988774027 0.0453096294 0.147109011 0.988081968 0.0453096294 0.147109011 0.988081968 0.0453096294 0.147109011 0.988081968 0.131920359 0.428312345 0.893949413 0.131920359 0.428312345 0.893949413 0.131920359 0.428312345 0.893949413 0.132585935 0.428595846 0.893715039 0.132585935 0.428595846 0.893715039 0.132585935 0.428595846 0.893715039 0.208156669 0.672884974 0.709856755 0.208156669 0.672884974 0.709856755 0.208156669 0.672884974 0.709856755 0.205752584 0.671510207 0.711856669 0.205752584 0.671510207 0.711856669 0.205752584 0.671510207 0.711856669 0.260240061 0.849339795 0.459235258 0.260240061 0.849339795 0.459235258 0.260240061 0.849339795 0.459235258 0.26121604 0.849778468 0.457867596 0.26121604 0.849778468 0.457867596 0.26121604 0.849778468 0.457867596 0.29010874 0.943771145 0.158533736 0.29010874 0.943771145 0.158533736 0.29010874 0.943771145 0.158533736 0.291296543 0.943801952 0.15615441 0.291296543 0.943801952 0.15615441 0.291296543 0.943801952 0.15615441 0.291187312 0.943448043 -0.158479461 0.291187312 0.943448043 -0.158479461 0.291187312 0.943448043 -0.158479461 0.290223109 0.944143206 -0.156090211 0.290223109 0.944143206 -0.156090211 0.290223109 0.944143206 -0.156090211 0.261023972 0.849153639 -0.459134604 0.261023972 0.849153639 -0.459134604 0.261023972 0.849153639 -0.459134604 0.260465196 0.850074561 -0.457745697 0.260465196 0.850074561 -0.457745697 0.260465196 0.850074561 -0.457745697 0.20625856 0.673161551 -0.710148529 0.20625856 0.673161551 -0.710148529 0.20625856 0.673161551 -0.710148529 0.207453849 0.670613047 -0.712208566 0.207453849 0.670613047 -0.712208566 0.207453849 0.670613047 -0.712208566 0.132488112 0.428279626 -0.893881123 0.132488112 0.428279626 -0.893881123 0.132488112 0.428279626 -0.893881123 0.132105952 0.428914919 -0.89363304 0.132105952 0.428914919 -0.89363304 0.132105952 0.428914919 -0.89363304 0.0453096294 0.147109011 -0.988081968 0.0453096294 0.147109011 -0.988081968 0.0453096294 0.147109011 -0.988081968 -0.0453096294 0.147109011 0.988081968 -0.0453096294 0.147109011 0.988081968 -0.0453096294 0.147109011 0.988081968 -0.132105952 0.428914919 0.89363304 -0.132105952 0.428914919 0.89363304 -0.132105952 0.428914919 0.89363304 -0.132488112 0.428279626 0.893881123 -0.132488112 0.428279626 0.893881123 -0.132488112 0.428279626 0.893881123 -0.207566153 0.67097608 0.711833824 -0.207566153 0.67097608 0.711833824 -0.207566153 0.67097608 0.711833824 -0.206560024 0.673117801 0.710102375 -0.206560024 0.673117801 0.710102375 -0.206560024 0.673117801 0.710102375 -0.260729379 0.849639651 0.458402285 -0.260729379 0.849639651 0.458402285 -0.260729379 0.849639651 0.458402285 -0.261023972 0.849153639 0.459134604 -0.261023972 0.849153639 0.459134604 -0.261023972 0.849153639 0.459134604 -0.290223109 0.944143206 0.156090211 -0.290223109 0.944143206 0.156090211 -0.290223109 0.944143206 0.156090211 -0.291187312 0.943448043 0.158479461 -0.291187312 0.943448043 0.158479461 -0.291187312 0.943448043 0.158479461 -0.291296543 0.943801952 -0.15615441 -0.291296543 0.943801952 -0.15615441 -0.291296543 0.943801952 -0.15615441 -0.29010874 0.943771145 -0.158533736 -0.29010874 0.943771145 -0.158533736 -0.29010874 0.943771145 -0.158533736 -0.261125195 0.849482934 -0.458467422 -0.261125195 0.849482934 -0.458467422 -0.261125195 0.849482934 -0.458467422 -0.260610398 0.849251926 -0.459187747 -0.260610398 0.849251926 -0.459187747 -0.260610398 0.849251926 -0.459187747 -0.206133714 0.671728586 -0.7115403 -0.206133714 0.671728586 -0.7115403 -0.206133714 0.671728586 -0.7115403 -0.208156669 0.672884974 -0.709856755 -0.208156669 0.672884974 -0.709856755 -0.208156669 0.672884974 -0.709856755 -0.132585935 0.428595846 -0.893715039 -0.132585935 0.428595846 -0.893715039 -0.132585935 0.428595846 -0.893715039 -0.131920359 0.428312345 -0.893949413 -0.131920359 0.428312345 -0.893949413 -0.131920359 0.428312345 -0.893949413 -0.0453096294 0.147109011 -0.988081968 -0.0453096294 0.147109011 -0.988081968 -0.0453096294 0.147109011 -0.988081968 -0.118323323 0.0912442565 0.988774027 -0.118323323 0.0912442565 0.988774027 -0.118323323 0.0912442565 0.988774027 -0.347593598 0.26804453 0.898515899 -0.347593598 0.26804453 0.898515899 -0.347593598 0.26804453 0.898515899 -0.347526876 0.26698031 0.89885849 -0.347526876 0.26698031 0.89885849 -0.347526876 0.26698031 0.89885849 -0.549366814 0.422039653 0.721164776 -0.549366814 0.422039653 0.721164776 -0.549366814 0.422039653 0.721164776 -0.549247386 0.421340428 0.721664432 -0.549247386 0.421340428 0.721664432 -0.549247386 0.421340428 0.721664432 -0.700581485 0.53743233 0.469416739 -0.700581485 0.53743233 0.469416739 -0.700581485 0.53743233 0.469416739 -0.700533082 0.536746824 0.470272525 -0.700533082 0.536746824 0.470272525 -0.700533082 0.536746824 0.470272525 -0.783363197 0.600211066 0.16152021 -0.783363197 0.600211066 0.16152021 -0.783363197 0.600211066 0.16152021 -0.78320684 0.600668351 0.160575767 -0.78320684 0.600668351 0.160575767 -0.78320684 0.600668351 0.160575767 -0.783088179 0.600577346 -0.161492278 -0.783088179 0.600577346 -0.161492278 -0.783088179 0.600577346 -0.161492278 -0.783488063 0.600306737 -0.160556148 -0.783488063 0.600306737 -0.160556148 -0.783488063 0.600306737 -0.160556148 -0.700861595 0.536998529 -0.469495053 -0.700861595 0.536998529 -0.469495053 -0.700861595 0.536998529 -0.469495053 -0.700196215 0.537136781 -0.470328969 -0.700196215 0.537136781 -0.470328969 -0.700196215 0.537136781 -0.470328969 -0.549586189 0.421600331 -0.721254589 -0.549586189 0.421600331 -0.721254589 -0.549586189 0.421600331 -0.721254589 -0.548900347 0.4216813 -0.721729375 -0.548900347 0.4216813 -0.721729375 -0.548900347 0.4216813 -0.721729375 -0.34789058 0.267259718 -0.898634735 -0.34789058 0.267259718 -0.898634735 -0.34789058 0.267259718 -0.898634735 -0.346900619 0.267510143 -0.89894287 -0.346900619 0.267510143 -0.89894287 -0.346900619 0.267510143 -0.89894287 -0.118323323 0.0912442565 -0.988774027 -0.118323323 0.0912442565 -0.988774027 -0.118323323 0.0912442565 -0.988774027 -0.146548661 0 0.989203462 -0.146548661 0 0.989203462 -0.146548661 0 0.989203462 -0.431368183 0 0.902175975 -0.431368183 0 0.902175975 -0.431368183 0 0.902175975 -0.431368183 0 0.902175975 -0.431368183 0 0.902175975 -0.431368183 0 0.902175975 -0.685443049 0 0.728126244 -0.685443049 0 0.728126244 -0.685443049 0 0.728126244 -0.685443049 0 0.728126244 -0.685443049 0 0.728126244 -0.685443049 0 0.728126244 -0.879648639 0 0.475624087 -0.879648639 0 0.475624087 -0.879648639 0 0.475624087 -0.879648639 0 0.475624087 -0.879648639 0 0.475624087 -0.879648639 0 0.475624087 -0.986183249 0 0.165658079 -0.986183249 0 0.165658079 -0.986183249 0 0.165658079 -0.986183249 0 0.165658079 -0.986183249 0 0.165658079 -0.986183249 0 0.165658079 -0.986183249 0 -0.165658079 -0.986183249 0 -0.165658079 -0.986183249 0 -0.165658079 -0.986183249 -0 -0.165658079 -0.986183249 -0 -0.165658079 -0.986183249 -0 -0.165658079 -0.879648639 0 -0.475624087 -0.879648639 0 -0.475624087 -0.879648639 0 -0.475624087 -0.879648639 -0 -0.475624087 -0.879648639 -0 -0.475624087 -0.879648639 -0 -0.475624087 -0.685443049 0 -0.728126244 -0.685443049 0 -0.728126244 -0.685443049 0 -0.728126244 -0.685443049 -0 -0.728126244 -0.685443049 -0 -0.728126244 -0.685443049 -0 -0.728126244 -0.431368183 0 -0.902175975 -0.431368183 0 -0.902175975 -0.431368183 0 -0.902175975 -0.431368183 -0 -0.902175975 -0.431368183 -0 -0.902175975 -0.431368183 -0 -0.902175975 -0.146548661 0 -0.989203462 -0.146548661 0 -0.989203462 -0.146548661 0 -0.989203462 -0.11843831 -0.0908807994 0.988793733 -0.11843831 -0.0908807994 0.988793733 -0.11843831 -0.0908807994 0.988793733 -0.348198468 -0.267181751 0.898538669 -0.348198468 -0.267181751 0.898538669 -0.348198468 -0.267181751 0.898538669 -0.34789058 -0.267259718 0.898634735 -0.34789058 -0.267259718 0.898634735 -0.34789058 -0.267259718 0.898634735 -0.549053344 -0.421798836 0.721544294 -0.549053344 -0.421798836 0.721544294 -0.549053344 -0.421798836 0.721544294 -0.548613712 -0.421850632 0.721848349 -0.548613712 -0.421850632 0.721848349 -0.548613712 -0.421850632 0.721848349 -0.69953563 -0.537900423 0.470439197 -0.69953563 -0.537900423 0.470439197 -0.69953563 -0.537900423 0.470439197 -0.701282073 -0.537536582 0.468249801 -0.701282073 -0.537536582 0.468249801 -0.701282073 -0.537536582 0.468249801 -0.78317154 -0.600305311 0.162098344 -0.78317154 -0.600305311 0.162098344 -0.78317154 -0.600305311 0.162098344 -0.782778042 -0.600569772 0.163016824 -0.782778042 -0.600569772 0.163016824 -0.782778042 -0.600569772 0.163016824 -0.782895473 -0.600659869 -0.162118476 -0.782895473 -0.600659869 -0.162118476 -0.782895473 -0.600659869 -0.162118476 -0.783047969 -0.600210593 -0.163043312 -0.783047969 -0.600210593 -0.163043312 -0.783047969 -0.600210593 -0.163043312 -0.700421024 -0.536876583 -0.470291318 -0.700421024 -0.536876583 -0.470291318 -0.700421024 -0.536876583 -0.470291318 -0.700545935 -0.538677286 -0.468040784 -0.700545935 -0.538677286 -0.468040784 -0.700545935 -0.538677286 -0.468040784 -0.548830742 -0.422017515 -0.721585777 -0.548830742 -0.422017515 -0.721585777 -0.548830742 -0.422017515 -0.721585777 -0.548754727 -0.42156943 -0.721905441 -0.548754727 -0.42156943 -0.721905441 -0.548754727 -0.42156943 -0.721905441 -0.348004001 -0.267346852 -0.898564898 -0.348004001 -0.267346852 -0.898564898 -0.348004001 -0.267346852 -0.898564898 -0.347982676 -0.267016168 -0.898671477 -0.347982676 -0.267016168 -0.898671477 -0.347982676 -0.267016168 -0.898671477 -0.11843831 -0.0908807994 -0.988793733 -0.11843831 -0.0908807994 -0.988793733 -0.11843831 -0.0908807994 -0.988793733 -0.0452000745 -0.146753314 0.988139878 -0.0452000745 -0.146753314 0.988139878 -0.0452000745 -0.146753314 0.988139878 -0.132282147 -0.429486978 0.893332172 -0.132282147 -0.429486978 0.893332172 -0.132282147 -0.429486978 0.893332172 -0.132689236 -0.429660652 0.893188273 -0.132689236 -0.429660652 0.893188273 -0.132689236 -0.429660652 0.893188273 -0.207454563 -0.671758049 0.711128489 -0.207454563 -0.671758049 0.711128489 -0.207454563 -0.671758049 0.711128489 -0.207106467 -0.671559144 0.711417759 -0.207106467 -0.671559144 0.711417759 -0.207106467 -0.671559144 0.711417759 -0.262113819 -0.849924845 0.457082163 -0.262113819 -0.849924845 0.457082163 -0.262113819 -0.849924845 0.457082163 -0.261125195 -0.849482934 0.458467422 -0.261125195 -0.849482934 0.458467422 -0.261125195 -0.849482934 0.458467422 -0.29010874 -0.943771145 0.158533736 -0.29010874 -0.943771145 0.158533736 -0.29010874 -0.943771145 0.158533736 -0.290122612 -0.943771543 0.158505979 -0.290122612 -0.943771543 0.158505979 -0.290122612 -0.943771543 0.158505979 -0.290121332 -0.94376738 -0.158533103 -0.290121332 -0.94376738 -0.158533103 -0.290121332 -0.94376738 -0.158533103 -0.290110085 -0.943775518 -0.158505239 -0.290110085 -0.943775518 -0.158505239 -0.290110085 -0.943775518 -0.158505239 -0.261319358 -0.85011458 -0.457184201 -0.261319358 -0.85011458 -0.457184201 -0.261319358 -0.85011458 -0.457184201 -0.26188465 -0.849181746 -0.458592185 -0.26188465 -0.849181746 -0.458592185 -0.26188465 -0.849181746 -0.458592185 -0.207180125 -0.671797987 -0.711170767 -0.207180125 -0.671797987 -0.711170767 -0.207180125 -0.671797987 -0.711170767 -0.20735309 -0.67142947 -0.711468315 -0.20735309 -0.67142947 -0.711468315 -0.20735309 -0.67142947 -0.711468315 -0.132629393 -0.429466872 -0.89329035 -0.132629393 -0.429466872 -0.89329035 -0.132629393 -0.429466872 -0.89329035 -0.132395842 -0.429856119 -0.89313776 -0.132395842 -0.429856119 -0.89313776 -0.132395842 -0.429856119 -0.89313776 -0.0452000745 -0.146753314 -0.988139878 -0.0452000745 -0.146753314 -0.988139878 -0.0452000745 -0.146753314 -0.988139878</float_array><technique_common><accessor source="#part1-normals-array" count="1080" stride="3"><param name="X" type="float" /><param name="Y" type="float" /><param name="Z" type="float" /></accessor></technique_common></source><vertices id="part1-vertices"><input semantic="POSITION" source="#part1-positions" /></vertices><triangles count="360" material="material"><input semantic="VERTEX" source="#part1-vertices" offset="0" /><input semantic="NORMAL" source="#part1-normals" offset="0" /><p>0 1 2 3 4 5 6 7 8 9 10 11 12 13 14 15 16 17 18 19 20 21 22 23 24 25 26 27 28 29 30 31 32 33 34 35 36 37 38 39 40 41 42 43 44 45 46 47 48 49 50 51 52 53 54 55 56 57 58 59 60 61 62 63 64 65 66 67 68 69 70 71 72 73 74 75 76 77 78 79 80 81 82 83 84 85 86 87 88 89 90 91 92 93 94 95 96 97 98 99 100 101 102 103 104 105 106 107 108 109 110 111 112 113 114 115 116 117 118 119 120 121 122 123 124 125 126 127 128 129 130 131 132 133 134 135 136 137 138 139 140 141 142 143 144 145 146 147 148 149 150 151 152 153 154 155 156 157 158 159 160 161 162 163 164 165 166 167 168 169 170 171 172 173 174 175 176 177 178 179 180 181 182 183 184 185 186 187 188 189 190 191 192 193 194 195 196 197 198 199 200 201 202 203 204 205 206 207 208 209 210 211 212 213 214 215 216 217 218 219 220 221 222 223 224 225 226 227 228 229 230 231 232 233 234 235 236 237 238 239 240 241 242 243 244 245 246 247 248 249 250 251 252 253 254 255 256 257 258 259 260 261 262 263 264 265 266 267 268 269 270 271 272 273 274 275 276 277 278 279 280 281 282 283 284 285 286 287 288 289 290 291 292 293 294 295 296 297 298 299 300 301 302 303 304 305 306 307 308 309 310 311 312 313 314 315 316 317 318 319 320 321 322 323 324 325 326 327 328 329 330 331 332 333 334 335 336 337 338 339 340 341 342 343 344 345 346 347 348 349 350 351 352 353 354 355 356 357 358 359 360 361 362 363 364 365 366 367 368 369 370 371 372 373 374 375 376 377 378 379 380 381 382 383 384 385 386 387 388 389 390 391 392 393 394 395 396 397 398 399 400 401 402 403 404 405 406 407 408 409 410 411 412 413 414 415 416 417 418 419 420 421 422 423 424 425 426 427 428 429 430 431 432 433 434 435 436 437 438 439 440 441 442 443 444 445 446 447 448 449 450 451 452 453 454 455 456 457 458 459 460 461 462 463 464 465 466 467 468 469 470 471 472 473 474 475 476 477 478 479 480 481 482 483 484 485 486 487 488 489 490 491 492 493 494 495 496 497 498 499 500 501 502 503 504 505 506 507 508 509 510 511 512 513 514 515 516 517 518 519 520 521 522 523 524 525 526 527 528 529 530 531 532 533 534 535 536 537 538 539 540 541 542 543 544 545 546 547 548 549 550 551 552 553 554 555 556 557 558 559 560 561 562 563 564 565 566 567 568 569 570 571 572 573 574 575 576 577 578 579 580 581 582 583 584 585 586 587 588 589 590 591 592 593 594 595 596 597 598 599 600 601 602 603 604 605 606 607 608 609 610 611 612 613 614 615 616 617 618 619 620 621 622 623 624 625 626 627 628 629 630 631 632 633 634 635 636 637 638 639 640 641 642 643 644 645 646 647 648 649 650 651 652 653 654 655 656 657 658 659 660 661 662 663 664 665 666 667 668 669 670 671 672 673 674 675 676 677 678 679 680 681 682 683 684 685 686 687 688 689 690 691 692 693 694 695 696 697 698 699 700 701 702 703 704 705 706 707 708 709 710 711 712 713 714 715 716 717 718 719 720 721 722 723 724 725 726 727 728 729 730 731 732 733 734 735 736 737 738 739 740 741 742 743 744 745 746 747 748 749 750 751 752 753 754 755 756 757 758 759 760 761 762 763 764 765 766 767 768 769 770 771 772 773 774 775 776 777 778 779 780 781 782 783 784 785 786 787 788 789 790 791 792 793 794 795 796 797 798 799 800 801 802 803 804 805 806 807 808 809 810 811 812 813 814 815 816 817 818 819 820 821 822 823 824 825 826 827 828 829 830 831 832 833 834 835 836 837 838 839 840 841 842 843 844 845 846 847 848 849 850 851 852 853 854 855 856 857 858 859 860 861 862 863 864 865 866 867 868 869 870 871 872 873 874 875 876 877 878 879 880 881 882 883 884 885 886 887 888 889 890 891 892 893 894 895 896 897 898 899 900 901 902 903 904 905 906 907 908 909 910 911 912 913 914 915 916 917 918 919 920 921 922 923 924 925 926 927 928 929 930 931 932 933 934 935 936 937 938 939 940 941 942 943 944 945 946 947 948 949 950 951 952 953 954 955 956 957 958 959 960 961 962 963 964 965 966 967 968 969 970 971 972 973 974 975 976 977 978 979 980 981 982 983 984 985 986 987 988 989 990 991 992 993 994 995 996 997 998 999 1000 1001 1002 1003 1004 1005 1006 1007 1008 1009 1010 1011 1012 1013 1014 1015 1016 1017 1018 1019 1020 1021 1022 1023 1024 1025 1026 1027 1028 1029 1030 1031 1032 1033 1034 1035 1036 1037 1038 1039 1040 1041 1042 1043 1044 1045 1046 1047 1048 1049 1050 1051 1052 1053 1054 1055 1056 1057 1058 1059 1060 1061 1062 1063 1064 1065 1066 1067 1068 1069 1070 1071 1072 1073 1074 1075 1076 1077 1078 1079</p></triangles></mesh></geometry><geometry id="part2"><mesh><source id="part2-positions"><float_array id="part2-positions-array" count="4158">-1.3617655 0 -0.0755972159 -1.34907655 -0.0223378488 -0.104940426 -1.34907655 -0.0273605604 -0.0911940571 -1.34907655 -0.0273605604 -0.0911940571 -1.34907655 -0.0223378488 -0.104940426 -1.33625542 -0.0292110331 -0.114060608 -1.34907655 -0.0273605604 -0.0911940571 -1.33625542 -0.0292110331 -0.114060608 -1.33625542 -0.0358198641 -0.0960845881 -1.33625542 -0.0358198641 -0.0960845881 -1.33625542 -0.0292110331 -0.114060608 -1.32356646 -0.0326476252 -0.118686794 -1.33625542 -0.0358198641 -0.0960845881 -1.32356646 -0.0326476252 -0.118686794 -1.32356646 -0.040049516 -0.0984637672 -1.32356646 -0.040049516 -0.0984637672 -1.32356646 -0.0326476252 -0.118686794 -1.31074534 -0.0337050382 -0.12000856 -1.32356646 -0.040049516 -0.0984637672 -1.31074534 -0.0337050382 -0.12000856 -1.31074534 -0.0413712822 -0.0992568269 -1.31074534 -0.0413712822 -0.0992568269 -1.31074534 -0.0337050382 -0.12000856 -1.259593 -0.0407103991 -0.127542628 -1.31074534 -0.0413712822 -0.0992568269 -1.259593 -0.0407103991 -0.127542628 -1.259593 -0.0499627625 -0.103222126 -1.259593 -0.0499627625 -0.103222126 -1.259593 -0.0407103991 -0.127542628 -1.19033243 -0.0506236456 -0.138381111 -1.259593 -0.0499627625 -0.103222126 -1.19033243 -0.0506236456 -0.138381111 -1.19033243 -0.0621230116 -0.108905724 -1.19033243 -0.0621230116 -0.108905724 -1.19033243 -0.0506236456 -0.138381111 -1.10785422 -0.0623873648 -0.15093789 -1.19033243 -0.0621230116 -0.108905724 -1.10785422 -0.0623873648 -0.15093789 -1.10785422 -0.0765302672 -0.115646728 -1.10785422 -0.0765302672 -0.115646728 -1.10785422 -0.0623873648 -0.15093789 -1.01675149 -0.0746797945 -0.164287728 -1.10785422 -0.0765302672 -0.115646728 -1.01675149 -0.0746797945 -0.164287728 -1.01675149 -0.0915984019 -0.122784269 -1.01675149 -0.0915984019 -0.122784269 -1.01675149 -0.0746797945 -0.164287728 -0.921716496 -0.0864435097 -0.176976684 -1.01675149 -0.0915984019 -0.122784269 -0.921716496 -0.0864435097 -0.176976684 -0.921716496 -0.10600565 -0.129525277 -0.921716496 -0.10600565 -0.129525277 -0.921716496 -0.0864435097 -0.176976684 -0.827342365 -0.0963567603 -0.187815167 -0.921716496 -0.10600565 -0.129525277 -0.827342365 -0.0963567603 -0.187815167 -0.827342365 -0.118165899 -0.135208872 -0.827342365 -0.118165899 -0.135208872 -0.827342365 -0.0963567603 -0.187815167 -0.736636184 -0.103758651 -0.19587794 -0.827342365 -0.118165899 -0.135208872 -0.736636184 -0.103758651 -0.19587794 -0.736636184 -0.127286089 -0.1395707 -0.736636184 -0.127286089 -0.1395707 -0.736636184 -0.103758651 -0.19587794 -0.641733363 -0.109838776 -0.202618948 -0.736636184 -0.127286089 -0.1395707 -0.641733363 -0.109838776 -0.202618948 -0.641733363 -0.134820153 -0.143139469 -0.641733363 -0.134820153 -0.143139469 -0.641733363 -0.109838776 -0.202618948 -0.543096569 -0.11512584 -0.208434719 -0.641733363 -0.134820153 -0.143139469 -0.543096569 -0.11512584 -0.208434719 -0.543096569 -0.141164631 -0.146179531 -0.543096569 -0.141164631 -0.146179531 -0.543096569 -0.11512584 -0.208434719 -0.44277451 -0.119223312 -0.213193078 -0.543096569 -0.141164631 -0.146179531 -0.44277451 -0.119223312 -0.213193078 -0.44277451 -0.146319523 -0.148823064 -0.44277451 -0.146319523 -0.148823064 -0.44277451 -0.119223312 -0.213193078 -0.342848981 -0.12239555 -0.216894023 -0.44277451 -0.146319523 -0.148823064 -0.342848981 -0.12239555 -0.216894023 -0.342848981 -0.150152641 -0.150805713 -0.342848981 -0.150152641 -0.150805713 -0.342848981 -0.12239555 -0.216894023 -0.245434812 -0.124510376 -0.219537555 -0.342848981 -0.150152641 -0.150805713 -0.245434812 -0.124510376 -0.219537555 -0.245434812 -0.152664001 -0.152127479 -0.245434812 -0.152664001 -0.152127479 -0.245434812 -0.124510376 -0.219537555 -0.152382471 -0.125435617 -0.221255852 -0.245434812 -0.152664001 -0.152127479 -0.152382471 -0.125435617 -0.221255852 -0.152382471 -0.153853586 -0.153052715 -0.152382471 -0.153853586 -0.153052715 -0.152382471 -0.125435617 -0.221255852 -0.0622380159 -0.12490691 -0.221916735 -0.152382471 -0.153853586 -0.153052715 -0.0622380159 -0.12490691 -0.221916735 -0.0622380159 -0.15332488 -0.153449245 -0.0622380159 -0.15332488 -0.153449245 -0.0622380159 -0.12490691 -0.221916735 0.0272786113 -0.12318861 -0.221784558 -0.0622380159 -0.15332488 -0.153449245 0.0272786113 -0.12318861 -0.221784558 0.0272786113 -0.151210054 -0.153317069 0.0272786113 -0.151210054 -0.153317069 0.0272786113 -0.12318861 -0.221784558 0.114911715 -0.120412905 -0.220462792 0.0272786113 -0.151210054 -0.153317069 0.114911715 -0.120412905 -0.220462792 0.114911715 -0.147641281 -0.152656186 0.114911715 -0.147641281 -0.152656186 0.114911715 -0.120412905 -0.220462792 0.199504752 -0.116579779 -0.218215789 0.114911715 -0.147641281 -0.152656186 0.199504752 -0.116579779 -0.218215789 0.199504752 -0.143015111 -0.151466596 0.199504752 -0.143015111 -0.151466596 0.199504752 -0.116579779 -0.218215789 0.279636802 -0.111953601 -0.214647021 0.199504752 -0.143015111 -0.151466596 0.279636802 -0.111953601 -0.214647021 0.279636802 -0.137331513 -0.149483947 0.279636802 -0.137331513 -0.149483947 0.279636802 -0.111953601 -0.214647021 0.3541844 -0.106798709 -0.209624309 0.279636802 -0.137331513 -0.149483947 0.3541844 -0.106798709 -0.209624309 0.3541844 -0.130987035 -0.146972591 0.3541844 -0.130987035 -0.146972591 0.3541844 -0.106798709 -0.209624309 0.42265193 -0.100982938 -0.203015478 0.3541844 -0.130987035 -0.146972591 0.42265193 -0.100982938 -0.203015478 0.42265193 -0.123849497 -0.143403822 0.42265193 -0.123849497 -0.143403822 0.42265193 -0.100982938 -0.203015478 0.488211534 -0.0931845214 -0.193102231 0.42265193 -0.123849497 -0.143403822 0.488211534 -0.0931845214 -0.193102231 0.488211534 -0.114332781 -0.138116757 0.488211534 -0.114332781 -0.138116757 0.488211534 -0.0931845214 -0.193102231 0.549971046 -0.0841965112 -0.181074159 0.488211534 -0.114332781 -0.138116757 0.549971046 -0.0841965112 -0.181074159 0.549971046 -0.103229945 -0.13177228 0.549971046 -0.103229945 -0.13177228 0.549971046 -0.0841965112 -0.181074159 0.606410483 -0.0746797945 -0.168253027 0.549971046 -0.103229945 -0.13177228 0.606410483 -0.0746797945 -0.168253027 0.606410483 -0.0915984019 -0.124899095 0.606410483 -0.0915984019 -0.124899095 0.606410483 -0.0746797945 -0.168253027 0.655976688 -0.0656917803 -0.155960601 0.606410483 -0.0915984019 -0.124899095 0.655976688 -0.0656917803 -0.155960601 0.655976688 -0.0804955658 -0.11829026 0.655976688 -0.0804955658 -0.11829026 0.655976688 -0.0656917803 -0.155960601 0.697347998 -0.0580255363 -0.145518648 0.655976688 -0.0804955658 -0.11829026 0.697347998 -0.0580255363 -0.145518648 0.697347998 -0.0712432024 -0.112738842 0.697347998 -0.0712432024 -0.112738842 0.697347998 -0.0580255363 -0.145518648 0.728938214 -0.0526062949 -0.138248934 0.697347998 -0.0712432024 -0.112738842 0.728938214 -0.0526062949 -0.138248934 0.728938214 -0.0646343673 -0.108905724 0.728938214 -0.0646343673 -0.108905724 0.728938214 -0.0526062949 -0.138248934 0.747707238 -0.0510201754 -0.136266285 0.728938214 -0.0646343673 -0.108905724 0.747707238 -0.0510201754 -0.136266285 0.747707238 -0.0625195414 -0.107848311 0.747707238 -0.0625195414 -0.107848311 0.747707238 -0.0510201754 -0.136266285 0.766344154 -0.045600934 -0.12978963 0.747707238 -0.0625195414 -0.107848311 0.766344154 -0.045600934 -0.12978963 0.766344154 -0.0559107104 -0.104411719 0.766344154 -0.0559107104 -0.104411719 0.766344154 -0.045600934 -0.12978963 0.785113242 -0.0348946278 -0.116968494 0.766344154 -0.0559107104 -0.104411719 0.785113242 -0.0348946278 -0.116968494 0.785113242 -0.0426930484 -0.0975385349 0.785113242 -0.0426930484 -0.0975385349 0.785113242 -0.0348946278 -0.116968494 0.803750157 0 -0.0755972159 -1.3617655 0 -0.0755972159 -1.34907655 -0.0145394282 -0.115250202 -1.34907655 -0.0223378488 -0.104940426 -1.34907655 -0.0223378488 -0.104940426 -1.34907655 -0.0145394282 -0.115250202 -1.33625542 -0.0190334333 -0.127542628 -1.34907655 -0.0223378488 -0.104940426 -1.33625542 -0.0190334333 -0.127542628 -1.33625542 -0.0292110331 -0.114060608 -1.33625542 -0.0292110331 -0.114060608 -1.33625542 -0.0190334333 -0.127542628 -1.32356646 -0.0212804359 -0.133622752 -1.33625542 -0.0292110331 -0.114060608 -1.32356646 -0.0212804359 -0.133622752 -1.32356646 -0.0326476252 -0.118686794 -1.32356646 -0.0326476252 -0.118686794 -1.32356646 -0.0212804359 -0.133622752 -1.31074534 -0.0220734956 -0.135473225 -1.32356646 -0.0326476252 -0.118686794 -1.31074534 -0.0220734956 -0.135473225 -1.31074534 -0.0337050382 -0.12000856 -1.31074534 -0.0337050382 -0.12000856 -1.31074534 -0.0220734956 -0.135473225 -1.259593 -0.0265675007 -0.145650825 -1.31074534 -0.0337050382 -0.12000856 -1.259593 -0.0265675007 -0.145650825 -1.259593 -0.0407103991 -0.127542628 -1.259593 -0.0407103991 -0.127542628 -1.259593 -0.0265675007 -0.145650825 -1.19033243 -0.0330441551 -0.160058076 -1.259593 -0.0407103991 -0.127542628 -1.19033243 -0.0330441551 -0.160058076 -1.19033243 -0.0506236456 -0.138381111 -1.19033243 -0.0506236456 -0.138381111 -1.19033243 -0.0330441551 -0.160058076 -1.10785422 -0.0407103991 -0.17710886 -1.19033243 -0.0506236456 -0.138381111 -1.10785422 -0.0407103991 -0.17710886 -1.10785422 -0.0623873648 -0.15093789 -1.10785422 -0.0623873648 -0.15093789 -1.10785422 -0.0407103991 -0.17710886 -1.01675149 -0.0487731729 -0.195084881 -1.10785422 -0.0623873648 -0.15093789 -1.01675149 -0.0487731729 -0.195084881 -1.01675149 -0.0746797945 -0.164287728 -1.01675149 -0.0746797945 -0.164287728 -1.01675149 -0.0487731729 -0.195084881 -0.921716496 -0.0564394169 -0.212135665 -1.01675149 -0.0746797945 -0.164287728 -0.921716496 -0.0564394169 -0.212135665 -0.921716496 -0.0864435097 -0.176976684 -0.921716496 -0.0864435097 -0.176976684 -0.921716496 -0.0564394169 -0.212135665 -0.827342365 -0.0629160713 -0.226675093 -0.921716496 -0.0864435097 -0.176976684 -0.827342365 -0.0629160713 -0.226675093 -0.827342365 -0.0963567603 -0.187815167 -0.827342365 -0.0963567603 -0.187815167 -0.827342365 -0.0629160713 -0.226675093 -0.736636184 -0.0676744296 -0.237645752 -0.827342365 -0.0963567603 -0.187815167 -0.736636184 -0.0676744296 -0.237645752 -0.736636184 -0.103758651 -0.19587794 -0.736636184 -0.103758651 -0.19587794 -0.736636184 -0.0676744296 -0.237645752 -0.641733363 -0.0717719089 -0.246765939 -0.736636184 -0.103758651 -0.19587794 -0.641733363 -0.0717719089 -0.246765939 -0.641733363 -0.109838776 -0.202618948 -0.641733363 -0.109838776 -0.202618948 -0.641733363 -0.0717719089 -0.246765939 -0.543096569 -0.0750763203 -0.25456436 -0.641733363 -0.109838776 -0.202618948 -0.543096569 -0.0750763203 -0.25456436 -0.543096569 -0.11512584 -0.208434719 -0.543096569 -0.11512584 -0.208434719 -0.543096569 -0.0750763203 -0.25456436 -0.44277451 -0.0778520334 -0.260908838 -0.543096569 -0.11512584 -0.208434719 -0.44277451 -0.0778520334 -0.260908838 -0.44277451 -0.119223312 -0.213193078 -0.44277451 -0.119223312 -0.213193078 -0.44277451 -0.0778520334 -0.260908838 -0.342848981 -0.0799668593 -0.265931549 -0.44277451 -0.119223312 -0.213193078 -0.342848981 -0.0799668593 -0.265931549 -0.342848981 -0.12239555 -0.216894023 -0.342848981 -0.12239555 -0.216894023 -0.342848981 -0.0799668593 -0.265931549 -0.245434812 -0.0812886255 -0.269632495 -0.342848981 -0.12239555 -0.216894023 -0.245434812 -0.0812886255 -0.269632495 -0.245434812 -0.124510376 -0.219537555 -0.245434812 -0.124510376 -0.219537555 -0.245434812 -0.0812886255 -0.269632495 -0.152382471 -0.081817332 -0.271747321 -0.245434812 -0.124510376 -0.219537555 -0.152382471 -0.081817332 -0.271747321 -0.152382471 -0.125435617 -0.221255852 -0.152382471 -0.125435617 -0.221255852 -0.152382471 -0.081817332 -0.271747321 -0.0622380159 -0.0815529788 -0.272804733 -0.152382471 -0.125435617 -0.221255852 -0.0622380159 -0.0815529788 -0.272804733 -0.0622380159 -0.12490691 -0.221916735 -0.0622380159 -0.12490691 -0.221916735 -0.0622380159 -0.0815529788 -0.272804733 0.0272786113 -0.0803633852 -0.27254038 -0.0622380159 -0.12490691 -0.221916735 0.0272786113 -0.0803633852 -0.27254038 0.0272786113 -0.12318861 -0.221784558 0.0272786113 -0.12318861 -0.221784558 0.0272786113 -0.0803633852 -0.27254038 0.114911715 -0.0785129125 -0.270822088 0.0272786113 -0.12318861 -0.221784558 0.114911715 -0.0785129125 -0.270822088 0.114911715 -0.120412905 -0.220462792 0.114911715 -0.120412905 -0.220462792 0.114911715 -0.0785129125 -0.270822088 0.199504752 -0.0761337333 -0.267649849 0.114911715 -0.120412905 -0.220462792 0.199504752 -0.0761337333 -0.267649849 0.199504752 -0.116579779 -0.218215789 0.199504752 -0.116579779 -0.218215789 0.199504752 -0.0761337333 -0.267649849 0.279636802 -0.0730936751 -0.262891491 0.199504752 -0.116579779 -0.218215789 0.279636802 -0.0730936751 -0.262891491 0.279636802 -0.111953601 -0.214647021 0.279636802 -0.111953601 -0.214647021 0.279636802 -0.0730936751 -0.262891491 0.3541844 -0.0696570829 -0.25628266 0.279636802 -0.111953601 -0.214647021 0.3541844 -0.0696570829 -0.25628266 0.3541844 -0.106798709 -0.209624309 0.3541844 -0.106798709 -0.209624309 0.3541844 -0.0696570829 -0.25628266 0.42265193 -0.0659561335 -0.247162469 0.3541844 -0.106798709 -0.209624309 0.42265193 -0.0659561335 -0.247162469 0.42265193 -0.100982938 -0.203015478 0.42265193 -0.100982938 -0.203015478 0.42265193 -0.0659561335 -0.247162469 0.488211534 -0.0608012454 -0.233944807 0.42265193 -0.100982938 -0.203015478 0.488211534 -0.0608012454 -0.233944807 0.488211534 -0.0931845214 -0.193102231 0.488211534 -0.0931845214 -0.193102231 0.488211534 -0.0608012454 -0.233944807 0.549971046 -0.0549854741 -0.217819259 0.488211534 -0.0931845214 -0.193102231 0.549971046 -0.0549854741 -0.217819259 0.549971046 -0.0841965112 -0.181074159 0.549971046 -0.0841965112 -0.181074159 0.549971046 -0.0549854741 -0.217819259 0.606410483 -0.0487731729 -0.200504122 0.549971046 -0.0841965112 -0.181074159 0.606410483 -0.0487731729 -0.200504122 0.606410483 -0.0746797945 -0.168253027 0.606410483 -0.0746797945 -0.168253027 0.606410483 -0.0487731729 -0.200504122 0.655976688 -0.042825225 -0.183849868 0.606410483 -0.0746797945 -0.168253027 0.655976688 -0.042825225 -0.183849868 0.655976688 -0.0656917803 -0.155960601 0.655976688 -0.0656917803 -0.155960601 0.655976688 -0.042825225 -0.183849868 0.697347998 -0.03793469 -0.169839146 0.655976688 -0.0656917803 -0.155960601 0.697347998 -0.03793469 -0.169839146 0.697347998 -0.0580255363 -0.145518648 0.697347998 -0.0580255363 -0.145518648 0.697347998 -0.03793469 -0.169839146 0.728938214 -0.0343659213 -0.1599259 0.697347998 -0.0580255363 -0.145518648 0.728938214 -0.0343659213 -0.1599259 0.728938214 -0.0526062949 -0.138248934 0.728938214 -0.0526062949 -0.138248934 0.728938214 -0.0343659213 -0.1599259 0.747707238 -0.0333085083 -0.157282367 0.728938214 -0.0526062949 -0.138248934 0.747707238 -0.0333085083 -0.157282367 0.747707238 -0.0510201754 -0.136266285 0.747707238 -0.0510201754 -0.136266285 0.747707238 -0.0333085083 -0.157282367 0.766344154 -0.0297397396 -0.148690887 0.747707238 -0.0510201754 -0.136266285 0.766344154 -0.0297397396 -0.148690887 0.766344154 -0.045600934 -0.12978963 0.766344154 -0.045600934 -0.12978963 0.766344154 -0.0297397396 -0.148690887 0.785113242 -0.0227343787 -0.13137575 0.766344154 -0.045600934 -0.12978963 0.785113242 -0.0227343787 -0.13137575 0.785113242 -0.0348946278 -0.116968494 0.785113242 -0.0348946278 -0.116968494 0.785113242 -0.0227343787 -0.13137575 0.803750157 0 -0.0755972159 -1.3617655 0 -0.0755972159 -1.34907655 -0.00502271157 -0.120669443 -1.34907655 -0.0145394282 -0.115250202 -1.34907655 -0.0145394282 -0.115250202 -1.34907655 -0.00502271157 -0.120669443 -1.33625542 -0.00660883102 -0.134547989 -1.34907655 -0.0145394282 -0.115250202 -1.33625542 -0.00660883102 -0.134547989 -1.33625542 -0.0190334333 -0.127542628 -1.33625542 -0.0190334333 -0.127542628 -1.33625542 -0.00660883102 -0.134547989 -1.32356646 -0.00740189074 -0.141553349 -1.33625542 -0.0190334333 -0.127542628 -1.32356646 -0.00740189074 -0.141553349 -1.32356646 -0.0212804359 -0.133622752 -1.32356646 -0.0212804359 -0.133622752 -1.32356646 -0.00740189074 -0.141553349 -1.31074534 -0.00766624398 -0.143800352 -1.32356646 -0.0212804359 -0.133622752 -1.31074534 -0.00766624398 -0.143800352 -1.31074534 -0.0220734956 -0.135473225 -1.31074534 -0.0220734956 -0.135473225 -1.31074534 -0.00766624398 -0.143800352 -1.259593 -0.00925236342 -0.155299718 -1.31074534 -0.0220734956 -0.135473225 -1.259593 -0.00925236342 -0.155299718 -1.259593 -0.0265675007 -0.145650825 -1.259593 -0.0265675007 -0.145650825 -1.259593 -0.00925236342 -0.155299718 -1.19033243 -0.011499366 -0.171689619 -1.259593 -0.0265675007 -0.145650825 -1.19033243 -0.011499366 -0.171689619 -1.19033243 -0.0330441551 -0.160058076 -1.19033243 -0.0330441551 -0.160058076 -1.19033243 -0.011499366 -0.171689619 -1.10785422 -0.0141428984 -0.191119582 -1.19033243 -0.0330441551 -0.160058076 -1.10785422 -0.0141428984 -0.191119582 -1.10785422 -0.0407103991 -0.17710886 -1.10785422 -0.0407103991 -0.17710886 -1.10785422 -0.0141428984 -0.191119582 -1.01675149 -0.0169186074 -0.211474782 -1.10785422 -0.0407103991 -0.17710886 -1.01675149 -0.0169186074 -0.211474782 -1.01675149 -0.0487731729 -0.195084881 -1.01675149 -0.0487731729 -0.195084881 -1.01675149 -0.0169186074 -0.211474782 -0.921716496 -0.0195621398 -0.230904745 -1.01675149 -0.0487731729 -0.195084881 -0.921716496 -0.0195621398 -0.230904745 -0.921716496 -0.0564394169 -0.212135665 -0.921716496 -0.0564394169 -0.212135665 -0.921716496 -0.0195621398 -0.230904745 -0.827342365 -0.0218091424 -0.247426822 -0.921716496 -0.0564394169 -0.212135665 -0.827342365 -0.0218091424 -0.247426822 -0.827342365 -0.0629160713 -0.226675093 -0.827342365 -0.0629160713 -0.226675093 -0.827342365 -0.0218091424 -0.247426822 -0.736636184 -0.0235274384 -0.259851425 -0.827342365 -0.0629160713 -0.226675093 -0.736636184 -0.0235274384 -0.259851425 -0.736636184 -0.0676744296 -0.237645752 -0.736636184 -0.0676744296 -0.237645752 -0.736636184 -0.0235274384 -0.259851425 -0.641733363 -0.0248492046 -0.270293382 -0.736636184 -0.0676744296 -0.237645752 -0.641733363 -0.0248492046 -0.270293382 -0.641733363 -0.0717719089 -0.246765939 -0.641733363 -0.0717719089 -0.246765939 -0.641733363 -0.0248492046 -0.270293382 -0.543096569 -0.0260387942 -0.279149211 -0.641733363 -0.0717719089 -0.246765939 -0.543096569 -0.0260387942 -0.279149211 -0.543096569 -0.0750763203 -0.25456436 -0.543096569 -0.0750763203 -0.25456436 -0.543096569 -0.0260387942 -0.279149211 -0.44277451 -0.0270962072 -0.286418929 -0.543096569 -0.0750763203 -0.25456436 -0.44277451 -0.0270962072 -0.286418929 -0.44277451 -0.0778520334 -0.260908838 -0.44277451 -0.0778520334 -0.260908838 -0.44277451 -0.0270962072 -0.286418929 -0.342848981 -0.0277570903 -0.29210252 -0.44277451 -0.0778520334 -0.260908838 -0.342848981 -0.0277570903 -0.29210252 -0.342848981 -0.0799668593 -0.265931549 -0.342848981 -0.0799668593 -0.265931549 -0.342848981 -0.0277570903 -0.29210252 -0.245434812 -0.0281536201 -0.296199999 -0.342848981 -0.0799668593 -0.265931549 -0.245434812 -0.0281536201 -0.296199999 -0.245434812 -0.0812886255 -0.269632495 -0.245434812 -0.0812886255 -0.269632495 -0.245434812 -0.0281536201 -0.296199999 -0.152382471 -0.0284179734 -0.298711351 -0.245434812 -0.0812886255 -0.269632495 -0.152382471 -0.0284179734 -0.298711351 -0.152382471 -0.081817332 -0.271747321 -0.152382471 -0.081817332 -0.271747321 -0.152382471 -0.0284179734 -0.298711351 -0.0622380159 -0.0282857968 -0.299768764 -0.152382471 -0.081817332 -0.271747321 -0.0622380159 -0.0282857968 -0.299768764 -0.0622380159 -0.0815529788 -0.272804733 -0.0622380159 -0.0815529788 -0.272804733 -0.0622380159 -0.0282857968 -0.299768764 0.0272786113 -0.0278892669 -0.299504411 -0.0622380159 -0.0815529788 -0.272804733 0.0272786113 -0.0278892669 -0.299504411 0.0272786113 -0.0803633852 -0.27254038 0.0272786113 -0.0803633852 -0.27254038 0.0272786113 -0.0278892669 -0.299504411 0.114911715 -0.0272283838 -0.297653938 0.0272786113 -0.0803633852 -0.27254038 0.114911715 -0.0272283838 -0.297653938 0.114911715 -0.0785129125 -0.270822088 0.114911715 -0.0785129125 -0.270822088 0.114911715 -0.0272283838 -0.297653938 0.199504752 -0.0264353241 -0.294085173 0.114911715 -0.0785129125 -0.270822088 0.199504752 -0.0264353241 -0.294085173 0.199504752 -0.0761337333 -0.267649849 0.199504752 -0.0761337333 -0.267649849 0.199504752 -0.0264353241 -0.294085173 0.279636802 -0.0253779111 -0.288533755 0.199504752 -0.0761337333 -0.267649849 0.279636802 -0.0253779111 -0.288533755 0.279636802 -0.0730936751 -0.262891491 0.279636802 -0.0730936751 -0.262891491 0.279636802 -0.0253779111 -0.288533755 0.3541844 -0.0241883215 -0.280999684 0.279636802 -0.0730936751 -0.262891491 0.3541844 -0.0241883215 -0.280999684 0.3541844 -0.0696570829 -0.25628266 0.3541844 -0.0696570829 -0.25628266 0.3541844 -0.0241883215 -0.280999684 0.42265193 -0.0228665553 -0.270822088 0.3541844 -0.0696570829 -0.25628266 0.42265193 -0.0228665553 -0.270822088 0.42265193 -0.0659561335 -0.247162469 0.42265193 -0.0659561335 -0.247162469 0.42265193 -0.0228665553 -0.270822088 0.488211534 -0.0211482593 -0.255753953 0.42265193 -0.0659561335 -0.247162469 0.488211534 -0.0211482593 -0.255753953 0.488211534 -0.0608012454 -0.233944807 0.488211534 -0.0608012454 -0.233944807 0.488211534 -0.0211482593 -0.255753953 0.549971046 -0.0190334333 -0.237249223 0.488211534 -0.0608012454 -0.233944807 0.549971046 -0.0190334333 -0.237249223 0.549971046 -0.0549854741 -0.217819259 0.549971046 -0.0549854741 -0.217819259 0.549971046 -0.0190334333 -0.237249223 0.606410483 -0.0169186074 -0.217687083 0.549971046 -0.0549854741 -0.217819259 0.606410483 -0.0169186074 -0.217687083 0.606410483 -0.0487731729 -0.200504122 0.606410483 -0.0487731729 -0.200504122 0.606410483 -0.0169186074 -0.217687083 0.655976688 -0.0149359581 -0.198785826 0.606410483 -0.0487731729 -0.200504122 0.655976688 -0.0149359581 -0.198785826 0.655976688 -0.042825225 -0.183849868 0.655976688 -0.042825225 -0.183849868 0.655976688 -0.0149359581 -0.198785826 0.697347998 -0.013217662 -0.182660278 0.655976688 -0.042825225 -0.183849868 0.697347998 -0.013217662 -0.182660278 0.697347998 -0.03793469 -0.169839146 0.697347998 -0.03793469 -0.169839146 0.697347998 -0.013217662 -0.182660278 0.728938214 -0.0118958958 -0.171557442 0.697347998 -0.03793469 -0.169839146 0.728938214 -0.0118958958 -0.171557442 0.728938214 -0.0343659213 -0.1599259 0.728938214 -0.0343659213 -0.1599259 0.728938214 -0.0118958958 -0.171557442 0.747707238 -0.011499366 -0.16851738 0.728938214 -0.0343659213 -0.1599259 0.747707238 -0.011499366 -0.16851738 0.747707238 -0.0333085083 -0.157282367 0.747707238 -0.0333085083 -0.157282367 0.747707238 -0.011499366 -0.16851738 0.766344154 -0.0103097764 -0.158604134 0.747707238 -0.0333085083 -0.157282367 0.766344154 -0.0103097764 -0.158604134 0.766344154 -0.0297397396 -0.148690887 0.766344154 -0.0297397396 -0.148690887 0.766344154 -0.0103097764 -0.158604134 0.785113242 -0.00793059722 -0.139041994 0.766344154 -0.0297397396 -0.148690887 0.785113242 -0.00793059722 -0.139041994 0.785113242 -0.0227343787 -0.13137575 0.785113242 -0.0227343787 -0.13137575 0.785113242 -0.00793059722 -0.139041994 0.803750157 0 -0.0755972159 -1.3617655 0 -0.0755972159 -1.34907655 0.00502271157 -0.120669443 -1.34907655 -0.00502271157 -0.120669443 -1.34907655 -0.00502271157 -0.120669443 -1.34907655 0.00502271157 -0.120669443 -1.33625542 0.00660883102 -0.134547989 -1.34907655 -0.00502271157 -0.120669443 -1.33625542 0.00660883102 -0.134547989 -1.33625542 -0.00660883102 -0.134547989 -1.33625542 -0.00660883102 -0.134547989 -1.33625542 0.00660883102 -0.134547989 -1.32356646 0.00740189074 -0.141553349 -1.33625542 -0.00660883102 -0.134547989 -1.32356646 0.00740189074 -0.141553349 -1.32356646 -0.00740189074 -0.141553349 -1.32356646 -0.00740189074 -0.141553349 -1.32356646 0.00740189074 -0.141553349 -1.31074534 0.00766624398 -0.143800352 -1.32356646 -0.00740189074 -0.141553349 -1.31074534 0.00766624398 -0.143800352 -1.31074534 -0.00766624398 -0.143800352 -1.31074534 -0.00766624398 -0.143800352 -1.31074534 0.00766624398 -0.143800352 -1.259593 0.00925236342 -0.155299718 -1.31074534 -0.00766624398 -0.143800352 -1.259593 0.00925236342 -0.155299718 -1.259593 -0.00925236342 -0.155299718 -1.259593 -0.00925236342 -0.155299718 -1.259593 0.00925236342 -0.155299718 -1.19033243 0.011499366 -0.171689619 -1.259593 -0.00925236342 -0.155299718 -1.19033243 0.011499366 -0.171689619 -1.19033243 -0.011499366 -0.171689619 -1.19033243 -0.011499366 -0.171689619 -1.19033243 0.011499366 -0.171689619 -1.10785422 0.0141428984 -0.191119582 -1.19033243 -0.011499366 -0.171689619 -1.10785422 0.0141428984 -0.191119582 -1.10785422 -0.0141428984 -0.191119582 -1.10785422 -0.0141428984 -0.191119582 -1.10785422 0.0141428984 -0.191119582 -1.01675149 0.0169186074 -0.211474782 -1.10785422 -0.0141428984 -0.191119582 -1.01675149 0.0169186074 -0.211474782 -1.01675149 -0.0169186074 -0.211474782 -1.01675149 -0.0169186074 -0.211474782 -1.01675149 0.0169186074 -0.211474782 -0.921716496 0.0195621398 -0.230904745 -1.01675149 -0.0169186074 -0.211474782 -0.921716496 0.0195621398 -0.230904745 -0.921716496 -0.0195621398 -0.230904745 -0.921716496 -0.0195621398 -0.230904745 -0.921716496 0.0195621398 -0.230904745 -0.827342365 0.0218091424 -0.247426822 -0.921716496 -0.0195621398 -0.230904745 -0.827342365 0.0218091424 -0.247426822 -0.827342365 -0.0218091424 -0.247426822 -0.827342365 -0.0218091424 -0.247426822 -0.827342365 0.0218091424 -0.247426822 -0.736636184 0.0235274384 -0.259851425 -0.827342365 -0.0218091424 -0.247426822 -0.736636184 0.0235274384 -0.259851425 -0.736636184 -0.0235274384 -0.259851425 -0.736636184 -0.0235274384 -0.259851425 -0.736636184 0.0235274384 -0.259851425 -0.641733363 0.0248492046 -0.270293382 -0.736636184 -0.0235274384 -0.259851425 -0.641733363 0.0248492046 -0.270293382 -0.641733363 -0.0248492046 -0.270293382 -0.641733363 -0.0248492046 -0.270293382 -0.641733363 0.0248492046 -0.270293382 -0.543096569 0.0260387942 -0.279149211 -0.641733363 -0.0248492046 -0.270293382 -0.543096569 0.0260387942 -0.279149211 -0.543096569 -0.0260387942 -0.279149211 -0.543096569 -0.0260387942 -0.279149211 -0.543096569 0.0260387942 -0.279149211 -0.44277451 0.0270962072 -0.286418929 -0.543096569 -0.0260387942 -0.279149211 -0.44277451 0.0270962072 -0.286418929 -0.44277451 -0.0270962072 -0.286418929 -0.44277451 -0.0270962072 -0.286418929 -0.44277451 0.0270962072 -0.286418929 -0.342848981 0.0277570903 -0.29210252 -0.44277451 -0.0270962072 -0.286418929 -0.342848981 0.0277570903 -0.29210252 -0.342848981 -0.0277570903 -0.29210252 -0.342848981 -0.0277570903 -0.29210252 -0.342848981 0.0277570903 -0.29210252 -0.245434812 0.0281536201 -0.296199999 -0.342848981 -0.0277570903 -0.29210252 -0.245434812 0.0281536201 -0.296199999 -0.245434812 -0.0281536201 -0.296199999 -0.245434812 -0.0281536201 -0.296199999 -0.245434812 0.0281536201 -0.296199999 -0.152382471 0.0284179734 -0.298711351 -0.245434812 -0.0281536201 -0.296199999 -0.152382471 0.0284179734 -0.298711351 -0.152382471 -0.0284179734 -0.298711351 -0.152382471 -0.0284179734 -0.298711351 -0.152382471 0.0284179734 -0.298711351 -0.0622380159 0.0282857968 -0.299768764 -0.152382471 -0.0284179734 -0.298711351 -0.0622380159 0.0282857968 -0.299768764 -0.0622380159 -0.0282857968 -0.299768764 -0.0622380159 -0.0282857968 -0.299768764 -0.0622380159 0.0282857968 -0.299768764 0.0272786113 0.0278892669 -0.299504411 -0.0622380159 -0.0282857968 -0.299768764 0.0272786113 0.0278892669 -0.299504411 0.0272786113 -0.0278892669 -0.299504411 0.0272786113 -0.0278892669 -0.299504411 0.0272786113 0.0278892669 -0.299504411 0.114911715 0.0272283838 -0.297653938 0.0272786113 -0.0278892669 -0.299504411 0.114911715 0.0272283838 -0.297653938 0.114911715 -0.0272283838 -0.297653938 0.114911715 -0.0272283838 -0.297653938 0.114911715 0.0272283838 -0.297653938 0.199504752 0.0264353241 -0.294085173 0.114911715 -0.0272283838 -0.297653938 0.199504752 0.0264353241 -0.294085173 0.199504752 -0.0264353241 -0.294085173 0.199504752 -0.0264353241 -0.294085173 0.199504752 0.0264353241 -0.294085173 0.279636802 0.0253779111 -0.288533755 0.199504752 -0.0264353241 -0.294085173 0.279636802 0.0253779111 -0.288533755 0.279636802 -0.0253779111 -0.288533755 0.279636802 -0.0253779111 -0.288533755 0.279636802 0.0253779111 -0.288533755 0.3541844 0.0241883215 -0.280999684 0.279636802 -0.0253779111 -0.288533755 0.3541844 0.0241883215 -0.280999684 0.3541844 -0.0241883215 -0.280999684 0.3541844 -0.0241883215 -0.280999684 0.3541844 0.0241883215 -0.280999684 0.42265193 0.0228665553 -0.270822088 0.3541844 -0.0241883215 -0.280999684 0.42265193 0.0228665553 -0.270822088 0.42265193 -0.0228665553 -0.270822088 0.42265193 -0.0228665553 -0.270822088 0.42265193 0.0228665553 -0.270822088 0.488211534 0.0211482593 -0.255753953 0.42265193 -0.0228665553 -0.270822088 0.488211534 0.0211482593 -0.255753953 0.488211534 -0.0211482593 -0.255753953 0.488211534 -0.0211482593 -0.255753953 0.488211534 0.0211482593 -0.255753953 0.549971046 0.0190334333 -0.237249223 0.488211534 -0.0211482593 -0.255753953 0.549971046 0.0190334333 -0.237249223 0.549971046 -0.0190334333 -0.237249223 0.549971046 -0.0190334333 -0.237249223 0.549971046 0.0190334333 -0.237249223 0.606410483 0.0169186074 -0.217687083 0.549971046 -0.0190334333 -0.237249223 0.606410483 0.0169186074 -0.217687083 0.606410483 -0.0169186074 -0.217687083 0.606410483 -0.0169186074 -0.217687083 0.606410483 0.0169186074 -0.217687083 0.655976688 0.0149359581 -0.198785826 0.606410483 -0.0169186074 -0.217687083 0.655976688 0.0149359581 -0.198785826 0.655976688 -0.0149359581 -0.198785826 0.655976688 -0.0149359581 -0.198785826 0.655976688 0.0149359581 -0.198785826 0.697347998 0.013217662 -0.182660278 0.655976688 -0.0149359581 -0.198785826 0.697347998 0.013217662 -0.182660278 0.697347998 -0.013217662 -0.182660278 0.697347998 -0.013217662 -0.182660278 0.697347998 0.013217662 -0.182660278 0.728938214 0.0118958958 -0.171557442 0.697347998 -0.013217662 -0.182660278 0.728938214 0.0118958958 -0.171557442 0.728938214 -0.0118958958 -0.171557442 0.728938214 -0.0118958958 -0.171557442 0.728938214 0.0118958958 -0.171557442 0.747707238 0.011499366 -0.16851738 0.728938214 -0.0118958958 -0.171557442 0.747707238 0.011499366 -0.16851738 0.747707238 -0.011499366 -0.16851738 0.747707238 -0.011499366 -0.16851738 0.747707238 0.011499366 -0.16851738 0.766344154 0.0103097764 -0.158604134 0.747707238 -0.011499366 -0.16851738 0.766344154 0.0103097764 -0.158604134 0.766344154 -0.0103097764 -0.158604134 0.766344154 -0.0103097764 -0.158604134 0.766344154 0.0103097764 -0.158604134 0.785113242 0.00793059722 -0.139041994 0.766344154 -0.0103097764 -0.158604134 0.785113242 0.00793059722 -0.139041994 0.785113242 -0.00793059722 -0.139041994 0.785113242 -0.00793059722 -0.139041994 0.785113242 0.00793059722 -0.139041994 0.803750157 0 -0.0755972159 -1.3617655 0 -0.0755972159 -1.34907655 0.0145394282 -0.115250202 -1.34907655 0.00502271157 -0.120669443 -1.34907655 0.00502271157 -0.120669443 -1.34907655 0.0145394282 -0.115250202 -1.33625542 0.0190334333 -0.127542628 -1.34907655 0.00502271157 -0.120669443 -1.33625542 0.0190334333 -0.127542628 -1.33625542 0.00660883102 -0.134547989 -1.33625542 0.00660883102 -0.134547989 -1.33625542 0.0190334333 -0.127542628 -1.32356646 0.0212804359 -0.133622752 -1.33625542 0.00660883102 -0.134547989 -1.32356646 0.0212804359 -0.133622752 -1.32356646 0.00740189074 -0.141553349 -1.32356646 0.00740189074 -0.141553349 -1.32356646 0.0212804359 -0.133622752 -1.31074534 0.0220734956 -0.135473225 -1.32356646 0.00740189074 -0.141553349 -1.31074534 0.0220734956 -0.135473225 -1.31074534 0.00766624398 -0.143800352 -1.31074534 0.00766624398 -0.143800352 -1.31074534 0.0220734956 -0.135473225 -1.259593 0.0265675007 -0.145650825 -1.31074534 0.00766624398 -0.143800352 -1.259593 0.0265675007 -0.145650825 -1.259593 0.00925236342 -0.155299718 -1.259593 0.00925236342 -0.155299718 -1.259593 0.0265675007 -0.145650825 -1.19033243 0.0330441551 -0.160058076 -1.259593 0.00925236342 -0.155299718 -1.19033243 0.0330441551 -0.160058076 -1.19033243 0.011499366 -0.171689619 -1.19033243 0.011499366 -0.171689619 -1.19033243 0.0330441551 -0.160058076 -1.10785422 0.0407103991 -0.17710886 -1.19033243 0.011499366 -0.171689619 -1.10785422 0.0407103991 -0.17710886 -1.10785422 0.0141428984 -0.191119582 -1.10785422 0.0141428984 -0.191119582 -1.10785422 0.0407103991 -0.17710886 -1.01675149 0.0487731729 -0.195084881 -1.10785422 0.0141428984 -0.191119582 -1.01675149 0.0487731729 -0.195084881 -1.01675149 0.0169186074 -0.211474782 -1.01675149 0.0169186074 -0.211474782 -1.01675149 0.0487731729 -0.195084881 -0.921716496 0.0564394169 -0.212135665 -1.01675149 0.0169186074 -0.211474782 -0.921716496 0.0564394169 -0.212135665 -0.921716496 0.0195621398 -0.230904745 -0.921716496 0.0195621398 -0.230904745 -0.921716496 0.0564394169 -0.212135665 -0.827342365 0.0629160713 -0.226675093 -0.921716496 0.0195621398 -0.230904745 -0.827342365 0.0629160713 -0.226675093 -0.827342365 0.0218091424 -0.247426822 -0.827342365 0.0218091424 -0.247426822 -0.827342365 0.0629160713 -0.226675093 -0.736636184 0.0676744296 -0.237645752 -0.827342365 0.0218091424 -0.247426822 -0.736636184 0.0676744296 -0.237645752 -0.736636184 0.0235274384 -0.259851425 -0.736636184 0.0235274384 -0.259851425 -0.736636184 0.0676744296 -0.237645752 -0.641733363 0.0717719089 -0.246765939 -0.736636184 0.0235274384 -0.259851425 -0.641733363 0.0717719089 -0.246765939 -0.641733363 0.0248492046 -0.270293382 -0.641733363 0.0248492046 -0.270293382 -0.641733363 0.0717719089 -0.246765939 -0.543096569 0.0750763203 -0.25456436 -0.641733363 0.0248492046 -0.270293382 -0.543096569 0.0750763203 -0.25456436 -0.543096569 0.0260387942 -0.279149211 -0.543096569 0.0260387942 -0.279149211 -0.543096569 0.0750763203 -0.25456436 -0.44277451 0.0778520334 -0.260908838 -0.543096569 0.0260387942 -0.279149211 -0.44277451 0.0778520334 -0.260908838 -0.44277451 0.0270962072 -0.286418929 -0.44277451 0.0270962072 -0.286418929 -0.44277451 0.0778520334 -0.260908838 -0.342848981 0.0799668593 -0.265931549 -0.44277451 0.0270962072 -0.286418929 -0.342848981 0.0799668593 -0.265931549 -0.342848981 0.0277570903 -0.29210252 -0.342848981 0.0277570903 -0.29210252 -0.342848981 0.0799668593 -0.265931549 -0.245434812 0.0812886255 -0.269632495 -0.342848981 0.0277570903 -0.29210252 -0.245434812 0.0812886255 -0.269632495 -0.245434812 0.0281536201 -0.296199999 -0.245434812 0.0281536201 -0.296199999 -0.245434812 0.0812886255 -0.269632495 -0.152382471 0.081817332 -0.271747321 -0.245434812 0.0281536201 -0.296199999 -0.152382471 0.081817332 -0.271747321 -0.152382471 0.0284179734 -0.298711351 -0.152382471 0.0284179734 -0.298711351 -0.152382471 0.081817332 -0.271747321 -0.0622380159 0.0815529788 -0.272804733 -0.152382471 0.0284179734 -0.298711351 -0.0622380159 0.0815529788 -0.272804733 -0.0622380159 0.0282857968 -0.299768764 -0.0622380159 0.0282857968 -0.299768764 -0.0622380159 0.0815529788 -0.272804733 0.0272786113 0.0803633852 -0.27254038 -0.0622380159 0.0282857968 -0.299768764 0.0272786113 0.0803633852 -0.27254038 0.0272786113 0.0278892669 -0.299504411 0.0272786113 0.0278892669 -0.299504411 0.0272786113 0.0803633852 -0.27254038 0.114911715 0.0785129125 -0.270822088 0.0272786113 0.0278892669 -0.299504411 0.114911715 0.0785129125 -0.270822088 0.114911715 0.0272283838 -0.297653938 0.114911715 0.0272283838 -0.297653938 0.114911715 0.0785129125 -0.270822088 0.199504752 0.0761337333 -0.267649849 0.114911715 0.0272283838 -0.297653938 0.199504752 0.0761337333 -0.267649849 0.199504752 0.0264353241 -0.294085173 0.199504752 0.0264353241 -0.294085173 0.199504752 0.0761337333 -0.267649849 0.279636802 0.0730936751 -0.262891491 0.199504752 0.0264353241 -0.294085173 0.279636802 0.0730936751 -0.262891491 0.279636802 0.0253779111 -0.288533755 0.279636802 0.0253779111 -0.288533755 0.279636802 0.0730936751 -0.262891491 0.3541844 0.0696570829 -0.25628266 0.279636802 0.0253779111 -0.288533755 0.3541844 0.0696570829 -0.25628266 0.3541844 0.0241883215 -0.280999684 0.3541844 0.0241883215 -0.280999684 0.3541844 0.0696570829 -0.25628266 0.42265193 0.0659561335 -0.247162469 0.3541844 0.0241883215 -0.280999684 0.42265193 0.0659561335 -0.247162469 0.42265193 0.0228665553 -0.270822088 0.42265193 0.0228665553 -0.270822088 0.42265193 0.0659561335 -0.247162469 0.488211534 0.0608012454 -0.233944807 0.42265193 0.0228665553 -0.270822088 0.488211534 0.0608012454 -0.233944807 0.488211534 0.0211482593 -0.255753953 0.488211534 0.0211482593 -0.255753953 0.488211534 0.0608012454 -0.233944807 0.549971046 0.0549854741 -0.217819259 0.488211534 0.0211482593 -0.255753953 0.549971046 0.0549854741 -0.217819259 0.549971046 0.0190334333 -0.237249223 0.549971046 0.0190334333 -0.237249223 0.549971046 0.0549854741 -0.217819259 0.606410483 0.0487731729 -0.200504122 0.549971046 0.0190334333 -0.237249223 0.606410483 0.0487731729 -0.200504122 0.606410483 0.0169186074 -0.217687083 0.606410483 0.0169186074 -0.217687083 0.606410483 0.0487731729 -0.200504122 0.655976688 0.042825225 -0.183849868 0.606410483 0.0169186074 -0.217687083 0.655976688 0.042825225 -0.183849868 0.655976688 0.0149359581 -0.198785826 0.655976688 0.0149359581 -0.198785826 0.655976688 0.042825225 -0.183849868 0.697347998 0.03793469 -0.169839146 0.655976688 0.0149359581 -0.198785826 0.697347998 0.03793469 -0.169839146 0.697347998 0.013217662 -0.182660278 0.697347998 0.013217662 -0.182660278 0.697347998 0.03793469 -0.169839146 0.728938214 0.0343659213 -0.1599259 0.697347998 0.013217662 -0.182660278 0.728938214 0.0343659213 -0.1599259 0.728938214 0.0118958958 -0.171557442 0.728938214 0.0118958958 -0.171557442 0.728938214 0.0343659213 -0.1599259 0.747707238 0.0333085083 -0.157282367 0.728938214 0.0118958958 -0.171557442 0.747707238 0.0333085083 -0.157282367 0.747707238 0.011499366 -0.16851738 0.747707238 0.011499366 -0.16851738 0.747707238 0.0333085083 -0.157282367 0.766344154 0.0297397396 -0.148690887 0.747707238 0.011499366 -0.16851738 0.766344154 0.0297397396 -0.148690887 0.766344154 0.0103097764 -0.158604134 0.766344154 0.0103097764 -0.158604134 0.766344154 0.0297397396 -0.148690887 0.785113242 0.0227343787 -0.13137575 0.766344154 0.0103097764 -0.158604134 0.785113242 0.0227343787 -0.13137575 0.785113242 0.00793059722 -0.139041994 0.785113242 0.00793059722 -0.139041994 0.785113242 0.0227343787 -0.13137575 0.803750157 0 -0.0755972159 -1.3617655 0 -0.0755972159 -1.34907655 0.0223378488 -0.104940426 -1.34907655 0.0145394282 -0.115250202 -1.34907655 0.0145394282 -0.115250202 -1.34907655 0.0223378488 -0.104940426 -1.33625542 0.0292110331 -0.114060608 -1.34907655 0.0145394282 -0.115250202 -1.33625542 0.0292110331 -0.114060608 -1.33625542 0.0190334333 -0.127542628 -1.33625542 0.0190334333 -0.127542628 -1.33625542 0.0292110331 -0.114060608 -1.32356646 0.0326476252 -0.118686794 -1.33625542 0.0190334333 -0.127542628 -1.32356646 0.0326476252 -0.118686794 -1.32356646 0.0212804359 -0.133622752 -1.32356646 0.0212804359 -0.133622752 -1.32356646 0.0326476252 -0.118686794 -1.31074534 0.0337050382 -0.12000856 -1.32356646 0.0212804359 -0.133622752 -1.31074534 0.0337050382 -0.12000856 -1.31074534 0.0220734956 -0.135473225 -1.31074534 0.0220734956 -0.135473225 -1.31074534 0.0337050382 -0.12000856 -1.259593 0.0407103991 -0.127542628 -1.31074534 0.0220734956 -0.135473225 -1.259593 0.0407103991 -0.127542628 -1.259593 0.0265675007 -0.145650825 -1.259593 0.0265675007 -0.145650825 -1.259593 0.0407103991 -0.127542628 -1.19033243 0.0506236456 -0.138381111 -1.259593 0.0265675007 -0.145650825 -1.19033243 0.0506236456 -0.138381111 -1.19033243 0.0330441551 -0.160058076 -1.19033243 0.0330441551 -0.160058076 -1.19033243 0.0506236456 -0.138381111 -1.10785422 0.0623873648 -0.15093789 -1.19033243 0.0330441551 -0.160058076 -1.10785422 0.0623873648 -0.15093789 -1.10785422 0.0407103991 -0.17710886 -1.10785422 0.0407103991 -0.17710886 -1.10785422 0.0623873648 -0.15093789 -1.01675149 0.0746797945 -0.164287728 -1.10785422 0.0407103991 -0.17710886 -1.01675149 0.0746797945 -0.164287728 -1.01675149 0.0487731729 -0.195084881 -1.01675149 0.0487731729 -0.195084881 -1.01675149 0.0746797945 -0.164287728 -0.921716496 0.0864435097 -0.176976684 -1.01675149 0.0487731729 -0.195084881 -0.921716496 0.0864435097 -0.176976684 -0.921716496 0.0564394169 -0.212135665 -0.921716496 0.0564394169 -0.212135665 -0.921716496 0.0864435097 -0.176976684 -0.827342365 0.0963567603 -0.187815167 -0.921716496 0.0564394169 -0.212135665 -0.827342365 0.0963567603 -0.187815167 -0.827342365 0.0629160713 -0.226675093 -0.827342365 0.0629160713 -0.226675093 -0.827342365 0.0963567603 -0.187815167 -0.736636184 0.103758651 -0.19587794 -0.827342365 0.0629160713 -0.226675093 -0.736636184 0.103758651 -0.19587794 -0.736636184 0.0676744296 -0.237645752 -0.736636184 0.0676744296 -0.237645752 -0.736636184 0.103758651 -0.19587794 -0.641733363 0.109838776 -0.202618948 -0.736636184 0.0676744296 -0.237645752 -0.641733363 0.109838776 -0.202618948 -0.641733363 0.0717719089 -0.246765939 -0.641733363 0.0717719089 -0.246765939 -0.641733363 0.109838776 -0.202618948 -0.543096569 0.11512584 -0.208434719 -0.641733363 0.0717719089 -0.246765939 -0.543096569 0.11512584 -0.208434719 -0.543096569 0.0750763203 -0.25456436 -0.543096569 0.0750763203 -0.25456436 -0.543096569 0.11512584 -0.208434719 -0.44277451 0.119223312 -0.213193078 -0.543096569 0.0750763203 -0.25456436 -0.44277451 0.119223312 -0.213193078 -0.44277451 0.0778520334 -0.260908838 -0.44277451 0.0778520334 -0.260908838 -0.44277451 0.119223312 -0.213193078 -0.342848981 0.12239555 -0.216894023 -0.44277451 0.0778520334 -0.260908838 -0.342848981 0.12239555 -0.216894023 -0.342848981 0.0799668593 -0.265931549 -0.342848981 0.0799668593 -0.265931549 -0.342848981 0.12239555 -0.216894023 -0.245434812 0.124510376 -0.219537555 -0.342848981 0.0799668593 -0.265931549 -0.245434812 0.124510376 -0.219537555 -0.245434812 0.0812886255 -0.269632495 -0.245434812 0.0812886255 -0.269632495 -0.245434812 0.124510376 -0.219537555 -0.152382471 0.125435617 -0.221255852 -0.245434812 0.0812886255 -0.269632495 -0.152382471 0.125435617 -0.221255852 -0.152382471 0.081817332 -0.271747321 -0.152382471 0.081817332 -0.271747321 -0.152382471 0.125435617 -0.221255852 -0.0622380159 0.12490691 -0.221916735 -0.152382471 0.081817332 -0.271747321 -0.0622380159 0.12490691 -0.221916735 -0.0622380159 0.0815529788 -0.272804733 -0.0622380159 0.0815529788 -0.272804733 -0.0622380159 0.12490691 -0.221916735 0.0272786113 0.12318861 -0.221784558 -0.0622380159 0.0815529788 -0.272804733 0.0272786113 0.12318861 -0.221784558 0.0272786113 0.0803633852 -0.27254038 0.0272786113 0.0803633852 -0.27254038 0.0272786113 0.12318861 -0.221784558 0.114911715 0.120412905 -0.220462792 0.0272786113 0.0803633852 -0.27254038 0.114911715 0.120412905 -0.220462792 0.114911715 0.0785129125 -0.270822088 0.114911715 0.0785129125 -0.270822088 0.114911715 0.120412905 -0.220462792 0.199504752 0.116579779 -0.218215789 0.114911715 0.0785129125 -0.270822088 0.199504752 0.116579779 -0.218215789 0.199504752 0.0761337333 -0.267649849 0.199504752 0.0761337333 -0.267649849 0.199504752 0.116579779 -0.218215789 0.279636802 0.111953601 -0.214647021 0.199504752 0.0761337333 -0.267649849 0.279636802 0.111953601 -0.214647021 0.279636802 0.0730936751 -0.262891491 0.279636802 0.0730936751 -0.262891491 0.279636802 0.111953601 -0.214647021 0.3541844 0.106798709 -0.209624309 0.279636802 0.0730936751 -0.262891491 0.3541844 0.106798709 -0.209624309 0.3541844 0.0696570829 -0.25628266 0.3541844 0.0696570829 -0.25628266 0.3541844 0.106798709 -0.209624309 0.42265193 0.100982938 -0.203015478 0.3541844 0.0696570829 -0.25628266 0.42265193 0.100982938 -0.203015478 0.42265193 0.0659561335 -0.247162469 0.42265193 0.0659561335 -0.247162469 0.42265193 0.100982938 -0.203015478 0.488211534 0.0931845214 -0.193102231 0.42265193 0.0659561335 -0.247162469 0.488211534 0.0931845214 -0.193102231 0.488211534 0.0608012454 -0.233944807 0.488211534 0.0608012454 -0.233944807 0.488211534 0.0931845214 -0.193102231 0.549971046 0.0841965112 -0.181074159 0.488211534 0.0608012454 -0.233944807 0.549971046 0.0841965112 -0.181074159 0.549971046 0.0549854741 -0.217819259 0.549971046 0.0549854741 -0.217819259 0.549971046 0.0841965112 -0.181074159 0.606410483 0.0746797945 -0.168253027 0.549971046 0.0549854741 -0.217819259 0.606410483 0.0746797945 -0.168253027 0.606410483 0.0487731729 -0.200504122 0.606410483 0.0487731729 -0.200504122 0.606410483 0.0746797945 -0.168253027 0.655976688 0.0656917803 -0.155960601 0.606410483 0.0487731729 -0.200504122 0.655976688 0.0656917803 -0.155960601 0.655976688 0.042825225 -0.183849868 0.655976688 0.042825225 -0.183849868 0.655976688 0.0656917803 -0.155960601 0.697347998 0.0580255363 -0.145518648 0.655976688 0.042825225 -0.183849868 0.697347998 0.0580255363 -0.145518648 0.697347998 0.03793469 -0.169839146 0.697347998 0.03793469 -0.169839146 0.697347998 0.0580255363 -0.145518648 0.728938214 0.0526062949 -0.138248934 0.697347998 0.03793469 -0.169839146 0.728938214 0.0526062949 -0.138248934 0.728938214 0.0343659213 -0.1599259 0.728938214 0.0343659213 -0.1599259 0.728938214 0.0526062949 -0.138248934 0.747707238 0.0510201754 -0.136266285 0.728938214 0.0343659213 -0.1599259 0.747707238 0.0510201754 -0.136266285 0.747707238 0.0333085083 -0.157282367 0.747707238 0.0333085083 -0.157282367 0.747707238 0.0510201754 -0.136266285 0.766344154 0.045600934 -0.12978963 0.747707238 0.0333085083 -0.157282367 0.766344154 0.045600934 -0.12978963 0.766344154 0.0297397396 -0.148690887 0.766344154 0.0297397396 -0.148690887 0.766344154 0.045600934 -0.12978963 0.785113242 0.0348946278 -0.116968494 0.766344154 0.0297397396 -0.148690887 0.785113242 0.0348946278 -0.116968494 0.785113242 0.0227343787 -0.13137575 0.785113242 0.0227343787 -0.13137575 0.785113242 0.0348946278 -0.116968494 0.803750157 0 -0.0755972159 -1.3617655 0 -0.0755972159 -1.34907655 0.0273605604 -0.0911940571 -1.34907655 0.0223378488 -0.104940426 -1.34907655 0.0223378488 -0.104940426 -1.34907655 0.0273605604 -0.0911940571 -1.33625542 0.0358198641 -0.0960845881 -1.34907655 0.0223378488 -0.104940426 -1.33625542 0.0358198641 -0.0960845881 -1.33625542 0.0292110331 -0.114060608 -1.33625542 0.0292110331 -0.114060608 -1.33625542 0.0358198641 -0.0960845881 -1.32356646 0.040049516 -0.0984637672 -1.33625542 0.0292110331 -0.114060608 -1.32356646 0.040049516 -0.0984637672 -1.32356646 0.0326476252 -0.118686794 -1.32356646 0.0326476252 -0.118686794 -1.32356646 0.040049516 -0.0984637672 -1.31074534 0.0413712822 -0.0992568269 -1.32356646 0.0326476252 -0.118686794 -1.31074534 0.0413712822 -0.0992568269 -1.31074534 0.0337050382 -0.12000856 -1.31074534 0.0337050382 -0.12000856 -1.31074534 0.0413712822 -0.0992568269 -1.259593 0.0499627625 -0.103222126 -1.31074534 0.0337050382 -0.12000856 -1.259593 0.0499627625 -0.103222126 -1.259593 0.0407103991 -0.127542628 -1.259593 0.0407103991 -0.127542628 -1.259593 0.0499627625 -0.103222126 -1.19033243 0.0621230116 -0.108905724 -1.259593 0.0407103991 -0.127542628 -1.19033243 0.0621230116 -0.108905724 -1.19033243 0.0506236456 -0.138381111 -1.19033243 0.0506236456 -0.138381111 -1.19033243 0.0621230116 -0.108905724 -1.10785422 0.0765302672 -0.115646728 -1.19033243 0.0506236456 -0.138381111 -1.10785422 0.0765302672 -0.115646728 -1.10785422 0.0623873648 -0.15093789 -1.10785422 0.0623873648 -0.15093789 -1.10785422 0.0765302672 -0.115646728 -1.01675149 0.0915984019 -0.122784269 -1.10785422 0.0623873648 -0.15093789 -1.01675149 0.0915984019 -0.122784269 -1.01675149 0.0746797945 -0.164287728 -1.01675149 0.0746797945 -0.164287728 -1.01675149 0.0915984019 -0.122784269 -0.921716496 0.10600565 -0.129525277 -1.01675149 0.0746797945 -0.164287728 -0.921716496 0.10600565 -0.129525277 -0.921716496 0.0864435097 -0.176976684 -0.921716496 0.0864435097 -0.176976684 -0.921716496 0.10600565 -0.129525277 -0.827342365 0.118165899 -0.135208872 -0.921716496 0.0864435097 -0.176976684 -0.827342365 0.118165899 -0.135208872 -0.827342365 0.0963567603 -0.187815167 -0.827342365 0.0963567603 -0.187815167 -0.827342365 0.118165899 -0.135208872 -0.736636184 0.127286089 -0.1395707 -0.827342365 0.0963567603 -0.187815167 -0.736636184 0.127286089 -0.1395707 -0.736636184 0.103758651 -0.19587794 -0.736636184 0.103758651 -0.19587794 -0.736636184 0.127286089 -0.1395707 -0.641733363 0.134820153 -0.143139469 -0.736636184 0.103758651 -0.19587794 -0.641733363 0.134820153 -0.143139469 -0.641733363 0.109838776 -0.202618948 -0.641733363 0.109838776 -0.202618948 -0.641733363 0.134820153 -0.143139469 -0.543096569 0.141164631 -0.146179531 -0.641733363 0.109838776 -0.202618948 -0.543096569 0.141164631 -0.146179531 -0.543096569 0.11512584 -0.208434719 -0.543096569 0.11512584 -0.208434719 -0.543096569 0.141164631 -0.146179531 -0.44277451 0.146319523 -0.148823064 -0.543096569 0.11512584 -0.208434719 -0.44277451 0.146319523 -0.148823064 -0.44277451 0.119223312 -0.213193078 -0.44277451 0.119223312 -0.213193078 -0.44277451 0.146319523 -0.148823064 -0.342848981 0.150152641 -0.150805713 -0.44277451 0.119223312 -0.213193078 -0.342848981 0.150152641 -0.150805713 -0.342848981 0.12239555 -0.216894023 -0.342848981 0.12239555 -0.216894023 -0.342848981 0.150152641 -0.150805713 -0.245434812 0.152664001 -0.152127479 -0.342848981 0.12239555 -0.216894023 -0.245434812 0.152664001 -0.152127479 -0.245434812 0.124510376 -0.219537555 -0.245434812 0.124510376 -0.219537555 -0.245434812 0.152664001 -0.152127479 -0.152382471 0.153853586 -0.153052715 -0.245434812 0.124510376 -0.219537555 -0.152382471 0.153853586 -0.153052715 -0.152382471 0.125435617 -0.221255852 -0.152382471 0.125435617 -0.221255852 -0.152382471 0.153853586 -0.153052715 -0.0622380159 0.15332488 -0.153449245 -0.152382471 0.125435617 -0.221255852 -0.0622380159 0.15332488 -0.153449245 -0.0622380159 0.12490691 -0.221916735 -0.0622380159 0.12490691 -0.221916735 -0.0622380159 0.15332488 -0.153449245 0.0272786113 0.151210054 -0.153317069 -0.0622380159 0.12490691 -0.221916735 0.0272786113 0.151210054 -0.153317069 0.0272786113 0.12318861 -0.221784558 0.0272786113 0.12318861 -0.221784558 0.0272786113 0.151210054 -0.153317069 0.114911715 0.147641281 -0.152656186 0.0272786113 0.12318861 -0.221784558 0.114911715 0.147641281 -0.152656186 0.114911715 0.120412905 -0.220462792 0.114911715 0.120412905 -0.220462792 0.114911715 0.147641281 -0.152656186 0.199504752 0.143015111 -0.151466596 0.114911715 0.120412905 -0.220462792 0.199504752 0.143015111 -0.151466596 0.199504752 0.116579779 -0.218215789 0.199504752 0.116579779 -0.218215789 0.199504752 0.143015111 -0.151466596 0.279636802 0.137331513 -0.149483947 0.199504752 0.116579779 -0.218215789 0.279636802 0.137331513 -0.149483947 0.279636802 0.111953601 -0.214647021 0.279636802 0.111953601 -0.214647021 0.279636802 0.137331513 -0.149483947 0.3541844 0.130987035 -0.146972591 0.279636802 0.111953601 -0.214647021 0.3541844 0.130987035 -0.146972591 0.3541844 0.106798709 -0.209624309 0.3541844 0.106798709 -0.209624309 0.3541844 0.130987035 -0.146972591 0.42265193 0.123849497 -0.143403822 0.3541844 0.106798709 -0.209624309 0.42265193 0.123849497 -0.143403822 0.42265193 0.100982938 -0.203015478 0.42265193 0.100982938 -0.203015478 0.42265193 0.123849497 -0.143403822 0.488211534 0.114332781 -0.138116757 0.42265193 0.100982938 -0.203015478 0.488211534 0.114332781 -0.138116757 0.488211534 0.0931845214 -0.193102231 0.488211534 0.0931845214 -0.193102231 0.488211534 0.114332781 -0.138116757 0.549971046 0.103229945 -0.13177228 0.488211534 0.0931845214 -0.193102231 0.549971046 0.103229945 -0.13177228 0.549971046 0.0841965112 -0.181074159 0.549971046 0.0841965112 -0.181074159 0.549971046 0.103229945 -0.13177228 0.606410483 0.0915984019 -0.124899095 0.549971046 0.0841965112 -0.181074159 0.606410483 0.0915984019 -0.124899095 0.606410483 0.0746797945 -0.168253027 0.606410483 0.0746797945 -0.168253027 0.606410483 0.0915984019 -0.124899095 0.655976688 0.0804955658 -0.11829026 0.606410483 0.0746797945 -0.168253027 0.655976688 0.0804955658 -0.11829026 0.655976688 0.0656917803 -0.155960601 0.655976688 0.0656917803 -0.155960601 0.655976688 0.0804955658 -0.11829026 0.697347998 0.0712432024 -0.112738842 0.655976688 0.0656917803 -0.155960601 0.697347998 0.0712432024 -0.112738842 0.697347998 0.0580255363 -0.145518648 0.697347998 0.0580255363 -0.145518648 0.697347998 0.0712432024 -0.112738842 0.728938214 0.0646343673 -0.108905724 0.697347998 0.0580255363 -0.145518648 0.728938214 0.0646343673 -0.108905724 0.728938214 0.0526062949 -0.138248934 0.728938214 0.0526062949 -0.138248934 0.728938214 0.0646343673 -0.108905724 0.747707238 0.0625195414 -0.107848311 0.728938214 0.0526062949 -0.138248934 0.747707238 0.0625195414 -0.107848311 0.747707238 0.0510201754 -0.136266285 0.747707238 0.0510201754 -0.136266285 0.747707238 0.0625195414 -0.107848311 0.766344154 0.0559107104 -0.104411719 0.747707238 0.0510201754 -0.136266285 0.766344154 0.0559107104 -0.104411719 0.766344154 0.045600934 -0.12978963 0.766344154 0.045600934 -0.12978963 0.766344154 0.0559107104 -0.104411719 0.785113242 0.0426930484 -0.0975385349 0.766344154 0.045600934 -0.12978963 0.785113242 0.0426930484 -0.0975385349 0.785113242 0.0348946278 -0.116968494 0.785113242 0.0348946278 -0.116968494 0.785113242 0.0426930484 -0.0975385349 0.803750157 0 -0.0755972159</float_array><technique_common><accessor source="#part2-positions-array" count="1386" stride="3"><param name="X" type="float" /><param name="Y" type="float" /><param name="Z" type="float" /></accessor></technique_common></source><source id="part2-normals"><float_array id="part2-normals-array" count="4158">-0.9256926 -0.355301973 -0.129821875 -0.9256926 -0.355301973 -0.129821875 -0.9256926 -0.355301973 -0.129821875 -0.598795039 -0.752259442 -0.274864027 -0.598795039 -0.752259442 -0.274864027 -0.598795039 -0.752259442 -0.274864027 -0.600456119 -0.750541574 -0.275934402 -0.600456119 -0.750541574 -0.275934402 -0.600456119 -0.750541574 -0.275934402 -0.355220743 -0.877366757 -0.322561308 -0.355220743 -0.877366757 -0.322561308 -0.355220743 -0.877366757 -0.322561308 -0.3531495 -0.87856708 -0.321566972 -0.3531495 -0.87856708 -0.321566972 -0.3531495 -0.87856708 -0.321566972 -0.11217144 -0.933147939 -0.341544276 -0.11217144 -0.933147939 -0.341544276 -0.11217144 -0.933147939 -0.341544276 -0.117324147 -0.931558359 -0.344142512 -0.117324147 -0.931558359 -0.344142512 -0.117324147 -0.931558359 -0.344142512 -0.176681227 -0.923279671 -0.341084143 -0.176681227 -0.923279671 -0.341084143 -0.176681227 -0.923279671 -0.341084143 -0.181481636 -0.919128135 -0.349668254 -0.181481636 -0.919128135 -0.349668254 -0.181481636 -0.919128135 -0.349668254 -0.186109717 -0.918319322 -0.349360554 -0.186109717 -0.918319322 -0.349360554 -0.186109717 -0.918319322 -0.349360554 -0.189872858 -0.914664876 -0.356842351 -0.189872858 -0.914664876 -0.356842351 -0.189872858 -0.914664876 -0.356842351 -0.184960376 -0.915538068 -0.357183013 -0.184960376 -0.915538068 -0.357183013 -0.184960376 -0.915538068 -0.357183013 -0.189073975 -0.911493966 -0.365280416 -0.189073975 -0.911493966 -0.365280416 -0.189073975 -0.911493966 -0.365280416 -0.176920687 -0.913593883 -0.366121956 -0.176920687 -0.913593883 -0.366121956 -0.176920687 -0.913593883 -0.366121956 -0.179758245 -0.910931968 -0.371335325 -0.179758245 -0.910931968 -0.371335325 -0.179758245 -0.910931968 -0.371335325 -0.162824002 -0.913658447 -0.372446756 -0.162824002 -0.913658447 -0.372446756 -0.162824002 -0.913658447 -0.372446756 -0.164902353 -0.911861269 -0.375920523 -0.164902353 -0.911861269 -0.375920523 -0.164902353 -0.911861269 -0.375920523 -0.139507711 -0.91547714 -0.377411189 -0.139507711 -0.91547714 -0.377411189 -0.139507711 -0.91547714 -0.377411189 -0.140678895 -0.914575606 -0.379158159 -0.140678895 -0.914575606 -0.379158159 -0.140678895 -0.914575606 -0.379158159 -0.108773935 -0.918281035 -0.380694329 -0.108773935 -0.918281035 -0.380694329 -0.108773935 -0.918281035 -0.380694329 -0.11062973 -0.917028207 -0.383171411 -0.11062973 -0.917028207 -0.383171411 -0.11062973 -0.917028207 -0.383171411 -0.0861771804 -0.919259401 -0.384103693 -0.0861771804 -0.919259401 -0.384103693 -0.0861771804 -0.919259401 -0.384103693 -0.0874192249 -0.918452422 -0.385749955 -0.0874192249 -0.918452422 -0.385749955 -0.0874192249 -0.918452422 -0.385749955 -0.0720634295 -0.919585022 -0.386225647 -0.0720634295 -0.919585022 -0.386225647 -0.0720634295 -0.919585022 -0.386225647 -0.0710528699 -0.920222835 -0.384891445 -0.0710528699 -0.920222835 -0.384891445 -0.0710528699 -0.920222835 -0.384891445 -0.0558945142 -0.921112296 -0.38526347 -0.0558945142 -0.921112296 -0.38526347 -0.0558945142 -0.921112296 -0.38526347 -0.0574866505 -0.920146785 -0.38733084 -0.0574866505 -0.920146785 -0.38733084 -0.0574866505 -0.920146785 -0.38733084 -0.0435872801 -0.92079504 -0.387603719 -0.0435872801 -0.92079504 -0.387603719 -0.0435872801 -0.92079504 -0.387603719 -0.0430103462 -0.921128928 -0.38687415 -0.0430103462 -0.921128928 -0.38687415 -0.0430103462 -0.921128928 -0.38687415 -0.0305100277 -0.921552887 -0.387052212 -0.0305100277 -0.921552887 -0.387052212 -0.0305100277 -0.921552887 -0.387052212 -0.0290057581 -0.922367145 -0.385223981 -0.0290057581 -0.922367145 -0.385223981 -0.0290057581 -0.922367145 -0.385223981 -0.0162895084 -0.922632966 -0.385335 -0.0162895084 -0.922632966 -0.385335 -0.0162895084 -0.922632966 -0.385335 -0.0156230528 -0.922964283 -0.384568397 -0.0156230528 -0.922964283 -0.384568397 -0.0156230528 -0.922964283 -0.384568397 0.00259417174 -0.923073836 -0.384614044 0.00259417174 -0.923073836 -0.384614044 0.00259417174 -0.923073836 -0.384614044 0.00373071831 -0.923597167 -0.38334626 0.00373071831 -0.923597167 -0.38334626 0.00373071831 -0.923597167 -0.38334626 0.018291841 -0.923449067 -0.38328479 0.018291841 -0.923449067 -0.38328479 0.018291841 -0.923449067 -0.38328479 0.0224183002 -0.92525743 -0.378676786 0.0224183002 -0.92525743 -0.378676786 0.0224183002 -0.92525743 -0.378676786 0.0350056531 -0.924922806 -0.378539836 0.0350056531 -0.924922806 -0.378539836 0.0350056531 -0.924922806 -0.378539836 0.0405677707 -0.927212957 -0.372331019 0.0405677707 -0.927212957 -0.372331019 0.0405677707 -0.927212957 -0.372331019 0.051877239 -0.926727329 -0.37213601 0.051877239 -0.926727329 -0.37213601 0.051877239 -0.926727329 -0.37213601 0.0559353781 -0.92828532 -0.367637863 0.0559353781 -0.92828532 -0.367637863 0.0559353781 -0.92828532 -0.367637863 0.069903147 -0.927466583 -0.36731361 0.069903147 -0.927466583 -0.36731361 0.069903147 -0.927466583 -0.36731361 0.07486093 -0.929212481 -0.361883968 0.07486093 -0.929212481 -0.361883968 0.07486093 -0.929212481 -0.361883968 0.0885367299 -0.928167836 -0.361477129 0.0885367299 -0.928167836 -0.361477129 0.0885367299 -0.928167836 -0.361477129 0.0911470243 -0.929005111 -0.35866659 0.0911470243 -0.929005111 -0.35866659 0.0911470243 -0.929005111 -0.35866659 0.113272697 -0.926884181 -0.35784775 0.113272697 -0.926884181 -0.35784775 0.113272697 -0.926884181 -0.35784775 0.115227062 -0.927446372 -0.355761088 0.115227062 -0.927446372 -0.355761088 0.115227062 -0.927446372 -0.355761088 0.163006415 -0.921177584 -0.353356431 0.163006415 -0.921177584 -0.353356431 0.163006415 -0.921177584 -0.353356431 0.162256577 -0.920977472 -0.354222105 0.162256577 -0.920977472 -0.354222105 0.162256577 -0.920977472 -0.354222105 0.201524391 -0.914196618 -0.351614084 0.201524391 -0.914196618 -0.351614084 0.201524391 -0.914196618 -0.351614084 0.200550226 -0.913940441 -0.352834916 0.200550226 -0.913940441 -0.352834916 0.200550226 -0.913940441 -0.352834916 0.232561044 -0.907315384 -0.350277253 0.232561044 -0.907315384 -0.350277253 0.232561044 -0.907315384 -0.350277253 0.229929895 -0.906618042 -0.353802163 0.229929895 -0.906618042 -0.353802163 0.229929895 -0.906618042 -0.353802163 0.25080394 -0.901802446 -0.351922906 0.25080394 -0.901802446 -0.351922906 0.25080394 -0.901802446 -0.351922906 0.249135408 -0.901365186 -0.354220763 0.249135408 -0.901365186 -0.354220763 0.249135408 -0.901365186 -0.354220763 0.25595839 -0.899707717 -0.353569407 0.25595839 -0.899707717 -0.353569407 0.25595839 -0.899707717 -0.353569407 0.249452534 -0.898122266 -0.362146141 0.249452534 -0.898122266 -0.362146141 0.249452534 -0.898122266 -0.362146141 0.238109261 -0.900766725 -0.363212455 0.238109261 -0.900766725 -0.363212455 0.238109261 -0.900766725 -0.363212455 0.233000679 -0.899814252 -0.368842779 0.233000679 -0.899814252 -0.368842779 0.233000679 -0.899814252 -0.368842779 0.117439776 -0.918878221 -0.376657289 0.117439776 -0.918878221 -0.376657289 0.117439776 -0.918878221 -0.376657289 0.124603062 -0.919758231 -0.372181238 0.124603062 -0.919758231 -0.372181238 0.124603062 -0.919758231 -0.372181238 0.371313296 -0.860710343 -0.348287441 0.371313296 -0.860710343 -0.348287441 0.371313296 -0.860710343 -0.348287441 0.369737546 -0.860813669 -0.349705553 0.369737546 -0.860813669 -0.349705553 0.369737546 -0.860813669 -0.349705553 0.617756156 -0.72854526 -0.295971512 0.617756156 -0.72854526 -0.295971512 0.617756156 -0.72854526 -0.295971512 0.61987459 -0.728234314 -0.292284581 0.61987459 -0.728234314 -0.292284581 0.61987459 -0.728234314 -0.292284581 0.931671541 -0.337158758 -0.135322251 0.931671541 -0.337158758 -0.135322251 0.931671541 -0.337158758 -0.135322251 -0.941705992 -0.268321707 -0.202961291 -0.941705992 -0.268321707 -0.202961291 -0.941705992 -0.268321707 -0.202961291 -0.651140109 -0.605298503 -0.457853996 -0.651140109 -0.605298503 -0.457853996 -0.651140109 -0.605298503 -0.457853996 -0.650483737 -0.606186914 -0.457611553 -0.650483737 -0.606186914 -0.457611553 -0.650483737 -0.606186914 -0.457611553 -0.395052375 -0.733198187 -0.553492583 -0.395052375 -0.733198187 -0.553492583 -0.395052375 -0.733198187 -0.553492583 -0.39990752 -0.729353541 -0.555083226 -0.39990752 -0.729353541 -0.555083226 -0.39990752 -0.729353541 -0.555083226 -0.135373163 -0.788429741 -0.600043874 -0.135373163 -0.788429741 -0.600043874 -0.135373163 -0.788429741 -0.600043874 -0.126847062 -0.792724039 -0.596236884 -0.126847062 -0.792724039 -0.596236884 -0.126847062 -0.792724039 -0.596236884 -0.186479899 -0.785160994 -0.59054844 -0.186479899 -0.785160994 -0.59054844 -0.186479899 -0.785160994 -0.59054844 -0.194788468 -0.773015519 -0.603742048 -0.194788468 -0.773015519 -0.603742048 -0.194788468 -0.773015519 -0.603742048 -0.197753586 -0.772547766 -0.603376722 -0.197753586 -0.772547766 -0.603376722 -0.197753586 -0.772547766 -0.603376722 -0.205270457 -0.760153671 -0.616466087 -0.205270457 -0.760153671 -0.616466087 -0.205270457 -0.760153671 -0.616466087 -0.198385011 -0.761255707 -0.617359811 -0.198385011 -0.761255707 -0.617359811 -0.198385011 -0.761255707 -0.617359811 -0.202661833 -0.754149594 -0.624649159 -0.202661833 -0.754149594 -0.624649159 -0.202661833 -0.754149594 -0.624649159 -0.190471173 -0.756031797 -0.626208155 -0.190471173 -0.756031797 -0.626208155 -0.190471173 -0.756031797 -0.626208155 -0.193837295 -0.750737719 -0.631521956 -0.193837295 -0.750737719 -0.631521956 -0.193837295 -0.750737719 -0.631521956 -0.174507201 -0.753509618 -0.633853683 -0.174507201 -0.753509618 -0.633853683 -0.174507201 -0.753509618 -0.633853683 -0.177944334 -0.748527982 -0.638781398 -0.177944334 -0.748527982 -0.638781398 -0.177944334 -0.748527982 -0.638781398 -0.150477274 -0.75200645 -0.641749865 -0.150477274 -0.75200645 -0.641749865 -0.150477274 -0.75200645 -0.641749865 -0.152718471 -0.74908987 -0.644625034 -0.152718471 -0.74908987 -0.644625034 -0.152718471 -0.74908987 -0.644625034 -0.117827437 -0.752701159 -0.647732708 -0.117827437 -0.752701159 -0.647732708 -0.117827437 -0.752701159 -0.647732708 -0.119009006 -0.751337429 -0.649098548 -0.119009006 -0.751337429 -0.649098548 -0.119009006 -0.751337429 -0.649098548 -0.0950641228 -0.753288223 -0.650783886 -0.0950641228 -0.753288223 -0.650783886 -0.0950641228 -0.753288223 -0.650783886 -0.0944804635 -0.753944857 -0.65010814 -0.0944804635 -0.753944857 -0.65010814 -0.0944804635 -0.753944857 -0.65010814 -0.0767737768 -0.755097383 -0.651101935 -0.0767737768 -0.755097383 -0.651101935 -0.0767737768 -0.755097383 -0.651101935 -0.0788832574 -0.752764592 -0.653546402 -0.0788832574 -0.752764592 -0.653546402 -0.0788832574 -0.752764592 -0.653546402 -0.0622319468 -0.75365401 -0.65431859 -0.0622319468 -0.75365401 -0.65431859 -0.0622319468 -0.75365401 -0.65431859 -0.06181213 -0.754106222 -0.653837187 -0.06181213 -0.754106222 -0.653837187 -0.06181213 -0.754106222 -0.653837187 -0.0488598658 -0.754648588 -0.654307437 -0.0488598658 -0.754648588 -0.654307437 -0.0488598658 -0.754648588 -0.654307437 -0.0481848502 -0.755348493 -0.653549443 -0.0481848502 -0.755348493 -0.653549443 -0.0481848502 -0.755348493 -0.653549443 -0.035097676 -0.755760978 -0.653906337 -0.035097676 -0.755760978 -0.653906337 -0.035097676 -0.755760978 -0.653906337 -0.0341446807 -0.756695898 -0.652874764 -0.0341446807 -0.756695898 -0.652874764 -0.0341446807 -0.756695898 -0.652874764 -0.0191451273 -0.756998613 -0.653135946 -0.0191451273 -0.756998613 -0.653135946 -0.0191451273 -0.756998613 -0.653135946 -0.0195922041 -0.756588664 -0.653597537 -0.0195922041 -0.756588664 -0.653597537 -0.0195922041 -0.756588664 -0.653597537 -0.00544906323 -0.756722681 -0.65371331 -0.00544906323 -0.756722681 -0.65371331 -0.00544906323 -0.756722681 -0.65371331 -0.000289906329 -0.761207049 -0.648508862 -0.000289906329 -0.761207049 -0.648508862 -0.000289906329 -0.761207049 -0.648508862 0.012029995 -0.761151998 -0.648461962 0.012029995 -0.761151998 -0.648461962 0.012029995 -0.761151998 -0.648461962 0.0156211018 -0.764198227 -0.644792254 0.0156211018 -0.764198227 -0.644792254 0.0156211018 -0.764198227 -0.644792254 0.0287714664 -0.763975079 -0.644603973 0.0287714664 -0.763975079 -0.644603973 0.0287714664 -0.763975079 -0.644603973 0.0339757348 -0.76827337 -0.639219586 0.0339757348 -0.76827337 -0.639219586 0.0339757348 -0.76827337 -0.639219586 0.0455574021 -0.767919041 -0.638924776 0.0455574021 -0.767919041 -0.638924776 0.0455574021 -0.767919041 -0.638924776 0.0518206367 -0.772917442 -0.632386946 0.0518206367 -0.772917442 -0.632386946 0.0518206367 -0.772917442 -0.632386946 0.0668154156 -0.772227803 -0.631822697 0.0668154156 -0.772227803 -0.631822697 0.0668154156 -0.772227803 -0.631822697 0.0727049187 -0.776721836 -0.625633427 0.0727049187 -0.776721836 -0.625633427 0.0727049187 -0.776721836 -0.625633427 0.0911316928 -0.775542256 -0.624683299 0.0911316928 -0.775542256 -0.624683299 0.0911316928 -0.775542256 -0.624683299 0.0956224089 -0.77879508 -0.619947238 0.0956224089 -0.77879508 -0.619947238 0.0956224089 -0.77879508 -0.619947238 0.124279782 -0.776314573 -0.61797267 0.124279782 -0.776314573 -0.61797267 0.124279782 -0.776314573 -0.61797267 0.125535366 -0.777182335 -0.616626703 0.125535366 -0.777182335 -0.616626703 0.125535366 -0.777182335 -0.616626703 0.18372596 -0.770044461 -0.61096342 0.18372596 -0.770044461 -0.61096342 0.18372596 -0.770044461 -0.61096342 0.183959082 -0.77021008 -0.610684443 0.183959082 -0.77021008 -0.610684443 0.183959082 -0.77021008 -0.610684443 0.229697608 -0.762631379 -0.604675441 0.229697608 -0.762631379 -0.604675441 0.229697608 -0.762631379 -0.604675441 0.22887485 -0.762009604 -0.605770308 0.22887485 -0.762009604 -0.605770308 0.22887485 -0.762009604 -0.605770308 0.267014544 -0.754366965 -0.599694685 0.267014544 -0.754366965 -0.599694685 0.267014544 -0.754366965 -0.599694685 0.264009921 -0.751959356 -0.604033019 0.264009921 -0.751959356 -0.604033019 0.264009921 -0.751959356 -0.604033019 0.290835518 -0.745919717 -0.599181506 0.290835518 -0.745919717 -0.599181506 0.290835518 -0.745919717 -0.599181506 0.285119576 -0.741205403 -0.607718174 0.285119576 -0.741205403 -0.607718174 0.285119576 -0.741205403 -0.607718174 0.292724429 -0.739430586 -0.606262993 0.292724429 -0.739430586 -0.606262993 0.292724429 -0.739430586 -0.606262993 0.290513777 -0.737710795 -0.609413266 0.290513777 -0.737710795 -0.609413266 0.290513777 -0.737710795 -0.609413266 0.275822865 -0.741054976 -0.612175849 0.275822865 -0.741054976 -0.612175849 0.275822865 -0.741054976 -0.612175849 0.269117684 -0.736924554 -0.620095052 0.269117684 -0.736924554 -0.620095052 0.269117684 -0.736924554 -0.620095052 0.132608909 -0.758395623 -0.638162171 0.132608909 -0.758395623 -0.638162171 0.132608909 -0.758395623 -0.638162171 0.13154049 -0.758017418 -0.638832289 0.13154049 -0.758017418 -0.638832289 0.13154049 -0.758017418 -0.638832289 0.405419559 -0.699000769 -0.589094988 0.405419559 -0.699000769 -0.589094988 0.405419559 -0.699000769 -0.589094988 0.40742588 -0.699560023 -0.587043376 0.40742588 -0.699560023 -0.587043376 0.40742588 -0.699560023 -0.587043376 0.66017424 -0.575368208 -0.482826468 0.66017424 -0.575368208 -0.482826468 0.66017424 -0.575368208 -0.482826468 0.659145409 -0.574677905 -0.485049105 0.659145409 -0.574677905 -0.485049105 0.659145409 -0.574677905 -0.485049105 0.944055156 -0.25201827 -0.212712609 0.944055156 -0.25201827 -0.212712609 0.944055156 -0.25201827 -0.212712609 -0.956596424 -0.144203888 -0.253236097 -0.956596424 -0.144203888 -0.253236097 -0.956596424 -0.144203888 -0.253236097 -0.707767427 -0.349576524 -0.613890481 -0.707767427 -0.349576524 -0.613890481 -0.707767427 -0.349576524 -0.613890481 -0.709677875 -0.3460217 -0.613698865 -0.709677875 -0.3460217 -0.613698865 -0.709677875 -0.3460217 -0.613698865 -0.455459733 -0.437241344 -0.775484648 -0.455459733 -0.437241344 -0.775484648 -0.455459733 -0.437241344 -0.775484648 -0.449991346 -0.443068403 -0.775369705 -0.449991346 -0.443068403 -0.775369705 -0.449991346 -0.443068403 -0.775369705 -0.160296097 -0.489723353 -0.857015868 -0.160296097 -0.489723353 -0.857015868 -0.160296097 -0.489723353 -0.857015868 -0.154051271 -0.494436461 -0.855453559 -0.154051271 -0.494436461 -0.855453559 -0.154051271 -0.494436461 -0.855453559 -0.205659029 -0.489713018 -0.847281254 -0.205659029 -0.489713018 -0.847281254 -0.205659029 -0.489713018 -0.847281254 -0.211661635 -0.475745996 -0.853735966 -0.211661635 -0.475745996 -0.853735966 -0.211661635 -0.475745996 -0.853735966 -0.217193367 -0.475154853 -0.852675147 -0.217193367 -0.475154853 -0.852675147 -0.217193367 -0.475154853 -0.852675147 -0.221801359 -0.463232331 -0.858032613 -0.221801359 -0.463232331 -0.858032613 -0.221801359 -0.463232331 -0.858032613 -0.217209757 -0.463723112 -0.858941673 -0.217209757 -0.463723112 -0.858941673 -0.217209757 -0.463723112 -0.858941673 -0.220643508 -0.454975348 -0.862736272 -0.220643508 -0.454975348 -0.862736272 -0.220643508 -0.454975348 -0.862736272 -0.207246037 -0.45634413 -0.865331795 -0.207246037 -0.45634413 -0.865331795 -0.207246037 -0.45634413 -0.865331795 -0.21107924 -0.447206455 -0.869167384 -0.21107924 -0.447206455 -0.869167384 -0.21107924 -0.447206455 -0.869167384 -0.190945211 -0.449096788 -0.872841338 -0.190945211 -0.449096788 -0.872841338 -0.190945211 -0.449096788 -0.872841338 -0.192800777 -0.445080484 -0.874489121 -0.192800777 -0.445080484 -0.874489121 -0.192800777 -0.445080484 -0.874489121 -0.164549894 -0.447407786 -0.879061776 -0.164549894 -0.447407786 -0.879061776 -0.164549894 -0.447407786 -0.879061776 -0.166117246 -0.444393381 -0.880295168 -0.166117246 -0.444393381 -0.880295168 -0.166117246 -0.444393381 -0.880295168 -0.12971042 -0.446847606 -0.885156723 -0.12971042 -0.446847606 -0.885156723 -0.12971042 -0.446847606 -0.885156723 -0.130495827 -0.445509614 -0.885715543 -0.130495827 -0.445509614 -0.885715543 -0.130495827 -0.445509614 -0.885715543 -0.103985523 -0.446916065 -0.8885117 -0.103985523 -0.446916065 -0.8885117 -0.103985523 -0.446916065 -0.8885117 -0.104680105 -0.445758031 -0.889011728 -0.104680105 -0.445758031 -0.889011728 -0.104680105 -0.445758031 -0.889011728 -0.0853514629 -0.446584981 -0.890660981 -0.0853514629 -0.446584981 -0.890660981 -0.0853514629 -0.446584981 -0.890660981 -0.0853784456 -0.446540681 -0.890680606 -0.0853784456 -0.446540681 -0.890680606 -0.0853784456 -0.446540681 -0.890680606 -0.0693352453 -0.447098582 -0.891793408 -0.0693352453 -0.447098582 -0.891793408 -0.0693352453 -0.447098582 -0.891793408 -0.0687673946 -0.448011018 -0.891379365 -0.0687673946 -0.448011018 -0.891379365 -0.0687673946 -0.448011018 -0.891379365 -0.0537128332 -0.448425829 -0.892204689 -0.0537128332 -0.448425829 -0.892204689 -0.0537128332 -0.448425829 -0.892204689 -0.0543387948 -0.447456559 -0.892653305 -0.0543387948 -0.447456559 -0.892653305 -0.0543387948 -0.447456559 -0.892653305 -0.0393962306 -0.44777074 -0.89328008 -0.0393962306 -0.44777074 -0.89328008 -0.0393962306 -0.44777074 -0.89328008 -0.0400168994 -0.446855406 -0.893710744 -0.0400168994 -0.446855406 -0.893710744 -0.0400168994 -0.446855406 -0.893710744 -0.0254016252 -0.447069319 -0.89413857 -0.0254016252 -0.447069319 -0.89413857 -0.0254016252 -0.447069319 -0.89413857 -0.02284265 -0.450627721 -0.892419672 -0.02284265 -0.450627721 -0.892419672 -0.02284265 -0.450627721 -0.892419672 -0.00980960919 -0.450723645 -0.892609639 -0.00980960919 -0.450723645 -0.892609639 -0.00980960919 -0.450723645 -0.892609639 -0.0091408893 -0.451617023 -0.892165068 -0.0091408893 -0.451617023 -0.892165068 -0.0091408893 -0.451617023 -0.892165068 0.00463533148 -0.451631039 -0.892192758 0.00463533148 -0.451631039 -0.892192758 0.00463533148 -0.451631039 -0.892192758 0.00870000205 -0.457026953 -0.889410296 0.00870000205 -0.457026953 -0.889410296 0.00870000205 -0.457026953 -0.889410296 0.0222229207 -0.456931379 -0.889224301 0.0222229207 -0.456931379 -0.889224301 0.0222229207 -0.456931379 -0.889224301 0.027152594 -0.463409304 -0.885728262 0.027152594 -0.463409304 -0.885728262 0.027152594 -0.463409304 -0.885728262 0.041690188 -0.463177183 -0.885284601 0.041690188 -0.463177183 -0.885284601 0.041690188 -0.463177183 -0.885284601 0.0462659827 -0.469110091 -0.881926971 0.0462659827 -0.469110091 -0.881926971 0.0462659827 -0.469110091 -0.881926971 0.067208612 -0.468551152 -0.880876166 0.067208612 -0.468551152 -0.880876166 0.067208612 -0.468551152 -0.880876166 0.0700929266 -0.472207814 -0.878696058 0.0700929266 -0.472207814 -0.878696058 0.0700929266 -0.472207814 -0.878696058 0.096129954 -0.471179804 -0.876783111 0.096129954 -0.471179804 -0.876783111 0.096129954 -0.471179804 -0.876783111 0.0994102355 -0.475233179 -0.874225961 0.0994102355 -0.475233179 -0.874225961 0.0994102355 -0.475233179 -0.874225961 0.138472372 -0.472997902 -0.870114008 0.138472372 -0.472997902 -0.870114008 0.138472372 -0.472997902 -0.870114008 0.141344124 -0.476467392 -0.867756108 0.141344124 -0.476467392 -0.867756108 0.141344124 -0.476467392 -0.867756108 0.209337942 -0.470635406 -0.857134727 0.209337942 -0.470635406 -0.857134727 0.209337942 -0.470635406 -0.857134727 0.209775428 -0.471195929 -0.856719713 0.209775428 -0.471195929 -0.856719713 0.209775428 -0.471195929 -0.856719713 0.268771483 -0.464186119 -0.843974607 0.268771483 -0.464186119 -0.843974607 0.268771483 -0.464186119 -0.843974607 0.264685794 -0.458492343 -0.848366785 0.264685794 -0.458492343 -0.848366785 0.264685794 -0.458492343 -0.848366785 0.307138393 -0.452468472 -0.837220574 0.307138393 -0.452468472 -0.837220574 0.307138393 -0.452468472 -0.837220574 0.306734258 -0.451867646 -0.837693097 0.306734258 -0.451867646 -0.837693097 0.306734258 -0.451867646 -0.837693097 0.334217599 -0.447452796 -0.829508645 0.334217599 -0.447452796 -0.829508645 0.334217599 -0.447452796 -0.829508645 0.332744493 -0.445203494 -0.831309179 0.332744493 -0.445203494 -0.831309179 0.332744493 -0.445203494 -0.831309179 0.34139094 -0.443742031 -0.828580253 0.34139094 -0.443742031 -0.828580253 0.34139094 -0.443742031 -0.828580253 0.33458802 -0.433917125 -0.836520643 0.33458802 -0.433917125 -0.836520643 0.33458802 -0.433917125 -0.836520643 0.314451405 -0.437098445 -0.842653703 0.314451405 -0.437098445 -0.842653703 0.314451405 -0.437098445 -0.842653703 0.313905377 -0.436470894 -0.843182408 0.313905377 -0.436470894 -0.843182408 0.313905377 -0.436470894 -0.843182408 0.151776054 -0.454381375 -0.877782203 0.151776054 -0.454381375 -0.877782203 0.151776054 -0.454381375 -0.877782203 0.149315641 -0.452822705 -0.879008781 0.149315641 -0.452822705 -0.879008781 0.149315641 -0.452822705 -0.879008781 0.448707026 -0.409266149 -0.794457818 0.448707026 -0.409266149 -0.794457818 0.448707026 -0.409266149 -0.794457818 0.445537463 -0.406870616 -0.797466407 0.445537463 -0.406870616 -0.797466407 0.445537463 -0.406870616 -0.797466407 0.702107653 -0.323615066 -0.634285529 0.702107653 -0.323615066 -0.634285529 0.702107653 -0.323615066 -0.634285529 0.703846392 -0.326658479 -0.630788788 0.703846392 -0.326658479 -0.630788788 0.703846392 -0.326658479 -0.630788788 0.954970723 -0.136438778 -0.263467985 0.954970723 -0.136438778 -0.263467985 0.954970723 -0.136438778 -0.263467985 -0.962581935 -0 -0.270990809 -0.962581935 -0 -0.270990809 -0.962581935 -0 -0.270990809 -0.734535293 0 -0.678570485 -0.734535293 0 -0.678570485 -0.734535293 0 -0.678570485 -0.734535293 -0 -0.678570485 -0.734535293 -0 -0.678570485 -0.734535293 -0 -0.678570485 -0.483318398 0 -0.875444645 -0.483318398 0 -0.875444645 -0.483318398 0 -0.875444645 -0.483318398 -0 -0.875444645 -0.483318398 -0 -0.875444645 -0.483318398 -0 -0.875444645 -0.172626698 0 -0.984987321 -0.172626698 0 -0.984987321 -0.172626698 0 -0.984987321 -0.172626698 -0 -0.984987321 -0.172626698 -0 -0.984987321 -0.172626698 -0 -0.984987321 -0.219332272 0 -0.975650221 -0.219332272 0 -0.975650221 -0.219332272 0 -0.975650221 -0.219332272 -0 -0.975650221 -0.219332272 -0 -0.975650221 -0.219332272 -0 -0.975650221 -0.230281227 0 -0.973124122 -0.230281227 0 -0.973124122 -0.230281227 0 -0.973124122 -0.230281227 -0 -0.973124122 -0.230281227 -0 -0.973124122 -0.230281227 -0 -0.973124122 -0.229300155 0 -0.973355762 -0.229300155 0 -0.973355762 -0.229300155 0 -0.973355762 -0.229300155 -0 -0.973355762 -0.229300155 -0 -0.973355762 -0.229300155 -0 -0.973355762 -0.218054748 0 -0.975936538 -0.218054748 0 -0.975936538 -0.218054748 0 -0.975936538 -0.218054748 -0 -0.975936538 -0.218054748 -0 -0.975936538 -0.218054748 -0 -0.975936538 -0.200307051 0 -0.97973317 -0.200307051 0 -0.97973317 -0.200307051 0 -0.97973317 -0.200307051 -0 -0.97973317 -0.200307051 -0 -0.97973317 -0.200307051 -0 -0.97973317 -0.172447218 0 -0.98501876 -0.172447218 0 -0.98501876 -0.172447218 0 -0.98501876 -0.172447218 -0 -0.98501876 -0.172447218 -0 -0.98501876 -0.172447218 -0 -0.98501876 -0.135709152 0 -0.99074872 -0.135709152 0 -0.99074872 -0.135709152 0 -0.99074872 -0.135709152 -0 -0.99074872 -0.135709152 -0 -0.99074872 -0.135709152 -0 -0.99074872 -0.109367869 0 -0.994001343 -0.109367869 0 -0.994001343 -0.109367869 0 -0.994001343 -0.109367869 -0 -0.994001343 -0.109367869 -0 -0.994001343 -0.109367869 -0 -0.994001343 -0.0894225247 0 -0.995993781 -0.0894225247 0 -0.995993781 -0.0894225247 0 -0.995993781 -0.0894225247 -0 -0.995993781 -0.0894225247 -0 -0.995993781 -0.0894225247 -0 -0.995993781 -0.0722742976 0 -0.997384793 -0.0722742976 0 -0.997384793 -0.0722742976 0 -0.997384793 -0.0722742976 -0 -0.997384793 -0.0722742976 -0 -0.997384793 -0.0722742976 -0 -0.997384793 -0.0567864824 0 -0.998386346 -0.0567864824 0 -0.998386346 -0.0567864824 0 -0.998386346 -0.0567864824 -0 -0.998386346 -0.0567864824 -0 -0.998386346 -0.0567864824 -0 -0.998386346 -0.0420252964 0 -0.999116547 -0.0420252964 0 -0.999116547 -0.0420252964 0 -0.999116547 -0.0420252964 -0 -0.999116547 -0.0420252964 -0 -0.999116547 -0.0420252964 -0 -0.999116547 -0.0269787694 0 -0.999636007 -0.0269787694 0 -0.999636007 -0.0269787694 0 -0.999636007 -0.0269787694 -0 -0.999636007 -0.0269787694 -0 -0.999636007 -0.0269787694 -0 -0.999636007 -0.0117293983 0 -0.999931208 -0.0117293983 0 -0.999931208 -0.0117293983 0 -0.999931208 -0.0117293983 -0 -0.999931208 -0.0117293983 -0 -0.999931208 -0.0117293983 -0 -0.999931208 0.00295310599 0 -0.99999564 0.00295310599 0 -0.99999564 0.00295310599 0 -0.99999564 0.00295310599 0 -0.99999564 0.00295310599 0 -0.99999564 0.00295310599 0 -0.99999564 0.0211114316 0 -0.999777129 0.0211114316 0 -0.999777129 0.0211114316 0 -0.999777129 0.0211114316 0 -0.999777129 0.0211114316 0 -0.999777129 0.0211114316 0 -0.999777129 0.0421499601 0 -0.999111296 0.0421499601 0 -0.999111296 0.0421499601 0 -0.999111296 0.0421499601 0 -0.999111296 0.0421499601 0 -0.999111296 0.0421499601 0 -0.999111296 0.0691127178 0 -0.997608857 0.0691127178 0 -0.997608857 0.0691127178 0 -0.997608857 0.0691127178 0 -0.997608857 0.0691127178 0 -0.997608857 0.0691127178 0 -0.997608857 0.100551697 0 -0.994931835 0.100551697 0 -0.994931835 0.100551697 0 -0.994931835 0.100551697 0 -0.994931835 0.100551697 0 -0.994931835 0.100551697 0 -0.994931835 0.14703293 0 -0.989131598 0.14703293 0 -0.989131598 0.14703293 0 -0.989131598 0.14703293 0 -0.989131598 0.14703293 0 -0.989131598 0.14703293 0 -0.989131598 0.223998396 0 -0.974589513 0.223998396 0 -0.974589513 0.223998396 0 -0.974589513 0.223998396 0 -0.974589513 0.223998396 0 -0.974589513 0.223998396 0 -0.974589513 0.287018832 0 -0.95792494 0.287018832 0 -0.95792494 0.287018832 0 -0.95792494 0.287018832 0 -0.95792494 0.287018832 0 -0.95792494 0.287018832 0 -0.95792494 0.327490434 0 -0.944854495 0.327490434 0 -0.944854495 0.327490434 0 -0.944854495 0.327490434 0 -0.944854495 0.327490434 0 -0.944854495 0.327490434 0 -0.944854495 0.356306325 0 -0.934369201 0.356306325 0 -0.934369201 0.356306325 0 -0.934369201 0.356306325 0 -0.934369201 0.356306325 0 -0.934369201 0.356306325 0 -0.934369201 0.363164191 0 -0.931725158 0.363164191 0 -0.931725158 0.363164191 0 -0.931725158 0.363164191 0 -0.931725158 0.363164191 0 -0.931725158 0.363164191 0 -0.931725158 0.331580919 0 -0.943426783 0.331580919 0 -0.943426783 0.331580919 0 -0.943426783 0.331580919 0 -0.943426783 0.331580919 0 -0.943426783 0.331580919 0 -0.943426783 0.159888556 0 -0.987135072 0.159888556 0 -0.987135072 0.159888556 0 -0.987135072 0.159888556 0 -0.987135072 0.159888556 0 -0.987135072 0.159888556 0 -0.987135072 0.469612735 0 -0.882872516 0.469612735 0 -0.882872516 0.469612735 0 -0.882872516 0.469612735 0 -0.882872516 0.469612735 0 -0.882872516 0.469612735 0 -0.882872516 0.721582004 0 -0.692328977 0.721582004 0 -0.692328977 0.721582004 0 -0.692328977 0.721582004 0 -0.692328977 0.721582004 0 -0.692328977 0.721582004 0 -0.692328977 0.959460885 0 -0.281841818 0.959460885 0 -0.281841818 0.959460885 0 -0.281841818 -0.956596424 0.144203888 -0.253236097 -0.956596424 0.144203888 -0.253236097 -0.956596424 0.144203888 -0.253236097 -0.7094285 0.348751082 -0.612440925 -0.7094285 0.348751082 -0.612440925 -0.7094285 0.348751082 -0.612440925 -0.708404909 0.346650342 -0.614813814 -0.708404909 0.346650342 -0.614813814 -0.708404909 0.346650342 -0.614813814 -0.450329064 0.438521393 -0.777754924 -0.450329064 0.438521393 -0.777754924 -0.450329064 0.438521393 -0.777754924 -0.454574349 0.441915317 -0.773351805 -0.454574349 0.441915317 -0.773351805 -0.454574349 0.441915317 -0.773351805 -0.15413816 0.490209733 -0.857867032 -0.15413816 0.490209733 -0.857867032 -0.15413816 0.490209733 -0.857867032 -0.159967055 0.493965825 -0.854639284 -0.159967055 0.493965825 -0.854639284 -0.159967055 0.493965825 -0.854639284 -0.211342454 0.489106705 -0.846232236 -0.211342454 0.489106705 -0.846232236 -0.211342454 0.489106705 -0.846232236 -0.206892828 0.476242801 -0.854627493 -0.206892828 0.476242801 -0.854627493 -0.206892828 0.476242801 -0.854627493 -0.221577794 0.474674941 -0.851813936 -0.221577794 0.474674941 -0.851813936 -0.221577794 0.474674941 -0.851813936 -0.218253342 0.463612513 -0.858736814 -0.218253342 0.463612513 -0.858736814 -0.218253342 0.463612513 -0.858736814 -0.220505049 0.463371982 -0.858291285 -0.220505049 0.463371982 -0.858291285 -0.220505049 0.463371982 -0.858291285 -0.217958101 0.455256913 -0.863270183 -0.217958101 0.455256913 -0.863270183 -0.217958101 0.455256913 -0.863270183 -0.210959739 0.455973704 -0.864629383 -0.210959739 0.455973704 -0.864629383 -0.210959739 0.455973704 -0.864629383 -0.207966438 0.447511621 -0.86976049 -0.207966438 0.447511621 -0.86976049 -0.207966438 0.447511621 -0.86976049 -0.192759455 0.448934528 -0.872525978 -0.192759455 0.448934528 -0.872525978 -0.192759455 0.448934528 -0.872525978 -0.191230249 0.445219866 -0.874762975 -0.191230249 0.445219866 -0.874762975 -0.191230249 0.445219866 -0.874762975 -0.166090599 0.44729064 -0.878831609 -0.166090599 0.44729064 -0.878831609 -0.166090599 0.44729064 -0.878831609 -0.164732836 0.44449803 -0.880502467 -0.164732836 0.44449803 -0.880502467 -0.164732836 0.44449803 -0.880502467 -0.130485052 0.446801801 -0.885065987 -0.130485052 0.446801801 -0.885065987 -0.130485052 0.446801801 -0.885065987 -0.129774018 0.445552185 -0.885800178 -0.129774018 0.445552185 -0.885800178 -0.129774018 0.445552185 -0.885800178 -0.104674444 0.44688359 -0.888447138 -0.104674444 0.44688359 -0.888447138 -0.104674444 0.44688359 -0.888447138 -0.10403153 0.445788535 -0.889072563 -0.10403153 0.445788535 -0.889072563 -0.10403153 0.445788535 -0.889072563 -0.0853781819 0.446583955 -0.890658934 -0.0853781819 0.446583955 -0.890658934 -0.0853781819 0.446583955 -0.890658934 -0.0853528783 0.446541663 -0.890682564 -0.0853528783 0.446541663 -0.890682564 -0.0853528783 0.446541663 -0.890682564 -0.0687710259 0.447116085 -0.89182832 -0.0687710259 0.447116085 -0.89182832 -0.0687710259 0.447116085 -0.89182832 -0.0693122397 0.447994086 -0.891345675 -0.0693122397 0.447994086 -0.891345675 -0.0693122397 0.447994086 -0.891345675 -0.0543349275 0.448410715 -0.892174617 -0.0543349275 0.448410715 -0.892174617 -0.0543349275 0.448410715 -0.892174617 -0.0537337012 0.447471232 -0.892682578 -0.0537337012 0.447471232 -0.892682578 -0.0537337012 0.447471232 -0.892682578 -0.0400119777 0.447759776 -0.893258207 -0.0400119777 0.447759776 -0.893258207 -0.0400119777 0.447759776 -0.893258207 -0.0394115684 0.446866166 -0.893732263 -0.0394115684 0.446866166 -0.893732263 -0.0394115684 0.446866166 -0.893732263 -0.0228628992 0.447096725 -0.894193383 -0.0228628992 0.447096725 -0.894193383 -0.0228628992 0.447096725 -0.894193383 -0.0253638015 0.450600322 -0.892365411 -0.0253638015 0.450600322 -0.892365411 -0.0253638015 0.450600322 -0.892365411 -0.00914878139 0.450726469 -0.892615231 -0.00914878139 0.450726469 -0.892615231 -0.00914878139 0.450726469 -0.892615231 -0.00980302286 0.45161419 -0.892159472 -0.00980302286 0.45161419 -0.892159472 -0.00980302286 0.45161419 -0.892159472 0.00863628296 0.451619048 -0.89216907 0.00863628296 0.451619048 -0.89216907 0.00863628296 0.451619048 -0.89216907 0.00465114242 0.457039306 -0.889434337 0.00465114242 0.457039306 -0.889434337 0.00465114242 0.457039306 -0.889434337 0.0270811093 0.456876624 -0.889117745 0.0270811093 0.456876624 -0.889117745 0.0270811093 0.456876624 -0.889117745 0.0222006653 0.46346597 -0.885836568 0.0222006653 0.46346597 -0.885836568 0.0222006653 0.46346597 -0.885836568 0.046215819 0.463084881 -0.885108181 0.046215819 0.463084881 -0.885108181 0.046215819 0.463084881 -0.885108181 0.041612683 0.469206202 -0.88210766 0.041612683 0.469206202 -0.88210766 0.041612683 0.469206202 -0.88210766 0.0700698301 0.468458706 -0.880702367 0.0700698301 0.468458706 -0.880702367 0.0700698301 0.468458706 -0.880702367 0.0671195856 0.472304605 -0.878876169 0.0671195856 0.472304605 -0.878876169 0.0671195856 0.472304605 -0.878876169 0.0994178023 0.471026898 -0.876498581 0.0994178023 0.471026898 -0.876498581 0.0994178023 0.471026898 -0.876498581 0.0959687696 0.475394517 -0.874522755 0.0959687696 0.475394517 -0.874522755 0.0959687696 0.475394517 -0.874522755 0.141411333 0.472799522 -0.869749072 0.141411333 0.472799522 -0.869749072 0.141411333 0.472799522 -0.869749072 0.138249834 0.476677654 -0.868139043 0.138249834 0.476677654 -0.868139043 0.138249834 0.476677654 -0.868139043 0.209794052 0.470588356 -0.857049039 0.209794052 0.470588356 -0.857049039 0.209794052 0.470588356 -0.857049039 0.209279969 0.471247094 -0.85681274 0.209279969 0.471247094 -0.85681274 0.209279969 0.471247094 -0.85681274 0.264406193 0.464768006 -0.845032583 0.264406193 0.464768006 -0.845032583 0.264406193 0.464768006 -0.845032583 0.269517693 0.457855588 -0.847188571 0.269517693 0.457855588 -0.847188571 0.269517693 0.457855588 -0.847188571 0.306700888 0.452535552 -0.837344695 0.306700888 0.452535552 -0.837344695 0.306700888 0.452535552 -0.837344695 0.307228219 0.451792004 -0.837552868 0.307228219 0.451792004 -0.837552868 0.307228219 0.451792004 -0.837552868 0.33260995 0.447722714 -0.830009032 0.33260995 0.447722714 -0.830009032 0.33260995 0.447722714 -0.830009032 0.334583169 0.44489625 -0.830735475 0.334583169 0.44489625 -0.830735475 0.334583169 0.44489625 -0.830735475 0.333999978 0.444993908 -0.830917828 0.333999978 0.444993908 -0.830917828 0.333999978 0.444993908 -0.830917828 0.342975171 0.432526533 -0.833839811 0.342975171 0.432526533 -0.833839811 0.342975171 0.432526533 -0.833839811 0.313873572 0.437186491 -0.842823441 0.313873572 0.437186491 -0.842823441 0.313873572 0.437186491 -0.842823441 0.314541231 0.436374144 -0.842995505 0.314541231 0.436374144 -0.842995505 0.314541231 0.436374144 -0.842995505 0.149287897 0.454555542 -0.878118661 0.149287897 0.454555542 -0.878118661 0.149287897 0.454555542 -0.878118661 0.151881727 0.452643686 -0.878661274 0.151881727 0.452643686 -0.878661274 0.151881727 0.452643686 -0.878661274 0.445425257 0.410017294 -0.795915924 0.445425257 0.410017294 -0.795915924 0.445425257 0.410017294 -0.795915924 0.449226529 0.406031934 -0.79582259 0.449226529 0.406031934 -0.79582259 0.449226529 0.406031934 -0.79582259 0.70404116 0.32274628 -0.632582709 0.70404116 0.32274628 -0.632582709 0.70404116 0.32274628 -0.632582709 0.701311329 0.327809454 -0.63301136 0.701311329 0.327809454 -0.63301136 0.701311329 0.327809454 -0.63301136 0.954970723 0.136438778 -0.263467985 0.954970723 0.136438778 -0.263467985 0.954970723 0.136438778 -0.263467985 -0.941705992 0.268321707 -0.202961291 -0.941705992 0.268321707 -0.202961291 -0.941705992 0.268321707 -0.202961291 -0.650586514 0.605677016 -0.458140307 -0.650586514 0.605677016 -0.458140307 -0.650586514 0.605677016 -0.458140307 -0.650907622 0.605897007 -0.457392702 -0.650907622 0.605897007 -0.457392702 -0.650907622 0.605897007 -0.457392702 -0.399524983 0.731652797 -0.552325966 -0.399524983 0.731652797 -0.552325966 -0.399524983 0.731652797 -0.552325966 -0.395885713 0.730741571 -0.556139603 -0.395885713 0.730741571 -0.556139603 -0.395885713 0.730741571 -0.556139603 -0.127026826 0.78930873 -0.600712839 -0.127026826 0.78930873 -0.600712839 -0.127026826 0.78930873 -0.600712839 -0.134943737 0.791869696 -0.595594301 -0.134943737 0.791869696 -0.595594301 -0.134943737 0.791869696 -0.595594301 -0.194211754 0.783962907 -0.589647314 -0.194211754 0.783962907 -0.589647314 -0.194211754 0.783962907 -0.589647314 -0.188281383 0.774016304 -0.604523682 -0.188281383 0.774016304 -0.604523682 -0.188281383 0.774016304 -0.604523682 -0.20469776 0.771423497 -0.602498644 -0.20469776 0.771423497 -0.602498644 -0.20469776 0.771423497 -0.602498644 -0.19955785 0.761070759 -0.617209822 -0.19955785 0.761070759 -0.617209822 -0.19955785 0.761070759 -0.617209822 -0.20239605 0.760618494 -0.616843047 -0.20239605 0.760618494 -0.616843047 -0.20239605 0.760618494 -0.616843047 -0.199368917 0.754669987 -0.625080191 -0.199368917 0.754669987 -0.625080191 -0.199368917 0.754669987 -0.625080191 -0.193650156 0.755552668 -0.6258113 -0.193650156 0.755552668 -0.6258113 -0.193650156 0.755552668 -0.6258113 -0.191153654 0.751140574 -0.631860838 -0.191153654 0.751140574 -0.631860838 -0.191153654 0.751140574 -0.631860838 -0.177796679 0.75305915 -0.633474749 -0.177796679 0.75305915 -0.633474749 -0.177796679 0.75305915 -0.633474749 -0.175080772 0.748918599 -0.639114744 -0.175080772 0.748918599 -0.639114744 -0.175080772 0.748918599 -0.639114744 -0.152643335 0.751753813 -0.641534269 -0.152643335 0.751753813 -0.641534269 -0.152643335 0.751753813 -0.641534269 -0.150765788 0.749317095 -0.644820571 -0.150765788 0.749317095 -0.644820571 -0.150765788 0.749317095 -0.644820571 -0.118982379 0.75259677 -0.647642877 -0.118982379 0.75259677 -0.647642877 -0.118982379 0.75259677 -0.647642877 -0.117936293 0.75143428 -0.649182219 -0.117936293 0.75143428 -0.649182219 -0.117936293 0.75143428 -0.649182219 -0.0944915676 0.753329472 -0.650819522 -0.0944915676 0.753329472 -0.650819522 -0.0944915676 0.753329472 -0.650819522 -0.0950226085 0.753905778 -0.650074443 -0.0950226085 0.753905778 -0.650074443 -0.0950226085 0.753905778 -0.650074443 -0.0788513428 0.754974579 -0.650996045 -0.0788513428 0.754974579 -0.650996045 -0.0788513428 0.754974579 -0.650996045 -0.0769008371 0.752881549 -0.653647944 -0.0769008371 0.752881549 -0.653647944 -0.0769008371 0.752881549 -0.653647944 -0.0618180866 0.753673431 -0.654335452 -0.0618180866 0.753673431 -0.654335452 -0.0618180866 0.753673431 -0.654335452 -0.0622124637 0.754087429 -0.653820892 -0.0622124637 0.754087429 -0.653820892 -0.0622124637 0.754087429 -0.653820892 -0.0481922698 0.754673093 -0.654328685 -0.0481922698 0.754673093 -0.654328685 -0.0481922698 0.754673093 -0.654328685 -0.0488350344 0.755324613 -0.653528781 -0.0488350344 0.755324613 -0.653528781 -0.0488350344 0.755324613 -0.653528781 -0.0341534956 0.755785716 -0.653927741 -0.0341534956 0.755785716 -0.653927741 -0.0341534956 0.755785716 -0.653927741 -0.0350700457 0.756671637 -0.652853832 -0.0350700457 0.756671637 -0.652853832 -0.0350700457 0.756671637 -0.652853832 -0.0195875888 0.756992124 -0.653130347 -0.0195875888 0.756992124 -0.653130347 -0.0195875888 0.756992124 -0.653130347 -0.0191534516 0.756595097 -0.653603094 -0.0191534516 0.756595097 -0.653603094 -0.0191534516 0.756595097 -0.653603094 -0.000354368626 0.756733868 -0.653722975 -0.000354368626 0.756733868 -0.653722975 -0.000354368626 0.756733868 -0.653722975 -0.00537478594 0.761196086 -0.648499522 -0.00537478594 0.761196086 -0.648499522 -0.00537478594 0.761196086 -0.648499522 0.015567287 0.76111484 -0.648430305 0.015567287 0.76111484 -0.648430305 0.015567287 0.76111484 -0.648430305 0.012060234 0.764235899 -0.64482404 0.012060234 0.764235899 -0.64482404 0.012060234 0.764235899 -0.64482404 0.0339153286 0.763851794 -0.644499951 0.0339153286 0.763851794 -0.644499951 0.0339153286 0.763851794 -0.644499951 0.0287613624 0.768399169 -0.639324253 0.0287613624 0.768399169 -0.639324253 0.0287613624 0.768399169 -0.639324253 0.0517521696 0.76768707 -0.638731772 0.0517521696 0.76768707 -0.638731772 0.0517521696 0.76768707 -0.638731772 0.0454668973 0.773156933 -0.632582894 0.0454668973 0.773156933 -0.632582894 0.0454668973 0.773156933 -0.632582894 0.0726911706 0.771909819 -0.631562527 0.0726911706 0.771909819 -0.631562527 0.0726911706 0.771909819 -0.631562527 0.0666466469 0.777051374 -0.625898863 0.0666466469 0.777051374 -0.625898863 0.0666466469 0.777051374 -0.625898863 0.0956756029 0.775210274 -0.624415895 0.0956756029 0.775210274 -0.624415895 0.0956756029 0.775210274 -0.624415895 0.0909021416 0.779141011 -0.62022261 0.0909021416 0.779141011 -0.62022261 0.0909021416 0.779141011 -0.62022261 0.125570998 0.776187374 -0.617871415 0.125570998 0.776187374 -0.617871415 0.125570998 0.776187374 -0.617871415 0.124168916 0.777317037 -0.616733577 0.124168916 0.777317037 -0.616733577 0.124168916 0.777317037 -0.616733577 0.183972919 0.770008276 -0.61093471 0.183972919 0.770008276 -0.61093471 0.183972919 0.770008276 -0.61093471 0.183692068 0.770249208 -0.610715467 0.183692068 0.770249208 -0.610715467 0.183692068 0.770249208 -0.610715467 0.2288017 0.76279672 -0.604806536 0.2288017 0.76279672 -0.604806536 0.2288017 0.76279672 -0.604806536 0.229869563 0.761826111 -0.605624438 0.229869563 0.761826111 -0.605624438 0.229869563 0.761826111 -0.605624438 0.263681141 0.755085094 -0.600265572 0.263681141 0.755085094 -0.600265572 0.263681141 0.755085094 -0.600265572 0.267790653 0.751146336 -0.603379937 0.267790653 0.751146336 -0.603379937 0.267790653 0.751146336 -0.603379937 0.28442824 0.747419914 -0.600386582 0.28442824 0.747419914 -0.600386582 0.28442824 0.747419914 -0.600386582 0.292460867 0.73949295 -0.606314125 0.292460867 0.73949295 -0.606314125 0.292460867 0.73949295 -0.606314125 0.2902647 0.740010216 -0.606738234 0.2902647 0.740010216 -0.606738234 0.2902647 0.740010216 -0.606738234 0.293324759 0.737049348 -0.608866853 0.293324759 0.737049348 -0.608866853 0.293324759 0.737049348 -0.608866853 0.268575465 0.742635573 -0.61348156 0.268575465 0.742635573 -0.61348156 0.268575465 0.742635573 -0.61348156 0.277180857 0.735172707 -0.618620936 0.277180857 0.735172707 -0.618620936 0.277180857 0.735172707 -0.618620936 0.131520896 0.758506538 -0.638255502 0.131520896 0.758506538 -0.638255502 0.131520896 0.758506538 -0.638255502 0.13266198 0.757903131 -0.638735972 0.13266198 0.757903131 -0.638735972 0.13266198 0.757903131 -0.638735972 0.407552681 0.698275085 -0.588483405 0.407552681 0.698275085 -0.588483405 0.407552681 0.698275085 -0.588483405 0.405049008 0.700369476 -0.587722637 0.405049008 0.700369476 -0.587722637 0.405049008 0.700369476 -0.587722637 0.658956792 0.576186551 -0.483513189 0.658956792 0.576186551 -0.483513189 0.658956792 0.576186551 -0.483513189 0.660736681 0.573609775 -0.484147565 0.660736681 0.573609775 -0.484147565 0.660736681 0.573609775 -0.484147565 0.944055156 0.25201827 -0.212712609 0.944055156 0.25201827 -0.212712609 0.944055156 0.25201827 -0.212712609 -0.9256926 0.355301973 -0.129821875 -0.9256926 0.355301973 -0.129821875 -0.9256926 0.355301973 -0.129821875 -0.600322397 0.751184732 -0.274471344 -0.600322397 0.751184732 -0.274471344 -0.600322397 0.751184732 -0.274471344 -0.599290022 0.751362158 -0.276236088 -0.599290022 0.751362158 -0.276236088 -0.599290022 0.751362158 -0.276236088 -0.353221716 0.878077443 -0.322822589 -0.353221716 0.878077443 -0.322822589 -0.353221716 0.878077443 -0.322822589 -0.354927746 0.877934924 -0.321335594 -0.354927746 0.877934924 -0.321335594 -0.354927746 0.877934924 -0.321335594 -0.117257952 0.932596348 -0.341342386 -0.117257952 0.932596348 -0.341342386 -0.117257952 0.932596348 -0.341342386 -0.112372936 0.932095318 -0.344340879 -0.112372936 0.932095318 -0.344340879 -0.112372936 0.932095318 -0.344340879 -0.181356601 0.922481659 -0.340789336 -0.181356601 0.922481659 -0.340789336 -0.181356601 0.922481659 -0.340789336 -0.177507778 0.919805814 -0.349926067 -0.177507778 0.919805814 -0.349926067 -0.177507778 0.919805814 -0.349926067 -0.189765318 0.917665544 -0.349111834 -0.189765318 0.917665544 -0.349111834 -0.189765318 0.917665544 -0.349111834 -0.186867135 0.915201959 -0.357051885 -0.186867135 0.915201959 -0.357051885 -0.186867135 0.915201959 -0.357051885 -0.188971674 0.914826838 -0.356905538 -0.188971674 0.914826838 -0.356905538 -0.188971674 0.914826838 -0.356905538 -0.185736704 0.912084978 -0.365517263 -0.185736704 0.912084978 -0.365517263 -0.185736704 0.912084978 -0.365517263 -0.17969813 0.913126692 -0.365934729 -0.17969813 0.913126692 -0.365934729 -0.17969813 0.913126692 -0.365934729 -0.177402535 0.911327892 -0.37149672 -0.177402535 0.911327892 -0.37149672 -0.177402535 0.911327892 -0.37149672 -0.164871556 0.913343525 -0.37231838 -0.164871556 0.913343525 -0.37231838 -0.164871556 0.913343525 -0.37231838 -0.163114499 0.912136081 -0.376033816 -0.163114499 0.912136081 -0.376033816 -0.163114499 0.912136081 -0.376033816 -0.140666554 0.91532556 -0.377348699 -0.140666554 0.91532556 -0.377348699 -0.140666554 0.91532556 -0.377348699 -0.139634492 0.914712175 -0.379214776 -0.139634492 0.914712175 -0.379214776 -0.139634492 0.914712175 -0.379214776 -0.11061398 0.918093449 -0.380616561 -0.11061398 0.918093449 -0.380616561 -0.11061398 0.918093449 -0.380616561 -0.108912662 0.917203178 -0.38324452 -0.108912662 0.917203178 -0.38324452 -0.108912662 0.917203178 -0.38324452 -0.0874119423 0.919160141 -0.384062219 -0.0874119423 0.919160141 -0.384062219 -0.0874119423 0.919160141 -0.384062219 -0.0862512287 0.918546287 -0.385789378 -0.0862512287 0.918546287 -0.385789378 -0.0862512287 0.918546287 -0.385789378 -0.0710581041 0.919651521 -0.386253577 -0.0710581041 0.919651521 -0.386253577 -0.0710581041 0.919651521 -0.386253577 -0.0720139739 0.920159245 -0.384864848 -0.0720139739 0.920159245 -0.384864848 -0.0720139739 0.920159245 -0.384864848 -0.0574766142 0.921029426 -0.385228809 -0.0574766142 0.921029426 -0.385228809 -0.0574766142 0.921029426 -0.385228809 -0.0559580042 0.92022683 -0.387364534 -0.0559580042 0.92022683 -0.387364534 -0.0559580042 0.92022683 -0.387364534 -0.0430130854 0.920817977 -0.387613374 -0.0430130854 0.920817977 -0.387613374 -0.0430130854 0.920817977 -0.387613374 -0.0435698014 0.921106578 -0.386864763 -0.0435698014 0.921106578 -0.386864763 -0.0435698014 0.921106578 -0.386864763 -0.0290108682 0.92159404 -0.387069497 -0.0290108682 0.92159404 -0.387069497 -0.0290108682 0.92159404 -0.387069497 -0.0304767576 0.922326757 -0.385207113 -0.0304767576 0.922326757 -0.385207113 -0.0304767576 0.922326757 -0.385207113 -0.015626605 0.922642729 -0.385339077 -0.015626605 0.922642729 -0.385339077 -0.015626605 0.922642729 -0.385339077 -0.0162784765 0.922954632 -0.384564375 -0.0162784765 0.922954632 -0.384564375 -0.0162784765 0.922954632 -0.384564375 0.0037220589 0.923070548 -0.384612674 0.0037220589 0.923070548 -0.384612674 0.0037220589 0.923070548 -0.384612674 0.00260654501 0.923600457 -0.383347626 0.00260654501 0.923600457 -0.383347626 0.00260654501 0.923600457 -0.383347626 0.0223805199 0.923372255 -0.383252908 0.0223805199 0.923372255 -0.383252908 0.0223805199 0.923372255 -0.383252908 0.0183212787 0.925334683 -0.378708403 0.0183212787 0.925334683 -0.378708403 0.0183212787 0.925334683 -0.378708403 0.0405128926 0.924730213 -0.378461014 0.0405128926 0.924730213 -0.378461014 0.0405128926 0.924730213 -0.378461014 0.0349919254 0.92740858 -0.372409573 0.0349919254 0.92740858 -0.372409573 0.0349919254 0.92740858 -0.372409573 0.0559012719 0.926525802 -0.372055085 0.0559012719 0.926525802 -0.372055085 0.0559012719 0.926525802 -0.372055085 0.0518398267 0.928490812 -0.367719246 0.0518398267 0.928490812 -0.367719246 0.0518398267 0.928490812 -0.367719246 0.0748445265 0.927133207 -0.36718158 0.0748445265 0.927133207 -0.36718158 0.0748445265 0.927133207 -0.36718158 0.0697878618 0.929555273 -0.36201747 0.0697878618 0.929555273 -0.36201747 0.0697878618 0.929555273 -0.36201747 0.0911488804 0.927948264 -0.361391616 0.0911488804 0.927948264 -0.361391616 0.0911488804 0.927948264 -0.361391616 0.0884270326 0.929233866 -0.358754907 0.0884270326 0.929233866 -0.358754907 0.0884270326 0.929233866 -0.358754907 0.115250823 0.926671935 -0.357765807 0.115250823 0.926671935 -0.357765807 0.115250823 0.926671935 -0.357765807 0.113146271 0.92766967 -0.355846743 0.113146271 0.92766967 -0.355846743 0.113146271 0.92766967 -0.355846743 0.162236672 0.921296034 -0.353401867 0.162236672 0.921296034 -0.353401867 0.162236672 0.921296034 -0.353401867 0.163090774 0.920849105 -0.354172733 0.163090774 0.920849105 -0.354172733 0.163090774 0.920849105 -0.354172733 0.20051333 0.914390266 -0.351688564 0.20051333 0.914390266 -0.351688564 0.20051333 0.914390266 -0.351688564 0.20167723 0.913724584 -0.352751582 0.20167723 0.913724584 -0.352751582 0.20167723 0.913724584 -0.352751582 0.229799296 0.907927585 -0.350513599 0.229799296 0.907927585 -0.350513599 0.229799296 0.907927585 -0.350513599 0.233065379 0.905922967 -0.353530914 0.233065379 0.905922967 -0.353530914 0.233065379 0.905922967 -0.353530914 0.249043799 0.90222568 -0.35208807 0.249043799 0.90222568 -0.35208807 0.249043799 0.90222568 -0.35208807 0.25115887 0.900878625 -0.354029553 0.25115887 0.900878625 -0.354029553 0.25115887 0.900878625 -0.354029553 0.249115628 0.901369922 -0.354222624 0.249115628 0.901369922 -0.354222624 0.249115628 0.901369922 -0.354222624 0.257283264 0.896220087 -0.361379133 0.257283264 0.896220087 -0.361379133 0.257283264 0.896220087 -0.361379133 0.232823359 0.901954467 -0.363691384 0.232823359 0.901954467 -0.363691384 0.232823359 0.901954467 -0.363691384 0.238889778 0.898491209 -0.36830045 0.238889778 0.898491209 -0.36830045 0.238889778 0.898491209 -0.36830045 0.124645693 0.918065186 -0.376324018 0.124645693 0.918065186 -0.376324018 0.124645693 0.918065186 -0.376324018 0.117148398 0.9205997 -0.372521739 0.117148398 0.9205997 -0.372521739 0.117148398 0.9205997 -0.372521739 0.369696084 0.861308336 -0.34852942 0.369696084 0.861308336 -0.34852942 0.369696084 0.861308336 -0.34852942 0.371547157 0.860144618 -0.349433751 0.371547157 0.860144618 -0.349433751 0.371547157 0.860144618 -0.349433751 0.620028678 0.726886357 -0.295297583 0.620028678 0.726886357 -0.295297583 0.620028678 0.726886357 -0.295297583 0.616896831 0.730408837 -0.293157349 0.616896831 0.730408837 -0.293157349 0.616896831 0.730408837 -0.293157349 0.931671541 0.337158758 -0.135322251 0.931671541 0.337158758 -0.135322251 0.931671541 0.337158758 -0.135322251</float_array><technique_common><accessor source="#part2-normals-array" count="1386" stride="3"><param name="X" type="float" /><param name="Y" type="float" /><param name="Z" type="float" /></accessor></technique_common></source><vertices id="part2-vertices"><input semantic="POSITION" source="#part2-positions" /></vertices><triangles count="462" material="material"><input semantic="VERTEX" source="#part2-vertices" offset="0" /><input semantic="NORMAL" source="#part2-normals" offset="0" /><p>0 1 2 3 4 5 6 7 8 9 10 11 12 13 14 15 16 17 18 19 20 21 22 23 24 25 26 27 28 29 30 31 32 33 34 35 36 37 38 39 40 41 42 43 44 45 46 47 48 49 50 51 52 53 54 55 56 57 58 59 60 61 62 63 64 65 66 67 68 69 70 71 72 73 74 75 76 77 78 79 80 81 82 83 84 85 86 87 88 89 90 91 92 93 94 95 96 97 98 99 100 101 102 103 104 105 106 107 108 109 110 111 112 113 114 115 116 117 118 119 120 121 122 123 124 125 126 127 128 129 130 131 132 133 134 135 136 137 138 139 140 141 142 143 144 145 146 147 148 149 150 151 152 153 154 155 156 157 158 159 160 161 162 163 164 165 166 167 168 169 170 171 172 173 174 175 176 177 178 179 180 181 182 183 184 185 186 187 188 189 190 191 192 193 194 195 196 197 198 199 200 201 202 203 204 205 206 207 208 209 210 211 212 213 214 215 216 217 218 219 220 221 222 223 224 225 226 227 228 229 230 231 232 233 234 235 236 237 238 239 240 241 242 243 244 245 246 247 248 249 250 251 252 253 254 255 256 257 258 259 260 261 262 263 264 265 266 267 268 269 270 271 272 273 274 275 276 277 278 279 280 281 282 283 284 285 286 287 288 289 290 291 292 293 294 295 296 297 298 299 300 301 302 303 304 305 306 307 308 309 310 311 312 313 314 315 316 317 318 319 320 321 322 323 324 325 326 327 328 329 330 331 332 333 334 335 336 337 338 339 340 341 342 343 344 345 346 347 348 349 350 351 352 353 354 355 356 357 358 359 360 361 362 363 364 365 366 367 368 369 370 371 372 373 374 375 376 377 378 379 380 381 382 383 384 385 386 387 388 389 390 391 392 393 394 395 396 397 398 399 400 401 402 403 404 405 406 407 408 409 410 411 412 413 414 415 416 417 418 419 420 421 422 423 424 425 426 427 428 429 430 431 432 433 434 435 436 437 438 439 440 441 442 443 444 445 446 447 448 449 450 451 452 453 454 455 456 457 458 459 460 461 462 463 464 465 466 467 468 469 470 471 472 473 474 475 476 477 478 479 480 481 482 483 484 485 486 487 488 489 490 491 492 493 494 495 496 497 498 499 500 501 502 503 504 505 506 507 508 509 510 511 512 513 514 515 516 517 518 519 520 521 522 523 524 525 526 527 528 529 530 531 532 533 534 535 536 537 538 539 540 541 542 543 544 545 546 547 548 549 550 551 552 553 554 555 556 557 558 559 560 561 562 563 564 565 566 567 568 569 570 571 572 573 574 575 576 577 578 579 580 581 582 583 584 585 586 587 588 589 590 591 592 593 594 595 596 597 598 599 600 601 602 603 604 605 606 607 608 609 610 611 612 613 614 615 616 617 618 619 620 621 622 623 624 625 626 627 628 629 630 631 632 633 634 635 636 637 638 639 640 641 642 643 644 645 646 647 648 649 650 651 652 653 654 655 656 657 658 659 660 661 662 663 664 665 666 667 668 669 670 671 672 673 674 675 676 677 678 679 680 681 682 683 684 685 686 687 688 689 690 691 692 693 694 695 696 697 698 699 700 701 702 703 704 705 706 707 708 709 710 711 712 713 714 715 716 717 718 719 720 721 722 723 724 725 726 727 728 729 730 731 732 733 734 735 736 737 738 739 740 741 742 743 744 745 746 747 748 749 750 751 752 753 754 755 756 757 758 759 760 761 762 763 764 765 766 767 768 769 770 771 772 773 774 775 776 777 778 779 780 781 782 783 784 785 786 787 788 789 790 791 792 793 794 795 796 797 798 799 800 801 802 803 804 805 806 807 808 809 810 811 812 813 814 815 816 817 818 819 820 821 822 823 824 825 826 827 828 829 830 831 832 833 834 835 836 837 838 839 840 841 842 843 844 845 846 847 848 849 850 851 852 853 854 855 856 857 858 859 860 861 862 863 864 865 866 867 868 869 870 871 872 873 874 875 876 877 878 879 880 881 882 883 884 885 886 887 888 889 890 891 892 893 894 895 896 897 898 899 900 901 902 903 904 905 906 907 908 909 910 911 912 913 914 915 916 917 918 919 920 921 922 923 924 925 926 927 928 929 930 931 932 933 934 935 936 937 938 939 940 941 942 943 944 945 946 947 948 949 950 951 952 953 954 955 956 957 958 959 960 961 962 963 964 965 966 967 968 969 970 971 972 973 974 975 976 977 978 979 980 981 982 983 984 985 986 987 988 989 990 991 992 993 994 995 996 997 998 999 1000 1001 1002 1003 1004 1005 1006 1007 1008 1009 1010 1011 1012 1013 1014 1015 1016 1017 1018 1019 1020 1021 1022 1023 1024 1025 1026 1027 1028 1029 1030 1031 1032 1033 1034 1035 1036 1037 1038 1039 1040 1041 1042 1043 1044 1045 1046 1047 1048 1049 1050 1051 1052 1053 1054 1055 1056 1057 1058 1059 1060 1061 1062 1063 1064 1065 1066 1067 1068 1069 1070 1071 1072 1073 1074 1075 1076 1077 1078 1079 1080 1081 1082 1083 1084 1085 1086 1087 1088 1089 1090 1091 1092 1093 1094 1095 1096 1097 1098 1099 1100 1101 1102 1103 1104 1105 1106 1107 1108 1109 1110 1111 1112 1113 1114 1115 1116 1117 1118 1119 1120 1121 1122 1123 1124 1125 1126 1127 1128 1129 1130 1131 1132 1133 1134 1135 1136 1137 1138 1139 1140 1141 1142 1143 1144 1145 1146 1147 1148 1149 1150 1151 1152 1153 1154 1155 1156 1157 1158 1159 1160 1161 1162 1163 1164 1165 1166 1167 1168 1169 1170 1171 1172 1173 1174 1175 1176 1177 1178 1179 1180 1181 1182 1183 1184 1185 1186 1187 1188 1189 1190 1191 1192 1193 1194 1195 1196 1197 1198 1199 1200 1201 1202 1203 1204 1205 1206 1207 1208 1209 1210 1211 1212 1213 1214 1215 1216 1217 1218 1219 1220 1221 1222 1223 1224 1225 1226 1227 1228 1229 1230 1231 1232 1233 1234 1235 1236 1237 1238 1239 1240 1241 1242 1243 1244 1245 1246 1247 1248 1249 1250 1251 1252 1253 1254 1255 1256 1257 1258 1259 1260 1261 1262 1263 1264 1265 1266 1267 1268 1269 1270 1271 1272 1273 1274 1275 1276 1277 1278 1279 1280 1281 1282 1283 1284 1285 1286 1287 1288 1289 1290 1291 1292 1293 1294 1295 1296 1297 1298 1299 1300 1301 1302 1303 1304 1305 1306 1307 1308 1309 1310 1311 1312 1313 1314 1315 1316 1317 1318 1319 1320 1321 1322 1323 1324 1325 1326 1327 1328 1329 1330 1331 1332 1333 1334 1335 1336 1337 1338 1339 1340 1341 1342 1343 1344 1345 1346 1347 1348 1349 1350 1351 1352 1353 1354 1355 1356 1357 1358 1359 1360 1361 1362 1363 1364 1365 1366 1367 1368 1369 1370 1371 1372 1373 1374 1375 1376 1377 1378 1379 1380 1381 1382 1383 1384 1385</p></triangles></mesh></geometry><geometry id="part3"><mesh><source id="part3-positions"><float_array id="part3-positions-array" count="7146">-1.36179763 0 -0.0755682581 -1.3490114 0.027440185 -0.0599086761 -1.3490114 0.0291641757 -0.0755682581 -1.3490114 0.0291641757 -0.0755682581 -1.3490114 0.027440185 -0.0599086761 -1.33622511 0.0359164725 -0.0550240358 -1.3490114 0.0291641757 -0.0755682581 -1.33622511 0.0359164725 -0.0550240358 -1.33622511 0.0382151267 -0.0755682581 -1.33622511 0.0382151267 -0.0755682581 -1.33622511 0.0359164725 -0.0550240358 -1.32358247 0.0400827833 -0.0525817157 -1.33622511 0.0382151267 -0.0755682581 -1.32358247 0.0400827833 -0.0525817157 -1.32358247 0.0426687693 -0.0755682581 -1.32358247 0.0426687693 -0.0755682581 -1.32358247 0.0400827833 -0.0525817157 -1.31079625 0.0413757763 -0.0518633863 -1.32358247 0.0426687693 -0.0755682581 -1.31079625 0.0413757763 -0.0518633863 -1.31079625 0.0441054282 -0.0755682581 -1.31079625 0.0441054282 -0.0755682581 -1.31079625 0.0413757763 -0.0518633863 -1.25950755 0.0499957297 -0.0478407413 -1.31079625 0.0441054282 -0.0755682581 -1.25950755 0.0499957297 -0.0478407413 -1.25950755 0.0531563793 -0.0755682581 -1.25950755 0.0531563793 -0.0755682581 -1.25950755 0.0499957297 -0.0478407413 -1.19036835 0.0622073303 -0.0420941057 -1.25950755 0.0531563793 -0.0755682581 -1.19036835 0.0622073303 -0.0420941057 -1.19036835 0.0662299753 -0.0755682581 -1.19036835 0.0662299753 -0.0755682581 -1.19036835 0.0622073303 -0.0420941057 -1.10790412 0.0765739237 -0.0354854748 -1.19036835 0.0662299753 -0.0755682581 -1.10790412 0.0765739237 -0.0354854748 -1.10790412 0.081458564 -0.0755682581 -1.10790412 0.081458564 -0.0755682581 -1.10790412 0.0765739237 -0.0354854748 -1.01681992 0.0916588378 -0.0283021803 -1.10790412 0.081458564 -0.0755682581 -1.01681992 0.0916588378 -0.0283021803 -1.01681992 0.0975491436 -0.0755682581 -1.01681992 0.0975491436 -0.0755682581 -1.01681992 0.0916588378 -0.0283021803 -0.921677172 0.106025427 -0.0215498835 -1.01681992 0.0975491436 -0.0755682581 -0.921677172 0.106025427 -0.0215498835 -0.921677172 0.112777728 -0.0755682581 -0.921677172 0.112777728 -0.0755682581 -0.921677172 0.106025427 -0.0215498835 -0.827432348 0.118237032 -0.0158032479 -0.921677172 0.112777728 -0.0755682581 -0.827432348 0.118237032 -0.0158032479 -0.827432348 0.12585132 -0.0755682581 -0.827432348 0.12585132 -0.0755682581 -0.827432348 0.118237032 -0.0158032479 -0.736635506 0.127287978 -0.0114932712 -0.827432348 0.12585132 -0.0755682581 -0.736635506 0.127287978 -0.0114932712 -0.736635506 0.135333268 -0.0755682581 -0.736635506 0.135333268 -0.0755682581 -0.736635506 0.127287978 -0.0114932712 -0.64178012 0.134758605 -0.00790162395 -0.736635506 0.135333268 -0.0755682581 -0.64178012 0.134758605 -0.00790162395 -0.64178012 0.143378558 -0.0755682581 -0.64178012 0.143378558 -0.0755682581 -0.64178012 0.134758605 -0.00790162395 -0.54308165 0.141223574 -0.00488464026 -0.64178012 0.143378558 -0.0755682581 -0.54308165 0.141223574 -0.00488464026 -0.54308165 0.15027453 -0.0755682581 -0.54308165 0.15027453 -0.0755682581 -0.54308165 0.141223574 -0.00488464026 -0.442802854 0.146395546 -0.00229865424 -0.54308165 0.15027453 -0.0755682581 -0.442802854 0.146395546 -0.00229865424 -0.442802854 0.155733825 -0.0755682581 -0.442802854 0.155733825 -0.0755682581 -0.442802854 0.146395546 -0.00229865424 -0.342955061 0.150130851 -0.00028733178 -0.442802854 0.155733825 -0.0755682581 -0.342955061 0.150130851 -0.00028733178 -0.342955061 0.159900131 -0.0755682581 -0.342955061 0.159900131 -0.0755682581 -0.342955061 0.150130851 -0.00028733178 -0.245405917 0.152716845 0.00114932712 -0.342955061 0.159900131 -0.0755682581 -0.245405917 0.152716845 0.00114932712 -0.245405917 0.162486126 -0.0755682581 -0.245405917 0.162486126 -0.0755682581 -0.245405917 0.152716845 0.00114932712 -0.152454091 0.153866172 0.00201132246 -0.245405917 0.162486126 -0.0755682581 -0.152454091 0.153866172 0.00201132246 -0.152454091 0.163635453 -0.0755682581 -0.152454091 0.163635453 -0.0755682581 -0.152454091 0.153866172 0.00201132246 -0.0621959788 0.153291509 0.00229865424 -0.152454091 0.163635453 -0.0755682581 -0.0621959788 0.153291509 0.00229865424 -0.0621959788 0.163060789 -0.0755682581 -0.0621959788 0.163060789 -0.0755682581 -0.0621959788 0.153291509 0.00229865424 0.0273078399 0.151136516 0.00229865424 -0.0621959788 0.163060789 -0.0755682581 0.0273078399 0.151136516 0.00229865424 0.0273078399 0.160905797 -0.0755682581 0.0273078399 0.160905797 -0.0755682581 0.0273078399 0.151136516 0.00229865424 0.114944059 0.147688535 0.00158032479 0.0273078399 0.160905797 -0.0755682581 0.114944059 0.147688535 0.00158032479 0.114944059 0.157170492 -0.0755682581 0.114944059 0.157170492 -0.0755682581 0.114944059 0.147688535 0.00158032479 0.199419585 0.142947565 0.00028733178 0.114944059 0.157170492 -0.0755682581 0.199419585 0.142947565 0.00028733178 0.199419585 0.152142182 -0.0755682581 0.199419585 0.152142182 -0.0755682581 0.199419585 0.142947565 0.00028733178 0.279621076 0.137344591 -0.00158032479 0.199419585 0.152142182 -0.0755682581 0.279621076 0.137344591 -0.00158032479 0.279621076 0.146251876 -0.0755682581 0.279621076 0.146251876 -0.0755682581 0.279621076 0.137344591 -0.00158032479 0.354183642 0.131023292 -0.00416631081 0.279621076 0.146251876 -0.0755682581 0.354183642 0.131023292 -0.00416631081 0.354183642 0.139499583 -0.0755682581 0.354183642 0.139499583 -0.0755682581 0.354183642 0.131023292 -0.00416631081 0.422712284 0.123839997 -0.00775795806 0.354183642 0.139499583 -0.0755682581 0.422712284 0.123839997 -0.00775795806 0.422712284 0.131741625 -0.0755682581 0.422712284 0.131741625 -0.0755682581 0.422712284 0.123839997 -0.00775795806 0.488223965 0.114358048 -0.0129299301 0.422712284 0.131741625 -0.0755682581 0.488223965 0.114358048 -0.0129299301 0.488223965 0.121685013 -0.0755682581 0.488223965 0.121685013 -0.0755682581 0.488223965 0.114358048 -0.0129299301 0.549892561 0.103152109 -0.0193948951 0.488223965 0.121685013 -0.0755682581 0.549892561 0.103152109 -0.0193948951 0.549892561 0.10990441 -0.0755682581 0.549892561 0.10990441 -0.0755682581 0.549892561 0.103152109 -0.0193948951 0.606353216 0.0916588378 -0.026147192 0.549892561 0.10990441 -0.0755682581 0.606353216 0.0916588378 -0.026147192 0.606353216 0.0974054734 -0.0755682581 0.606353216 0.0974054734 -0.0755682581 0.606353216 0.0916588378 -0.026147192 0.65606164 0.0805965686 -0.0327558229 0.606353216 0.0974054734 -0.0755682581 0.65606164 0.0805965686 -0.0327558229 0.65606164 0.0857685407 -0.0755682581 0.65606164 0.0857685407 -0.0755682581 0.65606164 0.0805965686 -0.0327558229 0.697437416 0.0712582814 -0.0383587926 0.65606164 0.0857685407 -0.0755682581 0.697437416 0.0712582814 -0.0383587926 0.697437416 0.0757119284 -0.0755682581 0.697437416 0.0757119284 -0.0755682581 0.697437416 0.0712582814 -0.0383587926 0.728900198 0.0646496505 -0.0422377716 0.697437416 0.0757119284 -0.0755682581 0.728900198 0.0646496505 -0.0422377716 0.728900198 0.0686722954 -0.0755682581 0.728900198 0.0686722954 -0.0755682581 0.728900198 0.0646496505 -0.0422377716 0.747720487 0.0624946621 -0.0432434329 0.728900198 0.0686722954 -0.0755682581 0.747720487 0.0624946621 -0.0432434329 0.747720487 0.066517307 -0.0755682581 0.747720487 0.066517307 -0.0755682581 0.747720487 0.0624946621 -0.0432434329 0.766397044 0.0558860312 -0.0466914142 0.747720487 0.066517307 -0.0755682581 0.766397044 0.0558860312 -0.0466914142 0.766397044 0.0594776784 -0.0755682581 0.766397044 0.0594776784 -0.0755682581 0.766397044 0.0558860312 -0.0466914142 0.7850736 0.0426687693 -0.053443711 0.766397044 0.0594776784 -0.0755682581 0.7850736 0.0426687693 -0.053443711 0.7850736 0.0453984212 -0.0755682581 0.7850736 0.0453984212 -0.0755682581 0.7850736 0.0426687693 -0.053443711 0.803750157 0 -0.0755682581 -1.36179763 0 -0.0755682581 -1.3490114 0.0222682129 -0.0461167507 -1.3490114 0.027440185 -0.0599086761 -1.3490114 0.027440185 -0.0599086761 -1.3490114 0.0222682129 -0.0461167507 -1.33622511 0.0291641757 -0.0369221337 -1.3490114 0.027440185 -0.0599086761 -1.33622511 0.0291641757 -0.0369221337 -1.33622511 0.0359164725 -0.0550240358 -1.33622511 0.0359164725 -0.0550240358 -1.33622511 0.0291641757 -0.0369221337 -1.32358247 0.032612157 -0.0324684911 -1.33622511 0.0359164725 -0.0550240358 -1.32358247 0.032612157 -0.0324684911 -1.32358247 0.0400827833 -0.0525817157 -1.32358247 0.0400827833 -0.0525817157 -1.32358247 0.032612157 -0.0324684911 -1.31079625 0.0337614841 -0.0310318322 -1.32358247 0.0400827833 -0.0525817157 -1.31079625 0.0337614841 -0.0310318322 -1.31079625 0.0413757763 -0.0518633863 -1.31079625 0.0413757763 -0.0518633863 -1.31079625 0.0337614841 -0.0310318322 -1.25950755 0.0408011127 -0.0234175401 -1.31079625 0.0413757763 -0.0518633863 -1.25950755 0.0408011127 -0.0234175401 -1.25950755 0.0499957297 -0.0478407413 -1.25950755 0.0499957297 -0.0478407413 -1.25950755 0.0408011127 -0.0234175401 -1.19036835 0.0507140591 -0.0127862642 -1.25950755 0.0499957297 -0.0478407413 -1.19036835 0.0507140591 -0.0127862642 -1.19036835 0.0622073303 -0.0420941057 -1.19036835 0.0622073303 -0.0420941057 -1.19036835 0.0507140591 -0.0127862642 -1.10790412 0.0623509962 -0.00014366589 -1.19036835 0.0622073303 -0.0420941057 -1.10790412 0.0623509962 -0.00014366589 -1.10790412 0.0765739237 -0.0354854748 -1.10790412 0.0765739237 -0.0354854748 -1.10790412 0.0623509962 -0.00014366589 -1.01681992 0.0747062628 0.013073596 -1.10790412 0.0765739237 -0.0354854748 -1.01681992 0.0747062628 0.013073596 -1.01681992 0.0916588378 -0.0283021803 -1.01681992 0.0916588378 -0.0283021803 -1.01681992 0.0747062628 0.013073596 -0.921677172 0.0863432042 0.0258598602 -1.01681992 0.0916588378 -0.0283021803 -0.921677172 0.0863432042 0.0258598602 -0.921677172 0.106025427 -0.0215498835 -0.921677172 0.106025427 -0.0215498835 -0.921677172 0.0863432042 0.0258598602 -0.827432348 0.0963998165 0.0366348019 -0.921677172 0.106025427 -0.0215498835 -0.827432348 0.0963998165 0.0366348019 -0.827432348 0.118237032 -0.0158032479 -0.827432348 0.118237032 -0.0158032479 -0.827432348 0.0963998165 0.0366348019 -0.736635506 0.103726773 0.0448237577 -0.827432348 0.118237032 -0.0158032479 -0.736635506 0.103726773 0.0448237577 -0.736635506 0.127287978 -0.0114932712 -0.736635506 0.127287978 -0.0114932712 -0.736635506 0.103726773 0.0448237577 -0.64178012 0.10990441 0.0515760545 -0.736635506 0.127287978 -0.0114932712 -0.64178012 0.10990441 0.0515760545 -0.64178012 0.134758605 -0.00790162395 -0.64178012 0.134758605 -0.00790162395 -0.64178012 0.10990441 0.0515760545 -0.54308165 0.115076382 0.0573226901 -0.64178012 0.134758605 -0.00790162395 -0.54308165 0.115076382 0.0573226901 -0.54308165 0.141223574 -0.00488464026 -0.54308165 0.141223574 -0.00488464026 -0.54308165 0.115076382 0.0573226901 -0.442802854 0.119242689 0.0620636644 -0.54308165 0.141223574 -0.00488464026 -0.442802854 0.119242689 0.0620636644 -0.442802854 0.146395546 -0.00229865424 -0.442802854 0.146395546 -0.00229865424 -0.442802854 0.119242689 0.0620636644 -0.342955061 0.122403338 0.0657989776 -0.442802854 0.146395546 -0.00229865424 -0.342955061 0.122403338 0.0657989776 -0.342955061 0.150130851 -0.00028733178 -0.342955061 0.150130851 -0.00028733178 -0.342955061 0.122403338 0.0657989776 -0.245405917 0.124558331 0.0685286295 -0.342955061 0.150130851 -0.00028733178 -0.245405917 0.124558331 0.0685286295 -0.245405917 0.152716845 0.00114932712 -0.245405917 0.152716845 0.00114932712 -0.245405917 0.124558331 0.0685286295 -0.152454091 0.125420326 0.0701089543 -0.245405917 0.152716845 0.00114932712 -0.152454091 0.125420326 0.0701089543 -0.152454091 0.153866172 0.00201132246 -0.152454091 0.153866172 0.00201132246 -0.152454091 0.125420326 0.0701089543 -0.0621959788 0.124989324 0.0708272837 -0.152454091 0.153866172 0.00201132246 -0.0621959788 0.124989324 0.0708272837 -0.0621959788 0.153291509 0.00229865424 -0.0621959788 0.153291509 0.00229865424 -0.0621959788 0.124989324 0.0708272837 0.0273078399 0.123265334 0.0706836178 -0.0621959788 0.153291509 0.00229865424 0.0273078399 0.123265334 0.0706836178 0.0273078399 0.151136516 0.00229865424 0.0273078399 0.151136516 0.00229865424 0.0273078399 0.123265334 0.0706836178 0.114944059 0.120392016 0.0693906248 0.0273078399 0.151136516 0.00229865424 0.114944059 0.120392016 0.0693906248 0.114944059 0.147688535 0.00158032479 0.114944059 0.147688535 0.00158032479 0.114944059 0.120392016 0.0693906248 0.199419585 0.116513041 0.0670919706 0.114944059 0.147688535 0.00158032479 0.199419585 0.116513041 0.0670919706 0.199419585 0.142947565 0.00028733178 0.199419585 0.142947565 0.00028733178 0.199419585 0.116513041 0.0670919706 0.279621076 0.111915733 0.0635003233 0.199419585 0.142947565 0.00028733178 0.279621076 0.111915733 0.0635003233 0.279621076 0.137344591 -0.00158032479 0.279621076 0.137344591 -0.00158032479 0.279621076 0.111915733 0.0635003233 0.354183642 0.106743761 0.0586156831 0.279621076 0.137344591 -0.00158032479 0.354183642 0.106743761 0.0586156831 0.354183642 0.131023292 -0.00416631081 0.354183642 0.131023292 -0.00416631081 0.354183642 0.106743761 0.0586156831 0.422712284 0.100997125 0.0518633863 0.354183642 0.131023292 -0.00416631081 0.422712284 0.100997125 0.0518633863 0.422712284 0.123839997 -0.00775795806 0.422712284 0.123839997 -0.00775795806 0.422712284 0.100997125 0.0518633863 0.488223965 0.0932391669 0.0420941057 0.422712284 0.123839997 -0.00775795806 0.488223965 0.0932391669 0.0420941057 0.488223965 0.114358048 -0.0129299301 0.488223965 0.114358048 -0.0129299301 0.488223965 0.0932391669 0.0420941057 0.549892561 0.0841882115 0.030026171 0.488223965 0.114358048 -0.0129299301 0.549892561 0.0841882115 0.030026171 0.549892561 0.103152109 -0.0193948951 0.549892561 0.103152109 -0.0193948951 0.549892561 0.0841882115 0.030026171 0.606353216 0.0747062628 0.0172399068 0.549892561 0.103152109 -0.0193948951 0.606353216 0.0747062628 0.0172399068 0.606353216 0.0916588378 -0.026147192 0.606353216 0.0916588378 -0.026147192 0.606353216 0.0747062628 0.0172399068 0.65606164 0.0656553117 0.00488464026 0.606353216 0.0916588378 -0.026147192 0.65606164 0.0656553117 0.00488464026 0.65606164 0.0805965686 -0.0327558229 0.65606164 0.0805965686 -0.0327558229 0.65606164 0.0656553117 0.00488464026 0.697437416 0.0580410195 -0.00560296971 0.65606164 0.0805965686 -0.0327558229 0.697437416 0.0580410195 -0.00560296971 0.697437416 0.0712582814 -0.0383587926 0.697437416 0.0712582814 -0.0383587926 0.697437416 0.0580410195 -0.00560296971 0.728900198 0.0527253816 -0.0129299301 0.697437416 0.0712582814 -0.0383587926 0.728900198 0.0527253816 -0.0129299301 0.728900198 0.0646496505 -0.0422377716 0.728900198 0.0646496505 -0.0422377716 0.728900198 0.0527253816 -0.0129299301 0.747720487 0.0510013909 -0.0149412526 0.728900198 0.0646496505 -0.0422377716 0.747720487 0.0510013909 -0.0149412526 0.747720487 0.0624946621 -0.0432434329 0.747720487 0.0624946621 -0.0432434329 0.747720487 0.0510013909 -0.0149412526 0.766397044 0.0455420871 -0.0212625517 0.747720487 0.0624946621 -0.0432434329 0.766397044 0.0455420871 -0.0212625517 0.766397044 0.0558860312 -0.0466914142 0.766397044 0.0558860312 -0.0466914142 0.766397044 0.0455420871 -0.0212625517 0.7850736 0.0347671454 -0.0340488159 0.766397044 0.0558860312 -0.0466914142 0.7850736 0.0347671454 -0.0340488159 0.7850736 0.0426687693 -0.053443711 0.7850736 0.0426687693 -0.053443711 0.7850736 0.0347671454 -0.0340488159 0.803750157 0 -0.0755682581 -1.36179763 0 -0.0755682581 -1.3490114 0.0145102549 -0.0359164725 -1.3490114 0.0222682129 -0.0461167507 -1.3490114 0.0222682129 -0.0461167507 -1.3490114 0.0145102549 -0.0359164725 -1.33622511 0.0191075634 -0.0235612059 -1.3490114 0.0222682129 -0.0461167507 -1.33622511 0.0191075634 -0.0235612059 -1.33622511 0.0291641757 -0.0369221337 -1.33622511 0.0291641757 -0.0369221337 -1.33622511 0.0191075634 -0.0235612059 -1.32358247 0.0212625517 -0.0175272386 -1.33622511 0.0291641757 -0.0369221337 -1.32358247 0.0212625517 -0.0175272386 -1.32358247 0.032612157 -0.0324684911 -1.32358247 0.032612157 -0.0324684911 -1.32358247 0.0212625517 -0.0175272386 -1.31079625 0.0219808812 -0.0155159161 -1.32358247 0.032612157 -0.0324684911 -1.31079625 0.0219808812 -0.0155159161 -1.31079625 0.0337614841 -0.0310318322 -1.31079625 0.0337614841 -0.0310318322 -1.31079625 0.0219808812 -0.0155159161 -1.25950755 0.0265781896 -0.00545930382 -1.31079625 0.0337614841 -0.0310318322 -1.25950755 0.0265781896 -0.00545930382 -1.25950755 0.0408011127 -0.0234175401 -1.25950755 0.0408011127 -0.0234175401 -1.25950755 0.0265781896 -0.00545930382 -1.19036835 0.0330431547 0.00905095106 -1.25950755 0.0408011127 -0.0234175401 -1.19036835 0.0330431547 0.00905095106 -1.19036835 0.0507140591 -0.0127862642 -1.19036835 0.0507140591 -0.0127862642 -1.19036835 0.0330431547 0.00905095106 -1.10790412 0.0406574468 0.0260035261 -1.19036835 0.0507140591 -0.0127862642 -1.10790412 0.0406574468 0.0260035261 -1.10790412 0.0623509962 -0.00014366589 -1.10790412 0.0623509962 -0.00014366589 -1.10790412 0.0406574468 0.0260035261 -1.01681992 0.0487027367 0.0439617623 -1.10790412 0.0623509962 -0.00014366589 -1.01681992 0.0487027367 0.0439617623 -1.01681992 0.0747062628 0.013073596 -1.01681992 0.0747062628 0.013073596 -1.01681992 0.0487027367 0.0439617623 -0.921677172 0.0564606947 0.0610580032 -1.01681992 0.0747062628 0.013073596 -0.921677172 0.0564606947 0.0610580032 -0.921677172 0.0863432042 0.0258598602 -0.921677172 0.0863432042 0.0258598602 -0.921677172 0.0564606947 0.0610580032 -0.827432348 0.0629256598 0.0755682581 -0.921677172 0.0863432042 0.0258598602 -0.827432348 0.0629256598 0.0755682581 -0.827432348 0.0963998165 0.0366348019 -0.827432348 0.0963998165 0.0366348019 -0.827432348 0.0629256598 0.0755682581 -0.736635506 0.0676666342 0.0864868657 -0.827432348 0.0963998165 0.0366348019 -0.736635506 0.0676666342 0.0864868657 -0.736635506 0.103726773 0.0448237577 -0.736635506 0.103726773 0.0448237577 -0.736635506 0.0676666342 0.0864868657 -0.64178012 0.0716892791 0.0956814827 -0.736635506 0.103726773 0.0448237577 -0.64178012 0.0716892791 0.0956814827 -0.64178012 0.10990441 0.0515760545 -0.64178012 0.10990441 0.0515760545 -0.64178012 0.0716892791 0.0956814827 -0.54308165 0.0751372648 0.103439441 -0.64178012 0.10990441 0.0515760545 -0.54308165 0.0751372648 0.103439441 -0.54308165 0.115076382 0.0573226901 -0.54308165 0.115076382 0.0573226901 -0.54308165 0.0751372648 0.103439441 -0.442802854 0.0778669123 0.10990441 -0.54308165 0.115076382 0.0573226901 -0.442802854 0.0778669123 0.10990441 -0.442802854 0.119242689 0.0620636644 -0.442802854 0.119242689 0.0620636644 -0.442802854 0.0778669123 0.10990441 -0.342955061 0.0798782348 0.114932712 -0.442802854 0.119242689 0.0620636644 -0.342955061 0.0798782348 0.114932712 -0.342955061 0.122403338 0.0657989776 -0.342955061 0.122403338 0.0657989776 -0.342955061 0.0798782348 0.114932712 -0.245405917 0.0813148937 0.118524364 -0.342955061 0.122403338 0.0657989776 -0.245405917 0.0813148937 0.118524364 -0.245405917 0.124558331 0.0685286295 -0.245405917 0.124558331 0.0685286295 -0.245405917 0.0813148937 0.118524364 -0.152454091 0.0818895573 0.120679348 -0.245405917 0.124558331 0.0685286295 -0.152454091 0.0818895573 0.120679348 -0.152454091 0.125420326 0.0701089543 -0.152454091 0.125420326 0.0701089543 -0.152454091 0.0818895573 0.120679348 -0.0621959788 0.0816022255 0.121685013 -0.152454091 0.125420326 0.0701089543 -0.0621959788 0.0816022255 0.121685013 -0.0621959788 0.124989324 0.0708272837 -0.0621959788 0.124989324 0.0708272837 -0.0621959788 0.0816022255 0.121685013 0.0273078399 0.0804528984 0.121397681 -0.0621959788 0.124989324 0.0708272837 0.0273078399 0.0804528984 0.121397681 0.0273078399 0.123265334 0.0706836178 0.0273078399 0.123265334 0.0706836178 0.0273078399 0.0804528984 0.121397681 0.114944059 0.0785852462 0.119817352 0.0273078399 0.123265334 0.0706836178 0.114944059 0.0785852462 0.119817352 0.114944059 0.120392016 0.0693906248 0.114944059 0.120392016 0.0693906248 0.114944059 0.0785852462 0.119817352 0.199419585 0.0761429217 0.116656703 0.114944059 0.120392016 0.0693906248 0.199419585 0.0761429217 0.116656703 0.199419585 0.116513041 0.0670919706 0.199419585 0.116513041 0.0670919706 0.199419585 0.0761429217 0.116656703 0.279621076 0.073125938 0.111772062 0.199419585 0.116513041 0.0670919706 0.279621076 0.073125938 0.111772062 0.279621076 0.111915733 0.0635003233 0.279621076 0.111915733 0.0635003233 0.279621076 0.073125938 0.111772062 0.354183642 0.0696779566 0.105163431 0.279621076 0.111915733 0.0635003233 0.354183642 0.0696779566 0.105163431 0.354183642 0.106743761 0.0586156831 0.354183642 0.106743761 0.0586156831 0.354183642 0.0696779566 0.105163431 0.422712284 0.0659426435 0.0961124847 0.354183642 0.106743761 0.0586156831 0.422712284 0.0659426435 0.0961124847 0.422712284 0.100997125 0.0518633863 0.422712284 0.100997125 0.0518633863 0.422712284 0.0659426435 0.0961124847 0.488223965 0.0607706714 0.0828952229 0.422712284 0.100997125 0.0518633863 0.488223965 0.0607706714 0.0828952229 0.488223965 0.0932391669 0.0420941057 0.488223965 0.0932391669 0.0420941057 0.488223965 0.0607706714 0.0828952229 0.549892561 0.0548803699 0.0666609729 0.488223965 0.0932391669 0.0420941057 0.549892561 0.0548803699 0.0666609729 0.549892561 0.0841882115 0.030026171 0.549892561 0.0841882115 0.030026171 0.549892561 0.0548803699 0.0666609729 0.606353216 0.0487027367 0.0494210661 0.549892561 0.0841882115 0.030026171 0.606353216 0.0487027367 0.0494210661 0.606353216 0.0747062628 0.0172399068 0.606353216 0.0747062628 0.0172399068 0.606353216 0.0487027367 0.0494210661 0.65606164 0.0428124352 0.0327558229 0.606353216 0.0747062628 0.0172399068 0.65606164 0.0428124352 0.0327558229 0.65606164 0.0656553117 0.00488464026 0.65606164 0.0656553117 0.00488464026 0.65606164 0.0428124352 0.0327558229 0.697437416 0.0379277949 0.0186765657 0.65606164 0.0656553117 0.00488464026 0.697437416 0.0379277949 0.0186765657 0.697437416 0.0580410195 -0.00560296971 0.697437416 0.0580410195 -0.00560296971 0.697437416 0.0379277949 0.0186765657 0.728900198 0.0343361477 0.00890728517 0.697437416 0.0580410195 -0.00560296971 0.728900198 0.0343361477 0.00890728517 0.728900198 0.0527253816 -0.0129299301 0.728900198 0.0527253816 -0.0129299301 0.728900198 0.0343361477 0.00890728517 0.747720487 0.0333304865 0.00617763327 0.728900198 0.0527253816 -0.0129299301 0.747720487 0.0333304865 0.00617763327 0.747720487 0.0510013909 -0.0149412526 0.747720487 0.0510013909 -0.0149412526 0.747720487 0.0333304865 0.00617763327 0.766397044 0.0297388392 -0.00244232013 0.747720487 0.0510013909 -0.0149412526 0.766397044 0.0297388392 -0.00244232013 0.766397044 0.0455420871 -0.0212625517 0.766397044 0.0455420871 -0.0212625517 0.766397044 0.0297388392 -0.00244232013 0.7850736 0.0226992106 -0.0196822269 0.766397044 0.0455420871 -0.0212625517 0.7850736 0.0226992106 -0.0196822269 0.7850736 0.0347671454 -0.0340488159 0.7850736 0.0347671454 -0.0340488159 0.7850736 0.0226992106 -0.0196822269 0.803750157 0 -0.0755682581 -1.36179763 0 -0.0755682581 -1.3490114 0.00502830615 -0.0304571687 -1.3490114 0.0145102549 -0.0359164725 -1.3490114 0.0145102549 -0.0359164725 -1.3490114 0.00502830615 -0.0304571687 -1.33622511 0.00660863094 -0.0165215773 -1.3490114 0.0145102549 -0.0359164725 -1.33622511 0.00660863094 -0.0165215773 -1.33622511 0.0191075634 -0.0235612059 -1.33622511 0.0191075634 -0.0235612059 -1.33622511 0.00660863094 -0.0165215773 -1.32358247 0.00747062628 -0.00948194873 -1.33622511 0.0191075634 -0.0235612059 -1.32358247 0.00747062628 -0.00948194873 -1.32358247 0.0212625517 -0.0175272386 -1.32358247 0.0212625517 -0.0175272386 -1.32358247 0.00747062628 -0.00948194873 -1.31079625 0.00761429217 -0.00732696039 -1.32358247 0.0212625517 -0.0175272386 -1.31079625 0.00761429217 -0.00732696039 -1.31079625 0.0219808812 -0.0155159161 -1.31079625 0.0219808812 -0.0155159161 -1.31079625 0.00761429217 -0.00732696039 -1.25950755 0.00919461695 0.00416631081 -1.31079625 0.0219808812 -0.0155159161 -1.25950755 0.00919461695 0.00416631081 -1.25950755 0.0265781896 -0.00545930382 -1.25950755 0.0265781896 -0.00545930382 -1.25950755 0.00919461695 0.00416631081 -1.19036835 0.0114932712 0.0206878881 -1.25950755 0.0265781896 -0.00545930382 -1.19036835 0.0114932712 0.0206878881 -1.19036835 0.0330431547 0.00905095106 -1.19036835 0.0330431547 0.00905095106 -1.19036835 0.0114932712 0.0206878881 -1.10790412 0.0140792572 0.0399391174 -1.19036835 0.0330431547 0.00905095106 -1.10790412 0.0140792572 0.0399391174 -1.10790412 0.0406574468 0.0260035261 -1.10790412 0.0406574468 0.0260035261 -1.10790412 0.0140792572 0.0399391174 -1.01681992 0.016952575 0.0603396738 -1.10790412 0.0406574468 0.0260035261 -1.01681992 0.016952575 0.0603396738 -1.01681992 0.0487027367 0.0439617623 -1.01681992 0.0487027367 0.0439617623 -1.01681992 0.016952575 0.0603396738 -0.921677172 0.019538561 0.0797345733 -1.01681992 0.0487027367 0.0439617623 -0.921677172 0.019538561 0.0797345733 -0.921677172 0.0564606947 0.0610580032 -0.921677172 0.0564606947 0.0610580032 -0.921677172 0.019538561 0.0797345733 -0.827432348 0.0218372153 0.0963998165 -0.921677172 0.0564606947 0.0610580032 -0.827432348 0.0218372153 0.0963998165 -0.827432348 0.0629256598 0.0755682581 -0.827432348 0.0629256598 0.0755682581 -0.827432348 0.0218372153 0.0963998165 -0.736635506 0.0235612059 0.108755083 -0.827432348 0.0629256598 0.0755682581 -0.736635506 0.0235612059 0.108755083 -0.736635506 0.0676666342 0.0864868657 -0.736635506 0.0676666342 0.0864868657 -0.736635506 0.0235612059 0.108755083 -0.64178012 0.024854199 0.119099027 -0.736635506 0.0676666342 0.0864868657 -0.64178012 0.024854199 0.119099027 -0.64178012 0.0716892791 0.0956814827 -0.64178012 0.0716892791 0.0956814827 -0.64178012 0.024854199 0.119099027 -0.54308165 0.026147192 0.128006312 -0.64178012 0.0716892791 0.0956814827 -0.54308165 0.026147192 0.128006312 -0.54308165 0.0751372648 0.103439441 -0.54308165 0.0751372648 0.103439441 -0.54308165 0.026147192 0.128006312 -0.442802854 0.0270091873 0.135333268 -0.54308165 0.0751372648 0.103439441 -0.442802854 0.0270091873 0.135333268 -0.442802854 0.0778669123 0.10990441 -0.442802854 0.0778669123 0.10990441 -0.442802854 0.0270091873 0.135333268 -0.342955061 0.0277275168 0.140936242 -0.442802854 0.0778669123 0.10990441 -0.342955061 0.0277275168 0.140936242 -0.342955061 0.0798782348 0.114932712 -0.342955061 0.0798782348 0.114932712 -0.342955061 0.0277275168 0.140936242 -0.245405917 0.0281585144 0.145102549 -0.342955061 0.0798782348 0.114932712 -0.245405917 0.0281585144 0.145102549 -0.245405917 0.0813148937 0.118524364 -0.245405917 0.0813148937 0.118524364 -0.245405917 0.0281585144 0.145102549 -0.152454091 0.0284458462 0.147688535 -0.245405917 0.0813148937 0.118524364 -0.152454091 0.0284458462 0.147688535 -0.152454091 0.0818895573 0.120679348 -0.152454091 0.0818895573 0.120679348 -0.152454091 0.0284458462 0.147688535 -0.0621959788 0.0283021803 0.1486942 -0.152454091 0.0818895573 0.120679348 -0.0621959788 0.0283021803 0.1486942 -0.0621959788 0.0816022255 0.121685013 -0.0621959788 0.0816022255 0.121685013 -0.0621959788 0.0283021803 0.1486942 0.0273078399 0.0278711826 0.14840686 -0.0621959788 0.0816022255 0.121685013 0.0273078399 0.0278711826 0.14840686 0.0273078399 0.0804528984 0.121397681 0.0273078399 0.0804528984 0.121397681 0.0273078399 0.0278711826 0.14840686 0.114944059 0.0272965191 0.146539208 0.0273078399 0.0804528984 0.121397681 0.114944059 0.0272965191 0.146539208 0.114944059 0.0785852462 0.119817352 0.114944059 0.0785852462 0.119817352 0.114944059 0.0272965191 0.146539208 0.199419585 0.0264345237 0.142947565 0.114944059 0.0785852462 0.119817352 0.199419585 0.0264345237 0.142947565 0.199419585 0.0761429217 0.116656703 0.199419585 0.0761429217 0.116656703 0.199419585 0.0264345237 0.142947565 0.279621076 0.0254288625 0.137488261 0.199419585 0.0761429217 0.116656703 0.279621076 0.0254288625 0.137488261 0.279621076 0.073125938 0.111772062 0.279621076 0.073125938 0.111772062 0.279621076 0.0254288625 0.137488261 0.354183642 0.0242795354 0.129873964 0.279621076 0.073125938 0.111772062 0.354183642 0.0242795354 0.129873964 0.354183642 0.0696779566 0.105163431 0.354183642 0.0696779566 0.105163431 0.354183642 0.0242795354 0.129873964 0.422712284 0.0228428765 0.119673691 0.354183642 0.0696779566 0.105163431 0.422712284 0.0228428765 0.119673691 0.422712284 0.0659426435 0.0961124847 0.422712284 0.0659426435 0.0961124847 0.422712284 0.0228428765 0.119673691 0.488223965 0.0211188858 0.104588768 0.422712284 0.0659426435 0.0961124847 0.488223965 0.0211188858 0.104588768 0.488223965 0.0607706714 0.0828952229 0.488223965 0.0607706714 0.0828952229 0.488223965 0.0211188858 0.104588768 0.549892561 0.0191075634 0.086199534 0.488223965 0.0607706714 0.0828952229 0.549892561 0.0191075634 0.086199534 0.549892561 0.0548803699 0.0666609729 0.549892561 0.0548803699 0.0666609729 0.549892561 0.0191075634 0.086199534 0.606353216 0.016952575 0.066517307 0.549892561 0.0548803699 0.0666609729 0.606353216 0.016952575 0.066517307 0.606353216 0.0487027367 0.0494210661 0.606353216 0.0487027367 0.0494210661 0.606353216 0.016952575 0.066517307 0.65606164 0.0149412526 0.0476970755 0.606353216 0.0487027367 0.0494210661 0.65606164 0.0149412526 0.0476970755 0.65606164 0.0428124352 0.0327558229 0.65606164 0.0428124352 0.0327558229 0.65606164 0.0149412526 0.0476970755 0.697437416 0.0132172619 0.0316064958 0.65606164 0.0428124352 0.0327558229 0.697437416 0.0132172619 0.0316064958 0.697437416 0.0379277949 0.0186765657 0.697437416 0.0379277949 0.0186765657 0.697437416 0.0132172619 0.0316064958 0.728900198 0.0119242689 0.0204005564 0.697437416 0.0379277949 0.0186765657 0.728900198 0.0119242689 0.0204005564 0.728900198 0.0343361477 0.00890728517 0.728900198 0.0343361477 0.00890728517 0.728900198 0.0119242689 0.0204005564 0.747720487 0.0114932712 0.0173835727 0.728900198 0.0343361477 0.00890728517 0.747720487 0.0114932712 0.0173835727 0.747720487 0.0333304865 0.00617763327 0.747720487 0.0333304865 0.00617763327 0.747720487 0.0114932712 0.0173835727 0.766397044 0.0103439441 0.00761429217 0.747720487 0.0333304865 0.00617763327 0.766397044 0.0103439441 0.00761429217 0.766397044 0.0297388392 -0.00244232013 0.766397044 0.0297388392 -0.00244232013 0.766397044 0.0103439441 0.00761429217 0.7850736 0.00790162395 -0.0120679348 0.766397044 0.0297388392 -0.00244232013 0.7850736 0.00790162395 -0.0120679348 0.7850736 0.0226992106 -0.0196822269 0.7850736 0.0226992106 -0.0196822269 0.7850736 0.00790162395 -0.0120679348 0.803750157 0 -0.0755682581 -1.36179763 0 -0.0755682581 -1.3490114 -0.00502830615 -0.0304571687 -1.3490114 0.00502830615 -0.0304571687 -1.3490114 0.00502830615 -0.0304571687 -1.3490114 -0.00502830615 -0.0304571687 -1.33622511 -0.00660863094 -0.0165215773 -1.3490114 0.00502830615 -0.0304571687 -1.33622511 -0.00660863094 -0.0165215773 -1.33622511 0.00660863094 -0.0165215773 -1.33622511 0.00660863094 -0.0165215773 -1.33622511 -0.00660863094 -0.0165215773 -1.32358247 -0.00747062628 -0.00948194873 -1.33622511 0.00660863094 -0.0165215773 -1.32358247 -0.00747062628 -0.00948194873 -1.32358247 0.00747062628 -0.00948194873 -1.32358247 0.00747062628 -0.00948194873 -1.32358247 -0.00747062628 -0.00948194873 -1.31079625 -0.00761429217 -0.00732696039 -1.32358247 0.00747062628 -0.00948194873 -1.31079625 -0.00761429217 -0.00732696039 -1.31079625 0.00761429217 -0.00732696039 -1.31079625 0.00761429217 -0.00732696039 -1.31079625 -0.00761429217 -0.00732696039 -1.25950755 -0.00919461695 0.00416631081 -1.31079625 0.00761429217 -0.00732696039 -1.25950755 -0.00919461695 0.00416631081 -1.25950755 0.00919461695 0.00416631081 -1.25950755 0.00919461695 0.00416631081 -1.25950755 -0.00919461695 0.00416631081 -1.19036835 -0.0114932712 0.0206878881 -1.25950755 0.00919461695 0.00416631081 -1.19036835 -0.0114932712 0.0206878881 -1.19036835 0.0114932712 0.0206878881 -1.19036835 0.0114932712 0.0206878881 -1.19036835 -0.0114932712 0.0206878881 -1.10790412 -0.0140792572 0.0399391174 -1.19036835 0.0114932712 0.0206878881 -1.10790412 -0.0140792572 0.0399391174 -1.10790412 0.0140792572 0.0399391174 -1.10790412 0.0140792572 0.0399391174 -1.10790412 -0.0140792572 0.0399391174 -1.01681992 -0.016952575 0.0603396738 -1.10790412 0.0140792572 0.0399391174 -1.01681992 -0.016952575 0.0603396738 -1.01681992 0.016952575 0.0603396738 -1.01681992 0.016952575 0.0603396738 -1.01681992 -0.016952575 0.0603396738 -0.921677172 -0.019538561 0.0797345733 -1.01681992 0.016952575 0.0603396738 -0.921677172 -0.019538561 0.0797345733 -0.921677172 0.019538561 0.0797345733 -0.921677172 0.019538561 0.0797345733 -0.921677172 -0.019538561 0.0797345733 -0.827432348 -0.0218372153 0.0963998165 -0.921677172 0.019538561 0.0797345733 -0.827432348 -0.0218372153 0.0963998165 -0.827432348 0.0218372153 0.0963998165 -0.827432348 0.0218372153 0.0963998165 -0.827432348 -0.0218372153 0.0963998165 -0.736635506 -0.0235612059 0.108755083 -0.827432348 0.0218372153 0.0963998165 -0.736635506 -0.0235612059 0.108755083 -0.736635506 0.0235612059 0.108755083 -0.736635506 0.0235612059 0.108755083 -0.736635506 -0.0235612059 0.108755083 -0.64178012 -0.024854199 0.119099027 -0.736635506 0.0235612059 0.108755083 -0.64178012 -0.024854199 0.119099027 -0.64178012 0.024854199 0.119099027 -0.64178012 0.024854199 0.119099027 -0.64178012 -0.024854199 0.119099027 -0.54308165 -0.026147192 0.128006312 -0.64178012 0.024854199 0.119099027 -0.54308165 -0.026147192 0.128006312 -0.54308165 0.026147192 0.128006312 -0.54308165 0.026147192 0.128006312 -0.54308165 -0.026147192 0.128006312 -0.442802854 -0.0270091873 0.135333268 -0.54308165 0.026147192 0.128006312 -0.442802854 -0.0270091873 0.135333268 -0.442802854 0.0270091873 0.135333268 -0.442802854 0.0270091873 0.135333268 -0.442802854 -0.0270091873 0.135333268 -0.342955061 -0.0277275168 0.140936242 -0.442802854 0.0270091873 0.135333268 -0.342955061 -0.0277275168 0.140936242 -0.342955061 0.0277275168 0.140936242 -0.342955061 0.0277275168 0.140936242 -0.342955061 -0.0277275168 0.140936242 -0.245405917 -0.0281585144 0.145102549 -0.342955061 0.0277275168 0.140936242 -0.245405917 -0.0281585144 0.145102549 -0.245405917 0.0281585144 0.145102549 -0.245405917 0.0281585144 0.145102549 -0.245405917 -0.0281585144 0.145102549 -0.152454091 -0.0284458462 0.147688535 -0.245405917 0.0281585144 0.145102549 -0.152454091 -0.0284458462 0.147688535 -0.152454091 0.0284458462 0.147688535 -0.152454091 0.0284458462 0.147688535 -0.152454091 -0.0284458462 0.147688535 -0.0621959788 -0.0283021803 0.1486942 -0.152454091 0.0284458462 0.147688535 -0.0621959788 -0.0283021803 0.1486942 -0.0621959788 0.0283021803 0.1486942 -0.0621959788 0.0283021803 0.1486942 -0.0621959788 -0.0283021803 0.1486942 0.0273078399 -0.0278711826 0.14840686 -0.0621959788 0.0283021803 0.1486942 0.0273078399 -0.0278711826 0.14840686 0.0273078399 0.0278711826 0.14840686 0.0273078399 0.0278711826 0.14840686 0.0273078399 -0.0278711826 0.14840686 0.114944059 -0.0272965191 0.146539208 0.0273078399 0.0278711826 0.14840686 0.114944059 -0.0272965191 0.146539208 0.114944059 0.0272965191 0.146539208 0.114944059 0.0272965191 0.146539208 0.114944059 -0.0272965191 0.146539208 0.199419585 -0.0264345237 0.142947565 0.114944059 0.0272965191 0.146539208 0.199419585 -0.0264345237 0.142947565 0.199419585 0.0264345237 0.142947565 0.199419585 0.0264345237 0.142947565 0.199419585 -0.0264345237 0.142947565 0.279621076 -0.0254288625 0.137488261 0.199419585 0.0264345237 0.142947565 0.279621076 -0.0254288625 0.137488261 0.279621076 0.0254288625 0.137488261 0.279621076 0.0254288625 0.137488261 0.279621076 -0.0254288625 0.137488261 0.354183642 -0.0242795354 0.129873964 0.279621076 0.0254288625 0.137488261 0.354183642 -0.0242795354 0.129873964 0.354183642 0.0242795354 0.129873964 0.354183642 0.0242795354 0.129873964 0.354183642 -0.0242795354 0.129873964 0.422712284 -0.0228428765 0.119673691 0.354183642 0.0242795354 0.129873964 0.422712284 -0.0228428765 0.119673691 0.422712284 0.0228428765 0.119673691 0.422712284 0.0228428765 0.119673691 0.422712284 -0.0228428765 0.119673691 0.488223965 -0.0211188858 0.104588768 0.422712284 0.0228428765 0.119673691 0.488223965 -0.0211188858 0.104588768 0.488223965 0.0211188858 0.104588768 0.488223965 0.0211188858 0.104588768 0.488223965 -0.0211188858 0.104588768 0.549892561 -0.0191075634 0.086199534 0.488223965 0.0211188858 0.104588768 0.549892561 -0.0191075634 0.086199534 0.549892561 0.0191075634 0.086199534 0.549892561 0.0191075634 0.086199534 0.549892561 -0.0191075634 0.086199534 0.606353216 -0.016952575 0.066517307 0.549892561 0.0191075634 0.086199534 0.606353216 -0.016952575 0.066517307 0.606353216 0.016952575 0.066517307 0.606353216 0.016952575 0.066517307 0.606353216 -0.016952575 0.066517307 0.65606164 -0.0149412526 0.0476970755 0.606353216 0.016952575 0.066517307 0.65606164 -0.0149412526 0.0476970755 0.65606164 0.0149412526 0.0476970755 0.65606164 0.0149412526 0.0476970755 0.65606164 -0.0149412526 0.0476970755 0.697437416 -0.0132172619 0.0316064958 0.65606164 0.0149412526 0.0476970755 0.697437416 -0.0132172619 0.0316064958 0.697437416 0.0132172619 0.0316064958 0.697437416 0.0132172619 0.0316064958 0.697437416 -0.0132172619 0.0316064958 0.728900198 -0.0119242689 0.0204005564 0.697437416 0.0132172619 0.0316064958 0.728900198 -0.0119242689 0.0204005564 0.728900198 0.0119242689 0.0204005564 0.728900198 0.0119242689 0.0204005564 0.728900198 -0.0119242689 0.0204005564 0.747720487 -0.0114932712 0.0173835727 0.728900198 0.0119242689 0.0204005564 0.747720487 -0.0114932712 0.0173835727 0.747720487 0.0114932712 0.0173835727 0.747720487 0.0114932712 0.0173835727 0.747720487 -0.0114932712 0.0173835727 0.766397044 -0.0103439441 0.00761429217 0.747720487 0.0114932712 0.0173835727 0.766397044 -0.0103439441 0.00761429217 0.766397044 0.0103439441 0.00761429217 0.766397044 0.0103439441 0.00761429217 0.766397044 -0.0103439441 0.00761429217 0.7850736 -0.00790162395 -0.0120679348 0.766397044 0.0103439441 0.00761429217 0.7850736 -0.00790162395 -0.0120679348 0.7850736 0.00790162395 -0.0120679348 0.7850736 0.00790162395 -0.0120679348 0.7850736 -0.00790162395 -0.0120679348 0.803750157 0 -0.0755682581 -1.36179763 0 -0.0755682581 -1.3490114 -0.0145102549 -0.0359164725 -1.3490114 -0.00502830615 -0.0304571687 -1.3490114 -0.00502830615 -0.0304571687 -1.3490114 -0.0145102549 -0.0359164725 -1.33622511 -0.0191075634 -0.0235612059 -1.3490114 -0.00502830615 -0.0304571687 -1.33622511 -0.0191075634 -0.0235612059 -1.33622511 -0.00660863094 -0.0165215773 -1.33622511 -0.00660863094 -0.0165215773 -1.33622511 -0.0191075634 -0.0235612059 -1.32358247 -0.0212625517 -0.0175272386 -1.33622511 -0.00660863094 -0.0165215773 -1.32358247 -0.0212625517 -0.0175272386 -1.32358247 -0.00747062628 -0.00948194873 -1.32358247 -0.00747062628 -0.00948194873 -1.32358247 -0.0212625517 -0.0175272386 -1.31079625 -0.0219808812 -0.0155159161 -1.32358247 -0.00747062628 -0.00948194873 -1.31079625 -0.0219808812 -0.0155159161 -1.31079625 -0.00761429217 -0.00732696039 -1.31079625 -0.00761429217 -0.00732696039 -1.31079625 -0.0219808812 -0.0155159161 -1.25950755 -0.0265781896 -0.00545930382 -1.31079625 -0.00761429217 -0.00732696039 -1.25950755 -0.0265781896 -0.00545930382 -1.25950755 -0.00919461695 0.00416631081 -1.25950755 -0.00919461695 0.00416631081 -1.25950755 -0.0265781896 -0.00545930382 -1.19036835 -0.0330431547 0.00905095106 -1.25950755 -0.00919461695 0.00416631081 -1.19036835 -0.0330431547 0.00905095106 -1.19036835 -0.0114932712 0.0206878881 -1.19036835 -0.0114932712 0.0206878881 -1.19036835 -0.0330431547 0.00905095106 -1.10790412 -0.0406574468 0.0260035261 -1.19036835 -0.0114932712 0.0206878881 -1.10790412 -0.0406574468 0.0260035261 -1.10790412 -0.0140792572 0.0399391174 -1.10790412 -0.0140792572 0.0399391174 -1.10790412 -0.0406574468 0.0260035261 -1.01681992 -0.0487027367 0.0439617623 -1.10790412 -0.0140792572 0.0399391174 -1.01681992 -0.0487027367 0.0439617623 -1.01681992 -0.016952575 0.0603396738 -1.01681992 -0.016952575 0.0603396738 -1.01681992 -0.0487027367 0.0439617623 -0.921677172 -0.0564606947 0.0610580032 -1.01681992 -0.016952575 0.0603396738 -0.921677172 -0.0564606947 0.0610580032 -0.921677172 -0.019538561 0.0797345733 -0.921677172 -0.019538561 0.0797345733 -0.921677172 -0.0564606947 0.0610580032 -0.827432348 -0.0629256598 0.0755682581 -0.921677172 -0.019538561 0.0797345733 -0.827432348 -0.0629256598 0.0755682581 -0.827432348 -0.0218372153 0.0963998165 -0.827432348 -0.0218372153 0.0963998165 -0.827432348 -0.0629256598 0.0755682581 -0.736635506 -0.0676666342 0.0864868657 -0.827432348 -0.0218372153 0.0963998165 -0.736635506 -0.0676666342 0.0864868657 -0.736635506 -0.0235612059 0.108755083 -0.736635506 -0.0235612059 0.108755083 -0.736635506 -0.0676666342 0.0864868657 -0.64178012 -0.0716892791 0.0956814827 -0.736635506 -0.0235612059 0.108755083 -0.64178012 -0.0716892791 0.0956814827 -0.64178012 -0.024854199 0.119099027 -0.64178012 -0.024854199 0.119099027 -0.64178012 -0.0716892791 0.0956814827 -0.54308165 -0.0751372648 0.103439441 -0.64178012 -0.024854199 0.119099027 -0.54308165 -0.0751372648 0.103439441 -0.54308165 -0.026147192 0.128006312 -0.54308165 -0.026147192 0.128006312 -0.54308165 -0.0751372648 0.103439441 -0.442802854 -0.0778669123 0.10990441 -0.54308165 -0.026147192 0.128006312 -0.442802854 -0.0778669123 0.10990441 -0.442802854 -0.0270091873 0.135333268 -0.442802854 -0.0270091873 0.135333268 -0.442802854 -0.0778669123 0.10990441 -0.342955061 -0.0798782348 0.114932712 -0.442802854 -0.0270091873 0.135333268 -0.342955061 -0.0798782348 0.114932712 -0.342955061 -0.0277275168 0.140936242 -0.342955061 -0.0277275168 0.140936242 -0.342955061 -0.0798782348 0.114932712 -0.245405917 -0.0813148937 0.118524364 -0.342955061 -0.0277275168 0.140936242 -0.245405917 -0.0813148937 0.118524364 -0.245405917 -0.0281585144 0.145102549 -0.245405917 -0.0281585144 0.145102549 -0.245405917 -0.0813148937 0.118524364 -0.152454091 -0.0818895573 0.120679348 -0.245405917 -0.0281585144 0.145102549 -0.152454091 -0.0818895573 0.120679348 -0.152454091 -0.0284458462 0.147688535 -0.152454091 -0.0284458462 0.147688535 -0.152454091 -0.0818895573 0.120679348 -0.0621959788 -0.0816022255 0.121685013 -0.152454091 -0.0284458462 0.147688535 -0.0621959788 -0.0816022255 0.121685013 -0.0621959788 -0.0283021803 0.1486942 -0.0621959788 -0.0283021803 0.1486942 -0.0621959788 -0.0816022255 0.121685013 0.0273078399 -0.0804528984 0.121397681 -0.0621959788 -0.0283021803 0.1486942 0.0273078399 -0.0804528984 0.121397681 0.0273078399 -0.0278711826 0.14840686 0.0273078399 -0.0278711826 0.14840686 0.0273078399 -0.0804528984 0.121397681 0.114944059 -0.0785852462 0.119817352 0.0273078399 -0.0278711826 0.14840686 0.114944059 -0.0785852462 0.119817352 0.114944059 -0.0272965191 0.146539208 0.114944059 -0.0272965191 0.146539208 0.114944059 -0.0785852462 0.119817352 0.199419585 -0.0761429217 0.116656703 0.114944059 -0.0272965191 0.146539208 0.199419585 -0.0761429217 0.116656703 0.199419585 -0.0264345237 0.142947565 0.199419585 -0.0264345237 0.142947565 0.199419585 -0.0761429217 0.116656703 0.279621076 -0.073125938 0.111772062 0.199419585 -0.0264345237 0.142947565 0.279621076 -0.073125938 0.111772062 0.279621076 -0.0254288625 0.137488261 0.279621076 -0.0254288625 0.137488261 0.279621076 -0.073125938 0.111772062 0.354183642 -0.0696779566 0.105163431 0.279621076 -0.0254288625 0.137488261 0.354183642 -0.0696779566 0.105163431 0.354183642 -0.0242795354 0.129873964 0.354183642 -0.0242795354 0.129873964 0.354183642 -0.0696779566 0.105163431 0.422712284 -0.0659426435 0.0961124847 0.354183642 -0.0242795354 0.129873964 0.422712284 -0.0659426435 0.0961124847 0.422712284 -0.0228428765 0.119673691 0.422712284 -0.0228428765 0.119673691 0.422712284 -0.0659426435 0.0961124847 0.488223965 -0.0607706714 0.0828952229 0.422712284 -0.0228428765 0.119673691 0.488223965 -0.0607706714 0.0828952229 0.488223965 -0.0211188858 0.104588768 0.488223965 -0.0211188858 0.104588768 0.488223965 -0.0607706714 0.0828952229 0.549892561 -0.0548803699 0.0666609729 0.488223965 -0.0211188858 0.104588768 0.549892561 -0.0548803699 0.0666609729 0.549892561 -0.0191075634 0.086199534 0.549892561 -0.0191075634 0.086199534 0.549892561 -0.0548803699 0.0666609729 0.606353216 -0.0487027367 0.0494210661 0.549892561 -0.0191075634 0.086199534 0.606353216 -0.0487027367 0.0494210661 0.606353216 -0.016952575 0.066517307 0.606353216 -0.016952575 0.066517307 0.606353216 -0.0487027367 0.0494210661 0.65606164 -0.0428124352 0.0327558229 0.606353216 -0.016952575 0.066517307 0.65606164 -0.0428124352 0.0327558229 0.65606164 -0.0149412526 0.0476970755 0.65606164 -0.0149412526 0.0476970755 0.65606164 -0.0428124352 0.0327558229 0.697437416 -0.0379277949 0.0186765657 0.65606164 -0.0149412526 0.0476970755 0.697437416 -0.0379277949 0.0186765657 0.697437416 -0.0132172619 0.0316064958 0.697437416 -0.0132172619 0.0316064958 0.697437416 -0.0379277949 0.0186765657 0.728900198 -0.0343361477 0.00890728517 0.697437416 -0.0132172619 0.0316064958 0.728900198 -0.0343361477 0.00890728517 0.728900198 -0.0119242689 0.0204005564 0.728900198 -0.0119242689 0.0204005564 0.728900198 -0.0343361477 0.00890728517 0.747720487 -0.0333304865 0.00617763327 0.728900198 -0.0119242689 0.0204005564 0.747720487 -0.0333304865 0.00617763327 0.747720487 -0.0114932712 0.0173835727 0.747720487 -0.0114932712 0.0173835727 0.747720487 -0.0333304865 0.00617763327 0.766397044 -0.0297388392 -0.00244232013 0.747720487 -0.0114932712 0.0173835727 0.766397044 -0.0297388392 -0.00244232013 0.766397044 -0.0103439441 0.00761429217 0.766397044 -0.0103439441 0.00761429217 0.766397044 -0.0297388392 -0.00244232013 0.7850736 -0.0226992106 -0.0196822269 0.766397044 -0.0103439441 0.00761429217 0.7850736 -0.0226992106 -0.0196822269 0.7850736 -0.00790162395 -0.0120679348 0.7850736 -0.00790162395 -0.0120679348 0.7850736 -0.0226992106 -0.0196822269 0.803750157 0 -0.0755682581 -1.36179763 0 -0.0755682581 -1.3490114 -0.0222682129 -0.0461167507 -1.3490114 -0.0145102549 -0.0359164725 -1.3490114 -0.0145102549 -0.0359164725 -1.3490114 -0.0222682129 -0.0461167507 -1.33622511 -0.0291641757 -0.0369221337 -1.3490114 -0.0145102549 -0.0359164725 -1.33622511 -0.0291641757 -0.0369221337 -1.33622511 -0.0191075634 -0.0235612059 -1.33622511 -0.0191075634 -0.0235612059 -1.33622511 -0.0291641757 -0.0369221337 -1.32358247 -0.032612157 -0.0324684911 -1.33622511 -0.0191075634 -0.0235612059 -1.32358247 -0.032612157 -0.0324684911 -1.32358247 -0.0212625517 -0.0175272386 -1.32358247 -0.0212625517 -0.0175272386 -1.32358247 -0.032612157 -0.0324684911 -1.31079625 -0.0337614841 -0.0310318322 -1.32358247 -0.0212625517 -0.0175272386 -1.31079625 -0.0337614841 -0.0310318322 -1.31079625 -0.0219808812 -0.0155159161 -1.31079625 -0.0219808812 -0.0155159161 -1.31079625 -0.0337614841 -0.0310318322 -1.25950755 -0.0408011127 -0.0234175401 -1.31079625 -0.0219808812 -0.0155159161 -1.25950755 -0.0408011127 -0.0234175401 -1.25950755 -0.0265781896 -0.00545930382 -1.25950755 -0.0265781896 -0.00545930382 -1.25950755 -0.0408011127 -0.0234175401 -1.19036835 -0.0507140591 -0.0127862642 -1.25950755 -0.0265781896 -0.00545930382 -1.19036835 -0.0507140591 -0.0127862642 -1.19036835 -0.0330431547 0.00905095106 -1.19036835 -0.0330431547 0.00905095106 -1.19036835 -0.0507140591 -0.0127862642 -1.10790412 -0.0623509962 -0.00014366589 -1.19036835 -0.0330431547 0.00905095106 -1.10790412 -0.0623509962 -0.00014366589 -1.10790412 -0.0406574468 0.0260035261 -1.10790412 -0.0406574468 0.0260035261 -1.10790412 -0.0623509962 -0.00014366589 -1.01681992 -0.0747062628 0.013073596 -1.10790412 -0.0406574468 0.0260035261 -1.01681992 -0.0747062628 0.013073596 -1.01681992 -0.0487027367 0.0439617623 -1.01681992 -0.0487027367 0.0439617623 -1.01681992 -0.0747062628 0.013073596 -0.921677172 -0.0863432042 0.0258598602 -1.01681992 -0.0487027367 0.0439617623 -0.921677172 -0.0863432042 0.0258598602 -0.921677172 -0.0564606947 0.0610580032 -0.921677172 -0.0564606947 0.0610580032 -0.921677172 -0.0863432042 0.0258598602 -0.827432348 -0.0963998165 0.0366348019 -0.921677172 -0.0564606947 0.0610580032 -0.827432348 -0.0963998165 0.0366348019 -0.827432348 -0.0629256598 0.0755682581 -0.827432348 -0.0629256598 0.0755682581 -0.827432348 -0.0963998165 0.0366348019 -0.736635506 -0.103726773 0.0448237577 -0.827432348 -0.0629256598 0.0755682581 -0.736635506 -0.103726773 0.0448237577 -0.736635506 -0.0676666342 0.0864868657 -0.736635506 -0.0676666342 0.0864868657 -0.736635506 -0.103726773 0.0448237577 -0.64178012 -0.10990441 0.0515760545 -0.736635506 -0.0676666342 0.0864868657 -0.64178012 -0.10990441 0.0515760545 -0.64178012 -0.0716892791 0.0956814827 -0.64178012 -0.0716892791 0.0956814827 -0.64178012 -0.10990441 0.0515760545 -0.54308165 -0.115076382 0.0573226901 -0.64178012 -0.0716892791 0.0956814827 -0.54308165 -0.115076382 0.0573226901 -0.54308165 -0.0751372648 0.103439441 -0.54308165 -0.0751372648 0.103439441 -0.54308165 -0.115076382 0.0573226901 -0.442802854 -0.119242689 0.0620636644 -0.54308165 -0.0751372648 0.103439441 -0.442802854 -0.119242689 0.0620636644 -0.442802854 -0.0778669123 0.10990441 -0.442802854 -0.0778669123 0.10990441 -0.442802854 -0.119242689 0.0620636644 -0.342955061 -0.122403338 0.0657989776 -0.442802854 -0.0778669123 0.10990441 -0.342955061 -0.122403338 0.0657989776 -0.342955061 -0.0798782348 0.114932712 -0.342955061 -0.0798782348 0.114932712 -0.342955061 -0.122403338 0.0657989776 -0.245405917 -0.124558331 0.0685286295 -0.342955061 -0.0798782348 0.114932712 -0.245405917 -0.124558331 0.0685286295 -0.245405917 -0.0813148937 0.118524364 -0.245405917 -0.0813148937 0.118524364 -0.245405917 -0.124558331 0.0685286295 -0.152454091 -0.125420326 0.0701089543 -0.245405917 -0.0813148937 0.118524364 -0.152454091 -0.125420326 0.0701089543 -0.152454091 -0.0818895573 0.120679348 -0.152454091 -0.0818895573 0.120679348 -0.152454091 -0.125420326 0.0701089543 -0.0621959788 -0.124989324 0.0708272837 -0.152454091 -0.0818895573 0.120679348 -0.0621959788 -0.124989324 0.0708272837 -0.0621959788 -0.0816022255 0.121685013 -0.0621959788 -0.0816022255 0.121685013 -0.0621959788 -0.124989324 0.0708272837 0.0273078399 -0.123265334 0.0706836178 -0.0621959788 -0.0816022255 0.121685013 0.0273078399 -0.123265334 0.0706836178 0.0273078399 -0.0804528984 0.121397681 0.0273078399 -0.0804528984 0.121397681 0.0273078399 -0.123265334 0.0706836178 0.114944059 -0.120392016 0.0693906248 0.0273078399 -0.0804528984 0.121397681 0.114944059 -0.120392016 0.0693906248 0.114944059 -0.0785852462 0.119817352 0.114944059 -0.0785852462 0.119817352 0.114944059 -0.120392016 0.0693906248 0.199419585 -0.116513041 0.0670919706 0.114944059 -0.0785852462 0.119817352 0.199419585 -0.116513041 0.0670919706 0.199419585 -0.0761429217 0.116656703 0.199419585 -0.0761429217 0.116656703 0.199419585 -0.116513041 0.0670919706 0.279621076 -0.111915733 0.0635003233 0.199419585 -0.0761429217 0.116656703 0.279621076 -0.111915733 0.0635003233 0.279621076 -0.073125938 0.111772062 0.279621076 -0.073125938 0.111772062 0.279621076 -0.111915733 0.0635003233 0.354183642 -0.106743761 0.0586156831 0.279621076 -0.073125938 0.111772062 0.354183642 -0.106743761 0.0586156831 0.354183642 -0.0696779566 0.105163431 0.354183642 -0.0696779566 0.105163431 0.354183642 -0.106743761 0.0586156831 0.422712284 -0.100997125 0.0518633863 0.354183642 -0.0696779566 0.105163431 0.422712284 -0.100997125 0.0518633863 0.422712284 -0.0659426435 0.0961124847 0.422712284 -0.0659426435 0.0961124847 0.422712284 -0.100997125 0.0518633863 0.488223965 -0.0932391669 0.0420941057 0.422712284 -0.0659426435 0.0961124847 0.488223965 -0.0932391669 0.0420941057 0.488223965 -0.0607706714 0.0828952229 0.488223965 -0.0607706714 0.0828952229 0.488223965 -0.0932391669 0.0420941057 0.549892561 -0.0841882115 0.030026171 0.488223965 -0.0607706714 0.0828952229 0.549892561 -0.0841882115 0.030026171 0.549892561 -0.0548803699 0.0666609729 0.549892561 -0.0548803699 0.0666609729 0.549892561 -0.0841882115 0.030026171 0.606353216 -0.0747062628 0.0172399068 0.549892561 -0.0548803699 0.0666609729 0.606353216 -0.0747062628 0.0172399068 0.606353216 -0.0487027367 0.0494210661 0.606353216 -0.0487027367 0.0494210661 0.606353216 -0.0747062628 0.0172399068 0.65606164 -0.0656553117 0.00488464026 0.606353216 -0.0487027367 0.0494210661 0.65606164 -0.0656553117 0.00488464026 0.65606164 -0.0428124352 0.0327558229 0.65606164 -0.0428124352 0.0327558229 0.65606164 -0.0656553117 0.00488464026 0.697437416 -0.0580410195 -0.00560296971 0.65606164 -0.0428124352 0.0327558229 0.697437416 -0.0580410195 -0.00560296971 0.697437416 -0.0379277949 0.0186765657 0.697437416 -0.0379277949 0.0186765657 0.697437416 -0.0580410195 -0.00560296971 0.728900198 -0.0527253816 -0.0129299301 0.697437416 -0.0379277949 0.0186765657 0.728900198 -0.0527253816 -0.0129299301 0.728900198 -0.0343361477 0.00890728517 0.728900198 -0.0343361477 0.00890728517 0.728900198 -0.0527253816 -0.0129299301 0.747720487 -0.0510013909 -0.0149412526 0.728900198 -0.0343361477 0.00890728517 0.747720487 -0.0510013909 -0.0149412526 0.747720487 -0.0333304865 0.00617763327 0.747720487 -0.0333304865 0.00617763327 0.747720487 -0.0510013909 -0.0149412526 0.766397044 -0.0455420871 -0.0212625517 0.747720487 -0.0333304865 0.00617763327 0.766397044 -0.0455420871 -0.0212625517 0.766397044 -0.0297388392 -0.00244232013 0.766397044 -0.0297388392 -0.00244232013 0.766397044 -0.0455420871 -0.0212625517 0.7850736 -0.0347671454 -0.0340488159 0.766397044 -0.0297388392 -0.00244232013 0.7850736 -0.0347671454 -0.0340488159 0.7850736 -0.0226992106 -0.0196822269 0.7850736 -0.0226992106 -0.0196822269 0.7850736 -0.0347671454 -0.0340488159 0.803750157 0 -0.0755682581 -1.36179763 0 -0.0755682581 -1.3490114 -0.027440185 -0.0599086761 -1.3490114 -0.0222682129 -0.0461167507 -1.3490114 -0.0222682129 -0.0461167507 -1.3490114 -0.027440185 -0.0599086761 -1.33622511 -0.0359164725 -0.0550240358 -1.3490114 -0.0222682129 -0.0461167507 -1.33622511 -0.0359164725 -0.0550240358 -1.33622511 -0.0291641757 -0.0369221337 -1.33622511 -0.0291641757 -0.0369221337 -1.33622511 -0.0359164725 -0.0550240358 -1.32358247 -0.0400827833 -0.0525817157 -1.33622511 -0.0291641757 -0.0369221337 -1.32358247 -0.0400827833 -0.0525817157 -1.32358247 -0.032612157 -0.0324684911 -1.32358247 -0.032612157 -0.0324684911 -1.32358247 -0.0400827833 -0.0525817157 -1.31079625 -0.0413757763 -0.0518633863 -1.32358247 -0.032612157 -0.0324684911 -1.31079625 -0.0413757763 -0.0518633863 -1.31079625 -0.0337614841 -0.0310318322 -1.31079625 -0.0337614841 -0.0310318322 -1.31079625 -0.0413757763 -0.0518633863 -1.25950755 -0.0499957297 -0.0478407413 -1.31079625 -0.0337614841 -0.0310318322 -1.25950755 -0.0499957297 -0.0478407413 -1.25950755 -0.0408011127 -0.0234175401 -1.25950755 -0.0408011127 -0.0234175401 -1.25950755 -0.0499957297 -0.0478407413 -1.19036835 -0.0622073303 -0.0420941057 -1.25950755 -0.0408011127 -0.0234175401 -1.19036835 -0.0622073303 -0.0420941057 -1.19036835 -0.0507140591 -0.0127862642 -1.19036835 -0.0507140591 -0.0127862642 -1.19036835 -0.0622073303 -0.0420941057 -1.10790412 -0.0765739237 -0.0354854748 -1.19036835 -0.0507140591 -0.0127862642 -1.10790412 -0.0765739237 -0.0354854748 -1.10790412 -0.0623509962 -0.00014366589 -1.10790412 -0.0623509962 -0.00014366589 -1.10790412 -0.0765739237 -0.0354854748 -1.01681992 -0.0916588378 -0.0283021803 -1.10790412 -0.0623509962 -0.00014366589 -1.01681992 -0.0916588378 -0.0283021803 -1.01681992 -0.0747062628 0.013073596 -1.01681992 -0.0747062628 0.013073596 -1.01681992 -0.0916588378 -0.0283021803 -0.921677172 -0.106025427 -0.0215498835 -1.01681992 -0.0747062628 0.013073596 -0.921677172 -0.106025427 -0.0215498835 -0.921677172 -0.0863432042 0.0258598602 -0.921677172 -0.0863432042 0.0258598602 -0.921677172 -0.106025427 -0.0215498835 -0.827432348 -0.118237032 -0.0158032479 -0.921677172 -0.0863432042 0.0258598602 -0.827432348 -0.118237032 -0.0158032479 -0.827432348 -0.0963998165 0.0366348019 -0.827432348 -0.0963998165 0.0366348019 -0.827432348 -0.118237032 -0.0158032479 -0.736635506 -0.127287978 -0.0114932712 -0.827432348 -0.0963998165 0.0366348019 -0.736635506 -0.127287978 -0.0114932712 -0.736635506 -0.103726773 0.0448237577 -0.736635506 -0.103726773 0.0448237577 -0.736635506 -0.127287978 -0.0114932712 -0.64178012 -0.134758605 -0.00790162395 -0.736635506 -0.103726773 0.0448237577 -0.64178012 -0.134758605 -0.00790162395 -0.64178012 -0.10990441 0.0515760545 -0.64178012 -0.10990441 0.0515760545 -0.64178012 -0.134758605 -0.00790162395 -0.54308165 -0.141223574 -0.00488464026 -0.64178012 -0.10990441 0.0515760545 -0.54308165 -0.141223574 -0.00488464026 -0.54308165 -0.115076382 0.0573226901 -0.54308165 -0.115076382 0.0573226901 -0.54308165 -0.141223574 -0.00488464026 -0.442802854 -0.146395546 -0.00229865424 -0.54308165 -0.115076382 0.0573226901 -0.442802854 -0.146395546 -0.00229865424 -0.442802854 -0.119242689 0.0620636644 -0.442802854 -0.119242689 0.0620636644 -0.442802854 -0.146395546 -0.00229865424 -0.342955061 -0.150130851 -0.00028733178 -0.442802854 -0.119242689 0.0620636644 -0.342955061 -0.150130851 -0.00028733178 -0.342955061 -0.122403338 0.0657989776 -0.342955061 -0.122403338 0.0657989776 -0.342955061 -0.150130851 -0.00028733178 -0.245405917 -0.152716845 0.00114932712 -0.342955061 -0.122403338 0.0657989776 -0.245405917 -0.152716845 0.00114932712 -0.245405917 -0.124558331 0.0685286295 -0.245405917 -0.124558331 0.0685286295 -0.245405917 -0.152716845 0.00114932712 -0.152454091 -0.153866172 0.00201132246 -0.245405917 -0.124558331 0.0685286295 -0.152454091 -0.153866172 0.00201132246 -0.152454091 -0.125420326 0.0701089543 -0.152454091 -0.125420326 0.0701089543 -0.152454091 -0.153866172 0.00201132246 -0.0621959788 -0.153291509 0.00229865424 -0.152454091 -0.125420326 0.0701089543 -0.0621959788 -0.153291509 0.00229865424 -0.0621959788 -0.124989324 0.0708272837 -0.0621959788 -0.124989324 0.0708272837 -0.0621959788 -0.153291509 0.00229865424 0.0273078399 -0.151136516 0.00229865424 -0.0621959788 -0.124989324 0.0708272837 0.0273078399 -0.151136516 0.00229865424 0.0273078399 -0.123265334 0.0706836178 0.0273078399 -0.123265334 0.0706836178 0.0273078399 -0.151136516 0.00229865424 0.114944059 -0.147688535 0.00158032479 0.0273078399 -0.123265334 0.0706836178 0.114944059 -0.147688535 0.00158032479 0.114944059 -0.120392016 0.0693906248 0.114944059 -0.120392016 0.0693906248 0.114944059 -0.147688535 0.00158032479 0.199419585 -0.142947565 0.00028733178 0.114944059 -0.120392016 0.0693906248 0.199419585 -0.142947565 0.00028733178 0.199419585 -0.116513041 0.0670919706 0.199419585 -0.116513041 0.0670919706 0.199419585 -0.142947565 0.00028733178 0.279621076 -0.137344591 -0.00158032479 0.199419585 -0.116513041 0.0670919706 0.279621076 -0.137344591 -0.00158032479 0.279621076 -0.111915733 0.0635003233 0.279621076 -0.111915733 0.0635003233 0.279621076 -0.137344591 -0.00158032479 0.354183642 -0.131023292 -0.00416631081 0.279621076 -0.111915733 0.0635003233 0.354183642 -0.131023292 -0.00416631081 0.354183642 -0.106743761 0.0586156831 0.354183642 -0.106743761 0.0586156831 0.354183642 -0.131023292 -0.00416631081 0.422712284 -0.123839997 -0.00775795806 0.354183642 -0.106743761 0.0586156831 0.422712284 -0.123839997 -0.00775795806 0.422712284 -0.100997125 0.0518633863 0.422712284 -0.100997125 0.0518633863 0.422712284 -0.123839997 -0.00775795806 0.488223965 -0.114358048 -0.0129299301 0.422712284 -0.100997125 0.0518633863 0.488223965 -0.114358048 -0.0129299301 0.488223965 -0.0932391669 0.0420941057 0.488223965 -0.0932391669 0.0420941057 0.488223965 -0.114358048 -0.0129299301 0.549892561 -0.103152109 -0.0193948951 0.488223965 -0.0932391669 0.0420941057 0.549892561 -0.103152109 -0.0193948951 0.549892561 -0.0841882115 0.030026171 0.549892561 -0.0841882115 0.030026171 0.549892561 -0.103152109 -0.0193948951 0.606353216 -0.0916588378 -0.026147192 0.549892561 -0.0841882115 0.030026171 0.606353216 -0.0916588378 -0.026147192 0.606353216 -0.0747062628 0.0172399068 0.606353216 -0.0747062628 0.0172399068 0.606353216 -0.0916588378 -0.026147192 0.65606164 -0.0805965686 -0.0327558229 0.606353216 -0.0747062628 0.0172399068 0.65606164 -0.0805965686 -0.0327558229 0.65606164 -0.0656553117 0.00488464026 0.65606164 -0.0656553117 0.00488464026 0.65606164 -0.0805965686 -0.0327558229 0.697437416 -0.0712582814 -0.0383587926 0.65606164 -0.0656553117 0.00488464026 0.697437416 -0.0712582814 -0.0383587926 0.697437416 -0.0580410195 -0.00560296971 0.697437416 -0.0580410195 -0.00560296971 0.697437416 -0.0712582814 -0.0383587926 0.728900198 -0.0646496505 -0.0422377716 0.697437416 -0.0580410195 -0.00560296971 0.728900198 -0.0646496505 -0.0422377716 0.728900198 -0.0527253816 -0.0129299301 0.728900198 -0.0527253816 -0.0129299301 0.728900198 -0.0646496505 -0.0422377716 0.747720487 -0.0624946621 -0.0432434329 0.728900198 -0.0527253816 -0.0129299301 0.747720487 -0.0624946621 -0.0432434329 0.747720487 -0.0510013909 -0.0149412526 0.747720487 -0.0510013909 -0.0149412526 0.747720487 -0.0624946621 -0.0432434329 0.766397044 -0.0558860312 -0.0466914142 0.747720487 -0.0510013909 -0.0149412526 0.766397044 -0.0558860312 -0.0466914142 0.766397044 -0.0455420871 -0.0212625517 0.766397044 -0.0455420871 -0.0212625517 0.766397044 -0.0558860312 -0.0466914142 0.7850736 -0.0426687693 -0.053443711 0.766397044 -0.0455420871 -0.0212625517 0.7850736 -0.0426687693 -0.053443711 0.7850736 -0.0347671454 -0.0340488159 0.7850736 -0.0347671454 -0.0340488159 0.7850736 -0.0426687693 -0.053443711 0.803750157 0 -0.0755682581 -1.36179763 0 -0.0755682581 -1.3490114 -0.0291641757 -0.0755682581 -1.3490114 -0.027440185 -0.0599086761 -1.3490114 -0.027440185 -0.0599086761 -1.3490114 -0.0291641757 -0.0755682581 -1.33622511 -0.0382151267 -0.0755682581 -1.3490114 -0.027440185 -0.0599086761 -1.33622511 -0.0382151267 -0.0755682581 -1.33622511 -0.0359164725 -0.0550240358 -1.33622511 -0.0359164725 -0.0550240358 -1.33622511 -0.0382151267 -0.0755682581 -1.32358247 -0.0426687693 -0.0755682581 -1.33622511 -0.0359164725 -0.0550240358 -1.32358247 -0.0426687693 -0.0755682581 -1.32358247 -0.0400827833 -0.0525817157 -1.32358247 -0.0400827833 -0.0525817157 -1.32358247 -0.0426687693 -0.0755682581 -1.31079625 -0.0441054282 -0.0755682581 -1.32358247 -0.0400827833 -0.0525817157 -1.31079625 -0.0441054282 -0.0755682581 -1.31079625 -0.0413757763 -0.0518633863 -1.31079625 -0.0413757763 -0.0518633863 -1.31079625 -0.0441054282 -0.0755682581 -1.25950755 -0.0531563793 -0.0755682581 -1.31079625 -0.0413757763 -0.0518633863 -1.25950755 -0.0531563793 -0.0755682581 -1.25950755 -0.0499957297 -0.0478407413 -1.25950755 -0.0499957297 -0.0478407413 -1.25950755 -0.0531563793 -0.0755682581 -1.19036835 -0.0662299753 -0.0755682581 -1.25950755 -0.0499957297 -0.0478407413 -1.19036835 -0.0662299753 -0.0755682581 -1.19036835 -0.0622073303 -0.0420941057 -1.19036835 -0.0622073303 -0.0420941057 -1.19036835 -0.0662299753 -0.0755682581 -1.10790412 -0.081458564 -0.0755682581 -1.19036835 -0.0622073303 -0.0420941057 -1.10790412 -0.081458564 -0.0755682581 -1.10790412 -0.0765739237 -0.0354854748 -1.10790412 -0.0765739237 -0.0354854748 -1.10790412 -0.081458564 -0.0755682581 -1.01681992 -0.0975491436 -0.0755682581 -1.10790412 -0.0765739237 -0.0354854748 -1.01681992 -0.0975491436 -0.0755682581 -1.01681992 -0.0916588378 -0.0283021803 -1.01681992 -0.0916588378 -0.0283021803 -1.01681992 -0.0975491436 -0.0755682581 -0.921677172 -0.112777728 -0.0755682581 -1.01681992 -0.0916588378 -0.0283021803 -0.921677172 -0.112777728 -0.0755682581 -0.921677172 -0.106025427 -0.0215498835 -0.921677172 -0.106025427 -0.0215498835 -0.921677172 -0.112777728 -0.0755682581 -0.827432348 -0.12585132 -0.0755682581 -0.921677172 -0.106025427 -0.0215498835 -0.827432348 -0.12585132 -0.0755682581 -0.827432348 -0.118237032 -0.0158032479 -0.827432348 -0.118237032 -0.0158032479 -0.827432348 -0.12585132 -0.0755682581 -0.736635506 -0.135333268 -0.0755682581 -0.827432348 -0.118237032 -0.0158032479 -0.736635506 -0.135333268 -0.0755682581 -0.736635506 -0.127287978 -0.0114932712 -0.736635506 -0.127287978 -0.0114932712 -0.736635506 -0.135333268 -0.0755682581 -0.64178012 -0.143378558 -0.0755682581 -0.736635506 -0.127287978 -0.0114932712 -0.64178012 -0.143378558 -0.0755682581 -0.64178012 -0.134758605 -0.00790162395 -0.64178012 -0.134758605 -0.00790162395 -0.64178012 -0.143378558 -0.0755682581 -0.54308165 -0.15027453 -0.0755682581 -0.64178012 -0.134758605 -0.00790162395 -0.54308165 -0.15027453 -0.0755682581 -0.54308165 -0.141223574 -0.00488464026 -0.54308165 -0.141223574 -0.00488464026 -0.54308165 -0.15027453 -0.0755682581 -0.442802854 -0.155733825 -0.0755682581 -0.54308165 -0.141223574 -0.00488464026 -0.442802854 -0.155733825 -0.0755682581 -0.442802854 -0.146395546 -0.00229865424 -0.442802854 -0.146395546 -0.00229865424 -0.442802854 -0.155733825 -0.0755682581 -0.342955061 -0.159900131 -0.0755682581 -0.442802854 -0.146395546 -0.00229865424 -0.342955061 -0.159900131 -0.0755682581 -0.342955061 -0.150130851 -0.00028733178 -0.342955061 -0.150130851 -0.00028733178 -0.342955061 -0.159900131 -0.0755682581 -0.245405917 -0.162486126 -0.0755682581 -0.342955061 -0.150130851 -0.00028733178 -0.245405917 -0.162486126 -0.0755682581 -0.245405917 -0.152716845 0.00114932712 -0.245405917 -0.152716845 0.00114932712 -0.245405917 -0.162486126 -0.0755682581 -0.152454091 -0.163635453 -0.0755682581 -0.245405917 -0.152716845 0.00114932712 -0.152454091 -0.163635453 -0.0755682581 -0.152454091 -0.153866172 0.00201132246 -0.152454091 -0.153866172 0.00201132246 -0.152454091 -0.163635453 -0.0755682581 -0.0621959788 -0.163060789 -0.0755682581 -0.152454091 -0.153866172 0.00201132246 -0.0621959788 -0.163060789 -0.0755682581 -0.0621959788 -0.153291509 0.00229865424 -0.0621959788 -0.153291509 0.00229865424 -0.0621959788 -0.163060789 -0.0755682581 0.0273078399 -0.160905797 -0.0755682581 -0.0621959788 -0.153291509 0.00229865424 0.0273078399 -0.160905797 -0.0755682581 0.0273078399 -0.151136516 0.00229865424 0.0273078399 -0.151136516 0.00229865424 0.0273078399 -0.160905797 -0.0755682581 0.114944059 -0.157170492 -0.0755682581 0.0273078399 -0.151136516 0.00229865424 0.114944059 -0.157170492 -0.0755682581 0.114944059 -0.147688535 0.00158032479 0.114944059 -0.147688535 0.00158032479 0.114944059 -0.157170492 -0.0755682581 0.199419585 -0.152142182 -0.0755682581 0.114944059 -0.147688535 0.00158032479 0.199419585 -0.152142182 -0.0755682581 0.199419585 -0.142947565 0.00028733178 0.199419585 -0.142947565 0.00028733178 0.199419585 -0.152142182 -0.0755682581 0.279621076 -0.146251876 -0.0755682581 0.199419585 -0.142947565 0.00028733178 0.279621076 -0.146251876 -0.0755682581 0.279621076 -0.137344591 -0.00158032479 0.279621076 -0.137344591 -0.00158032479 0.279621076 -0.146251876 -0.0755682581 0.354183642 -0.139499583 -0.0755682581 0.279621076 -0.137344591 -0.00158032479 0.354183642 -0.139499583 -0.0755682581 0.354183642 -0.131023292 -0.00416631081 0.354183642 -0.131023292 -0.00416631081 0.354183642 -0.139499583 -0.0755682581 0.422712284 -0.131741625 -0.0755682581 0.354183642 -0.131023292 -0.00416631081 0.422712284 -0.131741625 -0.0755682581 0.422712284 -0.123839997 -0.00775795806 0.422712284 -0.123839997 -0.00775795806 0.422712284 -0.131741625 -0.0755682581 0.488223965 -0.121685013 -0.0755682581 0.422712284 -0.123839997 -0.00775795806 0.488223965 -0.121685013 -0.0755682581 0.488223965 -0.114358048 -0.0129299301 0.488223965 -0.114358048 -0.0129299301 0.488223965 -0.121685013 -0.0755682581 0.549892561 -0.10990441 -0.0755682581 0.488223965 -0.114358048 -0.0129299301 0.549892561 -0.10990441 -0.0755682581 0.549892561 -0.103152109 -0.0193948951 0.549892561 -0.103152109 -0.0193948951 0.549892561 -0.10990441 -0.0755682581 0.606353216 -0.0974054734 -0.0755682581 0.549892561 -0.103152109 -0.0193948951 0.606353216 -0.0974054734 -0.0755682581 0.606353216 -0.0916588378 -0.026147192 0.606353216 -0.0916588378 -0.026147192 0.606353216 -0.0974054734 -0.0755682581 0.65606164 -0.0857685407 -0.0755682581 0.606353216 -0.0916588378 -0.026147192 0.65606164 -0.0857685407 -0.0755682581 0.65606164 -0.0805965686 -0.0327558229 0.65606164 -0.0805965686 -0.0327558229 0.65606164 -0.0857685407 -0.0755682581 0.697437416 -0.0757119284 -0.0755682581 0.65606164 -0.0805965686 -0.0327558229 0.697437416 -0.0757119284 -0.0755682581 0.697437416 -0.0712582814 -0.0383587926 0.697437416 -0.0712582814 -0.0383587926 0.697437416 -0.0757119284 -0.0755682581 0.728900198 -0.0686722954 -0.0755682581 0.697437416 -0.0712582814 -0.0383587926 0.728900198 -0.0686722954 -0.0755682581 0.728900198 -0.0646496505 -0.0422377716 0.728900198 -0.0646496505 -0.0422377716 0.728900198 -0.0686722954 -0.0755682581 0.747720487 -0.066517307 -0.0755682581 0.728900198 -0.0646496505 -0.0422377716 0.747720487 -0.066517307 -0.0755682581 0.747720487 -0.0624946621 -0.0432434329 0.747720487 -0.0624946621 -0.0432434329 0.747720487 -0.066517307 -0.0755682581 0.766397044 -0.0594776784 -0.0755682581 0.747720487 -0.0624946621 -0.0432434329 0.766397044 -0.0594776784 -0.0755682581 0.766397044 -0.0558860312 -0.0466914142 0.766397044 -0.0558860312 -0.0466914142 0.766397044 -0.0594776784 -0.0755682581 0.7850736 -0.0453984212 -0.0755682581 0.766397044 -0.0558860312 -0.0466914142 0.7850736 -0.0453984212 -0.0755682581 0.7850736 -0.0426687693 -0.053443711 0.7850736 -0.0426687693 -0.053443711 0.7850736 -0.0453984212 -0.0755682581 0.803750157 0 -0.0755682581 -1.36179763 0 -0.0755682581 -1.3490114 -0.027440185 -0.0912278445 -1.3490114 -0.0291641757 -0.0755682581 -1.3490114 -0.0291641757 -0.0755682581 -1.3490114 -0.027440185 -0.0912278445 -1.33622511 -0.0359164725 -0.0961124847 -1.3490114 -0.0291641757 -0.0755682581 -1.33622511 -0.0359164725 -0.0961124847 -1.33622511 -0.0382151267 -0.0755682581 -1.33622511 -0.0382151267 -0.0755682581 -1.33622511 -0.0359164725 -0.0961124847 -1.32358247 -0.0400827833 -0.098411139 -1.33622511 -0.0382151267 -0.0755682581 -1.32358247 -0.0400827833 -0.098411139 -1.32358247 -0.0426687693 -0.0755682581 -1.32358247 -0.0426687693 -0.0755682581 -1.32358247 -0.0400827833 -0.098411139 -1.31079625 -0.0413757763 -0.0992731343 -1.32358247 -0.0426687693 -0.0755682581 -1.31079625 -0.0413757763 -0.0992731343 -1.31079625 -0.0441054282 -0.0755682581 -1.31079625 -0.0441054282 -0.0755682581 -1.31079625 -0.0413757763 -0.0992731343 -1.25950755 -0.0499957297 -0.103295779 -1.31079625 -0.0441054282 -0.0755682581 -1.25950755 -0.0499957297 -0.103295779 -1.25950755 -0.0531563793 -0.0755682581 -1.25950755 -0.0531563793 -0.0755682581 -1.25950755 -0.0499957297 -0.103295779 -1.19036835 -0.0622073303 -0.108898745 -1.25950755 -0.0531563793 -0.0755682581 -1.19036835 -0.0622073303 -0.108898745 -1.19036835 -0.0662299753 -0.0755682581 -1.19036835 -0.0662299753 -0.0755682581 -1.19036835 -0.0622073303 -0.108898745 -1.10790412 -0.0765739237 -0.115651046 -1.19036835 -0.0662299753 -0.0755682581 -1.10790412 -0.0765739237 -0.115651046 -1.10790412 -0.081458564 -0.0755682581 -1.10790412 -0.081458564 -0.0755682581 -1.10790412 -0.0765739237 -0.115651046 -1.01681992 -0.0916588378 -0.12269067 -1.10790412 -0.081458564 -0.0755682581 -1.01681992 -0.0916588378 -0.12269067 -1.01681992 -0.0975491436 -0.0755682581 -1.01681992 -0.0975491436 -0.0755682581 -1.01681992 -0.0916588378 -0.12269067 -0.921677172 -0.106025427 -0.129442971 -1.01681992 -0.0975491436 -0.0755682581 -0.921677172 -0.106025427 -0.129442971 -0.921677172 -0.112777728 -0.0755682581 -0.921677172 -0.112777728 -0.0755682581 -0.921677172 -0.106025427 -0.129442971 -0.827432348 -0.118237032 -0.135189607 -0.921677172 -0.112777728 -0.0755682581 -0.827432348 -0.118237032 -0.135189607 -0.827432348 -0.12585132 -0.0755682581 -0.827432348 -0.12585132 -0.0755682581 -0.827432348 -0.118237032 -0.135189607 -0.736635506 -0.127287978 -0.139499583 -0.827432348 -0.12585132 -0.0755682581 -0.736635506 -0.127287978 -0.139499583 -0.736635506 -0.135333268 -0.0755682581 -0.736635506 -0.135333268 -0.0755682581 -0.736635506 -0.127287978 -0.139499583 -0.64178012 -0.134758605 -0.143091226 -0.736635506 -0.135333268 -0.0755682581 -0.64178012 -0.134758605 -0.143091226 -0.64178012 -0.143378558 -0.0755682581 -0.64178012 -0.143378558 -0.0755682581 -0.64178012 -0.134758605 -0.143091226 -0.54308165 -0.141223574 -0.146251876 -0.64178012 -0.143378558 -0.0755682581 -0.54308165 -0.141223574 -0.146251876 -0.54308165 -0.15027453 -0.0755682581 -0.54308165 -0.15027453 -0.0755682581 -0.54308165 -0.141223574 -0.146251876 -0.442802854 -0.146395546 -0.1486942 -0.54308165 -0.15027453 -0.0755682581 -0.442802854 -0.146395546 -0.1486942 -0.442802854 -0.155733825 -0.0755682581 -0.442802854 -0.155733825 -0.0755682581 -0.442802854 -0.146395546 -0.1486942 -0.342955061 -0.150130851 -0.150705514 -0.442802854 -0.155733825 -0.0755682581 -0.342955061 -0.150130851 -0.150705514 -0.342955061 -0.159900131 -0.0755682581 -0.342955061 -0.159900131 -0.0755682581 -0.342955061 -0.150130851 -0.150705514 -0.245405917 -0.152716845 -0.152142182 -0.342955061 -0.159900131 -0.0755682581 -0.245405917 -0.152716845 -0.152142182 -0.245405917 -0.162486126 -0.0755682581 -0.245405917 -0.162486126 -0.0755682581 -0.245405917 -0.152716845 -0.152142182 -0.152454091 -0.153866172 -0.153004168 -0.245405917 -0.162486126 -0.0755682581 -0.152454091 -0.153866172 -0.153004168 -0.152454091 -0.163635453 -0.0755682581 -0.152454091 -0.163635453 -0.0755682581 -0.152454091 -0.153866172 -0.153004168 -0.0621959788 -0.153291509 -0.15343517 -0.152454091 -0.163635453 -0.0755682581 -0.0621959788 -0.153291509 -0.15343517 -0.0621959788 -0.163060789 -0.0755682581 -0.0621959788 -0.163060789 -0.0755682581 -0.0621959788 -0.153291509 -0.15343517 0.0273078399 -0.151136516 -0.153291509 -0.0621959788 -0.163060789 -0.0755682581 0.0273078399 -0.151136516 -0.153291509 0.0273078399 -0.160905797 -0.0755682581 0.0273078399 -0.160905797 -0.0755682581 0.0273078399 -0.151136516 -0.153291509 0.114944059 -0.147688535 -0.152716845 0.0273078399 -0.160905797 -0.0755682581 0.114944059 -0.147688535 -0.152716845 0.114944059 -0.157170492 -0.0755682581 0.114944059 -0.157170492 -0.0755682581 0.114944059 -0.147688535 -0.152716845 0.199419585 -0.142947565 -0.151423857 0.114944059 -0.157170492 -0.0755682581 0.199419585 -0.142947565 -0.151423857 0.199419585 -0.152142182 -0.0755682581 0.199419585 -0.152142182 -0.0755682581 0.199419585 -0.142947565 -0.151423857 0.279621076 -0.137344591 -0.149556187 0.199419585 -0.152142182 -0.0755682581 0.279621076 -0.137344591 -0.149556187 0.279621076 -0.146251876 -0.0755682581 0.279621076 -0.146251876 -0.0755682581 0.279621076 -0.137344591 -0.149556187 0.354183642 -0.131023292 -0.146826539 0.279621076 -0.146251876 -0.0755682581 0.354183642 -0.131023292 -0.146826539 0.354183642 -0.139499583 -0.0755682581 0.354183642 -0.139499583 -0.0755682581 0.354183642 -0.131023292 -0.146826539 0.422712284 -0.123839997 -0.143378558 0.354183642 -0.139499583 -0.0755682581 0.422712284 -0.123839997 -0.143378558 0.422712284 -0.131741625 -0.0755682581 0.422712284 -0.131741625 -0.0755682581 0.422712284 -0.123839997 -0.143378558 0.488223965 -0.114358048 -0.138062925 0.422712284 -0.131741625 -0.0755682581 0.488223965 -0.114358048 -0.138062925 0.488223965 -0.121685013 -0.0755682581 0.488223965 -0.121685013 -0.0755682581 0.488223965 -0.114358048 -0.138062925 0.549892561 -0.103152109 -0.131741625 0.488223965 -0.121685013 -0.0755682581 0.549892561 -0.103152109 -0.131741625 0.549892561 -0.10990441 -0.0755682581 0.549892561 -0.10990441 -0.0755682581 0.549892561 -0.103152109 -0.131741625 0.606353216 -0.0916588378 -0.124845663 0.549892561 -0.10990441 -0.0755682581 0.606353216 -0.0916588378 -0.124845663 0.606353216 -0.0974054734 -0.0755682581 0.606353216 -0.0974054734 -0.0755682581 0.606353216 -0.0916588378 -0.124845663 0.65606164 -0.0805965686 -0.118380693 0.606353216 -0.0974054734 -0.0755682581 0.65606164 -0.0805965686 -0.118380693 0.65606164 -0.0857685407 -0.0755682581 0.65606164 -0.0857685407 -0.0755682581 0.65606164 -0.0805965686 -0.118380693 0.697437416 -0.0712582814 -0.112777728 0.65606164 -0.0857685407 -0.0755682581 0.697437416 -0.0712582814 -0.112777728 0.697437416 -0.0757119284 -0.0755682581 0.697437416 -0.0757119284 -0.0755682581 0.697437416 -0.0712582814 -0.112777728 0.728900198 -0.0646496505 -0.108898745 0.697437416 -0.0757119284 -0.0755682581 0.728900198 -0.0646496505 -0.108898745 0.728900198 -0.0686722954 -0.0755682581 0.728900198 -0.0686722954 -0.0755682581 0.728900198 -0.0646496505 -0.108898745 0.747720487 -0.0624946621 -0.107749417 0.728900198 -0.0686722954 -0.0755682581 0.747720487 -0.0624946621 -0.107749417 0.747720487 -0.066517307 -0.0755682581 0.747720487 -0.066517307 -0.0755682581 0.747720487 -0.0624946621 -0.107749417 0.766397044 -0.0558860312 -0.104445106 0.747720487 -0.066517307 -0.0755682581 0.766397044 -0.0558860312 -0.104445106 0.766397044 -0.0594776784 -0.0755682581 0.766397044 -0.0594776784 -0.0755682581 0.766397044 -0.0558860312 -0.104445106 0.7850736 -0.0426687693 -0.0975491436 0.766397044 -0.0594776784 -0.0755682581 0.7850736 -0.0426687693 -0.0975491436 0.7850736 -0.0453984212 -0.0755682581 0.7850736 -0.0453984212 -0.0755682581 0.7850736 -0.0426687693 -0.0975491436 0.803750157 0 -0.0755682581 -1.36179763 0 -0.0755682581 -1.3490114 0.0291641757 -0.0755682581 -1.3490114 0.027440185 -0.0912278445 -1.3490114 0.027440185 -0.0912278445 -1.3490114 0.0291641757 -0.0755682581 -1.33622511 0.0382151267 -0.0755682581 -1.3490114 0.027440185 -0.0912278445 -1.33622511 0.0382151267 -0.0755682581 -1.33622511 0.0359164725 -0.0961124847 -1.33622511 0.0359164725 -0.0961124847 -1.33622511 0.0382151267 -0.0755682581 -1.32358247 0.0426687693 -0.0755682581 -1.33622511 0.0359164725 -0.0961124847 -1.32358247 0.0426687693 -0.0755682581 -1.32358247 0.0400827833 -0.098411139 -1.32358247 0.0400827833 -0.098411139 -1.32358247 0.0426687693 -0.0755682581 -1.31079625 0.0441054282 -0.0755682581 -1.32358247 0.0400827833 -0.098411139 -1.31079625 0.0441054282 -0.0755682581 -1.31079625 0.0413757763 -0.0992731343 -1.31079625 0.0413757763 -0.0992731343 -1.31079625 0.0441054282 -0.0755682581 -1.25950755 0.0531563793 -0.0755682581 -1.31079625 0.0413757763 -0.0992731343 -1.25950755 0.0531563793 -0.0755682581 -1.25950755 0.0499957297 -0.103295779 -1.25950755 0.0499957297 -0.103295779 -1.25950755 0.0531563793 -0.0755682581 -1.19036835 0.0662299753 -0.0755682581 -1.25950755 0.0499957297 -0.103295779 -1.19036835 0.0662299753 -0.0755682581 -1.19036835 0.0622073303 -0.108898745 -1.19036835 0.0622073303 -0.108898745 -1.19036835 0.0662299753 -0.0755682581 -1.10790412 0.081458564 -0.0755682581 -1.19036835 0.0622073303 -0.108898745 -1.10790412 0.081458564 -0.0755682581 -1.10790412 0.0765739237 -0.115651046 -1.10790412 0.0765739237 -0.115651046 -1.10790412 0.081458564 -0.0755682581 -1.01681992 0.0975491436 -0.0755682581 -1.10790412 0.0765739237 -0.115651046 -1.01681992 0.0975491436 -0.0755682581 -1.01681992 0.0916588378 -0.12269067 -1.01681992 0.0916588378 -0.12269067 -1.01681992 0.0975491436 -0.0755682581 -0.921677172 0.112777728 -0.0755682581 -1.01681992 0.0916588378 -0.12269067 -0.921677172 0.112777728 -0.0755682581 -0.921677172 0.106025427 -0.129442971 -0.921677172 0.106025427 -0.129442971 -0.921677172 0.112777728 -0.0755682581 -0.827432348 0.12585132 -0.0755682581 -0.921677172 0.106025427 -0.129442971 -0.827432348 0.12585132 -0.0755682581 -0.827432348 0.118237032 -0.135189607 -0.827432348 0.118237032 -0.135189607 -0.827432348 0.12585132 -0.0755682581 -0.736635506 0.135333268 -0.0755682581 -0.827432348 0.118237032 -0.135189607 -0.736635506 0.135333268 -0.0755682581 -0.736635506 0.127287978 -0.139499583 -0.736635506 0.127287978 -0.139499583 -0.736635506 0.135333268 -0.0755682581 -0.64178012 0.143378558 -0.0755682581 -0.736635506 0.127287978 -0.139499583 -0.64178012 0.143378558 -0.0755682581 -0.64178012 0.134758605 -0.143091226 -0.64178012 0.134758605 -0.143091226 -0.64178012 0.143378558 -0.0755682581 -0.54308165 0.15027453 -0.0755682581 -0.64178012 0.134758605 -0.143091226 -0.54308165 0.15027453 -0.0755682581 -0.54308165 0.141223574 -0.146251876 -0.54308165 0.141223574 -0.146251876 -0.54308165 0.15027453 -0.0755682581 -0.442802854 0.155733825 -0.0755682581 -0.54308165 0.141223574 -0.146251876 -0.442802854 0.155733825 -0.0755682581 -0.442802854 0.146395546 -0.1486942 -0.442802854 0.146395546 -0.1486942 -0.442802854 0.155733825 -0.0755682581 -0.342955061 0.159900131 -0.0755682581 -0.442802854 0.146395546 -0.1486942 -0.342955061 0.159900131 -0.0755682581 -0.342955061 0.150130851 -0.150705514 -0.342955061 0.150130851 -0.150705514 -0.342955061 0.159900131 -0.0755682581 -0.245405917 0.162486126 -0.0755682581 -0.342955061 0.150130851 -0.150705514 -0.245405917 0.162486126 -0.0755682581 -0.245405917 0.152716845 -0.152142182 -0.245405917 0.152716845 -0.152142182 -0.245405917 0.162486126 -0.0755682581 -0.152454091 0.163635453 -0.0755682581 -0.245405917 0.152716845 -0.152142182 -0.152454091 0.163635453 -0.0755682581 -0.152454091 0.153866172 -0.153004168 -0.152454091 0.153866172 -0.153004168 -0.152454091 0.163635453 -0.0755682581 -0.0621959788 0.163060789 -0.0755682581 -0.152454091 0.153866172 -0.153004168 -0.0621959788 0.163060789 -0.0755682581 -0.0621959788 0.153291509 -0.15343517 -0.0621959788 0.153291509 -0.15343517 -0.0621959788 0.163060789 -0.0755682581 0.0273078399 0.160905797 -0.0755682581 -0.0621959788 0.153291509 -0.15343517 0.0273078399 0.160905797 -0.0755682581 0.0273078399 0.151136516 -0.153291509 0.0273078399 0.151136516 -0.153291509 0.0273078399 0.160905797 -0.0755682581 0.114944059 0.157170492 -0.0755682581 0.0273078399 0.151136516 -0.153291509 0.114944059 0.157170492 -0.0755682581 0.114944059 0.147688535 -0.152716845 0.114944059 0.147688535 -0.152716845 0.114944059 0.157170492 -0.0755682581 0.199419585 0.152142182 -0.0755682581 0.114944059 0.147688535 -0.152716845 0.199419585 0.152142182 -0.0755682581 0.199419585 0.142947565 -0.151423857 0.199419585 0.142947565 -0.151423857 0.199419585 0.152142182 -0.0755682581 0.279621076 0.146251876 -0.0755682581 0.199419585 0.142947565 -0.151423857 0.279621076 0.146251876 -0.0755682581 0.279621076 0.137344591 -0.149556187 0.279621076 0.137344591 -0.149556187 0.279621076 0.146251876 -0.0755682581 0.354183642 0.139499583 -0.0755682581 0.279621076 0.137344591 -0.149556187 0.354183642 0.139499583 -0.0755682581 0.354183642 0.131023292 -0.146826539 0.354183642 0.131023292 -0.146826539 0.354183642 0.139499583 -0.0755682581 0.422712284 0.131741625 -0.0755682581 0.354183642 0.131023292 -0.146826539 0.422712284 0.131741625 -0.0755682581 0.422712284 0.123839997 -0.143378558 0.422712284 0.123839997 -0.143378558 0.422712284 0.131741625 -0.0755682581 0.488223965 0.121685013 -0.0755682581 0.422712284 0.123839997 -0.143378558 0.488223965 0.121685013 -0.0755682581 0.488223965 0.114358048 -0.138062925 0.488223965 0.114358048 -0.138062925 0.488223965 0.121685013 -0.0755682581 0.549892561 0.10990441 -0.0755682581 0.488223965 0.114358048 -0.138062925 0.549892561 0.10990441 -0.0755682581 0.549892561 0.103152109 -0.131741625 0.549892561 0.103152109 -0.131741625 0.549892561 0.10990441 -0.0755682581 0.606353216 0.0974054734 -0.0755682581 0.549892561 0.103152109 -0.131741625 0.606353216 0.0974054734 -0.0755682581 0.606353216 0.0916588378 -0.124845663 0.606353216 0.0916588378 -0.124845663 0.606353216 0.0974054734 -0.0755682581 0.65606164 0.0857685407 -0.0755682581 0.606353216 0.0916588378 -0.124845663 0.65606164 0.0857685407 -0.0755682581 0.65606164 0.0805965686 -0.118380693 0.65606164 0.0805965686 -0.118380693 0.65606164 0.0857685407 -0.0755682581 0.697437416 0.0757119284 -0.0755682581 0.65606164 0.0805965686 -0.118380693 0.697437416 0.0757119284 -0.0755682581 0.697437416 0.0712582814 -0.112777728 0.697437416 0.0712582814 -0.112777728 0.697437416 0.0757119284 -0.0755682581 0.728900198 0.0686722954 -0.0755682581 0.697437416 0.0712582814 -0.112777728 0.728900198 0.0686722954 -0.0755682581 0.728900198 0.0646496505 -0.108898745 0.728900198 0.0646496505 -0.108898745 0.728900198 0.0686722954 -0.0755682581 0.747720487 0.066517307 -0.0755682581 0.728900198 0.0646496505 -0.108898745 0.747720487 0.066517307 -0.0755682581 0.747720487 0.0624946621 -0.107749417 0.747720487 0.0624946621 -0.107749417 0.747720487 0.066517307 -0.0755682581 0.766397044 0.0594776784 -0.0755682581 0.747720487 0.0624946621 -0.107749417 0.766397044 0.0594776784 -0.0755682581 0.766397044 0.0558860312 -0.104445106 0.766397044 0.0558860312 -0.104445106 0.766397044 0.0594776784 -0.0755682581 0.7850736 0.0453984212 -0.0755682581 0.766397044 0.0558860312 -0.104445106 0.7850736 0.0453984212 -0.0755682581 0.7850736 0.0426687693 -0.0975491436 0.7850736 0.0426687693 -0.0975491436 0.7850736 0.0453984212 -0.0755682581 0.803750157 0 -0.0755682581 -1.43664759 0.0150849184 -0.0168089091 -1.23519207 0.0150849184 -0.0755682581 -1.51221585 0.0150849184 0.415517687 -1.43664759 -0.0150849184 -0.0168089091 -1.51221585 -0.0150849184 0.415517687 -1.23519207 -0.0150849184 -0.0755682581 -1.43664759 0.0150849184 -0.0168089091 -1.51221585 0.0150849184 0.415517687 -1.54999995 0.0150849184 0.264345237 -1.43664759 -0.0150849184 -0.0168089091 -1.54999995 -0.0150849184 0.264345237 -1.51221585 -0.0150849184 0.415517687 -1.43664759 0.0150849184 -0.0168089091 -1.54999995 0.0150849184 0.264345237 -1.47443169 0.0150849184 -0.0126425983 -1.43664759 -0.0150849184 -0.0168089091 -1.47443169 -0.0150849184 -0.0126425983 -1.54999995 -0.0150849184 0.264345237 -1.43664759 0.0150849184 -0.0168089091 -1.47443169 0.0150849184 -0.0126425983 -1.52485842 0.0150849184 -0.415517687 -1.43664759 -0.0150849184 -0.0168089091 -1.52485842 -0.0150849184 -0.415517687 -1.47443169 -0.0150849184 -0.0126425983 -1.43664759 0.0150849184 -0.0168089091 -1.52485842 0.0150849184 -0.415517687 -1.32343881 0.0150849184 -0.276987836 -1.43664759 -0.0150849184 -0.0168089091 -1.32343881 -0.0150849184 -0.276987836 -1.52485842 -0.0150849184 -0.415517687 -1.43664759 0.0150849184 -0.0168089091 -1.32343881 0.0150849184 -0.276987836 -1.23519207 0.0150849184 -0.0755682581 -1.43664759 -0.0150849184 -0.0168089091 -1.23519207 -0.0150849184 -0.0755682581 -1.32343881 -0.0150849184 -0.276987836 -1.23519207 -0.0150849184 -0.0755682581 -1.51221585 0.0150849184 0.415517687 -1.23519207 0.0150849184 -0.0755682581 -1.23519207 -0.0150849184 -0.0755682581 -1.51221585 -0.0150849184 0.415517687 -1.51221585 0.0150849184 0.415517687 -1.51221585 -0.0150849184 0.415517687 -1.54999995 0.0150849184 0.264345237 -1.51221585 0.0150849184 0.415517687 -1.51221585 -0.0150849184 0.415517687 -1.54999995 -0.0150849184 0.264345237 -1.54999995 0.0150849184 0.264345237 -1.54999995 -0.0150849184 0.264345237 -1.47443169 0.0150849184 -0.0126425983 -1.54999995 0.0150849184 0.264345237 -1.54999995 -0.0150849184 0.264345237 -1.47443169 -0.0150849184 -0.0126425983 -1.47443169 0.0150849184 -0.0126425983 -1.47443169 -0.0150849184 -0.0126425983 -1.52485842 0.0150849184 -0.415517687 -1.47443169 0.0150849184 -0.0126425983 -1.47443169 -0.0150849184 -0.0126425983 -1.52485842 -0.0150849184 -0.415517687 -1.52485842 0.0150849184 -0.415517687 -1.52485842 -0.0150849184 -0.415517687 -1.32343881 0.0150849184 -0.276987836 -1.52485842 0.0150849184 -0.415517687 -1.52485842 -0.0150849184 -0.415517687 -1.32343881 -0.0150849184 -0.276987836 -1.32343881 0.0150849184 -0.276987836 -1.32343881 -0.0150849184 -0.276987836 -1.23519207 0.0150849184 -0.0755682581 -1.32343881 0.0150849184 -0.276987836 -1.32343881 -0.0150849184 -0.276987836 -1.23519207 -0.0150849184 -0.0755682581 -1.23519207 0.0150849184 -0.0755682581 -0.0485477499 0.372130579 -0.16622143 0.187495329 0.114501719 -0.16622143 -0.127312555 0.618266159 -0.16622143 -0.0485477499 0.372130579 -0.143522228 -0.127312555 0.618266159 -0.143522228 0.187495329 0.114501719 -0.143522228 -0.0485477499 0.372130579 -0.16622143 -0.127312555 0.618266159 -0.16622143 -0.228022349 0.527577063 -0.16622143 -0.0485477499 0.372130579 -0.143522228 -0.228022349 0.527577063 -0.143522228 -0.127312555 0.618266159 -0.143522228 -0.0485477499 0.372130579 -0.16622143 -0.228022349 0.527577063 -0.16622143 -0.0264231766 0.22785411 -0.16622143 -0.0485477499 0.372130579 -0.143522228 -0.0264231766 0.22785411 -0.143522228 -0.228022349 0.527577063 -0.143522228 -0.0485477499 0.372130579 -0.16622143 -0.0264231766 0.22785411 -0.16622143 0.187495329 0.114501719 -0.16622143 -0.0485477499 0.372130579 -0.143522228 0.187495329 0.114501719 -0.143522228 -0.0264231766 0.22785411 -0.143522228 0.187495329 0.114501719 -0.143522228 -0.127312555 0.618266159 -0.16622143 0.187495329 0.114501719 -0.16622143 0.187495329 0.114501719 -0.143522228 -0.127312555 0.618266159 -0.143522228 -0.127312555 0.618266159 -0.16622143 -0.127312555 0.618266159 -0.143522228 -0.228022349 0.527577063 -0.16622143 -0.127312555 0.618266159 -0.16622143 -0.127312555 0.618266159 -0.143522228 -0.228022349 0.527577063 -0.143522228 -0.228022349 0.527577063 -0.16622143 -0.228022349 0.527577063 -0.143522228 -0.0264231766 0.22785411 -0.16622143 -0.228022349 0.527577063 -0.16622143 -0.228022349 0.527577063 -0.143522228 -0.0264231766 0.22785411 -0.143522228 -0.0264231766 0.22785411 -0.16622143 -0.0264231766 0.22785411 -0.143522228 0.187495329 0.114501719 -0.16622143 -0.0264231766 0.22785411 -0.16622143 -0.0264231766 0.22785411 -0.143522228 0.187495329 0.114501719 -0.143522228 0.187495329 0.114501719 -0.16622143 -0.0485477499 -0.372130579 -0.16622143 -0.127312555 -0.618266159 -0.16622143 0.187495329 -0.114501719 -0.16622143 -0.0485477499 -0.372130579 -0.143522228 0.187495329 -0.114501719 -0.143522228 -0.127312555 -0.618266159 -0.143522228 -0.0485477499 -0.372130579 -0.16622143 -0.228022349 -0.527577063 -0.16622143 -0.127312555 -0.618266159 -0.16622143 -0.0485477499 -0.372130579 -0.143522228 -0.127312555 -0.618266159 -0.143522228 -0.228022349 -0.527577063 -0.143522228 -0.0485477499 -0.372130579 -0.16622143 -0.0264231766 -0.22785411 -0.16622143 -0.228022349 -0.527577063 -0.16622143 -0.0485477499 -0.372130579 -0.143522228 -0.228022349 -0.527577063 -0.143522228 -0.0264231766 -0.22785411 -0.143522228 -0.0485477499 -0.372130579 -0.16622143 0.187495329 -0.114501719 -0.16622143 -0.0264231766 -0.22785411 -0.16622143 -0.0485477499 -0.372130579 -0.143522228 -0.0264231766 -0.22785411 -0.143522228 0.187495329 -0.114501719 -0.143522228 0.187495329 -0.114501719 -0.143522228 0.187495329 -0.114501719 -0.16622143 -0.127312555 -0.618266159 -0.16622143 0.187495329 -0.114501719 -0.143522228 -0.127312555 -0.618266159 -0.16622143 -0.127312555 -0.618266159 -0.143522228 -0.127312555 -0.618266159 -0.143522228 -0.127312555 -0.618266159 -0.16622143 -0.228022349 -0.527577063 -0.16622143 -0.127312555 -0.618266159 -0.143522228 -0.228022349 -0.527577063 -0.16622143 -0.228022349 -0.527577063 -0.143522228 -0.228022349 -0.527577063 -0.143522228 -0.228022349 -0.527577063 -0.16622143 -0.0264231766 -0.22785411 -0.16622143 -0.228022349 -0.527577063 -0.143522228 -0.0264231766 -0.22785411 -0.16622143 -0.0264231766 -0.22785411 -0.143522228 -0.0264231766 -0.22785411 -0.143522228 -0.0264231766 -0.22785411 -0.16622143 0.187495329 -0.114501719 -0.16622143 -0.0264231766 -0.22785411 -0.143522228 0.187495329 -0.114501719 -0.16622143 0.187495329 -0.114501719 -0.143522228 -0.349707357 0.0145102549 0.215929837 -0.139811492 0.0145102549 0.119386359 -0.391657797 0.0145102549 0.408909047 -0.349707357 -0.0145102549 0.215929837 -0.391657797 -0.0145102549 0.408909047 -0.139811492 -0.0145102549 0.119386359 -0.349707357 0.0145102549 0.215929837 -0.391657797 0.0145102549 0.408909047 -0.517509121 0.0145102549 0.119386359 -0.349707357 -0.0145102549 0.215929837 -0.517509121 -0.0145102549 0.119386359 -0.391657797 -0.0145102549 0.408909047 -0.349707357 0.0145102549 0.215929837 -0.517509121 0.0145102549 0.119386359 -0.139811492 0.0145102549 0.119386359 -0.349707357 -0.0145102549 0.215929837 -0.139811492 -0.0145102549 0.119386359 -0.517509121 -0.0145102549 0.119386359 -0.139811492 -0.0145102549 0.119386359 -0.391657797 0.0145102549 0.408909047 -0.139811492 0.0145102549 0.119386359 -0.139811492 -0.0145102549 0.119386359 -0.391657797 -0.0145102549 0.408909047 -0.391657797 0.0145102549 0.408909047 -0.391657797 -0.0145102549 0.408909047 -0.517509121 0.0145102549 0.119386359 -0.391657797 0.0145102549 0.408909047 -0.391657797 -0.0145102549 0.408909047 -0.517509121 -0.0145102549 0.119386359 -0.517509121 0.0145102549 0.119386359 -0.517509121 -0.0145102549 0.119386359 -0.139811492 0.0145102549 0.119386359 -0.517509121 0.0145102549 0.119386359 -0.517509121 -0.0145102549 0.119386359 -0.139811492 -0.0145102549 0.119386359 -0.139811492 0.0145102549 0.119386359</float_array><technique_common><accessor source="#part3-positions-array" count="2382" stride="3"><param name="X" type="float" /><param name="Y" type="float" /><param name="Z" type="float" /></accessor></technique_common></source><source id="part3-normals"><float_array id="part3-normals-array" count="7146">-0.914953378 0.401135957 0.0441617568 -0.914953378 0.401135957 0.0441617568 -0.914953378 0.401135957 0.0441617568 -0.573870863 0.814027578 0.089617715 -0.573870863 0.814027578 0.089617715 -0.573870863 0.814027578 0.089617715 -0.575367633 0.812822892 0.0909452187 -0.575367633 0.812822892 0.0909452187 -0.575367633 0.812822892 0.0909452187 -0.329493676 0.938302767 0.104984925 -0.329493676 0.938302767 0.104984925 -0.329493676 0.938302767 0.104984925 -0.330403792 0.937923044 0.105516342 -0.330403792 0.937923044 0.105516342 -0.330403792 0.937923044 0.105516342 -0.106167182 0.988115039 0.111162942 -0.106167182 0.988115039 0.111162942 -0.106167182 0.988115039 0.111162942 -0.110933336 0.987303646 0.113689511 -0.110933336 0.987303646 0.113689511 -0.110933336 0.987303646 0.113689511 -0.173274891 0.97840808 0.112665173 -0.173274891 0.97840808 0.112665173 -0.173274891 0.97840808 0.112665173 -0.172700693 0.978636844 0.111554459 -0.172700693 0.978636844 0.111554459 -0.172700693 0.978636844 0.111554459 -0.181818564 0.977005156 0.111368463 -0.181818564 0.977005156 0.111368463 -0.181818564 0.977005156 0.111368463 -0.184516572 0.975808719 0.117264567 -0.184516572 0.975808719 0.117264567 -0.184516572 0.975808719 0.117264567 -0.179566346 0.976718635 0.117373913 -0.179566346 0.976718635 0.117373913 -0.179566346 0.976718635 0.117373913 -0.180308395 0.976386791 0.118986204 -0.180308395 0.976386791 0.118986204 -0.180308395 0.976386791 0.118986204 -0.171365947 0.97797238 0.11917943 -0.171365947 0.97797238 0.11917943 -0.171365947 0.97797238 0.11917943 -0.172667156 0.977419717 0.121806195 -0.172667156 0.977419717 0.121806195 -0.172667156 0.977419717 0.121806195 -0.156659244 0.980071687 0.122136684 -0.156659244 0.980071687 0.122136684 -0.156659244 0.980071687 0.122136684 -0.156858311 0.979994575 0.122499401 -0.156858311 0.979994575 0.122499401 -0.156858311 0.979994575 0.122499401 -0.134891504 0.983208819 0.122901182 -0.134891504 0.983208819 0.122901182 -0.134891504 0.983208819 0.122901182 -0.13632253 0.982720986 0.125202361 -0.13632253 0.982720986 0.125202361 -0.13632253 0.982720986 0.125202361 -0.104311182 0.986570074 0.125692749 -0.104311182 0.986570074 0.125692749 -0.104311182 0.986570074 0.125692749 -0.103064993 0.986925386 0.123918883 -0.103064993 0.986925386 0.123918883 -0.103064993 0.986925386 0.123918883 -0.0825787105 0.988820428 0.124156825 -0.0825787105 0.988820428 0.124156825 -0.0825787105 0.988820428 0.124156825 -0.0838402184 0.988490953 0.125922414 -0.0838402184 0.988490953 0.125922414 -0.0838402184 0.988490953 0.125922414 -0.0686773478 0.989641368 0.126068964 -0.0686773478 0.989641368 0.126068964 -0.0686773478 0.989641368 0.126068964 -0.0691373937 0.989527733 0.126707881 -0.0691373937 0.989527733 0.126707881 -0.0691373937 0.989527733 0.126707881 -0.0543531369 0.990434953 0.126824049 -0.0543531369 0.990434953 0.126824049 -0.0543531369 0.990434953 0.126824049 -0.0539257427 0.990532382 0.126244264 -0.0539257427 0.990532382 0.126244264 -0.0539257427 0.990532382 0.126244264 -0.0396254069 0.991196665 0.126328927 -0.0396254069 0.991196665 0.126328927 -0.0396254069 0.991196665 0.126328927 -0.0413442216 0.990836697 0.128581861 -0.0413442216 0.990836697 0.128581861 -0.0413442216 0.990836697 0.128581861 -0.0281733511 0.991290978 0.128640814 -0.0281733511 0.991290978 0.128640814 -0.0281733511 0.991290978 0.128640814 -0.0262882164 0.991646623 0.126277098 -0.0262882164 0.991646623 0.126277098 -0.0262882164 0.991646623 0.126277098 -0.013435944 0.991899906 0.126309351 -0.013435944 0.991899906 0.126309351 -0.013435944 0.991899906 0.126309351 -0.0122669526 0.992089745 0.12492982 -0.0122669526 0.992089745 0.12492982 -0.0122669526 0.992089745 0.12492982 0.00591916168 0.992147016 0.124937032 0.00591916168 0.992147016 0.124937032 0.00591916168 0.992147016 0.124937032 0.00631723974 0.992201647 0.124482864 0.00631723974 0.992201647 0.124482864 0.00631723974 0.992201647 0.124482864 0.0238830044 0.991938425 0.124449839 0.0238830044 0.991938425 0.124449839 0.0238830044 0.991938425 0.124449839 0.0238830044 0.991938425 0.124449839 0.0238830044 0.991938425 0.124449839 0.0238830044 0.991938425 0.124449839 0.0400264783 0.991426299 0.124385587 0.0400264783 0.991426299 0.124385587 0.0400264783 0.991426299 0.124385587 0.0422667116 0.991644705 0.121878233 0.0422667116 0.991644705 0.121878233 0.0422667116 0.991644705 0.121878233 0.0574752522 0.990890945 0.121785592 0.0574752522 0.990890945 0.121785592 0.0574752522 0.990890945 0.121785592 0.0589884625 0.991005099 0.12012183 0.0589884625 0.991005099 0.12012183 0.0589884625 0.991005099 0.12012183 0.0719686502 0.990159519 0.120019336 0.0719686502 0.990159519 0.120019336 0.0719686502 0.990159519 0.120019336 0.0727242588 0.990202223 0.119208811 0.0727242588 0.990202223 0.119208811 0.0727242588 0.990202223 0.119208811 0.0879736603 0.988981751 0.119061881 0.0879736603 0.988981751 0.119061881 0.0879736603 0.988981751 0.119061881 0.0895658798 0.989036226 0.1174108 0.0895658798 0.989036226 0.1174108 0.0895658798 0.989036226 0.1174108 0.109604981 0.987044537 0.117174362 0.109604981 0.987044537 0.117174362 0.109604981 0.987044537 0.117174362 0.111742457 0.987058561 0.115017481 0.111742457 0.987058561 0.115017481 0.111742457 0.987058561 0.115017481 0.151144983 0.981868086 0.114412658 0.151144983 0.981868086 0.114412658 0.151144983 0.981868086 0.114412658 0.150727247 0.981880879 0.114853107 0.150727247 0.981880879 0.114853107 0.150727247 0.981880879 0.114853107 0.189182296 0.975292396 0.114082436 0.189182296 0.975292396 0.114082436 0.189182296 0.975292396 0.114082436 0.186343437 0.975462633 0.117255175 0.186343437 0.975462633 0.117255175 0.186343437 0.975462633 0.117255175 0.211486154 0.970395435 0.116646074 0.211486154 0.970395435 0.116646074 0.211486154 0.970395435 0.116646074 0.214761827 0.970129994 0.112805813 0.214761827 0.970129994 0.112805813 0.214761827 0.970129994 0.112805813 0.230067585 0.966661566 0.112402508 0.230067585 0.966661566 0.112402508 0.230067585 0.966661566 0.112402508 0.226380353 0.96700831 0.116819796 0.226380353 0.96700831 0.116819796 0.226380353 0.96700831 0.116819796 0.233654685 0.965301382 0.11661359 0.233654685 0.965301382 0.11661359 0.233654685 0.965301382 0.11661359 0.234598026 0.965203306 0.115526378 0.234598026 0.965203306 0.115526378 0.234598026 0.965203306 0.115526378 0.217848397 0.96906589 0.115988696 0.217848397 0.96906589 0.115988696 0.217848397 0.96906589 0.115988696 0.216847299 0.969172574 0.116969104 0.216847299 0.969172574 0.116969104 0.216847299 0.969172574 0.116969104 0.119224625 0.985714306 0.11896552 0.119224625 0.985714306 0.11896552 0.119224625 0.985714306 0.11896552 0.112900515 0.986000818 0.122702324 0.112900515 0.986000818 0.122702324 0.112900515 0.986000818 0.122702324 0.35024984 0.929486754 0.115669463 0.35024984 0.929486754 0.115669463 0.35024984 0.929486754 0.115669463 0.35033597 0.929462342 0.115604769 0.35033597 0.929462342 0.115604769 0.35033597 0.929462342 0.115604769 0.598411838 0.79506249 0.0988883694 0.598411838 0.79506249 0.0988883694 0.598411838 0.79506249 0.0988883694 0.599063725 0.794675997 0.0980444412 0.599063725 0.794675997 0.0980444412 0.599063725 0.794675997 0.0980444412 0.923782211 0.380036807 0.046887658 0.923782211 0.380036807 0.046887658 0.923782211 0.380036807 0.046887658 -0.925275716 0.355145163 0.133179436 -0.925275716 0.355145163 0.133179436 -0.925275716 0.355145163 0.133179436 -0.603808159 0.746375766 0.279890912 -0.603808159 0.746375766 0.279890912 -0.603808159 0.746375766 0.279890912 -0.602362279 0.747886051 0.278973368 -0.602362279 0.747886051 0.278973368 -0.602362279 0.747886051 0.278973368 -0.354109909 0.876228869 0.326847276 -0.354109909 0.876228869 0.326847276 -0.354109909 0.876228869 0.326847276 -0.35209686 0.877395903 0.325889907 -0.35209686 0.877395903 0.325889907 -0.35209686 0.877395903 0.325889907 -0.122456791 0.930370065 0.345566024 -0.122456791 0.930370065 0.345566024 -0.122456791 0.930370065 0.345566024 -0.113526094 0.93315269 0.341083397 -0.113526094 0.93315269 0.341083397 -0.113526094 0.93315269 0.341083397 -0.177038417 0.924388715 0.337880013 -0.177038417 0.924388715 0.337880013 -0.177038417 0.924388715 0.337880013 -0.181840803 0.920272983 0.346455711 -0.181840803 0.920272983 0.346455711 -0.181840803 0.920272983 0.346455711 -0.185104114 0.919702971 0.346241118 -0.185104114 0.919702971 0.346241118 -0.185104114 0.919702971 0.346241118 -0.191183784 0.913800707 0.358353218 -0.191183784 0.913800707 0.358353218 -0.191183784 0.913800707 0.358353218 -0.184142169 0.915053202 0.358844393 -0.184142169 0.915053202 0.358844393 -0.184142169 0.915053202 0.358844393 -0.188118856 0.911131567 0.366675012 -0.188118856 0.911131567 0.366675012 -0.188118856 0.911131567 0.366675012 -0.177166549 0.913019067 0.367434616 -0.177166549 0.913019067 0.367434616 -0.177166549 0.913019067 0.367434616 -0.180154026 0.910202034 0.37293 -0.180154026 0.910202034 0.37293 -0.180154026 0.910202034 0.37293 -0.161963681 0.913124548 0.374127419 -0.161963681 0.913124548 0.374127419 -0.161963681 0.913124548 0.374127419 -0.164403559 0.911006087 0.378205473 -0.164403559 0.911006087 0.378205473 -0.164403559 0.911006087 0.378205473 -0.140966586 0.914350522 0.37959392 -0.140966586 0.914350522 0.37959392 -0.140966586 0.914350522 0.37959392 -0.141615188 0.913848011 0.380561363 -0.141615188 0.913848011 0.380561363 -0.141615188 0.913848011 0.380561363 -0.108522272 0.917699616 0.38216532 -0.108522272 0.917699616 0.38216532 -0.108522272 0.917699616 0.38216532 -0.109615864 0.91695987 0.383626068 -0.109615864 0.91695987 0.383626068 -0.109615864 0.91695987 0.383626068 -0.0872211748 0.9190032 0.38448093 -0.0872211748 0.9190032 0.38448093 -0.0872211748 0.9190032 0.38448093 -0.0869373328 0.919187362 0.384104796 -0.0869373328 0.919187362 0.384104796 -0.0869373328 0.919187362 0.384104796 -0.0706224843 0.920377004 0.384601917 -0.0706224843 0.920377004 0.384601917 -0.0706224843 0.920377004 0.384601917 -0.0720417715 0.919480268 0.386479004 -0.0720417715 0.919480268 0.386479004 -0.0720417715 0.919480268 0.386479004 -0.0565303688 0.920401465 0.386866205 -0.0565303688 0.920401465 0.386866205 -0.0565303688 0.920401465 0.386866205 -0.0574489704 0.919842454 0.388058598 -0.0574489704 0.919842454 0.388058598 -0.0574489704 0.919842454 0.388058598 -0.0436651129 0.920485364 0.388329825 -0.0436651129 0.920485364 0.388329825 -0.0436651129 0.920485364 0.388329825 -0.0422524226 0.921301715 0.386546093 -0.0422524226 0.921301715 0.386546093 -0.0422524226 0.921301715 0.386546093 -0.0311819513 0.921676796 0.386703464 -0.0311819513 0.921676796 0.386703464 -0.0311819513 0.921676796 0.386703464 -0.0301248001 0.922250216 0.385418001 -0.0301248001 0.922250216 0.385418001 -0.0301248001 0.922250216 0.385418001 -0.015110388 0.922563634 0.385548981 -0.015110388 0.922563634 0.385548981 -0.015110388 0.922563634 0.385548981 -0.014982114 0.922627419 0.385401327 -0.014982114 0.922627419 0.385401327 -0.014982114 0.922627419 0.385401327 0.00133863472 0.922730158 0.385444243 0.00133863472 0.922730158 0.385444243 0.00133863472 0.922730158 0.385444243 0.00466951709 0.924266191 0.381720059 0.00466951709 0.924266191 0.381720059 0.00466951709 0.924266191 0.381720059 0.018412678 0.924119578 0.381659507 0.018412678 0.924119578 0.381659507 0.018412678 0.924119578 0.381659507 0.0222908693 0.925811902 0.3773267 0.0222908693 0.925811902 0.3773267 0.0222908693 0.925811902 0.3773267 0.03590735 0.925444815 0.377177089 0.03590735 0.925444815 0.377177089 0.03590735 0.925444815 0.377177089 0.0395280607 0.926936199 0.373131097 0.0395280607 0.926936199 0.373131097 0.0395280607 0.926936199 0.373131097 0.0526845494 0.926372871 0.372904334 0.0526845494 0.926372871 0.372904334 0.0526845494 0.926372871 0.372904334 0.0577207342 0.928299103 0.367326957 0.0577207342 0.928299103 0.367326957 0.0577207342 0.928299103 0.367326957 0.0696089538 0.927593892 0.367047906 0.0696089538 0.927593892 0.367047906 0.0696089538 0.927593892 0.367047906 0.073347323 0.92891587 0.362953821 0.073347323 0.92891587 0.362953821 0.073347323 0.92891587 0.362953821 0.0881051078 0.927802563 0.36251882 0.0881051078 0.927802563 0.36251882 0.0881051078 0.927802563 0.36251882 0.0911994998 0.928797133 0.359191504 0.0911994998 0.928797133 0.359191504 0.0911994998 0.928797133 0.359191504 0.113023719 0.926707593 0.358383421 0.113023719 0.926707593 0.358383421 0.113023719 0.926707593 0.358383421 0.115849351 0.927521271 0.355363503 0.115849351 0.927521271 0.355363503 0.115849351 0.927521271 0.355363503 0.161775161 0.921508334 0.353059752 0.161775161 0.921508334 0.353059752 0.161775161 0.921508334 0.353059752 0.161275421 0.921375395 0.353634869 0.161275421 0.921375395 0.353634869 0.161275421 0.921375395 0.353634869 0.202836617 0.914189648 0.350876894 0.202836617 0.914189648 0.350876894 0.202836617 0.914189648 0.350876894 0.202898102 0.914205583 0.350799817 0.202898102 0.914205583 0.350799817 0.202898102 0.914205583 0.350799817 0.231461877 0.908271572 0.348522813 0.231461877 0.908271572 0.348522813 0.231461877 0.908271572 0.348522813 0.227039118 0.907101121 0.354430239 0.227039118 0.907101121 0.354430239 0.227039118 0.907101121 0.354430239 0.251681127 0.90144232 0.352219185 0.251681127 0.90144232 0.352219185 0.251681127 0.90144232 0.352219185 0.247905464 0.900438495 0.357426072 0.247905464 0.900438495 0.357426072 0.247905464 0.900438495 0.357426072 0.255762367 0.898538187 0.356671751 0.255762367 0.898538187 0.356671751 0.255762367 0.898538187 0.356671751 0.251606699 0.897517167 0.36215605 0.251606699 0.897517167 0.36215605 0.251606699 0.897517167 0.36215605 0.236877919 0.900957505 0.363544256 0.236877919 0.900957505 0.363544256 0.236877919 0.900957505 0.363544256 0.234312063 0.900482552 0.366372803 0.234312063 0.900482552 0.366372803 0.234312063 0.900482552 0.366372803 0.124156083 0.919101721 0.373948249 0.124156083 0.919101721 0.373948249 0.124156083 0.919101721 0.373948249 0.125201472 0.919227362 0.373290299 0.125201472 0.919227362 0.373290299 0.125201472 0.919227362 0.373290299 0.36992849 0.860790858 0.349559739 0.36992849 0.860790858 0.349559739 0.36992849 0.860790858 0.349559739 0.369249814 0.860834268 0.350169872 0.369249814 0.860834268 0.350169872 0.369249814 0.860834268 0.350169872 0.621038563 0.726011818 0.295326841 0.621038563 0.726011818 0.295326841 0.621038563 0.726011818 0.295326841 0.620765345 0.726053095 0.295799409 0.620765345 0.726053095 0.295799409 0.620765345 0.726053095 0.295799409 0.931588081 0.336649092 0.137153334 0.931588081 0.336649092 0.137153334 0.931588081 0.336649092 0.137153334 -0.940996654 0.269360793 0.204865955 -0.940996654 0.269360793 0.204865955 -0.940996654 0.269360793 0.204865955 -0.656855718 0.60015634 0.456456935 -0.656855718 0.60015634 0.456456935 -0.656855718 0.60015634 0.456456935 -0.653495903 0.60476281 0.455197814 -0.653495903 0.60476281 0.455197814 -0.653495903 0.60476281 0.455197814 -0.38974065 0.735789233 0.553819853 -0.38974065 0.735789233 0.553819853 -0.38974065 0.735789233 0.553819853 -0.395229397 0.731476132 0.555640524 -0.395229397 0.731476132 0.555640524 -0.395229397 0.731476132 0.555640524 -0.138539084 0.788630875 0.599056145 -0.138539084 0.788630875 0.599056145 -0.138539084 0.788630875 0.599056145 -0.138197086 0.788804213 0.598906903 -0.138197086 0.788804213 0.598906903 -0.138197086 0.788804213 0.598906903 -0.18662335 0.782453979 0.594085428 -0.18662335 0.782453979 0.594085428 -0.18662335 0.782453979 0.594085428 -0.195899058 0.768729485 0.608833752 -0.195899058 0.768729485 0.608833752 -0.195899058 0.768729485 0.608833752 -0.199508996 0.768158736 0.608381719 -0.199508996 0.768158736 0.608381719 -0.199508996 0.768158736 0.608381719 -0.203812871 0.76104698 0.615847227 -0.203812871 0.76104698 0.615847227 -0.203812871 0.76104698 0.615847227 -0.19714788 0.762107225 0.616705189 -0.19714788 0.762107225 0.616705189 -0.19714788 0.762107225 0.616705189 -0.202227862 0.753704691 0.625326419 -0.202227862 0.753704691 0.625326419 -0.202227862 0.753704691 0.625326419 -0.190325057 0.755538378 0.626847775 -0.190325057 0.755538378 0.626847775 -0.190325057 0.755538378 0.626847775 -0.193497624 0.750545464 0.631854553 -0.193497624 0.750545464 0.631854553 -0.193497624 0.750545464 0.631854553 -0.175344536 0.753151363 0.634048357 -0.175344536 0.753151363 0.634048357 -0.175344536 0.753151363 0.634048357 -0.177359823 0.750237184 0.636936152 -0.177359823 0.750237184 0.636936152 -0.177359823 0.750237184 0.636936152 -0.150214153 0.753673286 0.639853332 -0.150214153 0.753673286 0.639853332 -0.150214153 0.753673286 0.639853332 -0.153604109 0.749269373 0.644205855 -0.153604109 0.749269373 0.644205855 -0.153604109 0.749269373 0.644205855 -0.117178444 0.75304434 0.647451492 -0.117178444 0.75304434 0.647451492 -0.117178444 0.75304434 0.647451492 -0.119183615 0.750729617 0.649769427 -0.119183615 0.750729617 0.649769427 -0.119183615 0.750729617 0.649769427 -0.0950693355 0.752694334 0.651469923 -0.0950693355 0.752694334 0.651469923 -0.0950693355 0.752694334 0.651469923 -0.0953985603 0.752323317 0.651850245 -0.0953985603 0.752323317 0.651850245 -0.0953985603 0.752323317 0.651850245 -0.0776393144 0.753488984 0.652860237 -0.0776393144 0.753488984 0.652860237 -0.0776393144 0.753488984 0.652860237 -0.0774950062 0.75364888 0.652692799 -0.0774950062 0.75364888 0.652692799 -0.0774950062 0.75364888 0.652692799 -0.0626592735 0.75443673 0.653375112 -0.0626592735 0.75443673 0.653375112 -0.0626592735 0.75443673 0.653375112 -0.0622308972 0.754897203 0.652884008 -0.0622308972 0.754897203 0.652884008 -0.0622308972 0.754897203 0.652884008 -0.0481231463 0.755486887 0.653394005 -0.0481231463 0.755486887 0.653394005 -0.0481231463 0.755486887 0.653394005 -0.0483603926 0.7552419 0.653659656 -0.0483603926 0.7552419 0.653659656 -0.0483603926 0.7552419 0.653659656 -0.0352092586 0.755657777 0.654019596 -0.0352092586 0.755657777 0.654019596 -0.0352092586 0.755657777 0.654019596 -0.0349926342 0.755870903 0.653784899 -0.0349926342 0.755870903 0.653784899 -0.0349926342 0.755870903 0.653784899 -0.0198385991 0.756185254 0.654056795 -0.0198385991 0.756185254 0.654056795 -0.0198385991 0.756185254 0.654056795 -0.0181169126 0.75776266 0.652278719 -0.0181169126 0.75776266 0.652278719 -0.0181169126 0.75776266 0.652278719 -0.00485620346 0.757878112 0.6523781 -0.00485620346 0.757878112 0.6523781 -0.00485620346 0.757878112 0.6523781 -0.00153244655 0.760770666 0.649018987 -0.00153244655 0.760770666 0.649018987 -0.00153244655 0.760770666 0.649018987 0.0118518393 0.760718126 0.648974165 0.0118518393 0.760718126 0.648974165 0.0118518393 0.760718126 0.648974165 0.0157517682 0.764029981 0.644988427 0.0157517682 0.764029981 0.644988427 0.0157517682 0.764029981 0.644988427 0.0279061219 0.763827194 0.644817235 0.0279061219 0.763827194 0.644817235 0.0279061219 0.763827194 0.644817235 0.0346364134 0.769374925 0.637857777 0.0346364134 0.769374925 0.637857777 0.0346364134 0.769374925 0.637857777 0.0460879667 0.769018803 0.63756253 0.0460879667 0.769018803 0.63756253 0.0460879667 0.769018803 0.63756253 0.0527140122 0.774279202 0.630644868 0.0527140122 0.774279202 0.630644868 0.0527140122 0.774279202 0.630644868 0.0674755613 0.773590125 0.630083619 0.0674755613 0.773590125 0.630083619 0.0674755613 0.773590125 0.630083619 0.0725429107 0.777455122 0.624740794 0.0725429107 0.777455122 0.624740794 0.0725429107 0.777455122 0.624740794 0.0911835327 0.776261547 0.623781671 0.0911835327 0.776261547 0.623781671 0.0911835327 0.776261547 0.623781671 0.0946437991 0.77876861 0.620130634 0.0946437991 0.77876861 0.620130634 0.0946437991 0.77876861 0.620130634 0.123950023 0.776247526 0.618123103 0.123950023 0.776247526 0.618123103 0.123950023 0.776247526 0.618123103 0.125905866 0.777601712 0.616022151 0.125905866 0.777601712 0.616022151 0.125905866 0.777601712 0.616022151 0.183969568 0.770460737 0.610365015 0.183969568 0.770460737 0.610365015 0.183969568 0.770460737 0.610365015 0.182404896 0.769351745 0.612230631 0.182404896 0.769351745 0.612230631 0.182404896 0.769351745 0.612230631 0.232138923 0.761103744 0.60566708 0.232138923 0.761103744 0.60566708 0.232138923 0.761103744 0.60566708 0.230476364 0.7598462 0.60787696 0.230476364 0.7598462 0.60787696 0.230476364 0.7598462 0.60787696 0.266218559 0.752689357 0.602151485 0.266218559 0.752689357 0.602151485 0.266218559 0.752689357 0.602151485 0.263323361 0.750359819 0.606317532 0.263323361 0.750359819 0.606317532 0.263323361 0.750359819 0.606317532 0.28987451 0.744415039 0.601513938 0.28987451 0.744415039 0.601513938 0.28987451 0.744415039 0.601513938 0.285924975 0.74113524 0.607425274 0.285924975 0.74113524 0.607425274 0.285924975 0.74113524 0.607425274 0.293485846 0.739365191 0.605974564 0.293485846 0.739365191 0.605974564 0.293485846 0.739365191 0.605974564 0.290346614 0.736911425 0.610459168 0.290346614 0.736911425 0.610459168 0.290346614 0.736911425 0.610459168 0.274967779 0.740401372 0.613350249 0.274967779 0.740401372 0.613350249 0.274967779 0.740401372 0.613350249 0.268947696 0.736727879 0.620402425 0.268947696 0.736727879 0.620402425 0.268947696 0.736727879 0.620402425 0.13310205 0.758105277 0.638404444 0.13310205 0.758105277 0.638404444 0.13310205 0.758105277 0.638404444 0.137515399 0.759650621 0.63562603 0.137515399 0.759650621 0.63562603 0.137515399 0.759650621 0.63562603 0.405545516 0.701037646 0.58658252 0.405545516 0.701037646 0.58658252 0.405545516 0.701037646 0.58658252 0.40389151 0.700577429 0.588271123 0.40389151 0.700577429 0.588271123 0.40389151 0.700577429 0.588271123 0.661576066 0.57427163 0.482212819 0.661576066 0.57427163 0.482212819 0.661576066 0.57427163 0.482212819 0.661511779 0.574228705 0.482352112 0.661511779 0.574228705 0.482352112 0.661511779 0.574228705 0.482352112 0.943790268 0.253099837 0.212603863 0.943790268 0.253099837 0.212603863 0.943790268 0.253099837 0.212603863 -0.955874337 0.146583705 0.254592751 -0.955874337 0.146583705 0.254592751 -0.955874337 0.146583705 0.254592751 -0.709284606 0.351731128 0.610901433 -0.709284606 0.351731128 0.610901433 -0.709284606 0.351731128 0.610901433 -0.713516405 0.343829007 0.61047191 -0.713516405 0.343829007 0.61047191 -0.713516405 0.343829007 0.61047191 -0.460386751 0.435635983 0.773476134 -0.460386751 0.435635983 0.773476134 -0.460386751 0.435635983 0.773476134 -0.445883954 0.451010308 0.773160528 -0.445883954 0.451010308 0.773160528 -0.445883954 0.451010308 0.773160528 -0.149541986 0.498205186 0.854066032 -0.149541986 0.498205186 0.854066032 -0.149541986 0.498205186 0.854066032 -0.162301654 0.48863724 0.857258316 -0.162301654 0.48863724 0.857258316 -0.162301654 0.48863724 0.857258316 -0.205463271 0.484637802 0.850241757 -0.205463271 0.484637802 0.850241757 -0.205463271 0.484637802 0.850241757 -0.210157441 0.47359654 0.855301214 -0.210157441 0.47359654 0.855301214 -0.210157441 0.47359654 0.855301214 -0.219658488 0.472583761 0.853472165 -0.219658488 0.472583761 0.853472165 -0.219658488 0.472583761 0.853472165 -0.223310143 0.46315019 0.857685538 -0.223310143 0.46315019 0.857685538 -0.223310143 0.46315019 0.857685538 -0.215153864 0.464021005 0.859298157 -0.215153864 0.464021005 0.859298157 -0.215153864 0.464021005 0.859298157 -0.219459319 0.453044279 0.864053522 -0.219459319 0.453044279 0.864053522 -0.219459319 0.453044279 0.864053522 -0.208336538 0.454175262 0.866210551 -0.208336538 0.454175262 0.866210551 -0.208336538 0.454175262 0.866210551 -0.21086467 0.44813018 0.868743594 -0.21086467 0.44813018 0.868743594 -0.21086467 0.44813018 0.868743594 -0.190096986 0.450078566 0.872520728 -0.190096986 0.450078566 0.872520728 -0.190096986 0.450078566 0.872520728 -0.193425966 0.442851088 0.87548233 -0.193425966 0.442851088 0.87548233 -0.193425966 0.442851088 0.87548233 -0.166445311 0.445078993 0.879886725 -0.166445311 0.445078993 0.879886725 -0.166445311 0.445078993 0.879886725 -0.166006561 0.44592208 0.879542677 -0.166006561 0.44592208 0.879542677 -0.166006561 0.44592208 0.879542677 -0.128871002 0.448425765 0.884480977 -0.128871002 0.448425765 0.884480977 -0.128871002 0.448425765 0.884480977 -0.129773669 0.446888273 0.885126921 -0.129773669 0.446888273 0.885126921 -0.129773669 0.446888273 0.885126921 -0.102939749 0.44830525 0.88793345 -0.102939749 0.44830525 0.88793345 -0.102939749 0.44830525 0.88793345 -0.105080041 0.444737784 0.889475401 -0.105080041 0.444737784 0.889475401 -0.105080041 0.444737784 0.889475401 -0.0862557872 0.445546908 0.891093649 -0.0862557872 0.445546908 0.891093649 -0.0862557872 0.445546908 0.891093649 -0.0856074533 0.446616291 0.890620712 -0.0856074533 0.446616291 0.890620712 -0.0856074533 0.446616291 0.890620712 -0.06900213 0.447193459 0.891771673 -0.06900213 0.447193459 0.891771673 -0.06900213 0.447193459 0.891771673 -0.0696674119 0.446126927 0.892254009 -0.0696674119 0.446126927 0.892254009 -0.0696674119 0.446126927 0.892254009 -0.0533322734 0.446577069 0.893154292 -0.0533322734 0.446577069 0.893154292 -0.0533322734 0.446577069 0.893154292 -0.0539778017 0.445576708 0.893615015 -0.0539778017 0.445576708 0.893615015 -0.0539778017 0.445576708 0.893615015 -0.040160981 0.44586724 0.894197685 -0.040160981 0.44586724 0.894197685 -0.040160981 0.44586724 0.894197685 -0.0394873553 0.446864741 0.89372963 -0.0394873553 0.446864741 0.89372963 -0.0394873553 0.446864741 0.89372963 -0.0262569687 0.447059349 0.894118846 -0.0262569687 0.447059349 0.894118846 -0.0262569687 0.447059349 0.894118846 -0.023473685 0.450923901 0.892253676 -0.023473685 0.450923901 0.892253676 -0.023473685 0.450923901 0.892253676 -0.00922599044 0.451028988 0.892461614 -0.00922599044 0.451028988 0.892461614 -0.00922599044 0.451028988 0.892461614 -0.00849959603 0.451999483 0.891977704 -0.00849959603 0.451999483 0.891977704 -0.00849959603 0.451999483 0.891977704 0.0050402615 0.45201007 0.891998595 0.0050402615 0.45201007 0.891998595 0.0050402615 0.45201007 0.891998595 0.00872245697 0.456891141 0.88947985 0.00872245697 0.456891141 0.88947985 0.00872245697 0.456891141 0.88947985 0.0219476315 0.456798463 0.889299424 0.0219476315 0.456798463 0.889299424 0.0219476315 0.456798463 0.889299424 0.0258308833 0.461902338 0.886554564 0.0258308833 0.461902338 0.886554564 0.0258308833 0.461902338 0.886554564 0.0423829353 0.461641329 0.886053593 0.0423829353 0.461641329 0.886053593 0.0423829353 0.461641329 0.886053593 0.0465405997 0.467028969 0.883016373 0.0465405997 0.467028969 0.883016373 0.0465405997 0.467028969 0.883016373 0.0658910088 0.466519555 0.882053218 0.0658910088 0.466519555 0.882053218 0.0658910088 0.466519555 0.882053218 0.071279726 0.47336698 0.877976596 0.071279726 0.47336698 0.877976596 0.071279726 0.47336698 0.877976596 0.0967464652 0.472347924 0.876086503 0.0967464652 0.472347924 0.876086503 0.0967464652 0.472347924 0.876086503 0.0994591067 0.475702523 0.8739651 0.0994591067 0.475702523 0.8739651 0.0994591067 0.475702523 0.8739651 0.139383678 0.473406243 0.869746354 0.139383678 0.473406243 0.869746354 0.139383678 0.473406243 0.869746354 0.140623528 0.474905189 0.868729005 0.140623528 0.474905189 0.868729005 0.140623528 0.474905189 0.868729005 0.209885359 0.468987414 0.857903807 0.209885359 0.468987414 0.857903807 0.209885359 0.468987414 0.857903807 0.210092496 0.469253089 0.857707807 0.210092496 0.469253089 0.857707807 0.210092496 0.469253089 0.857707807 0.267177366 0.462517189 0.845395828 0.267177366 0.462517189 0.845395828 0.267177366 0.462517189 0.845395828 0.266786701 0.461972342 0.845817008 0.266786701 0.461972342 0.845817008 0.266786701 0.461972342 0.845817008 0.308429327 0.45597652 0.834839364 0.308429327 0.45597652 0.834839364 0.308429327 0.45597652 0.834839364 0.305397475 0.451449687 0.838406561 0.305397475 0.451449687 0.838406561 0.305397475 0.451449687 0.838406561 0.332484155 0.447127735 0.830380079 0.332484155 0.447127735 0.830380079 0.332484155 0.447127735 0.830380079 0.331582557 0.445743913 0.831483837 0.331582557 0.445743913 0.831483837 0.331582557 0.445743913 0.831483837 0.340742502 0.444199139 0.82860224 0.340742502 0.444199139 0.82860224 0.340742502 0.444199139 0.82860224 0.335574079 0.436738307 0.834655431 0.335574079 0.436738307 0.834655431 0.335574079 0.436738307 0.834655431 0.317331594 0.439659506 0.840238167 0.317331594 0.439659506 0.840238167 0.317331594 0.439659506 0.840238167 0.311990675 0.433539677 0.84540237 0.311990675 0.433539677 0.84540237 0.311990675 0.433539677 0.84540237 0.15132894 0.451061459 0.879569845 0.15132894 0.451061459 0.879569845 0.15132894 0.451061459 0.879569845 0.151660537 0.451273168 0.879404122 0.151660537 0.451273168 0.879404122 0.151660537 0.451273168 0.879404122 0.442526474 0.409417549 0.797839326 0.442526474 0.409417549 0.797839326 0.442526474 0.409417549 0.797839326 0.445964117 0.412007265 0.794585439 0.445964117 0.412007265 0.794585439 0.445964117 0.412007265 0.794585439 0.705600265 0.32618539 0.629071823 0.705600265 0.32618539 0.629071823 0.705600265 0.32618539 0.629071823 0.704707257 0.324625976 0.630876896 0.704707257 0.324625976 0.630876896 0.704707257 0.324625976 0.630876896 0.954923007 0.135823299 0.263958487 0.954923007 0.135823299 0.263958487 0.954923007 0.135823299 0.263958487 -0.962100155 0 0.272696336 -0.962100155 0 0.272696336 -0.962100155 0 0.272696336 -0.736837934 0 0.676069418 -0.736837934 0 0.676069418 -0.736837934 0 0.676069418 -0.736837934 0 0.676069418 -0.736837934 0 0.676069418 -0.736837934 0 0.676069418 -0.486484642 0 0.873689128 -0.486484642 0 0.873689128 -0.486484642 0 0.873689128 -0.486484642 0 0.873689128 -0.486484642 0 0.873689128 -0.486484642 0 0.873689128 -0.166195921 0 0.986092752 -0.166195921 0 0.986092752 -0.166195921 0 0.986092752 -0.166195921 0 0.986092752 -0.166195921 0 0.986092752 -0.166195921 0 0.986092752 -0.218666674 0 0.975799614 -0.218666674 0 0.975799614 -0.218666674 0 0.975799614 -0.218666674 0 0.975799614 -0.218666674 0 0.975799614 -0.218666674 0 0.975799614 -0.232417382 0 0.972616142 -0.232417382 0 0.972616142 -0.232417382 0 0.972616142 -0.232417382 0 0.972616142 -0.232417382 0 0.972616142 -0.232417382 0 0.972616142 -0.227336854 0 0.973816181 -0.227336854 0 0.973816181 -0.227336854 0 0.973816181 -0.227336854 0 0.973816181 -0.227336854 0 0.973816181 -0.227336854 0 0.973816181 -0.218559788 0 0.975823559 -0.218559788 0 0.975823559 -0.218559788 0 0.975823559 -0.218559788 0 0.975823559 -0.218559788 0 0.975823559 -0.218559788 0 0.975823559 -0.199742624 0 0.979848398 -0.199742624 0 0.979848398 -0.199742624 0 0.979848398 -0.199742624 0 0.979848398 -0.199742624 0 0.979848398 -0.199742624 0 0.979848398 -0.174127857 0 0.984723052 -0.174127857 0 0.984723052 -0.174127857 0 0.984723052 -0.174127857 0 0.984723052 -0.174127857 0 0.984723052 -0.174127857 0 0.984723052 -0.134833343 0 0.990868291 -0.134833343 0 0.990868291 -0.134833343 0 0.990868291 -0.134833343 0 0.990868291 -0.134833343 0 0.990868291 -0.134833343 0 0.990868291 -0.108406951 0 0.9941066 -0.108406951 0 0.9941066 -0.108406951 0 0.9941066 -0.108406951 0 0.9941066 -0.108406951 0 0.9941066 -0.108406951 0 0.9941066 -0.0898821637 0 0.995952407 -0.0898821637 0 0.995952407 -0.0898821637 0 0.995952407 -0.0898821637 0 0.995952407 -0.0898821637 0 0.995952407 -0.0898821637 0 0.995952407 -0.0728715977 0 0.997341331 -0.0728715977 0 0.997341331 -0.0728715977 0 0.997341331 -0.0728715977 0 0.997341331 -0.0728715977 0 0.997341331 -0.0728715977 0 0.997341331 -0.0560270091 0 0.998429254 -0.0560270091 0 0.998429254 -0.0560270091 0 0.998429254 -0.0560270091 0 0.998429254 -0.0560270091 0 0.998429254 -0.0560270091 0 0.998429254 -0.0426709197 0 0.999089182 -0.0426709197 0 0.999089182 -0.0426709197 0 0.999089182 -0.0426709197 0 0.999089182 -0.0426709197 0 0.999089182 -0.0426709197 0 0.999089182 -0.027809952 0 0.999613228 -0.027809952 0 0.999613228 -0.027809952 0 0.999613228 -0.027809952 0 0.999613228 -0.027809952 0 0.999613228 -0.027809952 0 0.999613228 -0.0111414163 0 0.999937932 -0.0111414163 0 0.999937932 -0.0111414163 0 0.999937932 -0.0111414163 0 0.999937932 -0.0111414163 0 0.999937932 -0.0111414163 0 0.999937932 0.0032103554 0 0.999994847 0.0032103554 0 0.999994847 0.0032103554 0 0.999994847 0.0032103554 -0 0.999994847 0.0032103554 -0 0.999994847 0.0032103554 -0 0.999994847 0.0213065811 0 0.999772989 0.0213065811 0 0.999772989 0.0213065811 0 0.999772989 0.0213065811 -0 0.999772989 0.0213065811 -0 0.999772989 0.0213065811 -0 0.999772989 0.042478587 0 0.999097377 0.042478587 0 0.999097377 0.042478587 0 0.999097377 0.042478587 -0 0.999097377 0.042478587 -0 0.999097377 0.042478587 -0 0.999097377 0.0679126996 0 0.997691267 0.0679126996 0 0.997691267 0.0679126996 0 0.997691267 0.0679126996 -0 0.997691267 0.0679126996 -0 0.997691267 0.0679126996 -0 0.997691267 0.101591218 0 0.994826228 0.101591218 0 0.994826228 0.101591218 0 0.994826228 0.101591218 -0 0.994826228 0.101591218 -0 0.994826228 0.101591218 -0 0.994826228 0.14722489 0 0.989103044 0.14722489 0 0.989103044 0.14722489 0 0.989103044 0.14722489 -0 0.989103044 0.14722489 -0 0.989103044 0.14722489 -0 0.989103044 0.224391196 0 0.974499149 0.224391196 0 0.974499149 0.224391196 0 0.974499149 0.224391196 -0 0.974499149 0.224391196 -0 0.974499149 0.224391196 -0 0.974499149 0.285760111 0 0.958301184 0.285760111 0 0.958301184 0.285760111 0 0.958301184 0.285760111 -0 0.958301184 0.285760111 -0 0.958301184 0.285760111 -0 0.958301184 0.329173093 0 0.944269599 0.329173093 0 0.944269599 0.329173093 0 0.944269599 0.329173093 -0 0.944269599 0.329173093 -0 0.944269599 0.329173093 -0 0.944269599 0.354083635 0 0.935213761 0.354083635 0 0.935213761 0.354083635 0 0.935213761 0.354083635 -0 0.935213761 0.354083635 -0 0.935213761 0.354083635 -0 0.935213761 0.362446261 0 0.932004672 0.362446261 0 0.932004672 0.362446261 0 0.932004672 0.362446261 -0 0.932004672 0.362446261 -0 0.932004672 0.362446261 -0 0.932004672 0.335519243 0 0.942033353 0.335519243 0 0.942033353 0.335519243 0 0.942033353 0.335519243 -0 0.942033353 0.335519243 -0 0.942033353 0.335519243 -0 0.942033353 0.158283995 0 0.987393628 0.158283995 0 0.987393628 0.158283995 0 0.987393628 0.158283995 -0 0.987393628 0.158283995 -0 0.987393628 0.158283995 -0 0.987393628 0.463497698 0 0.886098123 0.463497698 0 0.886098123 0.463497698 0 0.886098123 0.463497698 -0 0.886098123 0.463497698 -0 0.886098123 0.463497698 -0 0.886098123 0.725396067 0 0.688331712 0.725396067 0 0.688331712 0.725396067 0 0.688331712 0.725396067 -0 0.688331712 0.725396067 -0 0.688331712 0.725396067 -0 0.688331712 0.959365537 0 0.282166202 0.959365537 0 0.282166202 0.959365537 0 0.282166202 -0.955874337 -0.146583705 0.254592751 -0.955874337 -0.146583705 0.254592751 -0.955874337 -0.146583705 0.254592751 -0.712976046 -0.349868075 0.607665605 -0.712976046 -0.349868075 0.607665605 -0.712976046 -0.349868075 0.607665605 -0.710712798 -0.345224543 0.612949699 -0.710712798 -0.345224543 0.612949699 -0.710712798 -0.345224543 0.612949699 -0.446854591 -0.439016255 0.77947784 -0.446854591 -0.439016255 0.77947784 -0.446854591 -0.439016255 0.77947784 -0.458075794 -0.447897574 0.767824413 -0.458075794 -0.447897574 0.767824413 -0.458075794 -0.447897574 0.767824413 -0.162014085 -0.497214106 0.852367039 -0.162014085 -0.497214106 0.852367039 -0.162014085 -0.497214106 0.852367039 -0.150262046 -0.48958061 0.858913351 -0.150262046 -0.48958061 0.858913351 -0.150262046 -0.48958061 0.858913351 -0.209950481 -0.484165969 0.84941398 -0.209950481 -0.484165969 0.84941398 -0.209950481 -0.484165969 0.84941398 -0.206424549 -0.473981633 0.855996681 -0.206424549 -0.473981633 0.855996681 -0.206424549 -0.473981633 0.855996681 -0.223127701 -0.472202233 0.852783138 -0.223127701 -0.472202233 0.852783138 -0.223127701 -0.472202233 0.852783138 -0.220496439 -0.463454445 0.858248972 -0.220496439 -0.463454445 0.858248972 -0.220496439 -0.463454445 0.858248972 -0.219288466 -0.463583823 0.85848856 -0.219288466 -0.463583823 0.85848856 -0.219288466 -0.463583823 0.85848856 -0.216086347 -0.453393763 0.864720063 -0.216086347 -0.453393763 0.864720063 -0.216086347 -0.453393763 0.864720063 -0.210786004 -0.453931484 0.865745614 -0.210786004 -0.453931484 0.865745614 -0.210786004 -0.453931484 0.865745614 -0.208807448 -0.448332584 0.869135975 -0.208807448 -0.448332584 0.869135975 -0.208807448 -0.448332584 0.869135975 -0.193357593 -0.449786557 0.87195464 -0.193357593 -0.449786557 0.87195464 -0.193357593 -0.449786557 0.87195464 -0.190611204 -0.443099676 0.87597377 -0.190611204 -0.443099676 0.87597377 -0.190611204 -0.443099676 0.87597377 -0.16601394 -0.445111816 0.879951614 -0.16601394 -0.445111816 0.879951614 -0.16601394 -0.445111816 0.879951614 -0.166394017 -0.44589255 0.879484431 -0.166394017 -0.44589255 0.879484431 -0.166394017 -0.44589255 0.879484431 -0.129761082 -0.448373275 0.884377446 -0.129761082 -0.448373275 0.884377446 -0.129761082 -0.448373275 0.884377446 -0.128943784 -0.446937067 0.885223564 -0.128943784 -0.446937067 0.885223564 -0.128943784 -0.446937067 0.885223564 -0.10505846 -0.4482054 0.887735681 -0.10505846 -0.4482054 0.887735681 -0.10505846 -0.4482054 0.887735681 -0.103080949 -0.444831342 0.889662518 -0.103080949 -0.444831342 0.889662518 -0.103080949 -0.444831342 0.889662518 -0.0856120402 -0.44557174 0.891143312 -0.0856120402 -0.44557174 0.891143312 -0.0856120402 -0.44557174 0.891143312 -0.0862225248 -0.446592515 0.890573299 -0.0862225248 -0.446592515 0.890573299 -0.0862225248 -0.446592515 0.890573299 -0.0696621441 -0.447172897 0.891730669 -0.0696621441 -0.447172897 0.891730669 -0.0696621441 -0.447172897 0.891730669 -0.0690312645 -0.446146705 0.892293563 -0.0690312645 -0.446146705 0.892293563 -0.0690312645 -0.446146705 0.892293563 -0.0539728905 -0.446561676 0.893123506 -0.0539728905 -0.446561676 0.893123506 -0.0539728905 -0.446561676 0.893123506 -0.0533527249 -0.445591698 0.893645078 -0.0533527249 -0.445591698 0.893645078 -0.0533527249 -0.445591698 0.893645078 -0.0394909533 -0.445879157 0.894221584 -0.0394909533 -0.445879157 0.894221584 -0.0394909533 -0.445879157 0.894221584 -0.0401443458 -0.446853034 0.893706215 -0.0401443458 -0.446853034 0.893706215 -0.0401443458 -0.446853034 0.893706215 -0.0234946502 -0.447090089 0.894180325 -0.0234946502 -0.447090089 0.894180325 -0.0234946502 -0.447090089 0.894180325 -0.0262152376 -0.450893169 0.892192867 -0.0262152376 -0.450893169 0.892192867 -0.0262152376 -0.450893169 0.892192867 -0.0085081315 -0.451031859 0.892467296 -0.0085081315 -0.451031859 0.892467296 -0.0085081315 -0.451031859 0.892467296 -0.00921899513 -0.451996602 0.891972018 -0.00921899513 -0.451996602 0.891972018 -0.00921899513 -0.451996602 0.891972018 0.00866764901 -0.451998831 0.891976417 0.00866764901 -0.451998831 0.891976417 0.00866764901 -0.451998831 0.891976417 0.00505580748 -0.456902683 0.88950232 0.00505580748 -0.456902683 0.88950232 0.00505580748 -0.456902683 0.88950232 0.0257692591 -0.456756791 0.889218297 0.0257692591 -0.456756791 0.889218297 0.0257692591 -0.456756791 0.889218297 0.0219246487 -0.461945448 0.886637306 0.0219246487 -0.461945448 0.886637306 0.0219246487 -0.461945448 0.886637306 0.0464899697 -0.461556919 0.885891581 0.0464899697 -0.461556919 0.885891581 0.0464899697 -0.461556919 0.885891581 0.042316734 -0.467116794 0.883182425 0.042316734 -0.467116794 0.883182425 0.042316734 -0.467116794 0.883182425 0.0712441488 -0.466347539 0.881727987 0.0712441488 -0.466347539 0.881727987 0.0712441488 -0.466347539 0.881727987 0.0657244992 -0.473548003 0.878312347 0.0657244992 -0.473548003 0.878312347 0.0657244992 -0.473548003 0.878312347 0.0994652136 -0.472220729 0.875850589 0.0994652136 -0.472220729 0.875850589 0.0994652136 -0.472220729 0.875850589 0.0966087905 -0.475836756 0.874211715 0.0966087905 -0.475836756 0.874211715 0.0966087905 -0.475836756 0.874211715 0.140650737 -0.473320584 0.86958898 0.140650737 -0.473320584 0.86958898 0.140650737 -0.473320584 0.86958898 0.139290183 -0.474995591 0.868894374 0.139290183 -0.474995591 0.868894374 0.139290183 -0.474995591 0.868894374 0.210101107 -0.468965187 0.857863147 0.210101107 -0.468965187 0.857863147 0.210101107 -0.468965187 0.857863147 0.209858027 -0.469277258 0.857751983 0.209858027 -0.469277258 0.857751983 0.209858027 -0.469277258 0.857751983 0.266759878 -0.462572699 0.845497289 0.266759878 -0.462572699 0.845497289 0.266759878 -0.462572699 0.845497289 0.267249617 -0.461910859 0.84570444 0.267249617 -0.461910859 0.84570444 0.267249617 -0.461910859 0.84570444 0.305142979 -0.456484286 0.835769023 0.305142979 -0.456484286 0.835769023 0.305142979 -0.456484286 0.835769023 0.309110427 -0.450881331 0.837351043 0.309110427 -0.450881331 0.837351043 0.309110427 -0.450881331 0.837351043 0.331498394 -0.44729222 0.830685551 0.331498394 -0.44729222 0.830685551 0.331498394 -0.44729222 0.830685551 0.332706434 -0.445556928 0.831135039 0.332706434 -0.445556928 0.831135039 0.332706434 -0.445556928 0.831135039 0.335113919 -0.445153987 0.830383399 0.335113919 -0.445153987 0.830383399 0.335113919 -0.445153987 0.830383399 0.341950256 -0.43567394 0.832621307 0.341950256 -0.43567394 0.832621307 0.341950256 -0.43567394 0.832621307 0.311698092 -0.44052488 0.841891994 0.311698092 -0.44052488 0.841891994 0.311698092 -0.44052488 0.841891994 0.318224616 -0.432595184 0.843560609 0.318224616 -0.432595184 0.843560609 0.318224616 -0.432595184 0.843560609 0.151665349 -0.451037931 0.879523966 0.151665349 -0.451037931 0.879523966 0.151665349 -0.451037931 0.879523966 0.151315321 -0.451297323 0.879451193 0.151315321 -0.451297323 0.879451193 0.151315321 -0.451297323 0.879451193 0.446087598 -0.408611212 0.796268003 0.446087598 -0.408611212 0.796268003 0.446087598 -0.408611212 0.796268003 0.441961019 -0.412920265 0.796346226 0.441961019 -0.412920265 0.796346226 0.441961019 -0.412920265 0.796346226 0.704608275 -0.326639444 0.6299475 0.704608275 -0.326639444 0.6299475 0.704608275 -0.326639444 0.6299475 0.706008146 -0.324033696 0.629725862 0.706008146 -0.324033696 0.629725862 0.706008146 -0.324033696 0.629725862 0.954923007 -0.135823299 0.263958487 0.954923007 -0.135823299 0.263958487 0.954923007 -0.135823299 0.263958487 -0.940996654 -0.269360793 0.204865955 -0.940996654 -0.269360793 0.204865955 -0.940996654 -0.269360793 0.204865955 -0.654034127 -0.602105415 0.45793933 -0.654034127 -0.602105415 0.45793933 -0.654034127 -0.602105415 0.45793933 -0.65566465 -0.603262487 0.454068539 -0.65566465 -0.603262487 0.454068539 -0.65566465 -0.603262487 0.454068539 -0.394831328 -0.734054647 0.552514251 -0.394831328 -0.734054647 0.552514251 -0.394831328 -0.734054647 0.552514251 -0.390696569 -0.733018639 0.556812235 -0.390696569 -0.733018639 0.556812235 -0.390696569 -0.733018639 0.556812235 -0.138204792 -0.788668067 0.599084397 -0.138204792 -0.788668067 0.599084397 -0.138204792 -0.788668067 0.599084397 -0.138519054 -0.78876839 0.598879703 -0.138519054 -0.78876839 0.598879703 -0.138519054 -0.78876839 0.598879703 -0.195258852 -0.781116113 0.593069641 -0.195258852 -0.781116113 0.593069641 -0.195258852 -0.781116113 0.593069641 -0.188560964 -0.769856306 0.609726194 -0.188560964 -0.769856306 0.609726194 -0.188560964 -0.769856306 0.609726194 -0.203513345 -0.767512927 0.607870238 -0.203513345 -0.767512927 0.607870238 -0.203513345 -0.767512927 0.607870238 -0.200548733 -0.761570817 0.616271122 -0.200548733 -0.761570817 0.616271122 -0.200548733 -0.761570817 0.616271122 -0.20189271 -0.7613562 0.616097452 -0.20189271 -0.7613562 0.616097452 -0.20189271 -0.7613562 0.616097452 -0.19830652 -0.754321573 0.625838228 -0.19830652 -0.754321573 0.625838228 -0.19830652 -0.754321573 0.625838228 -0.193332527 -0.755085975 0.62647243 -0.193332527 -0.755085975 0.62647243 -0.193332527 -0.755085975 0.62647243 -0.190967601 -0.750924597 0.63217373 -0.190967601 -0.750924597 0.63217373 -0.190967601 -0.750924597 0.63217373 -0.177266171 -0.752888059 0.633826692 -0.177266171 -0.752888059 0.633826692 -0.177266171 -0.752888059 0.633826692 -0.175679595 -0.750466891 0.637131168 -0.175679595 -0.750466891 0.637131168 -0.175679595 -0.750466891 0.637131168 -0.153498044 -0.75328867 0.639526802 -0.153498044 -0.75328867 0.639526802 -0.153498044 -0.75328867 0.639526802 -0.150651442 -0.749613985 0.644502146 -0.150651442 -0.749613985 0.644502146 -0.150651442 -0.749613985 0.644502146 -0.119133438 -0.752867949 0.647299834 -0.119133438 -0.752867949 0.647299834 -0.119133438 -0.752867949 0.647299834 -0.117361961 -0.750893676 0.649911423 -0.117361961 -0.750893676 0.649911423 -0.117361961 -0.750893676 0.649911423 -0.0953926859 -0.752670944 0.651449679 -0.0953926859 -0.752670944 0.651449679 -0.0953926859 -0.752670944 0.651449679 -0.0950932575 -0.752345394 0.651869374 -0.0950932575 -0.752345394 0.651869374 -0.0950932575 -0.752345394 0.651869374 -0.0774972355 -0.753497338 0.652867475 -0.0774972355 -0.753497338 0.652867475 -0.0774972355 -0.753497338 0.652867475 -0.077630916 -0.753640887 0.652685877 -0.077630916 -0.753640887 0.652685877 -0.077630916 -0.753640887 0.652685877 -0.0622366331 -0.75445672 0.653392424 -0.0622366331 -0.75445672 0.653392424 -0.0622366331 -0.75445672 0.653392424 -0.0626385459 -0.754877915 0.652867326 -0.0626385459 -0.754877915 0.652867326 -0.0626385459 -0.754877915 0.652867326 -0.0483576612 -0.755478321 0.653386596 -0.0483576612 -0.755478321 0.653386596 -0.0483576612 -0.755478321 0.653386596 -0.0481321207 -0.755250237 0.653666872 -0.0481321207 -0.755250237 0.653666872 -0.0481321207 -0.755250237 0.653666872 -0.0349947572 -0.755663474 0.654024527 -0.0349947572 -0.755663474 0.654024527 -0.0349947572 -0.755663474 0.654024527 -0.0352034952 -0.755865302 0.653780054 -0.0352034952 -0.755865302 0.653780054 -0.0352034952 -0.755865302 0.653780054 -0.0181331018 -0.756209749 0.654077982 -0.0181331018 -0.756209749 0.654077982 -0.0181331018 -0.756209749 0.654077982 -0.0198064937 -0.757738375 0.652257815 -0.0198064937 -0.757738375 0.652257815 -0.0198064937 -0.757738375 0.652257815 -0.0015730096 -0.757886111 0.652384985 -0.0015730096 -0.757886111 0.652384985 -0.0015730096 -0.757886111 0.652384985 -0.0048095176 -0.76076276 0.649012242 -0.0048095176 -0.76076276 0.649012242 -0.0048095176 -0.76076276 0.649012242 0.0156935435 -0.760677869 0.648939821 0.0156935435 -0.760677869 0.648939821 0.0156935435 -0.760677869 0.648939821 0.0118822072 -0.764070839 0.645022919 0.0118822072 -0.764070839 0.645022919 0.0118822072 -0.764070839 0.645022919 0.0345500249 -0.763668578 0.644683333 0.0345500249 -0.763668578 0.644683333 0.0345500249 -0.763668578 0.644683333 0.0279047324 -0.769537059 0.637992195 0.0279047324 -0.769537059 0.637992195 0.0279047324 -0.769537059 0.637992195 0.0526436178 -0.768769359 0.637355727 0.0526436178 -0.768769359 0.637355727 0.0526436178 -0.768769359 0.637355727 0.045996514 -0.774536582 0.630854502 0.045996514 -0.774536582 0.630854502 0.045996514 -0.774536582 0.630854502 0.0725348069 -0.773314838 0.6298594 0.0725348069 -0.773314838 0.6298594 0.0725348069 -0.773314838 0.6298594 0.0673202541 -0.777740521 0.624970132 0.0673202541 -0.777740521 0.624970132 0.0673202541 -0.777740521 0.624970132 0.0946780608 -0.776007302 0.623577367 0.0946780608 -0.776007302 0.623577367 0.0946780608 -0.776007302 0.623577367 0.0910068533 -0.779033854 0.620341846 0.0910068533 -0.779033854 0.620341846 0.0910068533 -0.779033854 0.620341846 0.125967062 -0.776048797 0.617964856 0.125967062 -0.776048797 0.617964856 0.125967062 -0.776048797 0.617964856 0.123779723 -0.77781141 0.616188276 0.123779723 -0.77781141 0.616188276 0.123779723 -0.77781141 0.616188276 0.182315166 -0.770702319 0.610556398 0.182315166 -0.770702319 0.610556398 0.182315166 -0.770702319 0.610556398 0.184195831 -0.769090447 0.612022696 0.184195831 -0.769090447 0.612022696 0.184195831 -0.769090447 0.612022696 0.23033023 -0.761440118 0.605934759 0.23033023 -0.761440118 0.605934759 0.23033023 -0.761440118 0.605934759 0.232486242 -0.759472758 0.607578206 0.232486242 -0.759472758 0.607578206 0.232486242 -0.759472758 0.607578206 0.263011055 -0.753376621 0.602701296 0.263011055 -0.753376621 0.602701296 0.263011055 -0.753376621 0.602701296 0.266958823 -0.749582248 0.605689227 0.266958823 -0.749582248 0.605689227 0.266958823 -0.749582248 0.605689227 0.285448792 -0.745448983 0.602349401 0.285448792 -0.745448983 0.602349401 0.285448792 -0.745448983 0.602349401 0.291002418 -0.739952142 0.606455621 0.291002418 -0.739952142 0.606455621 0.291002418 -0.739952142 0.606455621 0.289984993 -0.740191033 0.606651414 0.289984993 -0.740191033 0.606651414 0.289984993 -0.740191033 0.606651414 0.294345654 -0.735969983 0.609679276 0.294345654 -0.735969983 0.609679276 0.294345654 -0.735969983 0.609679276 0.268439645 -0.741820689 0.614526014 0.268439645 -0.741820689 0.614526014 0.268439645 -0.741820689 0.614526014 0.276151792 -0.735166888 0.619087906 0.276151792 -0.735166888 0.619087906 0.276151792 -0.735166888 0.619087906 0.137585694 -0.757636791 0.638009929 0.137585694 -0.757636791 0.638009929 0.137585694 -0.757636791 0.638009929 0.13286668 -0.760137081 0.636033068 0.13286668 -0.760137081 0.636033068 0.13286668 -0.760137081 0.636033068 0.403796189 -0.701631346 0.58707929 0.403796189 -0.701631346 0.58707929 0.403796189 -0.701631346 0.58707929 0.405851067 -0.699912954 0.587713168 0.405851067 -0.699912954 0.587713168 0.405851067 -0.699912954 0.587713168 0.661500208 -0.574322878 0.482255852 0.661500208 -0.574322878 0.482255852 0.661500208 -0.574322878 0.482255852 0.66161113 -0.574161592 0.482295738 0.66161113 -0.574161592 0.482295738 0.66161113 -0.574161592 0.482295738 0.943790268 -0.253099837 0.212603863 0.943790268 -0.253099837 0.212603863 0.943790268 -0.253099837 0.212603863 -0.925275716 -0.355145163 0.133179436 -0.925275716 -0.355145163 0.133179436 -0.925275716 -0.355145163 0.133179436 -0.602473442 -0.747320768 0.280245288 -0.602473442 -0.747320768 0.280245288 -0.602473442 -0.747320768 0.280245288 -0.603380648 -0.747165065 0.278704429 -0.603380648 -0.747165065 0.278704429 -0.603380648 -0.747165065 0.278704429 -0.352172401 -0.876914084 0.327102873 -0.352172401 -0.876914084 0.327102873 -0.352172401 -0.876914084 0.327102873 -0.353841885 -0.876778783 0.325660691 -0.353841885 -0.876778783 0.325660691 -0.353841885 -0.876778783 0.325660691 -0.113616706 -0.931355122 0.345931902 -0.113616706 -0.931355122 0.345931902 -0.113616706 -0.931355122 0.345931902 -0.122078458 -0.932199788 0.340735095 -0.122078458 -0.932199788 0.340735095 -0.122078458 -0.932199788 0.340735095 -0.181702775 -0.923589957 0.337588053 -0.181702775 -0.923589957 0.337588053 -0.181702775 -0.923589957 0.337588053 -0.17787764 -0.920951146 0.34671102 -0.17787764 -0.920951146 0.34671102 -0.17787764 -0.920951146 0.34671102 -0.190999887 -0.918646501 0.345843389 -0.190999887 -0.918646501 0.345843389 -0.190999887 -0.918646501 0.345843389 -0.186298343 -0.914674855 0.358696022 -0.186298343 -0.914674855 0.358696022 -0.186298343 -0.914674855 0.358696022 -0.188033432 -0.914367084 0.358575327 -0.188033432 -0.914367084 0.358575327 -0.188033432 -0.914367084 0.358575327 -0.184904106 -0.911697736 0.366902861 -0.184904106 -0.911697736 0.366902861 -0.184904106 -0.911697736 0.366902861 -0.180090008 -0.912526694 0.367236466 -0.180090008 -0.912526694 0.367236466 -0.180090008 -0.912526694 0.367236466 -0.177663623 -0.910621086 0.373101695 -0.177663623 -0.910621086 0.373101695 -0.177663623 -0.910621086 0.373101695 -0.164367775 -0.912756637 0.373976678 -0.164367775 -0.912756637 0.373976678 -0.164367775 -0.912756637 0.373976678 -0.162309653 -0.911326299 0.37833841 -0.162309653 -0.911326299 0.37833841 -0.162309653 -0.911326299 0.37833841 -0.14160821 -0.914265949 0.379558809 -0.14160821 -0.914265949 0.379558809 -0.14160821 -0.914265949 0.379558809 -0.141035364 -0.913924425 0.380593185 -0.141035364 -0.913924425 0.380593185 -0.141035364 -0.913924425 0.380593185 -0.109607139 -0.917589732 0.38211956 -0.109607139 -0.917589732 0.38211956 -0.109607139 -0.917589732 0.38211956 -0.108606427 -0.917062087 0.383668832 -0.108606427 -0.917062087 0.383668832 -0.108606427 -0.917062087 0.383668832 -0.0869392215 -0.919025936 0.384490443 -0.0869392215 -0.919025936 0.384490443 -0.0869392215 -0.919025936 0.384490443 -0.0872043506 -0.919165828 0.384095798 -0.0872043506 -0.919165828 0.384095798 -0.0872043506 -0.919165828 0.384095798 -0.0720358318 -0.920283749 0.384562948 -0.0720358318 -0.920283749 0.384562948 -0.0720358318 -0.920283749 0.384562948 -0.0706916315 -0.919569322 0.386516436 -0.0706916315 -0.919569322 0.386516436 -0.0706916315 -0.919569322 0.386516436 -0.0574440517 -0.920353387 0.386845996 -0.0574440517 -0.920353387 0.386845996 -0.0574440517 -0.920353387 0.386845996 -0.0565663727 -0.919888888 0.388078187 -0.0565663727 -0.919888888 0.388078187 -0.0565663727 -0.919888888 0.388078187 -0.0422603693 -0.920541021 0.388353306 -0.0422603693 -0.920541021 0.388353306 -0.0422603693 -0.920541021 0.388353306 -0.0436216553 -0.921247453 0.386523327 -0.0436216553 -0.921247453 0.386523327 -0.0436216553 -0.921247453 0.386523327 -0.0301295036 -0.921706561 0.386715953 -0.0301295036 -0.921706561 0.386715953 -0.0301295036 -0.921706561 0.386715953 -0.0311576616 -0.922221002 0.385405792 -0.0311576616 -0.922221002 0.385405792 -0.0311576616 -0.922221002 0.385405792 -0.0149827234 -0.922565407 0.385549722 -0.0149827234 -0.922565407 0.385549722 -0.0149827234 -0.922565407 0.385549722 -0.0151084405 -0.922625665 0.385400594 -0.0151084405 -0.922625665 0.385400594 -0.0151084405 -0.922625665 0.385400594 0.00464783556 -0.922721018 0.385440425 0.00464783556 -0.922721018 0.385440425 0.00464783556 -0.922721018 0.385440425 0.00137562266 -0.924275394 0.381723859 0.00137562266 -0.924275394 0.381723859 0.00137562266 -0.924275394 0.381723859 0.0222483872 -0.924047486 0.381629733 0.0222483872 -0.924047486 0.381629733 0.0222483872 -0.924047486 0.381629733 0.0184397669 -0.925884546 0.377356307 0.0184397669 -0.925884546 0.377356307 0.0184397669 -0.925884546 0.377356307 0.0394971934 -0.92531939 0.37712597 0.0394971934 -0.92531939 0.37712597 0.0394971934 -0.92531939 0.37712597 0.0359014701 -0.927063171 0.373182209 0.0359014701 -0.927063171 0.373182209 0.0359014701 -0.927063171 0.373182209 0.0576820392 -0.926116651 0.372801194 0.0576820392 -0.926116651 0.372801194 0.0576820392 -0.926116651 0.372801194 0.0526360442 -0.928560385 0.367430346 0.0526360442 -0.928560385 0.367430346 0.0526360442 -0.928560385 0.367430346 0.0733306989 -0.927345925 0.366949785 0.0733306989 -0.927345925 0.366949785 0.0733306989 -0.927345925 0.366949785 0.0695204871 -0.929171143 0.363053563 0.0695204871 -0.929171143 0.363053563 0.0695204871 -0.929171143 0.363053563 0.0912050229 -0.927542651 0.362417265 0.0912050229 -0.927542651 0.362417265 0.0912050229 -0.927542651 0.362417265 0.0879816863 -0.929067099 0.359295907 0.0879816863 -0.929067099 0.359295907 0.0879816863 -0.929067099 0.359295907 0.115883891 -0.926400252 0.358264564 0.115883891 -0.926400252 0.358264564 0.115883891 -0.926400252 0.358264564 0.112833806 -0.927845376 0.355487678 0.112833806 -0.927845376 0.355487678 0.112833806 -0.927845376 0.355487678 0.161262956 -0.921586616 0.353089744 0.161262956 -0.921586616 0.353089744 0.161262956 -0.921586616 0.353089744 0.161830286 -0.921290593 0.353602321 0.161830286 -0.921290593 0.353602321 0.161830286 -0.921290593 0.353602321 0.202900542 -0.914177283 0.350872148 0.202900542 -0.914177283 0.350872148 0.202900542 -0.914177283 0.350872148 0.202826927 -0.91421935 0.350805099 0.202826927 -0.91421935 0.350805099 0.202826927 -0.91421935 0.350805099 0.226825104 -0.909290654 0.348913856 0.226825104 -0.909290654 0.348913856 0.226825104 -0.909290654 0.348913856 0.232306261 -0.905943407 0.353977887 0.232306261 -0.905943407 0.353977887 0.232306261 -0.905943407 0.353977887 0.24769913 -0.902398698 0.352592869 0.24769913 -0.902398698 0.352592869 0.24769913 -0.902398698 0.352592869 0.252483827 -0.899338848 0.356989571 0.252483827 -0.899338848 0.356989571 0.252483827 -0.899338848 0.356989571 0.251392039 -0.899603027 0.357094436 0.251392039 -0.899603027 0.357094436 0.251392039 -0.899603027 0.357094436 0.256615205 -0.896296852 0.361663642 0.256615205 -0.896296852 0.361663642 0.256615205 -0.896296852 0.361663642 0.234218392 -0.90155526 0.363785456 0.234218392 -0.90155526 0.363785456 0.234218392 -0.90155526 0.363785456 0.237280455 -0.899815411 0.366101368 0.237280455 -0.899815411 0.366101368 0.237280455 -0.899815411 0.366101368 0.1252056 -0.918979561 0.373898547 0.1252056 -0.918979561 0.373898547 0.1252056 -0.918979561 0.373898547 0.124114361 -0.919353908 0.373341689 0.124114361 -0.919353908 0.373341689 0.124114361 -0.919353908 0.373341689 0.369231893 -0.861047563 0.349663985 0.369231893 -0.861047563 0.349663985 0.369231893 -0.861047563 0.349663985 0.370024879 -0.860548663 0.350053693 0.370024879 -0.860548663 0.350053693 0.370024879 -0.860548663 0.350053693 0.620747693 -0.726225224 0.295413651 0.620747693 -0.726225224 0.295413651 0.620747693 -0.726225224 0.295413651 0.621146551 -0.725773426 0.29568547 0.621146551 -0.725773426 0.29568547 0.621146551 -0.725773426 0.29568547 0.931588081 -0.336649092 0.137153334 0.931588081 -0.336649092 0.137153334 0.931588081 -0.336649092 0.137153334 -0.914953378 -0.401135957 0.0441617568 -0.914953378 -0.401135957 0.0441617568 -0.914953378 -0.401135957 0.0441617568 -0.575443438 -0.812929983 0.0894968789 -0.575443438 -0.812929983 0.0894968789 -0.575443438 -0.812929983 0.0894968789 -0.574169535 -0.813659193 0.0910387909 -0.574169535 -0.813659193 0.0910387909 -0.574169535 -0.813659193 0.0910387909 -0.330423747 -0.937979691 0.104948777 -0.330423747 -0.937979691 0.104948777 -0.330423747 -0.937979691 0.104948777 -0.329572625 -0.938211773 0.105548824 -0.329572625 -0.938211773 0.105548824 -0.329572625 -0.938211773 0.105548824 -0.110965987 -0.987594235 0.111104351 -0.110965987 -0.987594235 0.111104351 -0.110965987 -0.987594235 0.111104351 -0.106281398 -0.987808552 0.113747651 -0.106281398 -0.987808552 0.113747651 -0.106281398 -0.987808552 0.113747651 -0.17267868 -0.978512102 0.112677151 -0.17267868 -0.978512102 0.112677151 -0.17267868 -0.978512102 0.112677151 -0.17321048 -0.978547901 0.11154432 -0.17321048 -0.978547901 0.11154432 -0.17321048 -0.978547901 0.11154432 -0.184643873 -0.976481944 0.111308823 -0.184643873 -0.976481944 0.111308823 -0.184643873 -0.976481944 0.111308823 -0.182178119 -0.976241746 0.117316605 -0.182178119 -0.976241746 0.117316605 -0.182178119 -0.976241746 0.117316605 -0.180343605 -0.976577458 0.117356948 -0.180343605 -0.976577458 0.117356948 -0.180343605 -0.976577458 0.117356948 -0.179659427 -0.976504662 0.119000568 -0.179659427 -0.976504662 0.119000568 -0.179659427 -0.976504662 0.119000568 -0.172723219 -0.977737075 0.119150755 -0.172723219 -0.977737075 0.119150755 -0.172723219 -0.977737075 0.119150755 -0.17151657 -0.97761918 0.121831052 -0.17151657 -0.97761918 0.121831052 -0.17151657 -0.97761918 0.121831052 -0.156865455 -0.980039207 0.122132637 -0.156865455 -0.980039207 0.122132637 -0.156865455 -0.980039207 0.122132637 -0.156677886 -0.980022993 0.122502954 -0.156677886 -0.980022993 0.122502954 -0.156677886 -0.980022993 0.122502954 -0.136362484 -0.983009009 0.122876206 -0.136362484 -0.983009009 0.122876206 -0.136362484 -0.983009009 0.122876206 -0.134993404 -0.982901516 0.125225361 -0.134993404 -0.982901516 0.125225361 -0.134993404 -0.982901516 0.125225361 -0.103041597 -0.986701352 0.125709475 -0.103041597 -0.986701352 0.125709475 -0.103041597 -0.986701352 0.125709475 -0.104249459 -0.986802904 0.123903504 -0.104249459 -0.986802904 0.123903504 -0.104249459 -0.986802904 0.123903504 -0.0838591647 -0.988714332 0.124143504 -0.0838591647 -0.988714332 0.124143504 -0.0838591647 -0.988714332 0.124143504 -0.0826280094 -0.988591389 0.125935209 -0.0826280094 -0.988591389 0.125935209 -0.0826280094 -0.988591389 0.125935209 -0.0691431035 -0.989609455 0.126064899 -0.0691431035 -0.989609455 0.126064899 -0.0691431035 -0.989609455 0.126064899 -0.0686915552 -0.989558281 0.126711793 -0.0686915552 -0.989558281 0.126711793 -0.0686915552 -0.989558281 0.126711793 -0.0539217017 -0.990458155 0.12682702 -0.0539217017 -0.990458155 0.12682702 -0.0539217017 -0.990458155 0.12682702 -0.0543419823 -0.990509997 0.126241411 -0.0543419823 -0.990509997 0.126241411 -0.0543419823 -0.990509997 0.126241411 -0.0413563384 -0.991127084 0.126320059 -0.0413563384 -0.991127084 0.126320059 -0.0413563384 -0.991127084 0.126320059 -0.039660033 -0.990904399 0.128590647 -0.039660033 -0.990904399 0.128590647 -0.039660033 -0.990904399 0.128590647 -0.026280144 -0.991342114 0.12864745 -0.026280144 -0.991342114 0.12864745 -0.026280144 -0.991342114 0.12864745 -0.0281465427 -0.99159643 0.126270706 -0.0281465427 -0.99159643 0.126270706 -0.0281465427 -0.99159643 0.126270706 -0.0122647899 -0.991914836 0.126311253 -0.0122647899 -0.991914836 0.126311253 -0.0122647899 -0.991914836 0.126311253 -0.0134252983 -0.99207498 0.12492796 -0.0134252983 -0.99207498 0.12492796 -0.0134252983 -0.99207498 0.12492796 0.00631687654 -0.992144602 0.124936728 0.00631687654 -0.992144602 0.124936728 0.00631687654 -0.992144602 0.124936728 0.00592096969 -0.992204053 0.124483165 0.00592096969 -0.992204053 0.124483165 0.00592096969 -0.992204053 0.124483165 0.0238830044 -0.991938425 0.124449839 0.0238830044 -0.991938425 0.124449839 0.0238830044 -0.991938425 0.124449839 0.0238830044 -0.991938425 0.124449839 0.0238830044 -0.991938425 0.124449839 0.0238830044 -0.991938425 0.124449839 0.0422535245 -0.991335314 0.124374172 0.0422535245 -0.991335314 0.124374172 0.0422535245 -0.991335314 0.124374172 0.0400182274 -0.9917366 0.121889527 0.0400182274 -0.9917366 0.121889527 0.0400182274 -0.9917366 0.121889527 0.0589764946 -0.990804039 0.121774911 0.0589764946 -0.990804039 0.121774911 0.0589764946 -0.990804039 0.121774911 0.0574613196 -0.991093521 0.120132548 0.0574613196 -0.991093521 0.120132548 0.0574613196 -0.991093521 0.120132548 0.072717164 -0.990105621 0.120012803 0.072717164 -0.990105621 0.120012803 0.072717164 -0.990105621 0.120012803 0.0719567748 -0.99025749 0.119215465 0.0719567748 -0.99025749 0.119215465 0.0719567748 -0.99025749 0.119215465 0.0895483301 -0.988842434 0.119045109 0.0895483301 -0.988842434 0.119045109 0.0895483301 -0.988842434 0.119045109 0.0879338524 -0.989180629 0.117427942 0.0879338524 -0.989180629 0.117427942 0.0879338524 -0.989180629 0.117427942 0.111714465 -0.986811297 0.117146673 0.111714465 -0.986811297 0.117146673 0.111714465 -0.986811297 0.117146673 0.109520657 -0.987304218 0.115046106 0.109520657 -0.987304218 0.115046106 0.109520657 -0.987304218 0.115046106 0.150734832 -0.98193029 0.114419907 0.150734832 -0.98193029 0.114419907 0.150734832 -0.98193029 0.114419907 0.151171239 -0.981813541 0.114845231 0.151171239 -0.981813541 0.114845231 0.151171239 -0.981813541 0.114845231 0.186411436 -0.975818593 0.114143986 0.186411436 -0.975818593 0.114143986 0.186411436 -0.975818593 0.114143986 0.189431861 -0.974876056 0.117184666 0.189431861 -0.974876056 0.117184666 0.189431861 -0.974876056 0.117184666 0.214668069 -0.969706465 0.116563257 0.214668069 -0.969706465 0.116563257 0.214668069 -0.969706465 0.116563257 0.211143218 -0.9709134 0.112896907 0.211143218 -0.9709134 0.112896907 0.211143218 -0.9709134 0.112896907 0.226494022 -0.96749386 0.112499286 0.226494022 -0.96749386 0.112499286 0.226494022 -0.96749386 0.112499286 0.230502875 -0.966047956 0.11670378 0.230502875 -0.966047956 0.11670378 0.230502875 -0.966047956 0.11670378 0.234568751 -0.965082861 0.116587191 0.234568751 -0.965082861 0.116587191 0.234568751 -0.965082861 0.116587191 0.233546151 -0.965454761 0.115556475 0.233546151 -0.965454761 0.115556475 0.233546151 -0.965454761 0.115556475 0.216871745 -0.969281833 0.116014542 0.216871745 -0.969281833 0.116014542 0.216871745 -0.969281833 0.116014542 0.217937459 -0.968931524 0.116940011 0.217937459 -0.968931524 0.116940011 0.217937459 -0.968931524 0.116940011 0.112951063 -0.986442269 0.119053377 0.112951063 -0.986442269 0.119053377 0.112951063 -0.986442269 0.119053377 0.119366217 -0.985250602 0.122608964 0.119366217 -0.985250602 0.122608964 0.119366217 -0.985250602 0.122608964 0.350333473 -0.929455715 0.1156656 0.350333473 -0.929455715 0.1156656 0.350333473 -0.929455715 0.1156656 0.35024235 -0.929497087 0.11560909 0.35024235 -0.929497087 0.11560909 0.35024235 -0.929497087 0.11560909 0.599016797 -0.794613745 0.0988325553 0.599016797 -0.794613745 0.0988325553 0.599016797 -0.794613745 0.0988325553 0.59827394 -0.795261845 0.0981167211 0.59827394 -0.795261845 0.0981167211 0.59827394 -0.795261845 0.0981167211 0.923782211 -0.380036807 0.046887658 0.923782211 -0.380036807 0.046887658 0.923782211 -0.380036807 0.046887658 -0.914953378 -0.401135957 -0.0441617444 -0.914953378 -0.401135957 -0.0441617444 -0.914953378 -0.401135957 -0.0441617444 -0.573870858 -0.814027584 -0.0896176906 -0.573870858 -0.814027584 -0.0896176906 -0.573870858 -0.814027584 -0.0896176906 -0.575367634 -0.812822894 -0.0909451995 -0.575367634 -0.812822894 -0.0909451995 -0.575367634 -0.812822894 -0.0909451995 -0.32842956 -0.938671156 -0.105026121 -0.32842956 -0.938671156 -0.105026121 -0.32842956 -0.938671156 -0.105026121 -0.330380586 -0.93785717 -0.106172489 -0.330380586 -0.93785717 -0.106172489 -0.330380586 -0.93785717 -0.106172489 -0.107440091 -0.987901271 -0.111837858 -0.107440091 -0.987901271 -0.111837858 -0.107440091 -0.987901271 -0.111837858 -0.110933337 -0.987303649 -0.11368949 -0.110933337 -0.987303649 -0.11368949 -0.110933337 -0.987303649 -0.11368949 -0.17327489 -0.978408083 -0.112665152 -0.17327489 -0.978408083 -0.112665152 -0.17327489 -0.978408083 -0.112665152 -0.172700694 -0.978636846 -0.111554442 -0.172700694 -0.978636846 -0.111554442 -0.172700694 -0.978636846 -0.111554442 -0.181594777 -0.977046244 -0.111373129 -0.181594777 -0.977046244 -0.111373129 -0.181594777 -0.977046244 -0.111373129 -0.184505613 -0.975750762 -0.117763023 -0.184505613 -0.975750762 -0.117763023 -0.184505613 -0.975750762 -0.117763023 -0.179793618 -0.976617367 -0.117867613 -0.179793618 -0.976617367 -0.117867613 -0.179793618 -0.976617367 -0.117867613 -0.180308395 -0.976386793 -0.118986191 -0.180308395 -0.976386793 -0.118986191 -0.180308395 -0.976386793 -0.118986191 -0.171183472 -0.978003871 -0.119183254 -0.171183472 -0.978003871 -0.119183254 -0.171183472 -0.978003871 -0.119183254 -0.172659334 -0.97737544 -0.122172021 -0.172659334 -0.97737544 -0.122172021 -0.172659334 -0.97737544 -0.122172021 -0.156677892 -0.98002299 -0.122502965 -0.156677892 -0.98002299 -0.122502965 -0.156677892 -0.98002299 -0.122502965 -0.156852026 -0.97995531 -0.122821135 -0.156852026 -0.97995531 -0.122821135 -0.156852026 -0.97995531 -0.122821135 -0.134905683 -0.983166517 -0.123223607 -0.134905683 -0.983166517 -0.123223607 -0.134905683 -0.983166517 -0.123223607 -0.136317375 -0.982683825 -0.125499299 -0.136317375 -0.982683825 -0.125499299 -0.136317375 -0.982683825 -0.125499299 -0.104321426 -0.986530994 -0.125990623 -0.104321426 -0.986530994 -0.125990623 -0.104321426 -0.986530994 -0.125990623 -0.103061433 -0.986891294 -0.124193053 -0.103061433 -0.986891294 -0.124193053 -0.103061433 -0.986891294 -0.124193053 -0.0825863329 -0.988785278 -0.124431397 -0.0825863329 -0.988785278 -0.124431397 -0.0825863329 -0.988785278 -0.124431397 -0.083837387 -0.98845757 -0.126186073 -0.083837387 -0.98845757 -0.126186073 -0.083837387 -0.98845757 -0.126186073 -0.068866203 -0.989594796 -0.126331251 -0.068866203 -0.989594796 -0.126331251 -0.068866203 -0.989594796 -0.126331251 -0.0691373937 -0.989527733 -0.126707881 -0.0691373937 -0.989527733 -0.126707881 -0.0691373937 -0.989527733 -0.126707881 -0.0541719802 -0.990444718 -0.1268253 -0.0541719802 -0.990444718 -0.1268253 -0.0541719802 -0.990444718 -0.1268253 -0.0539240527 -0.990501339 -0.126488316 -0.0539240527 -0.990501339 -0.126488316 -0.0539240527 -0.990501339 -0.126488316 -0.0396291436 -0.991165364 -0.126573113 -0.0396291436 -0.991165364 -0.126573113 -0.0396291436 -0.991165364 -0.126573113 -0.0413429133 -0.990805345 -0.128823647 -0.0413429133 -0.990805345 -0.128823647 -0.0413429133 -0.990805345 -0.128823647 -0.02817609 -0.991259481 -0.128882693 -0.02817609 -0.991259481 -0.128882693 -0.02817609 -0.991259481 -0.128882693 -0.0262874292 -0.99161693 -0.12651022 -0.0262874292 -0.99161693 -0.12651022 -0.0262874292 -0.99161693 -0.12651022 -0.0134377266 -0.991870161 -0.126542527 -0.0134377266 -0.991870161 -0.126542527 -0.0134377266 -0.991870161 -0.126542527 -0.0122665971 -0.992060991 -0.12515798 -0.0122665971 -0.992060991 -0.12515798 -0.0122665971 -0.992060991 -0.12515798 0.00571902447 -0.992119412 -0.12516535 0.00571902447 -0.992119412 -0.12516535 0.00571902447 -0.992119412 -0.12516535 0.00631723974 -0.992201647 -0.124482864 0.00631723974 -0.992201647 -0.124482864 0.00631723974 -0.992201647 -0.124482864 0.024082642 -0.991933673 -0.124449243 0.024082642 -0.991933673 -0.124449243 0.024082642 -0.991933673 -0.124449243 0.0238823201 -0.991910004 -0.124676297 0.0238823201 -0.991910004 -0.124676297 0.0238823201 -0.991910004 -0.124676297 0.0398232571 -0.991405933 -0.124612938 0.0398232571 -0.991405933 -0.124612938 0.0398232571 -0.991405933 -0.124612938 0.0422667116 -0.991644706 -0.121878226 0.0422667116 -0.991644706 -0.121878226 0.0422667116 -0.991644706 -0.121878226 0.0574752458 -0.990890946 -0.121785585 0.0574752458 -0.990890946 -0.121785585 0.0574752458 -0.990890946 -0.121785585 0.0589884626 -0.991005101 -0.120121817 0.0589884626 -0.991005101 -0.120121817 0.0589884626 -0.991005101 -0.120121817 0.0719686696 -0.990159519 -0.120019322 0.0719686696 -0.990159519 -0.120019322 0.0719686696 -0.990159519 -0.120019322 0.0727242587 -0.990202222 -0.119208818 0.0727242587 -0.990202222 -0.119208818 0.0727242587 -0.990202222 -0.119208818 0.0882012776 -0.988961766 -0.119059482 0.0882012776 -0.988961766 -0.119059482 0.0882012776 -0.988961766 -0.119059482 0.0895633881 -0.989008712 -0.117644242 0.0895633881 -0.989008712 -0.117644242 0.0895633881 -0.989008712 -0.117644242 0.109370987 -0.987042449 -0.117410352 0.109370987 -0.987042449 -0.117410352 0.109370987 -0.987042449 -0.117410352 0.111742457 -0.987058561 -0.115017481 0.111742457 -0.987058561 -0.115017481 0.111742457 -0.987058561 -0.115017481 0.151390135 -0.981830823 -0.114408316 0.151390135 -0.981830823 -0.114408316 0.151390135 -0.981830823 -0.114408316 0.150722672 -0.981851072 -0.115113635 0.150722672 -0.981851072 -0.115113635 0.150722672 -0.981851072 -0.115113635 0.188946281 -0.975307233 -0.114346426 0.188946281 -0.975307233 -0.114346426 0.188946281 -0.975307233 -0.114346426 0.186343437 -0.975462634 -0.117255166 0.186343437 -0.975462634 -0.117255166 0.186343437 -0.975462634 -0.117255166 0.21176966 -0.970334486 -0.116638739 0.21176966 -0.970334486 -0.116638739 0.21176966 -0.970334486 -0.116638739 0.214753849 -0.970093954 -0.11313048 0.214753849 -0.970093954 -0.11313048 0.214753849 -0.970093954 -0.11313048 0.229791787 -0.966688639 -0.112733359 0.229791787 -0.966688639 -0.112733359 0.229791787 -0.966688639 -0.112733359 0.226380353 -0.96700831 -0.116819796 0.226380353 -0.96700831 -0.116819796 0.226380353 -0.96700831 -0.116819796 0.233654673 -0.965301385 -0.11661359 0.233654673 -0.965301385 -0.11661359 0.233654673 -0.965301385 -0.11661359 0.234598026 -0.965203308 -0.115526365 0.234598026 -0.965203308 -0.115526365 0.234598026 -0.965203308 -0.115526365 0.217848411 -0.969065888 -0.115988682 0.217848411 -0.969065888 -0.115988682 0.217848411 -0.969065888 -0.115988682 0.216847299 -0.969172574 -0.116969104 0.216847299 -0.969172574 -0.116969104 0.216847299 -0.969172574 -0.116969104 0.120119702 -0.985607193 -0.118952592 0.120119702 -0.985607193 -0.118952592 0.120119702 -0.985607193 -0.118952592 0.112892911 -0.985934404 -0.123241801 0.112892911 -0.985934404 -0.123241801 0.112892911 -0.985934404 -0.123241801 0.349528126 -0.929690815 -0.116211352 0.349528126 -0.929690815 -0.116211352 0.349528126 -0.929690815 -0.116211352 0.350335971 -0.929462344 -0.115604752 0.350335971 -0.929462344 -0.115604752 0.350335971 -0.929462344 -0.115604752 0.598899785 -0.794700598 -0.098843343 0.598899785 -0.794700598 -0.098843343 0.598899785 -0.794700598 -0.098843343 0.599025969 -0.794625912 -0.0986790152 0.599025969 -0.794625912 -0.0986790152 0.599025969 -0.794625912 -0.0986790152 0.923768894 -0.380031329 -0.0471934236 0.923768894 -0.380031329 -0.0471934236 0.923768894 -0.380031329 -0.0471934236 -0.914953378 0.401135957 -0.0441617444 -0.914953378 0.401135957 -0.0441617444 -0.914953378 0.401135957 -0.0441617444 -0.57544344 0.812929985 -0.089496854 -0.57544344 0.812929985 -0.089496854 -0.57544344 0.812929985 -0.089496854 -0.574169531 0.813659198 -0.091038772 -0.574169531 0.813659198 -0.091038772 -0.574169531 0.813659198 -0.091038772 -0.330423748 0.937979694 -0.104948755 -0.330423748 0.937979694 -0.104948755 -0.330423748 0.937979694 -0.104948755 -0.328587448 0.93847895 -0.10624288 -0.328587448 0.93847895 -0.10624288 -0.328587448 0.93847895 -0.10624288 -0.110957346 0.987517332 -0.111794393 -0.110957346 0.987517332 -0.111794393 -0.110957346 0.987517332 -0.111794393 -0.107544769 0.987673597 -0.11373209 -0.107544769 0.987673597 -0.11373209 -0.107544769 0.987673597 -0.11373209 -0.17267868 0.978512104 -0.112677131 -0.17267868 0.978512104 -0.112677131 -0.17267868 0.978512104 -0.112677131 -0.173210479 0.978547903 -0.111544303 -0.173210479 0.978547903 -0.111544303 -0.173210479 0.978547903 -0.111544303 -0.184643873 0.976481946 -0.111308805 -0.184643873 0.976481946 -0.111308805 -0.184643873 0.976481946 -0.111308805 -0.181971217 0.976219756 -0.117819626 -0.181971217 0.976219756 -0.117819626 -0.181971217 0.976219756 -0.117819626 -0.180332877 0.976519364 -0.117855785 -0.180332877 0.976519364 -0.117855785 -0.180332877 0.976519364 -0.117855785 -0.179860048 0.976468272 -0.118996121 -0.179860048 0.976468272 -0.118996121 -0.179860048 0.976468272 -0.118996121 -0.172723219 0.977737076 -0.119150742 -0.172723219 0.977737076 -0.119150742 -0.172723219 0.977737076 -0.119150742 -0.171350145 0.977602269 -0.122200375 -0.171350145 0.977602269 -0.122200375 -0.171350145 0.977602269 -0.122200375 -0.156858311 0.979994574 -0.122499413 -0.156858311 0.979994574 -0.122499413 -0.156858311 0.979994574 -0.122499413 -0.156694227 0.979980165 -0.12282425 -0.156694227 0.979980165 -0.12282425 -0.156694227 0.979980165 -0.12282425 -0.136356987 0.982969381 -0.123198899 -0.136356987 0.982969381 -0.123198899 -0.136356987 0.982969381 -0.123198899 -0.13500636 0.982861893 -0.12552204 -0.13500636 0.982861893 -0.12552204 -0.13500636 0.982861893 -0.12552204 -0.103037669 0.986663737 -0.126007576 -0.103037669 0.986663737 -0.126007576 -0.103037669 0.986663737 -0.126007576 -0.104258931 0.986767466 -0.12417747 -0.104258931 0.986767466 -0.12417747 -0.104258931 0.986767466 -0.12417747 -0.0838562574 0.988680055 -0.124418156 -0.0838562574 0.988680055 -0.124418156 -0.0838562574 0.988680055 -0.124418156 -0.0826352886 0.988557168 -0.126198787 -0.0826352886 0.988557168 -0.126198787 -0.0826352886 0.988557168 -0.126198787 -0.0691407632 0.989575958 -0.126328846 -0.0691407632 0.989575958 -0.126328846 -0.0691407632 0.989575958 -0.126328846 -0.0688751236 0.989545727 -0.126710185 -0.0688751236 0.989545727 -0.126710185 -0.0688751236 0.989545727 -0.126710185 -0.0539217017 0.990458155 -0.12682702 -0.0539217017 0.990458155 -0.12682702 -0.0539217017 0.990458155 -0.12682702 -0.0541659828 0.99048835 -0.126486658 -0.0541659828 0.99048835 -0.126486658 -0.0541659828 0.99048835 -0.126486658 -0.0413550407 0.991095984 -0.126564253 -0.0413550407 0.991095984 -0.126564253 -0.0413550407 0.991095984 -0.126564253 -0.0396637116 0.990872846 -0.128832423 -0.0396637116 0.990872846 -0.128832423 -0.0396637116 0.990872846 -0.128832423 -0.0262793116 0.991310714 -0.128889355 -0.0262793116 0.991310714 -0.128889355 -0.0262793116 0.991310714 -0.128889355 -0.0281491974 0.991566644 -0.126503805 -0.0281491974 0.991566644 -0.126503805 -0.0281491974 0.991566644 -0.126503805 -0.0122644225 0.991885119 -0.126544436 -0.0122644225 0.991885119 -0.126544436 -0.0122644225 0.991885119 -0.126544436 -0.0134270464 0.992046199 -0.125156114 -0.0134270464 0.992046199 -0.125156114 -0.0134270464 0.992046199 -0.125156114 0.00631669344 0.992115844 -0.1251649 0.00631669344 0.992115844 -0.1251649 0.00631669344 0.992115844 -0.1251649 0.00572282756 0.992205198 -0.124483309 0.00572282756 0.992205198 -0.124483309 0.00572282756 0.992205198 -0.124483309 0.0238830044 0.991938425 -0.124449839 0.0238830044 0.991938425 -0.124449839 0.0238830044 0.991938425 -0.124449839 0.024082321 0.991905244 -0.124675698 0.024082321 0.991905244 -0.124675698 0.024082321 0.991905244 -0.124675698 0.0422523153 0.991306944 -0.124600496 0.0422523153 0.991306944 -0.124600496 0.0422523153 0.991306944 -0.124600496 0.0398187262 0.991744512 -0.121890493 0.0398187262 0.991744512 -0.121890493 0.0398187262 0.991744512 -0.121890493 0.0589764946 0.99080404 -0.121774904 0.0589764946 0.99080404 -0.121774904 0.0589764946 0.99080404 -0.121774904 0.0574613132 0.991093523 -0.120132534 0.0574613132 0.991093523 -0.120132534 0.0574613132 0.991093523 -0.120132534 0.0727171641 0.990105623 -0.120012789 0.0727171641 0.990105623 -0.120012789 0.0727171641 0.990105623 -0.120012789 0.0719567943 0.990257487 -0.119215472 0.0719567943 0.990257487 -0.119215472 0.0719567943 0.990257487 -0.119215472 0.0895483301 0.988842433 -0.119045115 0.0895483301 0.988842433 -0.119045115 0.0895483301 0.988842433 -0.119045115 0.0881644937 0.989132643 -0.117658984 0.0881644937 0.989132643 -0.117658984 0.0881644937 0.989132643 -0.117658984 0.111711371 0.986783967 -0.117379605 0.111711371 0.986783967 -0.117379605 0.111711371 0.986783967 -0.117379605 0.109282354 0.98733027 -0.115049142 0.109282354 0.98733027 -0.115049142 0.109282354 0.98733027 -0.115049142 0.150734832 0.98193029 -0.114419907 0.150734832 0.98193029 -0.114419907 0.150734832 0.98193029 -0.114419907 0.151433649 0.981743151 -0.115100982 0.151433649 0.981743151 -0.115100982 0.151433649 0.981743151 -0.115100982 0.186405847 0.975789335 -0.114402948 0.186405847 0.975789335 -0.114402948 0.186405847 0.975789335 -0.114402948 0.189168638 0.97492644 -0.117190713 0.189168638 0.97492644 -0.117190713 0.189168638 0.97492644 -0.117190713 0.214668069 0.969706466 -0.116563248 0.214668069 0.969706466 -0.116563248 0.214668069 0.969706466 -0.116563248 0.211448188 0.970810102 -0.113213996 0.211448188 0.970810102 -0.113213996 0.211448188 0.970810102 -0.113213996 0.226485653 0.967458112 -0.112823093 0.226485653 0.967458112 -0.112823093 0.226485653 0.967458112 -0.112823093 0.230183475 0.966123015 -0.116712847 0.230183475 0.966123015 -0.116712847 0.230183475 0.966123015 -0.116712847 0.234568751 0.965082861 -0.116587191 0.234568751 0.965082861 -0.116587191 0.234568751 0.965082861 -0.116587191 0.233546138 0.965454766 -0.115556462 0.233546138 0.965454766 -0.115556462 0.233546138 0.965454766 -0.115556462 0.216871746 0.969281835 -0.116014529 0.216871746 0.969281835 -0.116014529 0.216871746 0.969281835 -0.116014529 0.217937475 0.96893152 -0.116940011 0.217937475 0.96893152 -0.116940011 0.217937475 0.96893152 -0.116940011 0.112951063 0.986442269 -0.119053377 0.112951063 0.986442269 -0.119053377 0.112951063 0.986442269 -0.119053377 0.120313519 0.985069916 -0.12313374 0.120313519 0.985069916 -0.12313374 0.120313519 0.985069916 -0.12313374 0.350312504 0.929400084 -0.116175011 0.350312504 0.929400084 -0.116175011 0.350312504 0.929400084 -0.116175011 0.349461749 0.929786377 -0.115645054 0.349461749 0.929786377 -0.115645054 0.349461749 0.929786377 -0.115645054 0.599016797 0.794613746 -0.0988325405 0.599016797 0.794613746 -0.0988325405 0.599016797 0.794613746 -0.0988325405 0.598872239 0.794740018 -0.0986931852 0.598872239 0.794740018 -0.0986931852 0.598872239 0.794740018 -0.0986931852 0.923768894 0.380031329 -0.0471934236 0.923768894 0.380031329 -0.0471934236 0.923768894 0.380031329 -0.0471934236 0 -1 0 0 -1 0 0 -1 0 -0 1 -0 -0 1 -0 -0 1 -0 -0 -1 0 -0 -1 0 -0 -1 0 0 1 -0 0 1 -0 0 1 -0 -0 -1 -0 -0 -1 -0 -0 -1 -0 0 1 0 0 1 0 0 1 0 -0 -1 0 -0 -1 0 -0 -1 0 0 1 -0 0 1 -0 0 1 -0 0 -1 -0 0 -1 -0 0 -1 -0 0 1 0 0 1 0 0 1 0 0 -1 0 0 -1 0 0 -1 0 0 1 0 0 1 0 0 1 0 -0.87097775 0 -0.491322459 -0.87097775 0 -0.491322459 -0.87097775 0 -0.491322459 -0.87097775 0 -0.491322459 -0.87097775 0 -0.491322459 -0.87097775 0 -0.491322459 0.97015611 0 -0.24248118 0.97015611 0 -0.24248118 0.97015611 0 -0.24248118 0.97015611 0 -0.24248118 0.97015611 0 -0.24248118 0.97015611 0 -0.24248118 0.964740715 0 0.263202114 0.964740715 0 0.263202114 0.964740715 0 0.263202114 0.964740715 -0 0.263202114 0.964740715 -0 0.263202114 0.964740715 -0 0.263202114 0.992257449 0 -0.12419805 0.992257449 0 -0.12419805 0.992257449 0 -0.12419805 0.992257449 0 -0.12419805 0.992257449 0 -0.12419805 0.992257449 0 -0.12419805 -0.566678459 0 0.823939029 -0.566678459 0 0.823939029 -0.566678459 0 0.823939029 -0.566678459 0 0.823939029 -0.566678459 0 0.823939029 -0.566678459 0 0.823939029 -0.915947338 0 0.401298486 -0.915947338 0 0.401298486 -0.915947338 0 0.401298486 -0.915947338 0 0.401298486 -0.915947338 0 0.401298486 -0.915947338 0 0.401298486 -0 -0 1 -0 -0 1 -0 -0 1 0 0 -1 0 0 -1 0 0 -1 0 0 1 0 0 1 0 0 1 0 0 -1 0 0 -1 0 0 -1 0 0 1 0 0 1 0 0 1 -0 -0 -1 -0 -0 -1 -0 -0 -1 0 0 1 0 0 1 0 0 1 -0 -0 -1 -0 -0 -1 -0 -0 -1 -0.848032266 -0.529944597 0 -0.848032266 -0.529944597 0 -0.848032266 -0.529944597 0 -0.848032266 -0.529944597 -0 -0.848032266 -0.529944597 -0 -0.848032266 -0.529944597 -0 0.66916969 -0.743109633 0 0.66916969 -0.743109633 0 0.66916969 -0.743109633 0 0.66916969 -0.743109633 0 0.66916969 -0.743109633 0 0.66916969 -0.743109633 0 0.829763948 0.558114496 0 0.829763948 0.558114496 0 0.829763948 0.558114496 0 0.829763948 0.558114496 0 0.829763948 0.558114496 0 0.829763948 0.558114496 0 0.468214897 0.883614627 0 0.468214897 0.883614627 0 0.468214897 0.883614627 0 0.468214897 0.883614627 0 0.468214897 0.883614627 0 0.468214897 0.883614627 0 -0 0 1 -0 0 1 -0 0 1 0 -0 -1 0 -0 -1 0 -0 -1 0 0 1 0 0 1 0 0 1 -0 0 -1 -0 0 -1 -0 0 -1 0 -0 1 0 -0 1 0 -0 1 -0 0 -1 -0 0 -1 -0 0 -1 0 -0 1 0 -0 1 0 -0 1 0 0 -1 0 0 -1 0 0 -1 -0.848032266 0.529944597 0 -0.848032266 0.529944597 0 -0.848032266 0.529944597 0 -0.848032266 0.529944597 0 -0.848032266 0.529944597 0 -0.848032266 0.529944597 0 0.66916969 0.743109633 0 0.66916969 0.743109633 0 0.66916969 0.743109633 0 0.66916969 0.743109633 -0 0.66916969 0.743109633 -0 0.66916969 0.743109633 -0 0.829763948 -0.558114496 0 0.829763948 -0.558114496 0 0.829763948 -0.558114496 0 0.829763948 -0.558114496 0 0.829763948 -0.558114496 0 0.829763948 -0.558114496 0 0.468214897 -0.883614627 0 0.468214897 -0.883614627 0 0.468214897 -0.883614627 0 0.468214897 -0.883614627 0 0.468214897 -0.883614627 0 0.468214897 -0.883614627 0 0 -1 0 0 -1 0 0 -1 0 -0 1 -0 -0 1 -0 -0 1 -0 -0 -1 0 -0 -1 0 -0 -1 0 0 1 -0 0 1 -0 0 1 -0 0 -1 -0 0 -1 -0 0 -1 -0 0 1 0 0 1 0 0 1 0 -0.754492673 0 -0.656308469 -0.754492673 0 -0.656308469 -0.754492673 0 -0.656308469 -0.754492673 0 -0.656308469 -0.754492673 0 -0.656308469 -0.754492673 0 -0.656308469 0.917102607 0 -0.398651236 0.917102607 0 -0.398651236 0.917102607 0 -0.398651236 0.917102607 0 -0.398651236 0.917102607 0 -0.398651236 0.917102607 0 -0.398651236 0 -0 1 0 -0 1 0 -0 1 0 0 1 0 0 1 0 0 1</float_array><technique_common><accessor source="#part3-normals-array" count="2382" stride="3"><param name="X" type="float" /><param name="Y" type="float" /><param name="Z" type="float" /></accessor></technique_common></source><vertices id="part3-vertices"><input semantic="POSITION" source="#part3-positions" /></vertices><triangles count="794" material="material"><input semantic="VERTEX" source="#part3-vertices" offset="0" /><input semantic="NORMAL" source="#part3-normals" offset="0" /><p>0 1 2 3 4 5 6 7 8 9 10 11 12 13 14 15 16 17 18 19 20 21 22 23 24 25 26 27 28 29 30 31 32 33 34 35 36 37 38 39 40 41 42 43 44 45 46 47 48 49 50 51 52 53 54 55 56 57 58 59 60 61 62 63 64 65 66 67 68 69 70 71 72 73 74 75 76 77 78 79 80 81 82 83 84 85 86 87 88 89 90 91 92 93 94 95 96 97 98 99 100 101 102 103 104 105 106 107 108 109 110 111 112 113 114 115 116 117 118 119 120 121 122 123 124 125 126 127 128 129 130 131 132 133 134 135 136 137 138 139 140 141 142 143 144 145 146 147 148 149 150 151 152 153 154 155 156 157 158 159 160 161 162 163 164 165 166 167 168 169 170 171 172 173 174 175 176 177 178 179 180 181 182 183 184 185 186 187 188 189 190 191 192 193 194 195 196 197 198 199 200 201 202 203 204 205 206 207 208 209 210 211 212 213 214 215 216 217 218 219 220 221 222 223 224 225 226 227 228 229 230 231 232 233 234 235 236 237 238 239 240 241 242 243 244 245 246 247 248 249 250 251 252 253 254 255 256 257 258 259 260 261 262 263 264 265 266 267 268 269 270 271 272 273 274 275 276 277 278 279 280 281 282 283 284 285 286 287 288 289 290 291 292 293 294 295 296 297 298 299 300 301 302 303 304 305 306 307 308 309 310 311 312 313 314 315 316 317 318 319 320 321 322 323 324 325 326 327 328 329 330 331 332 333 334 335 336 337 338 339 340 341 342 343 344 345 346 347 348 349 350 351 352 353 354 355 356 357 358 359 360 361 362 363 364 365 366 367 368 369 370 371 372 373 374 375 376 377 378 379 380 381 382 383 384 385 386 387 388 389 390 391 392 393 394 395 396 397 398 399 400 401 402 403 404 405 406 407 408 409 410 411 412 413 414 415 416 417 418 419 420 421 422 423 424 425 426 427 428 429 430 431 432 433 434 435 436 437 438 439 440 441 442 443 444 445 446 447 448 449 450 451 452 453 454 455 456 457 458 459 460 461 462 463 464 465 466 467 468 469 470 471 472 473 474 475 476 477 478 479 480 481 482 483 484 485 486 487 488 489 490 491 492 493 494 495 496 497 498 499 500 501 502 503 504 505 506 507 508 509 510 511 512 513 514 515 516 517 518 519 520 521 522 523 524 525 526 527 528 529 530 531 532 533 534 535 536 537 538 539 540 541 542 543 544 545 546 547 548 549 550 551 552 553 554 555 556 557 558 559 560 561 562 563 564 565 566 567 568 569 570 571 572 573 574 575 576 577 578 579 580 581 582 583 584 585 586 587 588 589 590 591 592 593 594 595 596 597 598 599 600 601 602 603 604 605 606 607 608 609 610 611 612 613 614 615 616 617 618 619 620 621 622 623 624 625 626 627 628 629 630 631 632 633 634 635 636 637 638 639 640 641 642 643 644 645 646 647 648 649 650 651 652 653 654 655 656 657 658 659 660 661 662 663 664 665 666 667 668 669 670 671 672 673 674 675 676 677 678 679 680 681 682 683 684 685 686 687 688 689 690 691 692 693 694 695 696 697 698 699 700 701 702 703 704 705 706 707 708 709 710 711 712 713 714 715 716 717 718 719 720 721 722 723 724 725 726 727 728 729 730 731 732 733 734 735 736 737 738 739 740 741 742 743 744 745 746 747 748 749 750 751 752 753 754 755 756 757 758 759 760 761 762 763 764 765 766 767 768 769 770 771 772 773 774 775 776 777 778 779 780 781 782 783 784 785 786 787 788 789 790 791 792 793 794 795 796 797 798 799 800 801 802 803 804 805 806 807 808 809 810 811 812 813 814 815 816 817 818 819 820 821 822 823 824 825 826 827 828 829 830 831 832 833 834 835 836 837 838 839 840 841 842 843 844 845 846 847 848 849 850 851 852 853 854 855 856 857 858 859 860 861 862 863 864 865 866 867 868 869 870 871 872 873 874 875 876 877 878 879 880 881 882 883 884 885 886 887 888 889 890 891 892 893 894 895 896 897 898 899 900 901 902 903 904 905 906 907 908 909 910 911 912 913 914 915 916 917 918 919 920 921 922 923 924 925 926 927 928 929 930 931 932 933 934 935 936 937 938 939 940 941 942 943 944 945 946 947 948 949 950 951 952 953 954 955 956 957 958 959 960 961 962 963 964 965 966 967 968 969 970 971 972 973 974 975 976 977 978 979 980 981 982 983 984 985 986 987 988 989 990 991 992 993 994 995 996 997 998 999 1000 1001 1002 1003 1004 1005 1006 1007 1008 1009 1010 1011 1012 1013 1014 1015 1016 1017 1018 1019 1020 1021 1022 1023 1024 1025 1026 1027 1028 1029 1030 1031 1032 1033 1034 1035 1036 1037 1038 1039 1040 1041 1042 1043 1044 1045 1046 1047 1048 1049 1050 1051 1052 1053 1054 1055 1056 1057 1058 1059 1060 1061 1062 1063 1064 1065 1066 1067 1068 1069 1070 1071 1072 1073 1074 1075 1076 1077 1078 1079 1080 1081 1082 1083 1084 1085 1086 1087 1088 1089 1090 1091 1092 1093 1094 1095 1096 1097 1098 1099 1100 1101 1102 1103 1104 1105 1106 1107 1108 1109 1110 1111 1112 1113 1114 1115 1116 1117 1118 1119 1120 1121 1122 1123 1124 1125 1126 1127 1128 1129 1130 1131 1132 1133 1134 1135 1136 1137 1138 1139 1140 1141 1142 1143 1144 1145 1146 1147 1148 1149 1150 1151 1152 1153 1154 1155 1156 1157 1158 1159 1160 1161 1162 1163 1164 1165 1166 1167 1168 1169 1170 1171 1172 1173 1174 1175 1176 1177 1178 1179 1180 1181 1182 1183 1184 1185 1186 1187 1188 1189 1190 1191 1192 1193 1194 1195 1196 1197 1198 1199 1200 1201 1202 1203 1204 1205 1206 1207 1208 1209 1210 1211 1212 1213 1214 1215 1216 1217 1218 1219 1220 1221 1222 1223 1224 1225 1226 1227 1228 1229 1230 1231 1232 1233 1234 1235 1236 1237 1238 1239 1240 1241 1242 1243 1244 1245 1246 1247 1248 1249 1250 1251 1252 1253 1254 1255 1256 1257 1258 1259 1260 1261 1262 1263 1264 1265 1266 1267 1268 1269 1270 1271 1272 1273 1274 1275 1276 1277 1278 1279 1280 1281 1282 1283 1284 1285 1286 1287 1288 1289 1290 1291 1292 1293 1294 1295 1296 1297 1298 1299 1300 1301 1302 1303 1304 1305 1306 1307 1308 1309 1310 1311 1312 1313 1314 1315 1316 1317 1318 1319 1320 1321 1322 1323 1324 1325 1326 1327 1328 1329 1330 1331 1332 1333 1334 1335 1336 1337 1338 1339 1340 1341 1342 1343 1344 1345 1346 1347 1348 1349 1350 1351 1352 1353 1354 1355 1356 1357 1358 1359 1360 1361 1362 1363 1364 1365 1366 1367 1368 1369 1370 1371 1372 1373 1374 1375 1376 1377 1378 1379 1380 1381 1382 1383 1384 1385 1386 1387 1388 1389 1390 1391 1392 1393 1394 1395 1396 1397 1398 1399 1400 1401 1402 1403 1404 1405 1406 1407 1408 1409 1410 1411 1412 1413 1414 1415 1416 1417 1418 1419 1420 1421 1422 1423 1424 1425 1426 1427 1428 1429 1430 1431 1432 1433 1434 1435 1436 1437 1438 1439 1440 1441 1442 1443 1444 1445 1446 1447 1448 1449 1450 1451 1452 1453 1454 1455 1456 1457 1458 1459 1460 1461 1462 1463 1464 1465 1466 1467 1468 1469 1470 1471 1472 1473 1474 1475 1476 1477 1478 1479 1480 1481 1482 1483 1484 1485 1486 1487 1488 1489 1490 1491 1492 1493 1494 1495 1496 1497 1498 1499 1500 1501 1502 1503 1504 1505 1506 1507 1508 1509 1510 1511 1512 1513 1514 1515 1516 1517 1518 1519 1520 1521 1522 1523 1524 1525 1526 1527 1528 1529 1530 1531 1532 1533 1534 1535 1536 1537 1538 1539 1540 1541 1542 1543 1544 1545 1546 1547 1548 1549 1550 1551 1552 1553 1554 1555 1556 1557 1558 1559 1560 1561 1562 1563 1564 1565 1566 1567 1568 1569 1570 1571 1572 1573 1574 1575 1576 1577 1578 1579 1580 1581 1582 1583 1584 1585 1586 1587 1588 1589 1590 1591 1592 1593 1594 1595 1596 1597 1598 1599 1600 1601 1602 1603 1604 1605 1606 1607 1608 1609 1610 1611 1612 1613 1614 1615 1616 1617 1618 1619 1620 1621 1622 1623 1624 1625 1626 1627 1628 1629 1630 1631 1632 1633 1634 1635 1636 1637 1638 1639 1640 1641 1642 1643 1644 1645 1646 1647 1648 1649 1650 1651 1652 1653 1654 1655 1656 1657 1658 1659 1660 1661 1662 1663 1664 1665 1666 1667 1668 1669 1670 1671 1672 1673 1674 1675 1676 1677 1678 1679 1680 1681 1682 1683 1684 1685 1686 1687 1688 1689 1690 1691 1692 1693 1694 1695 1696 1697 1698 1699 1700 1701 1702 1703 1704 1705 1706 1707 1708 1709 1710 1711 1712 1713 1714 1715 1716 1717 1718 1719 1720 1721 1722 1723 1724 1725 1726 1727 1728 1729 1730 1731 1732 1733 1734 1735 1736 1737 1738 1739 1740 1741 1742 1743 1744 1745 1746 1747 1748 1749 1750 1751 1752 1753 1754 1755 1756 1757 1758 1759 1760 1761 1762 1763 1764 1765 1766 1767 1768 1769 1770 1771 1772 1773 1774 1775 1776 1777 1778 1779 1780 1781 1782 1783 1784 1785 1786 1787 1788 1789 1790 1791 1792 1793 1794 1795 1796 1797 1798 1799 1800 1801 1802 1803 1804 1805 1806 1807 1808 1809 1810 1811 1812 1813 1814 1815 1816 1817 1818 1819 1820 1821 1822 1823 1824 1825 1826 1827 1828 1829 1830 1831 1832 1833 1834 1835 1836 1837 1838 1839 1840 1841 1842 1843 1844 1845 1846 1847 1848 1849 1850 1851 1852 1853 1854 1855 1856 1857 1858 1859 1860 1861 1862 1863 1864 1865 1866 1867 1868 1869 1870 1871 1872 1873 1874 1875 1876 1877 1878 1879 1880 1881 1882 1883 1884 1885 1886 1887 1888 1889 1890 1891 1892 1893 1894 1895 1896 1897 1898 1899 1900 1901 1902 1903 1904 1905 1906 1907 1908 1909 1910 1911 1912 1913 1914 1915 1916 1917 1918 1919 1920 1921 1922 1923 1924 1925 1926 1927 1928 1929 1930 1931 1932 1933 1934 1935 1936 1937 1938 1939 1940 1941 1942 1943 1944 1945 1946 1947 1948 1949 1950 1951 1952 1953 1954 1955 1956 1957 1958 1959 1960 1961 1962 1963 1964 1965 1966 1967 1968 1969 1970 1971 1972 1973 1974 1975 1976 1977 1978 1979 1980 1981 1982 1983 1984 1985 1986 1987 1988 1989 1990 1991 1992 1993 1994 1995 1996 1997 1998 1999 2000 2001 2002 2003 2004 2005 2006 2007 2008 2009 2010 2011 2012 2013 2014 2015 2016 2017 2018 2019 2020 2021 2022 2023 2024 2025 2026 2027 2028 2029 2030 2031 2032 2033 2034 2035 2036 2037 2038 2039 2040 2041 2042 2043 2044 2045 2046 2047 2048 2049 2050 2051 2052 2053 2054 2055 2056 2057 2058 2059 2060 2061 2062 2063 2064 2065 2066 2067 2068 2069 2070 2071 2072 2073 2074 2075 2076 2077 2078 2079 2080 2081 2082 2083 2084 2085 2086 2087 2088 2089 2090 2091 2092 2093 2094 2095 2096 2097 2098 2099 2100 2101 2102 2103 2104 2105 2106 2107 2108 2109 2110 2111 2112 2113 2114 2115 2116 2117 2118 2119 2120 2121 2122 2123 2124 2125 2126 2127 2128 2129 2130 2131 2132 2133 2134 2135 2136 2137 2138 2139 2140 2141 2142 2143 2144 2145 2146 2147 2148 2149 2150 2151 2152 2153 2154 2155 2156 2157 2158 2159 2160 2161 2162 2163 2164 2165 2166 2167 2168 2169 2170 2171 2172 2173 2174 2175 2176 2177 2178 2179 2180 2181 2182 2183 2184 2185 2186 2187 2188 2189 2190 2191 2192 2193 2194 2195 2196 2197 2198 2199 2200 2201 2202 2203 2204 2205 2206 2207 2208 2209 2210 2211 2212 2213 2214 2215 2216 2217 2218 2219 2220 2221 2222 2223 2224 2225 2226 2227 2228 2229 2230 2231 2232 2233 2234 2235 2236 2237 2238 2239 2240 2241 2242 2243 2244 2245 2246 2247 2248 2249 2250 2251 2252 2253 2254 2255 2256 2257 2258 2259 2260 2261 2262 2263 2264 2265 2266 2267 2268 2269 2270 2271 2272 2273 2274 2275 2276 2277 2278 2279 2280 2281 2282 2283 2284 2285 2286 2287 2288 2289 2290 2291 2292 2293 2294 2295 2296 2297 2298 2299 2300 2301 2302 2303 2304 2305 2306 2307 2308 2309 2310 2311 2312 2313 2314 2315 2316 2317 2318 2319 2320 2321 2322 2323 2324 2325 2326 2327 2328 2329 2330 2331 2332 2333 2334 2335 2336 2337 2338 2339 2340 2341 2342 2343 2344 2345 2346 2347 2348 2349 2350 2351 2352 2353 2354 2355 2356 2357 2358 2359 2360 2361 2362 2363 2364 2365 2366 2367 2368 2369 2370 2371 2372 2373 2374 2375 2376 2377 2378 2379 2380 2381</p></triangles></mesh></geometry></library_geometries><library_visual_scenes><visual_scene id="scene"><node id="part0-node"><instance_geometry url="#part0"><bind_material><technique_common><instance_material symbol="material" target="#part0-material" /></technique_common></bind_material></instance_geometry></node><node id="part1-node"><instance_geometry url="#part1"><bind_material><technique_common><instance_material symbol="material" target="#part1-material" /></technique_common></bind_material></instance_geometry></node><node id="part2-node"><instance_geometry url="#part2"><bind_material><technique_common><instance_material symbol="material" target="#part2-material" /></technique_common></bind_material></instance_geometry></node><node id="part3-node"><instance_geometry url="#part3"><bind_material><technique_common><instance_material symbol="material" target="#part3-material" /></technique_common></bind_material></instance_geometry></node></visual_scene></library_visual_scenes><scene><instance_visual_scene url="#scene" /></scene></COLLADA>