<?xml version='1.0' encoding='utf-8'?>
<COLLADA xmlns="http://www.collada.org/2005/11/COLLADASchema" version="1.4.1"><asset><created>2026-10-07T00:00:00Z</created><modified>2026-10-07T00:00:00Z</modified><unit name="meter" meter="1" /><up_axis>Z_UP</up_axis></asset><library_effects><effect id="part0-effect"><profile_COMMON><technique sid="common"><phong><diffuse><color>0.4 0.27058823529411763 0.2 1.0</color></diffuse><specular><color>0.04 0.04 0.04 1</color></specular><shininess><float>0.7681660899653981</float></shininess></phong></technique></profile_COMMON></effect><effect id="part1-effect"><profile_COMMON><technique sid="common"><phong><diffuse><color>0.788235294117647 0.8 0.6980392156862745 1.0</color></diffuse><specular><color>0.04 0.04 0.04 1</color></specular><shininess><float>2.733727810650887</float></shininess></phong></technique></profile_COMMON></effect><effect id="part2-effect"><profile_COMMON><technique sid="common"><phong><diffuse><color>0.49019607843137253 0.1607843137254902 0.12156862745098039 1.0</color></diffuse><specular><color>0.04 0.04 0.04 1</color></specular><shininess><float>1.1249999999999996</float></shininess></phong></technique></profile_COMMON></effect><effect id="part3-effect"><profile_COMMON><technique sid="common"><phong><diffuse><color>0.07058823529411765 0.09019607843137255 0.10196078431372549 1.0</color></diffuse><specular><color>0.04 0.04 0.04 1</color></specular><shininess><float>7.876543209876543</float></shininess></phong></technique></profile_COMMON></effect><effect id="part4-effect"><profile_COMMON><technique sid="common"><phong><diffuse><color>0.2196078431372549 0.3215686274509804 0.4 1.0</color></diffuse><specular><color>0.04 0.04 0.04 1</color></specular><shininess><float>2.733727810650887</float></shininess></phong></technique></profile_COMMON></effect></library_effects><library_materials><material id="part0-material" name="brown"><instance_effect url="#part0-effect" /></material><material id="part1-material" name="cream"><instance_effect url="#part1-effect" /></material><material id="part2-material" name="red"><instance_effect url="#part2-effect" /></material><material id="part3-material" name="dark"><instance_effect url="#part3-effect" /></material><material id="part4-material" name="blue"><instance_effect url="#part4-effect" /></material></library_materials><library_geometries><geometry id="part0"><mesh><source id="part0-positions"><float_array id="part0-positions-array" count="216">0.0067774542 0.046007226 -0.0264095065 0.0442661824 0.0221578735 -0.0264095065 -0.00343985539 0.0800934434 -0.0264095065 0.0067774542 0.046007226 -0.0213057402 -0.00343985539 0.0800934434 -0.0213057402 0.0442661824 0.0221578735 -0.0213057402 0.0067774542 0.046007226 -0.0264095065 -0.00343985539 0.0800934434 -0.0264095065 -0.0204841862 0.0357874734 -0.0264095065 0.0067774542 0.046007226 -0.0213057402 -0.0204841862 0.0357874734 -0.0213057402 -0.00343985539 0.0800934434 -0.0213057402 0.0067774542 0.046007226 -0.0264095065 -0.0204841862 0.0357874734 -0.0264095065 0.0442661824 0.0221578735 -0.0264095065 0.0067774542 0.046007226 -0.0213057402 0.0442661824 0.0221578735 -0.0213057402 -0.0204841862 0.0357874734 -0.0213057402 0.0442661824 0.0221578735 -0.0213057402 -0.00343985539 0.0800934434 -0.0264095065 0.0442661824 0.0221578735 -0.0264095065 0.0442661824 0.0221578735 -0.0213057402 -0.00343985539 0.0800934434 -0.0213057402 -0.00343985539 0.0800934434 -0.0264095065 -0.00343985539 0.0800934434 -0.0213057402 -0.0204841862 0.0357874734 -0.0264095065 -0.00343985539 0.0800934434 -0.0264095065 -0.00343985539 0.0800934434 -0.0213057402 -0.0204841862 0.0357874734 -0.0213057402 -0.0204841862 0.0357874734 -0.0264095065 -0.0204841862 0.0357874734 -0.0213057402 0.0442661824 0.0221578735 -0.0264095065 -0.0204841862 0.0357874734 -0.0264095065 -0.0204841862 0.0357874734 -0.0213057402 0.0442661824 0.0221578735 -0.0213057402 0.0442661824 0.0221578735 -0.0264095065 0.0067774542 -0.046007226 -0.0264095065 -0.00343985539 -0.0800934434 -0.0264095065 0.0442661824 -0.0221578735 -0.0264095065 0.0067774542 -0.046007226 -0.0213057402 0.0442661824 -0.0221578735 -0.0213057402 -0.00343985539 -0.0800934434 -0.0213057402 0.0067774542 -0.046007226 -0.0264095065 -0.0204841862 -0.0357874734 -0.0264095065 -0.00343985539 -0.0800934434 -0.0264095065 0.0067774542 -0.046007226 -0.0213057402 -0.00343985539 -0.0800934434 -0.0213057402 -0.0204841862 -0.0357874734 -0.0213057402 0.0067774542 -0.046007226 -0.0264095065 0.0442661824 -0.0221578735 -0.0264095065 -0.0204841862 -0.0357874734 -0.0264095065 0.0067774542 -0.046007226 -0.0213057402 -0.0204841862 -0.0357874734 -0.0213057402 0.0442661824 -0.0221578735 -0.0213057402 0.0442661824 -0.0221578735 -0.0213057402 0.0442661824 -0.0221578735 -0.0264095065 -0.00343985539 -0.0800934434 -0.0264095065 0.0442661824 -0.0221578735 -0.0213057402 -0.00343985539 -0.0800934434 -0.0264095065 -0.00343985539 -0.0800934434 -0.0213057402 -0.00343985539 -0.0800934434 -0.0213057402 -0.00343985539 -0.0800934434 -0.0264095065 -0.0204841862 -0.0357874734 -0.0264095065 -0.00343985539 -0.0800934434 -0.0213057402 -0.0204841862 -0.0357874734 -0.0264095065 -0.0204841862 -0.0357874734 -0.0213057402 -0.0204841862 -0.0357874734 -0.0213057402 -0.0204841862 -0.0357874734 -0.0264095065 0.0442661824 -0.0221578735 -0.0264095065 -0.0204841862 -0.0357874734 -0.0213057402 0.0442661824 -0.0221578735 -0.0264095065 0.0442661824 -0.0221578735 -0.0213057402</float_array><technique_common><accessor source="#part0-positions-array" count="72" stride="3"><param name="X" type="float" /><param name="Y" type="float" /><param name="Z" type="float" /></accessor></technique_common></source><source id="part0-normals"><float_array id="part0-normals-array" count="216">-0 -0 1 -0 -0 1 -0 -0 1 0 0 -1 0 0 -1 0 0 -1 0 0 1 0 0 1 0 0 1 -0 0 -1 -0 0 -1 -0 0 -1 0 0 1 0 0 1 0 0 1 -0 -0 -1 -0 -0 -1 -0 -0 -1 -0.771966903 -0.635662726 0 -0.771966903 -0.635662726 0 -0.771966903 -0.635662726 0 -0.771966903 -0.635662726 -0 -0.771966903 -0.635662726 -0 -0.771966903 -0.635662726 -0 0.933320385 -0.359044648 0 0.933320385 -0.359044648 0 0.933320385 -0.359044648 0 0.933320385 -0.359044648 0 0.933320385 -0.359044648 0 0.933320385 -0.359044648 0 0.205980718 0.97855605 0 0.205980718 0.97855605 0 0.205980718 0.97855605 0 0.205980718 0.97855605 0 0.205980718 0.97855605 0 0.205980718 0.97855605 0 -0 0 1 -0 0 1 -0 0 1 0 -0 -1 0 -0 -1 0 -0 -1 0 0 1 0 0 1 0 0 1 -0 0 -1 -0 0 -1 -0 0 -1 0 -0 1 0 -0 1 0 -0 1 0 0 -1 0 0 -1 0 0 -1 -0.771966903 0.635662726 0 -0.771966903 0.635662726 0 -0.771966903 0.635662726 0 -0.771966903 0.635662726 0 -0.771966903 0.635662726 0 -0.771966903 0.635662726 0 0.933320385 0.359044648 0 0.933320385 0.359044648 0 0.933320385 0.359044648 0 0.933320385 0.359044648 -0 0.933320385 0.359044648 -0 0.933320385 0.359044648 -0 0.205980718 -0.97855605 0 0.205980718 -0.97855605 0 0.205980718 -0.97855605 0 0.205980718 -0.97855605 0 0.205980718 -0.97855605 0 0.205980718 -0.97855605 0</float_array><technique_common><accessor source="#part0-normals-array" count="72" stride="3"><param name="X" type="float" /><param name="Y" type="float" /><param name="Z" type="float" /></accessor></technique_common></source><vertices id="part0-vertices"><input semantic="POSITION" source="#part0-positions" /></vertices><triangles count="24" material="material"><input semantic="VERTEX" source="#part0-vertices" offset="0" /><input semantic="NORMAL" source="#part0-normals" offset="0" /><p>0 1 2 3 4 5 6 7 8 9 10 11 12 13 14 15 16 17 18 19 20 21 22 23 24 25 26 27 28 29 30 31 32 33 34 35 36 37 38 39 40 41 42 43 44 45 46 47 48 49 50 51 52 53 54 55 56 57 58 59 60 61 62 63 64 65 66 67 68 69 70 71</p></triangles></mesh></geometry><geometry id="part1"><mesh><source id="part1-positions"><float_array id="part1-positions-array" count="7560">0.142085439 -0.0156790313 -0.0170408858 0.143702475 -0.0168548468 -0.0169415532 0.143746366 -0.0168825677 -0.0189380162 0.142085439 -0.0156790313 -0.0170408858 0.143746366 -0.0168825677 -0.0189380162 0.142207871 -0.0157621928 -0.0190327283 0.142207871 -0.0157621928 -0.0190327283 0.143746366 -0.0168825677 -0.0189380162 0.143806427 -0.0169195285 -0.0218001701 0.142207871 -0.0157621928 -0.0190327283 0.143806427 -0.0169195285 -0.0218001701 0.142383435 -0.0158823153 -0.0218879522 0.142383435 -0.0158823153 -0.0218879522 0.143806427 -0.0169195285 -0.0218001701 0.143873419 -0.0169611093 -0.02500941 0.142383435 -0.0158823153 -0.0218879522 0.143873419 -0.0169611093 -0.02500941 0.14257979 -0.0160209187 -0.0250902619 0.14257979 -0.0160209187 -0.0250902619 0.143873419 -0.0169611093 -0.02500941 0.14393117 -0.0170026901 -0.0280471284 0.14257979 -0.0160209187 -0.0250902619 0.14393117 -0.0170026901 -0.0280471284 0.142766904 -0.016154901 -0.02811874 0.142766904 -0.016154901 -0.02811874 0.14393117 -0.0170026901 -0.0280471284 0.143981991 -0.017046582 -0.0310825369 0.142766904 -0.016154901 -0.02811874 0.143981991 -0.017046582 -0.0310825369 0.142954018 -0.0163004343 -0.0311472183 0.142954018 -0.0163004343 -0.0311472183 0.143981991 -0.017046582 -0.0310825369 0.144028192 -0.0170974028 -0.0342940868 0.142954018 -0.0163004343 -0.0311472183 0.144028192 -0.0170974028 -0.0342940868 0.143150373 -0.0164575187 -0.034349528 0.143150373 -0.0164575187 -0.034349528 0.144028192 -0.0170974028 -0.0342940868 0.144067463 -0.0171412935 -0.0371585512 0.143150373 -0.0164575187 -0.034349528 0.144067463 -0.0171412935 -0.0371585512 0.143325937 -0.0166007421 -0.037204752 0.143325937 -0.0166007421 -0.037204752 0.144067463 -0.0171412935 -0.0371585512 0.144095184 -0.0171713244 -0.039155013 0.143325937 -0.0166007421 -0.037204752 0.144095184 -0.0171713244 -0.039155013 0.143448369 -0.0167000735 -0.0391942839 0.143448369 -0.0167000735 -0.0391942839 0.144095184 -0.0171713244 -0.039155013 0.1439381 -0.0172244551 -0.0392335547 0.143448369 -0.0167000735 -0.0391942839 0.1439381 -0.0172244551 -0.0392335547 0.143452989 -0.0168710178 -0.0392635856 0.143452989 -0.0168710178 -0.0392635856 0.1439381 -0.0172244551 -0.0392335547 0.143781017 -0.0172775869 -0.0393120974 0.143452989 -0.0168710178 -0.0392635856 0.143781017 -0.0172775869 -0.0393120974 0.14345761 -0.0170419609 -0.0393305773 0.14345761 -0.0170419609 -0.0393305773 0.143781017 -0.0172775869 -0.0393120974 0.143623933 -0.0173284077 -0.0393883291 0.14345761 -0.0170419609 -0.0393305773 0.143623933 -0.0173284077 -0.0393883291 0.14346223 -0.0172105952 -0.039399879 0.14346223 -0.0172105952 -0.039399879 0.143623933 -0.0173284077 -0.0393883291 0.14346454 -0.0173815395 -0.0394668707 0.143702475 -0.0168548468 -0.0169415532 0.143085691 -0.0187606402 -0.0169785141 0.143157303 -0.0186936485 -0.0189726665 0.143702475 -0.0168548468 -0.0169415532 0.143157303 -0.0186936485 -0.0189726665 0.143746366 -0.0168825677 -0.0189380162 0.143746366 -0.0168825677 -0.0189380162 0.143157303 -0.0186936485 -0.0189726665 0.143263565 -0.0185943159 -0.021832511 0.143746366 -0.0168825677 -0.0189380162 0.143263565 -0.0185943159 -0.021832511 0.143806427 -0.0169195285 -0.0218001701 0.143806427 -0.0169195285 -0.0218001701 0.143263565 -0.0185943159 -0.021832511 0.143379068 -0.0184834334 -0.0250394406 0.143806427 -0.0169195285 -0.0218001701 0.143379068 -0.0184834334 -0.0250394406 0.143873419 -0.0169611093 -0.02500941 0.143873419 -0.0169611093 -0.02500941 0.143379068 -0.0184834334 -0.0250394406 0.14348764 -0.018374862 -0.028072539 0.143873419 -0.0169611093 -0.02500941 0.14348764 -0.018374862 -0.028072539 0.14393117 -0.0170026901 -0.0280471284 0.14393117 -0.0170026901 -0.0280471284 0.14348764 -0.018374862 -0.028072539 0.143589282 -0.0182570484 -0.0311079472 0.14393117 -0.0170026901 -0.0280471284 0.143589282 -0.0182570484 -0.0311079472 0.143981991 -0.017046582 -0.0310825369 0.143981991 -0.017046582 -0.0310825369 0.143589282 -0.0182570484 -0.0311079472 0.143693235 -0.0181299961 -0.0343148772 0.143981991 -0.017046582 -0.0310825369 0.143693235 -0.0181299961 -0.0343148772 0.144028192 -0.0170974028 -0.0342940868 0.144028192 -0.0170974028 -0.0342940868 0.143693235 -0.0181299961 -0.0343148772 0.143783327 -0.0180144936 -0.0371747211 0.144028192 -0.0170974028 -0.0342940868 0.143783327 -0.0180144936 -0.0371747211 0.144067463 -0.0171412935 -0.0371585512 0.144067463 -0.0171412935 -0.0371585512 0.143783327 -0.0180144936 -0.0371747211 0.143848008 -0.017933642 -0.039171184 0.144067463 -0.0171412935 -0.0371585512 0.143848008 -0.017933642 -0.039171184 0.144095184 -0.0171713244 -0.039155013 0.144095184 -0.0171713244 -0.039155013 0.143848008 -0.017933642 -0.039171184 0.143753296 -0.0177950386 -0.0392451057 0.144095184 -0.0171713244 -0.039155013 0.143753296 -0.0177950386 -0.0392451057 0.1439381 -0.0172244551 -0.0392335547 0.1439381 -0.0172244551 -0.0392335547 0.143753296 -0.0177950386 -0.0392451057 0.143656274 -0.0176587452 -0.0393190274 0.1439381 -0.0172244551 -0.0392335547 0.143656274 -0.0176587452 -0.0393190274 0.143781017 -0.0172775869 -0.0393120974 0.143781017 -0.0172775869 -0.0393120974 0.143656274 -0.0176587452 -0.0393190274 0.143561562 -0.0175201418 -0.039392949 0.143781017 -0.0172775869 -0.0393120974 0.143561562 -0.0175201418 -0.039392949 0.143623933 -0.0173284077 -0.0393883291 0.143623933 -0.0173284077 -0.0393883291 0.143561562 -0.0175201418 -0.039392949 0.14346454 -0.0173815395 -0.0394668707 0.143085691 -0.0187606402 -0.0169785141 0.141085186 -0.0187606402 -0.0171032576 0.14125844 -0.0186936485 -0.0190904795 0.143085691 -0.0187606402 -0.0169785141 0.14125844 -0.0186936485 -0.0190904795 0.143157303 -0.0186936485 -0.0189726665 0.143157303 -0.0186936485 -0.0189726665 0.14125844 -0.0186936485 -0.0190904795 0.141503306 -0.0185943159 -0.0219410835 0.143157303 -0.0186936485 -0.0189726665 0.141503306 -0.0185943159 -0.0219410835 0.143263565 -0.0185943159 -0.021832511 0.143263565 -0.0185943159 -0.021832511 0.141503306 -0.0185943159 -0.0219410835 0.141780512 -0.0184834334 -0.0251387729 0.143263565 -0.0185943159 -0.021832511 0.141780512 -0.0184834334 -0.0251387729 0.143379068 -0.0184834334 -0.0250394406 0.143379068 -0.0184834334 -0.0250394406 0.141780512 -0.0184834334 -0.0251387729 0.142046168 -0.018374862 -0.028162631 0.143379068 -0.0184834334 -0.0250394406 0.142046168 -0.018374862 -0.028162631 0.14348764 -0.018374862 -0.028072539 0.14348764 -0.018374862 -0.028072539 0.142046168 -0.018374862 -0.028162631 0.142318754 -0.0182570484 -0.0311864891 0.14348764 -0.018374862 -0.028072539 0.142318754 -0.0182570484 -0.0311864891 0.143589282 -0.0182570484 -0.0311079472 0.143589282 -0.0182570484 -0.0311079472 0.142318754 -0.0182570484 -0.0311864891 0.14260751 -0.0181299961 -0.0343818683 0.143589282 -0.0182570484 -0.0311079472 0.14260751 -0.0181299961 -0.0343818683 0.143693235 -0.0181299961 -0.0343148772 0.143693235 -0.0181299961 -0.0343148772 0.14260751 -0.0181299961 -0.0343818683 0.142868546 -0.0180144936 -0.0372324729 0.143693235 -0.0181299961 -0.0343148772 0.142868546 -0.0180144936 -0.0372324729 0.143783327 -0.0180144936 -0.0371747211 0.143783327 -0.0180144936 -0.0371747211 0.142868546 -0.0180144936 -0.0372324729 0.14304873 -0.017933642 -0.0392196948 0.143783327 -0.0180144936 -0.0371747211 0.14304873 -0.017933642 -0.0392196948 0.143848008 -0.017933642 -0.039171184 0.143848008 -0.017933642 -0.039171184 0.14304873 -0.017933642 -0.0392196948 0.143152683 -0.0177950386 -0.0392820665 0.143848008 -0.017933642 -0.039171184 0.143152683 -0.0177950386 -0.0392820665 0.143753296 -0.0177950386 -0.0392451057 0.143753296 -0.0177950386 -0.0392451057 0.143152683 -0.0177950386 -0.0392820665 0.143256635 -0.0176587452 -0.0393421272 0.143753296 -0.0177950386 -0.0392451057 0.143256635 -0.0176587452 -0.0393421272 0.143656274 -0.0176587452 -0.0393190274 0.143656274 -0.0176587452 -0.0393190274 0.143256635 -0.0176587452 -0.0393421272 0.143360587 -0.0175201418 -0.0394044989 0.143656274 -0.0176587452 -0.0393190274 0.143360587 -0.0175201418 -0.0394044989 0.143561562 -0.0175201418 -0.039392949 0.143561562 -0.0175201418 -0.039392949 0.143360587 -0.0175201418 -0.0394044989 0.14346454 -0.0173815395 -0.0394668707 0.141085186 -0.0187606402 -0.0171032576 0.140468402 -0.0168548468 -0.0171402184 0.140669377 -0.0168825677 -0.0191274403 0.141085186 -0.0187606402 -0.0171032576 0.140669377 -0.0168825677 -0.0191274403 0.14125844 -0.0186936485 -0.0190904795 0.14125844 -0.0186936485 -0.0190904795 0.140669377 -0.0168825677 -0.0191274403 0.140960443 -0.0169195285 -0.0219757343 0.14125844 -0.0186936485 -0.0190904795 0.140960443 -0.0169195285 -0.0219757343 0.141503306 -0.0185943159 -0.0219410835 0.141503306 -0.0185943159 -0.0219410835 0.140960443 -0.0169195285 -0.0219757343 0.141288471 -0.0169611093 -0.0251688035 0.141503306 -0.0185943159 -0.0219410835 0.141288471 -0.0169611093 -0.0251688035 0.141780512 -0.0184834334 -0.0251387729 0.141780512 -0.0184834334 -0.0251387729 0.141288471 -0.0169611093 -0.0251688035 0.141602638 -0.0170026901 -0.0281903517 0.141780512 -0.0184834334 -0.0251387729 0.141602638 -0.0170026901 -0.0281903517 0.142046168 -0.018374862 -0.028162631 0.142046168 -0.018374862 -0.028162631 0.141602638 -0.0170026901 -0.0281903517 0.141926045 -0.017046582 -0.0312095895 0.142046168 -0.018374862 -0.028162631 0.141926045 -0.017046582 -0.0312095895 0.142318754 -0.0182570484 -0.0311864891 0.142318754 -0.0182570484 -0.0311864891 0.141926045 -0.017046582 -0.0312095895 0.142272553 -0.0170974028 -0.0344026587 0.142318754 -0.0182570484 -0.0311864891 0.142272553 -0.0170974028 -0.0344026587 0.14260751 -0.0181299961 -0.0343818683 0.14260751 -0.0181299961 -0.0343818683 0.142272553 -0.0170974028 -0.0344026587 0.14258441 -0.0171412935 -0.0372486427 0.14260751 -0.0181299961 -0.0343818683 0.14258441 -0.0171412935 -0.0372486427 0.142868546 -0.0180144936 -0.0372324729 0.142868546 -0.0180144936 -0.0372324729 0.14258441 -0.0171412935 -0.0372486427 0.142801555 -0.0171713244 -0.0392335547 0.142868546 -0.0180144936 -0.0372324729 0.142801555 -0.0171713244 -0.0392335547 0.14304873 -0.017933642 -0.0392196948 0.14304873 -0.017933642 -0.0392196948 0.142801555 -0.0171713244 -0.0392335547 0.142967878 -0.0172244551 -0.0392936164 0.14304873 -0.017933642 -0.0392196948 0.142967878 -0.0172244551 -0.0392936164 0.143152683 -0.0177950386 -0.0392820665 0.143152683 -0.0177950386 -0.0392820665 0.142967878 -0.0172244551 -0.0392936164 0.143134202 -0.0172775869 -0.0393513682 0.143152683 -0.0177950386 -0.0392820665 0.143134202 -0.0172775869 -0.0393513682 0.143256635 -0.0176587452 -0.0393421272 0.143256635 -0.0176587452 -0.0393421272 0.143134202 -0.0172775869 -0.0393513682 0.143300526 -0.0173284077 -0.0394091189 0.143256635 -0.0176587452 -0.0393421272 0.143300526 -0.0173284077 -0.0394091189 0.143360587 -0.0175201418 -0.0394044989 0.143360587 -0.0175201418 -0.0394044989 0.143300526 -0.0173284077 -0.0394091189 0.14346454 -0.0173815395 -0.0394668707 0.140468402 -0.0168548468 -0.0171402184 0.142085439 -0.0156790313 -0.0170408858 0.142207871 -0.0157621928 -0.0190327283 0.140468402 -0.0168548468 -0.0171402184 0.142207871 -0.0157621928 -0.0190327283 0.140669377 -0.0168825677 -0.0191274403 0.140669377 -0.0168825677 -0.0191274403 0.142207871 -0.0157621928 -0.0190327283 0.142383435 -0.0158823153 -0.0218879522 0.140669377 -0.0168825677 -0.0191274403 0.142383435 -0.0158823153 -0.0218879522 0.140960443 -0.0169195285 -0.0219757343 0.140960443 -0.0169195285 -0.0219757343 0.142383435 -0.0158823153 -0.0218879522 0.14257979 -0.0160209187 -0.0250902619 0.140960443 -0.0169195285 -0.0219757343 0.14257979 -0.0160209187 -0.0250902619 0.141288471 -0.0169611093 -0.0251688035 0.141288471 -0.0169611093 -0.0251688035 0.14257979 -0.0160209187 -0.0250902619 0.142766904 -0.016154901 -0.02811874 0.141288471 -0.0169611093 -0.0251688035 0.142766904 -0.016154901 -0.02811874 0.141602638 -0.0170026901 -0.0281903517 0.141602638 -0.0170026901 -0.0281903517 0.142766904 -0.016154901 -0.02811874 0.142954018 -0.0163004343 -0.0311472183 0.141602638 -0.0170026901 -0.0281903517 0.142954018 -0.0163004343 -0.0311472183 0.141926045 -0.017046582 -0.0312095895 0.141926045 -0.017046582 -0.0312095895 0.142954018 -0.0163004343 -0.0311472183 0.143150373 -0.0164575187 -0.034349528 0.141926045 -0.017046582 -0.0312095895 0.143150373 -0.0164575187 -0.034349528 0.142272553 -0.0170974028 -0.0344026587 0.142272553 -0.0170974028 -0.0344026587 0.143150373 -0.0164575187 -0.034349528 0.143325937 -0.0166007421 -0.037204752 0.142272553 -0.0170974028 -0.0344026587 0.143325937 -0.0166007421 -0.037204752 0.14258441 -0.0171412935 -0.0372486427 0.14258441 -0.0171412935 -0.0372486427 0.143325937 -0.0166007421 -0.037204752 0.143448369 -0.0167000735 -0.0391942839 0.14258441 -0.0171412935 -0.0372486427 0.143448369 -0.0167000735 -0.0391942839 0.142801555 -0.0171713244 -0.0392335547 0.142801555 -0.0171713244 -0.0392335547 0.143448369 -0.0167000735 -0.0391942839 0.143452989 -0.0168710178 -0.0392635856 0.142801555 -0.0171713244 -0.0392335547 0.143452989 -0.0168710178 -0.0392635856 0.142967878 -0.0172244551 -0.0392936164 0.142967878 -0.0172244551 -0.0392936164 0.143452989 -0.0168710178 -0.0392635856 0.14345761 -0.0170419609 -0.0393305773 0.142967878 -0.0172244551 -0.0392936164 0.14345761 -0.0170419609 -0.0393305773 0.143134202 -0.0172775869 -0.0393513682 0.143134202 -0.0172775869 -0.0393513682 0.14345761 -0.0170419609 -0.0393305773 0.14346223 -0.0172105952 -0.039399879 0.143134202 -0.0172775869 -0.0393513682 0.14346223 -0.0172105952 -0.039399879 0.143300526 -0.0173284077 -0.0394091189 0.143300526 -0.0173284077 -0.0394091189 0.14346223 -0.0172105952 -0.039399879 0.14346454 -0.0173815395 -0.0394668707 0.142085439 -0.0173815395 -0.0170408858 0.143702475 -0.0168548468 -0.0169415532 0.142085439 -0.0156790313 -0.0170408858 0.142085439 -0.0173815395 -0.0170408858 0.143085691 -0.0187606402 -0.0169785141 0.143702475 -0.0168548468 -0.0169415532 0.142085439 -0.0173815395 -0.0170408858 0.141085186 -0.0187606402 -0.0171032576 0.143085691 -0.0187606402 -0.0169785141 0.142085439 -0.0173815395 -0.0170408858 0.140468402 -0.0168548468 -0.0171402184 0.141085186 -0.0187606402 -0.0171032576 0.142085439 -0.0173815395 -0.0170408858 0.142085439 -0.0156790313 -0.0170408858 0.140468402 -0.0168548468 -0.0171402184 0.142085439 -0.00988484312 -0.0170408858 0.143702475 -0.0110606598 -0.0169415532 0.143746366 -0.0110883796 -0.0189380162 0.142085439 -0.00988484312 -0.0170408858 0.143746366 -0.0110883796 -0.0189380162 0.142207871 -0.00996800471 -0.0190327283 0.142207871 -0.00996800471 -0.0190327283 0.143746366 -0.0110883796 -0.0189380162 0.143806427 -0.0111253404 -0.0218001701 0.142207871 -0.00996800471 -0.0190327283 0.143806427 -0.0111253404 -0.0218001701 0.142383435 -0.0100881271 -0.0218879522 0.142383435 -0.0100881271 -0.0218879522 0.143806427 -0.0111253404 -0.0218001701 0.143873419 -0.0111669223 -0.02500941 0.142383435 -0.0100881271 -0.0218879522 0.143873419 -0.0111669223 -0.02500941 0.14257979 -0.0102267305 -0.0250902619 0.14257979 -0.0102267305 -0.0250902619 0.143873419 -0.0111669223 -0.02500941 0.14393117 -0.0112085031 -0.0280471284 0.14257979 -0.0102267305 -0.0250902619 0.14393117 -0.0112085031 -0.0280471284 0.142766904 -0.010360714 -0.02811874 0.142766904 -0.010360714 -0.02811874 0.14393117 -0.0112085031 -0.0280471284 0.143981991 -0.0112523939 -0.0310825369 0.142766904 -0.010360714 -0.02811874 0.143981991 -0.0112523939 -0.0310825369 0.142954018 -0.0105062473 -0.0311472183 0.142954018 -0.0105062473 -0.0311472183 0.143981991 -0.0112523939 -0.0310825369 0.144028192 -0.0113032146 -0.0342940868 0.142954018 -0.0105062473 -0.0311472183 0.144028192 -0.0113032146 -0.0342940868 0.143150373 -0.0106633306 -0.034349528 0.143150373 -0.0106633306 -0.034349528 0.144028192 -0.0113032146 -0.0342940868 0.144067463 -0.0113471054 -0.0371585512 0.143150373 -0.0106633306 -0.034349528 0.144067463 -0.0113471054 -0.0371585512 0.143325937 -0.0108065539 -0.037204752 0.143325937 -0.0108065539 -0.037204752 0.144067463 -0.0113471054 -0.0371585512 0.144095184 -0.0113771363 -0.039155013 0.143325937 -0.0108065539 -0.037204752 0.144095184 -0.0113771363 -0.039155013 0.143448369 -0.0109058854 -0.0391942839 0.143448369 -0.0109058854 -0.0391942839 0.144095184 -0.0113771363 -0.039155013 0.1439381 -0.0114302681 -0.0392335547 0.143448369 -0.0109058854 -0.0391942839 0.1439381 -0.0114302681 -0.0392335547 0.143452989 -0.0110768297 -0.0392635856 0.143452989 -0.0110768297 -0.0392635856 0.1439381 -0.0114302681 -0.0392335547 0.143781017 -0.0114833988 -0.0393120974 0.143452989 -0.0110768297 -0.0392635856 0.143781017 -0.0114833988 -0.0393120974 0.14345761 -0.0112477739 -0.0393305773 0.14345761 -0.0112477739 -0.0393305773 0.143781017 -0.0114833988 -0.0393120974 0.143623933 -0.0115365306 -0.0393883291 0.14345761 -0.0112477739 -0.0393305773 0.143623933 -0.0115365306 -0.0393883291 0.14346223 -0.0114187171 -0.039399879 0.14346223 -0.0114187171 -0.039399879 0.143623933 -0.0115365306 -0.0393883291 0.14346454 -0.0115873514 -0.0394668707 0.143702475 -0.0110606598 -0.0169415532 0.143085691 -0.012966452 -0.0169785141 0.143157303 -0.0128994603 -0.0189726665 0.143702475 -0.0110606598 -0.0169415532 0.143157303 -0.0128994603 -0.0189726665 0.143746366 -0.0110883796 -0.0189380162 0.143746366 -0.0110883796 -0.0189380162 0.143157303 -0.0128994603 -0.0189726665 0.143263565 -0.0128001289 -0.021832511 0.143746366 -0.0110883796 -0.0189380162 0.143263565 -0.0128001289 -0.021832511 0.143806427 -0.0111253404 -0.0218001701 0.143806427 -0.0111253404 -0.0218001701 0.143263565 -0.0128001289 -0.021832511 0.143379068 -0.0126892464 -0.0250394406 0.143806427 -0.0111253404 -0.0218001701 0.143379068 -0.0126892464 -0.0250394406 0.143873419 -0.0111669223 -0.02500941 0.143873419 -0.0111669223 -0.02500941 0.143379068 -0.0126892464 -0.0250394406 0.14348764 -0.0125806739 -0.028072539 0.143873419 -0.0111669223 -0.02500941 0.14348764 -0.0125806739 -0.028072539 0.14393117 -0.0112085031 -0.0280471284 0.14393117 -0.0112085031 -0.0280471284 0.14348764 -0.0125806739 -0.028072539 0.143589282 -0.0124628614 -0.0311079472 0.14393117 -0.0112085031 -0.0280471284 0.143589282 -0.0124628614 -0.0311079472 0.143981991 -0.0112523939 -0.0310825369 0.143981991 -0.0112523939 -0.0310825369 0.143589282 -0.0124628614 -0.0311079472 0.143693235 -0.0123358079 -0.0343148772 0.143981991 -0.0112523939 -0.0310825369 0.143693235 -0.0123358079 -0.0343148772 0.144028192 -0.0113032146 -0.0342940868 0.144028192 -0.0113032146 -0.0342940868 0.143693235 -0.0123358079 -0.0343148772 0.143783327 -0.0122203055 -0.0371747211 0.144028192 -0.0113032146 -0.0342940868 0.143783327 -0.0122203055 -0.0371747211 0.144067463 -0.0113471054 -0.0371585512 0.144067463 -0.0113471054 -0.0371585512 0.143783327 -0.0122203055 -0.0371747211 0.143848008 -0.0121394539 -0.039171184 0.144067463 -0.0113471054 -0.0371585512 0.143848008 -0.0121394539 -0.039171184 0.144095184 -0.0113771363 -0.039155013 0.144095184 -0.0113771363 -0.039155013 0.143848008 -0.0121394539 -0.039171184 0.143753296 -0.0120008505 -0.0392451057 0.144095184 -0.0113771363 -0.039155013 0.143753296 -0.0120008505 -0.0392451057 0.1439381 -0.0114302681 -0.0392335547 0.1439381 -0.0114302681 -0.0392335547 0.143753296 -0.0120008505 -0.0392451057 0.143656274 -0.011864557 -0.0393190274 0.1439381 -0.0114302681 -0.0392335547 0.143656274 -0.011864557 -0.0393190274 0.143781017 -0.0114833988 -0.0393120974 0.143781017 -0.0114833988 -0.0393120974 0.143656274 -0.011864557 -0.0393190274 0.143561562 -0.0117259548 -0.039392949 0.143781017 -0.0114833988 -0.0393120974 0.143561562 -0.0117259548 -0.039392949 0.143623933 -0.0115365306 -0.0393883291 0.143623933 -0.0115365306 -0.0393883291 0.143561562 -0.0117259548 -0.039392949 0.14346454 -0.0115873514 -0.0394668707 0.143085691 -0.012966452 -0.0169785141 0.141085186 -0.012966452 -0.0171032576 0.14125844 -0.0128994603 -0.0190904795 0.143085691 -0.012966452 -0.0169785141 0.14125844 -0.0128994603 -0.0190904795 0.143157303 -0.0128994603 -0.0189726665 0.143157303 -0.0128994603 -0.0189726665 0.14125844 -0.0128994603 -0.0190904795 0.141503306 -0.0128001289 -0.0219410835 0.143157303 -0.0128994603 -0.0189726665 0.141503306 -0.0128001289 -0.0219410835 0.143263565 -0.0128001289 -0.021832511 0.143263565 -0.0128001289 -0.021832511 0.141503306 -0.0128001289 -0.0219410835 0.141780512 -0.0126892464 -0.0251387729 0.143263565 -0.0128001289 -0.021832511 0.141780512 -0.0126892464 -0.0251387729 0.143379068 -0.0126892464 -0.0250394406 0.143379068 -0.0126892464 -0.0250394406 0.141780512 -0.0126892464 -0.0251387729 0.142046168 -0.0125806739 -0.028162631 0.143379068 -0.0126892464 -0.0250394406 0.142046168 -0.0125806739 -0.028162631 0.14348764 -0.0125806739 -0.028072539 0.14348764 -0.0125806739 -0.028072539 0.142046168 -0.0125806739 -0.028162631 0.142318754 -0.0124628614 -0.0311864891 0.14348764 -0.0125806739 -0.028072539 0.142318754 -0.0124628614 -0.0311864891 0.143589282 -0.0124628614 -0.0311079472 0.143589282 -0.0124628614 -0.0311079472 0.142318754 -0.0124628614 -0.0311864891 0.14260751 -0.0123358079 -0.0343818683 0.143589282 -0.0124628614 -0.0311079472 0.14260751 -0.0123358079 -0.0343818683 0.143693235 -0.0123358079 -0.0343148772 0.143693235 -0.0123358079 -0.0343148772 0.14260751 -0.0123358079 -0.0343818683 0.142868546 -0.0122203055 -0.0372324729 0.143693235 -0.0123358079 -0.0343148772 0.142868546 -0.0122203055 -0.0372324729 0.143783327 -0.0122203055 -0.0371747211 0.143783327 -0.0122203055 -0.0371747211 0.142868546 -0.0122203055 -0.0372324729 0.14304873 -0.0121394539 -0.0392196948 0.143783327 -0.0122203055 -0.0371747211 0.14304873 -0.0121394539 -0.0392196948 0.143848008 -0.0121394539 -0.039171184 0.143848008 -0.0121394539 -0.039171184 0.14304873 -0.0121394539 -0.0392196948 0.143152683 -0.0120008505 -0.0392820665 0.143848008 -0.0121394539 -0.039171184 0.143152683 -0.0120008505 -0.0392820665 0.143753296 -0.0120008505 -0.0392451057 0.143753296 -0.0120008505 -0.0392451057 0.143152683 -0.0120008505 -0.0392820665 0.143256635 -0.011864557 -0.0393421272 0.143753296 -0.0120008505 -0.0392451057 0.143256635 -0.011864557 -0.0393421272 0.143656274 -0.011864557 -0.0393190274 0.143656274 -0.011864557 -0.0393190274 0.143256635 -0.011864557 -0.0393421272 0.143360587 -0.0117259548 -0.0394044989 0.143656274 -0.011864557 -0.0393190274 0.143360587 -0.0117259548 -0.0394044989 0.143561562 -0.0117259548 -0.039392949 0.143561562 -0.0117259548 -0.039392949 0.143360587 -0.0117259548 -0.0394044989 0.14346454 -0.0115873514 -0.0394668707 0.141085186 -0.012966452 -0.0171032576 0.140468402 -0.0110606598 -0.0171402184 0.140669377 -0.0110883796 -0.0191274403 0.141085186 -0.012966452 -0.0171032576 0.140669377 -0.0110883796 -0.0191274403 0.14125844 -0.0128994603 -0.0190904795 0.14125844 -0.0128994603 -0.0190904795 0.140669377 -0.0110883796 -0.0191274403 0.140960443 -0.0111253404 -0.0219757343 0.14125844 -0.0128994603 -0.0190904795 0.140960443 -0.0111253404 -0.0219757343 0.141503306 -0.0128001289 -0.0219410835 0.141503306 -0.0128001289 -0.0219410835 0.140960443 -0.0111253404 -0.0219757343 0.141288471 -0.0111669223 -0.0251688035 0.141503306 -0.0128001289 -0.0219410835 0.141288471 -0.0111669223 -0.0251688035 0.141780512 -0.0126892464 -0.0251387729 0.141780512 -0.0126892464 -0.0251387729 0.141288471 -0.0111669223 -0.0251688035 0.141602638 -0.0112085031 -0.0281903517 0.141780512 -0.0126892464 -0.0251387729 0.141602638 -0.0112085031 -0.0281903517 0.142046168 -0.0125806739 -0.028162631 0.142046168 -0.0125806739 -0.028162631 0.141602638 -0.0112085031 -0.0281903517 0.141926045 -0.0112523939 -0.0312095895 0.142046168 -0.0125806739 -0.028162631 0.141926045 -0.0112523939 -0.0312095895 0.142318754 -0.0124628614 -0.0311864891 0.142318754 -0.0124628614 -0.0311864891 0.141926045 -0.0112523939 -0.0312095895 0.142272553 -0.0113032146 -0.0344026587 0.142318754 -0.0124628614 -0.0311864891 0.142272553 -0.0113032146 -0.0344026587 0.14260751 -0.0123358079 -0.0343818683 0.14260751 -0.0123358079 -0.0343818683 0.142272553 -0.0113032146 -0.0344026587 0.14258441 -0.0113471054 -0.0372486427 0.14260751 -0.0123358079 -0.0343818683 0.14258441 -0.0113471054 -0.0372486427 0.142868546 -0.0122203055 -0.0372324729 0.142868546 -0.0122203055 -0.0372324729 0.14258441 -0.0113471054 -0.0372486427 0.142801555 -0.0113771363 -0.0392335547 0.142868546 -0.0122203055 -0.0372324729 0.142801555 -0.0113771363 -0.0392335547 0.14304873 -0.0121394539 -0.0392196948 0.14304873 -0.0121394539 -0.0392196948 0.142801555 -0.0113771363 -0.0392335547 0.142967878 -0.0114302681 -0.0392936164 0.14304873 -0.0121394539 -0.0392196948 0.142967878 -0.0114302681 -0.0392936164 0.143152683 -0.0120008505 -0.0392820665 0.143152683 -0.0120008505 -0.0392820665 0.142967878 -0.0114302681 -0.0392936164 0.143134202 -0.0114833988 -0.0393513682 0.143152683 -0.0120008505 -0.0392820665 0.143134202 -0.0114833988 -0.0393513682 0.143256635 -0.011864557 -0.0393421272 0.143256635 -0.011864557 -0.0393421272 0.143134202 -0.0114833988 -0.0393513682 0.143300526 -0.0115365306 -0.0394091189 0.143256635 -0.011864557 -0.0393421272 0.143300526 -0.0115365306 -0.0394091189 0.143360587 -0.0117259548 -0.0394044989 0.143360587 -0.0117259548 -0.0394044989 0.143300526 -0.0115365306 -0.0394091189 0.14346454 -0.0115873514 -0.0394668707 0.140468402 -0.0110606598 -0.0171402184 0.142085439 -0.00988484312 -0.0170408858 0.142207871 -0.00996800471 -0.0190327283 0.140468402 -0.0110606598 -0.0171402184 0.142207871 -0.00996800471 -0.0190327283 0.140669377 -0.0110883796 -0.0191274403 0.140669377 -0.0110883796 -0.0191274403 0.142207871 -0.00996800471 -0.0190327283 0.142383435 -0.0100881271 -0.0218879522 0.140669377 -0.0110883796 -0.0191274403 0.142383435 -0.0100881271 -0.0218879522 0.140960443 -0.0111253404 -0.0219757343 0.140960443 -0.0111253404 -0.0219757343 0.142383435 -0.0100881271 -0.0218879522 0.14257979 -0.0102267305 -0.0250902619 0.140960443 -0.0111253404 -0.0219757343 0.14257979 -0.0102267305 -0.0250902619 0.141288471 -0.0111669223 -0.0251688035 0.141288471 -0.0111669223 -0.0251688035 0.14257979 -0.0102267305 -0.0250902619 0.142766904 -0.010360714 -0.02811874 0.141288471 -0.0111669223 -0.0251688035 0.142766904 -0.010360714 -0.02811874 0.141602638 -0.0112085031 -0.0281903517 0.141602638 -0.0112085031 -0.0281903517 0.142766904 -0.010360714 -0.02811874 0.142954018 -0.0105062473 -0.0311472183 0.141602638 -0.0112085031 -0.0281903517 0.142954018 -0.0105062473 -0.0311472183 0.141926045 -0.0112523939 -0.0312095895 0.141926045 -0.0112523939 -0.0312095895 0.142954018 -0.0105062473 -0.0311472183 0.143150373 -0.0106633306 -0.034349528 0.141926045 -0.0112523939 -0.0312095895 0.143150373 -0.0106633306 -0.034349528 0.142272553 -0.0113032146 -0.0344026587 0.142272553 -0.0113032146 -0.0344026587 0.143150373 -0.0106633306 -0.034349528 0.143325937 -0.0108065539 -0.037204752 0.142272553 -0.0113032146 -0.0344026587 0.143325937 -0.0108065539 -0.037204752 0.14258441 -0.0113471054 -0.0372486427 0.14258441 -0.0113471054 -0.0372486427 0.143325937 -0.0108065539 -0.037204752 0.143448369 -0.0109058854 -0.0391942839 0.14258441 -0.0113471054 -0.0372486427 0.143448369 -0.0109058854 -0.0391942839 0.142801555 -0.0113771363 -0.0392335547 0.142801555 -0.0113771363 -0.0392335547 0.143448369 -0.0109058854 -0.0391942839 0.143452989 -0.0110768297 -0.0392635856 0.142801555 -0.0113771363 -0.0392335547 0.143452989 -0.0110768297 -0.0392635856 0.142967878 -0.0114302681 -0.0392936164 0.142967878 -0.0114302681 -0.0392936164 0.143452989 -0.0110768297 -0.0392635856 0.14345761 -0.0112477739 -0.0393305773 0.142967878 -0.0114302681 -0.0392936164 0.14345761 -0.0112477739 -0.0393305773 0.143134202 -0.0114833988 -0.0393513682 0.143134202 -0.0114833988 -0.0393513682 0.14345761 -0.0112477739 -0.0393305773 0.14346223 -0.0114187171 -0.039399879 0.143134202 -0.0114833988 -0.0393513682 0.14346223 -0.0114187171 -0.039399879 0.143300526 -0.0115365306 -0.0394091189 0.143300526 -0.0115365306 -0.0394091189 0.14346223 -0.0114187171 -0.039399879 0.14346454 -0.0115873514 -0.0394668707 0.142085439 -0.0115873514 -0.0170408858 0.143702475 -0.0110606598 -0.0169415532 0.142085439 -0.00988484312 -0.0170408858 0.142085439 -0.0115873514 -0.0170408858 0.143085691 -0.012966452 -0.0169785141 0.143702475 -0.0110606598 -0.0169415532 0.142085439 -0.0115873514 -0.0170408858 0.141085186 -0.012966452 -0.0171032576 0.143085691 -0.012966452 -0.0169785141 0.142085439 -0.0115873514 -0.0170408858 0.140468402 -0.0110606598 -0.0171402184 0.141085186 -0.012966452 -0.0171032576 0.142085439 -0.0115873514 -0.0170408858 0.142085439 -0.00988484312 -0.0170408858 0.140468402 -0.0110606598 -0.0171402184 0.142085439 -0.00409007749 -0.0170408858 0.143702475 -0.00526647165 -0.0169415532 0.143746366 -0.00529419199 -0.0189380162 0.142085439 -0.00409007749 -0.0170408858 0.143746366 -0.00529419199 -0.0189380162 0.142207871 -0.00417323936 -0.0190327283 0.142207871 -0.00417323936 -0.0190327283 0.143746366 -0.00529419199 -0.0189380162 0.143806427 -0.00533115283 -0.0218001701 0.142207871 -0.00417323936 -0.0190327283 0.143806427 -0.00533115283 -0.0218001701 0.142383435 -0.00429336206 -0.0218879522 0.142383435 -0.00429336206 -0.0218879522 0.143806427 -0.00533115283 -0.0218001701 0.143873419 -0.00537273418 -0.02500941 0.142383435 -0.00429336206 -0.0218879522 0.143873419 -0.00537273418 -0.02500941 0.14257979 -0.00443196518 -0.0250902619 0.14257979 -0.00443196518 -0.0250902619 0.143873419 -0.00537273418 -0.02500941 0.14393117 -0.00541431498 -0.0280471284 0.14257979 -0.00443196518 -0.0250902619 0.14393117 -0.00541431498 -0.0280471284 0.142766904 -0.00456594834 -0.02811874 0.142766904 -0.00456594834 -0.02811874 0.14393117 -0.00541431498 -0.0280471284 0.143981991 -0.00546051574 -0.0310825369 0.142766904 -0.00456594834 -0.02811874 0.143981991 -0.00546051574 -0.0310825369 0.142954018 -0.00471205918 -0.0311472183 0.142954018 -0.00471205918 -0.0311472183 0.143981991 -0.00546051574 -0.0310825369 0.144028192 -0.00550902704 -0.0342940868 0.142954018 -0.00471205918 -0.0311472183 0.144028192 -0.00550902704 -0.0342940868 0.143150373 -0.00486914243 -0.034349528 0.143150373 -0.00486914243 -0.034349528 0.144028192 -0.00550902704 -0.0342940868 0.144067463 -0.00555291782 -0.0371585512 0.143150373 -0.00486914243 -0.034349528 0.144067463 -0.00555291782 -0.0371585512 0.143325937 -0.00501236579 -0.037204752 0.143325937 -0.00501236579 -0.037204752 0.144067463 -0.00555291782 -0.0371585512 0.144095184 -0.0055829487 -0.039155013 0.143325937 -0.00501236579 -0.037204752 0.144095184 -0.0055829487 -0.039155013 0.143448369 -0.00511169782 -0.0391942839 0.143448369 -0.00511169782 -0.0391942839 0.144095184 -0.0055829487 -0.039155013 0.1439381 -0.00563607997 -0.0392335547 0.143448369 -0.00511169782 -0.0391942839 0.1439381 -0.00563607997 -0.0392335547 0.143452989 -0.00528264209 -0.0392635856 0.143452989 -0.00528264209 -0.0392635856 0.1439381 -0.00563607997 -0.0392335547 0.143781017 -0.00568921124 -0.0393120974 0.143452989 -0.00528264209 -0.0392635856 0.143781017 -0.00568921124 -0.0393120974 0.14345761 -0.00545358579 -0.0393305773 0.14345761 -0.00545358579 -0.0393305773 0.143781017 -0.00568921124 -0.0393120974 0.143623933 -0.0057423425 -0.0393883291 0.14345761 -0.00545358579 -0.0393305773 0.143623933 -0.0057423425 -0.0393883291 0.14346223 -0.0056245295 -0.039399879 0.14346223 -0.0056245295 -0.039399879 0.143623933 -0.0057423425 -0.0393883291 0.14346454 -0.00579316322 -0.0394668707 0.143702475 -0.00526647165 -0.0169415532 0.143085691 -0.00717226446 -0.0169785141 0.143157303 -0.00710527275 -0.0189726665 0.143702475 -0.00526647165 -0.0169415532 0.143157303 -0.00710527275 -0.0189726665 0.143746366 -0.00529419199 -0.0189380162 0.143746366 -0.00529419199 -0.0189380162 0.143157303 -0.00710527275 -0.0189726665 0.143263565 -0.0070082507 -0.021832511 0.143746366 -0.00529419199 -0.0189380162 0.143263565 -0.0070082507 -0.021832511 0.143806427 -0.00533115283 -0.0218001701 0.143806427 -0.00533115283 -0.0218001701 0.143263565 -0.0070082507 -0.021832511 0.143379068 -0.00689505823 -0.0250394406 0.143806427 -0.00533115283 -0.0218001701 0.143379068 -0.00689505823 -0.0250394406 0.143873419 -0.00537273418 -0.02500941 0.143873419 -0.00537273418 -0.02500941 0.143379068 -0.00689505823 -0.0250394406 0.14348764 -0.00678648571 -0.028072539 0.143873419 -0.00537273418 -0.02500941 0.14348764 -0.00678648571 -0.028072539 0.14393117 -0.00541431498 -0.0280471284 0.14393117 -0.00541431498 -0.0280471284 0.14348764 -0.00678648571 -0.028072539 0.143589282 -0.00666867327 -0.0311079472 0.14393117 -0.00541431498 -0.0280471284 0.143589282 -0.00666867327 -0.0311079472 0.143981991 -0.00546051574 -0.0310825369 0.143981991 -0.00546051574 -0.0310825369 0.143589282 -0.00666867327 -0.0311079472 0.143693235 -0.00654162034 -0.0343148772 0.143981991 -0.00546051574 -0.0310825369 0.143693235 -0.00654162034 -0.0343148772 0.144028192 -0.00550902704 -0.0342940868 0.144028192 -0.00550902704 -0.0342940868 0.143693235 -0.00654162034 -0.0343148772 0.143783327 -0.00642611789 -0.0371747211 0.144028192 -0.00550902704 -0.0342940868 0.143783327 -0.00642611789 -0.0371747211 0.144067463 -0.00555291782 -0.0371585512 0.144067463 -0.00555291782 -0.0371585512 0.143783327 -0.00642611789 -0.0371747211 0.143848008 -0.00634526571 -0.039171184 0.144067463 -0.00555291782 -0.0371585512 0.143848008 -0.00634526571 -0.039171184 0.144095184 -0.0055829487 -0.039155013 0.144095184 -0.0055829487 -0.039155013 0.143848008 -0.00634526571 -0.039171184 0.143753296 -0.00620666288 -0.0392451057 0.144095184 -0.0055829487 -0.039155013 0.143753296 -0.00620666288 -0.0392451057 0.1439381 -0.00563607997 -0.0392335547 0.1439381 -0.00563607997 -0.0392335547 0.143753296 -0.00620666288 -0.0392451057 0.143656274 -0.00607036946 -0.0393190274 0.1439381 -0.00563607997 -0.0392335547 0.143656274 -0.00607036946 -0.0393190274 0.143781017 -0.00568921124 -0.0393120974 0.143781017 -0.00568921124 -0.0393120974 0.143656274 -0.00607036946 -0.0393190274 0.143561562 -0.00593176662 -0.039392949 0.143781017 -0.00568921124 -0.0393120974 0.143561562 -0.00593176662 -0.039392949 0.143623933 -0.0057423425 -0.0393883291 0.143623933 -0.0057423425 -0.0393883291 0.143561562 -0.00593176662 -0.039392949 0.14346454 -0.00579316322 -0.0394668707 0.143085691 -0.00717226446 -0.0169785141 0.141085186 -0.00717226446 -0.0171032576 0.14125844 -0.00710527275 -0.0190904795 0.143085691 -0.00717226446 -0.0169785141 0.14125844 -0.00710527275 -0.0190904795 0.143157303 -0.00710527275 -0.0189726665 0.143157303 -0.00710527275 -0.0189726665 0.14125844 -0.00710527275 -0.0190904795 0.141503306 -0.0070082507 -0.0219410835 0.143157303 -0.00710527275 -0.0189726665 0.141503306 -0.0070082507 -0.0219410835 0.143263565 -0.0070082507 -0.021832511 0.143263565 -0.0070082507 -0.021832511 0.141503306 -0.0070082507 -0.0219410835 0.141780512 -0.00689505823 -0.0251387729 0.143263565 -0.0070082507 -0.021832511 0.141780512 -0.00689505823 -0.0251387729 0.143379068 -0.00689505823 -0.0250394406 0.143379068 -0.00689505823 -0.0250394406 0.141780512 -0.00689505823 -0.0251387729 0.142046168 -0.00678648571 -0.028162631 0.143379068 -0.00689505823 -0.0250394406 0.142046168 -0.00678648571 -0.028162631 0.14348764 -0.00678648571 -0.028072539 0.14348764 -0.00678648571 -0.028072539 0.142046168 -0.00678648571 -0.028162631 0.142318754 -0.00666867327 -0.0311864891 0.14348764 -0.00678648571 -0.028072539 0.142318754 -0.00666867327 -0.0311864891 0.143589282 -0.00666867327 -0.0311079472 0.143589282 -0.00666867327 -0.0311079472 0.142318754 -0.00666867327 -0.0311864891 0.14260751 -0.00654162034 -0.0343818683 0.143589282 -0.00666867327 -0.0311079472 0.14260751 -0.00654162034 -0.0343818683 0.143693235 -0.00654162034 -0.0343148772 0.143693235 -0.00654162034 -0.0343148772 0.14260751 -0.00654162034 -0.0343818683 0.142868546 -0.00642611789 -0.0372324729 0.143693235 -0.00654162034 -0.0343148772 0.142868546 -0.00642611789 -0.0372324729 0.143783327 -0.00642611789 -0.0371747211 0.143783327 -0.00642611789 -0.0371747211 0.142868546 -0.00642611789 -0.0372324729 0.14304873 -0.00634526571 -0.0392196948 0.143783327 -0.00642611789 -0.0371747211 0.14304873 -0.00634526571 -0.0392196948 0.143848008 -0.00634526571 -0.039171184 0.143848008 -0.00634526571 -0.039171184 0.14304873 -0.00634526571 -0.0392196948 0.143152683 -0.00620666288 -0.0392820665 0.143848008 -0.00634526571 -0.039171184 0.143152683 -0.00620666288 -0.0392820665 0.143753296 -0.00620666288 -0.0392451057 0.143753296 -0.00620666288 -0.0392451057 0.143152683 -0.00620666288 -0.0392820665 0.143256635 -0.00607036946 -0.0393421272 0.143753296 -0.00620666288 -0.0392451057 0.143256635 -0.00607036946 -0.0393421272 0.143656274 -0.00607036946 -0.0393190274 0.143656274 -0.00607036946 -0.0393190274 0.143256635 -0.00607036946 -0.0393421272 0.143360587 -0.00593176662 -0.0394044989 0.143656274 -0.00607036946 -0.0393190274 0.143360587 -0.00593176662 -0.0394044989 0.143561562 -0.00593176662 -0.039392949 0.143561562 -0.00593176662 -0.039392949 0.143360587 -0.00593176662 -0.0394044989 0.14346454 -0.00579316322 -0.0394668707 0.141085186 -0.00717226446 -0.0171032576 0.140468402 -0.00526647165 -0.0171402184 0.140669377 -0.00529419199 -0.0191274403 0.141085186 -0.00717226446 -0.0171032576 0.140669377 -0.00529419199 -0.0191274403 0.14125844 -0.00710527275 -0.0190904795 0.14125844 -0.00710527275 -0.0190904795 0.140669377 -0.00529419199 -0.0191274403 0.140960443 -0.00533115283 -0.0219757343 0.14125844 -0.00710527275 -0.0190904795 0.140960443 -0.00533115283 -0.0219757343 0.141503306 -0.0070082507 -0.0219410835 0.141503306 -0.0070082507 -0.0219410835 0.140960443 -0.00533115283 -0.0219757343 0.141288471 -0.00537273418 -0.0251688035 0.141503306 -0.0070082507 -0.0219410835 0.141288471 -0.00537273418 -0.0251688035 0.141780512 -0.00689505823 -0.0251387729 0.141780512 -0.00689505823 -0.0251387729 0.141288471 -0.00537273418 -0.0251688035 0.141602638 -0.00541431498 -0.0281903517 0.141780512 -0.00689505823 -0.0251387729 0.141602638 -0.00541431498 -0.0281903517 0.142046168 -0.00678648571 -0.028162631 0.142046168 -0.00678648571 -0.028162631 0.141602638 -0.00541431498 -0.0281903517 0.141926045 -0.00546051574 -0.0312095895 0.142046168 -0.00678648571 -0.028162631 0.141926045 -0.00546051574 -0.0312095895 0.142318754 -0.00666867327 -0.0311864891 0.142318754 -0.00666867327 -0.0311864891 0.141926045 -0.00546051574 -0.0312095895 0.142272553 -0.00550902704 -0.0344026587 0.142318754 -0.00666867327 -0.0311864891 0.142272553 -0.00550902704 -0.0344026587 0.14260751 -0.00654162034 -0.0343818683 0.14260751 -0.00654162034 -0.0343818683 0.142272553 -0.00550902704 -0.0344026587 0.14258441 -0.00555291782 -0.0372486427 0.14260751 -0.00654162034 -0.0343818683 0.14258441 -0.00555291782 -0.0372486427 0.142868546 -0.00642611789 -0.0372324729 0.142868546 -0.00642611789 -0.0372324729 0.14258441 -0.00555291782 -0.0372486427 0.142801555 -0.0055829487 -0.0392335547 0.142868546 -0.00642611789 -0.0372324729 0.142801555 -0.0055829487 -0.0392335547 0.14304873 -0.00634526571 -0.0392196948 0.14304873 -0.00634526571 -0.0392196948 0.142801555 -0.0055829487 -0.0392335547 0.142967878 -0.00563607997 -0.0392936164 0.14304873 -0.00634526571 -0.0392196948 0.142967878 -0.00563607997 -0.0392936164 0.143152683 -0.00620666288 -0.0392820665 0.143152683 -0.00620666288 -0.0392820665 0.142967878 -0.00563607997 -0.0392936164 0.143134202 -0.00568921124 -0.0393513682 0.143152683 -0.00620666288 -0.0392820665 0.143134202 -0.00568921124 -0.0393513682 0.143256635 -0.00607036946 -0.0393421272 0.143256635 -0.00607036946 -0.0393421272 0.143134202 -0.00568921124 -0.0393513682 0.143300526 -0.0057423425 -0.0394091189 0.143256635 -0.00607036946 -0.0393421272 0.143300526 -0.0057423425 -0.0394091189 0.143360587 -0.00593176662 -0.0394044989 0.143360587 -0.00593176662 -0.0394044989 0.143300526 -0.0057423425 -0.0394091189 0.14346454 -0.00579316322 -0.0394668707 0.140468402 -0.00526647165 -0.0171402184 0.142085439 -0.00409007749 -0.0170408858 0.142207871 -0.00417323936 -0.0190327283 0.140468402 -0.00526647165 -0.0171402184 0.142207871 -0.00417323936 -0.0190327283 0.140669377 -0.00529419199 -0.0191274403 0.140669377 -0.00529419199 -0.0191274403 0.142207871 -0.00417323936 -0.0190327283 0.142383435 -0.00429336206 -0.0218879522 0.140669377 -0.00529419199 -0.0191274403 0.142383435 -0.00429336206 -0.0218879522 0.140960443 -0.00533115283 -0.0219757343 0.140960443 -0.00533115283 -0.0219757343 0.142383435 -0.00429336206 -0.0218879522 0.14257979 -0.00443196518 -0.0250902619 0.140960443 -0.00533115283 -0.0219757343 0.14257979 -0.00443196518 -0.0250902619 0.141288471 -0.00537273418 -0.0251688035 0.141288471 -0.00537273418 -0.0251688035 0.14257979 -0.00443196518 -0.0250902619 0.142766904 -0.00456594834 -0.02811874 0.141288471 -0.00537273418 -0.0251688035 0.142766904 -0.00456594834 -0.02811874 0.141602638 -0.00541431498 -0.0281903517 0.141602638 -0.00541431498 -0.0281903517 0.142766904 -0.00456594834 -0.02811874 0.142954018 -0.00471205918 -0.0311472183 0.141602638 -0.00541431498 -0.0281903517 0.142954018 -0.00471205918 -0.0311472183 0.141926045 -0.00546051574 -0.0312095895 0.141926045 -0.00546051574 -0.0312095895 0.142954018 -0.00471205918 -0.0311472183 0.143150373 -0.00486914243 -0.034349528 0.141926045 -0.00546051574 -0.0312095895 0.143150373 -0.00486914243 -0.034349528 0.142272553 -0.00550902704 -0.0344026587 0.142272553 -0.00550902704 -0.0344026587 0.143150373 -0.00486914243 -0.034349528 0.143325937 -0.00501236579 -0.037204752 0.142272553 -0.00550902704 -0.0344026587 0.143325937 -0.00501236579 -0.037204752 0.14258441 -0.00555291782 -0.0372486427 0.14258441 -0.00555291782 -0.0372486427 0.143325937 -0.00501236579 -0.037204752 0.143448369 -0.00511169782 -0.0391942839 0.14258441 -0.00555291782 -0.0372486427 0.143448369 -0.00511169782 -0.0391942839 0.142801555 -0.0055829487 -0.0392335547 0.142801555 -0.0055829487 -0.0392335547 0.143448369 -0.00511169782 -0.0391942839 0.143452989 -0.00528264209 -0.0392635856 0.142801555 -0.0055829487 -0.0392335547 0.143452989 -0.00528264209 -0.0392635856 0.142967878 -0.00563607997 -0.0392936164 0.142967878 -0.00563607997 -0.0392936164 0.143452989 -0.00528264209 -0.0392635856 0.14345761 -0.00545358579 -0.0393305773 0.142967878 -0.00563607997 -0.0392936164 0.14345761 -0.00545358579 -0.0393305773 0.143134202 -0.00568921124 -0.0393513682 0.143134202 -0.00568921124 -0.0393513682 0.14345761 -0.00545358579 -0.0393305773 0.14346223 -0.0056245295 -0.039399879 0.143134202 -0.00568921124 -0.0393513682 0.14346223 -0.0056245295 -0.039399879 0.143300526 -0.0057423425 -0.0394091189 0.143300526 -0.0057423425 -0.0394091189 0.14346223 -0.0056245295 -0.039399879 0.14346454 -0.00579316322 -0.0394668707 0.142085439 -0.00579316322 -0.0170408858 0.143702475 -0.00526647165 -0.0169415532 0.142085439 -0.00409007749 -0.0170408858 0.142085439 -0.00579316322 -0.0170408858 0.143085691 -0.00717226446 -0.0169785141 0.143702475 -0.00526647165 -0.0169415532 0.142085439 -0.00579316322 -0.0170408858 0.141085186 -0.00717226446 -0.0171032576 0.143085691 -0.00717226446 -0.0169785141 0.142085439 -0.00579316322 -0.0170408858 0.140468402 -0.00526647165 -0.0171402184 0.141085186 -0.00717226446 -0.0171032576 0.142085439 -0.00579316322 -0.0170408858 0.142085439 -0.00409007749 -0.0170408858 0.140468402 -0.00526647165 -0.0171402184 0.142085439 0.00170353287 -0.0170408858 0.143702475 0.000527716343 -0.0169415532 0.143746366 0.00049999572 -0.0189380162 0.142085439 0.00170353287 -0.0170408858 0.143746366 0.00049999572 -0.0189380162 0.142207871 0.001620371 -0.0190327283 0.142207871 0.001620371 -0.0190327283 0.143746366 0.00049999572 -0.0189380162 0.143806427 0.000463034888 -0.0218001701 0.142207871 0.001620371 -0.0190327283 0.143806427 0.000463034888 -0.0218001701 0.142383435 0.0015002483 -0.0218879522 0.142383435 0.0015002483 -0.0218879522 0.143806427 0.000463034888 -0.0218001701 0.143873419 0.000421453952 -0.02500941 0.142383435 0.0015002483 -0.0218879522 0.143873419 0.000421453952 -0.02500941 0.14257979 0.00136164518 -0.0250902619 0.14257979 0.00136164518 -0.0250902619 0.143873419 0.000421453952 -0.02500941 0.14393117 0.000379873017 -0.0280471284 0.14257979 0.00136164518 -0.0250902619 0.14393117 0.000379873017 -0.0280471284 0.142766904 0.00122766209 -0.02811874 0.142766904 0.00122766209 -0.02811874 0.14393117 0.000379873017 -0.0280471284 0.143981991 0.000333671977 -0.0310825369 0.142766904 0.00122766209 -0.02811874 0.143981991 0.000333671977 -0.0310825369 0.142954018 0.00108212882 -0.0311472183 0.142954018 0.00108212882 -0.0311472183 0.143981991 0.000333671977 -0.0310825369 0.144028192 0.000285160886 -0.0342940868 0.142954018 0.00108212882 -0.0311472183 0.144028192 0.000285160886 -0.0342940868 0.143150373 0.000925045283 -0.034349528 0.143150373 0.000925045283 -0.034349528 0.144028192 0.000285160886 -0.0342940868 0.144067463 0.000241269898 -0.0371585512 0.143150373 0.000925045283 -0.034349528 0.144067463 0.000241269898 -0.0371585512 0.143325937 0.000781822061 -0.037204752 0.143325937 0.000781822061 -0.037204752 0.144067463 0.000241269898 -0.0371585512 0.144095184 0.000211239222 -0.039155013 0.143325937 0.000781822061 -0.037204752 0.144095184 0.000211239222 -0.039155013 0.143448369 0.000682489826 -0.0391942839 0.143448369 0.000682489826 -0.0391942839 0.144095184 0.000211239222 -0.039155013 0.1439381 0.000158108027 -0.0392335547 0.143448369 0.000682489826 -0.0391942839 0.1439381 0.000158108027 -0.0392335547 0.143452989 0.000511545979 -0.0392635856 0.143452989 0.000511545979 -0.0392635856 0.1439381 0.000158108027 -0.0392335547 0.143781017 0.000104976831 -0.0393120974 0.143452989 0.000511545979 -0.0392635856 0.143781017 0.000104976831 -0.0393120974 0.14345761 0.000340602133 -0.0393305773 0.14345761 0.000340602133 -0.0393305773 0.143781017 0.000104976831 -0.0393120974 0.143623933 5.18456359e-05 -0.0393883291 0.14345761 0.000340602133 -0.0393305773 0.143623933 5.18456359e-05 -0.0393883291 0.14346223 0.000169658287 -0.039399879 0.14346223 0.000169658287 -0.039399879 0.143623933 5.18456359e-05 -0.0393883291 0.14346454 1.02449239e-06 -0.0394668707 0.143702475 0.000527716343 -0.0169415532 0.143085691 -0.00137807661 -0.0169785141 0.143157303 -0.00131108503 -0.0189726665 0.143702475 0.000527716343 -0.0169415532 0.143157303 -0.00131108503 -0.0189726665 0.143746366 0.00049999572 -0.0189380162 0.143746366 0.00049999572 -0.0189380162 0.143157303 -0.00131108503 -0.0189726665 0.143263565 -0.00121406285 -0.021832511 0.143746366 0.00049999572 -0.0189380162 0.143263565 -0.00121406285 -0.021832511 0.143806427 0.000463034888 -0.0218001701 0.143806427 0.000463034888 -0.0218001701 0.143263565 -0.00121406285 -0.021832511 0.143379068 -0.00110087037 -0.0250394406 0.143806427 0.000463034888 -0.0218001701 0.143379068 -0.00110087037 -0.0250394406 0.143873419 0.000421453952 -0.02500941 0.143873419 0.000421453952 -0.02500941 0.143379068 -0.00110087037 -0.0250394406 0.14348764 -0.000992297858 -0.028072539 0.143873419 0.000421453952 -0.02500941 0.14348764 -0.000992297858 -0.028072539 0.14393117 0.000379873017 -0.0280471284 0.14393117 0.000379873017 -0.0280471284 0.14348764 -0.000992297858 -0.028072539 0.143589282 -0.000876795259 -0.0311079472 0.14393117 0.000379873017 -0.0280471284 0.143589282 -0.000876795259 -0.0311079472 0.143981991 0.000333671977 -0.0310825369 0.143981991 0.000333671977 -0.0310825369 0.143589282 -0.000876795259 -0.0311079472 0.143693235 -0.000747432348 -0.0343148772 0.143981991 0.000333671977 -0.0310825369 0.143693235 -0.000747432348 -0.0343148772 0.144028192 0.000285160886 -0.0342940868 0.144028192 0.000285160886 -0.0342940868 0.143693235 -0.000747432348 -0.0343148772 0.143783327 -0.000631929749 -0.0371747211 0.144028192 0.000285160886 -0.0342940868 0.143783327 -0.000631929749 -0.0371747211 0.144067463 0.000241269898 -0.0371585512 0.144067463 0.000241269898 -0.0371585512 0.143783327 -0.000631929749 -0.0371747211 0.143848008 -0.00055107793 -0.039171184 0.144067463 0.000241269898 -0.0371585512 0.143848008 -0.00055107793 -0.039171184 0.144095184 0.000211239222 -0.039155013 0.144095184 0.000211239222 -0.039155013 0.143848008 -0.00055107793 -0.039171184 0.143753296 -0.000412474812 -0.0392451057 0.144095184 0.000211239222 -0.039155013 0.143753296 -0.000412474812 -0.0392451057 0.1439381 0.000158108027 -0.0392335547 0.1439381 0.000158108027 -0.0392335547 0.143753296 -0.000412474812 -0.0392451057 0.143656274 -0.000276181745 -0.0393190274 0.1439381 0.000158108027 -0.0392335547 0.143656274 -0.000276181745 -0.0393190274 0.143781017 0.000104976831 -0.0393120974 0.143781017 0.000104976831 -0.0393120974 0.143656274 -0.000276181745 -0.0393190274 0.143561562 -0.000137578626 -0.039392949 0.143781017 0.000104976831 -0.0393120974 0.143561562 -0.000137578626 -0.039392949 0.143623933 5.18456359e-05 -0.0393883291 0.143623933 5.18456359e-05 -0.0393883291 0.143561562 -0.000137578626 -0.039392949 0.14346454 1.02449239e-06 -0.0394668707 0.143085691 -0.00137807661 -0.0169785141 0.141085186 -0.00137807661 -0.0171032576 0.14125844 -0.00131108503 -0.0190904795 0.143085691 -0.00137807661 -0.0169785141 0.14125844 -0.00131108503 -0.0190904795 0.143157303 -0.00131108503 -0.0189726665 0.143157303 -0.00131108503 -0.0189726665 0.14125844 -0.00131108503 -0.0190904795 0.141503306 -0.00121406285 -0.0219410835 0.143157303 -0.00131108503 -0.0189726665 0.141503306 -0.00121406285 -0.0219410835 0.143263565 -0.00121406285 -0.021832511 0.143263565 -0.00121406285 -0.021832511 0.141503306 -0.00121406285 -0.0219410835 0.141780512 -0.00110087037 -0.0251387729 0.143263565 -0.00121406285 -0.021832511 0.141780512 -0.00110087037 -0.0251387729 0.143379068 -0.00110087037 -0.0250394406 0.143379068 -0.00110087037 -0.0250394406 0.141780512 -0.00110087037 -0.0251387729 0.142046168 -0.000992297858 -0.028162631 0.143379068 -0.00110087037 -0.0250394406 0.142046168 -0.000992297858 -0.028162631 0.14348764 -0.000992297858 -0.028072539 0.14348764 -0.000992297858 -0.028072539 0.142046168 -0.000992297858 -0.028162631 0.142318754 -0.000876795259 -0.0311864891 0.14348764 -0.000992297858 -0.028072539 0.142318754 -0.000876795259 -0.0311864891 0.143589282 -0.000876795259 -0.0311079472 0.143589282 -0.000876795259 -0.0311079472 0.142318754 -0.000876795259 -0.0311864891 0.14260751 -0.000747432348 -0.0343818683 0.143589282 -0.000876795259 -0.0311079472 0.14260751 -0.000747432348 -0.0343818683 0.143693235 -0.000747432348 -0.0343148772 0.143693235 -0.000747432348 -0.0343148772 0.14260751 -0.000747432348 -0.0343818683 0.142868546 -0.000631929749 -0.0372324729 0.143693235 -0.000747432348 -0.0343148772 0.142868546 -0.000631929749 -0.0372324729 0.143783327 -0.000631929749 -0.0371747211 0.143783327 -0.000631929749 -0.0371747211 0.142868546 -0.000631929749 -0.0372324729 0.14304873 -0.00055107793 -0.0392196948 0.143783327 -0.000631929749 -0.0371747211 0.14304873 -0.00055107793 -0.0392196948 0.143848008 -0.00055107793 -0.039171184 0.143848008 -0.00055107793 -0.039171184 0.14304873 -0.00055107793 -0.0392196948 0.143152683 -0.000412474812 -0.0392820665 0.143848008 -0.00055107793 -0.039171184 0.143152683 -0.000412474812 -0.0392820665 0.143753296 -0.000412474812 -0.0392451057 0.143753296 -0.000412474812 -0.0392451057 0.143152683 -0.000412474812 -0.0392820665 0.143256635 -0.000276181745 -0.0393421272 0.143753296 -0.000412474812 -0.0392451057 0.143256635 -0.000276181745 -0.0393421272 0.143656274 -0.000276181745 -0.0393190274 0.143656274 -0.000276181745 -0.0393190274 0.143256635 -0.000276181745 -0.0393421272 0.143360587 -0.000137578626 -0.0394044989 0.143656274 -0.000276181745 -0.0393190274 0.143360587 -0.000137578626 -0.0394044989 0.143561562 -0.000137578626 -0.039392949 0.143561562 -0.000137578626 -0.039392949 0.143360587 -0.000137578626 -0.0394044989 0.14346454 1.02449239e-06 -0.0394668707 0.141085186 -0.00137807661 -0.0171032576 0.140468402 0.000527716343 -0.0171402184 0.140669377 0.00049999572 -0.0191274403 0.141085186 -0.00137807661 -0.0171032576 0.140669377 0.00049999572 -0.0191274403 0.14125844 -0.00131108503 -0.0190904795 0.14125844 -0.00131108503 -0.0190904795 0.140669377 0.00049999572 -0.0191274403 0.140960443 0.000463034888 -0.0219757343 0.14125844 -0.00131108503 -0.0190904795 0.140960443 0.000463034888 -0.0219757343 0.141503306 -0.00121406285 -0.0219410835 0.141503306 -0.00121406285 -0.0219410835 0.140960443 0.000463034888 -0.0219757343 0.141288471 0.000421453952 -0.0251688035 0.141503306 -0.00121406285 -0.0219410835 0.141288471 0.000421453952 -0.0251688035 0.141780512 -0.00110087037 -0.0251387729 0.141780512 -0.00110087037 -0.0251387729 0.141288471 0.000421453952 -0.0251688035 0.141602638 0.000379873017 -0.0281903517 0.141780512 -0.00110087037 -0.0251387729 0.141602638 0.000379873017 -0.0281903517 0.142046168 -0.000992297858 -0.028162631 0.142046168 -0.000992297858 -0.028162631 0.141602638 0.000379873017 -0.0281903517 0.141926045 0.000333671977 -0.0312095895 0.142046168 -0.000992297858 -0.028162631 0.141926045 0.000333671977 -0.0312095895 0.142318754 -0.000876795259 -0.0311864891 0.142318754 -0.000876795259 -0.0311864891 0.141926045 0.000333671977 -0.0312095895 0.142272553 0.000285160886 -0.0344026587 0.142318754 -0.000876795259 -0.0311864891 0.142272553 0.000285160886 -0.0344026587 0.14260751 -0.000747432348 -0.0343818683 0.14260751 -0.000747432348 -0.0343818683 0.142272553 0.000285160886 -0.0344026587 0.14258441 0.000241269898 -0.0372486427 0.14260751 -0.000747432348 -0.0343818683 0.14258441 0.000241269898 -0.0372486427 0.142868546 -0.000631929749 -0.0372324729 0.142868546 -0.000631929749 -0.0372324729 0.14258441 0.000241269898 -0.0372486427 0.142801555 0.000211239222 -0.0392335547 0.142868546 -0.000631929749 -0.0372324729 0.142801555 0.000211239222 -0.0392335547 0.14304873 -0.00055107793 -0.0392196948 0.14304873 -0.00055107793 -0.0392196948 0.142801555 0.000211239222 -0.0392335547 0.142967878 0.000158108027 -0.0392936164 0.14304873 -0.00055107793 -0.0392196948 0.142967878 0.000158108027 -0.0392936164 0.143152683 -0.000412474812 -0.0392820665 0.143152683 -0.000412474812 -0.0392820665 0.142967878 0.000158108027 -0.0392936164 0.143134202 0.000104976831 -0.0393513682 0.143152683 -0.000412474812 -0.0392820665 0.143134202 0.000104976831 -0.0393513682 0.143256635 -0.000276181745 -0.0393421272 0.143256635 -0.000276181745 -0.0393421272 0.143134202 0.000104976831 -0.0393513682 0.143300526 5.18456359e-05 -0.0394091189 0.143256635 -0.000276181745 -0.0393421272 0.143300526 5.18456359e-05 -0.0394091189 0.143360587 -0.000137578626 -0.0394044989 0.143360587 -0.000137578626 -0.0394044989 0.143300526 5.18456359e-05 -0.0394091189 0.14346454 1.02449239e-06 -0.0394668707 0.140468402 0.000527716343 -0.0171402184 0.142085439 0.00170353287 -0.0170408858 0.142207871 0.001620371 -0.0190327283 0.140468402 0.000527716343 -0.0171402184 0.142207871 0.001620371 -0.0190327283 0.140669377 0.00049999572 -0.0191274403 0.140669377 0.00049999572 -0.0191274403 0.142207871 0.001620371 -0.0190327283 0.142383435 0.0015002483 -0.0218879522 0.140669377 0.00049999572 -0.0191274403 0.142383435 0.0015002483 -0.0218879522 0.140960443 0.000463034888 -0.0219757343 0.140960443 0.000463034888 -0.0219757343 0.142383435 0.0015002483 -0.0218879522 0.14257979 0.00136164518 -0.0250902619 0.140960443 0.000463034888 -0.0219757343 0.14257979 0.00136164518 -0.0250902619 0.141288471 0.000421453952 -0.0251688035 0.141288471 0.000421453952 -0.0251688035 0.14257979 0.00136164518 -0.0250902619 0.142766904 0.00122766209 -0.02811874 0.141288471 0.000421453952 -0.0251688035 0.142766904 0.00122766209 -0.02811874 0.141602638 0.000379873017 -0.0281903517 0.141602638 0.000379873017 -0.0281903517 0.142766904 0.00122766209 -0.02811874 0.142954018 0.00108212882 -0.0311472183 0.141602638 0.000379873017 -0.0281903517 0.142954018 0.00108212882 -0.0311472183 0.141926045 0.000333671977 -0.0312095895 0.141926045 0.000333671977 -0.0312095895 0.142954018 0.00108212882 -0.0311472183 0.143150373 0.000925045283 -0.034349528 0.141926045 0.000333671977 -0.0312095895 0.143150373 0.000925045283 -0.034349528 0.142272553 0.000285160886 -0.0344026587 0.142272553 0.000285160886 -0.0344026587 0.143150373 0.000925045283 -0.034349528 0.143325937 0.000781822061 -0.037204752 0.142272553 0.000285160886 -0.0344026587 0.143325937 0.000781822061 -0.037204752 0.14258441 0.000241269898 -0.0372486427 0.14258441 0.000241269898 -0.0372486427 0.143325937 0.000781822061 -0.037204752 0.143448369 0.000682489826 -0.0391942839 0.14258441 0.000241269898 -0.0372486427 0.143448369 0.000682489826 -0.0391942839 0.142801555 0.000211239222 -0.0392335547 0.142801555 0.000211239222 -0.0392335547 0.143448369 0.000682489826 -0.0391942839 0.143452989 0.000511545979 -0.0392635856 0.142801555 0.000211239222 -0.0392335547 0.143452989 0.000511545979 -0.0392635856 0.142967878 0.000158108027 -0.0392936164 0.142967878 0.000158108027 -0.0392936164 0.143452989 0.000511545979 -0.0392635856 0.14345761 0.000340602133 -0.0393305773 0.142967878 0.000158108027 -0.0392936164 0.14345761 0.000340602133 -0.0393305773 0.143134202 0.000104976831 -0.0393513682 0.143134202 0.000104976831 -0.0393513682 0.14345761 0.000340602133 -0.0393305773 0.14346223 0.000169658287 -0.039399879 0.143134202 0.000104976831 -0.0393513682 0.14346223 0.000169658287 -0.039399879 0.143300526 5.18456359e-05 -0.0394091189 0.143300526 5.18456359e-05 -0.0394091189 0.14346223 0.000169658287 -0.039399879 0.14346454 1.02449239e-06 -0.0394668707 0.142085439 1.02449239e-06 -0.0170408858 0.143702475 0.000527716343 -0.0169415532 0.142085439 0.00170353287 -0.0170408858 0.142085439 1.02449239e-06 -0.0170408858 0.143085691 -0.00137807661 -0.0169785141 0.143702475 0.000527716343 -0.0169415532 0.142085439 1.02449239e-06 -0.0170408858 0.141085186 -0.00137807661 -0.0171032576 0.143085691 -0.00137807661 -0.0169785141 0.142085439 1.02449239e-06 -0.0170408858 0.140468402 0.000527716343 -0.0171402184 0.141085186 -0.00137807661 -0.0171032576 0.142085439 1.02449239e-06 -0.0170408858 0.142085439 0.00170353287 -0.0170408858 0.140468402 0.000527716343 -0.0171402184 0.142085439 0.00749772073 -0.0170408858 0.143702475 0.00631959408 -0.0169415532 0.143746366 0.00629418372 -0.0189380162 0.142085439 0.00749772073 -0.0170408858 0.143746366 0.00629418372 -0.0189380162 0.142207871 0.00741455857 -0.0190327283 0.142207871 0.00741455857 -0.0190327283 0.143746366 0.00629418372 -0.0189380162 0.143806427 0.00625722288 -0.0218001701 0.142207871 0.00741455857 -0.0190327283 0.143806427 0.00625722288 -0.0218001701 0.142383435 0.00729443615 -0.0218879522 0.142383435 0.00729443615 -0.0218879522 0.143806427 0.00625722288 -0.0218001701 0.143873419 0.00621564209 -0.02500941 0.142383435 0.00729443615 -0.0218879522 0.143873419 0.00621564209 -0.02500941 0.14257979 0.00715583275 -0.0250902619 0.14257979 0.00715583275 -0.0250902619 0.143873419 0.00621564209 -0.02500941 0.14393117 0.00617406073 -0.0280471284 0.14257979 0.00715583275 -0.0250902619 0.14393117 0.00617406073 -0.0280471284 0.142766904 0.00702184988 -0.02811874 0.142766904 0.00702184988 -0.02811874 0.14393117 0.00617406073 -0.0280471284 0.143981991 0.00612785997 -0.0310825369 0.142766904 0.00702184988 -0.02811874 0.143981991 0.00612785997 -0.0310825369 0.142954018 0.00687631653 -0.0311472183 0.142954018 0.00687631653 -0.0311472183 0.143981991 0.00612785997 -0.0310825369 0.144028192 0.00607934867 -0.0342940868 0.142954018 0.00687631653 -0.0311472183 0.144028192 0.00607934867 -0.0342940868 0.143150373 0.00671923328 -0.034349528 0.143150373 0.00671923328 -0.034349528 0.144028192 0.00607934867 -0.0342940868 0.144067463 0.00603545789 -0.0371585512 0.143150373 0.00671923328 -0.034349528 0.144067463 0.00603545789 -0.0371585512 0.143325937 0.00657600992 -0.037204752 0.143325937 0.00657600992 -0.037204752 0.144067463 0.00603545789 -0.0371585512 0.144095184 0.00600542701 -0.039155013 0.143325937 0.00657600992 -0.037204752 0.144095184 0.00600542701 -0.039155013 0.143448369 0.00647667789 -0.0391942839 0.143448369 0.00647667789 -0.0391942839 0.144095184 0.00600542701 -0.039155013 0.1439381 0.00595229574 -0.0392335547 0.143448369 0.00647667789 -0.0391942839 0.1439381 0.00595229574 -0.0392335547 0.143452989 0.00630573362 -0.0392635856 0.143452989 0.00630573362 -0.0392635856 0.1439381 0.00595229574 -0.0392335547 0.143781017 0.00589916448 -0.0393120974 0.143452989 0.00630573362 -0.0392635856 0.143781017 0.00589916448 -0.0393120974 0.14345761 0.00613478992 -0.0393305773 0.14345761 0.00613478992 -0.0393305773 0.143781017 0.00589916448 -0.0393120974 0.143623933 0.00584603377 -0.0393883291 0.14345761 0.00613478992 -0.0393305773 0.143623933 0.00584603377 -0.0393883291 0.14346223 0.00596384621 -0.039399879 0.14346223 0.00596384621 -0.039399879 0.143623933 0.00584603377 -0.0393883291 0.14346454 0.00579290251 -0.0394668707 0.143702475 0.00631959408 -0.0169415532 0.143085691 0.00441553375 -0.0169785141 0.143157303 0.00448252547 -0.0189726665 0.143702475 0.00631959408 -0.0169415532 0.143157303 0.00448252547 -0.0189726665 0.143746366 0.00629418372 -0.0189380162 0.143746366 0.00629418372 -0.0189380162 0.143157303 0.00448252547 -0.0189726665 0.143263565 0.00457954751 -0.021832511 0.143746366 0.00629418372 -0.0189380162 0.143263565 0.00457954751 -0.021832511 0.143806427 0.00625722288 -0.0218001701 0.143806427 0.00625722288 -0.0218001701 0.143263565 0.00457954751 -0.021832511 0.143379068 0.00469043001 -0.0250394406 0.143806427 0.00625722288 -0.0218001701 0.143379068 0.00469043001 -0.0250394406 0.143873419 0.00621564209 -0.02500941 0.143873419 0.00621564209 -0.02500941 0.143379068 0.00469043001 -0.0250394406 0.14348764 0.0048013125 -0.028072539 0.143873419 0.00621564209 -0.02500941 0.14348764 0.0048013125 -0.028072539 0.14393117 0.00617406073 -0.0280471284 0.14393117 0.00617406073 -0.0280471284 0.14348764 0.0048013125 -0.028072539 0.143589282 0.00491739246 -0.0311079472 0.14393117 0.00617406073 -0.0280471284 0.143589282 0.00491739246 -0.0311079472 0.143981991 0.00612785997 -0.0310825369 0.143981991 0.00612785997 -0.0310825369 0.143589282 0.00491739246 -0.0311079472 0.143693235 0.00504675537 -0.0343148772 0.143981991 0.00612785997 -0.0310825369 0.143693235 0.00504675537 -0.0343148772 0.144028192 0.00607934867 -0.0342940868 0.144028192 0.00607934867 -0.0342940868 0.143693235 0.00504675537 -0.0343148772 0.143783327 0.00516225839 -0.0371747211 0.144028192 0.00607934867 -0.0342940868 0.143783327 0.00516225839 -0.0371747211 0.144067463 0.00603545789 -0.0371585512 0.144067463 0.00603545789 -0.0371585512 0.143783327 0.00516225839 -0.0371747211 0.143848008 0.00524311 -0.039171184 0.144067463 0.00603545789 -0.0371585512 0.143848008 0.00524311 -0.039171184 0.144095184 0.00600542701 -0.039155013 0.144095184 0.00600542701 -0.039155013 0.143848008 0.00524311 -0.039171184 0.143753296 0.00537940285 -0.0392451057 0.144095184 0.00600542701 -0.039155013 0.143753296 0.00537940285 -0.0392451057 0.1439381 0.00595229574 -0.0392335547 0.1439381 0.00595229574 -0.0392335547 0.143753296 0.00537940285 -0.0392451057 0.143656274 0.00551800625 -0.0393190274 0.1439381 0.00595229574 -0.0392335547 0.143656274 0.00551800625 -0.0393190274 0.143781017 0.00589916448 -0.0393120974 0.143781017 0.00589916448 -0.0393120974 0.143656274 0.00551800625 -0.0393190274 0.143561562 0.00565660909 -0.039392949 0.143781017 0.00589916448 -0.0393120974 0.143561562 0.00565660909 -0.039392949 0.143623933 0.00584603377 -0.0393883291 0.143623933 0.00584603377 -0.0393883291 0.143561562 0.00565660909 -0.039392949 0.14346454 0.00579290251 -0.0394668707 0.143085691 0.00441553375 -0.0169785141 0.141085186 0.00441553375 -0.0171032576 0.14125844 0.00448252547 -0.0190904795 0.143085691 0.00441553375 -0.0169785141 0.14125844 0.00448252547 -0.0190904795 0.143157303 0.00448252547 -0.0189726665 0.143157303 0.00448252547 -0.0189726665 0.14125844 0.00448252547 -0.0190904795 0.141503306 0.00457954751 -0.0219410835 0.143157303 0.00448252547 -0.0189726665 0.141503306 0.00457954751 -0.0219410835 0.143263565 0.00457954751 -0.021832511 0.143263565 0.00457954751 -0.021832511 0.141503306 0.00457954751 -0.0219410835 0.141780512 0.00469043001 -0.0251387729 0.143263565 0.00457954751 -0.021832511 0.141780512 0.00469043001 -0.0251387729 0.143379068 0.00469043001 -0.0250394406 0.143379068 0.00469043001 -0.0250394406 0.141780512 0.00469043001 -0.0251387729 0.142046168 0.0048013125 -0.028162631 0.143379068 0.00469043001 -0.0250394406 0.142046168 0.0048013125 -0.028162631 0.14348764 0.0048013125 -0.028072539 0.14348764 0.0048013125 -0.028072539 0.142046168 0.0048013125 -0.028162631 0.142318754 0.00491739246 -0.0311864891 0.14348764 0.0048013125 -0.028072539 0.142318754 0.00491739246 -0.0311864891 0.143589282 0.00491739246 -0.0311079472 0.143589282 0.00491739246 -0.0311079472 0.142318754 0.00491739246 -0.0311864891 0.14260751 0.00504675537 -0.0343818683 0.143589282 0.00491739246 -0.0311079472 0.14260751 0.00504675537 -0.0343818683 0.143693235 0.00504675537 -0.0343148772 0.143693235 0.00504675537 -0.0343148772 0.14260751 0.00504675537 -0.0343818683 0.142868546 0.00516225839 -0.0372324729 0.143693235 0.00504675537 -0.0343148772 0.142868546 0.00516225839 -0.0372324729 0.143783327 0.00516225839 -0.0371747211 0.143783327 0.00516225839 -0.0371747211 0.142868546 0.00516225839 -0.0372324729 0.14304873 0.00524311 -0.0392196948 0.143783327 0.00516225839 -0.0371747211 0.14304873 0.00524311 -0.0392196948 0.143848008 0.00524311 -0.039171184 0.143848008 0.00524311 -0.039171184 0.14304873 0.00524311 -0.0392196948 0.143152683 0.00537940285 -0.0392820665 0.143848008 0.00524311 -0.039171184 0.143152683 0.00537940285 -0.0392820665 0.143753296 0.00537940285 -0.0392451057 0.143753296 0.00537940285 -0.0392451057 0.143152683 0.00537940285 -0.0392820665 0.143256635 0.00551800625 -0.0393421272 0.143753296 0.00537940285 -0.0392451057 0.143256635 0.00551800625 -0.0393421272 0.143656274 0.00551800625 -0.0393190274 0.143656274 0.00551800625 -0.0393190274 0.143256635 0.00551800625 -0.0393421272 0.143360587 0.00565660909 -0.0394044989 0.143656274 0.00551800625 -0.0393190274 0.143360587 0.00565660909 -0.0394044989 0.143561562 0.00565660909 -0.039392949 0.143561562 0.00565660909 -0.039392949 0.143360587 0.00565660909 -0.0394044989 0.14346454 0.00579290251 -0.0394668707 0.141085186 0.00441553375 -0.0171032576 0.140468402 0.00631959408 -0.0171402184 0.140669377 0.00629418372 -0.0191274403 0.141085186 0.00441553375 -0.0171032576 0.140669377 0.00629418372 -0.0191274403 0.14125844 0.00448252547 -0.0190904795 0.14125844 0.00448252547 -0.0190904795 0.140669377 0.00629418372 -0.0191274403 0.140960443 0.00625722288 -0.0219757343 0.14125844 0.00448252547 -0.0190904795 0.140960443 0.00625722288 -0.0219757343 0.141503306 0.00457954751 -0.0219410835 0.141503306 0.00457954751 -0.0219410835 0.140960443 0.00625722288 -0.0219757343 0.141288471 0.00621564209 -0.0251688035 0.141503306 0.00457954751 -0.0219410835 0.141288471 0.00621564209 -0.0251688035 0.141780512 0.00469043001 -0.0251387729 0.141780512 0.00469043001 -0.0251387729 0.141288471 0.00621564209 -0.0251688035 0.141602638 0.00617406073 -0.0281903517 0.141780512 0.00469043001 -0.0251387729 0.141602638 0.00617406073 -0.0281903517 0.142046168 0.0048013125 -0.028162631 0.142046168 0.0048013125 -0.028162631 0.141602638 0.00617406073 -0.0281903517 0.141926045 0.00612785997 -0.0312095895 0.142046168 0.0048013125 -0.028162631 0.141926045 0.00612785997 -0.0312095895 0.142318754 0.00491739246 -0.0311864891 0.142318754 0.00491739246 -0.0311864891 0.141926045 0.00612785997 -0.0312095895 0.142272553 0.00607934867 -0.0344026587 0.142318754 0.00491739246 -0.0311864891 0.142272553 0.00607934867 -0.0344026587 0.14260751 0.00504675537 -0.0343818683 0.14260751 0.00504675537 -0.0343818683 0.142272553 0.00607934867 -0.0344026587 0.14258441 0.00603545789 -0.0372486427 0.14260751 0.00504675537 -0.0343818683 0.14258441 0.00603545789 -0.0372486427 0.142868546 0.00516225839 -0.0372324729 0.142868546 0.00516225839 -0.0372324729 0.14258441 0.00603545789 -0.0372486427 0.142801555 0.00600542701 -0.0392335547 0.142868546 0.00516225839 -0.0372324729 0.142801555 0.00600542701 -0.0392335547 0.14304873 0.00524311 -0.0392196948 0.14304873 0.00524311 -0.0392196948 0.142801555 0.00600542701 -0.0392335547 0.142967878 0.00595229574 -0.0392936164 0.14304873 0.00524311 -0.0392196948 0.142967878 0.00595229574 -0.0392936164 0.143152683 0.00537940285 -0.0392820665 0.143152683 0.00537940285 -0.0392820665 0.142967878 0.00595229574 -0.0392936164 0.143134202 0.00589916448 -0.0393513682 0.143152683 0.00537940285 -0.0392820665 0.143134202 0.00589916448 -0.0393513682 0.143256635 0.00551800625 -0.0393421272 0.143256635 0.00551800625 -0.0393421272 0.143134202 0.00589916448 -0.0393513682 0.143300526 0.00584603377 -0.0394091189 0.143256635 0.00551800625 -0.0393421272 0.143300526 0.00584603377 -0.0394091189 0.143360587 0.00565660909 -0.0394044989 0.143360587 0.00565660909 -0.0394044989 0.143300526 0.00584603377 -0.0394091189 0.14346454 0.00579290251 -0.0394668707 0.140468402 0.00631959408 -0.0171402184 0.142085439 0.00749772073 -0.0170408858 0.142207871 0.00741455857 -0.0190327283 0.140468402 0.00631959408 -0.0171402184 0.142207871 0.00741455857 -0.0190327283 0.140669377 0.00629418372 -0.0191274403 0.140669377 0.00629418372 -0.0191274403 0.142207871 0.00741455857 -0.0190327283 0.142383435 0.00729443615 -0.0218879522 0.140669377 0.00629418372 -0.0191274403 0.142383435 0.00729443615 -0.0218879522 0.140960443 0.00625722288 -0.0219757343 0.140960443 0.00625722288 -0.0219757343 0.142383435 0.00729443615 -0.0218879522 0.14257979 0.00715583275 -0.0250902619 0.140960443 0.00625722288 -0.0219757343 0.14257979 0.00715583275 -0.0250902619 0.141288471 0.00621564209 -0.0251688035 0.141288471 0.00621564209 -0.0251688035 0.14257979 0.00715583275 -0.0250902619 0.142766904 0.00702184988 -0.02811874 0.141288471 0.00621564209 -0.0251688035 0.142766904 0.00702184988 -0.02811874 0.141602638 0.00617406073 -0.0281903517 0.141602638 0.00617406073 -0.0281903517 0.142766904 0.00702184988 -0.02811874 0.142954018 0.00687631653 -0.0311472183 0.141602638 0.00617406073 -0.0281903517 0.142954018 0.00687631653 -0.0311472183 0.141926045 0.00612785997 -0.0312095895 0.141926045 0.00612785997 -0.0312095895 0.142954018 0.00687631653 -0.0311472183 0.143150373 0.00671923328 -0.034349528 0.141926045 0.00612785997 -0.0312095895 0.143150373 0.00671923328 -0.034349528 0.142272553 0.00607934867 -0.0344026587 0.142272553 0.00607934867 -0.0344026587 0.143150373 0.00671923328 -0.034349528 0.143325937 0.00657600992 -0.037204752 0.142272553 0.00607934867 -0.0344026587 0.143325937 0.00657600992 -0.037204752 0.14258441 0.00603545789 -0.0372486427 0.14258441 0.00603545789 -0.0372486427 0.143325937 0.00657600992 -0.037204752 0.143448369 0.00647667789 -0.0391942839 0.14258441 0.00603545789 -0.0372486427 0.143448369 0.00647667789 -0.0391942839 0.142801555 0.00600542701 -0.0392335547 0.142801555 0.00600542701 -0.0392335547 0.143448369 0.00647667789 -0.0391942839 0.143452989 0.00630573362 -0.0392635856 0.142801555 0.00600542701 -0.0392335547 0.143452989 0.00630573362 -0.0392635856 0.142967878 0.00595229574 -0.0392936164 0.142967878 0.00595229574 -0.0392936164 0.143452989 0.00630573362 -0.0392635856 0.14345761 0.00613478992 -0.0393305773 0.142967878 0.00595229574 -0.0392936164 0.14345761 0.00613478992 -0.0393305773 0.143134202 0.00589916448 -0.0393513682 0.143134202 0.00589916448 -0.0393513682 0.14345761 0.00613478992 -0.0393305773 0.14346223 0.00596384621 -0.039399879 0.143134202 0.00589916448 -0.0393513682 0.14346223 0.00596384621 -0.039399879 0.143300526 0.00584603377 -0.0394091189 0.143300526 0.00584603377 -0.0394091189 0.14346223 0.00596384621 -0.039399879 0.14346454 0.00579290251 -0.0394668707 0.142085439 0.00579290251 -0.0170408858 0.143702475 0.00631959408 -0.0169415532 0.142085439 0.00749772073 -0.0170408858 0.142085439 0.00579290251 -0.0170408858 0.143085691 0.00441553375 -0.0169785141 0.143702475 0.00631959408 -0.0169415532 0.142085439 0.00579290251 -0.0170408858 0.141085186 0.00441553375 -0.0171032576 0.143085691 0.00441553375 -0.0169785141 0.142085439 0.00579290251 -0.0170408858 0.140468402 0.00631959408 -0.0171402184 0.141085186 0.00441553375 -0.0171032576 0.142085439 0.00579290251 -0.0170408858 0.142085439 0.00749772073 -0.0170408858 0.140468402 0.00631959408 -0.0171402184 0.142085439 0.0132919083 -0.0170408858 0.143702475 0.0121137816 -0.0169415532 0.143746366 0.0120883719 -0.0189380162 0.142085439 0.0132919083 -0.0170408858 0.143746366 0.0120883719 -0.0189380162 0.142207871 0.0132087467 -0.0190327283 0.142207871 0.0132087467 -0.0190327283 0.143746366 0.0120883719 -0.0189380162 0.143806427 0.012051411 -0.0218001701 0.142207871 0.0132087467 -0.0190327283 0.143806427 0.012051411 -0.0218001701 0.142383435 0.0130886243 -0.0218879522 0.142383435 0.0130886243 -0.0218879522 0.143806427 0.012051411 -0.0218001701 0.143873419 0.0120098302 -0.02500941 0.142383435 0.0130886243 -0.0218879522 0.143873419 0.0120098302 -0.02500941 0.14257979 0.0129500209 -0.0250902619 0.14257979 0.0129500209 -0.0250902619 0.143873419 0.0120098302 -0.02500941 0.14393117 0.0119682483 -0.0280471284 0.14257979 0.0129500209 -0.0250902619 0.14393117 0.0119682483 -0.0280471284 0.142766904 0.0128160375 -0.02811874 0.142766904 0.0128160375 -0.02811874 0.14393117 0.0119682483 -0.0280471284 0.143981991 0.0119220475 -0.0310825369 0.142766904 0.0128160375 -0.02811874 0.143981991 0.0119220475 -0.0310825369 0.142954018 0.0126705041 -0.0311472183 0.142954018 0.0126705041 -0.0311472183 0.143981991 0.0119220475 -0.0310825369 0.144028192 0.0118735368 -0.0342940868 0.142954018 0.0126705041 -0.0311472183 0.144028192 0.0118735368 -0.0342940868 0.143150373 0.0125134209 -0.034349528 0.143150373 0.0125134209 -0.034349528 0.144028192 0.0118735368 -0.0342940868 0.144067463 0.011829646 -0.0371585512 0.143150373 0.0125134209 -0.034349528 0.144067463 0.011829646 -0.0371585512 0.143325937 0.0123701975 -0.037204752 0.143325937 0.0123701975 -0.037204752 0.144067463 0.011829646 -0.0371585512 0.144095184 0.0117996151 -0.039155013 0.143325937 0.0123701975 -0.037204752 0.144095184 0.0117996151 -0.039155013 0.143448369 0.012268556 -0.0391942839 0.143448369 0.012268556 -0.0391942839 0.144095184 0.0117996151 -0.039155013 0.1439381 0.0117464833 -0.0392335547 0.143448369 0.012268556 -0.0391942839 0.1439381 0.0117464833 -0.0392335547 0.143452989 0.0120999218 -0.0392635856 0.143452989 0.0120999218 -0.0392635856 0.1439381 0.0117464833 -0.0392335547 0.143781017 0.0116933526 -0.0393120974 0.143452989 0.0120999218 -0.0392635856 0.143781017 0.0116933526 -0.0393120974 0.14345761 0.0119289775 -0.0393305773 0.14345761 0.0119289775 -0.0393305773 0.143781017 0.0116933526 -0.0393120974 0.143623933 0.0116402219 -0.0393883291 0.14345761 0.0119289775 -0.0393305773 0.143623933 0.0116402219 -0.0393883291 0.14346223 0.0117580343 -0.039399879 0.14346223 0.0117580343 -0.039399879 0.143623933 0.0116402219 -0.0393883291 0.14346454 0.0115870901 -0.0394668707 0.143702475 0.0121137816 -0.0169415532 0.143085691 0.0102102994 -0.0169785141 0.143157303 0.0102772911 -0.0189726665 0.143702475 0.0121137816 -0.0169415532 0.143157303 0.0102772911 -0.0189726665 0.143746366 0.0120883719 -0.0189380162 0.143746366 0.0120883719 -0.0189380162 0.143157303 0.0102772911 -0.0189726665 0.143263565 0.0103743126 -0.021832511 0.143746366 0.0120883719 -0.0189380162 0.143263565 0.0103743126 -0.021832511 0.143806427 0.012051411 -0.0218001701 0.143806427 0.012051411 -0.0218001701 0.143263565 0.0103743126 -0.021832511 0.143379068 0.0104851951 -0.0250394406 0.143806427 0.012051411 -0.0218001701 0.143379068 0.0104851951 -0.0250394406 0.143873419 0.0120098302 -0.02500941 0.143873419 0.0120098302 -0.02500941 0.143379068 0.0104851951 -0.0250394406 0.14348764 0.0105960776 -0.028072539 0.143873419 0.0120098302 -0.02500941 0.14348764 0.0105960776 -0.028072539 0.14393117 0.0119682483 -0.0280471284 0.14393117 0.0119682483 -0.0280471284 0.14348764 0.0105960776 -0.028072539 0.143589282 0.01071158 -0.0311079472 0.14393117 0.0119682483 -0.0280471284 0.143589282 0.01071158 -0.0311079472 0.143981991 0.0119220475 -0.0310825369 0.143981991 0.0119220475 -0.0310825369 0.143589282 0.01071158 -0.0311079472 0.143693235 0.0108409435 -0.0343148772 0.143981991 0.0119220475 -0.0310825369 0.143693235 0.0108409435 -0.0343148772 0.144028192 0.0118735368 -0.0342940868 0.144028192 0.0118735368 -0.0342940868 0.143693235 0.0108409435 -0.0343148772 0.143783327 0.010956446 -0.0371747211 0.144028192 0.0118735368 -0.0342940868 0.143783327 0.010956446 -0.0371747211 0.144067463 0.011829646 -0.0371585512 0.144067463 0.011829646 -0.0371585512 0.143783327 0.010956446 -0.0371747211 0.143848008 0.0110372976 -0.039171184 0.144067463 0.011829646 -0.0371585512 0.143848008 0.0110372976 -0.039171184 0.144095184 0.0117996151 -0.039155013 0.144095184 0.0117996151 -0.039155013 0.143848008 0.0110372976 -0.039171184 0.143753296 0.011173591 -0.0392451057 0.144095184 0.0117996151 -0.039155013 0.143753296 0.011173591 -0.0392451057 0.1439381 0.0117464833 -0.0392335547 0.1439381 0.0117464833 -0.0392335547 0.143753296 0.011173591 -0.0392451057 0.143656274 0.0113121944 -0.0393190274 0.1439381 0.0117464833 -0.0392335547 0.143656274 0.0113121944 -0.0393190274 0.143781017 0.0116933526 -0.0393120974 0.143781017 0.0116933526 -0.0393120974 0.143656274 0.0113121944 -0.0393190274 0.143561562 0.0114507967 -0.039392949 0.143781017 0.0116933526 -0.0393120974 0.143561562 0.0114507967 -0.039392949 0.143623933 0.0116402219 -0.0393883291 0.143623933 0.0116402219 -0.0393883291 0.143561562 0.0114507967 -0.039392949 0.14346454 0.0115870901 -0.0394668707 0.143085691 0.0102102994 -0.0169785141 0.141085186 0.0102102994 -0.0171032576 0.14125844 0.0102772911 -0.0190904795 0.143085691 0.0102102994 -0.0169785141 0.14125844 0.0102772911 -0.0190904795 0.143157303 0.0102772911 -0.0189726665 0.143157303 0.0102772911 -0.0189726665 0.14125844 0.0102772911 -0.0190904795 0.141503306 0.0103743126 -0.0219410835 0.143157303 0.0102772911 -0.0189726665 0.141503306 0.0103743126 -0.0219410835 0.143263565 0.0103743126 -0.021832511 0.143263565 0.0103743126 -0.021832511 0.141503306 0.0103743126 -0.0219410835 0.141780512 0.0104851951 -0.0251387729 0.143263565 0.0103743126 -0.021832511 0.141780512 0.0104851951 -0.0251387729 0.143379068 0.0104851951 -0.0250394406 0.143379068 0.0104851951 -0.0250394406 0.141780512 0.0104851951 -0.0251387729 0.142046168 0.0105960776 -0.028162631 0.143379068 0.0104851951 -0.0250394406 0.142046168 0.0105960776 -0.028162631 0.14348764 0.0105960776 -0.028072539 0.14348764 0.0105960776 -0.028072539 0.142046168 0.0105960776 -0.028162631 0.142318754 0.01071158 -0.0311864891 0.14348764 0.0105960776 -0.028072539 0.142318754 0.01071158 -0.0311864891 0.143589282 0.01071158 -0.0311079472 0.143589282 0.01071158 -0.0311079472 0.142318754 0.01071158 -0.0311864891 0.14260751 0.0108409435 -0.0343818683 0.143589282 0.01071158 -0.0311079472 0.14260751 0.0108409435 -0.0343818683 0.143693235 0.0108409435 -0.0343148772 0.143693235 0.0108409435 -0.0343148772 0.14260751 0.0108409435 -0.0343818683 0.142868546 0.010956446 -0.0372324729 0.143693235 0.0108409435 -0.0343148772 0.142868546 0.010956446 -0.0372324729 0.143783327 0.010956446 -0.0371747211 0.143783327 0.010956446 -0.0371747211 0.142868546 0.010956446 -0.0372324729 0.14304873 0.0110372976 -0.0392196948 0.143783327 0.010956446 -0.0371747211 0.14304873 0.0110372976 -0.0392196948 0.143848008 0.0110372976 -0.039171184 0.143848008 0.0110372976 -0.039171184 0.14304873 0.0110372976 -0.0392196948 0.143152683 0.011173591 -0.0392820665 0.143848008 0.0110372976 -0.039171184 0.143152683 0.011173591 -0.0392820665 0.143753296 0.011173591 -0.0392451057 0.143753296 0.011173591 -0.0392451057 0.143152683 0.011173591 -0.0392820665 0.143256635 0.0113121944 -0.0393421272 0.143753296 0.011173591 -0.0392451057 0.143256635 0.0113121944 -0.0393421272 0.143656274 0.0113121944 -0.0393190274 0.143656274 0.0113121944 -0.0393190274 0.143256635 0.0113121944 -0.0393421272 0.143360587 0.0114507967 -0.0394044989 0.143656274 0.0113121944 -0.0393190274 0.143360587 0.0114507967 -0.0394044989 0.143561562 0.0114507967 -0.039392949 0.143561562 0.0114507967 -0.039392949 0.143360587 0.0114507967 -0.0394044989 0.14346454 0.0115870901 -0.0394668707 0.141085186 0.0102102994 -0.0171032576 0.140468402 0.0121137816 -0.0171402184 0.140669377 0.0120883719 -0.0191274403 0.141085186 0.0102102994 -0.0171032576 0.140669377 0.0120883719 -0.0191274403 0.14125844 0.0102772911 -0.0190904795 0.14125844 0.0102772911 -0.0190904795 0.140669377 0.0120883719 -0.0191274403 0.140960443 0.012051411 -0.0219757343 0.14125844 0.0102772911 -0.0190904795 0.140960443 0.012051411 -0.0219757343 0.141503306 0.0103743126 -0.0219410835 0.141503306 0.0103743126 -0.0219410835 0.140960443 0.012051411 -0.0219757343 0.141288471 0.0120098302 -0.0251688035 0.141503306 0.0103743126 -0.0219410835 0.141288471 0.0120098302 -0.0251688035 0.141780512 0.0104851951 -0.0251387729 0.141780512 0.0104851951 -0.0251387729 0.141288471 0.0120098302 -0.0251688035 0.141602638 0.0119682483 -0.0281903517 0.141780512 0.0104851951 -0.0251387729 0.141602638 0.0119682483 -0.0281903517 0.142046168 0.0105960776 -0.028162631 0.142046168 0.0105960776 -0.028162631 0.141602638 0.0119682483 -0.0281903517 0.141926045 0.0119220475 -0.0312095895 0.142046168 0.0105960776 -0.028162631 0.141926045 0.0119220475 -0.0312095895 0.142318754 0.01071158 -0.0311864891 0.142318754 0.01071158 -0.0311864891 0.141926045 0.0119220475 -0.0312095895 0.142272553 0.0118735368 -0.0344026587 0.142318754 0.01071158 -0.0311864891 0.142272553 0.0118735368 -0.0344026587 0.14260751 0.0108409435 -0.0343818683 0.14260751 0.0108409435 -0.0343818683 0.142272553 0.0118735368 -0.0344026587 0.14258441 0.011829646 -0.0372486427 0.14260751 0.0108409435 -0.0343818683 0.14258441 0.011829646 -0.0372486427 0.142868546 0.010956446 -0.0372324729 0.142868546 0.010956446 -0.0372324729 0.14258441 0.011829646 -0.0372486427 0.142801555 0.0117996151 -0.0392335547 0.142868546 0.010956446 -0.0372324729 0.142801555 0.0117996151 -0.0392335547 0.14304873 0.0110372976 -0.0392196948 0.14304873 0.0110372976 -0.0392196948 0.142801555 0.0117996151 -0.0392335547 0.142967878 0.0117464833 -0.0392936164 0.14304873 0.0110372976 -0.0392196948 0.142967878 0.0117464833 -0.0392936164 0.143152683 0.011173591 -0.0392820665 0.143152683 0.011173591 -0.0392820665 0.142967878 0.0117464833 -0.0392936164 0.143134202 0.0116933526 -0.0393513682 0.143152683 0.011173591 -0.0392820665 0.143134202 0.0116933526 -0.0393513682 0.143256635 0.0113121944 -0.0393421272 0.143256635 0.0113121944 -0.0393421272 0.143134202 0.0116933526 -0.0393513682 0.143300526 0.0116402219 -0.0394091189 0.143256635 0.0113121944 -0.0393421272 0.143300526 0.0116402219 -0.0394091189 0.143360587 0.0114507967 -0.0394044989 0.143360587 0.0114507967 -0.0394044989 0.143300526 0.0116402219 -0.0394091189 0.14346454 0.0115870901 -0.0394668707 0.140468402 0.0121137816 -0.0171402184 0.142085439 0.0132919083 -0.0170408858 0.142207871 0.0132087467 -0.0190327283 0.140468402 0.0121137816 -0.0171402184 0.142207871 0.0132087467 -0.0190327283 0.140669377 0.0120883719 -0.0191274403 0.140669377 0.0120883719 -0.0191274403 0.142207871 0.0132087467 -0.0190327283 0.142383435 0.0130886243 -0.0218879522 0.140669377 0.0120883719 -0.0191274403 0.142383435 0.0130886243 -0.0218879522 0.140960443 0.012051411 -0.0219757343 0.140960443 0.012051411 -0.0219757343 0.142383435 0.0130886243 -0.0218879522 0.14257979 0.0129500209 -0.0250902619 0.140960443 0.012051411 -0.0219757343 0.14257979 0.0129500209 -0.0250902619 0.141288471 0.0120098302 -0.0251688035 0.141288471 0.0120098302 -0.0251688035 0.14257979 0.0129500209 -0.0250902619 0.142766904 0.0128160375 -0.02811874 0.141288471 0.0120098302 -0.0251688035 0.142766904 0.0128160375 -0.02811874 0.141602638 0.0119682483 -0.0281903517 0.141602638 0.0119682483 -0.0281903517 0.142766904 0.0128160375 -0.02811874 0.142954018 0.0126705041 -0.0311472183 0.141602638 0.0119682483 -0.0281903517 0.142954018 0.0126705041 -0.0311472183 0.141926045 0.0119220475 -0.0312095895 0.141926045 0.0119220475 -0.0312095895 0.142954018 0.0126705041 -0.0311472183 0.143150373 0.0125134209 -0.034349528 0.141926045 0.0119220475 -0.0312095895 0.143150373 0.0125134209 -0.034349528 0.142272553 0.0118735368 -0.0344026587 0.142272553 0.0118735368 -0.0344026587 0.143150373 0.0125134209 -0.034349528 0.143325937 0.0123701975 -0.037204752 0.142272553 0.0118735368 -0.0344026587 0.143325937 0.0123701975 -0.037204752 0.14258441 0.011829646 -0.0372486427 0.14258441 0.011829646 -0.0372486427 0.143325937 0.0123701975 -0.037204752 0.143448369 0.012268556 -0.0391942839 0.14258441 0.011829646 -0.0372486427 0.143448369 0.012268556 -0.0391942839 0.142801555 0.0117996151 -0.0392335547 0.142801555 0.0117996151 -0.0392335547 0.143448369 0.012268556 -0.0391942839 0.143452989 0.0120999218 -0.0392635856 0.142801555 0.0117996151 -0.0392335547 0.143452989 0.0120999218 -0.0392635856 0.142967878 0.0117464833 -0.0392936164 0.142967878 0.0117464833 -0.0392936164 0.143452989 0.0120999218 -0.0392635856 0.14345761 0.0119289775 -0.0393305773 0.142967878 0.0117464833 -0.0392936164 0.14345761 0.0119289775 -0.0393305773 0.143134202 0.0116933526 -0.0393513682 0.143134202 0.0116933526 -0.0393513682 0.14345761 0.0119289775 -0.0393305773 0.14346223 0.0117580343 -0.039399879 0.143134202 0.0116933526 -0.0393513682 0.14346223 0.0117580343 -0.039399879 0.143300526 0.0116402219 -0.0394091189 0.143300526 0.0116402219 -0.0394091189 0.14346223 0.0117580343 -0.039399879 0.14346454 0.0115870901 -0.0394668707 0.142085439 0.0115870901 -0.0170408858 0.143702475 0.0121137816 -0.0169415532 0.142085439 0.0132919083 -0.0170408858 0.142085439 0.0115870901 -0.0170408858 0.143085691 0.0102102994 -0.0169785141 0.143702475 0.0121137816 -0.0169415532 0.142085439 0.0115870901 -0.0170408858 0.141085186 0.0102102994 -0.0171032576 0.143085691 0.0102102994 -0.0169785141 0.142085439 0.0115870901 -0.0170408858 0.140468402 0.0121137816 -0.0171402184 0.141085186 0.0102102994 -0.0171032576 0.142085439 0.0115870901 -0.0170408858 0.142085439 0.0132919083 -0.0170408858 0.140468402 0.0121137816 -0.0171402184 0.142085439 0.0190860964 -0.0170408858 0.143702475 0.0179079698 -0.0169415532 0.143746366 0.0178825589 -0.0189380162 0.142085439 0.0190860964 -0.0170408858 0.143746366 0.0178825589 -0.0189380162 0.142207871 0.0190029348 -0.0190327283 0.142207871 0.0190029348 -0.0190327283 0.143746366 0.0178825589 -0.0189380162 0.143806427 0.017845598 -0.0218001701 0.142207871 0.0190029348 -0.0190327283 0.143806427 0.017845598 -0.0218001701 0.142383435 0.0188805013 -0.0218879522 0.142383435 0.0188805013 -0.0218879522 0.143806427 0.017845598 -0.0218001701 0.143873419 0.0178040172 -0.02500941 0.142383435 0.0188805013 -0.0218879522 0.143873419 0.0178040172 -0.02500941 0.14257979 0.018744209 -0.0250902619 0.14257979 0.018744209 -0.0250902619 0.143873419 0.0178040172 -0.02500941 0.14393117 0.0177601265 -0.0280471284 0.14257979 0.018744209 -0.0250902619 0.14393117 0.0177601265 -0.0280471284 0.142766904 0.0186079156 -0.02811874 0.142766904 0.0186079156 -0.02811874 0.14393117 0.0177601265 -0.0280471284 0.143981991 0.0177162357 -0.0310825369 0.142766904 0.0186079156 -0.02811874 0.143981991 0.0177162357 -0.0310825369 0.142954018 0.0184646922 -0.0311472183 0.142954018 0.0184646922 -0.0311472183 0.143981991 0.0177162357 -0.0310825369 0.144028192 0.0176677249 -0.0342940868 0.142954018 0.0184646922 -0.0311472183 0.144028192 0.0176677249 -0.0342940868 0.143150373 0.018307609 -0.034349528 0.143150373 0.018307609 -0.034349528 0.144028192 0.0176677249 -0.0342940868 0.144067463 0.017623833 -0.0371585512 0.143150373 0.018307609 -0.034349528 0.144067463 0.017623833 -0.0371585512 0.143325937 0.0181643856 -0.037204752 0.143325937 0.0181643856 -0.037204752 0.144067463 0.017623833 -0.0371585512 0.144095184 0.0175938033 -0.039155013 0.143325937 0.0181643856 -0.037204752 0.144095184 0.0175938033 -0.039155013 0.143448369 0.0180627431 -0.0391942839 0.143448369 0.0180627431 -0.0391942839 0.144095184 0.0175938033 -0.039155013 0.1439381 0.0175406715 -0.0392335547 0.143448369 0.0180627431 -0.0391942839 0.1439381 0.0175406715 -0.0392335547 0.143452989 0.0178941099 -0.0392635856 0.143452989 0.0178941099 -0.0392635856 0.1439381 0.0175406715 -0.0392335547 0.143781017 0.0174875407 -0.0393120974 0.143452989 0.0178941099 -0.0392635856 0.143781017 0.0174875407 -0.0393120974 0.14345761 0.0177231656 -0.0393305773 0.14345761 0.0177231656 -0.0393305773 0.143781017 0.0174875407 -0.0393120974 0.143623933 0.0174344089 -0.0393883291 0.14345761 0.0177231656 -0.0393305773 0.143623933 0.0174344089 -0.0393883291 0.14346223 0.0175522214 -0.039399879 0.14346223 0.0175522214 -0.039399879 0.143623933 0.0174344089 -0.0393883291 0.14346454 0.0173812782 -0.0394668707 0.143702475 0.0179079698 -0.0169415532 0.143085691 0.0160044875 -0.0169785141 0.143157303 0.0160714781 -0.0189726665 0.143702475 0.0179079698 -0.0169415532 0.143157303 0.0160714781 -0.0189726665 0.143746366 0.0178825589 -0.0189380162 0.143746366 0.0178825589 -0.0189380162 0.143157303 0.0160714781 -0.0189726665 0.143263565 0.0161685007 -0.021832511 0.143746366 0.0178825589 -0.0189380162 0.143263565 0.0161685007 -0.021832511 0.143806427 0.017845598 -0.0218001701 0.143806427 0.017845598 -0.0218001701 0.143263565 0.0161685007 -0.021832511 0.143379068 0.0162793832 -0.0250394406 0.143806427 0.017845598 -0.0218001701 0.143379068 0.0162793832 -0.0250394406 0.143873419 0.0178040172 -0.02500941 0.143873419 0.0178040172 -0.02500941 0.143379068 0.0162793832 -0.0250394406 0.14348764 0.0163902657 -0.028072539 0.143873419 0.0178040172 -0.02500941 0.14348764 0.0163902657 -0.028072539 0.14393117 0.0177601265 -0.0280471284 0.14393117 0.0177601265 -0.0280471284 0.14348764 0.0163902657 -0.028072539 0.143589282 0.0165057682 -0.0311079472 0.14393117 0.0177601265 -0.0280471284 0.143589282 0.0165057682 -0.0311079472 0.143981991 0.0177162357 -0.0310825369 0.143981991 0.0177162357 -0.0310825369 0.143589282 0.0165057682 -0.0311079472 0.143693235 0.0166351316 -0.0343148772 0.143981991 0.0177162357 -0.0310825369 0.143693235 0.0166351316 -0.0343148772 0.144028192 0.0176677249 -0.0342940868 0.144028192 0.0176677249 -0.0342940868 0.143693235 0.0166351316 -0.0343148772 0.143783327 0.0167506341 -0.0371747211 0.144028192 0.0176677249 -0.0342940868 0.143783327 0.0167506341 -0.0371747211 0.144067463 0.017623833 -0.0371585512 0.144067463 0.017623833 -0.0371585512 0.143783327 0.0167506341 -0.0371747211 0.143848008 0.0168314857 -0.039171184 0.144067463 0.017623833 -0.0371585512 0.143848008 0.0168314857 -0.039171184 0.144095184 0.0175938033 -0.039155013 0.144095184 0.0175938033 -0.039155013 0.143848008 0.0168314857 -0.039171184 0.143753296 0.0169677791 -0.0392451057 0.144095184 0.0175938033 -0.039155013 0.143753296 0.0169677791 -0.0392451057 0.1439381 0.0175406715 -0.0392335547 0.1439381 0.0175406715 -0.0392335547 0.143753296 0.0169677791 -0.0392451057 0.143656274 0.0171063814 -0.0393190274 0.1439381 0.0175406715 -0.0392335547 0.143656274 0.0171063814 -0.0393190274 0.143781017 0.0174875407 -0.0393120974 0.143781017 0.0174875407 -0.0393120974 0.143656274 0.0171063814 -0.0393190274 0.143561562 0.0172449848 -0.039392949 0.143781017 0.0174875407 -0.0393120974 0.143561562 0.0172449848 -0.039392949 0.143623933 0.0174344089 -0.0393883291 0.143623933 0.0174344089 -0.0393883291 0.143561562 0.0172449848 -0.039392949 0.14346454 0.0173812782 -0.0394668707 0.143085691 0.0160044875 -0.0169785141 0.141085186 0.0160044875 -0.0171032576 0.14125844 0.0160714781 -0.0190904795 0.143085691 0.0160044875 -0.0169785141 0.14125844 0.0160714781 -0.0190904795 0.143157303 0.0160714781 -0.0189726665 0.143157303 0.0160714781 -0.0189726665 0.14125844 0.0160714781 -0.0190904795 0.141503306 0.0161685007 -0.0219410835 0.143157303 0.0160714781 -0.0189726665 0.141503306 0.0161685007 -0.0219410835 0.143263565 0.0161685007 -0.021832511 0.143263565 0.0161685007 -0.021832511 0.141503306 0.0161685007 -0.0219410835 0.141780512 0.0162793832 -0.0251387729 0.143263565 0.0161685007 -0.021832511 0.141780512 0.0162793832 -0.0251387729 0.143379068 0.0162793832 -0.0250394406 0.143379068 0.0162793832 -0.0250394406 0.141780512 0.0162793832 -0.0251387729 0.142046168 0.0163902657 -0.028162631 0.143379068 0.0162793832 -0.0250394406 0.142046168 0.0163902657 -0.028162631 0.14348764 0.0163902657 -0.028072539 0.14348764 0.0163902657 -0.028072539 0.142046168 0.0163902657 -0.028162631 0.142318754 0.0165057682 -0.0311864891 0.14348764 0.0163902657 -0.028072539 0.142318754 0.0165057682 -0.0311864891 0.143589282 0.0165057682 -0.0311079472 0.143589282 0.0165057682 -0.0311079472 0.142318754 0.0165057682 -0.0311864891 0.14260751 0.0166351316 -0.0343818683 0.143589282 0.0165057682 -0.0311079472 0.14260751 0.0166351316 -0.0343818683 0.143693235 0.0166351316 -0.0343148772 0.143693235 0.0166351316 -0.0343148772 0.14260751 0.0166351316 -0.0343818683 0.142868546 0.0167506341 -0.0372324729 0.143693235 0.0166351316 -0.0343148772 0.142868546 0.0167506341 -0.0372324729 0.143783327 0.0167506341 -0.0371747211 0.143783327 0.0167506341 -0.0371747211 0.142868546 0.0167506341 -0.0372324729 0.14304873 0.0168314857 -0.0392196948 0.143783327 0.0167506341 -0.0371747211 0.14304873 0.0168314857 -0.0392196948 0.143848008 0.0168314857 -0.039171184 0.143848008 0.0168314857 -0.039171184 0.14304873 0.0168314857 -0.0392196948 0.143152683 0.0169677791 -0.0392820665 0.143848008 0.0168314857 -0.039171184 0.143152683 0.0169677791 -0.0392820665 0.143753296 0.0169677791 -0.0392451057 0.143753296 0.0169677791 -0.0392451057 0.143152683 0.0169677791 -0.0392820665 0.143256635 0.0171063814 -0.0393421272 0.143753296 0.0169677791 -0.0392451057 0.143256635 0.0171063814 -0.0393421272 0.143656274 0.0171063814 -0.0393190274 0.143656274 0.0171063814 -0.0393190274 0.143256635 0.0171063814 -0.0393421272 0.143360587 0.0172449848 -0.0394044989 0.143656274 0.0171063814 -0.0393190274 0.143360587 0.0172449848 -0.0394044989 0.143561562 0.0172449848 -0.039392949 0.143561562 0.0172449848 -0.039392949 0.143360587 0.0172449848 -0.0394044989 0.14346454 0.0173812782 -0.0394668707 0.141085186 0.0160044875 -0.0171032576 0.140468402 0.0179079698 -0.0171402184 0.140669377 0.0178825589 -0.0191274403 0.141085186 0.0160044875 -0.0171032576 0.140669377 0.0178825589 -0.0191274403 0.14125844 0.0160714781 -0.0190904795 0.14125844 0.0160714781 -0.0190904795 0.140669377 0.0178825589 -0.0191274403 0.140960443 0.017845598 -0.0219757343 0.14125844 0.0160714781 -0.0190904795 0.140960443 0.017845598 -0.0219757343 0.141503306 0.0161685007 -0.0219410835 0.141503306 0.0161685007 -0.0219410835 0.140960443 0.017845598 -0.0219757343 0.141288471 0.0178040172 -0.0251688035 0.141503306 0.0161685007 -0.0219410835 0.141288471 0.0178040172 -0.0251688035 0.141780512 0.0162793832 -0.0251387729 0.141780512 0.0162793832 -0.0251387729 0.141288471 0.0178040172 -0.0251688035 0.141602638 0.0177601265 -0.0281903517 0.141780512 0.0162793832 -0.0251387729 0.141602638 0.0177601265 -0.0281903517 0.142046168 0.0163902657 -0.028162631 0.142046168 0.0163902657 -0.028162631 0.141602638 0.0177601265 -0.0281903517 0.141926045 0.0177162357 -0.0312095895 0.142046168 0.0163902657 -0.028162631 0.141926045 0.0177162357 -0.0312095895 0.142318754 0.0165057682 -0.0311864891 0.142318754 0.0165057682 -0.0311864891 0.141926045 0.0177162357 -0.0312095895 0.142272553 0.0176677249 -0.0344026587 0.142318754 0.0165057682 -0.0311864891 0.142272553 0.0176677249 -0.0344026587 0.14260751 0.0166351316 -0.0343818683 0.14260751 0.0166351316 -0.0343818683 0.142272553 0.0176677249 -0.0344026587 0.14258441 0.017623833 -0.0372486427 0.14260751 0.0166351316 -0.0343818683 0.14258441 0.017623833 -0.0372486427 0.142868546 0.0167506341 -0.0372324729 0.142868546 0.0167506341 -0.0372324729 0.14258441 0.017623833 -0.0372486427 0.142801555 0.0175938033 -0.0392335547 0.142868546 0.0167506341 -0.0372324729 0.142801555 0.0175938033 -0.0392335547 0.14304873 0.0168314857 -0.0392196948 0.14304873 0.0168314857 -0.0392196948 0.142801555 0.0175938033 -0.0392335547 0.142967878 0.0175406715 -0.0392936164 0.14304873 0.0168314857 -0.0392196948 0.142967878 0.0175406715 -0.0392936164 0.143152683 0.0169677791 -0.0392820665 0.143152683 0.0169677791 -0.0392820665 0.142967878 0.0175406715 -0.0392936164 0.143134202 0.0174875407 -0.0393513682 0.143152683 0.0169677791 -0.0392820665 0.143134202 0.0174875407 -0.0393513682 0.143256635 0.0171063814 -0.0393421272 0.143256635 0.0171063814 -0.0393421272 0.143134202 0.0174875407 -0.0393513682 0.143300526 0.0174344089 -0.0394091189 0.143256635 0.0171063814 -0.0393421272 0.143300526 0.0174344089 -0.0394091189 0.143360587 0.0172449848 -0.0394044989 0.143360587 0.0172449848 -0.0394044989 0.143300526 0.0174344089 -0.0394091189 0.14346454 0.0173812782 -0.0394668707 0.140468402 0.0179079698 -0.0171402184 0.142085439 0.0190860964 -0.0170408858 0.142207871 0.0190029348 -0.0190327283 0.140468402 0.0179079698 -0.0171402184 0.142207871 0.0190029348 -0.0190327283 0.140669377 0.0178825589 -0.0191274403 0.140669377 0.0178825589 -0.0191274403 0.142207871 0.0190029348 -0.0190327283 0.142383435 0.0188805013 -0.0218879522 0.140669377 0.0178825589 -0.0191274403 0.142383435 0.0188805013 -0.0218879522 0.140960443 0.017845598 -0.0219757343 0.140960443 0.017845598 -0.0219757343 0.142383435 0.0188805013 -0.0218879522 0.14257979 0.018744209 -0.0250902619 0.140960443 0.017845598 -0.0219757343 0.14257979 0.018744209 -0.0250902619 0.141288471 0.0178040172 -0.0251688035 0.141288471 0.0178040172 -0.0251688035 0.14257979 0.018744209 -0.0250902619 0.142766904 0.0186079156 -0.02811874 0.141288471 0.0178040172 -0.0251688035 0.142766904 0.0186079156 -0.02811874 0.141602638 0.0177601265 -0.0281903517 0.141602638 0.0177601265 -0.0281903517 0.142766904 0.0186079156 -0.02811874 0.142954018 0.0184646922 -0.0311472183 0.141602638 0.0177601265 -0.0281903517 0.142954018 0.0184646922 -0.0311472183 0.141926045 0.0177162357 -0.0312095895 0.141926045 0.0177162357 -0.0312095895 0.142954018 0.0184646922 -0.0311472183 0.143150373 0.018307609 -0.034349528 0.141926045 0.0177162357 -0.0312095895 0.143150373 0.018307609 -0.034349528 0.142272553 0.0176677249 -0.0344026587 0.142272553 0.0176677249 -0.0344026587 0.143150373 0.018307609 -0.034349528 0.143325937 0.0181643856 -0.037204752 0.142272553 0.0176677249 -0.0344026587 0.143325937 0.0181643856 -0.037204752 0.14258441 0.017623833 -0.0372486427 0.14258441 0.017623833 -0.0372486427 0.143325937 0.0181643856 -0.037204752 0.143448369 0.0180627431 -0.0391942839 0.14258441 0.017623833 -0.0372486427 0.143448369 0.0180627431 -0.0391942839 0.142801555 0.0175938033 -0.0392335547 0.142801555 0.0175938033 -0.0392335547 0.143448369 0.0180627431 -0.0391942839 0.143452989 0.0178941099 -0.0392635856 0.142801555 0.0175938033 -0.0392335547 0.143452989 0.0178941099 -0.0392635856 0.142967878 0.0175406715 -0.0392936164 0.142967878 0.0175406715 -0.0392936164 0.143452989 0.0178941099 -0.0392635856 0.14345761 0.0177231656 -0.0393305773 0.142967878 0.0175406715 -0.0392936164 0.14345761 0.0177231656 -0.0393305773 0.143134202 0.0174875407 -0.0393513682 0.143134202 0.0174875407 -0.0393513682 0.14345761 0.0177231656 -0.0393305773 0.14346223 0.0175522214 -0.039399879 0.143134202 0.0174875407 -0.0393513682 0.14346223 0.0175522214 -0.039399879 0.143300526 0.0174344089 -0.0394091189 0.143300526 0.0174344089 -0.0394091189 0.14346223 0.0175522214 -0.039399879 0.14346454 0.0173812782 -0.0394668707 0.142085439 0.0173812782 -0.0170408858 0.143702475 0.0179079698 -0.0169415532 0.142085439 0.0190860964 -0.0170408858 0.142085439 0.0173812782 -0.0170408858 0.143085691 0.0160044875 -0.0169785141 0.143702475 0.0179079698 -0.0169415532 0.142085439 0.0173812782 -0.0170408858 0.141085186 0.0160044875 -0.0171032576 0.143085691 0.0160044875 -0.0169785141 0.142085439 0.0173812782 -0.0170408858 0.140468402 0.0179079698 -0.0171402184 0.141085186 0.0160044875 -0.0171032576 0.142085439 0.0173812782 -0.0170408858 0.142085439 0.0190860964 -0.0170408858 0.140468402 0.0179079698 -0.0171402184</float_array><technique_common><accessor source="#part1-positions-array" count="2520" stride="3"><param name="X" type="float" /><param name="Y" type="float" /><param name="Z" type="float" /></accessor></technique_common></source><source id="part1-normals"><float_array id="part1-normals-array" count="7560">0.588033646 0.808834688 0.00169685386 0.588033646 0.808834688 0.00169685386 0.588033646 0.808834688 0.00169685386 0.588577363 0.808437262 0.00242500129 0.588577363 0.808437262 0.00242500129 0.588577363 0.808437262 0.00242500129 0.588598662 0.808423131 0.0019118608 0.588598662 0.808423131 0.0019118608 0.588598662 0.808423131 0.0019118608 0.588938807 0.808174602 0.00221227262 0.588938807 0.808174602 0.00221227262 0.588938807 0.808174602 0.00221227262 0.588954947 0.808163812 0.00182315061 0.588954947 0.808163812 0.00182315061 0.588954947 0.808163812 0.00182315061 0.587871223 0.808953867 0.00103280299 0.587871223 0.808953867 0.00103280299 0.587871223 0.808953867 0.00103280299 0.58790951 0.808926695 0.000104249929 0.58790951 0.808926695 0.000104249929 0.58790951 0.808926695 0.000104249929 0.58862411 0.808406638 0.000603519944 0.58862411 0.808406638 0.000603519944 0.58862411 0.808406638 0.000603519944 0.58872111 0.808334151 -0.00183166287 0.58872111 0.808334151 -0.00183166287 0.58872111 0.808334151 -0.00183166287 0.587519593 0.809205807 -0.00258650143 0.587519593 0.809205807 -0.00258650143 0.587519593 0.809205807 -0.00258650143 0.587588713 0.809148053 -0.00435125662 0.587588713 0.809148053 -0.00435125662 0.587588713 0.809148053 -0.00435125662 0.58919724 0.80798163 -0.00350678533 0.58919724 0.80798163 -0.00350678533 0.58919724 0.80798163 -0.00350678533 0.589228194 0.807955216 -0.00430175633 0.589228194 0.807955216 -0.00430175633 0.589228194 0.807955216 -0.00430175633 0.589238252 0.807947907 -0.00429669327 0.589238252 0.807947907 -0.00429669327 0.589238252 0.807947907 -0.00429669327 0.589225836 0.807958623 -0.00397203013 0.589225836 0.807958623 -0.00397203013 0.589225836 0.807958623 -0.00397203013 0.589015837 0.808111093 -0.00409946822 0.589015837 0.808111093 -0.00409946822 0.589015837 0.808111093 -0.00409946822 0.316413819 0.361196305 -0.87716562 0.316413819 0.361196305 -0.87716562 0.316413819 0.361196305 -0.87716562 0.318997147 0.36346842 -0.875289397 0.318997147 0.36346842 -0.875289397 0.318997147 0.36346842 -0.875289397 0.316825385 0.360309791 -0.877381633 0.316825385 0.360309791 -0.877381633 0.316825385 0.360309791 -0.877381633 0.308567303 0.354288796 -0.882760255 0.308567303 0.354288796 -0.882760255 0.308567303 0.354288796 -0.882760255 0.311277354 0.358207398 -0.880223761 0.311277354 0.358207398 -0.880223761 0.311277354 0.358207398 -0.880223761 0.329260691 0.36662017 -0.870159209 0.329260691 0.36662017 -0.870159209 0.329260691 0.36662017 -0.870159209 0.317722326 0.349686385 -0.881346672 0.317722326 0.349686385 -0.881346672 0.317722326 0.349686385 -0.881346672 0.951010018 -0.308242885 0.0237963952 0.951010018 -0.308242885 0.0237963952 0.951010018 -0.308242885 0.0237963952 0.950518941 -0.309643193 0.0251959283 0.950518941 -0.309643193 0.0251959283 0.950518941 -0.309643193 0.0251959283 0.950537458 -0.309637126 0.0245640371 0.950537458 -0.309637126 0.0245640371 0.950537458 -0.309637126 0.0245640371 0.950866498 -0.308674251 0.0239397273 0.950866498 -0.308674251 0.0239397273 0.950866498 -0.308674251 0.0239397273 0.950876818 -0.308670548 0.0235747558 0.950876818 -0.308670548 0.0235747558 0.950876818 -0.308670548 0.0235747558 0.950699366 -0.309195435 0.0238515801 0.950699366 -0.309195435 0.0238515801 0.950699366 -0.309195435 0.0238515801 0.950724268 -0.309186023 0.0229645374 0.950724268 -0.309186023 0.0229645374 0.950724268 -0.309186023 0.0229645374 0.951169866 -0.307861534 0.0222971147 0.951169866 -0.307861534 0.0222971147 0.951169866 -0.307861534 0.0222971147 0.951230901 -0.307836952 0.0199043787 0.951230901 -0.307836952 0.0199043787 0.951230901 -0.307836952 0.0199043787 0.950870559 -0.308916727 0.020387132 0.950870559 -0.308916727 0.020387132 0.950870559 -0.308916727 0.020387132 0.95091506 -0.308893356 0.0185860875 0.95091506 -0.308893356 0.0185860875 0.95091506 -0.308893356 0.0185860875 0.950932209 -0.308841692 0.0185672389 0.950932209 -0.308841692 0.0185672389 0.950932209 -0.308841692 0.0185672389 0.95095718 -0.308827994 0.0174845907 0.95095718 -0.308827994 0.0174845907 0.95095718 -0.308827994 0.0174845907 0.950675896 -0.309676067 0.0177784969 0.950675896 -0.309676067 0.0177784969 0.950675896 -0.309676067 0.0177784969 0.950665055 -0.309681425 0.0182583693 0.950665055 -0.309681425 0.0182583693 0.950665055 -0.309681425 0.0182583693 0.950983033 -0.308727573 0.0178481777 0.950983033 -0.308727573 0.0178481777 0.950983033 -0.308727573 0.0178481777 0.477661194 -0.136467686 -0.86788038 0.477661194 -0.136467686 -0.86788038 0.477661194 -0.136467686 -0.86788038 0.479856694 -0.137878467 -0.866445083 0.479856694 -0.137878467 -0.866445083 0.479856694 -0.137878467 -0.866445083 0.472917343 -0.135546422 -0.870618374 0.472917343 -0.135546422 -0.870618374 0.472917343 -0.135546422 -0.870618374 0.480603466 -0.141553783 -0.865437944 0.480603466 -0.141553783 -0.865437944 0.480603466 -0.141553783 -0.865437944 0.474355709 -0.139440301 -0.869219802 0.474355709 -0.139440301 -0.869219802 0.474355709 -0.139440301 -0.869219802 0.466771744 -0.130766305 -0.874656683 0.466771744 -0.130766305 -0.874656683 0.466771744 -0.130766305 -0.874656683 0.473401537 -0.133017237 -0.870745313 0.473401537 -0.133017237 -0.870745313 0.473401537 -0.133017237 -0.870745313 0.00208955365 -0.999436196 -0.0335100599 0.00208955365 -0.999436196 -0.0335100599 0.00208955365 -0.999436196 -0.0335100599 0.00207850512 -0.999436539 -0.0335005117 0.00207850512 -0.999436539 -0.0335005117 0.00207850512 -0.999436539 -0.0335005117 0.00214923715 -0.999397525 -0.0346405422 0.00214923715 -0.999397525 -0.0346405422 0.00214923715 -0.999397525 -0.0346405422 0.00213617439 -0.999397805 -0.034633273 0.00213617439 -0.999397805 -0.034633273 0.00213617439 -0.999397805 -0.034633273 0.00212615407 -0.999403443 -0.034470816 0.00212615407 -0.999403443 -0.034470816 0.00212615407 -0.999403443 -0.034470816 0.00214242717 -0.999403157 -0.0344781058 0.00214242717 -0.999403157 -0.0344781058 0.00214242717 -0.999403157 -0.0344781058 0.00221755518 -0.999360551 -0.0356871417 0.00221755518 -0.999360551 -0.0356871417 0.00221755518 -0.999360551 -0.0356871417 0.00223079912 -0.99936032 -0.0356927859 0.00223079912 -0.99936032 -0.0356927859 0.00223079912 -0.99936032 -0.0356927859 0.00241961889 -0.999247406 -0.0387139022 0.00241961889 -0.999247406 -0.0387139022 0.00241961889 -0.999247406 -0.0387139022 0.00239260148 -0.999247864 -0.0387037779 0.00239260148 -0.999247864 -0.0387037779 0.00239260148 -0.999247864 -0.0387037779 0.00244240384 -0.999216214 -0.039509403 0.00244240384 -0.999216214 -0.039509403 0.00244240384 -0.999216214 -0.039509403 0.00243771464 -0.999216281 -0.0395079994 0.00243771464 -0.999216281 -0.0395079994 0.00243771464 -0.999216281 -0.0395079994 0.00248399997 -0.999186225 -0.040258145 0.00248399997 -0.999186225 -0.040258145 0.00248399997 -0.999186225 -0.040258145 0.00254261522 -0.999185411 -0.0402746809 0.00254261522 -0.999185411 -0.0402746809 0.00254261522 -0.999185411 -0.0402746809 0.00255185158 -0.999179479 -0.0404209836 0.00255185158 -0.999179479 -0.0404209836 0.00255185158 -0.999179479 -0.0404209836 0.00245108606 -0.999181193 -0.0403848543 0.00245108606 -0.999181193 -0.0403848543 0.00245108606 -0.999181193 -0.0403848543 0.0543024819 -0.443345276 -0.894704536 0.0543024819 -0.443345276 -0.894704536 0.0543024819 -0.443345276 -0.894704536 0.0551488903 -0.440271163 -0.896169573 0.0551488903 -0.440271163 -0.896169573 0.0551488903 -0.440271163 -0.896169573 0.0552286964 -0.437611486 -0.897466422 0.0552286964 -0.437611486 -0.897466422 0.0552286964 -0.437611486 -0.897466422 0.0516052172 -0.447492165 -0.892797661 0.0516052172 -0.447492165 -0.892797661 0.0516052172 -0.447492165 -0.892797661 0.0517669959 -0.441845059 -0.895596518 0.0517669959 -0.441845059 -0.895596518 0.0517669959 -0.441845059 -0.895596518 0.0514558456 -0.442362399 -0.895359036 0.0514558456 -0.442362399 -0.895359036 0.0514558456 -0.442362399 -0.895359036 0.0514752761 -0.441675143 -0.895697139 0.0514752761 -0.441675143 -0.895697139 0.0514752761 -0.441675143 -0.895697139 -0.946905728 -0.308226933 -0.0914642003 -0.946905728 -0.308226933 -0.0914642003 -0.946905728 -0.308226933 -0.0914642003 -0.946287159 -0.309681478 -0.0929408197 -0.946287159 -0.309681478 -0.0929408197 -0.946287159 -0.309681478 -0.0929408197 -0.946311404 -0.309684138 -0.0926847473 -0.946311404 -0.309684138 -0.0926847473 -0.946311404 -0.309684138 -0.0926847473 -0.946673267 -0.308757841 -0.0920778008 -0.946673267 -0.308757841 -0.0920778008 -0.946673267 -0.308757841 -0.0920778008 -0.946565091 -0.308746431 -0.0932210761 -0.946565091 -0.308746431 -0.0932210761 -0.946565091 -0.308746431 -0.0932210761 -0.946891896 -0.307881488 -0.0927616685 -0.946891896 -0.307881488 -0.0927616685 -0.946891896 -0.307881488 -0.0927616685 -0.946754789 -0.307865599 -0.0942026633 -0.946754789 -0.307865599 -0.0942026633 -0.946754789 -0.307865599 -0.0942026633 -0.946734838 -0.307918708 -0.0942295965 -0.946734838 -0.307918708 -0.0942295965 -0.946734838 -0.307918708 -0.0942295965 -0.946474404 -0.3078886 -0.0969062081 -0.946474404 -0.3078886 -0.0969062081 -0.946474404 -0.3078886 -0.0969062081 -0.946132042 -0.308808707 -0.0973208133 -0.946132042 -0.308808707 -0.0973208133 -0.946132042 -0.308808707 -0.0973208133 -0.946089269 -0.308803088 -0.0977535074 -0.946089269 -0.308803088 -0.0977535074 -0.946089269 -0.308803088 -0.0977535074 -0.946068925 -0.308858942 -0.097773939 -0.946068925 -0.308858942 -0.097773939 -0.946068925 -0.308858942 -0.097773939 -0.945957092 -0.308845196 -0.0988930007 -0.945957092 -0.308845196 -0.0988930007 -0.945957092 -0.308845196 -0.0988930007 -0.94569651 -0.309562408 -0.0991424546 -0.94569651 -0.309562408 -0.0991424546 -0.94569651 -0.309562408 -0.0991424546 -0.945733029 -0.309567531 -0.0987774318 -0.945733029 -0.309567531 -0.0987774318 -0.945733029 -0.309567531 -0.0987774318 -0.94610908 -0.308556454 -0.0983388185 -0.94610908 -0.308556454 -0.0983388185 -0.94610908 -0.308556454 -0.0983388185 -0.375171344 -0.138310948 -0.916578717 -0.375171344 -0.138310948 -0.916578717 -0.375171344 -0.138310948 -0.916578717 -0.367999096 -0.137803802 -0.919557925 -0.367999096 -0.137803802 -0.919557925 -0.367999096 -0.137803802 -0.919557925 -0.363553421 -0.136403887 -0.921532902 -0.363553421 -0.136403887 -0.921532902 -0.363553421 -0.136403887 -0.921532902 -0.355270703 -0.136537325 -0.924737955 -0.355270703 -0.136537325 -0.924737955 -0.355270703 -0.136537325 -0.924737955 -0.36240505 -0.138753721 -0.92163441 -0.36240505 -0.138753721 -0.92163441 -0.36240505 -0.138753721 -0.92163441 -0.368312691 -0.137530518 -0.919473283 -0.368312691 -0.137530518 -0.919473283 -0.368312691 -0.137530518 -0.919473283 -0.368313584 -0.137530788 -0.919472885 -0.368313584 -0.137530788 -0.919472885 -0.368313584 -0.137530788 -0.919472885 -0.583871449 0.808852093 -0.0696593328 -0.583871449 0.808852093 -0.0696593328 -0.583871449 0.808852093 -0.0696593328 -0.584382205 0.80842094 -0.0703777143 -0.584382205 0.80842094 -0.0703777143 -0.584382205 0.80842094 -0.0703777143 -0.584417432 0.80843288 -0.0699467188 -0.584417432 0.80843288 -0.0699467188 -0.584417432 0.80843288 -0.0699467188 -0.584741137 0.808173181 -0.0702418137 -0.584741137 0.808173181 -0.0702418137 -0.584741137 0.808173181 -0.0702418137 -0.584692864 0.808156751 -0.0708302206 -0.584692864 0.808156751 -0.0708302206 -0.584692864 0.808156751 -0.0708302206 -0.584326249 0.808445829 -0.0705562002 -0.584326249 0.808445829 -0.0705562002 -0.584326249 0.808445829 -0.0705562002 -0.584219457 0.808408118 -0.0718605646 -0.584219457 0.808408118 -0.0718605646 -0.584219457 0.808408118 -0.0718605646 -0.584233596 0.808397 -0.0718706891 -0.584233596 0.808397 -0.0718706891 -0.584233596 0.808397 -0.0718706891 -0.58397826 0.808304261 -0.0749240485 -0.58397826 0.808304261 -0.0749240485 -0.58397826 0.808304261 -0.0749240485 -0.582843629 0.809189956 -0.0741951343 -0.582843629 0.809189956 -0.0741951343 -0.582843629 0.809189956 -0.0741951343 -0.582740575 0.809150638 -0.0754232531 -0.582740575 0.809150638 -0.0754232531 -0.582740575 0.809150638 -0.0754232531 -0.584321924 0.807930042 -0.076268842 -0.584321924 0.807930042 -0.076268842 -0.584321924 0.807930042 -0.076268842 -0.584306133 0.807923851 -0.0764551808 -0.584306133 0.807923851 -0.0764551808 -0.584306133 0.807923851 -0.0764551808 -0.584382449 0.807864947 -0.0764943106 -0.584382449 0.807864947 -0.0764943106 -0.584382449 0.807864947 -0.0764943106 -0.584398946 0.80787161 -0.0762976655 -0.584398946 0.80787161 -0.0762976655 -0.584398946 0.80787161 -0.0762976655 -0.584125954 0.808085014 -0.0761280493 -0.584125954 0.808085014 -0.0761280493 -0.584125954 0.808085014 -0.0761280493 -0.209002224 0.362550963 -0.908226222 -0.209002224 0.362550963 -0.908226222 -0.209002224 0.362550963 -0.908226222 -0.210474522 0.365913737 -0.906536052 -0.210474522 0.365913737 -0.906536052 -0.210474522 0.365913737 -0.906536052 -0.200437409 0.35277063 -0.913990004 -0.200437409 0.35277063 -0.913990004 -0.200437409 0.35277063 -0.913990004 -0.20218354 0.357942208 -0.911591571 -0.20218354 0.357942208 -0.911591571 -0.20218354 0.357942208 -0.911591571 -0.208974974 0.366816105 -0.906518287 -0.208974974 0.366816105 -0.906518287 -0.208974974 0.366816105 -0.906518287 -0.207487932 0.356241939 -0.911065551 -0.207487932 0.356241939 -0.911065551 -0.207487932 0.356241939 -0.911065551 -0.206247804 0.354611727 -0.911982657 -0.206247804 0.354611727 -0.911982657 -0.206247804 0.354611727 -0.911982657 -0.0613132131 0 0.998118575 -0.0613132131 0 0.998118575 -0.0613132131 0 0.998118575 -0.0614893906 0.000542966799 0.998107589 -0.0614893906 0.000542966799 0.998107589 -0.0614893906 0.000542966799 0.998107589 -0.0622351344 -6.22422632e-16 0.998061515 -0.0622351344 -6.22422632e-16 0.998061515 -0.0622351344 -6.22422632e-16 0.998061515 -0.0614893906 -0.000542966799 0.998107589 -0.0614893906 -0.000542966799 0.998107589 -0.0614893906 -0.000542966799 0.998107589 -0.0613132131 0 0.998118575 -0.0613132131 0 0.998118575 -0.0613132131 0 0.998118575 0.588033996 0.808834432 0.00169732205 0.588033996 0.808834432 0.00169732205 0.588033996 0.808834432 0.00169732205 0.588577363 0.808437262 0.00242500129 0.588577363 0.808437262 0.00242500129 0.588577363 0.808437262 0.00242500129 0.588598662 0.808423131 0.0019118608 0.588598662 0.808423131 0.0019118608 0.588598662 0.808423131 0.0019118608 0.588938807 0.808174602 0.00221227262 0.588938807 0.808174602 0.00221227262 0.588938807 0.808174602 0.00221227262 0.588954958 0.808163804 0.00182286692 0.588954958 0.808163804 0.00182286692 0.588954958 0.808163804 0.00182286692 0.587871683 0.808953533 0.00103284565 0.587871683 0.808953533 0.00103284565 0.587871683 0.808953533 0.00103284565 0.587909971 0.80892636 0.000104263279 0.587909971 0.80892636 0.000104263279 0.587909971 0.80892636 0.000104263279 0.588624123 0.808406629 0.000603219996 0.588624123 0.808406629 0.000603219996 0.588624123 0.808406629 0.000603219996 0.588721099 0.80833416 -0.00183136283 0.588721099 0.80833416 -0.00183136283 0.588721099 0.80833416 -0.00183136283 0.587519013 0.809206227 -0.00258655742 0.587519013 0.809206227 -0.00258655742 0.587519013 0.809206227 -0.00258655742 0.587588132 0.809148474 -0.00435127165 0.587588132 0.809148474 -0.00435127165 0.587588132 0.809148474 -0.00435127165 0.589197229 0.80798164 -0.00350650188 0.589197229 0.80798164 -0.00350650188 0.589197229 0.80798164 -0.00350650188 0.589228194 0.807955216 -0.00430175633 0.589228194 0.807955216 -0.00430175633 0.589228194 0.807955216 -0.00430175633 0.589238252 0.807947907 -0.00429669327 0.589238252 0.807947907 -0.00429669327 0.589238252 0.807947907 -0.00429669327 0.589225836 0.807958623 -0.00397203013 0.589225836 0.807958623 -0.00397203013 0.589225836 0.807958623 -0.00397203013 0.589015837 0.808111093 -0.00409946822 0.589015837 0.808111093 -0.00409946822 0.589015837 0.808111093 -0.00409946822 0.316412503 0.361194393 -0.877166882 0.316412503 0.361194393 -0.877166882 0.316412503 0.361194393 -0.877166882 0.318997919 0.36346834 -0.875289148 0.318997919 0.36346834 -0.875289148 0.318997919 0.36346834 -0.875289148 0.316827027 0.360310986 -0.877380549 0.316827027 0.360310986 -0.877380549 0.316827027 0.360310986 -0.877380549 0.308564855 0.354287009 -0.882761828 0.308564855 0.354287009 -0.882761828 0.308564855 0.354287009 -0.882761828 0.308564891 0.354287061 -0.882761795 0.308564891 0.354287061 -0.882761795 0.308564891 0.354287061 -0.882761795 0.326578453 0.362674386 -0.872819457 0.326578453 0.362674386 -0.872819457 0.326578453 0.362674386 -0.872819457 0.320344403 0.353525483 -0.878862445 0.320344403 0.353525483 -0.878862445 0.320344403 0.353525483 -0.878862445 0.951009965 -0.30824305 0.0237963877 0.951009965 -0.30824305 0.0237963877 0.951009965 -0.30824305 0.0237963877 0.950518947 -0.309643192 0.0251957535 0.950518947 -0.309643192 0.0251957535 0.950518947 -0.309643192 0.0251957535 0.950537454 -0.309637127 0.024564159 0.950537454 -0.309637127 0.024564159 0.950537454 -0.309637127 0.024564159 0.950866559 -0.308674063 0.0239397261 0.950866559 -0.308674063 0.0239397261 0.950866559 -0.308674063 0.0239397261 0.950876879 -0.30867036 0.0235747645 0.950876879 -0.30867036 0.0235747645 0.950876879 -0.30867036 0.0235747645 0.950699363 -0.309195436 0.0238516887 0.950699363 -0.309195436 0.0238516887 0.950699363 -0.309195436 0.0238516887 0.950724271 -0.309186021 0.0229644226 0.950724271 -0.309186021 0.0229644226 0.950724271 -0.309186021 0.0229644226 0.951169792 -0.307861763 0.0222971164 0.951169792 -0.307861763 0.0222971164 0.951169792 -0.307861763 0.0222971164 0.951230824 -0.307837182 0.0199044815 0.951230824 -0.307837182 0.0199044815 0.951230824 -0.307837182 0.0199044815 0.950870647 -0.308916465 0.0203870149 0.950870647 -0.308916465 0.0203870149 0.950870647 -0.308916465 0.0203870149 0.950915147 -0.308893095 0.0185859921 0.950915147 -0.308893095 0.0185859921 0.950915147 -0.308893095 0.0185859921 0.950932209 -0.308841692 0.0185672389 0.950932209 -0.308841692 0.0185672389 0.950932209 -0.308841692 0.0185672389 0.95095718 -0.308827994 0.0174845907 0.95095718 -0.308827994 0.0174845907 0.95095718 -0.308827994 0.0174845907 0.950675896 -0.309676067 0.0177784969 0.950675896 -0.309676067 0.0177784969 0.950675896 -0.309676067 0.0177784969 0.950665055 -0.309681425 0.0182583693 0.950665055 -0.309681425 0.0182583693 0.950665055 -0.309681425 0.0182583693 0.950983033 -0.308727573 0.0178481777 0.950983033 -0.308727573 0.0178481777 0.950983033 -0.308727573 0.0178481777 0.477661194 -0.136467686 -0.86788038 0.477661194 -0.136467686 -0.86788038 0.477661194 -0.136467686 -0.86788038 0.479857586 -0.13787904 -0.866444498 0.479857586 -0.13787904 -0.866444498 0.479857586 -0.13787904 -0.866444498 0.472917131 -0.135546619 -0.870618459 0.472917131 -0.135546619 -0.870618459 0.472917131 -0.135546619 -0.870618459 0.480602613 -0.141553494 -0.865438465 0.480602613 -0.141553494 -0.865438465 0.480602613 -0.141553494 -0.865438465 0.474356555 -0.139440587 -0.869219294 0.474356555 -0.139440587 -0.869219294 0.474356555 -0.139440587 -0.869219294 0.468780846 -0.133057164 -0.873235541 0.468780846 -0.133057164 -0.873235541 0.468780846 -0.133057164 -0.873235541 0.472106913 -0.134200359 -0.871266507 0.472106913 -0.134200359 -0.871266507 0.472106913 -0.134200359 -0.871266507 0.00208955365 -0.999436196 -0.0335100599 0.00208955365 -0.999436196 -0.0335100599 0.00208955365 -0.999436196 -0.0335100599 0.00207850512 -0.999436539 -0.0335005117 0.00207850512 -0.999436539 -0.0335005117 0.00207850512 -0.999436539 -0.0335005117 0.00214921277 -0.999397539 -0.0346401493 0.00214921277 -0.999397539 -0.0346401493 0.00214921277 -0.999397539 -0.0346401493 0.00213615017 -0.999397819 -0.0346328802 0.00213615017 -0.999397819 -0.0346328802 0.00213615017 -0.999397819 -0.0346328802 0.00212615407 -0.999403443 -0.034470816 0.00212615407 -0.999403443 -0.034470816 0.00212615407 -0.999403443 -0.034470816 0.00214242717 -0.999403157 -0.0344781058 0.00214242717 -0.999403157 -0.0344781058 0.00214242717 -0.999403157 -0.0344781058 0.00221757819 -0.999360537 -0.035687512 0.00221757819 -0.999360537 -0.035687512 0.00221757819 -0.999360537 -0.035687512 0.00223082226 -0.999360306 -0.0356931562 0.00223082226 -0.999360306 -0.0356931562 0.00223082226 -0.999360306 -0.0356931562 0.00241959576 -0.999247421 -0.0387135321 0.00241959576 -0.999247421 -0.0387135321 0.00241959576 -0.999247421 -0.0387135321 0.0023925786 -0.999247878 -0.0387034079 0.0023925786 -0.999247878 -0.0387034079 0.0023925786 -0.999247878 -0.0387034079 0.00244242549 -0.9992162 -0.0395097532 0.00244242549 -0.9992162 -0.0395097532 0.00244242549 -0.9992162 -0.0395097532 0.00243773625 -0.999216267 -0.0395083496 0.00243773625 -0.999216267 -0.0395083496 0.00243773625 -0.999216267 -0.0395083496 0.00248399997 -0.999186225 -0.040258145 0.00248399997 -0.999186225 -0.040258145 0.00248399997 -0.999186225 -0.040258145 0.00254261522 -0.999185411 -0.0402746809 0.00254261522 -0.999185411 -0.0402746809 0.00254261522 -0.999185411 -0.0402746809 0.00255185158 -0.999179479 -0.0404209836 0.00255185158 -0.999179479 -0.0404209836 0.00255185158 -0.999179479 -0.0404209836 0.00245108606 -0.999181193 -0.0403848543 0.00245108606 -0.999181193 -0.0403848543 0.00245108606 -0.999181193 -0.0403848543 0.0543024819 -0.443345276 -0.894704536 0.0543024819 -0.443345276 -0.894704536 0.0543024819 -0.443345276 -0.894704536 0.0551488903 -0.440271163 -0.896169573 0.0551488903 -0.440271163 -0.896169573 0.0551488903 -0.440271163 -0.896169573 0.0552286964 -0.437611486 -0.897466422 0.0552286964 -0.437611486 -0.897466422 0.0552286964 -0.437611486 -0.897466422 0.0516052172 -0.447492165 -0.892797661 0.0516052172 -0.447492165 -0.892797661 0.0516052172 -0.447492165 -0.892797661 0.0517669137 -0.441847952 -0.895595095 0.0517669137 -0.441847952 -0.895595095 0.0517669137 -0.441847952 -0.895595095 0.0514557636 -0.442365294 -0.895357611 0.0514557636 -0.442365294 -0.895357611 0.0514557636 -0.442365294 -0.895357611 0.0514753579 -0.44167225 -0.89569856 0.0514753579 -0.44167225 -0.89569856 0.0514753579 -0.44167225 -0.89569856 -0.946905659 -0.308227096 -0.0914643659 -0.946905659 -0.308227096 -0.0914643659 -0.946905659 -0.308227096 -0.0914643659 -0.946287159 -0.309681478 -0.0929408197 -0.946287159 -0.309681478 -0.0929408197 -0.946287159 -0.309681478 -0.0929408197 -0.946311404 -0.309684138 -0.0926847473 -0.946311404 -0.309684138 -0.0926847473 -0.946311404 -0.309684138 -0.0926847473 -0.94667334 -0.308757654 -0.0920776784 -0.94667334 -0.308757654 -0.0920776784 -0.94667334 -0.308757654 -0.0920776784 -0.946565162 -0.308746244 -0.0932209768 -0.946565162 -0.308746244 -0.0932209768 -0.946565162 -0.308746244 -0.0932209768 -0.946891896 -0.307881488 -0.0927616685 -0.946891896 -0.307881488 -0.0927616685 -0.946891896 -0.307881488 -0.0927616685 -0.946754789 -0.307865599 -0.0942026633 -0.946754789 -0.307865599 -0.0942026633 -0.946754789 -0.307865599 -0.0942026633 -0.946734752 -0.307918936 -0.094229712 -0.946734752 -0.307918936 -0.094229712 -0.946734752 -0.307918936 -0.094229712 -0.946474319 -0.307888828 -0.0969063107 -0.946474319 -0.307888828 -0.0969063107 -0.946474319 -0.307888828 -0.0969063107 -0.946132139 -0.308808448 -0.0973206967 -0.946132139 -0.308808448 -0.0973206967 -0.946132139 -0.308808448 -0.0973206967 -0.946089353 -0.308802827 -0.0977535207 -0.946089353 -0.308802827 -0.0977535207 -0.946089353 -0.308802827 -0.0977535207 -0.946068914 -0.308858941 -0.097774047 -0.946068914 -0.308858941 -0.097774047 -0.946068914 -0.308858941 -0.097774047 -0.945957092 -0.308845196 -0.0988930007 -0.945957092 -0.308845196 -0.0988930007 -0.945957092 -0.308845196 -0.0988930007 -0.94569651 -0.309562408 -0.0991424546 -0.94569651 -0.309562408 -0.0991424546 -0.94569651 -0.309562408 -0.0991424546 -0.945733029 -0.309567531 -0.0987774318 -0.945733029 -0.309567531 -0.0987774318 -0.945733029 -0.309567531 -0.0987774318 -0.94610908 -0.308556454 -0.0983388185 -0.94610908 -0.308556454 -0.0983388185 -0.94610908 -0.308556454 -0.0983388185 -0.375172225 -0.138311227 -0.916578314 -0.375172225 -0.138311227 -0.916578314 -0.375172225 -0.138311227 -0.916578314 -0.367998867 -0.137804002 -0.919557987 -0.367998867 -0.137804002 -0.919557987 -0.367998867 -0.137804002 -0.919557987 -0.36355261 -0.136403901 -0.92153322 -0.36355261 -0.136403901 -0.92153322 -0.36355261 -0.136403901 -0.92153322 -0.355270703 -0.136537325 -0.924737955 -0.355270703 -0.136537325 -0.924737955 -0.355270703 -0.136537325 -0.924737955 -0.364234259 -0.139321717 -0.920827272 -0.364234259 -0.139321717 -0.920827272 -0.364234259 -0.139321717 -0.920827272 -0.36689409 -0.138767168 -0.919854554 -0.36689409 -0.138767168 -0.919854554 -0.36689409 -0.138767168 -0.919854554 -0.366893191 -0.138766893 -0.919854954 -0.366893191 -0.138766893 -0.919854954 -0.366893191 -0.138766893 -0.919854954 -0.583871818 0.808851825 -0.0696593443 -0.583871818 0.808851825 -0.0696593443 -0.583871818 0.808851825 -0.0696593443 -0.584382242 0.808420953 -0.0703772594 -0.584382242 0.808420953 -0.0703772594 -0.584382242 0.808420953 -0.0703772594 -0.584417432 0.80843288 -0.0699467188 -0.584417432 0.80843288 -0.0699467188 -0.584417432 0.80843288 -0.0699467188 -0.584741137 0.808173181 -0.0702418137 -0.584741137 0.808173181 -0.0702418137 -0.584741137 0.808173181 -0.0702418137 -0.584692864 0.808156751 -0.0708302206 -0.584692864 0.808156751 -0.0708302206 -0.584692864 0.808156751 -0.0708302206 -0.584326685 0.808445485 -0.0705565261 -0.584326685 0.808445485 -0.0705565261 -0.584326685 0.808445485 -0.0705565261 -0.584219894 0.808407774 -0.0718608775 -0.584219894 0.808407774 -0.0718608775 -0.584219894 0.808407774 -0.0718608775 -0.584233596 0.808397 -0.0718706891 -0.584233596 0.808397 -0.0718706891 -0.584233596 0.808397 -0.0718706891 -0.58397826 0.808304261 -0.0749240485 -0.58397826 0.808304261 -0.0749240485 -0.58397826 0.808304261 -0.0749240485 -0.582843076 0.809190388 -0.074194779 -0.582843076 0.809190388 -0.074194779 -0.582843076 0.809190388 -0.074194779 -0.582740018 0.809151067 -0.0754229549 -0.582740018 0.809151067 -0.0754229549 -0.582740018 0.809151067 -0.0754229549 -0.584321924 0.807930042 -0.076268842 -0.584321924 0.807930042 -0.076268842 -0.584321924 0.807930042 -0.076268842 -0.584306133 0.807923851 -0.0764551808 -0.584306133 0.807923851 -0.0764551808 -0.584306133 0.807923851 -0.0764551808 -0.584382449 0.807864947 -0.0764943106 -0.584382449 0.807864947 -0.0764943106 -0.584382449 0.807864947 -0.0764943106 -0.584398946 0.80787161 -0.0762976655 -0.584398946 0.80787161 -0.0762976655 -0.584398946 0.80787161 -0.0762976655 -0.584125954 0.808085014 -0.0761280493 -0.584125954 0.808085014 -0.0761280493 -0.584125954 0.808085014 -0.0761280493 -0.209002224 0.362550963 -0.908226222 -0.209002224 0.362550963 -0.908226222 -0.209002224 0.362550963 -0.908226222 -0.210473366 0.365911096 -0.906537386 -0.210473366 0.365911096 -0.906537386 -0.210473366 0.365911096 -0.906537386 -0.200436747 0.352768673 -0.913990905 -0.200436747 0.352768673 -0.913990905 -0.200436747 0.352768673 -0.913990905 -0.20218454 0.357945172 -0.911590185 -0.20218454 0.357945172 -0.911590185 -0.20218454 0.357945172 -0.911590185 -0.205950169 0.362867223 -0.908796955 -0.205950169 0.362867223 -0.908796955 -0.205950169 0.362867223 -0.908796955 -0.204534871 0.352356023 -0.913241873 -0.204534871 0.352356023 -0.913241873 -0.204534871 0.352356023 -0.913241873 -0.209243092 0.358545136 -0.909759701 -0.209243092 0.358545136 -0.909759701 -0.209243092 0.358545136 -0.909759701 -0.0613132131 0 0.998118575 -0.0613132131 0 0.998118575 -0.0613132131 0 0.998118575 -0.0614893903 0.000542967021 0.998107589 -0.0614893903 0.000542967021 0.998107589 -0.0614893903 0.000542967021 0.998107589 -0.0622351344 -6.22422632e-16 0.998061515 -0.0622351344 -6.22422632e-16 0.998061515 -0.0622351344 -6.22422632e-16 0.998061515 -0.0614893903 -0.000542967021 0.998107589 -0.0614893903 -0.000542967021 0.998107589 -0.0614893903 -0.000542967021 0.998107589 -0.0613132131 0 0.998118575 -0.0613132131 0 0.998118575 -0.0613132131 0 0.998118575 0.588222673 0.808697215 0.00170314674 0.588222673 0.808697215 0.00170314674 0.588222673 0.808697215 0.00170314674 0.58877497 0.808293304 0.00244304361 0.58877497 0.808293304 0.00244304361 0.58877497 0.808293304 0.00244304361 0.588796765 0.808278845 0.00191788118 0.588796765 0.808278845 0.00191788118 0.588796765 0.808278845 0.00191788118 0.589152135 0.808019047 0.00223185447 0.589152135 0.808019047 0.00223185447 0.589152135 0.808019047 0.00223185447 0.589168821 0.808007892 0.00182949335 0.589168821 0.808007892 0.00182949335 0.589168821 0.808007892 0.00182949335 0.5881069 0.808782518 0.00105474144 0.5881069 0.808782518 0.00105474144 0.5881069 0.808782518 0.00105474144 0.5881458 0.80875491 0.000111093562 0.5881458 0.80875491 0.000111093562 0.5881458 0.80875491 0.000111093562 0.588885078 0.808216537 0.000627828223 0.588885078 0.808216537 0.000627828223 0.588885078 0.808216537 0.000627828223 0.589006633 0.80812452 -0.00243854313 0.589006633 0.80812452 -0.00243854313 0.589006633 0.80812452 -0.00243854313 0.588709477 0.808340435 -0.00262554019 0.588709477 0.808340435 -0.00262554019 0.588709477 0.808340435 -0.00262554019 0.588753209 0.808304195 -0.00373990126 0.588753209 0.808304195 -0.00373990126 0.588753209 0.808304195 -0.00373990126 0.589197566 0.807981394 -0.00350646911 0.589197566 0.807981394 -0.00350646911 0.589197566 0.807981394 -0.00350646911 0.589228532 0.807954969 -0.00430174791 0.589228532 0.807954969 -0.00430174791 0.589228532 0.807954969 -0.00430174791 0.589238652 0.807947616 -0.00429665408 0.589238652 0.807947616 -0.00429665408 0.589238652 0.807947616 -0.00429665408 0.589226237 0.807958331 -0.00397202016 0.589226237 0.807958331 -0.00397202016 0.589226237 0.807958331 -0.00397202016 0.589015846 0.808111085 -0.0040996964 0.589015846 0.808111085 -0.0040996964 0.589015846 0.808111085 -0.0040996964 0.316413161 0.361195349 -0.877166251 0.316413161 0.361195349 -0.877166251 0.316413161 0.361195349 -0.877166251 0.318997533 0.36346838 -0.875289273 0.318997533 0.36346838 -0.875289273 0.318997533 0.36346838 -0.875289273 0.316826206 0.360310388 -0.877381091 0.316826206 0.360310388 -0.877381091 0.316826206 0.360310388 -0.877381091 0.308566079 0.354287903 -0.882761042 0.308566079 0.354287903 -0.882761042 0.308566079 0.354287903 -0.882761042 0.308565787 0.354287481 -0.882761313 0.308565787 0.354287481 -0.882761313 0.308565787 0.354287481 -0.882761313 0.326576654 0.362673554 -0.872820475 0.326576654 0.362673554 -0.872820475 0.326576654 0.362673554 -0.872820475 0.320343933 0.353526555 -0.878862185 0.320343933 0.353526555 -0.878862185 0.320343933 0.353526555 -0.878862185 0.951009992 -0.308242968 0.0237963914 0.951009992 -0.308242968 0.0237963914 0.951009992 -0.308242968 0.0237963914 0.950518944 -0.309643193 0.0251958409 0.950518944 -0.309643193 0.0251958409 0.950518944 -0.309643193 0.0251958409 0.950530183 -0.30963954 0.0248138491 0.950530183 -0.30963954 0.0248138491 0.950530183 -0.30963954 0.0248138491 0.95099141 -0.308289376 0.0239373784 0.95099141 -0.308289376 0.0239373784 0.95099141 -0.308289376 0.0239373784 0.95100737 -0.308283616 0.0233707768 0.95100737 -0.308283616 0.0233707768 0.95100737 -0.308283616 0.0233707768 0.950699365 -0.309195435 0.0238516344 0.950699365 -0.309195435 0.0238516344 0.950699365 -0.309195435 0.0238516344 0.950724271 -0.309186021 0.0229644226 0.950724271 -0.309186021 0.0229644226 0.950724271 -0.309186021 0.0229644226 0.951169792 -0.307861763 0.0222971164 0.951169792 -0.307861763 0.0222971164 0.951169792 -0.307861763 0.0222971164 0.951230824 -0.307837182 0.0199044815 0.951230824 -0.307837182 0.0199044815 0.951230824 -0.307837182 0.0199044815 0.950690764 -0.309453692 0.0206272691 0.950690764 -0.309453692 0.0206272691 0.950690764 -0.309453692 0.0206272691 0.950742107 -0.309426886 0.0185592894 0.950742107 -0.309426886 0.0185592894 0.950742107 -0.309426886 0.0185592894 0.950937422 -0.308838912 0.0183451846 0.950937422 -0.308838912 0.0183451846 0.950937422 -0.308838912 0.0183451846 0.95095718 -0.308827994 0.0174845907 0.95095718 -0.308827994 0.0174845907 0.95095718 -0.308827994 0.0174845907 0.950675896 -0.309676067 0.0177784969 0.950675896 -0.309676067 0.0177784969 0.950675896 -0.309676067 0.0177784969 0.950665057 -0.309681424 0.0182582819 0.950665057 -0.309681424 0.0182582819 0.950665057 -0.309681424 0.0182582819 0.950982965 -0.30872778 0.0178481799 0.950982965 -0.30872778 0.0178481799 0.950982965 -0.30872778 0.0178481799 0.477661526 -0.136467899 -0.867880164 0.477661526 -0.136467899 -0.867880164 0.477661526 -0.136467899 -0.867880164 0.47985714 -0.137878754 -0.86644479 0.47985714 -0.137878754 -0.86644479 0.47985714 -0.137878754 -0.86644479 0.472917237 -0.13554652 -0.870618417 0.472917237 -0.13554652 -0.870618417 0.472917237 -0.13554652 -0.870618417 0.48060304 -0.141553639 -0.865438204 0.48060304 -0.141553639 -0.865438204 0.48060304 -0.141553639 -0.865438204 0.474356132 -0.139440444 -0.869219548 0.474356132 -0.139440444 -0.869219548 0.474356132 -0.139440444 -0.869219548 0.468780437 -0.133057024 -0.873235781 0.468780437 -0.133057024 -0.873235781 0.468780437 -0.133057024 -0.873235781 0.472106913 -0.134200359 -0.871266507 0.472106913 -0.134200359 -0.871266507 0.472106913 -0.134200359 -0.871266507 0.00208955365 -0.999436196 -0.0335100599 0.00208955365 -0.999436196 -0.0335100599 0.00208955365 -0.999436196 -0.0335100599 0.00207850512 -0.999436539 -0.0335005117 0.00207850512 -0.999436539 -0.0335005117 0.00207850512 -0.999436539 -0.0335005117 0.00209930253 -0.999425203 -0.033835716 0.00209930253 -0.999425203 -0.033835716 0.00209930253 -0.999425203 -0.033835716 0.00208654324 -0.999425471 -0.0338286153 0.00208654324 -0.999425471 -0.0338286153 0.00208654324 -0.999425471 -0.0338286153 0.00217039311 -0.999378352 -0.0351880526 0.00217039311 -0.999378352 -0.0351880526 0.00217039311 -0.999378352 -0.0351880526 0.00218700477 -0.999378054 -0.0351954937 0.00218700477 -0.999378054 -0.0351954937 0.00218700477 -0.999378054 -0.0351954937 0.00221757819 -0.999360537 -0.035687512 0.00221757819 -0.999360537 -0.035687512 0.00221757819 -0.999360537 -0.035687512 0.00223082226 -0.999360306 -0.0356931562 0.00223082226 -0.999360306 -0.0356931562 0.00223082226 -0.999360306 -0.0356931562 0.00241959576 -0.999247421 -0.0387135321 0.00241959576 -0.999247421 -0.0387135321 0.00241959576 -0.999247421 -0.0387135321 0.0023925786 -0.999247878 -0.0387034079 0.0023925786 -0.999247878 -0.0387034079 0.0023925786 -0.999247878 -0.0387034079 0.00244241467 -0.999216207 -0.0395095781 0.00244241467 -0.999216207 -0.0395095781 0.00244241467 -0.999216207 -0.0395095781 0.00243772544 -0.999216274 -0.0395081745 0.00243772544 -0.999216274 -0.0395081745 0.00243772544 -0.999216274 -0.0395081745 0.00248399997 -0.999186225 -0.040258145 0.00248399997 -0.999186225 -0.040258145 0.00248399997 -0.999186225 -0.040258145 0.00254261522 -0.999185411 -0.0402746809 0.00254261522 -0.999185411 -0.0402746809 0.00254261522 -0.999185411 -0.0402746809 0.00255186935 -0.999179468 -0.0404212651 0.00255186935 -0.999179468 -0.0404212651 0.00255186935 -0.999179468 -0.0404212651 0.00245110313 -0.999181181 -0.0403851355 0.00245110313 -0.999181181 -0.0403851355 0.00245110313 -0.999181181 -0.0403851355 0.0543024385 -0.443346725 -0.89470382 0.0543024385 -0.443346725 -0.89470382 0.0543024385 -0.443346725 -0.89470382 0.0551488468 -0.440272607 -0.896168866 0.0551488468 -0.440272607 -0.896168866 0.0551488468 -0.440272607 -0.896168866 0.0552286964 -0.437611486 -0.897466422 0.0552286964 -0.437611486 -0.897466422 0.0552286964 -0.437611486 -0.897466422 0.0516052172 -0.447492165 -0.892797661 0.0516052172 -0.447492165 -0.892797661 0.0516052172 -0.447492165 -0.892797661 0.0517669548 -0.441846505 -0.895595806 0.0517669548 -0.441846505 -0.895595806 0.0517669548 -0.441846505 -0.895595806 0.0514558046 -0.442363847 -0.895358324 0.0514558046 -0.442363847 -0.895358324 0.0514558046 -0.442363847 -0.895358324 0.0514753579 -0.44167225 -0.89569856 0.0514753579 -0.44167225 -0.89569856 0.0514753579 -0.44167225 -0.89569856 -0.946905694 -0.308227015 -0.0914642831 -0.946905694 -0.308227015 -0.0914642831 -0.946905694 -0.308227015 -0.0914642831 -0.946287159 -0.309681478 -0.0929408197 -0.946287159 -0.309681478 -0.0929408197 -0.946287159 -0.309681478 -0.0929408197 -0.946311404 -0.309684138 -0.0926847473 -0.946311404 -0.309684138 -0.0926847473 -0.946311404 -0.309684138 -0.0926847473 -0.946822209 -0.3083755 -0.0918273192 -0.946822209 -0.3083755 -0.0918273192 -0.946822209 -0.3083755 -0.0918273192 -0.946688824 -0.308361486 -0.0932387457 -0.946688824 -0.308361486 -0.0932387457 -0.946688824 -0.308361486 -0.0932387457 -0.946871044 -0.307879099 -0.092982187 -0.946871044 -0.307879099 -0.092982187 -0.946871044 -0.307879099 -0.092982187 -0.946754789 -0.307865599 -0.0942026633 -0.946754789 -0.307865599 -0.0942026633 -0.946754789 -0.307865599 -0.0942026633 -0.946734752 -0.307918936 -0.094229712 -0.946734752 -0.307918936 -0.094229712 -0.946734752 -0.307918936 -0.094229712 -0.946497279 -0.307891539 -0.0966731666 -0.946497279 -0.307891539 -0.0966731666 -0.946497279 -0.307891539 -0.0966731666 -0.945957263 -0.309342139 -0.0973257257 -0.945957263 -0.309342139 -0.0973257257 -0.945957263 -0.309342139 -0.0973257257 -0.945895709 -0.309334025 -0.097947781 -0.945895709 -0.309334025 -0.097947781 -0.945895709 -0.309334025 -0.097947781 -0.94606892 -0.308858942 -0.097773993 -0.94606892 -0.308858942 -0.097773993 -0.94606892 -0.308858942 -0.097773993 -0.945957092 -0.308845196 -0.0988930007 -0.945957092 -0.308845196 -0.0988930007 -0.945957092 -0.308845196 -0.0988930007 -0.94569651 -0.309562408 -0.0991424546 -0.94569651 -0.309562408 -0.0991424546 -0.94569651 -0.309562408 -0.0991424546 -0.945733029 -0.309567531 -0.0987774318 -0.945733029 -0.309567531 -0.0987774318 -0.945733029 -0.309567531 -0.0987774318 -0.946109004 -0.30855666 -0.0983389075 -0.946109004 -0.30855666 -0.0983389075 -0.946109004 -0.30855666 -0.0983389075 -0.37517181 -0.138311198 -0.916578489 -0.37517181 -0.138311198 -0.916578489 -0.37517181 -0.138311198 -0.916578489 -0.367999424 -0.137804041 -0.919557758 -0.367999424 -0.137804041 -0.919557758 -0.367999424 -0.137804041 -0.919557758 -0.363553015 -0.136403894 -0.921533061 -0.363553015 -0.136403894 -0.921533061 -0.363553015 -0.136403894 -0.921533061 -0.355270703 -0.136537325 -0.924737955 -0.355270703 -0.136537325 -0.924737955 -0.355270703 -0.136537325 -0.924737955 -0.364233811 -0.139321578 -0.92082747 -0.364233811 -0.139321578 -0.92082747 -0.364233811 -0.139321578 -0.92082747 -0.36689364 -0.13876703 -0.919854754 -0.36689364 -0.13876703 -0.919854754 -0.36689364 -0.13876703 -0.919854754 -0.366893191 -0.138766893 -0.919854954 -0.366893191 -0.138766893 -0.919854954 -0.366893191 -0.138766893 -0.919854954 -0.584060716 0.808714918 -0.0696653538 -0.584060716 0.808714918 -0.0696653538 -0.584060716 0.808714918 -0.0696653538 -0.584579599 0.80827667 -0.0703954355 -0.584579599 0.80827667 -0.0703954355 -0.584579599 0.80827667 -0.0703954355 -0.584615769 0.808288926 -0.0699529379 -0.584615769 0.808288926 -0.0699529379 -0.584615769 0.808288926 -0.0699529379 -0.584954193 0.808017268 -0.0702615627 -0.584954193 0.808017268 -0.0702615627 -0.584954193 0.808017268 -0.0702615627 -0.584907017 0.808001216 -0.0708365487 -0.584907017 0.808001216 -0.0708365487 -0.584907017 0.808001216 -0.0708365487 -0.584561608 0.808273736 -0.0705782807 -0.584561608 0.808273736 -0.0705782807 -0.584561608 0.808273736 -0.0705782807 -0.58445602 0.808236462 -0.0718678122 -0.58445602 0.808236462 -0.0718678122 -0.58445602 0.808236462 -0.0718678122 -0.584494199 0.80820642 -0.0718951627 -0.584494199 0.80820642 -0.0718951627 -0.584494199 0.80820642 -0.0718951627 -0.584227343 0.808109385 -0.0750841704 -0.584227343 0.808109385 -0.0750841704 -0.584227343 0.808109385 -0.0750841704 -0.583974367 0.808307306 -0.0749215464 -0.583974367 0.808307306 -0.0749215464 -0.583974367 0.808307306 -0.0749215464 -0.583929594 0.808290154 -0.0754536651 -0.583929594 0.808290154 -0.0754536651 -0.583929594 0.808290154 -0.0754536651 -0.584371176 0.807948843 -0.0756901293 -0.584371176 0.807948843 -0.0756901293 -0.584371176 0.807948843 -0.0756901293 -0.584306472 0.807923605 -0.0764551893 -0.584306472 0.807923605 -0.0764551893 -0.584306472 0.807923605 -0.0764551893 -0.584382848 0.807864655 -0.0764943499 -0.584382848 0.807864655 -0.0764943499 -0.584382848 0.807864655 -0.0764943499 -0.584399328 0.807871311 -0.0762979031 -0.584399328 0.807871311 -0.0762979031 -0.584399328 0.807871311 -0.0762979031 -0.584125954 0.808085014 -0.0761280493 -0.584125954 0.808085014 -0.0761280493 -0.584125954 0.808085014 -0.0761280493 -0.209002224 0.362550963 -0.908226222 -0.209002224 0.362550963 -0.908226222 -0.209002224 0.362550963 -0.908226222 -0.210473944 0.365912416 -0.906536719 -0.210473944 0.365912416 -0.906536719 -0.210473944 0.365912416 -0.906536719 -0.200437078 0.352769652 -0.913990454 -0.200437078 0.352769652 -0.913990454 -0.200437078 0.352769652 -0.913990454 -0.20218404 0.35794369 -0.911590878 -0.20218404 0.35794369 -0.911590878 -0.20218404 0.35794369 -0.911590878 -0.205950033 0.362866207 -0.908797392 -0.205950033 0.362866207 -0.908797392 -0.205950033 0.362866207 -0.908797392 -0.204535141 0.352358016 -0.913241044 -0.204535141 0.352358016 -0.913241044 -0.204535141 0.352358016 -0.913241044 -0.209242645 0.358546214 -0.909759379 -0.209242645 0.358546214 -0.909759379 -0.209242645 0.358546214 -0.909759379 -0.0613132131 0 0.998118575 -0.0613132131 0 0.998118575 -0.0613132131 0 0.998118575 -0.0614893902 0.000542966842 0.998107589 -0.0614893902 0.000542966842 0.998107589 -0.0614893902 0.000542966842 0.998107589 -0.0622351344 -6.22422377e-16 0.998061515 -0.0622351344 -6.22422377e-16 0.998061515 -0.0622351344 -6.22422377e-16 0.998061515 -0.0614893902 -0.000542966842 0.998107589 -0.0614893902 -0.000542966842 0.998107589 -0.0614893902 -0.000542966842 0.998107589 -0.0613132131 0 0.998118575 -0.0613132131 0 0.998118575 -0.0613132131 0 0.998118575 0.588033964 0.808834456 0.00169697829 0.588033964 0.808834456 0.00169697829 0.588033964 0.808834456 0.00169697829 0.588577513 0.808437154 0.00242490055 0.588577513 0.808437154 0.00242490055 0.588577513 0.808437154 0.00242490055 0.588598807 0.808423026 0.00191186521 0.588598807 0.808423026 0.00191186521 0.588598807 0.808423026 0.00191186521 0.588938862 0.808174562 0.0022121979 0.588938862 0.808174562 0.0022121979 0.588938862 0.808174562 0.0022121979 0.588955 0.808163773 0.00182311673 0.588955 0.808163773 0.00182311673 0.588955 0.808163773 0.00182311673 0.58787145 0.808953702 0.00103289528 0.58787145 0.808953702 0.00103289528 0.58787145 0.808953702 0.00103289528 0.587909742 0.808926526 0.000104219104 0.587909742 0.808926526 0.000104219104 0.587909742 0.808926526 0.000104219104 0.588624087 0.808406655 0.000603310734 0.588624087 0.808406655 0.000603310734 0.588624087 0.808406655 0.000603310734 0.588744992 0.808315131 -0.00244590004 0.588744992 0.808315131 -0.00244590004 0.588744992 0.808315131 -0.00244590004 0.588703538 0.808345244 -0.00247197836 0.588703538 0.808345244 -0.00247197836 0.588703538 0.808345244 -0.00247197836 0.588753351 0.808304092 -0.00373984442 0.588753351 0.808304092 -0.00373984442 0.588753351 0.808304092 -0.00373984442 0.589197443 0.807981484 -0.00350655226 0.589197443 0.807981484 -0.00350655226 0.589197443 0.807981484 -0.00350655226 0.589228408 0.807955059 -0.00430181066 0.589228408 0.807955059 -0.00430181066 0.589228408 0.807955059 -0.00430181066 0.589238751 0.807947544 -0.00429660455 0.589238751 0.807947544 -0.00429660455 0.589238751 0.807947544 -0.00429660455 0.589226334 0.807958261 -0.00397193218 0.589226334 0.807958261 -0.00397193218 0.589226334 0.807958261 -0.00397193218 0.58901562 0.808111249 -0.00409980441 0.58901562 0.808111249 -0.00409980441 0.58901562 0.808111249 -0.00409980441 0.316413181 0.361195602 -0.877166139 0.316413181 0.361195602 -0.877166139 0.316413181 0.361195602 -0.877166139 0.318998075 0.363469094 -0.875288779 0.318998075 0.363469094 -0.875288779 0.318998075 0.363469094 -0.875288779 0.316826309 0.360310463 -0.877381023 0.316826309 0.360310463 -0.877381023 0.316826309 0.360310463 -0.877381023 0.308565773 0.354287679 -0.882761238 0.308565773 0.354287679 -0.882761238 0.308565773 0.354287679 -0.882761238 0.308565809 0.354287731 -0.882761205 0.308565809 0.354287731 -0.882761205 0.308565809 0.354287731 -0.882761205 0.326575774 0.362673392 -0.872820872 0.326575774 0.362673392 -0.872820872 0.326575774 0.362673392 -0.872820872 0.320343155 0.353526516 -0.878862484 0.320343155 0.353526516 -0.878862484 0.320343155 0.353526516 -0.878862484 0.951009998 -0.308242947 0.0237964141 0.951009998 -0.308242947 0.0237964141 0.951009998 -0.308242947 0.0237964141 0.950518943 -0.309643193 0.0251958846 0.950518943 -0.309643193 0.0251958846 0.950518943 -0.309643193 0.0251958846 0.950530183 -0.309639539 0.0248138338 0.950530183 -0.309639539 0.0248138338 0.950530183 -0.309639539 0.0248138338 0.950991403 -0.3082894 0.0239373785 0.950991403 -0.3082894 0.0239373785 0.950991403 -0.3082894 0.0239373785 0.951007363 -0.30828364 0.0233707757 0.951007363 -0.30828364 0.0233707757 0.951007363 -0.30828364 0.0233707757 0.950699383 -0.309195383 0.0238515933 0.950699383 -0.309195383 0.0238515933 0.950699383 -0.309195383 0.0238515933 0.950724288 -0.30918597 0.0229644251 0.950724288 -0.30918597 0.0229644251 0.950724288 -0.30918597 0.0229644251 0.951169801 -0.307861734 0.0222971304 0.951169801 -0.307861734 0.0222971304 0.951169801 -0.307861734 0.0222971304 0.951225106 -0.307839635 0.0201384502 0.951225106 -0.307839635 0.0201384502 0.951225106 -0.307839635 0.0201384502 0.95086459 -0.308919506 0.0206220775 0.95086459 -0.308919506 0.0206220775 0.95086459 -0.308919506 0.0206220775 0.950920401 -0.308890207 0.0183638346 0.950920401 -0.308890207 0.0183638346 0.950920401 -0.308890207 0.0183638346 0.950937416 -0.308838931 0.0183451645 0.950937416 -0.308838931 0.0183451645 0.950937416 -0.308838931 0.0183451645 0.950957175 -0.308828013 0.0174845746 0.950957175 -0.308828013 0.0174845746 0.950957175 -0.308828013 0.0174845746 0.950675851 -0.309676202 0.0177785212 0.950675851 -0.309676202 0.0177785212 0.950675851 -0.309676202 0.0177785212 0.950665012 -0.30968156 0.0182583296 0.950665012 -0.30968156 0.0182583296 0.950665012 -0.30968156 0.0182583296 0.950982983 -0.308727728 0.0178481467 0.950982983 -0.308727728 0.0178481467 0.950982983 -0.308727728 0.0178481467 0.477661339 -0.136467811 -0.867880281 0.477661339 -0.136467811 -0.867880281 0.477661339 -0.136467811 -0.867880281 0.479857092 -0.137878755 -0.866444817 0.479857092 -0.137878755 -0.866444817 0.479857092 -0.137878755 -0.866444817 0.47291748 -0.135546618 -0.87061827 0.47291748 -0.135546618 -0.87061827 0.47291748 -0.135546618 -0.87061827 0.480602958 -0.14155348 -0.865438276 0.480602958 -0.14155348 -0.865438276 0.480602958 -0.14155348 -0.865438276 0.474356025 -0.139440279 -0.869219633 0.474356025 -0.139440279 -0.869219633 0.474356025 -0.139440279 -0.869219633 0.468780364 -0.133056899 -0.87323584 0.468780364 -0.133056899 -0.87323584 0.468780364 -0.133056899 -0.87323584 0.472107193 -0.134200355 -0.871266356 0.472107193 -0.134200355 -0.871266356 0.472107193 -0.134200355 -0.871266356 0.00208954926 -0.999436198 -0.0335099894 0.00208954926 -0.999436198 -0.0335099894 0.00208954926 -0.999436198 -0.0335099894 0.00207850075 -0.999436541 -0.0335004413 0.00207850075 -0.999436541 -0.0335004413 0.00207850075 -0.999436541 -0.0335004413 0.00209930558 -0.999425202 -0.0338357651 0.00209930558 -0.999425202 -0.0338357651 0.00209930558 -0.999425202 -0.0338357651 0.00208654627 -0.999425469 -0.0338286644 0.00208654627 -0.999425469 -0.0338286644 0.00208654627 -0.999425469 -0.0338286644 0.00217039311 -0.999378352 -0.0351880526 0.00217039311 -0.999378352 -0.0351880526 0.00217039311 -0.999378352 -0.0351880526 0.00218700477 -0.999378054 -0.0351954937 0.00218700477 -0.999378054 -0.0351954937 0.00218700477 -0.999378054 -0.0351954937 0.00221757819 -0.999360537 -0.035687512 0.00221757819 -0.999360537 -0.035687512 0.00221757819 -0.999360537 -0.035687512 0.00223082226 -0.999360306 -0.0356931562 0.00223082226 -0.999360306 -0.0356931562 0.00223082226 -0.999360306 -0.0356931562 0.00237222625 -0.99927661 -0.0379556201 0.00237222625 -0.99927661 -0.0379556201 0.00237222625 -0.99927661 -0.0379556201 0.00234573799 -0.99927705 -0.0379456934 0.00234573799 -0.99927705 -0.0379456934 0.00234573799 -0.99927705 -0.0379456934 0.00248674934 -0.999187482 -0.0402267553 0.00248674934 -0.999187482 -0.0402267553 0.00248674934 -0.999187482 -0.0402267553 0.002481975 -0.999187551 -0.0402253264 0.002481975 -0.999187551 -0.0402253264 0.002481975 -0.999187551 -0.0402253264 0.002484003 -0.999186223 -0.040258194 0.002484003 -0.999186223 -0.040258194 0.002484003 -0.999186223 -0.040258194 0.00254261832 -0.999185409 -0.04027473 0.00254261832 -0.999185409 -0.04027473 0.00254261832 -0.999185409 -0.04027473 0.00255185824 -0.999179475 -0.0404210891 0.00255185824 -0.999179475 -0.0404210891 0.00255185824 -0.999179475 -0.0404210891 0.00245109246 -0.999181188 -0.0403849597 0.00245109246 -0.999181188 -0.0403849597 0.00245109246 -0.999181188 -0.0403849597 0.0543024602 -0.443346001 -0.894704178 0.0543024602 -0.443346001 -0.894704178 0.0543024602 -0.443346001 -0.894704178 0.0551488686 -0.440271885 -0.896169219 0.0551488686 -0.440271885 -0.896169219 0.0551488686 -0.440271885 -0.896169219 0.0552286691 -0.437612401 -0.897465978 0.0552286691 -0.437612401 -0.897465978 0.0552286691 -0.437612401 -0.897465978 0.0516051905 -0.447493091 -0.892797199 0.0516051905 -0.447493091 -0.892797199 0.0516051905 -0.447493091 -0.892797199 0.0517669753 -0.441845782 -0.895596162 0.0517669753 -0.441845782 -0.895596162 0.0517669753 -0.441845782 -0.895596162 0.0514558251 -0.442363123 -0.89535868 0.0514558251 -0.442363123 -0.89535868 0.0514558251 -0.442363123 -0.89535868 0.0514753374 -0.441672973 -0.895698205 0.0514753374 -0.441672973 -0.895698205 0.0514753374 -0.441672973 -0.895698205 -0.946905704 -0.308226994 -0.0914642407 -0.946905704 -0.308226994 -0.0914642407 -0.946905704 -0.308226994 -0.0914642407 -0.946287161 -0.309681478 -0.0929407979 -0.946287161 -0.309681478 -0.0929407979 -0.946287161 -0.309681478 -0.0929407979 -0.946311404 -0.309684138 -0.0926847473 -0.946311404 -0.309684138 -0.0926847473 -0.946311404 -0.309684138 -0.0926847473 -0.946822199 -0.308375523 -0.0918273345 -0.946822199 -0.308375523 -0.0918273345 -0.946822199 -0.308375523 -0.0918273345 -0.946688813 -0.308361509 -0.0932387851 -0.946688813 -0.308361509 -0.0932387851 -0.946688813 -0.308361509 -0.0932387851 -0.946871061 -0.307879047 -0.0929821867 -0.946871061 -0.307879047 -0.0929821867 -0.946871061 -0.307879047 -0.0929821867 -0.946754807 -0.307865548 -0.0942026515 -0.946754807 -0.307865548 -0.0942026515 -0.946754807 -0.307865548 -0.0942026515 -0.946734761 -0.307918907 -0.0942297118 -0.946734761 -0.307918907 -0.0942297118 -0.946734761 -0.307918907 -0.0942297118 -0.946497291 -0.307891511 -0.0966731396 -0.946497291 -0.307891511 -0.0966731396 -0.946497291 -0.307891511 -0.0966731396 -0.946155144 -0.308811524 -0.0970869979 -0.946155144 -0.308811524 -0.0970869979 -0.946155144 -0.308811524 -0.0970869979 -0.946067412 -0.308799999 -0.0979745477 -0.946067412 -0.308799999 -0.0979745477 -0.946067412 -0.308799999 -0.0979745477 -0.946046905 -0.308856275 -0.0979951739 -0.946046905 -0.308856275 -0.0979951739 -0.946046905 -0.308856275 -0.0979951739 -0.945957088 -0.308845216 -0.0988929771 -0.945957088 -0.308845216 -0.0988929771 -0.945957088 -0.308845216 -0.0988929771 -0.945696464 -0.309562543 -0.0991424712 -0.945696464 -0.309562543 -0.0991424712 -0.945696464 -0.309562543 -0.0991424712 -0.945732982 -0.309567666 -0.0987774576 -0.945732982 -0.309567666 -0.0987774576 -0.945732982 -0.309567666 -0.0987774576 -0.946109026 -0.308556609 -0.0983388528 -0.946109026 -0.308556609 -0.0983388528 -0.946109026 -0.308556609 -0.0983388528 -0.375171748 -0.138311153 -0.916578521 -0.375171748 -0.138311153 -0.916578521 -0.375171748 -0.138311153 -0.916578521 -0.367999189 -0.137803984 -0.919557861 -0.367999189 -0.137803984 -0.919557861 -0.367999189 -0.137803984 -0.919557861 -0.363552965 -0.136403895 -0.921533081 -0.363552965 -0.136403895 -0.921533081 -0.363552965 -0.136403895 -0.921533081 -0.355271089 -0.136537319 -0.924737808 -0.355271089 -0.136537319 -0.924737808 -0.355271089 -0.136537319 -0.924737808 -0.364233722 -0.139321422 -0.920827528 -0.364233722 -0.139321422 -0.920827528 -0.364233722 -0.139321422 -0.920827528 -0.366893503 -0.138766885 -0.91985483 -0.366893503 -0.138766885 -0.91985483 -0.366893503 -0.138766885 -0.91985483 -0.366893503 -0.138766885 -0.91985483 -0.366893503 -0.138766885 -0.91985483 -0.366893503 -0.138766885 -0.91985483 -0.583871763 0.808851856 -0.0696594567 -0.583871763 0.808851856 -0.0696594567 -0.583871763 0.808851856 -0.0696594567 -0.584382359 0.808420837 -0.0703776137 -0.584382359 0.808420837 -0.0703776137 -0.584382359 0.808420837 -0.0703776137 -0.584417571 0.808432772 -0.0699468027 -0.584417571 0.808432772 -0.0699468027 -0.584417571 0.808432772 -0.0699468027 -0.584741189 0.808173143 -0.0702418185 -0.584741189 0.808173143 -0.0702418185 -0.584741189 0.808173143 -0.0702418185 -0.584692922 0.808156716 -0.0708301515 -0.584692922 0.808156716 -0.0708301515 -0.584692922 0.808156716 -0.0708301515 -0.584326475 0.80844566 -0.070556257 -0.584326475 0.80844566 -0.070556257 -0.584326475 0.80844566 -0.070556257 -0.584219671 0.808407945 -0.0718607771 -0.584219671 0.808407945 -0.0718607771 -0.584219671 0.808407945 -0.0718607771 -0.584233561 0.808397022 -0.0718707235 -0.584233561 0.808397022 -0.0718707235 -0.584233561 0.808397022 -0.0718707235 -0.58397823 0.808304285 -0.074924029 -0.58397823 0.808304285 -0.074924029 -0.58397823 0.808304285 -0.074924029 -0.583974505 0.808307198 -0.074921635 -0.583974505 0.808307198 -0.074921635 -0.583974505 0.808307198 -0.074921635 -0.583929733 0.808290047 -0.0754537396 -0.583929733 0.808290047 -0.0754537396 -0.583929733 0.808290047 -0.0754537396 -0.584371054 0.807948938 -0.075690064 -0.584371054 0.807948938 -0.075690064 -0.584371054 0.807948938 -0.075690064 -0.584306348 0.807923698 -0.0764551465 -0.584306348 0.807923698 -0.0764551465 -0.584306348 0.807923698 -0.0764551465 -0.584382943 0.80786458 -0.0764944191 -0.584382943 0.80786458 -0.0764944191 -0.584382943 0.80786458 -0.0764944191 -0.584399421 0.807871235 -0.0762979909 -0.584399421 0.807871235 -0.0762979909 -0.584399421 0.807871235 -0.0762979909 -0.584125732 0.808085185 -0.0761279415 -0.584125732 0.808085185 -0.0761279415 -0.584125732 0.808085185 -0.0761279415 -0.209002621 0.362551694 -0.908225838 -0.209002621 0.362551694 -0.908225838 -0.209002621 0.362551694 -0.908225838 -0.210474055 0.365912491 -0.906536663 -0.210474055 0.365912491 -0.906536663 -0.210474055 0.365912491 -0.906536663 -0.200436947 0.352769412 -0.913990576 -0.200436947 0.352769412 -0.913990576 -0.200436947 0.352769412 -0.913990576 -0.202184074 0.357943942 -0.911590771 -0.202184074 0.357943942 -0.911590771 -0.202184074 0.357943942 -0.911590771 -0.205949701 0.362865983 -0.908797557 -0.205949701 0.362865983 -0.908797557 -0.205949701 0.362865983 -0.908797557 -0.204534953 0.352358792 -0.913240787 -0.204534953 0.352358792 -0.913240787 -0.204534953 0.352358792 -0.913240787 -0.209241812 0.35854616 -0.909759592 -0.209241812 0.35854616 -0.909759592 -0.209241812 0.35854616 -0.909759592 -0.0613132131 0 0.998118575 -0.0613132131 0 0.998118575 -0.0613132131 0 0.998118575 -0.0614893903 0.000542966831 0.998107589 -0.0614893903 0.000542966831 0.998107589 -0.0614893903 0.000542966831 0.998107589 -0.0622351344 -6.22422441e-16 0.998061515 -0.0622351344 -6.22422441e-16 0.998061515 -0.0622351344 -6.22422441e-16 0.998061515 -0.0614893903 -0.000542966831 0.998107589 -0.0614893903 -0.000542966831 0.998107589 -0.0614893903 -0.000542966831 0.998107589 -0.0613132131 0 0.998118575 -0.0613132131 0 0.998118575 -0.0613132131 0 0.998118575 0.588749413 0.80831125 0.0026553318 0.588749413 0.80831125 0.0026553318 0.588749413 0.80831125 0.0026553318 0.588577373 0.808437256 0.00242477323 0.588577373 0.808437256 0.00242477323 0.588577373 0.808437256 0.00242477323 0.588598662 0.808423131 0.0019118608 0.588598662 0.808423131 0.0019118608 0.588598662 0.808423131 0.0019118608 0.588938807 0.808174602 0.00221227262 0.588938807 0.808174602 0.00221227262 0.588938807 0.808174602 0.00221227262 0.588954947 0.808163812 0.00182315061 0.588954947 0.808163812 0.00182315061 0.588954947 0.808163812 0.00182315061 0.587871223 0.808953867 0.00103280299 0.587871223 0.808953867 0.00103280299 0.587871223 0.808953867 0.00103280299 0.587909516 0.80892669 0.000104099928 0.587909516 0.80892669 0.000104099928 0.587909516 0.80892669 0.000104099928 0.588624117 0.808406634 0.00060336997 0.588624117 0.808406634 0.00060336997 0.588624117 0.808406634 0.00060336997 0.588745021 0.80831511 -0.00244582414 0.588745021 0.80831511 -0.00244582414 0.588745021 0.80831511 -0.00244582414 0.588703395 0.808345349 -0.00247201107 0.588703395 0.808345349 -0.00247201107 0.588703395 0.808345349 -0.00247201107 0.588753209 0.808304195 -0.00373990126 0.588753209 0.808304195 -0.00373990126 0.588753209 0.808304195 -0.00373990126 0.589197566 0.807981394 -0.00350646911 0.589197566 0.807981394 -0.00350646911 0.589197566 0.807981394 -0.00350646911 0.589228532 0.807954969 -0.00430174791 0.589228532 0.807954969 -0.00430174791 0.589228532 0.807954969 -0.00430174791 0.589238652 0.807947616 -0.00429665408 0.589238652 0.807947616 -0.00429665408 0.589238652 0.807947616 -0.00429665408 0.589226237 0.807958331 -0.00397202016 0.589226237 0.807958331 -0.00397202016 0.589226237 0.807958331 -0.00397202016 0.589015846 0.808111085 -0.0040996964 0.589015846 0.808111085 -0.0040996964 0.589015846 0.808111085 -0.0040996964 0.316413161 0.361195349 -0.877166251 0.316413161 0.361195349 -0.877166251 0.316413161 0.361195349 -0.877166251 0.318997533 0.36346838 -0.875289273 0.318997533 0.36346838 -0.875289273 0.318997533 0.36346838 -0.875289273 0.316826206 0.360310388 -0.877381091 0.316826206 0.360310388 -0.877381091 0.316826206 0.360310388 -0.877381091 0.308566079 0.354287903 -0.882761042 0.308566079 0.354287903 -0.882761042 0.308566079 0.354287903 -0.882761042 0.308566443 0.354288428 -0.882760704 0.308566443 0.354288428 -0.882760704 0.308566443 0.354288428 -0.882760704 0.326575506 0.362673676 -0.872820854 0.326575506 0.362673676 -0.872820854 0.326575506 0.362673676 -0.872820854 0.317722959 0.349687313 -0.881346075 0.317722959 0.349687313 -0.881346075 0.317722959 0.349687313 -0.881346075 0.950928015 -0.308496658 0.0237849251 0.950928015 -0.308496658 0.0237849251 0.950928015 -0.308496658 0.0237849251 0.950558567 -0.309550514 0.0248372638 0.950558567 -0.309550514 0.0248372638 0.950558567 -0.309550514 0.0248372638 0.950559132 -0.309550328 0.0248179513 0.950559132 -0.309550328 0.0248179513 0.950559132 -0.309550328 0.0248179513 0.951022558 -0.308193323 0.0239367916 0.951022558 -0.308193323 0.0239367916 0.951022558 -0.308193323 0.0239367916 0.951032166 -0.308189882 0.0235969704 0.951032166 -0.308189882 0.0235969704 0.951032166 -0.308189882 0.0235969704 0.950871567 -0.308665712 0.0238483113 0.950871567 -0.308665712 0.0238483113 0.950871567 -0.308665712 0.0238483113 0.950902137 -0.308654089 0.0227547622 0.950902137 -0.308654089 0.0227547622 0.950902137 -0.308654089 0.0227547622 0.951207757 -0.307744501 0.0222962902 0.951207757 -0.307744501 0.0222962902 0.951207757 -0.307744501 0.0222962902 0.951264328 -0.307721859 0.0200857144 0.951264328 -0.307721859 0.0200857144 0.951264328 -0.307721859 0.0200857144 0.950864612 -0.308919441 0.0206220482 0.950864612 -0.308919441 0.0206220482 0.950864612 -0.308919441 0.0206220482 0.950920422 -0.308890142 0.0183638379 0.950920422 -0.308890142 0.0183638379 0.950920422 -0.308890142 0.0183638379 0.950937422 -0.308838912 0.0183451846 0.950937422 -0.308838912 0.0183451846 0.950937422 -0.308838912 0.0183451846 0.950957182 -0.308827994 0.0174845299 0.950957182 -0.308827994 0.0174845299 0.950957182 -0.308827994 0.0174845299 0.950675837 -0.309676247 0.0177784989 0.950675837 -0.309676247 0.0177784989 0.950675837 -0.309676247 0.0177784989 0.950664996 -0.309681606 0.0182583601 0.950664996 -0.309681606 0.0182583601 0.950664996 -0.309681606 0.0182583601 0.950982965 -0.30872778 0.0178481799 0.950982965 -0.30872778 0.0178481799 0.950982965 -0.30872778 0.0178481799 0.479362183 -0.137041144 -0.866851557 0.479362183 -0.137041144 -0.866851557 0.479362183 -0.137041144 -0.866851557 0.47973584 -0.13728041 -0.866606954 0.47973584 -0.13728041 -0.866606954 0.47973584 -0.13728041 -0.866606954 0.471684874 -0.134585965 -0.871435596 0.471684874 -0.134585965 -0.871435596 0.471684874 -0.134585965 -0.871435596 0.48060304 -0.141553639 -0.865438204 0.48060304 -0.141553639 -0.865438204 0.48060304 -0.141553639 -0.865438204 0.474356132 -0.139440444 -0.869219548 0.474356132 -0.139440444 -0.869219548 0.474356132 -0.139440444 -0.869219548 0.468779939 -0.133056455 -0.873236135 0.468779939 -0.133056455 -0.873236135 0.468779939 -0.133056455 -0.873236135 0.473756567 -0.134767124 -0.870283022 0.473756567 -0.134767124 -0.870283022 0.473756567 -0.134767124 -0.870283022 0.00208955365 -0.999436196 -0.0335100599 0.00208955365 -0.999436196 -0.0335100599 0.00208955365 -0.999436196 -0.0335100599 0.00207850512 -0.999436539 -0.0335005117 0.00207850512 -0.999436539 -0.0335005117 0.00207850512 -0.999436539 -0.0335005117 0.00209930253 -0.999425203 -0.033835716 0.00209930253 -0.999425203 -0.033835716 0.00209930253 -0.999425203 -0.033835716 0.00208654324 -0.999425471 -0.0338286153 0.00208654324 -0.999425471 -0.0338286153 0.00208654324 -0.999425471 -0.0338286153 0.00212615407 -0.999403443 -0.034470816 0.00212615407 -0.999403443 -0.034470816 0.00212615407 -0.999403443 -0.034470816 0.00214242717 -0.999403157 -0.0344781058 0.00214242717 -0.999403157 -0.0344781058 0.00214242717 -0.999403157 -0.0344781058 0.00226469697 -0.999333065 -0.0364457952 0.00226469697 -0.999333065 -0.0364457952 0.00226469697 -0.999333065 -0.0364457952 0.00227822243 -0.999332824 -0.0364515589 0.00227822243 -0.999332824 -0.0364515589 0.00227822243 -0.999332824 -0.0364515589 0.00238406685 -0.999269368 -0.0381450696 0.00238406685 -0.999269368 -0.0381450696 0.00238406685 -0.999269368 -0.0381450696 0.00235744638 -0.999269812 -0.0381350936 0.00235744638 -0.999269812 -0.0381350936 0.00235744638 -0.999269812 -0.0381350936 0.00248674934 -0.999187482 -0.0402267553 0.00248674934 -0.999187482 -0.0402267553 0.00248674934 -0.999187482 -0.0402267553 0.002481975 -0.999187551 -0.0402253264 0.002481975 -0.999187551 -0.0402253264 0.002481975 -0.999187551 -0.0402253264 0.00248401208 -0.999186217 -0.0402583412 0.00248401208 -0.999186217 -0.0402583412 0.00248401208 -0.999186217 -0.0402583412 0.00254262761 -0.999185403 -0.0402748773 0.00254262761 -0.999185403 -0.0402748773 0.00254262761 -0.999185403 -0.0402748773 0.00255185158 -0.999179479 -0.0404209836 0.00255185158 -0.999179479 -0.0404209836 0.00255185158 -0.999179479 -0.0404209836 0.00245108606 -0.999181193 -0.0403848543 0.00245108606 -0.999181193 -0.0403848543 0.00245108606 -0.999181193 -0.0403848543 0.0541209184 -0.449353739 -0.891713039 0.0541209184 -0.449353739 -0.891713039 0.0541209184 -0.449353739 -0.891713039 0.0549670324 -0.44625855 -0.893214382 0.0549670324 -0.44625855 -0.893214382 0.0549670324 -0.44625855 -0.893214382 0.0554043312 -0.431686669 -0.900320487 0.0554043312 -0.431686669 -0.900320487 0.0554043312 -0.431686669 -0.900320487 0.0517768608 -0.441497798 -0.895767186 0.0517768608 -0.441497798 -0.895767186 0.0517768608 -0.441497798 -0.895767186 0.0517669548 -0.441846505 -0.895595806 0.0517669548 -0.441846505 -0.895595806 0.0517669548 -0.441846505 -0.895595806 0.0514558046 -0.442363847 -0.895358324 0.0514558046 -0.442363847 -0.895358324 0.0514558046 -0.442363847 -0.895358324 0.0513045796 -0.447667814 -0.892726928 0.0513045796 -0.447667814 -0.892726928 0.0513045796 -0.447667814 -0.892726928 -0.946791041 -0.308476996 -0.0918077799 -0.946791041 -0.308476996 -0.0918077799 -0.946791041 -0.308476996 -0.0918077799 -0.946316397 -0.309592259 -0.0929403611 -0.946316397 -0.309592259 -0.0929403611 -0.946316397 -0.309592259 -0.0929403611 -0.94634021 -0.309594871 -0.0926888494 -0.94634021 -0.309594871 -0.0926888494 -0.94634021 -0.309594871 -0.0926888494 -0.946853534 -0.308279474 -0.0918267418 -0.946853534 -0.308279474 -0.0918267418 -0.946853534 -0.308279474 -0.0918267418 -0.946719671 -0.308265415 -0.0932432202 -0.946719671 -0.308265415 -0.0932432202 -0.946719671 -0.308265415 -0.0932432202 -0.947063632 -0.30735384 -0.0927582596 -0.947063632 -0.30735384 -0.0927582596 -0.947063632 -0.30735384 -0.0927582596 -0.946923833 -0.307337668 -0.0942274475 -0.946923833 -0.307337668 -0.0942274475 -0.946923833 -0.307337668 -0.0942274475 -0.946750548 -0.307799192 -0.0944619338 -0.946750548 -0.307799192 -0.0944619338 -0.946750548 -0.307799192 -0.0944619338 -0.946534826 -0.307774263 -0.0966789831 -0.946534826 -0.307774263 -0.0966789831 -0.946534826 -0.307774263 -0.0966789831 -0.946149415 -0.308810708 -0.0971454124 -0.946149415 -0.308810708 -0.0971454124 -0.946149415 -0.308810708 -0.0971454124 -0.946067435 -0.308799934 -0.0979745307 -0.946067435 -0.308799934 -0.0979745307 -0.946067435 -0.308799934 -0.0979745307 -0.946046912 -0.308856256 -0.0979951737 -0.946046912 -0.308856256 -0.0979951737 -0.946046912 -0.308856256 -0.0979951737 -0.945957092 -0.308845196 -0.0988930007 -0.945957092 -0.308845196 -0.0988930007 -0.945957092 -0.308845196 -0.0988930007 -0.945696445 -0.309562587 -0.0991425172 -0.945696445 -0.309562587 -0.0991425172 -0.945696445 -0.309562587 -0.0991425172 -0.945732971 -0.309567712 -0.0987774227 -0.945732971 -0.309567712 -0.0987774227 -0.945732971 -0.309567712 -0.0987774227 -0.946109012 -0.308556661 -0.0983388208 -0.946109012 -0.308556661 -0.0983388208 -0.946109012 -0.308556661 -0.0983388208 -0.37517181 -0.138311198 -0.916578489 -0.37517181 -0.138311198 -0.916578489 -0.37517181 -0.138311198 -0.916578489 -0.370283796 -0.137966303 -0.918615921 -0.370283796 -0.137966303 -0.918615921 -0.370283796 -0.137966303 -0.918615921 -0.363413341 -0.135811712 -0.921675606 -0.363413341 -0.135811712 -0.921675606 -0.363413341 -0.135811712 -0.921675606 -0.353445345 -0.135969974 -0.925520693 -0.353445345 -0.135969974 -0.925520693 -0.353445345 -0.135969974 -0.925520693 -0.364233363 -0.139321439 -0.920827668 -0.364233363 -0.139321439 -0.920827668 -0.364233363 -0.139321439 -0.920827668 -0.36689399 -0.138766726 -0.91985466 -0.36689399 -0.138766726 -0.91985466 -0.36689399 -0.138766726 -0.91985466 -0.368740836 -0.139332204 -0.919030322 -0.368740836 -0.139332204 -0.919030322 -0.368740836 -0.139332204 -0.919030322 -0.584626853 0.808304216 -0.0696831197 -0.584626853 0.808304216 -0.0696831197 -0.584626853 0.808304216 -0.0696831197 -0.584458238 0.808446567 -0.0694457795 -0.584458238 0.808446567 -0.0694457795 -0.584458238 0.808446567 -0.0694457795 -0.584417432 0.80843288 -0.0699467188 -0.584417432 0.80843288 -0.0699467188 -0.584417432 0.80843288 -0.0699467188 -0.584741137 0.808173181 -0.0702418137 -0.584741137 0.808173181 -0.0702418137 -0.584741137 0.808173181 -0.0702418137 -0.584692864 0.808156751 -0.0708302206 -0.584692864 0.808156751 -0.0708302206 -0.584692864 0.808156751 -0.0708302206 -0.584326249 0.808445829 -0.0705562002 -0.584326249 0.808445829 -0.0705562002 -0.584326249 0.808445829 -0.0705562002 -0.584219445 0.808408114 -0.0718607142 -0.584219445 0.808408114 -0.0718607142 -0.584219445 0.808408114 -0.0718607142 -0.584233583 0.808396996 -0.0718708386 -0.584233583 0.808396996 -0.0718708386 -0.584233583 0.808396996 -0.0718708386 -0.58397826 0.808304261 -0.0749240485 -0.58397826 0.808304261 -0.0749240485 -0.58397826 0.808304261 -0.0749240485 -0.583974367 0.808307306 -0.0749215464 -0.583974367 0.808307306 -0.0749215464 -0.583974367 0.808307306 -0.0749215464 -0.583929594 0.808290154 -0.0754536651 -0.583929594 0.808290154 -0.0754536651 -0.583929594 0.808290154 -0.0754536651 -0.584371176 0.807948843 -0.0756901293 -0.584371176 0.807948843 -0.0756901293 -0.584371176 0.807948843 -0.0756901293 -0.584306472 0.807923605 -0.0764551893 -0.584306472 0.807923605 -0.0764551893 -0.584306472 0.807923605 -0.0764551893 -0.584382848 0.807864655 -0.0764943499 -0.584382848 0.807864655 -0.0764943499 -0.584382848 0.807864655 -0.0764943499 -0.584399328 0.807871311 -0.0762979031 -0.584399328 0.807871311 -0.0762979031 -0.584399328 0.807871311 -0.0762979031 -0.584125954 0.808085014 -0.0761280493 -0.584125954 0.808085014 -0.0761280493 -0.584125954 0.808085014 -0.0761280493 -0.209002224 0.362550963 -0.908226222 -0.209002224 0.362550963 -0.908226222 -0.209002224 0.362550963 -0.908226222 -0.210473944 0.365912416 -0.906536719 -0.210473944 0.365912416 -0.906536719 -0.210473944 0.365912416 -0.906536719 -0.200437078 0.352769652 -0.913990454 -0.200437078 0.352769652 -0.913990454 -0.200437078 0.352769652 -0.913990454 -0.20218404 0.35794369 -0.911590878 -0.20218404 0.35794369 -0.911590878 -0.20218404 0.35794369 -0.911590878 -0.205950033 0.362866207 -0.908797392 -0.205950033 0.362866207 -0.908797392 -0.205950033 0.362866207 -0.908797392 -0.204535411 0.352360009 -0.913240215 -0.204535411 0.352360009 -0.913240215 -0.204535411 0.352360009 -0.913240215 -0.206248528 0.354612678 -0.911982123 -0.206248528 0.354612678 -0.911982123 -0.206248528 0.354612678 -0.911982123 -0.0613132131 0 0.998118575 -0.0613132131 0 0.998118575 -0.0613132131 0 0.998118575 -0.0614895694 0.00054351915 0.998107578 -0.0614895694 0.00054351915 0.998107578 -0.0614895694 0.00054351915 0.998107578 -0.0622351344 -6.23205275e-16 0.998061515 -0.0622351344 -6.23205275e-16 0.998061515 -0.0622351344 -6.23205275e-16 0.998061515 -0.0614895694 -0.00054351915 0.998107578 -0.0614895694 -0.00054351915 0.998107578 -0.0614895694 -0.00054351915 0.998107578 -0.0613132131 0 0.998118575 -0.0613132131 0 0.998118575 -0.0613132131 0 0.998118575 0.588749404 0.808311257 0.00265555984 0.588749404 0.808311257 0.00265555984 0.588749404 0.808311257 0.00265555984 0.588577363 0.808437262 0.00242500129 0.588577363 0.808437262 0.00242500129 0.588577363 0.808437262 0.00242500129 0.588598662 0.808423131 0.0019118608 0.588598662 0.808423131 0.0019118608 0.588598662 0.808423131 0.0019118608 0.588938807 0.808174602 0.00221227262 0.588938807 0.808174602 0.00221227262 0.588938807 0.808174602 0.00221227262 0.588954947 0.808163812 0.00182315061 0.588954947 0.808163812 0.00182315061 0.588954947 0.808163812 0.00182315061 0.587871223 0.808953867 0.00103280299 0.587871223 0.808953867 0.00103280299 0.587871223 0.808953867 0.00103280299 0.587909522 0.808926686 0.000103949926 0.587909522 0.808926686 0.000103949926 0.587909522 0.808926686 0.000103949926 0.588624123 0.808406629 0.000603219996 0.588624123 0.808406629 0.000603219996 0.588624123 0.808406629 0.000603219996 0.588745021 0.80831511 -0.00244582414 0.588745021 0.80831511 -0.00244582414 0.588745021 0.80831511 -0.00244582414 0.588703395 0.808345349 -0.00247201107 0.588703395 0.808345349 -0.00247201107 0.588703395 0.808345349 -0.00247201107 0.588753203 0.8083042 -0.00373975947 0.588753203 0.8083042 -0.00373975947 0.588753203 0.8083042 -0.00373975947 0.589197229 0.80798164 -0.00350650188 0.589197229 0.80798164 -0.00350650188 0.589197229 0.80798164 -0.00350650188 0.589228194 0.807955216 -0.00430175633 0.589228194 0.807955216 -0.00430175633 0.589228194 0.807955216 -0.00430175633 0.589238252 0.807947907 -0.00429669327 0.589238252 0.807947907 -0.00429669327 0.589238252 0.807947907 -0.00429669327 0.589225836 0.807958623 -0.00397203013 0.589225836 0.807958623 -0.00397203013 0.589225836 0.807958623 -0.00397203013 0.587167532 0.809448604 -0.00521981285 0.587167532 0.809448604 -0.00521981285 0.587167532 0.809448604 -0.00521981285 0.315904487 0.362295611 -0.876895801 0.315904487 0.362295611 -0.876895801 0.315904487 0.362295611 -0.876895801 0.321720466 0.367430742 -0.872634283 0.321720466 0.367430742 -0.872634283 0.321720466 0.367430742 -0.872634283 0.316827027 0.360310986 -0.877380549 0.316827027 0.360310986 -0.877380549 0.316827027 0.360310986 -0.877380549 0.308564855 0.354287009 -0.882761828 0.308564855 0.354287009 -0.882761828 0.308564855 0.354287009 -0.882761828 0.308566202 0.354288956 -0.882760576 0.308566202 0.354288956 -0.882760576 0.308566202 0.354288956 -0.882760576 0.326576156 0.362674631 -0.872820214 0.326576156 0.362674631 -0.872820214 0.326576156 0.362674631 -0.872820214 0.317722326 0.349686385 -0.881346672 0.317722326 0.349686385 -0.881346672 0.317722326 0.349686385 -0.881346672 0.950900617 -0.308581392 0.0237810947 0.950900617 -0.308581392 0.0237810947 0.950900617 -0.308581392 0.0237810947 0.950529486 -0.309639769 0.024837673 0.950529486 -0.309639769 0.024837673 0.950529486 -0.309639769 0.024837673 0.950530181 -0.30963954 0.02481391 0.950530181 -0.30963954 0.02481391 0.950530181 -0.30963954 0.02481391 0.950991441 -0.308289283 0.0239373778 0.950991441 -0.308289283 0.0239373778 0.950991441 -0.308289283 0.0239373778 0.951001191 -0.308285789 0.0235925387 0.951001191 -0.308285789 0.0235925387 0.951001191 -0.308285789 0.0235925387 0.950837238 -0.308771395 0.023848964 0.950837238 -0.308771395 0.023848964 0.950837238 -0.308771395 0.023848964 0.95086797 -0.308759707 0.022749678 0.95086797 -0.308759707 0.022749678 0.95086797 -0.308759707 0.022749678 0.951169789 -0.307861764 0.0222972306 0.951169789 -0.307861764 0.0222972306 0.951169789 -0.307861764 0.0222972306 0.951225096 -0.307839664 0.020138463 0.951225096 -0.307839664 0.020138463 0.951225096 -0.307839664 0.020138463 0.950864612 -0.308919441 0.0206220482 0.950864612 -0.308919441 0.0206220482 0.950864612 -0.308919441 0.0206220482 0.950920424 -0.308890142 0.0183637836 0.950920424 -0.308890142 0.0183637836 0.950920424 -0.308890142 0.0183637836 0.950937423 -0.308838912 0.0183451304 0.950937423 -0.308838912 0.0183451304 0.950937423 -0.308838912 0.0183451304 0.95095718 -0.308827994 0.0174845907 0.95095718 -0.308827994 0.0174845907 0.95095718 -0.308827994 0.0174845907 0.950675896 -0.309676067 0.0177784969 0.950675896 -0.309676067 0.0177784969 0.950675896 -0.309676067 0.0177784969 0.950665055 -0.309681425 0.0182583693 0.950665055 -0.309681425 0.0182583693 0.950665055 -0.309681425 0.0182583693 0.950983033 -0.308727573 0.0178481777 0.950983033 -0.308727573 0.0178481777 0.950983033 -0.308727573 0.0178481777 0.479361847 -0.137040929 -0.866851777 0.479361847 -0.137040929 -0.866851777 0.479361847 -0.137040929 -0.866851777 0.479736284 -0.137280694 -0.866606663 0.479736284 -0.137280694 -0.866606663 0.479736284 -0.137280694 -0.866606663 0.471684768 -0.134586063 -0.871435638 0.471684768 -0.134586063 -0.871435638 0.471684768 -0.134586063 -0.871435638 0.480602613 -0.141553494 -0.865438465 0.480602613 -0.141553494 -0.865438465 0.480602613 -0.141553494 -0.865438465 0.474356555 -0.139440587 -0.869219294 0.474356555 -0.139440587 -0.869219294 0.474356555 -0.139440587 -0.869219294 0.468779849 -0.133056027 -0.873236249 0.468779849 -0.133056027 -0.873236249 0.468779849 -0.133056027 -0.873236249 0.473756883 -0.13476683 -0.870282895 0.473756883 -0.13476683 -0.870282895 0.473756883 -0.13476683 -0.870282895 0.00208955365 -0.999436196 -0.0335100599 0.00208955365 -0.999436196 -0.0335100599 0.00208955365 -0.999436196 -0.0335100599 0.00207850512 -0.999436539 -0.0335005117 0.00207850512 -0.999436539 -0.0335005117 0.00207850512 -0.999436539 -0.0335005117 0.00209929034 -0.99942521 -0.0338355195 0.00209929034 -0.99942521 -0.0338355195 0.00209929034 -0.99942521 -0.0338355195 0.00208653113 -0.999425477 -0.0338284189 0.00208653113 -0.999425477 -0.0338284189 0.00208653113 -0.999425477 -0.0338284189 0.00212615407 -0.999403443 -0.034470816 0.00212615407 -0.999403443 -0.034470816 0.00212615407 -0.999403443 -0.034470816 0.00214242717 -0.999403157 -0.0344781058 0.00214242717 -0.999403157 -0.0344781058 0.00214242717 -0.999403157 -0.0344781058 0.00226469697 -0.999333065 -0.0364457952 0.00226469697 -0.999333065 -0.0364457952 0.00226469697 -0.999333065 -0.0364457952 0.00227822243 -0.999332824 -0.0364515589 0.00227822243 -0.999332824 -0.0364515589 0.00227822243 -0.999332824 -0.0364515589 0.00237222336 -0.999276612 -0.0379555738 0.00237222336 -0.999276612 -0.0379555738 0.00237222336 -0.999276612 -0.0379555738 0.00234573513 -0.999277051 -0.0379456472 0.00234573513 -0.999277051 -0.0379456472 0.00234573513 -0.999277051 -0.0379456472 0.00248676016 -0.999187475 -0.0402269304 0.00248676016 -0.999187475 -0.0402269304 0.00248676016 -0.999187475 -0.0402269304 0.00248198581 -0.999187544 -0.0402255014 0.00248198581 -0.999187544 -0.0402255014 0.00248198581 -0.999187544 -0.0402255014 0.00248399997 -0.999186225 -0.040258145 0.00248399997 -0.999186225 -0.040258145 0.00248399997 -0.999186225 -0.040258145 0.00254261522 -0.999185411 -0.0402746809 0.00254261522 -0.999185411 -0.0402746809 0.00254261522 -0.999185411 -0.0402746809 0.00255185158 -0.999179479 -0.0404209836 0.00255185158 -0.999179479 -0.0404209836 0.00255185158 -0.999179479 -0.0404209836 0.00245108606 -0.999181193 -0.0403848543 0.00245108606 -0.999181193 -0.0403848543 0.00245108606 -0.999181193 -0.0403848543 0.0541209636 -0.449352255 -0.891713784 0.0541209636 -0.449352255 -0.891713784 0.0541209636 -0.449352255 -0.891713784 0.0549670777 -0.446257071 -0.893215118 0.0549670777 -0.446257071 -0.893215118 0.0549670777 -0.446257071 -0.893215118 0.0554043312 -0.431686669 -0.900320487 0.0554043312 -0.431686669 -0.900320487 0.0554043312 -0.431686669 -0.900320487 0.0517768608 -0.441497798 -0.895767186 0.0517768608 -0.441497798 -0.895767186 0.0517768608 -0.441497798 -0.895767186 0.0517669137 -0.441847952 -0.895595095 0.0517669137 -0.441847952 -0.895595095 0.0517669137 -0.441847952 -0.895595095 0.0514557636 -0.442365294 -0.895357611 0.0514557636 -0.442365294 -0.895357611 0.0514557636 -0.442365294 -0.895357611 0.0513045796 -0.447667814 -0.892726928 0.0513045796 -0.447667814 -0.892726928 0.0513045796 -0.447667814 -0.892726928 -0.94676378 -0.308561769 -0.0918040265 -0.94676378 -0.308561769 -0.0918040265 -0.94676378 -0.308561769 -0.0918040265 -0.946287159 -0.309681478 -0.0929408197 -0.946287159 -0.309681478 -0.0929408197 -0.946287159 -0.309681478 -0.0929408197 -0.946311404 -0.309684138 -0.0926847473 -0.946311404 -0.309684138 -0.0926847473 -0.946311404 -0.309684138 -0.0926847473 -0.946822245 -0.308375406 -0.0918272581 -0.946822245 -0.308375406 -0.0918272581 -0.946822245 -0.308375406 -0.0918272581 -0.946688849 -0.308361392 -0.093238804 -0.946688849 -0.308361392 -0.093238804 -0.946688849 -0.308361392 -0.093238804 -0.947029395 -0.307459109 -0.0927589419 -0.947029395 -0.307459109 -0.0927589419 -0.947029395 -0.307459109 -0.0927589419 -0.94689014 -0.307442994 -0.0942224374 -0.94689014 -0.307442994 -0.0942224374 -0.94689014 -0.307442994 -0.0942224374 -0.94671234 -0.307916402 -0.0944628751 -0.94671234 -0.307916402 -0.0944628751 -0.94671234 -0.307916402 -0.0944628751 -0.946497279 -0.307891539 -0.0966731666 -0.946497279 -0.307891539 -0.0966731666 -0.946497279 -0.307891539 -0.0966731666 -0.946155167 -0.308811459 -0.0970869831 -0.946155167 -0.308811459 -0.0970869831 -0.946155167 -0.308811459 -0.0970869831 -0.94606743 -0.308799934 -0.0979745847 -0.94606743 -0.308799934 -0.0979745847 -0.94606743 -0.308799934 -0.0979745847 -0.946046906 -0.308856255 -0.0979952277 -0.946046906 -0.308856255 -0.0979952277 -0.946046906 -0.308856255 -0.0979952277 -0.945957092 -0.308845196 -0.0988930007 -0.945957092 -0.308845196 -0.0988930007 -0.945957092 -0.308845196 -0.0988930007 -0.94569651 -0.309562408 -0.0991424546 -0.94569651 -0.309562408 -0.0991424546 -0.94569651 -0.309562408 -0.0991424546 -0.945733029 -0.309567531 -0.0987774318 -0.945733029 -0.309567531 -0.0987774318 -0.945733029 -0.309567531 -0.0987774318 -0.94610908 -0.308556454 -0.0983388185 -0.94610908 -0.308556454 -0.0983388185 -0.94610908 -0.308556454 -0.0983388185 -0.375172225 -0.138311227 -0.916578314 -0.375172225 -0.138311227 -0.916578314 -0.375172225 -0.138311227 -0.916578314 -0.370283237 -0.137966263 -0.918616152 -0.370283237 -0.137966263 -0.918616152 -0.370283237 -0.137966263 -0.918616152 -0.363412938 -0.135811719 -0.921675764 -0.363412938 -0.135811719 -0.921675764 -0.363412938 -0.135811719 -0.921675764 -0.353445345 -0.135969974 -0.925520693 -0.353445345 -0.135969974 -0.925520693 -0.353445345 -0.135969974 -0.925520693 -0.364233363 -0.139321439 -0.920827668 -0.364233363 -0.139321439 -0.920827668 -0.364233363 -0.139321439 -0.920827668 -0.36689479 -0.138766559 -0.919854366 -0.36689479 -0.138766559 -0.919854366 -0.36689479 -0.138766559 -0.919854366 -0.368741183 -0.139331897 -0.919030229 -0.368741183 -0.139331897 -0.919030229 -0.368741183 -0.139331897 -0.919030229 -0.584626871 0.808304222 -0.0696828922 -0.584626871 0.808304222 -0.0696828922 -0.584626871 0.808304222 -0.0696828922 -0.584458257 0.808446573 -0.069445552 -0.584458257 0.808446573 -0.069445552 -0.584458257 0.808446573 -0.069445552 -0.584417432 0.80843288 -0.0699467188 -0.584417432 0.80843288 -0.0699467188 -0.584417432 0.80843288 -0.0699467188 -0.584741137 0.808173181 -0.0702418137 -0.584741137 0.808173181 -0.0702418137 -0.584741137 0.808173181 -0.0702418137 -0.584692864 0.808156751 -0.0708302206 -0.584692864 0.808156751 -0.0708302206 -0.584692864 0.808156751 -0.0708302206 -0.584326249 0.808445829 -0.0705562002 -0.584326249 0.808445829 -0.0705562002 -0.584326249 0.808445829 -0.0705562002 -0.584219432 0.808408109 -0.0718608638 -0.584219432 0.808408109 -0.0718608638 -0.584219432 0.808408109 -0.0718608638 -0.584233571 0.808396991 -0.0718709881 -0.584233571 0.808396991 -0.0718709881 -0.584233571 0.808396991 -0.0718709881 -0.58397826 0.808304261 -0.0749240485 -0.58397826 0.808304261 -0.0749240485 -0.58397826 0.808304261 -0.0749240485 -0.583974367 0.808307306 -0.0749215464 -0.583974367 0.808307306 -0.0749215464 -0.583974367 0.808307306 -0.0749215464 -0.583929594 0.808290154 -0.0754536651 -0.583929594 0.808290154 -0.0754536651 -0.583929594 0.808290154 -0.0754536651 -0.58437085 0.807949095 -0.0756899551 -0.58437085 0.807949095 -0.0756899551 -0.58437085 0.807949095 -0.0756899551 -0.584306133 0.807923851 -0.0764551808 -0.584306133 0.807923851 -0.0764551808 -0.584306133 0.807923851 -0.0764551808 -0.584382449 0.807864947 -0.0764943106 -0.584382449 0.807864947 -0.0764943106 -0.584382449 0.807864947 -0.0764943106 -0.584320596 0.807839768 -0.0772292109 -0.584320596 0.807839768 -0.0772292109 -0.584320596 0.807839768 -0.0772292109 -0.582246427 0.809457676 -0.0759432011 -0.582246427 0.809457676 -0.0759432011 -0.582246427 0.809457676 -0.0759432011 -0.210786161 0.366625771 -0.906175887 -0.210786161 0.366625771 -0.906175887 -0.210786161 0.366625771 -0.906175887 -0.210473366 0.365911096 -0.906537386 -0.210473366 0.365911096 -0.906537386 -0.210473366 0.365911096 -0.906537386 -0.200436747 0.352768673 -0.913990905 -0.200436747 0.352768673 -0.913990905 -0.200436747 0.352768673 -0.913990905 -0.20218454 0.357945172 -0.911590185 -0.20218454 0.357945172 -0.911590185 -0.20218454 0.357945172 -0.911590185 -0.205950169 0.362867223 -0.908796955 -0.205950169 0.362867223 -0.908796955 -0.205950169 0.362867223 -0.908796955 -0.204535411 0.352360009 -0.913240215 -0.204535411 0.352360009 -0.913240215 -0.204535411 0.352360009 -0.913240215 -0.206247804 0.354611727 -0.911982657 -0.206247804 0.354611727 -0.911982657 -0.206247804 0.354611727 -0.911982657 -0.0613132131 0 0.998118575 -0.0613132131 0 0.998118575 -0.0613132131 0 0.998118575 -0.0614896293 0.000543703683 0.998107574 -0.0614896293 0.000543703683 0.998107574 -0.0614896293 0.000543703683 0.998107574 -0.0622351344 -6.23466933e-16 0.998061515 -0.0622351344 -6.23466933e-16 0.998061515 -0.0622351344 -6.23466933e-16 0.998061515 -0.0614896293 -0.000543703683 0.998107574 -0.0614896293 -0.000543703683 0.998107574 -0.0614896293 -0.000543703683 0.998107574 -0.0613132131 0 0.998118575 -0.0613132131 0 0.998118575 -0.0613132131 0 0.998118575 0.588749423 0.808311244 0.00265510375 0.588749423 0.808311244 0.00265510375 0.588749423 0.808311244 0.00265510375 0.588577749 0.808436981 0.00242503674 0.588577749 0.808436981 0.00242503674 0.588577749 0.808436981 0.00242503674 0.588599049 0.80842285 0.00191187255 0.588599049 0.80842285 0.00191187255 0.588599049 0.80842285 0.00191187255 0.588111283 0.808778662 0.00148132451 0.588111283 0.808778662 0.00148132451 0.588111283 0.808778662 0.00148132451 0.588098233 0.808787511 0.00179718606 0.588098233 0.808787511 0.00179718606 0.588098233 0.808787511 0.00179718606 0.587847442 0.808970196 0.00161447247 0.587847442 0.808970196 0.00161447247 0.587847442 0.808970196 0.00161447247 0.587935024 0.808907997 -0.000510129436 0.587935024 0.808907997 -0.000510129436 0.587935024 0.808907997 -0.000510129436 0.588648921 0.808388797 -1.10601015e-05 0.588648921 0.808388797 -1.10601015e-05 0.588648921 0.808388797 -1.10601015e-05 0.588721099 0.80833416 -0.00183136283 0.588721099 0.80833416 -0.00183136283 0.588721099 0.80833416 -0.00183136283 0.588678925 0.808364814 -0.0018578755 0.588678925 0.808364814 -0.0018578755 0.588678925 0.808364814 -0.0018578755 0.588753203 0.8083042 -0.00373975947 0.588753203 0.8083042 -0.00373975947 0.588753203 0.8083042 -0.00373975947 0.589197229 0.80798164 -0.00350650188 0.589197229 0.80798164 -0.00350650188 0.589197229 0.80798164 -0.00350650188 0.589228206 0.807955205 -0.00430207415 0.589228206 0.807955205 -0.00430207415 0.589228206 0.807955205 -0.00430207415 0.589239052 0.807947324 -0.00429661489 0.589239052 0.807947324 -0.00429661489 0.589239052 0.807947324 -0.00429661489 0.58922662 0.807958054 -0.00397155421 0.58922662 0.807958054 -0.00397155421 0.58922662 0.807958054 -0.00397155421 0.587166627 0.809449257 -0.00522036079 0.587166627 0.809449257 -0.00522036079 0.587166627 0.809449257 -0.00522036079 0.315904239 0.36229615 -0.876895668 0.315904239 0.36229615 -0.876895668 0.315904239 0.36229615 -0.876895668 0.321721807 0.367432695 -0.872632966 0.321721807 0.367432695 -0.872632966 0.321721807 0.367432695 -0.872632966 0.316827027 0.360310986 -0.877380549 0.316827027 0.360310986 -0.877380549 0.316827027 0.360310986 -0.877380549 0.308564855 0.354287009 -0.882761828 0.308564855 0.354287009 -0.882761828 0.308564855 0.354287009 -0.882761828 0.308564891 0.354287061 -0.882761795 0.308564891 0.354287061 -0.882761795 0.308564891 0.354287061 -0.882761795 0.326574856 0.362672722 -0.872821494 0.326574856 0.362672722 -0.872821494 0.326574856 0.362672722 -0.872821494 0.317723593 0.349688241 -0.881345478 0.317723593 0.349688241 -0.881345478 0.317723593 0.349688241 -0.881345478 0.950900613 -0.308581393 0.023781269 0.950900613 -0.308581393 0.023781269 0.950900613 -0.308581393 0.023781269 0.950529481 -0.30963977 0.0248378478 0.950529481 -0.30963977 0.0248378478 0.950529481 -0.30963977 0.0248378478 0.950530185 -0.309639539 0.0248137881 0.950530185 -0.309639539 0.0248137881 0.950530185 -0.309639539 0.0248137881 0.95099138 -0.30828947 0.0239373789 0.95099138 -0.30828947 0.0239373789 0.95099138 -0.30828947 0.0239373789 0.95100113 -0.308285976 0.02359253 0.95100113 -0.308285976 0.02359253 0.95100113 -0.308285976 0.02359253 0.950837171 -0.308771602 0.0238489652 0.950837171 -0.308771602 0.0238489652 0.950837171 -0.308771602 0.0238489652 0.950867903 -0.308759913 0.0227496681 0.950867903 -0.308759913 0.0227496681 0.950867903 -0.308759913 0.0227496681 0.951011215 -0.308333977 0.0225350327 0.951011215 -0.308333977 0.0225350327 0.951011215 -0.308333977 0.0225350327 0.951073482 -0.308309256 0.0201155174 0.951073482 -0.308309256 0.0201155174 0.951073482 -0.308309256 0.0201155174 0.950870647 -0.308916465 0.0203870149 0.950870647 -0.308916465 0.0203870149 0.950870647 -0.308916465 0.0203870149 0.950920424 -0.308890142 0.0183637836 0.950920424 -0.308890142 0.0183637836 0.950920424 -0.308890142 0.0183637836 0.950937423 -0.308838912 0.0183451304 0.950937423 -0.308838912 0.0183451304 0.950937423 -0.308838912 0.0183451304 0.95095718 -0.308827994 0.0174845907 0.95095718 -0.308827994 0.0174845907 0.95095718 -0.308827994 0.0174845907 0.950675775 -0.30967643 0.0177786227 0.950675775 -0.30967643 0.0177786227 0.950675775 -0.30967643 0.0177786227 0.950664938 -0.309681787 0.0182583509 0.950664938 -0.309681787 0.0182583509 0.950664938 -0.309681787 0.0182583509 0.950983037 -0.308727571 0.0178480033 0.950983037 -0.308727571 0.0178480033 0.950983037 -0.308727571 0.0178480033 0.479361847 -0.137040929 -0.866851777 0.479361847 -0.137040929 -0.866851777 0.479361847 -0.137040929 -0.866851777 0.479736284 -0.137280694 -0.866606663 0.479736284 -0.137280694 -0.866606663 0.479736284 -0.137280694 -0.866606663 0.471685578 -0.134586334 -0.871435158 0.471685578 -0.134586334 -0.871435158 0.471685578 -0.134586334 -0.871435158 0.480602522 -0.141553043 -0.865438589 0.480602522 -0.141553043 -0.865438589 0.480602522 -0.141553043 -0.865438589 0.474356044 -0.139440001 -0.869219667 0.474356044 -0.139440001 -0.869219667 0.474356044 -0.139440001 -0.869219667 0.468780846 -0.133057164 -0.873235541 0.468780846 -0.133057164 -0.873235541 0.468780846 -0.133057164 -0.873235541 0.473756251 -0.134767418 -0.870283148 0.473756251 -0.134767418 -0.870283148 0.473756251 -0.134767418 -0.870283148 0.00208951851 -0.999436215 -0.0335094963 0.00208951851 -0.999436215 -0.0335094963 0.00208951851 -0.999436215 -0.0335094963 0.00207847016 -0.999436558 -0.0334999483 0.00207847016 -0.999436558 -0.0334999483 0.00207847016 -0.999436558 -0.0334999483 0.00209931472 -0.999425197 -0.0338359125 0.00209931472 -0.999425197 -0.0338359125 0.00209931472 -0.999425197 -0.0338359125 0.00208655536 -0.999425464 -0.0338288117 0.00208655536 -0.999425464 -0.0338288117 0.00208655536 -0.999425464 -0.0338288117 0.00212615407 -0.999403443 -0.034470816 0.00212615407 -0.999403443 -0.034470816 0.00212615407 -0.999403443 -0.034470816 0.00214242717 -0.999403157 -0.0344781058 0.00214242717 -0.999403157 -0.0344781058 0.00214242717 -0.999403157 -0.0344781058 0.00226469697 -0.999333065 -0.0364457952 0.00226469697 -0.999333065 -0.0364457952 0.00226469697 -0.999333065 -0.0364457952 0.00227822243 -0.999332824 -0.0364515589 0.00227822243 -0.999332824 -0.0364515589 0.00227822243 -0.999332824 -0.0364515589 0.00237222336 -0.999276612 -0.0379555738 0.00237222336 -0.999276612 -0.0379555738 0.00237222336 -0.999276612 -0.0379555738 0.00234573513 -0.999277051 -0.0379456472 0.00234573513 -0.999277051 -0.0379456472 0.00234573513 -0.999277051 -0.0379456472 0.00248676016 -0.999187475 -0.0402269304 0.00248676016 -0.999187475 -0.0402269304 0.00248676016 -0.999187475 -0.0402269304 0.00248198581 -0.999187544 -0.0402255014 0.00248198581 -0.999187544 -0.0402255014 0.00248198581 -0.999187544 -0.0402255014 0.00248399997 -0.999186225 -0.040258145 0.00248399997 -0.999186225 -0.040258145 0.00248399997 -0.999186225 -0.040258145 0.00254261522 -0.999185411 -0.0402746809 0.00254261522 -0.999185411 -0.0402746809 0.00254261522 -0.999185411 -0.0402746809 0.00255185158 -0.999179479 -0.0404209836 0.00255185158 -0.999179479 -0.0404209836 0.00255185158 -0.999179479 -0.0404209836 0.00245108606 -0.999181193 -0.0403848543 0.00245108606 -0.999181193 -0.0403848543 0.00245108606 -0.999181193 -0.0403848543 0.0541209636 -0.449352255 -0.891713784 0.0541209636 -0.449352255 -0.891713784 0.0541209636 -0.449352255 -0.891713784 0.0549670777 -0.446257071 -0.893215118 0.0549670777 -0.446257071 -0.893215118 0.0549670777 -0.446257071 -0.893215118 0.0554042472 -0.431689527 -0.900319122 0.0554042472 -0.431689527 -0.900319122 0.0554042472 -0.431689527 -0.900319122 0.0517767787 -0.441500691 -0.895765765 0.0517767787 -0.441500691 -0.895765765 0.0517767787 -0.441500691 -0.895765765 0.0517669959 -0.441845059 -0.895596518 0.0517669959 -0.441845059 -0.895596518 0.0517669959 -0.441845059 -0.895596518 0.0514558456 -0.442362399 -0.895359036 0.0514558456 -0.442362399 -0.895359036 0.0514558456 -0.442362399 -0.895359036 0.0513045796 -0.447667814 -0.892726928 0.0513045796 -0.447667814 -0.892726928 0.0513045796 -0.447667814 -0.892726928 -0.946763796 -0.308561771 -0.091803853 -0.946763796 -0.308561771 -0.091803853 -0.946763796 -0.308561771 -0.091803853 -0.946287175 -0.30968148 -0.0929406454 -0.946287175 -0.30968148 -0.0929406454 -0.946287175 -0.30968148 -0.0929406454 -0.946311404 -0.309684138 -0.0926847473 -0.946311404 -0.309684138 -0.0926847473 -0.946311404 -0.309684138 -0.0926847473 -0.946822172 -0.308375593 -0.0918273803 -0.946822172 -0.308375593 -0.0918273803 -0.946822172 -0.308375593 -0.0918273803 -0.946688789 -0.308361579 -0.0932387953 -0.946688789 -0.308361579 -0.0932387953 -0.946688789 -0.308361579 -0.0932387953 -0.947029328 -0.307459315 -0.0927589432 -0.947029328 -0.307459315 -0.0927589432 -0.947029328 -0.307459315 -0.0927589432 -0.946912349 -0.307445806 -0.0939897795 -0.946912349 -0.307445806 -0.0939897795 -0.946912349 -0.307445806 -0.0939897795 -0.946559071 -0.308386089 -0.094466633 -0.946559071 -0.308386089 -0.094466633 -0.946559071 -0.308386089 -0.094466633 -0.946323668 -0.308358775 -0.0968833419 -0.946323668 -0.308358775 -0.0968833419 -0.946323668 -0.308358775 -0.0968833419 -0.946155167 -0.308811459 -0.0970869831 -0.946155167 -0.308811459 -0.0970869831 -0.946155167 -0.308811459 -0.0970869831 -0.94606743 -0.308799934 -0.0979745847 -0.94606743 -0.308799934 -0.0979745847 -0.94606743 -0.308799934 -0.0979745847 -0.946046906 -0.308856255 -0.0979952277 -0.946046906 -0.308856255 -0.0979952277 -0.946046906 -0.308856255 -0.0979952277 -0.945957104 -0.308845198 -0.0988928796 -0.945957104 -0.308845198 -0.0988928796 -0.945957104 -0.308845198 -0.0988928796 -0.945696392 -0.309562769 -0.0991424584 -0.945696392 -0.309562769 -0.0991424584 -0.945696392 -0.309562769 -0.0991424584 -0.945732895 -0.309567891 -0.0987775877 -0.945732895 -0.309567891 -0.0987775877 -0.945732895 -0.309567891 -0.0987775877 -0.94610908 -0.308556454 -0.0983388185 -0.94610908 -0.308556454 -0.0983388185 -0.94610908 -0.308556454 -0.0983388185 -0.375172225 -0.138311227 -0.916578314 -0.375172225 -0.138311227 -0.916578314 -0.375172225 -0.138311227 -0.916578314 -0.370283237 -0.137966263 -0.918616152 -0.370283237 -0.137966263 -0.918616152 -0.370283237 -0.137966263 -0.918616152 -0.363412938 -0.135811719 -0.921675764 -0.363412938 -0.135811719 -0.921675764 -0.363412938 -0.135811719 -0.921675764 -0.353446576 -0.135969956 -0.925520226 -0.353446576 -0.135969956 -0.925520226 -0.353446576 -0.135969956 -0.925520226 -0.364234155 -0.139321274 -0.92082738 -0.364234155 -0.139321274 -0.92082738 -0.364234155 -0.139321274 -0.92082738 -0.366893191 -0.138766893 -0.919854954 -0.366893191 -0.138766893 -0.919854954 -0.366893191 -0.138766893 -0.919854954 -0.368740489 -0.139332512 -0.919030415 -0.368740489 -0.139332512 -0.919030415 -0.368740489 -0.139332512 -0.919030415 -0.584626871 0.808304222 -0.0696828922 -0.584626871 0.808304222 -0.0696828922 -0.584626871 0.808304222 -0.0696828922 -0.584458605 0.808446279 -0.0694460423 -0.584458605 0.808446279 -0.0694460423 -0.584458605 0.808446279 -0.0694460423 -0.584364623 0.808414525 -0.0705970559 -0.584364623 0.808414525 -0.0705970559 -0.584364623 0.808414525 -0.0705970559 -0.583887679 0.808796868 -0.0701626923 -0.583887679 0.808796868 -0.0701626923 -0.583887679 0.808796868 -0.0701626923 -0.583882624 0.808795157 -0.0702244632 -0.583882624 0.808795157 -0.0702244632 -0.583882624 0.808795157 -0.0702244632 -0.584326708 0.808445493 -0.070556243 -0.584326708 0.808445493 -0.070556243 -0.584326708 0.808445493 -0.070556243 -0.584169383 0.808389582 -0.0724735536 -0.584169383 0.808389582 -0.0724735536 -0.584169383 0.808389582 -0.0724735536 -0.584182822 0.808379008 -0.0724831701 -0.584182822 0.808379008 -0.0724831701 -0.584182822 0.808379008 -0.0724831701 -0.584029919 0.808323473 -0.0743116122 -0.584029919 0.808323473 -0.0743116122 -0.584029919 0.808323473 -0.0743116122 -0.584025707 0.808326766 -0.0743089027 -0.584025707 0.808326766 -0.0743089027 -0.584025707 0.808326766 -0.0743089027 -0.583929594 0.808290154 -0.0754536651 -0.583929594 0.808290154 -0.0754536651 -0.583929594 0.808290154 -0.0754536651 -0.58437085 0.807949095 -0.0756899551 -0.58437085 0.807949095 -0.0756899551 -0.58437085 0.807949095 -0.0756899551 -0.584306133 0.807923851 -0.0764551808 -0.584306133 0.807923851 -0.0764551808 -0.584306133 0.807923851 -0.0764551808 -0.584383221 0.807864352 -0.0764947062 -0.584383221 0.807864352 -0.0764947062 -0.584383221 0.807864352 -0.0764947062 -0.58432136 0.807839169 -0.0772296854 -0.58432136 0.807839169 -0.0772296854 -0.58432136 0.807839169 -0.0772296854 -0.582245545 0.809458361 -0.0759426551 -0.582245545 0.809458361 -0.0759426551 -0.582245545 0.809458361 -0.0759426551 -0.21078704 0.366627781 -0.906174869 -0.21078704 0.366627781 -0.906174869 -0.21078704 0.366627781 -0.906174869 -0.210473366 0.365911096 -0.906537386 -0.210473366 0.365911096 -0.906537386 -0.210473366 0.365911096 -0.906537386 -0.200436747 0.352768673 -0.913990905 -0.200436747 0.352768673 -0.913990905 -0.200436747 0.352768673 -0.913990905 -0.20218454 0.357945172 -0.911590185 -0.20218454 0.357945172 -0.911590185 -0.20218454 0.357945172 -0.911590185 -0.205948706 0.362865312 -0.90879805 -0.205948706 0.362865312 -0.90879805 -0.205948706 0.362865312 -0.90879805 -0.204533984 0.352358131 -0.913241259 -0.204533984 0.352358131 -0.913241259 -0.204533984 0.352358131 -0.913241259 -0.206249251 0.354613629 -0.91198159 -0.206249251 0.354613629 -0.91198159 -0.206249251 0.354613629 -0.91198159 -0.0613132131 0 0.998118575 -0.0613132131 0 0.998118575 -0.0613132131 0 0.998118575 -0.0614896293 0.000543703683 0.998107574 -0.0614896293 0.000543703683 0.998107574 -0.0614896293 0.000543703683 0.998107574 -0.0622351344 -6.23466933e-16 0.998061515 -0.0622351344 -6.23466933e-16 0.998061515 -0.0622351344 -6.23466933e-16 0.998061515 -0.0614896293 -0.000543703683 0.998107574 -0.0614896293 -0.000543703683 0.998107574 -0.0614896293 -0.000543703683 0.998107574 -0.0613132131 0 0.998118575 -0.0613132131 0 0.998118575 -0.0613132131 0 0.998118575</float_array><technique_common><accessor source="#part1-normals-array" count="2520" stride="3"><param name="X" type="float" /><param name="Y" type="float" /><param name="Z" type="float" /></accessor></technique_common></source><vertices id="part1-vertices"><input semantic="POSITION" source="#part1-positions" /></vertices><triangles count="840" material="material"><input semantic="VERTEX" source="#part1-vertices" offset="0" /><input semantic="NORMAL" source="#part1-normals" offset="0" /><p>0 1 2 3 4 5 6 7 8 9 10 11 12 13 14 15 16 17 18 19 20 21 22 23 24 25 26 27 28 29 30 31 32 33 34 35 36 37 38 39 40 41 42 43 44 45 46 47 48 49 50 51 52 53 54 55 56 57 58 59 60 61 62 63 64 65 66 67 68 69 70 71 72 73 74 75 76 77 78 79 80 81 82 83 84 85 86 87 88 89 90 91 92 93 94 95 96 97 98 99 100 101 102 103 104 105 106 107 108 109 110 111 112 113 114 115 116 117 118 119 120 121 122 123 124 125 126 127 128 129 130 131 132 133 134 135 136 137 138 139 140 141 142 143 144 145 146 147 148 149 150 151 152 153 154 155 156 157 158 159 160 161 162 163 164 165 166 167 168 169 170 171 172 173 174 175 176 177 178 179 180 181 182 183 184 185 186 187 188 189 190 191 192 193 194 195 196 197 198 199 200 201 202 203 204 205 206 207 208 209 210 211 212 213 214 215 216 217 218 219 220 221 222 223 224 225 226 227 228 229 230 231 232 233 234 235 236 237 238 239 240 241 242 243 244 245 246 247 248 249 250 251 252 253 254 255 256 257 258 259 260 261 262 263 264 265 266 267 268 269 270 271 272 273 274 275 276 277 278 279 280 281 282 283 284 285 286 287 288 289 290 291 292 293 294 295 296 297 298 299 300 301 302 303 304 305 306 307 308 309 310 311 312 313 314 315 316 317 318 319 320 321 322 323 324 325 326 327 328 329 330 331 332 333 334 335 336 337 338 339 340 341 342 343 344 345 346 347 348 349 350 351 352 353 354 355 356 357 358 359 360 361 362 363 364 365 366 367 368 369 370 371 372 373 374 375 376 377 378 379 380 381 382 383 384 385 386 387 388 389 390 391 392 393 394 395 396 397 398 399 400 401 402 403 404 405 406 407 408 409 410 411 412 413 414 415 416 417 418 419 420 421 422 423 424 425 426 427 428 429 430 431 432 433 434 435 436 437 438 439 440 441 442 443 444 445 446 447 448 449 450 451 452 453 454 455 456 457 458 459 460 461 462 463 464 465 466 467 468 469 470 471 472 473 474 475 476 477 478 479 480 481 482 483 484 485 486 487 488 489 490 491 492 493 494 495 496 497 498 499 500 501 502 503 504 505 506 507 508 509 510 511 512 513 514 515 516 517 518 519 520 521 522 523 524 525 526 527 528 529 530 531 532 533 534 535 536 537 538 539 540 541 542 543 544 545 546 547 548 549 550 551 552 553 554 555 556 557 558 559 560 561 562 563 564 565 566 567 568 569 570 571 572 573 574 575 576 577 578 579 580 581 582 583 584 585 586 587 588 589 590 591 592 593 594 595 596 597 598 599 600 601 602 603 604 605 606 607 608 609 610 611 612 613 614 615 616 617 618 619 620 621 622 623 624 625 626 627 628 629 630 631 632 633 634 635 636 637 638 639 640 641 642 643 644 645 646 647 648 649 650 651 652 653 654 655 656 657 658 659 660 661 662 663 664 665 666 667 668 669 670 671 672 673 674 675 676 677 678 679 680 681 682 683 684 685 686 687 688 689 690 691 692 693 694 695 696 697 698 699 700 701 702 703 704 705 706 707 708 709 710 711 712 713 714 715 716 717 718 719 720 721 722 723 724 725 726 727 728 729 730 731 732 733 734 735 736 737 738 739 740 741 742 743 744 745 746 747 748 749 750 751 752 753 754 755 756 757 758 759 760 761 762 763 764 765 766 767 768 769 770 771 772 773 774 775 776 777 778 779 780 781 782 783 784 785 786 787 788 789 790 791 792 793 794 795 796 797 798 799 800 801 802 803 804 805 806 807 808 809 810 811 812 813 814 815 816 817 818 819 820 821 822 823 824 825 826 827 828 829 830 831 832 833 834 835 836 837 838 839 840 841 842 843 844 845 846 847 848 849 850 851 852 853 854 855 856 857 858 859 860 861 862 863 864 865 866 867 868 869 870 871 872 873 874 875 876 877 878 879 880 881 882 883 884 885 886 887 888 889 890 891 892 893 894 895 896 897 898 899 900 901 902 903 904 905 906 907 908 909 910 911 912 913 914 915 916 917 918 919 920 921 922 923 924 925 926 927 928 929 930 931 932 933 934 935 936 937 938 939 940 941 942 943 944 945 946 947 948 949 950 951 952 953 954 955 956 957 958 959 960 961 962 963 964 965 966 967 968 969 970 971 972 973 974 975 976 977 978 979 980 981 982 983 984 985 986 987 988 989 990 991 992 993 994 995 996 997 998 999 1000 1001 1002 1003 1004 1005 1006 1007 1008 1009 1010 1011 1012 1013 1014 1015 1016 1017 1018 1019 1020 1021 1022 1023 1024 1025 1026 1027 1028 1029 1030 1031 1032 1033 1034 1035 1036 1037 1038 1039 1040 1041 1042 1043 1044 1045 1046 1047 1048 1049 1050 1051 1052 1053 1054 1055 1056 1057 1058 1059 1060 1061 1062 1063 1064 1065 1066 1067 1068 1069 1070 1071 1072 1073 1074 1075 1076 1077 1078 1079 1080 1081 1082 1083 1084 1085 1086 1087 1088 1089 1090 1091 1092 1093 1094 1095 1096 1097 1098 1099 1100 1101 1102 1103 1104 1105 1106 1107 1108 1109 1110 1111 1112 1113 1114 1115 1116 1117 1118 1119 1120 1121 1122 1123 1124 1125 1126 1127 1128 1129 1130 1131 1132 1133 1134 1135 1136 1137 1138 1139 1140 1141 1142 1143 1144 1145 1146 1147 1148 1149 1150 1151 1152 1153 1154 1155 1156 1157 1158 1159 1160 1161 1162 1163 1164 1165 1166 1167 1168 1169 1170 1171 1172 1173 1174 1175 1176 1177 1178 1179 1180 1181 1182 1183 1184 1185 1186 1187 1188 1189 1190 1191 1192 1193 1194 1195 1196 1197 1198 1199 1200 1201 1202 1203 1204 1205 1206 1207 1208 1209 1210 1211 1212 1213 1214 1215 1216 1217 1218 1219 1220 1221 1222 1223 1224 1225 1226 1227 1228 1229 1230 1231 1232 1233 1234 1235 1236 1237 1238 1239 1240 1241 1242 1243 1244 1245 1246 1247 1248 1249 1250 1251 1252 1253 1254 1255 1256 1257 1258 1259 1260 1261 1262 1263 1264 1265 1266 1267 1268 1269 1270 1271 1272 1273 1274 1275 1276 1277 1278 1279 1280 1281 1282 1283 1284 1285 1286 1287 1288 1289 1290 1291 1292 1293 1294 1295 1296 1297 1298 1299 1300 1301 1302 1303 1304 1305 1306 1307 1308 1309 1310 1311 1312 1313 1314 1315 1316 1317 1318 1319 1320 1321 1322 1323 1324 1325 1326 1327 1328 1329 1330 1331 1332 1333 1334 1335 1336 1337 1338 1339 1340 1341 1342 1343 1344 1345 1346 1347 1348 1349 1350 1351 1352 1353 1354 1355 1356 1357 1358 1359 1360 1361 1362 1363 1364 1365 1366 1367 1368 1369 1370 1371 1372 1373 1374 1375 1376 1377 1378 1379 1380 1381 1382 1383 1384 1385 1386 1387 1388 1389 1390 1391 1392 1393 1394 1395 1396 1397 1398 1399 1400 1401 1402 1403 1404 1405 1406 1407 1408 1409 1410 1411 1412 1413 1414 1415 1416 1417 1418 1419 1420 1421 1422 1423 1424 1425 1426 1427 1428 1429 1430 1431 1432 1433 1434 1435 1436 1437 1438 1439 1440 1441 1442 1443 1444 1445 1446 1447 1448 1449 1450 1451 1452 1453 1454 1455 1456 1457 1458 1459 1460 1461 1462 1463 1464 1465 1466 1467 1468 1469 1470 1471 1472 1473 1474 1475 1476 1477 1478 1479 1480 1481 1482 1483 1484 1485 1486 1487 1488 1489 1490 1491 1492 1493 1494 1495 1496 1497 1498 1499 1500 1501 1502 1503 1504 1505 1506 1507 1508 1509 1510 1511 1512 1513 1514 1515 1516 1517 1518 1519 1520 1521 1522 1523 1524 1525 1526 1527 1528 1529 1530 1531 1532 1533 1534 1535 1536 1537 1538 1539 1540 1541 1542 1543 1544 1545 1546 1547 1548 1549 1550 1551 1552 1553 1554 1555 1556 1557 1558 1559 1560 1561 1562 1563 1564 1565 1566 1567 1568 1569 1570 1571 1572 1573 1574 1575 1576 1577 1578 1579 1580 1581 1582 1583 1584 1585 1586 1587 1588 1589 1590 1591 1592 1593 1594 1595 1596 1597 1598 1599 1600 1601 1602 1603 1604 1605 1606 1607 1608 1609 1610 1611 1612 1613 1614 1615 1616 1617 1618 1619 1620 1621 1622 1623 1624 1625 1626 1627 1628 1629 1630 1631 1632 1633 1634 1635 1636 1637 1638 1639 1640 1641 1642 1643 1644 1645 1646 1647 1648 1649 1650 1651 1652 1653 1654 1655 1656 1657 1658 1659 1660 1661 1662 1663 1664 1665 1666 1667 1668 1669 1670 1671 1672 1673 1674 1675 1676 1677 1678 1679 1680 1681 1682 1683 1684 1685 1686 1687 1688 1689 1690 1691 1692 1693 1694 1695 1696 1697 1698 1699 1700 1701 1702 1703 1704 1705 1706 1707 1708 1709 1710 1711 1712 1713 1714 1715 1716 1717 1718 1719 1720 1721 1722 1723 1724 1725 1726 1727 1728 1729 1730 1731 1732 1733 1734 1735 1736 1737 1738 1739 1740 1741 1742 1743 1744 1745 1746 1747 1748 1749 1750 1751 1752 1753 1754 1755 1756 1757 1758 1759 1760 1761 1762 1763 1764 1765 1766 1767 1768 1769 1770 1771 1772 1773 1774 1775 1776 1777 1778 1779 1780 1781 1782 1783 1784 1785 1786 1787 1788 1789 1790 1791 1792 1793 1794 1795 1796 1797 1798 1799 1800 1801 1802 1803 1804 1805 1806 1807 1808 1809 1810 1811 1812 1813 1814 1815 1816 1817 1818 1819 1820 1821 1822 1823 1824 1825 1826 1827 1828 1829 1830 1831 1832 1833 1834 1835 1836 1837 1838 1839 1840 1841 1842 1843 1844 1845 1846 1847 1848 1849 1850 1851 1852 1853 1854 1855 1856 1857 1858 1859 1860 1861 1862 1863 1864 1865 1866 1867 1868 1869 1870 1871 1872 1873 1874 1875 1876 1877 1878 1879 1880 1881 1882 1883 1884 1885 1886 1887 1888 1889 1890 1891 1892 1893 1894 1895 1896 1897 1898 1899 1900 1901 1902 1903 1904 1905 1906 1907 1908 1909 1910 1911 1912 1913 1914 1915 1916 1917 1918 1919 1920 1921 1922 1923 1924 1925 1926 1927 1928 1929 1930 1931 1932 1933 1934 1935 1936 1937 1938 1939 1940 1941 1942 1943 1944 1945 1946 1947 1948 1949 1950 1951 1952 1953 1954 1955 1956 1957 1958 1959 1960 1961 1962 1963 1964 1965 1966 1967 1968 1969 1970 1971 1972 1973 1974 1975 1976 1977 1978 1979 1980 1981 1982 1983 1984 1985 1986 1987 1988 1989 1990 1991 1992 1993 1994 1995 1996 1997 1998 1999 2000 2001 2002 2003 2004 2005 2006 2007 2008 2009 2010 2011 2012 2013 2014 2015 2016 2017 2018 2019 2020 2021 2022 2023 2024 2025 2026 2027 2028 2029 2030 2031 2032 2033 2034 2035 2036 2037 2038 2039 2040 2041 2042 2043 2044 2045 2046 2047 2048 2049 2050 2051 2052 2053 2054 2055 2056 2057 2058 2059 2060 2061 2062 2063 2064 2065 2066 2067 2068 2069 2070 2071 2072 2073 2074 2075 2076 2077 2078 2079 2080 2081 2082 2083 2084 2085 2086 2087 2088 2089 2090 2091 2092 2093 2094 2095 2096 2097 2098 2099 2100 2101 2102 2103 2104 2105 2106 2107 2108 2109 2110 2111 2112 2113 2114 2115 2116 2117 2118 2119 2120 2121 2122 2123 2124 2125 2126 2127 2128 2129 2130 2131 2132 2133 2134 2135 2136 2137 2138 2139 2140 2141 2142 2143 2144 2145 2146 2147 2148 2149 2150 2151 2152 2153 2154 2155 2156 2157 2158 2159 2160 2161 2162 2163 2164 2165 2166 2167 2168 2169 2170 2171 2172 2173 2174 2175 2176 2177 2178 2179 2180 2181 2182 2183 2184 2185 2186 2187 2188 2189 2190 2191 2192 2193 2194 2195 2196 2197 2198 2199 2200 2201 2202 2203 2204 2205 2206 2207 2208 2209 2210 2211 2212 2213 2214 2215 2216 2217 2218 2219 2220 2221 2222 2223 2224 2225 2226 2227 2228 2229 2230 2231 2232 2233 2234 2235 2236 2237 2238 2239 2240 2241 2242 2243 2244 2245 2246 2247 2248 2249 2250 2251 2252 2253 2254 2255 2256 2257 2258 2259 2260 2261 2262 2263 2264 2265 2266 2267 2268 2269 2270 2271 2272 2273 2274 2275 2276 2277 2278 2279 2280 2281 2282 2283 2284 2285 2286 2287 2288 2289 2290 2291 2292 2293 2294 2295 2296 2297 2298 2299 2300 2301 2302 2303 2304 2305 2306 2307 2308 2309 2310 2311 2312 2313 2314 2315 2316 2317 2318 2319 2320 2321 2322 2323 2324 2325 2326 2327 2328 2329 2330 2331 2332 2333 2334 2335 2336 2337 2338 2339 2340 2341 2342 2343 2344 2345 2346 2347 2348 2349 2350 2351 2352 2353 2354 2355 2356 2357 2358 2359 2360 2361 2362 2363 2364 2365 2366 2367 2368 2369 2370 2371 2372 2373 2374 2375 2376 2377 2378 2379 2380 2381 2382 2383 2384 2385 2386 2387 2388 2389 2390 2391 2392 2393 2394 2395 2396 2397 2398 2399 2400 2401 2402 2403 2404 2405 2406 2407 2408 2409 2410 2411 2412 2413 2414 2415 2416 2417 2418 2419 2420 2421 2422 2423 2424 2425 2426 2427 2428 2429 2430 2431 2432 2433 2434 2435 2436 2437 2438 2439 2440 2441 2442 2443 2444 2445 2446 2447 2448 2449 2450 2451 2452 2453 2454 2455 2456 2457 2458 2459 2460 2461 2462 2463 2464 2465 2466 2467 2468 2469 2470 2471 2472 2473 2474 2475 2476 2477 2478 2479 2480 2481 2482 2483 2484 2485 2486 2487 2488 2489 2490 2491 2492 2493 2494 2495 2496 2497 2498 2499 2500 2501 2502 2503 2504 2505 2506 2507 2508 2509 2510 2511 2512 2513 2514 2515 2516 2517 2518 2519</p></triangles></mesh></geometry><geometry id="part2"><mesh><source id="part2-positions"><float_array id="part2-positions-array" count="2268">0.139699683 0 -0.00852058083 0.140429862 0.00616663496 -0.00960503229 0.139699683 0.00684543107 -0.00960503229 0.139699683 0.00684543107 -0.00960503229 0.140429862 0.00616663496 -0.00960503229 0.141089728 0.0117329001 -0.0127502126 0.139699683 0.00684543107 -0.00960503229 0.141089728 0.0117329001 -0.0127502126 0.139699683 0.0130228838 -0.0127502126 0.139699683 0.0130228838 -0.0127502126 0.141089728 0.0117329001 -0.0127502126 0.141614375 0.0161464286 -0.017651203 0.139699683 0.0130228838 -0.0127502126 0.141614375 0.0161464286 -0.017651203 0.139699683 0.0179238743 -0.017651203 0.139699683 0.0179238743 -0.017651203 0.141614375 0.0161464286 -0.017651203 0.141949717 0.0189839872 -0.0238286558 0.139699683 0.0179238743 -0.017651203 0.141949717 0.0189839872 -0.0238286558 0.139699683 0.0210690546 -0.0238286558 0.139699683 0.0210690546 -0.0238286558 0.141949717 0.0189839872 -0.0238286558 0.142066005 0.0199602632 -0.0306740869 0.139699683 0.0210690546 -0.0238286558 0.142066005 0.0199602632 -0.0306740869 0.139699683 0.0221535061 -0.0306740869 0.139699683 0.0221535061 -0.0306740869 0.142066005 0.0199602632 -0.0306740869 0.141949717 0.0189839872 -0.037519518 0.139699683 0.0221535061 -0.0306740869 0.141949717 0.0189839872 -0.037519518 0.139699683 0.0210690546 -0.037519518 0.139699683 0.0210690546 -0.037519518 0.141949717 0.0189839872 -0.037519518 0.141614375 0.0161464286 -0.0436969707 0.139699683 0.0210690546 -0.037519518 0.141614375 0.0161464286 -0.0436969707 0.139699683 0.0179238743 -0.0436969707 0.139699683 0.0179238743 -0.0436969707 0.141614375 0.0161464286 -0.0436969707 0.141089728 0.0117329001 -0.0485979612 0.139699683 0.0179238743 -0.0436969707 0.141089728 0.0117329001 -0.0485979612 0.139699683 0.0130228838 -0.0485979612 0.139699683 0.0130228838 -0.0485979612 0.141089728 0.0117329001 -0.0485979612 0.140429862 0.00616663496 -0.0517431415 0.139699683 0.0130228838 -0.0485979612 0.140429862 0.00616663496 -0.0517431415 0.139699683 0.00684543107 -0.0517431415 0.139699683 0.00684543107 -0.0517431415 0.140429862 0.00616663496 -0.0517431415 0.139699683 0 -0.0528275929 0.139699683 0 -0.00852058083 0.14101671 0.00426749277 -0.00960503229 0.140429862 0.00616663496 -0.00960503229 0.140429862 0.00616663496 -0.00960503229 0.14101671 0.00426749277 -0.00960503229 0.142206632 0.00811918845 -0.0127502126 0.140429862 0.00616663496 -0.00960503229 0.142206632 0.00811918845 -0.0127502126 0.141089728 0.0117329001 -0.0127502126 0.141089728 0.0117329001 -0.0127502126 0.142206632 0.00811918845 -0.0127502126 0.143147752 0.0111758001 -0.017651203 0.141089728 0.0117329001 -0.0127502126 0.143147752 0.0111758001 -0.017651203 0.141614375 0.0161464286 -0.017651203 0.141614375 0.0161464286 -0.017651203 0.143147752 0.0111758001 -0.017651203 0.14375353 0.0131364678 -0.0238286558 0.141614375 0.0161464286 -0.017651203 0.14375353 0.0131364678 -0.0238286558 0.141949717 0.0189839872 -0.0238286558 0.141949717 0.0189839872 -0.0238286558 0.14375353 0.0131364678 -0.0238286558 0.143961766 0.0138125589 -0.0306740869 0.141949717 0.0189839872 -0.0238286558 0.143961766 0.0138125589 -0.0306740869 0.142066005 0.0199602632 -0.0306740869 0.142066005 0.0199602632 -0.0306740869 0.143961766 0.0138125589 -0.0306740869 0.14375353 0.0131364678 -0.037519518 0.142066005 0.0199602632 -0.0306740869 0.14375353 0.0131364678 -0.037519518 0.141949717 0.0189839872 -0.037519518 0.141949717 0.0189839872 -0.037519518 0.14375353 0.0131364678 -0.037519518 0.143147752 0.0111758001 -0.0436969707 0.141949717 0.0189839872 -0.037519518 0.143147752 0.0111758001 -0.0436969707 0.141614375 0.0161464286 -0.0436969707 0.141614375 0.0161464286 -0.0436969707 0.143147752 0.0111758001 -0.0436969707 0.142206632 0.00811918845 -0.0485979612 0.141614375 0.0161464286 -0.0436969707 0.142206632 0.00811918845 -0.0485979612 0.141089728 0.0117329001 -0.0485979612 0.141089728 0.0117329001 -0.0485979612 0.142206632 0.00811918845 -0.0485979612 0.14101671 0.00426749277 -0.0517431415 0.141089728 0.0117329001 -0.0485979612 0.14101671 0.00426749277 -0.0517431415 0.140429862 0.00616663496 -0.0517431415 0.140429862 0.00616663496 -0.0517431415 0.14101671 0.00426749277 -0.0517431415 0.139699683 0 -0.0528275929 0.139699683 0 -0.00852058083 0.141341234 0.00152255923 -0.00960503229 0.14101671 0.00426749277 -0.00960503229 0.14101671 0.00426749277 -0.00960503229 0.141341234 0.00152255923 -0.00960503229 0.142823228 0.00289637814 -0.0127502126 0.14101671 0.00426749277 -0.00960503229 0.142823228 0.00289637814 -0.0127502126 0.142206632 0.00811918845 -0.0127502126 0.142206632 0.00811918845 -0.0127502126 0.142823228 0.00289637814 -0.0127502126 0.143999628 0.00398894279 -0.017651203 0.142206632 0.00811918845 -0.0127502126 0.143999628 0.00398894279 -0.017651203 0.143147752 0.0111758001 -0.017651203 0.143147752 0.0111758001 -0.017651203 0.143999628 0.00398894279 -0.017651203 0.144754146 0.00468666955 -0.0238286558 0.143147752 0.0111758001 -0.017651203 0.144754146 0.00468666955 -0.0238286558 0.14375353 0.0131364678 -0.0238286558 0.14375353 0.0131364678 -0.0238286558 0.144754146 0.00468666955 -0.0238286558 0.14501647 0.00493006283 -0.0306740869 0.14375353 0.0131364678 -0.0238286558 0.14501647 0.00493006283 -0.0306740869 0.143961766 0.0138125589 -0.0306740869 0.143961766 0.0138125589 -0.0306740869 0.14501647 0.00493006283 -0.0306740869 0.144754146 0.00468666955 -0.037519518 0.143961766 0.0138125589 -0.0306740869 0.144754146 0.00468666955 -0.037519518 0.14375353 0.0131364678 -0.037519518 0.14375353 0.0131364678 -0.037519518 0.144754146 0.00468666955 -0.037519518 0.143999628 0.00398894279 -0.0436969707 0.14375353 0.0131364678 -0.037519518 0.143999628 0.00398894279 -0.0436969707 0.143147752 0.0111758001 -0.0436969707 0.143147752 0.0111758001 -0.0436969707 0.143999628 0.00398894279 -0.0436969707 0.142823228 0.00289637814 -0.0485979612 0.143147752 0.0111758001 -0.0436969707 0.142823228 0.00289637814 -0.0485979612 0.142206632 0.00811918845 -0.0485979612 0.142206632 0.00811918845 -0.0485979612 0.142823228 0.00289637814 -0.0485979612 0.141341234 0.00152255923 -0.0517431415 0.142206632 0.00811918845 -0.0485979612 0.141341234 0.00152255923 -0.0517431415 0.14101671 0.00426749277 -0.0517431415 0.14101671 0.00426749277 -0.0517431415 0.141341234 0.00152255923 -0.0517431415 0.139699683 0 -0.0528275929 0.139699683 0 -0.00852058083 0.141341234 -0.00152255923 -0.00960503229 0.141341234 0.00152255923 -0.00960503229 0.141341234 0.00152255923 -0.00960503229 0.141341234 -0.00152255923 -0.00960503229 0.142823228 -0.00289637814 -0.0127502126 0.141341234 0.00152255923 -0.00960503229 0.142823228 -0.00289637814 -0.0127502126 0.142823228 0.00289637814 -0.0127502126 0.142823228 0.00289637814 -0.0127502126 0.142823228 -0.00289637814 -0.0127502126 0.143999628 -0.00398894279 -0.017651203 0.142823228 0.00289637814 -0.0127502126 0.143999628 -0.00398894279 -0.017651203 0.143999628 0.00398894279 -0.017651203 0.143999628 0.00398894279 -0.017651203 0.143999628 -0.00398894279 -0.017651203 0.144754146 -0.00468666955 -0.0238286558 0.143999628 0.00398894279 -0.017651203 0.144754146 -0.00468666955 -0.0238286558 0.144754146 0.00468666955 -0.0238286558 0.144754146 0.00468666955 -0.0238286558 0.144754146 -0.00468666955 -0.0238286558 0.14501647 -0.00493006283 -0.0306740869 0.144754146 0.00468666955 -0.0238286558 0.14501647 -0.00493006283 -0.0306740869 0.14501647 0.00493006283 -0.0306740869 0.14501647 0.00493006283 -0.0306740869 0.14501647 -0.00493006283 -0.0306740869 0.144754146 -0.00468666955 -0.037519518 0.14501647 0.00493006283 -0.0306740869 0.144754146 -0.00468666955 -0.037519518 0.144754146 0.00468666955 -0.037519518 0.144754146 0.00468666955 -0.037519518 0.144754146 -0.00468666955 -0.037519518 0.143999628 -0.00398894279 -0.0436969707 0.144754146 0.00468666955 -0.037519518 0.143999628 -0.00398894279 -0.0436969707 0.143999628 0.00398894279 -0.0436969707 0.143999628 0.00398894279 -0.0436969707 0.143999628 -0.00398894279 -0.0436969707 0.142823228 -0.00289637814 -0.0485979612 0.143999628 0.00398894279 -0.0436969707 0.142823228 -0.00289637814 -0.0485979612 0.142823228 0.00289637814 -0.0485979612 0.142823228 0.00289637814 -0.0485979612 0.142823228 -0.00289637814 -0.0485979612 0.141341234 -0.00152255923 -0.0517431415 0.142823228 0.00289637814 -0.0485979612 0.141341234 -0.00152255923 -0.0517431415 0.141341234 0.00152255923 -0.0517431415 0.141341234 0.00152255923 -0.0517431415 0.141341234 -0.00152255923 -0.0517431415 0.139699683 0 -0.0528275929 0.139699683 0 -0.00852058083 0.14101671 -0.00426749277 -0.00960503229 0.141341234 -0.00152255923 -0.00960503229 0.141341234 -0.00152255923 -0.00960503229 0.14101671 -0.00426749277 -0.00960503229 0.142206632 -0.00811918845 -0.0127502126 0.141341234 -0.00152255923 -0.00960503229 0.142206632 -0.00811918845 -0.0127502126 0.142823228 -0.00289637814 -0.0127502126 0.142823228 -0.00289637814 -0.0127502126 0.142206632 -0.00811918845 -0.0127502126 0.143147752 -0.0111758001 -0.017651203 0.142823228 -0.00289637814 -0.0127502126 0.143147752 -0.0111758001 -0.017651203 0.143999628 -0.00398894279 -0.017651203 0.143999628 -0.00398894279 -0.017651203 0.143147752 -0.0111758001 -0.017651203 0.14375353 -0.0131364678 -0.0238286558 0.143999628 -0.00398894279 -0.017651203 0.14375353 -0.0131364678 -0.0238286558 0.144754146 -0.00468666955 -0.0238286558 0.144754146 -0.00468666955 -0.0238286558 0.14375353 -0.0131364678 -0.0238286558 0.143961766 -0.0138125589 -0.0306740869 0.144754146 -0.00468666955 -0.0238286558 0.143961766 -0.0138125589 -0.0306740869 0.14501647 -0.00493006283 -0.0306740869 0.14501647 -0.00493006283 -0.0306740869 0.143961766 -0.0138125589 -0.0306740869 0.14375353 -0.0131364678 -0.037519518 0.14501647 -0.00493006283 -0.0306740869 0.14375353 -0.0131364678 -0.037519518 0.144754146 -0.00468666955 -0.037519518 0.144754146 -0.00468666955 -0.037519518 0.14375353 -0.0131364678 -0.037519518 0.143147752 -0.0111758001 -0.0436969707 0.144754146 -0.00468666955 -0.037519518 0.143147752 -0.0111758001 -0.0436969707 0.143999628 -0.00398894279 -0.0436969707 0.143999628 -0.00398894279 -0.0436969707 0.143147752 -0.0111758001 -0.0436969707 0.142206632 -0.00811918845 -0.0485979612 0.143999628 -0.00398894279 -0.0436969707 0.142206632 -0.00811918845 -0.0485979612 0.142823228 -0.00289637814 -0.0485979612 0.142823228 -0.00289637814 -0.0485979612 0.142206632 -0.00811918845 -0.0485979612 0.14101671 -0.00426749277 -0.0517431415 0.142823228 -0.00289637814 -0.0485979612 0.14101671 -0.00426749277 -0.0517431415 0.141341234 -0.00152255923 -0.0517431415 0.141341234 -0.00152255923 -0.0517431415 0.14101671 -0.00426749277 -0.0517431415 0.139699683 0 -0.0528275929 0.139699683 0 -0.00852058083 0.140429862 -0.00616663496 -0.00960503229 0.14101671 -0.00426749277 -0.00960503229 0.14101671 -0.00426749277 -0.00960503229 0.140429862 -0.00616663496 -0.00960503229 0.141089728 -0.0117329001 -0.0127502126 0.14101671 -0.00426749277 -0.00960503229 0.141089728 -0.0117329001 -0.0127502126 0.142206632 -0.00811918845 -0.0127502126 0.142206632 -0.00811918845 -0.0127502126 0.141089728 -0.0117329001 -0.0127502126 0.141614375 -0.0161464286 -0.017651203 0.142206632 -0.00811918845 -0.0127502126 0.141614375 -0.0161464286 -0.017651203 0.143147752 -0.0111758001 -0.017651203 0.143147752 -0.0111758001 -0.017651203 0.141614375 -0.0161464286 -0.017651203 0.141949717 -0.0189839872 -0.0238286558 0.143147752 -0.0111758001 -0.017651203 0.141949717 -0.0189839872 -0.0238286558 0.14375353 -0.0131364678 -0.0238286558 0.14375353 -0.0131364678 -0.0238286558 0.141949717 -0.0189839872 -0.0238286558 0.142066005 -0.0199602632 -0.0306740869 0.14375353 -0.0131364678 -0.0238286558 0.142066005 -0.0199602632 -0.0306740869 0.143961766 -0.0138125589 -0.0306740869 0.143961766 -0.0138125589 -0.0306740869 0.142066005 -0.0199602632 -0.0306740869 0.141949717 -0.0189839872 -0.037519518 0.143961766 -0.0138125589 -0.0306740869 0.141949717 -0.0189839872 -0.037519518 0.14375353 -0.0131364678 -0.037519518 0.14375353 -0.0131364678 -0.037519518 0.141949717 -0.0189839872 -0.037519518 0.141614375 -0.0161464286 -0.0436969707 0.14375353 -0.0131364678 -0.037519518 0.141614375 -0.0161464286 -0.0436969707 0.143147752 -0.0111758001 -0.0436969707 0.143147752 -0.0111758001 -0.0436969707 0.141614375 -0.0161464286 -0.0436969707 0.141089728 -0.0117329001 -0.0485979612 0.143147752 -0.0111758001 -0.0436969707 0.141089728 -0.0117329001 -0.0485979612 0.142206632 -0.00811918845 -0.0485979612 0.142206632 -0.00811918845 -0.0485979612 0.141089728 -0.0117329001 -0.0485979612 0.140429862 -0.00616663496 -0.0517431415 0.142206632 -0.00811918845 -0.0485979612 0.140429862 -0.00616663496 -0.0517431415 0.14101671 -0.00426749277 -0.0517431415 0.14101671 -0.00426749277 -0.0517431415 0.140429862 -0.00616663496 -0.0517431415 0.139699683 0 -0.0528275929 0.139699683 0 -0.00852058083 0.139699683 -0.00684543107 -0.00960503229 0.140429862 -0.00616663496 -0.00960503229 0.140429862 -0.00616663496 -0.00960503229 0.139699683 -0.00684543107 -0.00960503229 0.139699683 -0.0130228838 -0.0127502126 0.140429862 -0.00616663496 -0.00960503229 0.139699683 -0.0130228838 -0.0127502126 0.141089728 -0.0117329001 -0.0127502126 0.141089728 -0.0117329001 -0.0127502126 0.139699683 -0.0130228838 -0.0127502126 0.139699683 -0.0179238743 -0.017651203 0.141089728 -0.0117329001 -0.0127502126 0.139699683 -0.0179238743 -0.017651203 0.141614375 -0.0161464286 -0.017651203 0.141614375 -0.0161464286 -0.017651203 0.139699683 -0.0179238743 -0.017651203 0.139699683 -0.0210690546 -0.0238286558 0.141614375 -0.0161464286 -0.017651203 0.139699683 -0.0210690546 -0.0238286558 0.141949717 -0.0189839872 -0.0238286558 0.141949717 -0.0189839872 -0.0238286558 0.139699683 -0.0210690546 -0.0238286558 0.139699683 -0.0221535061 -0.0306740869 0.141949717 -0.0189839872 -0.0238286558 0.139699683 -0.0221535061 -0.0306740869 0.142066005 -0.0199602632 -0.0306740869 0.142066005 -0.0199602632 -0.0306740869 0.139699683 -0.0221535061 -0.0306740869 0.139699683 -0.0210690546 -0.037519518 0.142066005 -0.0199602632 -0.0306740869 0.139699683 -0.0210690546 -0.037519518 0.141949717 -0.0189839872 -0.037519518 0.141949717 -0.0189839872 -0.037519518 0.139699683 -0.0210690546 -0.037519518 0.139699683 -0.0179238743 -0.0436969707 0.141949717 -0.0189839872 -0.037519518 0.139699683 -0.0179238743 -0.0436969707 0.141614375 -0.0161464286 -0.0436969707 0.141614375 -0.0161464286 -0.0436969707 0.139699683 -0.0179238743 -0.0436969707 0.139699683 -0.0130228838 -0.0485979612 0.141614375 -0.0161464286 -0.0436969707 0.139699683 -0.0130228838 -0.0485979612 0.141089728 -0.0117329001 -0.0485979612 0.141089728 -0.0117329001 -0.0485979612 0.139699683 -0.0130228838 -0.0485979612 0.139699683 -0.00684543107 -0.0517431415 0.141089728 -0.0117329001 -0.0485979612 0.139699683 -0.00684543107 -0.0517431415 0.140429862 -0.00616663496 -0.0517431415 0.140429862 -0.00616663496 -0.0517431415 0.139699683 -0.00684543107 -0.0517431415 0.139699683 0 -0.0528275929 0.139699683 0 -0.00852058083 0.138969503 -0.00616663496 -0.00960503229 0.139699683 -0.00684543107 -0.00960503229 0.139699683 -0.00684543107 -0.00960503229 0.138969503 -0.00616663496 -0.00960503229 0.138309637 -0.0117329001 -0.0127502126 0.139699683 -0.00684543107 -0.00960503229 0.138309637 -0.0117329001 -0.0127502126 0.139699683 -0.0130228838 -0.0127502126 0.139699683 -0.0130228838 -0.0127502126 0.138309637 -0.0117329001 -0.0127502126 0.13778499 -0.0161464286 -0.017651203 0.139699683 -0.0130228838 -0.0127502126 0.13778499 -0.0161464286 -0.017651203 0.139699683 -0.0179238743 -0.017651203 0.139699683 -0.0179238743 -0.017651203 0.13778499 -0.0161464286 -0.017651203 0.137449648 -0.0189839872 -0.0238286558 0.139699683 -0.0179238743 -0.017651203 0.137449648 -0.0189839872 -0.0238286558 0.139699683 -0.0210690546 -0.0238286558 0.139699683 -0.0210690546 -0.0238286558 0.137449648 -0.0189839872 -0.0238286558 0.137333361 -0.0199602632 -0.0306740869 0.139699683 -0.0210690546 -0.0238286558 0.137333361 -0.0199602632 -0.0306740869 0.139699683 -0.0221535061 -0.0306740869 0.139699683 -0.0221535061 -0.0306740869 0.137333361 -0.0199602632 -0.0306740869 0.137449648 -0.0189839872 -0.037519518 0.139699683 -0.0221535061 -0.0306740869 0.137449648 -0.0189839872 -0.037519518 0.139699683 -0.0210690546 -0.037519518 0.139699683 -0.0210690546 -0.037519518 0.137449648 -0.0189839872 -0.037519518 0.13778499 -0.0161464286 -0.0436969707 0.139699683 -0.0210690546 -0.037519518 0.13778499 -0.0161464286 -0.0436969707 0.139699683 -0.0179238743 -0.0436969707 0.139699683 -0.0179238743 -0.0436969707 0.13778499 -0.0161464286 -0.0436969707 0.138309637 -0.0117329001 -0.0485979612 0.139699683 -0.0179238743 -0.0436969707 0.138309637 -0.0117329001 -0.0485979612 0.139699683 -0.0130228838 -0.0485979612 0.139699683 -0.0130228838 -0.0485979612 0.138309637 -0.0117329001 -0.0485979612 0.138969503 -0.00616663496 -0.0517431415 0.139699683 -0.0130228838 -0.0485979612 0.138969503 -0.00616663496 -0.0517431415 0.139699683 -0.00684543107 -0.0517431415 0.139699683 -0.00684543107 -0.0517431415 0.138969503 -0.00616663496 -0.0517431415 0.139699683 0 -0.0528275929 0.139699683 0 -0.00852058083 0.138382655 -0.00426749277 -0.00960503229 0.138969503 -0.00616663496 -0.00960503229 0.138969503 -0.00616663496 -0.00960503229 0.138382655 -0.00426749277 -0.00960503229 0.137192733 -0.00811918845 -0.0127502126 0.138969503 -0.00616663496 -0.00960503229 0.137192733 -0.00811918845 -0.0127502126 0.138309637 -0.0117329001 -0.0127502126 0.138309637 -0.0117329001 -0.0127502126 0.137192733 -0.00811918845 -0.0127502126 0.136251613 -0.0111758001 -0.017651203 0.138309637 -0.0117329001 -0.0127502126 0.136251613 -0.0111758001 -0.017651203 0.13778499 -0.0161464286 -0.017651203 0.13778499 -0.0161464286 -0.017651203 0.136251613 -0.0111758001 -0.017651203 0.135645835 -0.0131364678 -0.0238286558 0.13778499 -0.0161464286 -0.017651203 0.135645835 -0.0131364678 -0.0238286558 0.137449648 -0.0189839872 -0.0238286558 0.137449648 -0.0189839872 -0.0238286558 0.135645835 -0.0131364678 -0.0238286558 0.135437599 -0.0138125589 -0.0306740869 0.137449648 -0.0189839872 -0.0238286558 0.135437599 -0.0138125589 -0.0306740869 0.137333361 -0.0199602632 -0.0306740869 0.137333361 -0.0199602632 -0.0306740869 0.135437599 -0.0138125589 -0.0306740869 0.135645835 -0.0131364678 -0.037519518 0.137333361 -0.0199602632 -0.0306740869 0.135645835 -0.0131364678 -0.037519518 0.137449648 -0.0189839872 -0.037519518 0.137449648 -0.0189839872 -0.037519518 0.135645835 -0.0131364678 -0.037519518 0.136251613 -0.0111758001 -0.0436969707 0.137449648 -0.0189839872 -0.037519518 0.136251613 -0.0111758001 -0.0436969707 0.13778499 -0.0161464286 -0.0436969707 0.13778499 -0.0161464286 -0.0436969707 0.136251613 -0.0111758001 -0.0436969707 0.137192733 -0.00811918845 -0.0485979612 0.13778499 -0.0161464286 -0.0436969707 0.137192733 -0.00811918845 -0.0485979612 0.138309637 -0.0117329001 -0.0485979612 0.138309637 -0.0117329001 -0.0485979612 0.137192733 -0.00811918845 -0.0485979612 0.138382655 -0.00426749277 -0.0517431415 0.138309637 -0.0117329001 -0.0485979612 0.138382655 -0.00426749277 -0.0517431415 0.138969503 -0.00616663496 -0.0517431415 0.138969503 -0.00616663496 -0.0517431415 0.138382655 -0.00426749277 -0.0517431415 0.139699683 0 -0.0528275929 0.139699683 0 -0.00852058083 0.138058131 -0.00152255923 -0.00960503229 0.138382655 -0.00426749277 -0.00960503229 0.138382655 -0.00426749277 -0.00960503229 0.138058131 -0.00152255923 -0.00960503229 0.136576138 -0.00289637814 -0.0127502126 0.138382655 -0.00426749277 -0.00960503229 0.136576138 -0.00289637814 -0.0127502126 0.137192733 -0.00811918845 -0.0127502126 0.137192733 -0.00811918845 -0.0127502126 0.136576138 -0.00289637814 -0.0127502126 0.135399737 -0.00398894279 -0.017651203 0.137192733 -0.00811918845 -0.0127502126 0.135399737 -0.00398894279 -0.017651203 0.136251613 -0.0111758001 -0.017651203 0.136251613 -0.0111758001 -0.017651203 0.135399737 -0.00398894279 -0.017651203 0.134645219 -0.00468666955 -0.0238286558 0.136251613 -0.0111758001 -0.017651203 0.134645219 -0.00468666955 -0.0238286558 0.135645835 -0.0131364678 -0.0238286558 0.135645835 -0.0131364678 -0.0238286558 0.134645219 -0.00468666955 -0.0238286558 0.134382895 -0.00493006283 -0.0306740869 0.135645835 -0.0131364678 -0.0238286558 0.134382895 -0.00493006283 -0.0306740869 0.135437599 -0.0138125589 -0.0306740869 0.135437599 -0.0138125589 -0.0306740869 0.134382895 -0.00493006283 -0.0306740869 0.134645219 -0.00468666955 -0.037519518 0.135437599 -0.0138125589 -0.0306740869 0.134645219 -0.00468666955 -0.037519518 0.135645835 -0.0131364678 -0.037519518 0.135645835 -0.0131364678 -0.037519518 0.134645219 -0.00468666955 -0.037519518 0.135399737 -0.00398894279 -0.0436969707 0.135645835 -0.0131364678 -0.037519518 0.135399737 -0.00398894279 -0.0436969707 0.136251613 -0.0111758001 -0.0436969707 0.136251613 -0.0111758001 -0.0436969707 0.135399737 -0.00398894279 -0.0436969707 0.136576138 -0.00289637814 -0.0485979612 0.136251613 -0.0111758001 -0.0436969707 0.136576138 -0.00289637814 -0.0485979612 0.137192733 -0.00811918845 -0.0485979612 0.137192733 -0.00811918845 -0.0485979612 0.136576138 -0.00289637814 -0.0485979612 0.138058131 -0.00152255923 -0.0517431415 0.137192733 -0.00811918845 -0.0485979612 0.138058131 -0.00152255923 -0.0517431415 0.138382655 -0.00426749277 -0.0517431415 0.138382655 -0.00426749277 -0.0517431415 0.138058131 -0.00152255923 -0.0517431415 0.139699683 0 -0.0528275929 0.139699683 0 -0.00852058083 0.138058131 0.00152255923 -0.00960503229 0.138058131 -0.00152255923 -0.00960503229 0.138058131 -0.00152255923 -0.00960503229 0.138058131 0.00152255923 -0.00960503229 0.136576138 0.00289637814 -0.0127502126 0.138058131 -0.00152255923 -0.00960503229 0.136576138 0.00289637814 -0.0127502126 0.136576138 -0.00289637814 -0.0127502126 0.136576138 -0.00289637814 -0.0127502126 0.136576138 0.00289637814 -0.0127502126 0.135399737 0.00398894279 -0.017651203 0.136576138 -0.00289637814 -0.0127502126 0.135399737 0.00398894279 -0.017651203 0.135399737 -0.00398894279 -0.017651203 0.135399737 -0.00398894279 -0.017651203 0.135399737 0.00398894279 -0.017651203 0.134645219 0.00468666955 -0.0238286558 0.135399737 -0.00398894279 -0.017651203 0.134645219 0.00468666955 -0.0238286558 0.134645219 -0.00468666955 -0.0238286558 0.134645219 -0.00468666955 -0.0238286558 0.134645219 0.00468666955 -0.0238286558 0.134382895 0.00493006283 -0.0306740869 0.134645219 -0.00468666955 -0.0238286558 0.134382895 0.00493006283 -0.0306740869 0.134382895 -0.00493006283 -0.0306740869 0.134382895 -0.00493006283 -0.0306740869 0.134382895 0.00493006283 -0.0306740869 0.134645219 0.00468666955 -0.037519518 0.134382895 -0.00493006283 -0.0306740869 0.134645219 0.00468666955 -0.037519518 0.134645219 -0.00468666955 -0.037519518 0.134645219 -0.00468666955 -0.037519518 0.134645219 0.00468666955 -0.037519518 0.135399737 0.00398894279 -0.0436969707 0.134645219 -0.00468666955 -0.037519518 0.135399737 0.00398894279 -0.0436969707 0.135399737 -0.00398894279 -0.0436969707 0.135399737 -0.00398894279 -0.0436969707 0.135399737 0.00398894279 -0.0436969707 0.136576138 0.00289637814 -0.0485979612 0.135399737 -0.00398894279 -0.0436969707 0.136576138 0.00289637814 -0.0485979612 0.136576138 -0.00289637814 -0.0485979612 0.136576138 -0.00289637814 -0.0485979612 0.136576138 0.00289637814 -0.0485979612 0.138058131 0.00152255923 -0.0517431415 0.136576138 -0.00289637814 -0.0485979612 0.138058131 0.00152255923 -0.0517431415 0.138058131 -0.00152255923 -0.0517431415 0.138058131 -0.00152255923 -0.0517431415 0.138058131 0.00152255923 -0.0517431415 0.139699683 0 -0.0528275929 0.139699683 0 -0.00852058083 0.138382655 0.00426749277 -0.00960503229 0.138058131 0.00152255923 -0.00960503229 0.138058131 0.00152255923 -0.00960503229 0.138382655 0.00426749277 -0.00960503229 0.137192733 0.00811918845 -0.0127502126 0.138058131 0.00152255923 -0.00960503229 0.137192733 0.00811918845 -0.0127502126 0.136576138 0.00289637814 -0.0127502126 0.136576138 0.00289637814 -0.0127502126 0.137192733 0.00811918845 -0.0127502126 0.136251613 0.0111758001 -0.017651203 0.136576138 0.00289637814 -0.0127502126 0.136251613 0.0111758001 -0.017651203 0.135399737 0.00398894279 -0.017651203 0.135399737 0.00398894279 -0.017651203 0.136251613 0.0111758001 -0.017651203 0.135645835 0.0131364678 -0.0238286558 0.135399737 0.00398894279 -0.017651203 0.135645835 0.0131364678 -0.0238286558 0.134645219 0.00468666955 -0.0238286558 0.134645219 0.00468666955 -0.0238286558 0.135645835 0.0131364678 -0.0238286558 0.135437599 0.0138125589 -0.0306740869 0.134645219 0.00468666955 -0.0238286558 0.135437599 0.0138125589 -0.0306740869 0.134382895 0.00493006283 -0.0306740869 0.134382895 0.00493006283 -0.0306740869 0.135437599 0.0138125589 -0.0306740869 0.135645835 0.0131364678 -0.037519518 0.134382895 0.00493006283 -0.0306740869 0.135645835 0.0131364678 -0.037519518 0.134645219 0.00468666955 -0.037519518 0.134645219 0.00468666955 -0.037519518 0.135645835 0.0131364678 -0.037519518 0.136251613 0.0111758001 -0.0436969707 0.134645219 0.00468666955 -0.037519518 0.136251613 0.0111758001 -0.0436969707 0.135399737 0.00398894279 -0.0436969707 0.135399737 0.00398894279 -0.0436969707 0.136251613 0.0111758001 -0.0436969707 0.137192733 0.00811918845 -0.0485979612 0.135399737 0.00398894279 -0.0436969707 0.137192733 0.00811918845 -0.0485979612 0.136576138 0.00289637814 -0.0485979612 0.136576138 0.00289637814 -0.0485979612 0.137192733 0.00811918845 -0.0485979612 0.138382655 0.00426749277 -0.0517431415 0.136576138 0.00289637814 -0.0485979612 0.138382655 0.00426749277 -0.0517431415 0.138058131 0.00152255923 -0.0517431415 0.138058131 0.00152255923 -0.0517431415 0.138382655 0.00426749277 -0.0517431415 0.139699683 0 -0.0528275929 0.139699683 0 -0.00852058083 0.138969503 0.00616663496 -0.00960503229 0.138382655 0.00426749277 -0.00960503229 0.138382655 0.00426749277 -0.00960503229 0.138969503 0.00616663496 -0.00960503229 0.138309637 0.0117329001 -0.0127502126 0.138382655 0.00426749277 -0.00960503229 0.138309637 0.0117329001 -0.0127502126 0.137192733 0.00811918845 -0.0127502126 0.137192733 0.00811918845 -0.0127502126 0.138309637 0.0117329001 -0.0127502126 0.13778499 0.0161464286 -0.017651203 0.137192733 0.00811918845 -0.0127502126 0.13778499 0.0161464286 -0.017651203 0.136251613 0.0111758001 -0.017651203 0.136251613 0.0111758001 -0.017651203 0.13778499 0.0161464286 -0.017651203 0.137449648 0.0189839872 -0.0238286558 0.136251613 0.0111758001 -0.017651203 0.137449648 0.0189839872 -0.0238286558 0.135645835 0.0131364678 -0.0238286558 0.135645835 0.0131364678 -0.0238286558 0.137449648 0.0189839872 -0.0238286558 0.137333361 0.0199602632 -0.0306740869 0.135645835 0.0131364678 -0.0238286558 0.137333361 0.0199602632 -0.0306740869 0.135437599 0.0138125589 -0.0306740869 0.135437599 0.0138125589 -0.0306740869 0.137333361 0.0199602632 -0.0306740869 0.137449648 0.0189839872 -0.037519518 0.135437599 0.0138125589 -0.0306740869 0.137449648 0.0189839872 -0.037519518 0.135645835 0.0131364678 -0.037519518 0.135645835 0.0131364678 -0.037519518 0.137449648 0.0189839872 -0.037519518 0.13778499 0.0161464286 -0.0436969707 0.135645835 0.0131364678 -0.037519518 0.13778499 0.0161464286 -0.0436969707 0.136251613 0.0111758001 -0.0436969707 0.136251613 0.0111758001 -0.0436969707 0.13778499 0.0161464286 -0.0436969707 0.138309637 0.0117329001 -0.0485979612 0.136251613 0.0111758001 -0.0436969707 0.138309637 0.0117329001 -0.0485979612 0.137192733 0.00811918845 -0.0485979612 0.137192733 0.00811918845 -0.0485979612 0.138309637 0.0117329001 -0.0485979612 0.138969503 0.00616663496 -0.0517431415 0.137192733 0.00811918845 -0.0485979612 0.138969503 0.00616663496 -0.0517431415 0.138382655 0.00426749277 -0.0517431415 0.138382655 0.00426749277 -0.0517431415 0.138969503 0.00616663496 -0.0517431415 0.139699683 0 -0.0528275929 0.139699683 0 -0.00852058083 0.139699683 0.00684543107 -0.00960503229 0.138969503 0.00616663496 -0.00960503229 0.138969503 0.00616663496 -0.00960503229 0.139699683 0.00684543107 -0.00960503229 0.139699683 0.0130228838 -0.0127502126 0.138969503 0.00616663496 -0.00960503229 0.139699683 0.0130228838 -0.0127502126 0.138309637 0.0117329001 -0.0127502126 0.138309637 0.0117329001 -0.0127502126 0.139699683 0.0130228838 -0.0127502126 0.139699683 0.0179238743 -0.017651203 0.138309637 0.0117329001 -0.0127502126 0.139699683 0.0179238743 -0.017651203 0.13778499 0.0161464286 -0.017651203 0.13778499 0.0161464286 -0.017651203 0.139699683 0.0179238743 -0.017651203 0.139699683 0.0210690546 -0.0238286558 0.13778499 0.0161464286 -0.017651203 0.139699683 0.0210690546 -0.0238286558 0.137449648 0.0189839872 -0.0238286558 0.137449648 0.0189839872 -0.0238286558 0.139699683 0.0210690546 -0.0238286558 0.139699683 0.0221535061 -0.0306740869 0.137449648 0.0189839872 -0.0238286558 0.139699683 0.0221535061 -0.0306740869 0.137333361 0.0199602632 -0.0306740869 0.137333361 0.0199602632 -0.0306740869 0.139699683 0.0221535061 -0.0306740869 0.139699683 0.0210690546 -0.037519518 0.137333361 0.0199602632 -0.0306740869 0.139699683 0.0210690546 -0.037519518 0.137449648 0.0189839872 -0.037519518 0.137449648 0.0189839872 -0.037519518 0.139699683 0.0210690546 -0.037519518 0.139699683 0.0179238743 -0.0436969707 0.137449648 0.0189839872 -0.037519518 0.139699683 0.0179238743 -0.0436969707 0.13778499 0.0161464286 -0.0436969707 0.13778499 0.0161464286 -0.0436969707 0.139699683 0.0179238743 -0.0436969707 0.139699683 0.0130228838 -0.0485979612 0.13778499 0.0161464286 -0.0436969707 0.139699683 0.0130228838 -0.0485979612 0.138309637 0.0117329001 -0.0485979612 0.138309637 0.0117329001 -0.0485979612 0.139699683 0.0130228838 -0.0485979612 0.139699683 0.00684543107 -0.0517431415 0.138309637 0.0117329001 -0.0485979612 0.139699683 0.00684543107 -0.0517431415 0.138969503 0.00616663496 -0.0517431415 0.138969503 0.00616663496 -0.0517431415 0.139699683 0.00684543107 -0.0517431415 0.139699683 0 -0.0528275929</float_array><technique_common><accessor source="#part2-positions-array" count="756" stride="3"><param name="X" type="float" /><param name="Y" type="float" /><param name="Z" type="float" /></accessor></technique_common></source><source id="part2-normals"><float_array id="part2-normals-array" count="2268">0.143942889 0.15483902 0.977397218 0.143942889 0.15483902 0.977397218 0.143942889 0.15483902 0.977397218 0.388537724 0.417949099 0.821192418 0.388537724 0.417949099 0.821192418 0.388537724 0.417949099 0.821192418 0.388059948 0.418160954 0.821310474 0.388059948 0.418160954 0.821310474 0.388059948 0.418160954 0.821310474 0.548653588 0.59121151 0.59114143 0.548653588 0.59121151 0.59114143 0.548653588 0.59121151 0.59114143 0.548756224 0.591128838 0.591128838 0.548756224 0.591128838 0.591128838 0.548756224 0.591128838 0.591128838 0.637330852 0.686542821 0.349954769 0.637330852 0.686542821 0.349954769 0.637330852 0.686542821 0.349954769 0.636754222 0.687133042 0.349846029 0.636754222 0.687133042 0.349846029 0.636754222 0.687133042 0.349846029 0.675167448 0.728585452 0.115378323 0.675167448 0.728585452 0.115378323 0.675167448 0.728585452 0.115378323 0.675233273 0.728519141 0.115411818 0.675233273 0.728519141 0.115411818 0.675233273 0.728519141 0.115411818 0.675236533 0.728522658 -0.115370541 0.675236533 0.728522658 -0.115370541 0.675236533 0.728522658 -0.115370541 0.675164019 0.728581752 -0.115421737 0.675164019 0.728581752 -0.115421737 0.675164019 0.728581752 -0.115421737 0.636676552 0.687049227 -0.350151864 0.636676552 0.687049227 -0.350151864 0.636676552 0.687049227 -0.350151864 0.637422094 0.686641109 -0.349595567 0.637422094 0.686641109 -0.349595567 0.637422094 0.686641109 -0.349595567 0.548772725 0.591146614 -0.591095743 0.548772725 0.591146614 -0.591095743 0.548772725 0.591146614 -0.591095743 0.548630859 0.591187018 -0.591187018 0.548630859 0.591187018 -0.591187018 0.548630859 0.591187018 -0.591187018 0.388010028 0.418107162 -0.821361443 0.388010028 0.418107162 -0.821361443 0.388010028 0.418107162 -0.821361443 0.388632839 0.418051413 -0.821095325 0.388632839 0.418051413 -0.821095325 0.388632839 0.418051413 -0.821095325 0.143942889 0.15483902 -0.977397218 0.143942889 0.15483902 -0.977397218 0.143942889 0.15483902 -0.977397218 0.377894271 0.116771897 0.918455358 0.377894271 0.116771897 0.918455358 0.377894271 0.116771897 0.918455358 0.774250096 0.23924854 0.585915459 0.774250096 0.23924854 0.585915459 0.774250096 0.23924854 0.585915459 0.77422583 0.239293016 0.585929362 0.77422583 0.239293016 0.585929362 0.77422583 0.239293016 0.585929362 0.896730089 0.277155889 0.345050374 0.896730089 0.277155889 0.345050374 0.896730089 0.277155889 0.345050374 0.896842186 0.276664597 0.345153291 0.896842186 0.276664597 0.345153291 0.896842186 0.276664597 0.345153291 0.939238239 0.28974325 0.184066235 0.939238239 0.28974325 0.184066235 0.939238239 0.28974325 0.184066235 0.939240446 0.289732189 0.184072388 0.939240446 0.289732189 0.184072388 0.939240446 0.289732189 0.184072388 0.953955317 0.294271359 0.0580828784 0.953955317 0.294271359 0.0580828784 0.953955317 0.294271359 0.0580828784 0.953979447 0.294177752 0.0581606869 0.953979447 0.294177752 0.0581606869 0.953979447 0.294177752 0.0581606869 0.953984233 0.294179228 -0.0580746586 0.953984233 0.294179228 -0.0580746586 0.953984233 0.294179228 -0.0580746586 0.953950285 0.294269807 -0.0581733201 0.953950285 0.294269807 -0.0581733201 0.953950285 0.294269807 -0.0581733201 0.939242079 0.289732693 -0.184063261 0.939242079 0.289732693 -0.184063261 0.939242079 0.289732693 -0.184063261 0.939236318 0.289742657 -0.184076973 0.939236318 0.289742657 -0.184076973 0.939236318 0.289742657 -0.184076973 0.896962184 0.276701615 -0.344811624 0.896962184 0.276701615 -0.344811624 0.896962184 0.276701615 -0.344811624 0.896564982 0.277104858 -0.345520088 0.896564982 0.277104858 -0.345520088 0.896564982 0.277104858 -0.345520088 0.774211593 0.239288616 -0.58594997 0.774211593 0.239288616 -0.58594997 0.774211593 0.239288616 -0.58594997 0.774277187 0.239256911 -0.585876239 0.774277187 0.239256911 -0.585876239 0.774277187 0.239256911 -0.585876239 0.377894271 0.116771897 -0.918455358 0.377894271 0.116771897 -0.918455358 0.377894271 0.116771897 -0.918455358 0.510617212 0.0603685509 0.857686248 0.510617212 0.0603685509 0.857686248 0.510617212 0.0603685509 0.857686248 0.88136153 0.104200401 0.460808127 0.88136153 0.104200401 0.460808127 0.88136153 0.104200401 0.460808127 0.881348873 0.104050513 0.4608662 0.881348873 0.104050513 0.4608662 0.881348873 0.104050513 0.4608662 0.960083416 0.113345776 0.255719709 0.960083416 0.113345776 0.255719709 0.960083416 0.113345776 0.255719709 0.960127904 0.113806336 0.255347853 0.960127904 0.113806336 0.255347853 0.960127904 0.113806336 0.255347853 0.984174765 0.11665667 0.133383854 0.984174765 0.11665667 0.133383854 0.984174765 0.11665667 0.133383854 0.984172172 0.116544605 0.133500899 0.984172172 0.116544605 0.133500899 0.984172172 0.116544605 0.133500899 0.992176788 0.117492502 0.042198746 0.992176788 0.117492502 0.042198746 0.992176788 0.117492502 0.042198746 0.992155548 0.117808111 0.0418164713 0.992155548 0.117808111 0.0418164713 0.992155548 0.117808111 0.0418164713 0.99213918 0.117806167 -0.0422084574 0.99213918 0.117806167 -0.0422084574 0.99213918 0.117806167 -0.0422084574 0.992193987 0.117494539 -0.0417866705 0.992193987 0.117494539 -0.0417866705 0.992193987 0.117494539 -0.0417866705 0.984189248 0.116546627 -0.133373194 0.984189248 0.116546627 -0.133373194 0.984189248 0.116546627 -0.133373194 0.984154687 0.11665429 -0.133533998 0.984154687 0.11665429 -0.133533998 0.984154687 0.11665429 -0.133533998 0.960008857 0.113792225 -0.255801338 0.960008857 0.113792225 -0.255801338 0.960008857 0.113792225 -0.255801338 0.960247157 0.113365107 -0.255095571 0.960247157 0.113365107 -0.255095571 0.960247157 0.113365107 -0.255095571 0.881401475 0.104056723 -0.46076419 0.881401475 0.104056723 -0.46076419 0.881401475 0.104056723 -0.46076419 0.88126144 0.104188568 -0.461002188 0.88126144 0.104188568 -0.461002188 0.88126144 0.104188568 -0.461002188 0.510617212 0.0603685509 -0.857686248 0.510617212 0.0603685509 -0.857686248 0.510617212 0.0603685509 -0.857686248 0.551205955 -0 0.83436922 0.551205955 -0 0.83436922 0.551205955 -0 0.83436922 0.90460708 0 0.426246444 0.90460708 0 0.426246444 0.90460708 0 0.426246444 0.90460708 -0 0.426246444 0.90460708 -0 0.426246444 0.90460708 -0 0.426246444 0.972379988 0 0.233403424 0.972379988 0 0.233403424 0.972379988 0 0.233403424 0.972379988 -0 0.233403424 0.972379988 -0 0.233403424 0.972379988 -0 0.233403424 0.992623259 0 0.1212397 0.992623259 0 0.1212397 0.992623259 0 0.1212397 0.992623259 -0 0.1212397 0.992623259 -0 0.1212397 0.992623259 -0 0.1212397 0.999266557 0 0.038292919 0.999266557 0 0.038292919 0.999266557 0 0.038292919 0.999266557 -0 0.038292919 0.999266557 -0 0.038292919 0.999266557 -0 0.038292919 0.999266557 0 -0.038292919 0.999266557 0 -0.038292919 0.999266557 0 -0.038292919 0.999266557 0 -0.038292919 0.999266557 0 -0.038292919 0.999266557 0 -0.038292919 0.992623259 0 -0.1212397 0.992623259 0 -0.1212397 0.992623259 0 -0.1212397 0.992623259 0 -0.1212397 0.992623259 0 -0.1212397 0.992623259 0 -0.1212397 0.972379988 0 -0.233403424 0.972379988 0 -0.233403424 0.972379988 0 -0.233403424 0.972379988 0 -0.233403424 0.972379988 0 -0.233403424 0.972379988 0 -0.233403424 0.90460708 0 -0.426246444 0.90460708 0 -0.426246444 0.90460708 0 -0.426246444 0.90460708 0 -0.426246444 0.90460708 0 -0.426246444 0.90460708 0 -0.426246444 0.551205955 0 -0.83436922 0.551205955 0 -0.83436922 0.551205955 0 -0.83436922 0.510617212 -0.0603685509 0.857686248 0.510617212 -0.0603685509 0.857686248 0.510617212 -0.0603685509 0.857686248 0.88126144 -0.104188568 0.461002188 0.88126144 -0.104188568 0.461002188 0.88126144 -0.104188568 0.461002188 0.881401475 -0.104056723 0.46076419 0.881401475 -0.104056723 0.46076419 0.881401475 -0.104056723 0.46076419 0.960247157 -0.113365107 0.255095571 0.960247157 -0.113365107 0.255095571 0.960247157 -0.113365107 0.255095571 0.960008857 -0.113792225 0.255801338 0.960008857 -0.113792225 0.255801338 0.960008857 -0.113792225 0.255801338 0.984154687 -0.11665429 0.133533998 0.984154687 -0.11665429 0.133533998 0.984154687 -0.11665429 0.133533998 0.984189248 -0.116546627 0.133373194 0.984189248 -0.116546627 0.133373194 0.984189248 -0.116546627 0.133373194 0.992193987 -0.117494539 0.0417866705 0.992193987 -0.117494539 0.0417866705 0.992193987 -0.117494539 0.0417866705 0.99213918 -0.117806167 0.0422084574 0.99213918 -0.117806167 0.0422084574 0.99213918 -0.117806167 0.0422084574 0.992155548 -0.117808111 -0.0418164713 0.992155548 -0.117808111 -0.0418164713 0.992155548 -0.117808111 -0.0418164713 0.992176788 -0.117492502 -0.042198746 0.992176788 -0.117492502 -0.042198746 0.992176788 -0.117492502 -0.042198746 0.984172172 -0.116544605 -0.133500899 0.984172172 -0.116544605 -0.133500899 0.984172172 -0.116544605 -0.133500899 0.984174765 -0.11665667 -0.133383854 0.984174765 -0.11665667 -0.133383854 0.984174765 -0.11665667 -0.133383854 0.960127904 -0.113806336 -0.255347853 0.960127904 -0.113806336 -0.255347853 0.960127904 -0.113806336 -0.255347853 0.960083416 -0.113345776 -0.255719709 0.960083416 -0.113345776 -0.255719709 0.960083416 -0.113345776 -0.255719709 0.881348873 -0.104050513 -0.4608662 0.881348873 -0.104050513 -0.4608662 0.881348873 -0.104050513 -0.4608662 0.88136153 -0.104200401 -0.460808127 0.88136153 -0.104200401 -0.460808127 0.88136153 -0.104200401 -0.460808127 0.510617212 -0.0603685509 -0.857686248 0.510617212 -0.0603685509 -0.857686248 0.510617212 -0.0603685509 -0.857686248 0.377894271 -0.116771897 0.918455358 0.377894271 -0.116771897 0.918455358 0.377894271 -0.116771897 0.918455358 0.774277187 -0.239256911 0.585876239 0.774277187 -0.239256911 0.585876239 0.774277187 -0.239256911 0.585876239 0.774211593 -0.239288616 0.58594997 0.774211593 -0.239288616 0.58594997 0.774211593 -0.239288616 0.58594997 0.896564982 -0.277104858 0.345520088 0.896564982 -0.277104858 0.345520088 0.896564982 -0.277104858 0.345520088 0.896962184 -0.276701615 0.344811624 0.896962184 -0.276701615 0.344811624 0.896962184 -0.276701615 0.344811624 0.939236318 -0.289742657 0.184076973 0.939236318 -0.289742657 0.184076973 0.939236318 -0.289742657 0.184076973 0.939242079 -0.289732693 0.184063261 0.939242079 -0.289732693 0.184063261 0.939242079 -0.289732693 0.184063261 0.953950285 -0.294269807 0.0581733201 0.953950285 -0.294269807 0.0581733201 0.953950285 -0.294269807 0.0581733201 0.953984233 -0.294179228 0.0580746586 0.953984233 -0.294179228 0.0580746586 0.953984233 -0.294179228 0.0580746586 0.953979447 -0.294177752 -0.0581606869 0.953979447 -0.294177752 -0.0581606869 0.953979447 -0.294177752 -0.0581606869 0.953955317 -0.294271359 -0.0580828784 0.953955317 -0.294271359 -0.0580828784 0.953955317 -0.294271359 -0.0580828784 0.939240446 -0.289732189 -0.184072388 0.939240446 -0.289732189 -0.184072388 0.939240446 -0.289732189 -0.184072388 0.939238239 -0.28974325 -0.184066235 0.939238239 -0.28974325 -0.184066235 0.939238239 -0.28974325 -0.184066235 0.896842186 -0.276664597 -0.345153291 0.896842186 -0.276664597 -0.345153291 0.896842186 -0.276664597 -0.345153291 0.896730089 -0.277155889 -0.345050374 0.896730089 -0.277155889 -0.345050374 0.896730089 -0.277155889 -0.345050374 0.77422583 -0.239293016 -0.585929362 0.77422583 -0.239293016 -0.585929362 0.77422583 -0.239293016 -0.585929362 0.774250096 -0.23924854 -0.585915459 0.774250096 -0.23924854 -0.585915459 0.774250096 -0.23924854 -0.585915459 0.377894271 -0.116771897 -0.918455358 0.377894271 -0.116771897 -0.918455358 0.377894271 -0.116771897 -0.918455358 0.143942889 -0.15483902 0.977397218 0.143942889 -0.15483902 0.977397218 0.143942889 -0.15483902 0.977397218 0.388632839 -0.418051413 0.821095325 0.388632839 -0.418051413 0.821095325 0.388632839 -0.418051413 0.821095325 0.388010028 -0.418107162 0.821361443 0.388010028 -0.418107162 0.821361443 0.388010028 -0.418107162 0.821361443 0.548630859 -0.591187018 0.591187018 0.548630859 -0.591187018 0.591187018 0.548630859 -0.591187018 0.591187018 0.548772725 -0.591146614 0.591095743 0.548772725 -0.591146614 0.591095743 0.548772725 -0.591146614 0.591095743 0.637422094 -0.686641109 0.349595567 0.637422094 -0.686641109 0.349595567 0.637422094 -0.686641109 0.349595567 0.636676552 -0.687049227 0.350151864 0.636676552 -0.687049227 0.350151864 0.636676552 -0.687049227 0.350151864 0.675164019 -0.728581752 0.115421737 0.675164019 -0.728581752 0.115421737 0.675164019 -0.728581752 0.115421737 0.675236533 -0.728522658 0.115370541 0.675236533 -0.728522658 0.115370541 0.675236533 -0.728522658 0.115370541 0.675233273 -0.728519141 -0.115411818 0.675233273 -0.728519141 -0.115411818 0.675233273 -0.728519141 -0.115411818 0.675167448 -0.728585452 -0.115378323 0.675167448 -0.728585452 -0.115378323 0.675167448 -0.728585452 -0.115378323 0.636754222 -0.687133042 -0.349846029 0.636754222 -0.687133042 -0.349846029 0.636754222 -0.687133042 -0.349846029 0.637330852 -0.686542821 -0.349954769 0.637330852 -0.686542821 -0.349954769 0.637330852 -0.686542821 -0.349954769 0.548756224 -0.591128838 -0.591128838 0.548756224 -0.591128838 -0.591128838 0.548756224 -0.591128838 -0.591128838 0.548653588 -0.59121151 -0.59114143 0.548653588 -0.59121151 -0.59114143 0.548653588 -0.59121151 -0.59114143 0.388059948 -0.418160954 -0.821310474 0.388059948 -0.418160954 -0.821310474 0.388059948 -0.418160954 -0.821310474 0.388537724 -0.417949099 -0.821192418 0.388537724 -0.417949099 -0.821192418 0.388537724 -0.417949099 -0.821192418 0.143942889 -0.15483902 -0.977397218 0.143942889 -0.15483902 -0.977397218 0.143942889 -0.15483902 -0.977397218 -0.143942889 -0.15483902 0.977397218 -0.143942889 -0.15483902 0.977397218 -0.143942889 -0.15483902 0.977397218 -0.388537724 -0.417949099 0.821192418 -0.388537724 -0.417949099 0.821192418 -0.388537724 -0.417949099 0.821192418 -0.388059948 -0.418160954 0.821310474 -0.388059948 -0.418160954 0.821310474 -0.388059948 -0.418160954 0.821310474 -0.548653588 -0.59121151 0.59114143 -0.548653588 -0.59121151 0.59114143 -0.548653588 -0.59121151 0.59114143 -0.548756224 -0.591128838 0.591128838 -0.548756224 -0.591128838 0.591128838 -0.548756224 -0.591128838 0.591128838 -0.637330852 -0.686542821 0.349954769 -0.637330852 -0.686542821 0.349954769 -0.637330852 -0.686542821 0.349954769 -0.636754222 -0.687133042 0.349846029 -0.636754222 -0.687133042 0.349846029 -0.636754222 -0.687133042 0.349846029 -0.675167448 -0.728585452 0.115378323 -0.675167448 -0.728585452 0.115378323 -0.675167448 -0.728585452 0.115378323 -0.675233273 -0.728519141 0.115411818 -0.675233273 -0.728519141 0.115411818 -0.675233273 -0.728519141 0.115411818 -0.675236533 -0.728522658 -0.115370541 -0.675236533 -0.728522658 -0.115370541 -0.675236533 -0.728522658 -0.115370541 -0.675164019 -0.728581752 -0.115421737 -0.675164019 -0.728581752 -0.115421737 -0.675164019 -0.728581752 -0.115421737 -0.636676552 -0.687049227 -0.350151864 -0.636676552 -0.687049227 -0.350151864 -0.636676552 -0.687049227 -0.350151864 -0.637422094 -0.686641109 -0.349595567 -0.637422094 -0.686641109 -0.349595567 -0.637422094 -0.686641109 -0.349595567 -0.548772725 -0.591146614 -0.591095743 -0.548772725 -0.591146614 -0.591095743 -0.548772725 -0.591146614 -0.591095743 -0.548630859 -0.591187018 -0.591187018 -0.548630859 -0.591187018 -0.591187018 -0.548630859 -0.591187018 -0.591187018 -0.388010028 -0.418107162 -0.821361443 -0.388010028 -0.418107162 -0.821361443 -0.388010028 -0.418107162 -0.821361443 -0.388632839 -0.418051413 -0.821095325 -0.388632839 -0.418051413 -0.821095325 -0.388632839 -0.418051413 -0.821095325 -0.143942889 -0.15483902 -0.977397218 -0.143942889 -0.15483902 -0.977397218 -0.143942889 -0.15483902 -0.977397218 -0.377894271 -0.116771897 0.918455358 -0.377894271 -0.116771897 0.918455358 -0.377894271 -0.116771897 0.918455358 -0.774250096 -0.23924854 0.585915459 -0.774250096 -0.23924854 0.585915459 -0.774250096 -0.23924854 0.585915459 -0.77422583 -0.239293016 0.585929362 -0.77422583 -0.239293016 0.585929362 -0.77422583 -0.239293016 0.585929362 -0.896730089 -0.277155889 0.345050374 -0.896730089 -0.277155889 0.345050374 -0.896730089 -0.277155889 0.345050374 -0.896842186 -0.276664597 0.345153291 -0.896842186 -0.276664597 0.345153291 -0.896842186 -0.276664597 0.345153291 -0.939238239 -0.28974325 0.184066235 -0.939238239 -0.28974325 0.184066235 -0.939238239 -0.28974325 0.184066235 -0.939240446 -0.289732189 0.184072388 -0.939240446 -0.289732189 0.184072388 -0.939240446 -0.289732189 0.184072388 -0.953955317 -0.294271359 0.0580828784 -0.953955317 -0.294271359 0.0580828784 -0.953955317 -0.294271359 0.0580828784 -0.953979447 -0.294177752 0.0581606869 -0.953979447 -0.294177752 0.0581606869 -0.953979447 -0.294177752 0.0581606869 -0.953984233 -0.294179228 -0.0580746586 -0.953984233 -0.294179228 -0.0580746586 -0.953984233 -0.294179228 -0.0580746586 -0.953950285 -0.294269807 -0.0581733201 -0.953950285 -0.294269807 -0.0581733201 -0.953950285 -0.294269807 -0.0581733201 -0.939242079 -0.289732693 -0.184063261 -0.939242079 -0.289732693 -0.184063261 -0.939242079 -0.289732693 -0.184063261 -0.939236318 -0.289742657 -0.184076973 -0.939236318 -0.289742657 -0.184076973 -0.939236318 -0.289742657 -0.184076973 -0.896962184 -0.276701615 -0.344811624 -0.896962184 -0.276701615 -0.344811624 -0.896962184 -0.276701615 -0.344811624 -0.896564982 -0.277104858 -0.345520088 -0.896564982 -0.277104858 -0.345520088 -0.896564982 -0.277104858 -0.345520088 -0.774211593 -0.239288616 -0.58594997 -0.774211593 -0.239288616 -0.58594997 -0.774211593 -0.239288616 -0.58594997 -0.774277187 -0.239256911 -0.585876239 -0.774277187 -0.239256911 -0.585876239 -0.774277187 -0.239256911 -0.585876239 -0.377894271 -0.116771897 -0.918455358 -0.377894271 -0.116771897 -0.918455358 -0.377894271 -0.116771897 -0.918455358 -0.510617212 -0.0603685509 0.857686248 -0.510617212 -0.0603685509 0.857686248 -0.510617212 -0.0603685509 0.857686248 -0.88136153 -0.104200401 0.460808127 -0.88136153 -0.104200401 0.460808127 -0.88136153 -0.104200401 0.460808127 -0.881348873 -0.104050513 0.4608662 -0.881348873 -0.104050513 0.4608662 -0.881348873 -0.104050513 0.4608662 -0.960083416 -0.113345776 0.255719709 -0.960083416 -0.113345776 0.255719709 -0.960083416 -0.113345776 0.255719709 -0.960127904 -0.113806336 0.255347853 -0.960127904 -0.113806336 0.255347853 -0.960127904 -0.113806336 0.255347853 -0.984174765 -0.11665667 0.133383854 -0.984174765 -0.11665667 0.133383854 -0.984174765 -0.11665667 0.133383854 -0.984172172 -0.116544605 0.133500899 -0.984172172 -0.116544605 0.133500899 -0.984172172 -0.116544605 0.133500899 -0.992176788 -0.117492502 0.042198746 -0.992176788 -0.117492502 0.042198746 -0.992176788 -0.117492502 0.042198746 -0.992155548 -0.117808111 0.0418164713 -0.992155548 -0.117808111 0.0418164713 -0.992155548 -0.117808111 0.0418164713 -0.99213918 -0.117806167 -0.0422084574 -0.99213918 -0.117806167 -0.0422084574 -0.99213918 -0.117806167 -0.0422084574 -0.992193987 -0.117494539 -0.0417866705 -0.992193987 -0.117494539 -0.0417866705 -0.992193987 -0.117494539 -0.0417866705 -0.984189248 -0.116546627 -0.133373194 -0.984189248 -0.116546627 -0.133373194 -0.984189248 -0.116546627 -0.133373194 -0.984154687 -0.11665429 -0.133533998 -0.984154687 -0.11665429 -0.133533998 -0.984154687 -0.11665429 -0.133533998 -0.960008857 -0.113792225 -0.255801338 -0.960008857 -0.113792225 -0.255801338 -0.960008857 -0.113792225 -0.255801338 -0.960247157 -0.113365107 -0.255095571 -0.960247157 -0.113365107 -0.255095571 -0.960247157 -0.113365107 -0.255095571 -0.881401475 -0.104056723 -0.46076419 -0.881401475 -0.104056723 -0.46076419 -0.881401475 -0.104056723 -0.46076419 -0.88126144 -0.104188568 -0.461002188 -0.88126144 -0.104188568 -0.461002188 -0.88126144 -0.104188568 -0.461002188 -0.510617212 -0.0603685509 -0.857686248 -0.510617212 -0.0603685509 -0.857686248 -0.510617212 -0.0603685509 -0.857686248 -0.551205955 0 0.83436922 -0.551205955 0 0.83436922 -0.551205955 0 0.83436922 -0.90460708 0 0.426246444 -0.90460708 0 0.426246444 -0.90460708 0 0.426246444 -0.90460708 0 0.426246444 -0.90460708 0 0.426246444 -0.90460708 0 0.426246444 -0.972379988 0 0.233403424 -0.972379988 0 0.233403424 -0.972379988 0 0.233403424 -0.972379988 0 0.233403424 -0.972379988 0 0.233403424 -0.972379988 0 0.233403424 -0.992623259 0 0.1212397 -0.992623259 0 0.1212397 -0.992623259 0 0.1212397 -0.992623259 0 0.1212397 -0.992623259 0 0.1212397 -0.992623259 0 0.1212397 -0.999266557 0 0.038292919 -0.999266557 0 0.038292919 -0.999266557 0 0.038292919 -0.999266557 0 0.038292919 -0.999266557 0 0.038292919 -0.999266557 0 0.038292919 -0.999266557 0 -0.038292919 -0.999266557 0 -0.038292919 -0.999266557 0 -0.038292919 -0.999266557 -0 -0.038292919 -0.999266557 -0 -0.038292919 -0.999266557 -0 -0.038292919 -0.992623259 0 -0.1212397 -0.992623259 0 -0.1212397 -0.992623259 0 -0.1212397 -0.992623259 -0 -0.1212397 -0.992623259 -0 -0.1212397 -0.992623259 -0 -0.1212397 -0.972379988 0 -0.233403424 -0.972379988 0 -0.233403424 -0.972379988 0 -0.233403424 -0.972379988 -0 -0.233403424 -0.972379988 -0 -0.233403424 -0.972379988 -0 -0.233403424 -0.90460708 0 -0.426246444 -0.90460708 0 -0.426246444 -0.90460708 0 -0.426246444 -0.90460708 -0 -0.426246444 -0.90460708 -0 -0.426246444 -0.90460708 -0 -0.426246444 -0.551205955 0 -0.83436922 -0.551205955 0 -0.83436922 -0.551205955 0 -0.83436922 -0.510617212 0.0603685509 0.857686248 -0.510617212 0.0603685509 0.857686248 -0.510617212 0.0603685509 0.857686248 -0.88126144 0.104188568 0.461002188 -0.88126144 0.104188568 0.461002188 -0.88126144 0.104188568 0.461002188 -0.881401475 0.104056723 0.46076419 -0.881401475 0.104056723 0.46076419 -0.881401475 0.104056723 0.46076419 -0.960247157 0.113365107 0.255095571 -0.960247157 0.113365107 0.255095571 -0.960247157 0.113365107 0.255095571 -0.960008857 0.113792225 0.255801338 -0.960008857 0.113792225 0.255801338 -0.960008857 0.113792225 0.255801338 -0.984154687 0.11665429 0.133533998 -0.984154687 0.11665429 0.133533998 -0.984154687 0.11665429 0.133533998 -0.984189248 0.116546627 0.133373194 -0.984189248 0.116546627 0.133373194 -0.984189248 0.116546627 0.133373194 -0.992193987 0.117494539 0.0417866705 -0.992193987 0.117494539 0.0417866705 -0.992193987 0.117494539 0.0417866705 -0.99213918 0.117806167 0.0422084574 -0.99213918 0.117806167 0.0422084574 -0.99213918 0.117806167 0.0422084574 -0.992155548 0.117808111 -0.0418164713 -0.992155548 0.117808111 -0.0418164713 -0.992155548 0.117808111 -0.0418164713 -0.992176788 0.117492502 -0.042198746 -0.992176788 0.117492502 -0.042198746 -0.992176788 0.117492502 -0.042198746 -0.984172172 0.116544605 -0.133500899 -0.984172172 0.116544605 -0.133500899 -0.984172172 0.116544605 -0.133500899 -0.984174765 0.11665667 -0.133383854 -0.984174765 0.11665667 -0.133383854 -0.984174765 0.11665667 -0.133383854 -0.960127904 0.113806336 -0.255347853 -0.960127904 0.113806336 -0.255347853 -0.960127904 0.113806336 -0.255347853 -0.960083416 0.113345776 -0.255719709 -0.960083416 0.113345776 -0.255719709 -0.960083416 0.113345776 -0.255719709 -0.881348873 0.104050513 -0.4608662 -0.881348873 0.104050513 -0.4608662 -0.881348873 0.104050513 -0.4608662 -0.88136153 0.104200401 -0.460808127 -0.88136153 0.104200401 -0.460808127 -0.88136153 0.104200401 -0.460808127 -0.510617212 0.0603685509 -0.857686248 -0.510617212 0.0603685509 -0.857686248 -0.510617212 0.0603685509 -0.857686248 -0.377894271 0.116771897 0.918455358 -0.377894271 0.116771897 0.918455358 -0.377894271 0.116771897 0.918455358 -0.774277187 0.239256911 0.585876239 -0.774277187 0.239256911 0.585876239 -0.774277187 0.239256911 0.585876239 -0.774211593 0.239288616 0.58594997 -0.774211593 0.239288616 0.58594997 -0.774211593 0.239288616 0.58594997 -0.896564982 0.277104858 0.345520088 -0.896564982 0.277104858 0.345520088 -0.896564982 0.277104858 0.345520088 -0.896962184 0.276701615 0.344811624 -0.896962184 0.276701615 0.344811624 -0.896962184 0.276701615 0.344811624 -0.939236318 0.289742657 0.184076973 -0.939236318 0.289742657 0.184076973 -0.939236318 0.289742657 0.184076973 -0.939242079 0.289732693 0.184063261 -0.939242079 0.289732693 0.184063261 -0.939242079 0.289732693 0.184063261 -0.953950285 0.294269807 0.0581733201 -0.953950285 0.294269807 0.0581733201 -0.953950285 0.294269807 0.0581733201 -0.953984233 0.294179228 0.0580746586 -0.953984233 0.294179228 0.0580746586 -0.953984233 0.294179228 0.0580746586 -0.953979447 0.294177752 -0.0581606869 -0.953979447 0.294177752 -0.0581606869 -0.953979447 0.294177752 -0.0581606869 -0.953955317 0.294271359 -0.0580828784 -0.953955317 0.294271359 -0.0580828784 -0.953955317 0.294271359 -0.0580828784 -0.939240446 0.289732189 -0.184072388 -0.939240446 0.289732189 -0.184072388 -0.939240446 0.289732189 -0.184072388 -0.939238239 0.28974325 -0.184066235 -0.939238239 0.28974325 -0.184066235 -0.939238239 0.28974325 -0.184066235 -0.896842186 0.276664597 -0.345153291 -0.896842186 0.276664597 -0.345153291 -0.896842186 0.276664597 -0.345153291 -0.896730089 0.277155889 -0.345050374 -0.896730089 0.277155889 -0.345050374 -0.896730089 0.277155889 -0.345050374 -0.77422583 0.239293016 -0.585929362 -0.77422583 0.239293016 -0.585929362 -0.77422583 0.239293016 -0.585929362 -0.774250096 0.23924854 -0.585915459 -0.774250096 0.23924854 -0.585915459 -0.774250096 0.23924854 -0.585915459 -0.377894271 0.116771897 -0.918455358 -0.377894271 0.116771897 -0.918455358 -0.377894271 0.116771897 -0.918455358 -0.143942889 0.15483902 0.977397218 -0.143942889 0.15483902 0.977397218 -0.143942889 0.15483902 0.977397218 -0.388632839 0.418051413 0.821095325 -0.388632839 0.418051413 0.821095325 -0.388632839 0.418051413 0.821095325 -0.388010028 0.418107162 0.821361443 -0.388010028 0.418107162 0.821361443 -0.388010028 0.418107162 0.821361443 -0.548630859 0.591187018 0.591187018 -0.548630859 0.591187018 0.591187018 -0.548630859 0.591187018 0.591187018 -0.548772725 0.591146614 0.591095743 -0.548772725 0.591146614 0.591095743 -0.548772725 0.591146614 0.591095743 -0.637422094 0.686641109 0.349595567 -0.637422094 0.686641109 0.349595567 -0.637422094 0.686641109 0.349595567 -0.636676552 0.687049227 0.350151864 -0.636676552 0.687049227 0.350151864 -0.636676552 0.687049227 0.350151864 -0.675164019 0.728581752 0.115421737 -0.675164019 0.728581752 0.115421737 -0.675164019 0.728581752 0.115421737 -0.675236533 0.728522658 0.115370541 -0.675236533 0.728522658 0.115370541 -0.675236533 0.728522658 0.115370541 -0.675233273 0.728519141 -0.115411818 -0.675233273 0.728519141 -0.115411818 -0.675233273 0.728519141 -0.115411818 -0.675167448 0.728585452 -0.115378323 -0.675167448 0.728585452 -0.115378323 -0.675167448 0.728585452 -0.115378323 -0.636754222 0.687133042 -0.349846029 -0.636754222 0.687133042 -0.349846029 -0.636754222 0.687133042 -0.349846029 -0.637330852 0.686542821 -0.349954769 -0.637330852 0.686542821 -0.349954769 -0.637330852 0.686542821 -0.349954769 -0.548756224 0.591128838 -0.591128838 -0.548756224 0.591128838 -0.591128838 -0.548756224 0.591128838 -0.591128838 -0.548653588 0.59121151 -0.59114143 -0.548653588 0.59121151 -0.59114143 -0.548653588 0.59121151 -0.59114143 -0.388059948 0.418160954 -0.821310474 -0.388059948 0.418160954 -0.821310474 -0.388059948 0.418160954 -0.821310474 -0.388537724 0.417949099 -0.821192418 -0.388537724 0.417949099 -0.821192418 -0.388537724 0.417949099 -0.821192418 -0.143942889 0.15483902 -0.977397218 -0.143942889 0.15483902 -0.977397218 -0.143942889 0.15483902 -0.977397218</float_array><technique_common><accessor source="#part2-normals-array" count="756" stride="3"><param name="X" type="float" /><param name="Y" type="float" /><param name="Z" type="float" /></accessor></technique_common></source><vertices id="part2-vertices"><input semantic="POSITION" source="#part2-positions" /></vertices><triangles count="252" material="material"><input semantic="VERTEX" source="#part2-vertices" offset="0" /><input semantic="NORMAL" source="#part2-normals" offset="0" /><p>0 1 2 3 4 5 6 7 8 9 10 11 12 13 14 15 16 17 18 19 20 21 22 23 24 25 26 27 28 29 30 31 32 33 34 35 36 37 38 39 40 41 42 43 44 45 46 47 48 49 50 51 52 53 54 55 56 57 58 59 60 61 62 63 64 65 66 67 68 69 70 71 72 73 74 75 76 77 78 79 80 81 82 83 84 85 86 87 88 89 90 91 92 93 94 95 96 97 98 99 100 101 102 103 104 105 106 107 108 109 110 111 112 113 114 115 116 117 118 119 120 121 122 123 124 125 126 127 128 129 130 131 132 133 134 135 136 137 138 139 140 141 142 143 144 145 146 147 148 149 150 151 152 153 154 155 156 157 158 159 160 161 162 163 164 165 166 167 168 169 170 171 172 173 174 175 176 177 178 179 180 181 182 183 184 185 186 187 188 189 190 191 192 193 194 195 196 197 198 199 200 201 202 203 204 205 206 207 208 209 210 211 212 213 214 215 216 217 218 219 220 221 222 223 224 225 226 227 228 229 230 231 232 233 234 235 236 237 238 239 240 241 242 243 244 245 246 247 248 249 250 251 252 253 254 255 256 257 258 259 260 261 262 263 264 265 266 267 268 269 270 271 272 273 274 275 276 277 278 279 280 281 282 283 284 285 286 287 288 289 290 291 292 293 294 295 296 297 298 299 300 301 302 303 304 305 306 307 308 309 310 311 312 313 314 315 316 317 318 319 320 321 322 323 324 325 326 327 328 329 330 331 332 333 334 335 336 337 338 339 340 341 342 343 344 345 346 347 348 349 350 351 352 353 354 355 356 357 358 359 360 361 362 363 364 365 366 367 368 369 370 371 372 373 374 375 376 377 378 379 380 381 382 383 384 385 386 387 388 389 390 391 392 393 394 395 396 397 398 399 400 401 402 403 404 405 406 407 408 409 410 411 412 413 414 415 416 417 418 419 420 421 422 423 424 425 426 427 428 429 430 431 432 433 434 435 436 437 438 439 440 441 442 443 444 445 446 447 448 449 450 451 452 453 454 455 456 457 458 459 460 461 462 463 464 465 466 467 468 469 470 471 472 473 474 475 476 477 478 479 480 481 482 483 484 485 486 487 488 489 490 491 492 493 494 495 496 497 498 499 500 501 502 503 504 505 506 507 508 509 510 511 512 513 514 515 516 517 518 519 520 521 522 523 524 525 526 527 528 529 530 531 532 533 534 535 536 537 538 539 540 541 542 543 544 545 546 547 548 549 550 551 552 553 554 555 556 557 558 559 560 561 562 563 564 565 566 567 568 569 570 571 572 573 574 575 576 577 578 579 580 581 582 583 584 585 586 587 588 589 590 591 592 593 594 595 596 597 598 599 600 601 602 603 604 605 606 607 608 609 610 611 612 613 614 615 616 617 618 619 620 621 622 623 624 625 626 627 628 629 630 631 632 633 634 635 636 637 638 639 640 641 642 643 644 645 646 647 648 649 650 651 652 653 654 655 656 657 658 659 660 661 662 663 664 665 666 667 668 669 670 671 672 673 674 675 676 677 678 679 680 681 682 683 684 685 686 687 688 689 690 691 692 693 694 695 696 697 698 699 700 701 702 703 704 705 706 707 708 709 710 711 712 713 714 715 716 717 718 719 720 721 722 723 724 725 726 727 728 729 730 731 732 733 734 735 736 737 738 739 740 741 742 743 744 745 746 747 748 749 750 751 752 753 754 755</p></triangles></mesh></geometry><geometry id="part3"><mesh><source id="part3-positions"><float_array id="part3-positions-array" count="3240">0.103913251 0.0207906802 -0.00443117404 0.10546198 0.0230908901 -0.00488151335 0.103913251 0.0236327618 -0.00488151335 0.103913251 0.0236327618 -0.00488151335 0.10546198 0.0230908901 -0.00488151335 0.106856935 0.025166847 -0.00618951232 0.103913251 0.0236327618 -0.00488151335 0.106856935 0.025166847 -0.00618951232 0.103913251 0.0261993319 -0.00618951232 0.103913251 0.0261993319 -0.00618951232 0.106856935 0.025166847 -0.00618951232 0.107966308 0.0268144309 -0.00822519395 0.103913251 0.0261993319 -0.00618951232 0.107966308 0.0268144309 -0.00822519395 0.103913251 0.028235014 -0.00822519395 0.103913251 0.028235014 -0.00822519395 0.107966308 0.0268144309 -0.00822519395 0.1086766 0.0278725458 -0.0107881022 0.103913251 0.028235014 -0.00822519395 0.1086766 0.0278725458 -0.0107881022 0.103913251 0.0295420968 -0.0107881022 0.103913251 0.0295420968 -0.0107881022 0.1086766 0.0278725458 -0.0107881022 0.108921907 0.028235014 -0.0136329308 0.103913251 0.0295420968 -0.0107881022 0.108921907 0.028235014 -0.0136329308 0.103913251 0.029992437 -0.0136329308 0.103913251 0.029992437 -0.0136329308 0.108921907 0.028235014 -0.0136329308 0.1086766 0.0278725458 -0.0164777594 0.103913251 0.029992437 -0.0136329308 0.1086766 0.0278725458 -0.0164777594 0.103913251 0.0295420968 -0.0164777594 0.103913251 0.0295420968 -0.0164777594 0.1086766 0.0278725458 -0.0164777594 0.107966308 0.0268144309 -0.0190406677 0.103913251 0.0295420968 -0.0164777594 0.107966308 0.0268144309 -0.0190406677 0.103913251 0.028235014 -0.0190406677 0.103913251 0.028235014 -0.0190406677 0.107966308 0.0268144309 -0.0190406677 0.106856935 0.025166847 -0.0210763493 0.103913251 0.028235014 -0.0190406677 0.106856935 0.025166847 -0.0210763493 0.103913251 0.0261993319 -0.0210763493 0.103913251 0.0261993319 -0.0210763493 0.106856935 0.025166847 -0.0210763493 0.10546198 0.0230908901 -0.0223843483 0.103913251 0.0261993319 -0.0210763493 0.10546198 0.0230908901 -0.0223843483 0.103913251 0.0236327618 -0.0223843483 0.103913251 0.0236327618 -0.0223843483 0.10546198 0.0230908901 -0.0223843483 0.103913251 0.0207906802 -0.0228346876 0.103913251 0.0207906802 -0.00443117404 0.106417579 0.0216693917 -0.00488151335 0.10546198 0.0230908901 -0.00488151335 0.10546198 0.0230908901 -0.00488151335 0.106417579 0.0216693917 -0.00488151335 0.1086766 0.0224602312 -0.00618951232 0.10546198 0.0230908901 -0.00488151335 0.1086766 0.0224602312 -0.00618951232 0.106856935 0.025166847 -0.00618951232 0.106856935 0.025166847 -0.00618951232 0.1086766 0.0224602312 -0.00618951232 0.110466975 0.0230908901 -0.00822519395 0.106856935 0.025166847 -0.00618951232 0.110466975 0.0230908901 -0.00822519395 0.107966308 0.0268144309 -0.00822519395 0.107966308 0.0268144309 -0.00822519395 0.110466975 0.0230908901 -0.00822519395 0.111621199 0.0234936331 -0.0107881022 0.107966308 0.0268144309 -0.00822519395 0.111621199 0.0234936331 -0.0107881022 0.1086766 0.0278725458 -0.0107881022 0.1086766 0.0278725458 -0.0107881022 0.111621199 0.0234936331 -0.0107881022 0.112016619 0.0236327618 -0.0136329308 0.1086766 0.0278725458 -0.0107881022 0.112016619 0.0236327618 -0.0136329308 0.108921907 0.028235014 -0.0136329308 0.108921907 0.028235014 -0.0136329308 0.112016619 0.0236327618 -0.0136329308 0.111621199 0.0234936331 -0.0164777594 0.108921907 0.028235014 -0.0136329308 0.111621199 0.0234936331 -0.0164777594 0.1086766 0.0278725458 -0.0164777594 0.1086766 0.0278725458 -0.0164777594 0.111621199 0.0234936331 -0.0164777594 0.110466975 0.0230908901 -0.0190406677 0.1086766 0.0278725458 -0.0164777594 0.110466975 0.0230908901 -0.0190406677 0.107966308 0.0268144309 -0.0190406677 0.107966308 0.0268144309 -0.0190406677 0.110466975 0.0230908901 -0.0190406677 0.1086766 0.0224602312 -0.0210763493 0.107966308 0.0268144309 -0.0190406677 0.1086766 0.0224602312 -0.0210763493 0.106856935 0.025166847 -0.0210763493 0.106856935 0.025166847 -0.0210763493 0.1086766 0.0224602312 -0.0210763493 0.106417579 0.0216693917 -0.0223843483 0.106856935 0.025166847 -0.0210763493 0.106417579 0.0216693917 -0.0223843483 0.10546198 0.0230908901 -0.0223843483 0.10546198 0.0230908901 -0.0223843483 0.106417579 0.0216693917 -0.0223843483 0.103913251 0.0207906802 -0.0228346876 0.103913251 0.0207906802 -0.00443117404 0.106417579 0.0199119687 -0.00488151335 0.106417579 0.0216693917 -0.00488151335 0.106417579 0.0216693917 -0.00488151335 0.106417579 0.0199119687 -0.00488151335 0.1086766 0.0191174663 -0.00618951232 0.106417579 0.0216693917 -0.00488151335 0.1086766 0.0191174663 -0.00618951232 0.1086766 0.0224602312 -0.00618951232 0.1086766 0.0224602312 -0.00618951232 0.1086766 0.0191174663 -0.00618951232 0.110466975 0.0184913856 -0.00822519395 0.1086766 0.0224602312 -0.00618951232 0.110466975 0.0184913856 -0.00822519395 0.110466975 0.0230908901 -0.00822519395 0.110466975 0.0230908901 -0.00822519395 0.110466975 0.0184913856 -0.00822519395 0.111621199 0.0180849814 -0.0107881022 0.110466975 0.0230908901 -0.00822519395 0.111621199 0.0180849814 -0.0107881022 0.111621199 0.0234936331 -0.0107881022 0.111621199 0.0234936331 -0.0107881022 0.111621199 0.0180849814 -0.0107881022 0.112016619 0.017945851 -0.0136329308 0.111621199 0.0234936331 -0.0107881022 0.112016619 0.017945851 -0.0136329308 0.112016619 0.0236327618 -0.0136329308 0.112016619 0.0236327618 -0.0136329308 0.112016619 0.017945851 -0.0136329308 0.111621199 0.0180849814 -0.0164777594 0.112016619 0.0236327618 -0.0136329308 0.111621199 0.0180849814 -0.0164777594 0.111621199 0.0234936331 -0.0164777594 0.111621199 0.0234936331 -0.0164777594 0.111621199 0.0180849814 -0.0164777594 0.110466975 0.0184913856 -0.0190406677 0.111621199 0.0234936331 -0.0164777594 0.110466975 0.0184913856 -0.0190406677 0.110466975 0.0230908901 -0.0190406677 0.110466975 0.0230908901 -0.0190406677 0.110466975 0.0184913856 -0.0190406677 0.1086766 0.0191174663 -0.0210763493 0.110466975 0.0230908901 -0.0190406677 0.1086766 0.0191174663 -0.0210763493 0.1086766 0.0224602312 -0.0210763493 0.1086766 0.0224602312 -0.0210763493 0.1086766 0.0191174663 -0.0210763493 0.106417579 0.0199119687 -0.0223843483 0.1086766 0.0224602312 -0.0210763493 0.106417579 0.0199119687 -0.0223843483 0.106417579 0.0216693917 -0.0223843483 0.106417579 0.0216693917 -0.0223843483 0.106417579 0.0199119687 -0.0223843483 0.103913251 0.0207906802 -0.0228346876 0.103913251 0.0207906802 -0.00443117404 0.10546198 0.0184913856 -0.00488151335 0.106417579 0.0199119687 -0.00488151335 0.106417579 0.0199119687 -0.00488151335 0.10546198 0.0184913856 -0.00488151335 0.106856935 0.0164154287 -0.00618951232 0.106417579 0.0199119687 -0.00488151335 0.106856935 0.0164154287 -0.00618951232 0.1086766 0.0191174663 -0.00618951232 0.1086766 0.0191174663 -0.00618951232 0.106856935 0.0164154287 -0.00618951232 0.107966308 0.0147669296 -0.00822519395 0.1086766 0.0191174663 -0.00618951232 0.107966308 0.0147669296 -0.00822519395 0.110466975 0.0184913856 -0.00822519395 0.110466975 0.0184913856 -0.00822519395 0.107966308 0.0147669296 -0.00822519395 0.1086766 0.0137088146 -0.0107881022 0.110466975 0.0184913856 -0.00822519395 0.1086766 0.0137088146 -0.0107881022 0.111621199 0.0180849814 -0.0107881022 0.111621199 0.0180849814 -0.0107881022 0.1086766 0.0137088146 -0.0107881022 0.108921907 0.0133463464 -0.0136329308 0.111621199 0.0180849814 -0.0107881022 0.108921907 0.0133463464 -0.0136329308 0.112016619 0.017945851 -0.0136329308 0.112016619 0.017945851 -0.0136329308 0.108921907 0.0133463464 -0.0136329308 0.1086766 0.0137088146 -0.0164777594 0.112016619 0.017945851 -0.0136329308 0.1086766 0.0137088146 -0.0164777594 0.111621199 0.0180849814 -0.0164777594 0.111621199 0.0180849814 -0.0164777594 0.1086766 0.0137088146 -0.0164777594 0.107966308 0.0147669296 -0.0190406677 0.111621199 0.0180849814 -0.0164777594 0.107966308 0.0147669296 -0.0190406677 0.110466975 0.0184913856 -0.0190406677 0.110466975 0.0184913856 -0.0190406677 0.107966308 0.0147669296 -0.0190406677 0.106856935 0.0164154287 -0.0210763493 0.110466975 0.0184913856 -0.0190406677 0.106856935 0.0164154287 -0.0210763493 0.1086766 0.0191174663 -0.0210763493 0.1086766 0.0191174663 -0.0210763493 0.106856935 0.0164154287 -0.0210763493 0.10546198 0.0184913856 -0.0223843483 0.1086766 0.0191174663 -0.0210763493 0.10546198 0.0184913856 -0.0223843483 0.106417579 0.0199119687 -0.0223843483 0.106417579 0.0199119687 -0.0223843483 0.10546198 0.0184913856 -0.0223843483 0.103913251 0.0207906802 -0.0228346876 0.103913251 0.0207906802 -0.00443117404 0.103913251 0.017945851 -0.00488151335 0.10546198 0.0184913856 -0.00488151335 0.10546198 0.0184913856 -0.00488151335 0.103913251 0.017945851 -0.00488151335 0.103913251 0.0153829438 -0.00618951232 0.10546198 0.0184913856 -0.00488151335 0.103913251 0.0153829438 -0.00618951232 0.106856935 0.0164154287 -0.00618951232 0.106856935 0.0164154287 -0.00618951232 0.103913251 0.0153829438 -0.00618951232 0.103913251 0.0133463464 -0.00822519395 0.106856935 0.0164154287 -0.00618951232 0.103913251 0.0133463464 -0.00822519395 0.107966308 0.0147669296 -0.00822519395 0.107966308 0.0147669296 -0.00822519395 0.103913251 0.0133463464 -0.00822519395 0.103913251 0.0120392627 -0.0107881022 0.107966308 0.0147669296 -0.00822519395 0.103913251 0.0120392627 -0.0107881022 0.1086766 0.0137088146 -0.0107881022 0.1086766 0.0137088146 -0.0107881022 0.103913251 0.0120392627 -0.0107881022 0.103913251 0.0115889234 -0.0136329308 0.1086766 0.0137088146 -0.0107881022 0.103913251 0.0115889234 -0.0136329308 0.108921907 0.0133463464 -0.0136329308 0.108921907 0.0133463464 -0.0136329308 0.103913251 0.0115889234 -0.0136329308 0.103913251 0.0120392627 -0.0164777594 0.108921907 0.0133463464 -0.0136329308 0.103913251 0.0120392627 -0.0164777594 0.1086766 0.0137088146 -0.0164777594 0.1086766 0.0137088146 -0.0164777594 0.103913251 0.0120392627 -0.0164777594 0.103913251 0.0133463464 -0.0190406677 0.1086766 0.0137088146 -0.0164777594 0.103913251 0.0133463464 -0.0190406677 0.107966308 0.0147669296 -0.0190406677 0.107966308 0.0147669296 -0.0190406677 0.103913251 0.0133463464 -0.0190406677 0.103913251 0.0153829438 -0.0210763493 0.107966308 0.0147669296 -0.0190406677 0.103913251 0.0153829438 -0.0210763493 0.106856935 0.0164154287 -0.0210763493 0.106856935 0.0164154287 -0.0210763493 0.103913251 0.0153829438 -0.0210763493 0.103913251 0.017945851 -0.0223843483 0.106856935 0.0164154287 -0.0210763493 0.103913251 0.017945851 -0.0223843483 0.10546198 0.0184913856 -0.0223843483 0.10546198 0.0184913856 -0.0223843483 0.103913251 0.017945851 -0.0223843483 0.103913251 0.0207906802 -0.0228346876 0.103913251 0.0207906802 -0.00443117404 0.102364522 0.0184913856 -0.00488151335 0.103913251 0.017945851 -0.00488151335 0.103913251 0.017945851 -0.00488151335 0.102364522 0.0184913856 -0.00488151335 0.100969568 0.0164154287 -0.00618951232 0.103913251 0.017945851 -0.00488151335 0.100969568 0.0164154287 -0.00618951232 0.103913251 0.0153829438 -0.00618951232 0.103913251 0.0153829438 -0.00618951232 0.100969568 0.0164154287 -0.00618951232 0.0998601944 0.0147669296 -0.00822519395 0.103913251 0.0153829438 -0.00618951232 0.0998601944 0.0147669296 -0.00822519395 0.103913251 0.0133463464 -0.00822519395 0.103913251 0.0133463464 -0.00822519395 0.0998601944 0.0147669296 -0.00822519395 0.0991499029 0.0137088146 -0.0107881022 0.103913251 0.0133463464 -0.00822519395 0.0991499029 0.0137088146 -0.0107881022 0.103913251 0.0120392627 -0.0107881022 0.103913251 0.0120392627 -0.0107881022 0.0991499029 0.0137088146 -0.0107881022 0.0989045958 0.0133463464 -0.0136329308 0.103913251 0.0120392627 -0.0107881022 0.0989045958 0.0133463464 -0.0136329308 0.103913251 0.0115889234 -0.0136329308 0.103913251 0.0115889234 -0.0136329308 0.0989045958 0.0133463464 -0.0136329308 0.0991499029 0.0137088146 -0.0164777594 0.103913251 0.0115889234 -0.0136329308 0.0991499029 0.0137088146 -0.0164777594 0.103913251 0.0120392627 -0.0164777594 0.103913251 0.0120392627 -0.0164777594 0.0991499029 0.0137088146 -0.0164777594 0.0998601944 0.0147669296 -0.0190406677 0.103913251 0.0120392627 -0.0164777594 0.0998601944 0.0147669296 -0.0190406677 0.103913251 0.0133463464 -0.0190406677 0.103913251 0.0133463464 -0.0190406677 0.0998601944 0.0147669296 -0.0190406677 0.100969568 0.0164154287 -0.0210763493 0.103913251 0.0133463464 -0.0190406677 0.100969568 0.0164154287 -0.0210763493 0.103913251 0.0153829438 -0.0210763493 0.103913251 0.0153829438 -0.0210763493 0.100969568 0.0164154287 -0.0210763493 0.102364522 0.0184913856 -0.0223843483 0.103913251 0.0153829438 -0.0210763493 0.102364522 0.0184913856 -0.0223843483 0.103913251 0.017945851 -0.0223843483 0.103913251 0.017945851 -0.0223843483 0.102364522 0.0184913856 -0.0223843483 0.103913251 0.0207906802 -0.0228346876 0.103913251 0.0207906802 -0.00443117404 0.101408924 0.0199119687 -0.00488151335 0.102364522 0.0184913856 -0.00488151335 0.102364522 0.0184913856 -0.00488151335 0.101408924 0.0199119687 -0.00488151335 0.0991499029 0.0191174663 -0.00618951232 0.102364522 0.0184913856 -0.00488151335 0.0991499029 0.0191174663 -0.00618951232 0.100969568 0.0164154287 -0.00618951232 0.100969568 0.0164154287 -0.00618951232 0.0991499029 0.0191174663 -0.00618951232 0.0973595279 0.0184913856 -0.00822519395 0.100969568 0.0164154287 -0.00618951232 0.0973595279 0.0184913856 -0.00822519395 0.0998601944 0.0147669296 -0.00822519395 0.0998601944 0.0147669296 -0.00822519395 0.0973595279 0.0184913856 -0.00822519395 0.0962053041 0.0180849814 -0.0107881022 0.0998601944 0.0147669296 -0.00822519395 0.0962053041 0.0180849814 -0.0107881022 0.0991499029 0.0137088146 -0.0107881022 0.0991499029 0.0137088146 -0.0107881022 0.0962053041 0.0180849814 -0.0107881022 0.0958098835 0.017945851 -0.0136329308 0.0991499029 0.0137088146 -0.0107881022 0.0958098835 0.017945851 -0.0136329308 0.0989045958 0.0133463464 -0.0136329308 0.0989045958 0.0133463464 -0.0136329308 0.0958098835 0.017945851 -0.0136329308 0.0962053041 0.0180849814 -0.0164777594 0.0989045958 0.0133463464 -0.0136329308 0.0962053041 0.0180849814 -0.0164777594 0.0991499029 0.0137088146 -0.0164777594 0.0991499029 0.0137088146 -0.0164777594 0.0962053041 0.0180849814 -0.0164777594 0.0973595279 0.0184913856 -0.0190406677 0.0991499029 0.0137088146 -0.0164777594 0.0973595279 0.0184913856 -0.0190406677 0.0998601944 0.0147669296 -0.0190406677 0.0998601944 0.0147669296 -0.0190406677 0.0973595279 0.0184913856 -0.0190406677 0.0991499029 0.0191174663 -0.0210763493 0.0998601944 0.0147669296 -0.0190406677 0.0991499029 0.0191174663 -0.0210763493 0.100969568 0.0164154287 -0.0210763493 0.100969568 0.0164154287 -0.0210763493 0.0991499029 0.0191174663 -0.0210763493 0.101408924 0.0199119687 -0.0223843483 0.100969568 0.0164154287 -0.0210763493 0.101408924 0.0199119687 -0.0223843483 0.102364522 0.0184913856 -0.0223843483 0.102364522 0.0184913856 -0.0223843483 0.101408924 0.0199119687 -0.0223843483 0.103913251 0.0207906802 -0.0228346876 0.103913251 0.0207906802 -0.00443117404 0.101408924 0.0216693917 -0.00488151335 0.101408924 0.0199119687 -0.00488151335 0.101408924 0.0199119687 -0.00488151335 0.101408924 0.0216693917 -0.00488151335 0.0991499029 0.0224602312 -0.00618951232 0.101408924 0.0199119687 -0.00488151335 0.0991499029 0.0224602312 -0.00618951232 0.0991499029 0.0191174663 -0.00618951232 0.0991499029 0.0191174663 -0.00618951232 0.0991499029 0.0224602312 -0.00618951232 0.0973595279 0.0230908901 -0.00822519395 0.0991499029 0.0191174663 -0.00618951232 0.0973595279 0.0230908901 -0.00822519395 0.0973595279 0.0184913856 -0.00822519395 0.0973595279 0.0184913856 -0.00822519395 0.0973595279 0.0230908901 -0.00822519395 0.0962053041 0.0234936331 -0.0107881022 0.0973595279 0.0184913856 -0.00822519395 0.0962053041 0.0234936331 -0.0107881022 0.0962053041 0.0180849814 -0.0107881022 0.0962053041 0.0180849814 -0.0107881022 0.0962053041 0.0234936331 -0.0107881022 0.0958098835 0.0236327618 -0.0136329308 0.0962053041 0.0180849814 -0.0107881022 0.0958098835 0.0236327618 -0.0136329308 0.0958098835 0.017945851 -0.0136329308 0.0958098835 0.017945851 -0.0136329308 0.0958098835 0.0236327618 -0.0136329308 0.0962053041 0.0234936331 -0.0164777594 0.0958098835 0.017945851 -0.0136329308 0.0962053041 0.0234936331 -0.0164777594 0.0962053041 0.0180849814 -0.0164777594 0.0962053041 0.0180849814 -0.0164777594 0.0962053041 0.0234936331 -0.0164777594 0.0973595279 0.0230908901 -0.0190406677 0.0962053041 0.0180849814 -0.0164777594 0.0973595279 0.0230908901 -0.0190406677 0.0973595279 0.0184913856 -0.0190406677 0.0973595279 0.0184913856 -0.0190406677 0.0973595279 0.0230908901 -0.0190406677 0.0991499029 0.0224602312 -0.0210763493 0.0973595279 0.0184913856 -0.0190406677 0.0991499029 0.0224602312 -0.0210763493 0.0991499029 0.0191174663 -0.0210763493 0.0991499029 0.0191174663 -0.0210763493 0.0991499029 0.0224602312 -0.0210763493 0.101408924 0.0216693917 -0.0223843483 0.0991499029 0.0191174663 -0.0210763493 0.101408924 0.0216693917 -0.0223843483 0.101408924 0.0199119687 -0.0223843483 0.101408924 0.0199119687 -0.0223843483 0.101408924 0.0216693917 -0.0223843483 0.103913251 0.0207906802 -0.0228346876 0.103913251 0.0207906802 -0.00443117404 0.102364522 0.0230908901 -0.00488151335 0.101408924 0.0216693917 -0.00488151335 0.101408924 0.0216693917 -0.00488151335 0.102364522 0.0230908901 -0.00488151335 0.100969568 0.025166847 -0.00618951232 0.101408924 0.0216693917 -0.00488151335 0.100969568 0.025166847 -0.00618951232 0.0991499029 0.0224602312 -0.00618951232 0.0991499029 0.0224602312 -0.00618951232 0.100969568 0.025166847 -0.00618951232 0.0998601944 0.0268144309 -0.00822519395 0.0991499029 0.0224602312 -0.00618951232 0.0998601944 0.0268144309 -0.00822519395 0.0973595279 0.0230908901 -0.00822519395 0.0973595279 0.0230908901 -0.00822519395 0.0998601944 0.0268144309 -0.00822519395 0.0991499029 0.0278725458 -0.0107881022 0.0973595279 0.0230908901 -0.00822519395 0.0991499029 0.0278725458 -0.0107881022 0.0962053041 0.0234936331 -0.0107881022 0.0962053041 0.0234936331 -0.0107881022 0.0991499029 0.0278725458 -0.0107881022 0.0989045958 0.028235014 -0.0136329308 0.0962053041 0.0234936331 -0.0107881022 0.0989045958 0.028235014 -0.0136329308 0.0958098835 0.0236327618 -0.0136329308 0.0958098835 0.0236327618 -0.0136329308 0.0989045958 0.028235014 -0.0136329308 0.0991499029 0.0278725458 -0.0164777594 0.0958098835 0.0236327618 -0.0136329308 0.0991499029 0.0278725458 -0.0164777594 0.0962053041 0.0234936331 -0.0164777594 0.0962053041 0.0234936331 -0.0164777594 0.0991499029 0.0278725458 -0.0164777594 0.0998601944 0.0268144309 -0.0190406677 0.0962053041 0.0234936331 -0.0164777594 0.0998601944 0.0268144309 -0.0190406677 0.0973595279 0.0230908901 -0.0190406677 0.0973595279 0.0230908901 -0.0190406677 0.0998601944 0.0268144309 -0.0190406677 0.100969568 0.025166847 -0.0210763493 0.0973595279 0.0230908901 -0.0190406677 0.100969568 0.025166847 -0.0210763493 0.0991499029 0.0224602312 -0.0210763493 0.0991499029 0.0224602312 -0.0210763493 0.100969568 0.025166847 -0.0210763493 0.102364522 0.0230908901 -0.0223843483 0.0991499029 0.0224602312 -0.0210763493 0.102364522 0.0230908901 -0.0223843483 0.101408924 0.0216693917 -0.0223843483 0.101408924 0.0216693917 -0.0223843483 0.102364522 0.0230908901 -0.0223843483 0.103913251 0.0207906802 -0.0228346876 0.103913251 0.0207906802 -0.00443117404 0.103913251 0.0236327618 -0.00488151335 0.102364522 0.0230908901 -0.00488151335 0.102364522 0.0230908901 -0.00488151335 0.103913251 0.0236327618 -0.00488151335 0.103913251 0.0261993319 -0.00618951232 0.102364522 0.0230908901 -0.00488151335 0.103913251 0.0261993319 -0.00618951232 0.100969568 0.025166847 -0.00618951232 0.100969568 0.025166847 -0.00618951232 0.103913251 0.0261993319 -0.00618951232 0.103913251 0.028235014 -0.00822519395 0.100969568 0.025166847 -0.00618951232 0.103913251 0.028235014 -0.00822519395 0.0998601944 0.0268144309 -0.00822519395 0.0998601944 0.0268144309 -0.00822519395 0.103913251 0.028235014 -0.00822519395 0.103913251 0.0295420968 -0.0107881022 0.0998601944 0.0268144309 -0.00822519395 0.103913251 0.0295420968 -0.0107881022 0.0991499029 0.0278725458 -0.0107881022 0.0991499029 0.0278725458 -0.0107881022 0.103913251 0.0295420968 -0.0107881022 0.103913251 0.029992437 -0.0136329308 0.0991499029 0.0278725458 -0.0107881022 0.103913251 0.029992437 -0.0136329308 0.0989045958 0.028235014 -0.0136329308 0.0989045958 0.028235014 -0.0136329308 0.103913251 0.029992437 -0.0136329308 0.103913251 0.0295420968 -0.0164777594 0.0989045958 0.028235014 -0.0136329308 0.103913251 0.0295420968 -0.0164777594 0.0991499029 0.0278725458 -0.0164777594 0.0991499029 0.0278725458 -0.0164777594 0.103913251 0.0295420968 -0.0164777594 0.103913251 0.028235014 -0.0190406677 0.0991499029 0.0278725458 -0.0164777594 0.103913251 0.028235014 -0.0190406677 0.0998601944 0.0268144309 -0.0190406677 0.0998601944 0.0268144309 -0.0190406677 0.103913251 0.028235014 -0.0190406677 0.103913251 0.0261993319 -0.0210763493 0.0998601944 0.0268144309 -0.0190406677 0.103913251 0.0261993319 -0.0210763493 0.100969568 0.025166847 -0.0210763493 0.100969568 0.025166847 -0.0210763493 0.103913251 0.0261993319 -0.0210763493 0.103913251 0.0236327618 -0.0223843483 0.100969568 0.025166847 -0.0210763493 0.103913251 0.0236327618 -0.0223843483 0.102364522 0.0230908901 -0.0223843483 0.102364522 0.0230908901 -0.0223843483 0.103913251 0.0236327618 -0.0223843483 0.103913251 0.0207906802 -0.0228346876 0.103913251 -0.0207906802 -0.00443117404 0.103913251 -0.0236327618 -0.00488151335 0.10546198 -0.0230908901 -0.00488151335 0.103913251 -0.0236327618 -0.00488151335 0.106856935 -0.025166847 -0.00618951232 0.10546198 -0.0230908901 -0.00488151335 0.103913251 -0.0236327618 -0.00488151335 0.103913251 -0.0261993319 -0.00618951232 0.106856935 -0.025166847 -0.00618951232 0.103913251 -0.0261993319 -0.00618951232 0.107966308 -0.0268144309 -0.00822519395 0.106856935 -0.025166847 -0.00618951232 0.103913251 -0.0261993319 -0.00618951232 0.103913251 -0.028235014 -0.00822519395 0.107966308 -0.0268144309 -0.00822519395 0.103913251 -0.028235014 -0.00822519395 0.1086766 -0.0278725458 -0.0107881022 0.107966308 -0.0268144309 -0.00822519395 0.103913251 -0.028235014 -0.00822519395 0.103913251 -0.0295420968 -0.0107881022 0.1086766 -0.0278725458 -0.0107881022 0.103913251 -0.0295420968 -0.0107881022 0.108921907 -0.028235014 -0.0136329308 0.1086766 -0.0278725458 -0.0107881022 0.103913251 -0.0295420968 -0.0107881022 0.103913251 -0.029992437 -0.0136329308 0.108921907 -0.028235014 -0.0136329308 0.103913251 -0.029992437 -0.0136329308 0.1086766 -0.0278725458 -0.0164777594 0.108921907 -0.028235014 -0.0136329308 0.103913251 -0.029992437 -0.0136329308 0.103913251 -0.0295420968 -0.0164777594 0.1086766 -0.0278725458 -0.0164777594 0.103913251 -0.0295420968 -0.0164777594 0.107966308 -0.0268144309 -0.0190406677 0.1086766 -0.0278725458 -0.0164777594 0.103913251 -0.0295420968 -0.0164777594 0.103913251 -0.028235014 -0.0190406677 0.107966308 -0.0268144309 -0.0190406677 0.103913251 -0.028235014 -0.0190406677 0.106856935 -0.025166847 -0.0210763493 0.107966308 -0.0268144309 -0.0190406677 0.103913251 -0.028235014 -0.0190406677 0.103913251 -0.0261993319 -0.0210763493 0.106856935 -0.025166847 -0.0210763493 0.103913251 -0.0261993319 -0.0210763493 0.10546198 -0.0230908901 -0.0223843483 0.106856935 -0.025166847 -0.0210763493 0.103913251 -0.0261993319 -0.0210763493 0.103913251 -0.0236327618 -0.0223843483 0.10546198 -0.0230908901 -0.0223843483 0.103913251 -0.0236327618 -0.0223843483 0.103913251 -0.0207906802 -0.0228346876 0.10546198 -0.0230908901 -0.0223843483 0.103913251 -0.0207906802 -0.00443117404 0.10546198 -0.0230908901 -0.00488151335 0.106417579 -0.0216693917 -0.00488151335 0.10546198 -0.0230908901 -0.00488151335 0.1086766 -0.0224602312 -0.00618951232 0.106417579 -0.0216693917 -0.00488151335 0.10546198 -0.0230908901 -0.00488151335 0.106856935 -0.025166847 -0.00618951232 0.1086766 -0.0224602312 -0.00618951232 0.106856935 -0.025166847 -0.00618951232 0.110466975 -0.0230908901 -0.00822519395 0.1086766 -0.0224602312 -0.00618951232 0.106856935 -0.025166847 -0.00618951232 0.107966308 -0.0268144309 -0.00822519395 0.110466975 -0.0230908901 -0.00822519395 0.107966308 -0.0268144309 -0.00822519395 0.111621199 -0.0234936331 -0.0107881022 0.110466975 -0.0230908901 -0.00822519395 0.107966308 -0.0268144309 -0.00822519395 0.1086766 -0.0278725458 -0.0107881022 0.111621199 -0.0234936331 -0.0107881022 0.1086766 -0.0278725458 -0.0107881022 0.112016619 -0.0236327618 -0.0136329308 0.111621199 -0.0234936331 -0.0107881022 0.1086766 -0.0278725458 -0.0107881022 0.108921907 -0.028235014 -0.0136329308 0.112016619 -0.0236327618 -0.0136329308 0.108921907 -0.028235014 -0.0136329308 0.111621199 -0.0234936331 -0.0164777594 0.112016619 -0.0236327618 -0.0136329308 0.108921907 -0.028235014 -0.0136329308 0.1086766 -0.0278725458 -0.0164777594 0.111621199 -0.0234936331 -0.0164777594 0.1086766 -0.0278725458 -0.0164777594 0.110466975 -0.0230908901 -0.0190406677 0.111621199 -0.0234936331 -0.0164777594 0.1086766 -0.0278725458 -0.0164777594 0.107966308 -0.0268144309 -0.0190406677 0.110466975 -0.0230908901 -0.0190406677 0.107966308 -0.0268144309 -0.0190406677 0.1086766 -0.0224602312 -0.0210763493 0.110466975 -0.0230908901 -0.0190406677 0.107966308 -0.0268144309 -0.0190406677 0.106856935 -0.025166847 -0.0210763493 0.1086766 -0.0224602312 -0.0210763493 0.106856935 -0.025166847 -0.0210763493 0.106417579 -0.0216693917 -0.0223843483 0.1086766 -0.0224602312 -0.0210763493 0.106856935 -0.025166847 -0.0210763493 0.10546198 -0.0230908901 -0.0223843483 0.106417579 -0.0216693917 -0.0223843483 0.10546198 -0.0230908901 -0.0223843483 0.103913251 -0.0207906802 -0.0228346876 0.106417579 -0.0216693917 -0.0223843483 0.103913251 -0.0207906802 -0.00443117404 0.106417579 -0.0216693917 -0.00488151335 0.106417579 -0.0199119687 -0.00488151335 0.106417579 -0.0216693917 -0.00488151335 0.1086766 -0.0191174663 -0.00618951232 0.106417579 -0.0199119687 -0.00488151335 0.106417579 -0.0216693917 -0.00488151335 0.1086766 -0.0224602312 -0.00618951232 0.1086766 -0.0191174663 -0.00618951232 0.1086766 -0.0224602312 -0.00618951232 0.110466975 -0.0184913856 -0.00822519395 0.1086766 -0.0191174663 -0.00618951232 0.1086766 -0.0224602312 -0.00618951232 0.110466975 -0.0230908901 -0.00822519395 0.110466975 -0.0184913856 -0.00822519395 0.110466975 -0.0230908901 -0.00822519395 0.111621199 -0.0180849814 -0.0107881022 0.110466975 -0.0184913856 -0.00822519395 0.110466975 -0.0230908901 -0.00822519395 0.111621199 -0.0234936331 -0.0107881022 0.111621199 -0.0180849814 -0.0107881022 0.111621199 -0.0234936331 -0.0107881022 0.112016619 -0.017945851 -0.0136329308 0.111621199 -0.0180849814 -0.0107881022 0.111621199 -0.0234936331 -0.0107881022 0.112016619 -0.0236327618 -0.0136329308 0.112016619 -0.017945851 -0.0136329308 0.112016619 -0.0236327618 -0.0136329308 0.111621199 -0.0180849814 -0.0164777594 0.112016619 -0.017945851 -0.0136329308 0.112016619 -0.0236327618 -0.0136329308 0.111621199 -0.0234936331 -0.0164777594 0.111621199 -0.0180849814 -0.0164777594 0.111621199 -0.0234936331 -0.0164777594 0.110466975 -0.0184913856 -0.0190406677 0.111621199 -0.0180849814 -0.0164777594 0.111621199 -0.0234936331 -0.0164777594 0.110466975 -0.0230908901 -0.0190406677 0.110466975 -0.0184913856 -0.0190406677 0.110466975 -0.0230908901 -0.0190406677 0.1086766 -0.0191174663 -0.0210763493 0.110466975 -0.0184913856 -0.0190406677 0.110466975 -0.0230908901 -0.0190406677 0.1086766 -0.0224602312 -0.0210763493 0.1086766 -0.0191174663 -0.0210763493 0.1086766 -0.0224602312 -0.0210763493 0.106417579 -0.0199119687 -0.0223843483 0.1086766 -0.0191174663 -0.0210763493 0.1086766 -0.0224602312 -0.0210763493 0.106417579 -0.0216693917 -0.0223843483 0.106417579 -0.0199119687 -0.0223843483 0.106417579 -0.0216693917 -0.0223843483 0.103913251 -0.0207906802 -0.0228346876 0.106417579 -0.0199119687 -0.0223843483 0.103913251 -0.0207906802 -0.00443117404 0.106417579 -0.0199119687 -0.00488151335 0.10546198 -0.0184913856 -0.00488151335 0.106417579 -0.0199119687 -0.00488151335 0.106856935 -0.0164154287 -0.00618951232 0.10546198 -0.0184913856 -0.00488151335 0.106417579 -0.0199119687 -0.00488151335 0.1086766 -0.0191174663 -0.00618951232 0.106856935 -0.0164154287 -0.00618951232 0.1086766 -0.0191174663 -0.00618951232 0.107966308 -0.0147669296 -0.00822519395 0.106856935 -0.0164154287 -0.00618951232 0.1086766 -0.0191174663 -0.00618951232 0.110466975 -0.0184913856 -0.00822519395 0.107966308 -0.0147669296 -0.00822519395 0.110466975 -0.0184913856 -0.00822519395 0.1086766 -0.0137088146 -0.0107881022 0.107966308 -0.0147669296 -0.00822519395 0.110466975 -0.0184913856 -0.00822519395 0.111621199 -0.0180849814 -0.0107881022 0.1086766 -0.0137088146 -0.0107881022 0.111621199 -0.0180849814 -0.0107881022 0.108921907 -0.0133463464 -0.0136329308 0.1086766 -0.0137088146 -0.0107881022 0.111621199 -0.0180849814 -0.0107881022 0.112016619 -0.017945851 -0.0136329308 0.108921907 -0.0133463464 -0.0136329308 0.112016619 -0.017945851 -0.0136329308 0.1086766 -0.0137088146 -0.0164777594 0.108921907 -0.0133463464 -0.0136329308 0.112016619 -0.017945851 -0.0136329308 0.111621199 -0.0180849814 -0.0164777594 0.1086766 -0.0137088146 -0.0164777594 0.111621199 -0.0180849814 -0.0164777594 0.107966308 -0.0147669296 -0.0190406677 0.1086766 -0.0137088146 -0.0164777594 0.111621199 -0.0180849814 -0.0164777594 0.110466975 -0.0184913856 -0.0190406677 0.107966308 -0.0147669296 -0.0190406677 0.110466975 -0.0184913856 -0.0190406677 0.106856935 -0.0164154287 -0.0210763493 0.107966308 -0.0147669296 -0.0190406677 0.110466975 -0.0184913856 -0.0190406677 0.1086766 -0.0191174663 -0.0210763493 0.106856935 -0.0164154287 -0.0210763493 0.1086766 -0.0191174663 -0.0210763493 0.10546198 -0.0184913856 -0.0223843483 0.106856935 -0.0164154287 -0.0210763493 0.1086766 -0.0191174663 -0.0210763493 0.106417579 -0.0199119687 -0.0223843483 0.10546198 -0.0184913856 -0.0223843483 0.106417579 -0.0199119687 -0.0223843483 0.103913251 -0.0207906802 -0.0228346876 0.10546198 -0.0184913856 -0.0223843483 0.103913251 -0.0207906802 -0.00443117404 0.10546198 -0.0184913856 -0.00488151335 0.103913251 -0.017945851 -0.00488151335 0.10546198 -0.0184913856 -0.00488151335 0.103913251 -0.0153829438 -0.00618951232 0.103913251 -0.017945851 -0.00488151335 0.10546198 -0.0184913856 -0.00488151335 0.106856935 -0.0164154287 -0.00618951232 0.103913251 -0.0153829438 -0.00618951232 0.106856935 -0.0164154287 -0.00618951232 0.103913251 -0.0133463464 -0.00822519395 0.103913251 -0.0153829438 -0.00618951232 0.106856935 -0.0164154287 -0.00618951232 0.107966308 -0.0147669296 -0.00822519395 0.103913251 -0.0133463464 -0.00822519395 0.107966308 -0.0147669296 -0.00822519395 0.103913251 -0.0120392627 -0.0107881022 0.103913251 -0.0133463464 -0.00822519395 0.107966308 -0.0147669296 -0.00822519395 0.1086766 -0.0137088146 -0.0107881022 0.103913251 -0.0120392627 -0.0107881022 0.1086766 -0.0137088146 -0.0107881022 0.103913251 -0.0115889234 -0.0136329308 0.103913251 -0.0120392627 -0.0107881022 0.1086766 -0.0137088146 -0.0107881022 0.108921907 -0.0133463464 -0.0136329308 0.103913251 -0.0115889234 -0.0136329308 0.108921907 -0.0133463464 -0.0136329308 0.103913251 -0.0120392627 -0.0164777594 0.103913251 -0.0115889234 -0.0136329308 0.108921907 -0.0133463464 -0.0136329308 0.1086766 -0.0137088146 -0.0164777594 0.103913251 -0.0120392627 -0.0164777594 0.1086766 -0.0137088146 -0.0164777594 0.103913251 -0.0133463464 -0.0190406677 0.103913251 -0.0120392627 -0.0164777594 0.1086766 -0.0137088146 -0.0164777594 0.107966308 -0.0147669296 -0.0190406677 0.103913251 -0.0133463464 -0.0190406677 0.107966308 -0.0147669296 -0.0190406677 0.103913251 -0.0153829438 -0.0210763493 0.103913251 -0.0133463464 -0.0190406677 0.107966308 -0.0147669296 -0.0190406677 0.106856935 -0.0164154287 -0.0210763493 0.103913251 -0.0153829438 -0.0210763493 0.106856935 -0.0164154287 -0.0210763493 0.103913251 -0.017945851 -0.0223843483 0.103913251 -0.0153829438 -0.0210763493 0.106856935 -0.0164154287 -0.0210763493 0.10546198 -0.0184913856 -0.0223843483 0.103913251 -0.017945851 -0.0223843483 0.10546198 -0.0184913856 -0.0223843483 0.103913251 -0.0207906802 -0.0228346876 0.103913251 -0.017945851 -0.0223843483 0.103913251 -0.0207906802 -0.00443117404 0.103913251 -0.017945851 -0.00488151335 0.102364522 -0.0184913856 -0.00488151335 0.103913251 -0.017945851 -0.00488151335 0.100969568 -0.0164154287 -0.00618951232 0.102364522 -0.0184913856 -0.00488151335 0.103913251 -0.017945851 -0.00488151335 0.103913251 -0.0153829438 -0.00618951232 0.100969568 -0.0164154287 -0.00618951232 0.103913251 -0.0153829438 -0.00618951232 0.0998601944 -0.0147669296 -0.00822519395 0.100969568 -0.0164154287 -0.00618951232 0.103913251 -0.0153829438 -0.00618951232 0.103913251 -0.0133463464 -0.00822519395 0.0998601944 -0.0147669296 -0.00822519395 0.103913251 -0.0133463464 -0.00822519395 0.0991499029 -0.0137088146 -0.0107881022 0.0998601944 -0.0147669296 -0.00822519395 0.103913251 -0.0133463464 -0.00822519395 0.103913251 -0.0120392627 -0.0107881022 0.0991499029 -0.0137088146 -0.0107881022 0.103913251 -0.0120392627 -0.0107881022 0.0989045958 -0.0133463464 -0.0136329308 0.0991499029 -0.0137088146 -0.0107881022 0.103913251 -0.0120392627 -0.0107881022 0.103913251 -0.0115889234 -0.0136329308 0.0989045958 -0.0133463464 -0.0136329308 0.103913251 -0.0115889234 -0.0136329308 0.0991499029 -0.0137088146 -0.0164777594 0.0989045958 -0.0133463464 -0.0136329308 0.103913251 -0.0115889234 -0.0136329308 0.103913251 -0.0120392627 -0.0164777594 0.0991499029 -0.0137088146 -0.0164777594 0.103913251 -0.0120392627 -0.0164777594 0.0998601944 -0.0147669296 -0.0190406677 0.0991499029 -0.0137088146 -0.0164777594 0.103913251 -0.0120392627 -0.0164777594 0.103913251 -0.0133463464 -0.0190406677 0.0998601944 -0.0147669296 -0.0190406677 0.103913251 -0.0133463464 -0.0190406677 0.100969568 -0.0164154287 -0.0210763493 0.0998601944 -0.0147669296 -0.0190406677 0.103913251 -0.0133463464 -0.0190406677 0.103913251 -0.0153829438 -0.0210763493 0.100969568 -0.0164154287 -0.0210763493 0.103913251 -0.0153829438 -0.0210763493 0.102364522 -0.0184913856 -0.0223843483 0.100969568 -0.0164154287 -0.0210763493 0.103913251 -0.0153829438 -0.0210763493 0.103913251 -0.017945851 -0.0223843483 0.102364522 -0.0184913856 -0.0223843483 0.103913251 -0.017945851 -0.0223843483 0.103913251 -0.0207906802 -0.0228346876 0.102364522 -0.0184913856 -0.0223843483 0.103913251 -0.0207906802 -0.00443117404 0.102364522 -0.0184913856 -0.00488151335 0.101408924 -0.0199119687 -0.00488151335 0.102364522 -0.0184913856 -0.00488151335 0.0991499029 -0.0191174663 -0.00618951232 0.101408924 -0.0199119687 -0.00488151335 0.102364522 -0.0184913856 -0.00488151335 0.100969568 -0.0164154287 -0.00618951232 0.0991499029 -0.0191174663 -0.00618951232 0.100969568 -0.0164154287 -0.00618951232 0.0973595279 -0.0184913856 -0.00822519395 0.0991499029 -0.0191174663 -0.00618951232 0.100969568 -0.0164154287 -0.00618951232 0.0998601944 -0.0147669296 -0.00822519395 0.0973595279 -0.0184913856 -0.00822519395 0.0998601944 -0.0147669296 -0.00822519395 0.0962053041 -0.0180849814 -0.0107881022 0.0973595279 -0.0184913856 -0.00822519395 0.0998601944 -0.0147669296 -0.00822519395 0.0991499029 -0.0137088146 -0.0107881022 0.0962053041 -0.0180849814 -0.0107881022 0.0991499029 -0.0137088146 -0.0107881022 0.0958098835 -0.017945851 -0.0136329308 0.0962053041 -0.0180849814 -0.0107881022 0.0991499029 -0.0137088146 -0.0107881022 0.0989045958 -0.0133463464 -0.0136329308 0.0958098835 -0.017945851 -0.0136329308 0.0989045958 -0.0133463464 -0.0136329308 0.0962053041 -0.0180849814 -0.0164777594 0.0958098835 -0.017945851 -0.0136329308 0.0989045958 -0.0133463464 -0.0136329308 0.0991499029 -0.0137088146 -0.0164777594 0.0962053041 -0.0180849814 -0.0164777594 0.0991499029 -0.0137088146 -0.0164777594 0.0973595279 -0.0184913856 -0.0190406677 0.0962053041 -0.0180849814 -0.0164777594 0.0991499029 -0.0137088146 -0.0164777594 0.0998601944 -0.0147669296 -0.0190406677 0.0973595279 -0.0184913856 -0.0190406677 0.0998601944 -0.0147669296 -0.0190406677 0.0991499029 -0.0191174663 -0.0210763493 0.0973595279 -0.0184913856 -0.0190406677 0.0998601944 -0.0147669296 -0.0190406677 0.100969568 -0.0164154287 -0.0210763493 0.0991499029 -0.0191174663 -0.0210763493 0.100969568 -0.0164154287 -0.0210763493 0.101408924 -0.0199119687 -0.0223843483 0.0991499029 -0.0191174663 -0.0210763493 0.100969568 -0.0164154287 -0.0210763493 0.102364522 -0.0184913856 -0.0223843483 0.101408924 -0.0199119687 -0.0223843483 0.102364522 -0.0184913856 -0.0223843483 0.103913251 -0.0207906802 -0.0228346876 0.101408924 -0.0199119687 -0.0223843483 0.103913251 -0.0207906802 -0.00443117404 0.101408924 -0.0199119687 -0.00488151335 0.101408924 -0.0216693917 -0.00488151335 0.101408924 -0.0199119687 -0.00488151335 0.0991499029 -0.0224602312 -0.00618951232 0.101408924 -0.0216693917 -0.00488151335 0.101408924 -0.0199119687 -0.00488151335 0.0991499029 -0.0191174663 -0.00618951232 0.0991499029 -0.0224602312 -0.00618951232 0.0991499029 -0.0191174663 -0.00618951232 0.0973595279 -0.0230908901 -0.00822519395 0.0991499029 -0.0224602312 -0.00618951232 0.0991499029 -0.0191174663 -0.00618951232 0.0973595279 -0.0184913856 -0.00822519395 0.0973595279 -0.0230908901 -0.00822519395 0.0973595279 -0.0184913856 -0.00822519395 0.0962053041 -0.0234936331 -0.0107881022 0.0973595279 -0.0230908901 -0.00822519395 0.0973595279 -0.0184913856 -0.00822519395 0.0962053041 -0.0180849814 -0.0107881022 0.0962053041 -0.0234936331 -0.0107881022 0.0962053041 -0.0180849814 -0.0107881022 0.0958098835 -0.0236327618 -0.0136329308 0.0962053041 -0.0234936331 -0.0107881022 0.0962053041 -0.0180849814 -0.0107881022 0.0958098835 -0.017945851 -0.0136329308 0.0958098835 -0.0236327618 -0.0136329308 0.0958098835 -0.017945851 -0.0136329308 0.0962053041 -0.0234936331 -0.0164777594 0.0958098835 -0.0236327618 -0.0136329308 0.0958098835 -0.017945851 -0.0136329308 0.0962053041 -0.0180849814 -0.0164777594 0.0962053041 -0.0234936331 -0.0164777594 0.0962053041 -0.0180849814 -0.0164777594 0.0973595279 -0.0230908901 -0.0190406677 0.0962053041 -0.0234936331 -0.0164777594 0.0962053041 -0.0180849814 -0.0164777594 0.0973595279 -0.0184913856 -0.0190406677 0.0973595279 -0.0230908901 -0.0190406677 0.0973595279 -0.0184913856 -0.0190406677 0.0991499029 -0.0224602312 -0.0210763493 0.0973595279 -0.0230908901 -0.0190406677 0.0973595279 -0.0184913856 -0.0190406677 0.0991499029 -0.0191174663 -0.0210763493 0.0991499029 -0.0224602312 -0.0210763493 0.0991499029 -0.0191174663 -0.0210763493 0.101408924 -0.0216693917 -0.0223843483 0.0991499029 -0.0224602312 -0.0210763493 0.0991499029 -0.0191174663 -0.0210763493 0.101408924 -0.0199119687 -0.0223843483 0.101408924 -0.0216693917 -0.0223843483 0.101408924 -0.0199119687 -0.0223843483 0.103913251 -0.0207906802 -0.0228346876 0.101408924 -0.0216693917 -0.0223843483 0.103913251 -0.0207906802 -0.00443117404 0.101408924 -0.0216693917 -0.00488151335 0.102364522 -0.0230908901 -0.00488151335 0.101408924 -0.0216693917 -0.00488151335 0.100969568 -0.025166847 -0.00618951232 0.102364522 -0.0230908901 -0.00488151335 0.101408924 -0.0216693917 -0.00488151335 0.0991499029 -0.0224602312 -0.00618951232 0.100969568 -0.025166847 -0.00618951232 0.0991499029 -0.0224602312 -0.00618951232 0.0998601944 -0.0268144309 -0.00822519395 0.100969568 -0.025166847 -0.00618951232 0.0991499029 -0.0224602312 -0.00618951232 0.0973595279 -0.0230908901 -0.00822519395 0.0998601944 -0.0268144309 -0.00822519395 0.0973595279 -0.0230908901 -0.00822519395 0.0991499029 -0.0278725458 -0.0107881022 0.0998601944 -0.0268144309 -0.00822519395 0.0973595279 -0.0230908901 -0.00822519395 0.0962053041 -0.0234936331 -0.0107881022 0.0991499029 -0.0278725458 -0.0107881022 0.0962053041 -0.0234936331 -0.0107881022 0.0989045958 -0.028235014 -0.0136329308 0.0991499029 -0.0278725458 -0.0107881022 0.0962053041 -0.0234936331 -0.0107881022 0.0958098835 -0.0236327618 -0.0136329308 0.0989045958 -0.028235014 -0.0136329308 0.0958098835 -0.0236327618 -0.0136329308 0.0991499029 -0.0278725458 -0.0164777594 0.0989045958 -0.028235014 -0.0136329308 0.0958098835 -0.0236327618 -0.0136329308 0.0962053041 -0.0234936331 -0.0164777594 0.0991499029 -0.0278725458 -0.0164777594 0.0962053041 -0.0234936331 -0.0164777594 0.0998601944 -0.0268144309 -0.0190406677 0.0991499029 -0.0278725458 -0.0164777594 0.0962053041 -0.0234936331 -0.0164777594 0.0973595279 -0.0230908901 -0.0190406677 0.0998601944 -0.0268144309 -0.0190406677 0.0973595279 -0.0230908901 -0.0190406677 0.100969568 -0.025166847 -0.0210763493 0.0998601944 -0.0268144309 -0.0190406677 0.0973595279 -0.0230908901 -0.0190406677 0.0991499029 -0.0224602312 -0.0210763493 0.100969568 -0.025166847 -0.0210763493 0.0991499029 -0.0224602312 -0.0210763493 0.102364522 -0.0230908901 -0.0223843483 0.100969568 -0.025166847 -0.0210763493 0.0991499029 -0.0224602312 -0.0210763493 0.101408924 -0.0216693917 -0.0223843483 0.102364522 -0.0230908901 -0.0223843483 0.101408924 -0.0216693917 -0.0223843483 0.103913251 -0.0207906802 -0.0228346876 0.102364522 -0.0230908901 -0.0223843483 0.103913251 -0.0207906802 -0.00443117404 0.102364522 -0.0230908901 -0.00488151335 0.103913251 -0.0236327618 -0.00488151335 0.102364522 -0.0230908901 -0.00488151335 0.103913251 -0.0261993319 -0.00618951232 0.103913251 -0.0236327618 -0.00488151335 0.102364522 -0.0230908901 -0.00488151335 0.100969568 -0.025166847 -0.00618951232 0.103913251 -0.0261993319 -0.00618951232 0.100969568 -0.025166847 -0.00618951232 0.103913251 -0.028235014 -0.00822519395 0.103913251 -0.0261993319 -0.00618951232 0.100969568 -0.025166847 -0.00618951232 0.0998601944 -0.0268144309 -0.00822519395 0.103913251 -0.028235014 -0.00822519395 0.0998601944 -0.0268144309 -0.00822519395 0.103913251 -0.0295420968 -0.0107881022 0.103913251 -0.028235014 -0.00822519395 0.0998601944 -0.0268144309 -0.00822519395 0.0991499029 -0.0278725458 -0.0107881022 0.103913251 -0.0295420968 -0.0107881022 0.0991499029 -0.0278725458 -0.0107881022 0.103913251 -0.029992437 -0.0136329308 0.103913251 -0.0295420968 -0.0107881022 0.0991499029 -0.0278725458 -0.0107881022 0.0989045958 -0.028235014 -0.0136329308 0.103913251 -0.029992437 -0.0136329308 0.0989045958 -0.028235014 -0.0136329308 0.103913251 -0.0295420968 -0.0164777594 0.103913251 -0.029992437 -0.0136329308 0.0989045958 -0.028235014 -0.0136329308 0.0991499029 -0.0278725458 -0.0164777594 0.103913251 -0.0295420968 -0.0164777594 0.0991499029 -0.0278725458 -0.0164777594 0.103913251 -0.028235014 -0.0190406677 0.103913251 -0.0295420968 -0.0164777594 0.0991499029 -0.0278725458 -0.0164777594 0.0998601944 -0.0268144309 -0.0190406677 0.103913251 -0.028235014 -0.0190406677 0.0998601944 -0.0268144309 -0.0190406677 0.103913251 -0.0261993319 -0.0210763493 0.103913251 -0.028235014 -0.0190406677 0.0998601944 -0.0268144309 -0.0190406677 0.100969568 -0.025166847 -0.0210763493 0.103913251 -0.0261993319 -0.0210763493 0.100969568 -0.025166847 -0.0210763493 0.103913251 -0.0236327618 -0.0223843483 0.103913251 -0.0261993319 -0.0210763493 0.100969568 -0.025166847 -0.0210763493 0.102364522 -0.0230908901 -0.0223843483 0.103913251 -0.0236327618 -0.0223843483 0.102364522 -0.0230908901 -0.0223843483 0.103913251 -0.0207906802 -0.0228346876 0.103913251 -0.0236327618 -0.0223843483</float_array><technique_common><accessor source="#part3-positions-array" count="1080" stride="3"><param name="X" type="float" /><param name="Y" type="float" /><param name="Z" type="float" /></accessor></technique_common></source><source id="part3-normals"><float_array id="part3-normals-array" count="3240">0.0546750838 0.156267429 0.986200348 0.0546750838 0.156267429 0.986200348 0.0546750838 0.156267429 0.986200348 0.157021375 0.448784435 0.879736789 0.157021375 0.448784435 0.879736789 0.157021375 0.448784435 0.879736789 0.157278903 0.448412676 0.879880344 0.157278903 0.448412676 0.879880344 0.157278903 0.448412676 0.879880344 0.240665447 0.686153294 0.686493846 0.240665447 0.686153294 0.686493846 0.240665447 0.686153294 0.686493846 0.240560583 0.686341897 0.686342048 0.240560583 0.686341897 0.686342048 0.240560583 0.686341897 0.686342048 0.298045024 0.850350398 0.43367426 0.298045024 0.850350398 0.43367426 0.298045024 0.850350398 0.43367426 0.298046575 0.850348228 0.433677449 0.298046575 0.850348228 0.433677449 0.298046575 0.850348228 0.433677449 0.327169879 0.933439102 0.147143852 0.327169879 0.933439102 0.147143852 0.327169879 0.933439102 0.147143852 0.327454726 0.933245969 0.147734095 0.327454726 0.933245969 0.147734095 0.327454726 0.933245969 0.147734095 0.327483229 0.933327202 -0.147156614 0.327483229 0.933327202 -0.147156614 0.327483229 0.933327202 -0.147156614 0.327139933 0.933353665 -0.147751144 0.327139933 0.933353665 -0.147751144 0.327139933 0.933353665 -0.147751144 0.298047047 0.850349576 -0.433674481 0.298047047 0.850349576 -0.433674481 0.298047047 0.850349576 -0.433674481 0.298044469 0.850348814 -0.433677748 0.298044469 0.850348814 -0.433677748 0.298044469 0.850348814 -0.433677748 0.240519755 0.686225413 -0.686472818 0.240519755 0.686225413 -0.686472818 0.240519755 0.686225413 -0.686472818 0.240721692 0.686313653 -0.686313803 0.240721692 0.686313653 -0.686313803 0.240721692 0.686313653 -0.686313803 0.157342435 0.448593811 -0.879776649 0.157342435 0.448593811 -0.879776649 0.157342435 0.448593811 -0.879776649 0.156900857 0.44843998 -0.879933921 0.156900857 0.44843998 -0.879933921 0.156900857 0.44843998 -0.879933921 0.0546750838 0.156267429 -0.986200348 0.0546750838 0.156267429 -0.986200348 0.0546750838 0.156267429 -0.986200348 0.143317536 0.0963448538 0.984976016 0.143317536 0.0963448538 0.984976016 0.143317536 0.0963448538 0.984976016 0.408116192 0.274355085 0.870729844 0.408116192 0.274355085 0.870729844 0.408116192 0.274355085 0.870729844 0.408117528 0.274378481 0.870721846 0.408117528 0.274378481 0.870721846 0.408117528 0.274378481 0.870721846 0.616011799 0.414146343 0.670083779 0.616011799 0.414146343 0.670083779 0.616011799 0.414146343 0.670083779 0.615938176 0.413653594 0.670455716 0.615938176 0.413653594 0.670455716 0.615938176 0.413653594 0.670455716 0.75376998 0.506219087 0.419014382 0.75376998 0.506219087 0.419014382 0.75376998 0.506219087 0.419014382 0.753787626 0.506884306 0.418177612 0.753787626 0.506884306 0.418177612 0.753787626 0.506884306 0.418177612 0.821514258 0.552427064 0.141204328 0.821514258 0.552427064 0.141204328 0.821514258 0.552427064 0.141204328 0.821517821 0.552416777 0.141223842 0.821517821 0.552416777 0.141223842 0.821517821 0.552416777 0.141223842 0.821520086 0.5524183 -0.14120471 0.821520086 0.5524183 -0.14120471 0.821520086 0.5524183 -0.14120471 0.821511878 0.552425463 -0.141224436 0.821511878 0.552425463 -0.141224436 0.821511878 0.552425463 -0.141224436 0.753488244 0.506682987 -0.418960399 0.753488244 0.506682987 -0.418960399 0.753488244 0.506682987 -0.418960399 0.754122331 0.50645572 -0.418093427 0.754122331 0.50645572 -0.418093427 0.754122331 0.50645572 -0.418093427 0.616181588 0.413817065 -0.670131097 0.616181588 0.413817065 -0.670131097 0.616181588 0.413817065 -0.670131097 0.61567716 0.413921364 -0.670530192 0.61567716 0.413921364 -0.670530192 0.61567716 0.413921364 -0.670530192 0.40810884 0.27437264 -0.870727759 0.40810884 0.27437264 -0.870727759 0.40810884 0.27437264 -0.870727759 0.408132737 0.274366207 -0.870718585 0.408132737 0.274366207 -0.870718585 0.408132737 0.274366207 -0.870718585 0.143317536 0.0963448538 -0.984976016 0.143317536 0.0963448538 -0.984976016 0.143317536 0.0963448538 -0.984976016 0.176985618 -0 0.984213438 0.176985618 -0 0.984213438 0.176985618 -0 0.984213438 0.501077843 0 0.865402216 0.501077843 0 0.865402216 0.501077843 0 0.865402216 0.501077843 -0 0.865402216 0.501077843 -0 0.865402216 0.501077843 -0 0.865402216 0.750900967 0 0.660414823 0.750900967 0 0.660414823 0.750900967 0 0.660414823 0.750900967 -0 0.660414823 0.750900967 -0 0.660414823 0.750900967 -0 0.660414823 0.911799638 0 0.410635386 0.911799638 0 0.410635386 0.911799638 0 0.410635386 0.911799638 -0 0.410635386 0.911799638 -0 0.410635386 0.911799638 -0 0.410635386 0.990477772 0 0.137672736 0.990477772 0 0.137672736 0.990477772 0 0.137672736 0.990477772 -0 0.137672736 0.990477772 -0 0.137672736 0.990477772 -0 0.137672736 0.990477772 0 -0.137672736 0.990477772 0 -0.137672736 0.990477772 0 -0.137672736 0.990477772 0 -0.137672736 0.990477772 0 -0.137672736 0.990477772 0 -0.137672736 0.911799638 0 -0.410635386 0.911799638 0 -0.410635386 0.911799638 0 -0.410635386 0.911799638 0 -0.410635386 0.911799638 0 -0.410635386 0.911799638 0 -0.410635386 0.750900967 0 -0.660414823 0.750900967 0 -0.660414823 0.750900967 0 -0.660414823 0.750900967 0 -0.660414823 0.750900967 0 -0.660414823 0.750900967 0 -0.660414823 0.501077843 0 -0.865402216 0.501077843 0 -0.865402216 0.501077843 0 -0.865402216 0.501077843 0 -0.865402216 0.501077843 0 -0.865402216 0.501077843 0 -0.865402216 0.176985618 0 -0.984213438 0.176985618 0 -0.984213438 0.176985618 0 -0.984213438 0.143299583 -0.0963948529 0.984973737 0.143299583 -0.0963948529 0.984973737 0.143299583 -0.0963948529 0.984973737 0.408013267 -0.274462619 0.87074419 0.408013267 -0.274462619 0.87074419 0.408013267 -0.274462619 0.87074419 0.407683795 -0.274551288 0.87087055 0.407683795 -0.274551288 0.87087055 0.407683795 -0.274551288 0.87087055 0.615187391 -0.414292872 0.670750244 0.615187391 -0.414292872 0.670750244 0.615187391 -0.414292872 0.670750244 0.61660488 -0.413999574 0.669628833 0.61660488 -0.413999574 0.669628833 0.61660488 -0.413999574 0.669628833 0.75418607 -0.506374052 0.418077375 0.75418607 -0.506374052 0.418077375 0.75418607 -0.506374052 0.418077375 0.753122461 -0.506754788 0.419530862 0.753122461 -0.506754788 0.419530862 0.753122461 -0.506754788 0.419530862 0.821349444 -0.552662794 0.141240669 0.821349444 -0.552662794 0.141240669 0.821349444 -0.552662794 0.141240669 0.821368406 -0.552646251 0.141195122 0.821368406 -0.552646251 0.141195122 0.821368406 -0.552646251 0.141195122 0.821363178 -0.552642734 -0.141239297 0.821363178 -0.552642734 -0.141239297 0.821363178 -0.552642734 -0.141239297 0.821354939 -0.552666491 -0.14119424 0.821354939 -0.552666491 -0.14119424 0.821354939 -0.552666491 -0.14119424 0.753624721 -0.507092744 -0.418218518 0.753624721 -0.507092744 -0.418218518 0.753624721 -0.507092744 -0.418218518 0.75359515 -0.505977298 -0.419620453 0.75359515 -0.505977298 -0.419620453 0.75359515 -0.505977298 -0.419620453 0.615921261 -0.41354058 -0.670540968 0.615921261 -0.41354058 -0.670540968 0.615921261 -0.41354058 -0.670540968 0.616127886 -0.414926241 -0.669494318 0.616127886 -0.414926241 -0.669494318 0.616127886 -0.414926241 -0.669494318 0.407803475 -0.274631885 -0.870789098 0.407803475 -0.274631885 -0.870789098 0.407803475 -0.274631885 -0.870789098 0.407785456 -0.274309375 -0.870899184 0.407785456 -0.274309375 -0.870899184 0.407785456 -0.274309375 -0.870899184 0.143299583 -0.0963948529 -0.984973737 0.143299583 -0.0963948529 -0.984973737 0.143299583 -0.0963948529 -0.984973737 0.0549918568 -0.15611747 0.986206485 0.0549918568 -0.15611747 0.986206485 0.0549918568 -0.15611747 0.986206485 0.158109747 -0.448860887 0.879502821 0.158109747 -0.448860887 0.879502821 0.158109747 -0.448860887 0.879502821 0.157342435 -0.448593811 0.879776649 0.157342435 -0.448593811 0.879776649 0.157342435 -0.448593811 0.879776649 0.240670716 -0.686168315 0.686476985 0.240670716 -0.686168315 0.686476985 0.240670716 -0.686168315 0.686476985 0.240468816 -0.686080078 0.686635911 0.240468816 -0.686080078 0.686635911 0.240468816 -0.686080078 0.686635911 0.298044431 -0.850348705 0.433677988 0.298044431 -0.850348705 0.433677988 0.298044431 -0.850348705 0.433677988 0.298047187 -0.85034952 0.433674497 0.298047187 -0.85034952 0.433674497 0.298047187 -0.85034952 0.433674497 0.327140104 -0.933353652 0.147750848 0.327140104 -0.933353652 0.147750848 0.327140104 -0.933353652 0.147750848 0.327483229 -0.933327202 0.147156614 0.327483229 -0.933327202 0.147156614 0.327483229 -0.933327202 0.147156614 0.32745474 -0.93324601 -0.147733809 0.32745474 -0.93324601 -0.147733809 0.32745474 -0.93324601 -0.147733809 0.327170035 -0.933439046 -0.147143858 0.327170035 -0.933439046 -0.147143858 0.327170035 -0.933439046 -0.147143858 0.298046682 -0.850348079 -0.433677669 0.298046682 -0.850348079 -0.433677669 0.298046682 -0.850348079 -0.433677669 0.298045024 -0.850350398 -0.43367426 0.298045024 -0.850350398 -0.43367426 0.298045024 -0.850350398 -0.43367426 0.240509636 -0.686196541 -0.686505224 0.240509636 -0.686196541 -0.686505224 0.240509636 -0.686196541 -0.686505224 0.240614481 -0.686007985 -0.686656913 0.240614481 -0.686007985 -0.686656913 0.240614481 -0.686007985 -0.686656913 0.157452846 -0.4489086 -0.879596311 0.157452846 -0.4489086 -0.879596311 0.157452846 -0.4489086 -0.879596311 0.15789917 -0.448263076 -0.879845479 0.15789917 -0.448263076 -0.879845479 0.15789917 -0.448263076 -0.879845479 0.0549918568 -0.15611747 -0.986206485 0.0549918568 -0.15611747 -0.986206485 0.0549918568 -0.15611747 -0.986206485 -0.0549918568 -0.15611747 0.986206485 -0.0549918568 -0.15611747 0.986206485 -0.0549918568 -0.15611747 0.986206485 -0.15789917 -0.448263076 0.879845479 -0.15789917 -0.448263076 0.879845479 -0.15789917 -0.448263076 0.879845479 -0.157452846 -0.4489086 0.879596311 -0.157452846 -0.4489086 0.879596311 -0.157452846 -0.4489086 0.879596311 -0.240614481 -0.686007985 0.686656913 -0.240614481 -0.686007985 0.686656913 -0.240614481 -0.686007985 0.686656913 -0.240509636 -0.686196541 0.686505224 -0.240509636 -0.686196541 0.686505224 -0.240509636 -0.686196541 0.686505224 -0.298045024 -0.850350398 0.43367426 -0.298045024 -0.850350398 0.43367426 -0.298045024 -0.850350398 0.43367426 -0.298046682 -0.850348079 0.433677669 -0.298046682 -0.850348079 0.433677669 -0.298046682 -0.850348079 0.433677669 -0.327170035 -0.933439046 0.147143858 -0.327170035 -0.933439046 0.147143858 -0.327170035 -0.933439046 0.147143858 -0.32745474 -0.93324601 0.147733809 -0.32745474 -0.93324601 0.147733809 -0.32745474 -0.93324601 0.147733809 -0.327483229 -0.933327202 -0.147156614 -0.327483229 -0.933327202 -0.147156614 -0.327483229 -0.933327202 -0.147156614 -0.327140104 -0.933353652 -0.147750848 -0.327140104 -0.933353652 -0.147750848 -0.327140104 -0.933353652 -0.147750848 -0.298047187 -0.85034952 -0.433674497 -0.298047187 -0.85034952 -0.433674497 -0.298047187 -0.85034952 -0.433674497 -0.298044431 -0.850348705 -0.433677988 -0.298044431 -0.850348705 -0.433677988 -0.298044431 -0.850348705 -0.433677988 -0.240468816 -0.686080078 -0.686635911 -0.240468816 -0.686080078 -0.686635911 -0.240468816 -0.686080078 -0.686635911 -0.240670716 -0.686168315 -0.686476985 -0.240670716 -0.686168315 -0.686476985 -0.240670716 -0.686168315 -0.686476985 -0.157342435 -0.448593811 -0.879776649 -0.157342435 -0.448593811 -0.879776649 -0.157342435 -0.448593811 -0.879776649 -0.158109747 -0.448860887 -0.879502821 -0.158109747 -0.448860887 -0.879502821 -0.158109747 -0.448860887 -0.879502821 -0.0549918568 -0.15611747 -0.986206485 -0.0549918568 -0.15611747 -0.986206485 -0.0549918568 -0.15611747 -0.986206485 -0.143299583 -0.0963948529 0.984973737 -0.143299583 -0.0963948529 0.984973737 -0.143299583 -0.0963948529 0.984973737 -0.407785456 -0.274309375 0.870899184 -0.407785456 -0.274309375 0.870899184 -0.407785456 -0.274309375 0.870899184 -0.407803475 -0.274631885 0.870789098 -0.407803475 -0.274631885 0.870789098 -0.407803475 -0.274631885 0.870789098 -0.616127886 -0.414926241 0.669494318 -0.616127886 -0.414926241 0.669494318 -0.616127886 -0.414926241 0.669494318 -0.615921261 -0.41354058 0.670540968 -0.615921261 -0.41354058 0.670540968 -0.615921261 -0.41354058 0.670540968 -0.75359515 -0.505977298 0.419620453 -0.75359515 -0.505977298 0.419620453 -0.75359515 -0.505977298 0.419620453 -0.753624721 -0.507092744 0.418218518 -0.753624721 -0.507092744 0.418218518 -0.753624721 -0.507092744 0.418218518 -0.821354939 -0.552666491 0.14119424 -0.821354939 -0.552666491 0.14119424 -0.821354939 -0.552666491 0.14119424 -0.821363178 -0.552642734 0.141239297 -0.821363178 -0.552642734 0.141239297 -0.821363178 -0.552642734 0.141239297 -0.821368406 -0.552646251 -0.141195122 -0.821368406 -0.552646251 -0.141195122 -0.821368406 -0.552646251 -0.141195122 -0.821349444 -0.552662794 -0.141240669 -0.821349444 -0.552662794 -0.141240669 -0.821349444 -0.552662794 -0.141240669 -0.753122461 -0.506754788 -0.419530862 -0.753122461 -0.506754788 -0.419530862 -0.753122461 -0.506754788 -0.419530862 -0.75418607 -0.506374052 -0.418077375 -0.75418607 -0.506374052 -0.418077375 -0.75418607 -0.506374052 -0.418077375 -0.61660488 -0.413999574 -0.669628833 -0.61660488 -0.413999574 -0.669628833 -0.61660488 -0.413999574 -0.669628833 -0.615187391 -0.414292872 -0.670750244 -0.615187391 -0.414292872 -0.670750244 -0.615187391 -0.414292872 -0.670750244 -0.407683795 -0.274551288 -0.87087055 -0.407683795 -0.274551288 -0.87087055 -0.407683795 -0.274551288 -0.87087055 -0.408013267 -0.274462619 -0.87074419 -0.408013267 -0.274462619 -0.87074419 -0.408013267 -0.274462619 -0.87074419 -0.143299583 -0.0963948529 -0.984973737 -0.143299583 -0.0963948529 -0.984973737 -0.143299583 -0.0963948529 -0.984973737 -0.176985618 0 0.984213438 -0.176985618 0 0.984213438 -0.176985618 0 0.984213438 -0.501077843 0 0.865402216 -0.501077843 0 0.865402216 -0.501077843 0 0.865402216 -0.501077843 0 0.865402216 -0.501077843 0 0.865402216 -0.501077843 0 0.865402216 -0.750900967 0 0.660414823 -0.750900967 0 0.660414823 -0.750900967 0 0.660414823 -0.750900967 0 0.660414823 -0.750900967 0 0.660414823 -0.750900967 0 0.660414823 -0.911799638 0 0.410635386 -0.911799638 0 0.410635386 -0.911799638 0 0.410635386 -0.911799638 0 0.410635386 -0.911799638 0 0.410635386 -0.911799638 0 0.410635386 -0.990477772 0 0.137672736 -0.990477772 0 0.137672736 -0.990477772 0 0.137672736 -0.990477772 0 0.137672736 -0.990477772 0 0.137672736 -0.990477772 0 0.137672736 -0.990477772 0 -0.137672736 -0.990477772 0 -0.137672736 -0.990477772 0 -0.137672736 -0.990477772 -0 -0.137672736 -0.990477772 -0 -0.137672736 -0.990477772 -0 -0.137672736 -0.911799638 0 -0.410635386 -0.911799638 0 -0.410635386 -0.911799638 0 -0.410635386 -0.911799638 -0 -0.410635386 -0.911799638 -0 -0.410635386 -0.911799638 -0 -0.410635386 -0.750900967 0 -0.660414823 -0.750900967 0 -0.660414823 -0.750900967 0 -0.660414823 -0.750900967 -0 -0.660414823 -0.750900967 -0 -0.660414823 -0.750900967 -0 -0.660414823 -0.501077843 0 -0.865402216 -0.501077843 0 -0.865402216 -0.501077843 0 -0.865402216 -0.501077843 -0 -0.865402216 -0.501077843 -0 -0.865402216 -0.501077843 -0 -0.865402216 -0.176985618 0 -0.984213438 -0.176985618 0 -0.984213438 -0.176985618 0 -0.984213438 -0.143317536 0.0963448538 0.984976016 -0.143317536 0.0963448538 0.984976016 -0.143317536 0.0963448538 0.984976016 -0.408132737 0.274366207 0.870718585 -0.408132737 0.274366207 0.870718585 -0.408132737 0.274366207 0.870718585 -0.40810884 0.27437264 0.870727759 -0.40810884 0.27437264 0.870727759 -0.40810884 0.27437264 0.870727759 -0.61567716 0.413921364 0.670530192 -0.61567716 0.413921364 0.670530192 -0.61567716 0.413921364 0.670530192 -0.616181588 0.413817065 0.670131097 -0.616181588 0.413817065 0.670131097 -0.616181588 0.413817065 0.670131097 -0.754122331 0.50645572 0.418093427 -0.754122331 0.50645572 0.418093427 -0.754122331 0.50645572 0.418093427 -0.753488244 0.506682987 0.418960399 -0.753488244 0.506682987 0.418960399 -0.753488244 0.506682987 0.418960399 -0.821511878 0.552425463 0.141224436 -0.821511878 0.552425463 0.141224436 -0.821511878 0.552425463 0.141224436 -0.821520086 0.5524183 0.14120471 -0.821520086 0.5524183 0.14120471 -0.821520086 0.5524183 0.14120471 -0.821517821 0.552416777 -0.141223842 -0.821517821 0.552416777 -0.141223842 -0.821517821 0.552416777 -0.141223842 -0.821514258 0.552427064 -0.141204328 -0.821514258 0.552427064 -0.141204328 -0.821514258 0.552427064 -0.141204328 -0.753787626 0.506884306 -0.418177612 -0.753787626 0.506884306 -0.418177612 -0.753787626 0.506884306 -0.418177612 -0.75376998 0.506219087 -0.419014382 -0.75376998 0.506219087 -0.419014382 -0.75376998 0.506219087 -0.419014382 -0.615938176 0.413653594 -0.670455716 -0.615938176 0.413653594 -0.670455716 -0.615938176 0.413653594 -0.670455716 -0.616011799 0.414146343 -0.670083779 -0.616011799 0.414146343 -0.670083779 -0.616011799 0.414146343 -0.670083779 -0.408117528 0.274378481 -0.870721846 -0.408117528 0.274378481 -0.870721846 -0.408117528 0.274378481 -0.870721846 -0.408116192 0.274355085 -0.870729844 -0.408116192 0.274355085 -0.870729844 -0.408116192 0.274355085 -0.870729844 -0.143317536 0.0963448538 -0.984976016 -0.143317536 0.0963448538 -0.984976016 -0.143317536 0.0963448538 -0.984976016 -0.0546750838 0.156267429 0.986200348 -0.0546750838 0.156267429 0.986200348 -0.0546750838 0.156267429 0.986200348 -0.156900857 0.44843998 0.879933921 -0.156900857 0.44843998 0.879933921 -0.156900857 0.44843998 0.879933921 -0.157342435 0.448593811 0.879776649 -0.157342435 0.448593811 0.879776649 -0.157342435 0.448593811 0.879776649 -0.240721692 0.686313653 0.686313803 -0.240721692 0.686313653 0.686313803 -0.240721692 0.686313653 0.686313803 -0.240519755 0.686225413 0.686472818 -0.240519755 0.686225413 0.686472818 -0.240519755 0.686225413 0.686472818 -0.298044469 0.850348814 0.433677748 -0.298044469 0.850348814 0.433677748 -0.298044469 0.850348814 0.433677748 -0.298047047 0.850349576 0.433674481 -0.298047047 0.850349576 0.433674481 -0.298047047 0.850349576 0.433674481 -0.327139933 0.933353665 0.147751144 -0.327139933 0.933353665 0.147751144 -0.327139933 0.933353665 0.147751144 -0.327483229 0.933327202 0.147156614 -0.327483229 0.933327202 0.147156614 -0.327483229 0.933327202 0.147156614 -0.327454726 0.933245969 -0.147734095 -0.327454726 0.933245969 -0.147734095 -0.327454726 0.933245969 -0.147734095 -0.327169879 0.933439102 -0.147143852 -0.327169879 0.933439102 -0.147143852 -0.327169879 0.933439102 -0.147143852 -0.298046575 0.850348228 -0.433677449 -0.298046575 0.850348228 -0.433677449 -0.298046575 0.850348228 -0.433677449 -0.298045024 0.850350398 -0.43367426 -0.298045024 0.850350398 -0.43367426 -0.298045024 0.850350398 -0.43367426 -0.240560583 0.686341897 -0.686342048 -0.240560583 0.686341897 -0.686342048 -0.240560583 0.686341897 -0.686342048 -0.240665447 0.686153294 -0.686493846 -0.240665447 0.686153294 -0.686493846 -0.240665447 0.686153294 -0.686493846 -0.157278903 0.448412676 -0.879880344 -0.157278903 0.448412676 -0.879880344 -0.157278903 0.448412676 -0.879880344 -0.157021375 0.448784435 -0.879736789 -0.157021375 0.448784435 -0.879736789 -0.157021375 0.448784435 -0.879736789 -0.0546750838 0.156267429 -0.986200348 -0.0546750838 0.156267429 -0.986200348 -0.0546750838 0.156267429 -0.986200348 0.0546750838 -0.156267429 0.986200348 0.0546750838 -0.156267429 0.986200348 0.0546750838 -0.156267429 0.986200348 0.157021375 -0.448784435 0.879736789 0.157021375 -0.448784435 0.879736789 0.157021375 -0.448784435 0.879736789 0.157278903 -0.448412676 0.879880344 0.157278903 -0.448412676 0.879880344 0.157278903 -0.448412676 0.879880344 0.240665447 -0.686153294 0.686493846 0.240665447 -0.686153294 0.686493846 0.240665447 -0.686153294 0.686493846 0.240560583 -0.686341897 0.686342048 0.240560583 -0.686341897 0.686342048 0.240560583 -0.686341897 0.686342048 0.298045024 -0.850350398 0.43367426 0.298045024 -0.850350398 0.43367426 0.298045024 -0.850350398 0.43367426 0.298046575 -0.850348228 0.433677449 0.298046575 -0.850348228 0.433677449 0.298046575 -0.850348228 0.433677449 0.327169879 -0.933439102 0.147143852 0.327169879 -0.933439102 0.147143852 0.327169879 -0.933439102 0.147143852 0.327454726 -0.933245969 0.147734095 0.327454726 -0.933245969 0.147734095 0.327454726 -0.933245969 0.147734095 0.327483229 -0.933327202 -0.147156614 0.327483229 -0.933327202 -0.147156614 0.327483229 -0.933327202 -0.147156614 0.327139933 -0.933353665 -0.147751144 0.327139933 -0.933353665 -0.147751144 0.327139933 -0.933353665 -0.147751144 0.298047047 -0.850349576 -0.433674481 0.298047047 -0.850349576 -0.433674481 0.298047047 -0.850349576 -0.433674481 0.298044469 -0.850348814 -0.433677748 0.298044469 -0.850348814 -0.433677748 0.298044469 -0.850348814 -0.433677748 0.240519755 -0.686225413 -0.686472818 0.240519755 -0.686225413 -0.686472818 0.240519755 -0.686225413 -0.686472818 0.240721692 -0.686313653 -0.686313803 0.240721692 -0.686313653 -0.686313803 0.240721692 -0.686313653 -0.686313803 0.157342435 -0.448593811 -0.879776649 0.157342435 -0.448593811 -0.879776649 0.157342435 -0.448593811 -0.879776649 0.156900857 -0.44843998 -0.879933921 0.156900857 -0.44843998 -0.879933921 0.156900857 -0.44843998 -0.879933921 0.0546750838 -0.156267429 -0.986200348 0.0546750838 -0.156267429 -0.986200348 0.0546750838 -0.156267429 -0.986200348 0.143317536 -0.0963448538 0.984976016 0.143317536 -0.0963448538 0.984976016 0.143317536 -0.0963448538 0.984976016 0.408116192 -0.274355085 0.870729844 0.408116192 -0.274355085 0.870729844 0.408116192 -0.274355085 0.870729844 0.408117528 -0.274378481 0.870721846 0.408117528 -0.274378481 0.870721846 0.408117528 -0.274378481 0.870721846 0.616011799 -0.414146343 0.670083779 0.616011799 -0.414146343 0.670083779 0.616011799 -0.414146343 0.670083779 0.615938176 -0.413653594 0.670455716 0.615938176 -0.413653594 0.670455716 0.615938176 -0.413653594 0.670455716 0.75376998 -0.506219087 0.419014382 0.75376998 -0.506219087 0.419014382 0.75376998 -0.506219087 0.419014382 0.753787626 -0.506884306 0.418177612 0.753787626 -0.506884306 0.418177612 0.753787626 -0.506884306 0.418177612 0.821514258 -0.552427064 0.141204328 0.821514258 -0.552427064 0.141204328 0.821514258 -0.552427064 0.141204328 0.821517821 -0.552416777 0.141223842 0.821517821 -0.552416777 0.141223842 0.821517821 -0.552416777 0.141223842 0.821520086 -0.5524183 -0.14120471 0.821520086 -0.5524183 -0.14120471 0.821520086 -0.5524183 -0.14120471 0.821511878 -0.552425463 -0.141224436 0.821511878 -0.552425463 -0.141224436 0.821511878 -0.552425463 -0.141224436 0.753488244 -0.506682987 -0.418960399 0.753488244 -0.506682987 -0.418960399 0.753488244 -0.506682987 -0.418960399 0.754122331 -0.50645572 -0.418093427 0.754122331 -0.50645572 -0.418093427 0.754122331 -0.50645572 -0.418093427 0.616181588 -0.413817065 -0.670131097 0.616181588 -0.413817065 -0.670131097 0.616181588 -0.413817065 -0.670131097 0.61567716 -0.413921364 -0.670530192 0.61567716 -0.413921364 -0.670530192 0.61567716 -0.413921364 -0.670530192 0.40810884 -0.27437264 -0.870727759 0.40810884 -0.27437264 -0.870727759 0.40810884 -0.27437264 -0.870727759 0.408132737 -0.274366207 -0.870718585 0.408132737 -0.274366207 -0.870718585 0.408132737 -0.274366207 -0.870718585 0.143317536 -0.0963448538 -0.984976016 0.143317536 -0.0963448538 -0.984976016 0.143317536 -0.0963448538 -0.984976016 0.176985618 -0 0.984213438 0.176985618 -0 0.984213438 0.176985618 -0 0.984213438 0.501077843 0 0.865402216 0.501077843 0 0.865402216 0.501077843 0 0.865402216 0.501077843 -0 0.865402216 0.501077843 -0 0.865402216 0.501077843 -0 0.865402216 0.750900967 0 0.660414823 0.750900967 0 0.660414823 0.750900967 0 0.660414823 0.750900967 -0 0.660414823 0.750900967 -0 0.660414823 0.750900967 -0 0.660414823 0.911799638 0 0.410635386 0.911799638 0 0.410635386 0.911799638 0 0.410635386 0.911799638 -0 0.410635386 0.911799638 -0 0.410635386 0.911799638 -0 0.410635386 0.990477772 0 0.137672736 0.990477772 0 0.137672736 0.990477772 0 0.137672736 0.990477772 -0 0.137672736 0.990477772 -0 0.137672736 0.990477772 -0 0.137672736 0.990477772 0 -0.137672736 0.990477772 0 -0.137672736 0.990477772 0 -0.137672736 0.990477772 0 -0.137672736 0.990477772 0 -0.137672736 0.990477772 0 -0.137672736 0.911799638 0 -0.410635386 0.911799638 0 -0.410635386 0.911799638 0 -0.410635386 0.911799638 0 -0.410635386 0.911799638 0 -0.410635386 0.911799638 0 -0.410635386 0.750900967 0 -0.660414823 0.750900967 0 -0.660414823 0.750900967 0 -0.660414823 0.750900967 0 -0.660414823 0.750900967 0 -0.660414823 0.750900967 0 -0.660414823 0.501077843 0 -0.865402216 0.501077843 0 -0.865402216 0.501077843 0 -0.865402216 0.501077843 0 -0.865402216 0.501077843 0 -0.865402216 0.501077843 0 -0.865402216 0.176985618 0 -0.984213438 0.176985618 0 -0.984213438 0.176985618 0 -0.984213438 0.143299583 0.0963948529 0.984973737 0.143299583 0.0963948529 0.984973737 0.143299583 0.0963948529 0.984973737 0.408013267 0.274462619 0.87074419 0.408013267 0.274462619 0.87074419 0.408013267 0.274462619 0.87074419 0.407683795 0.274551288 0.87087055 0.407683795 0.274551288 0.87087055 0.407683795 0.274551288 0.87087055 0.615187391 0.414292872 0.670750244 0.615187391 0.414292872 0.670750244 0.615187391 0.414292872 0.670750244 0.61660488 0.413999574 0.669628833 0.61660488 0.413999574 0.669628833 0.61660488 0.413999574 0.669628833 0.75418607 0.506374052 0.418077375 0.75418607 0.506374052 0.418077375 0.75418607 0.506374052 0.418077375 0.753122461 0.506754788 0.419530862 0.753122461 0.506754788 0.419530862 0.753122461 0.506754788 0.419530862 0.821349444 0.552662794 0.141240669 0.821349444 0.552662794 0.141240669 0.821349444 0.552662794 0.141240669 0.821368406 0.552646251 0.141195122 0.821368406 0.552646251 0.141195122 0.821368406 0.552646251 0.141195122 0.821363178 0.552642734 -0.141239297 0.821363178 0.552642734 -0.141239297 0.821363178 0.552642734 -0.141239297 0.821354939 0.552666491 -0.14119424 0.821354939 0.552666491 -0.14119424 0.821354939 0.552666491 -0.14119424 0.753624721 0.507092744 -0.418218518 0.753624721 0.507092744 -0.418218518 0.753624721 0.507092744 -0.418218518 0.75359515 0.505977298 -0.419620453 0.75359515 0.505977298 -0.419620453 0.75359515 0.505977298 -0.419620453 0.615921261 0.41354058 -0.670540968 0.615921261 0.41354058 -0.670540968 0.615921261 0.41354058 -0.670540968 0.616127886 0.414926241 -0.669494318 0.616127886 0.414926241 -0.669494318 0.616127886 0.414926241 -0.669494318 0.407803475 0.274631885 -0.870789098 0.407803475 0.274631885 -0.870789098 0.407803475 0.274631885 -0.870789098 0.407785456 0.274309375 -0.870899184 0.407785456 0.274309375 -0.870899184 0.407785456 0.274309375 -0.870899184 0.143299583 0.0963948529 -0.984973737 0.143299583 0.0963948529 -0.984973737 0.143299583 0.0963948529 -0.984973737 0.0549918568 0.15611747 0.986206485 0.0549918568 0.15611747 0.986206485 0.0549918568 0.15611747 0.986206485 0.158109747 0.448860887 0.879502821 0.158109747 0.448860887 0.879502821 0.158109747 0.448860887 0.879502821 0.157342435 0.448593811 0.879776649 0.157342435 0.448593811 0.879776649 0.157342435 0.448593811 0.879776649 0.240670716 0.686168315 0.686476985 0.240670716 0.686168315 0.686476985 0.240670716 0.686168315 0.686476985 0.240468816 0.686080078 0.686635911 0.240468816 0.686080078 0.686635911 0.240468816 0.686080078 0.686635911 0.298044431 0.850348705 0.433677988 0.298044431 0.850348705 0.433677988 0.298044431 0.850348705 0.433677988 0.298047187 0.85034952 0.433674497 0.298047187 0.85034952 0.433674497 0.298047187 0.85034952 0.433674497 0.327140104 0.933353652 0.147750848 0.327140104 0.933353652 0.147750848 0.327140104 0.933353652 0.147750848 0.327483229 0.933327202 0.147156614 0.327483229 0.933327202 0.147156614 0.327483229 0.933327202 0.147156614 0.32745474 0.93324601 -0.147733809 0.32745474 0.93324601 -0.147733809 0.32745474 0.93324601 -0.147733809 0.327170035 0.933439046 -0.147143858 0.327170035 0.933439046 -0.147143858 0.327170035 0.933439046 -0.147143858 0.298046682 0.850348079 -0.433677669 0.298046682 0.850348079 -0.433677669 0.298046682 0.850348079 -0.433677669 0.298045024 0.850350398 -0.43367426 0.298045024 0.850350398 -0.43367426 0.298045024 0.850350398 -0.43367426 0.240509636 0.686196541 -0.686505224 0.240509636 0.686196541 -0.686505224 0.240509636 0.686196541 -0.686505224 0.240614481 0.686007985 -0.686656913 0.240614481 0.686007985 -0.686656913 0.240614481 0.686007985 -0.686656913 0.157452846 0.4489086 -0.879596311 0.157452846 0.4489086 -0.879596311 0.157452846 0.4489086 -0.879596311 0.15789917 0.448263076 -0.879845479 0.15789917 0.448263076 -0.879845479 0.15789917 0.448263076 -0.879845479 0.0549918568 0.15611747 -0.986206485 0.0549918568 0.15611747 -0.986206485 0.0549918568 0.15611747 -0.986206485 -0.0549918568 0.15611747 0.986206485 -0.0549918568 0.15611747 0.986206485 -0.0549918568 0.15611747 0.986206485 -0.15789917 0.448263076 0.879845479 -0.15789917 0.448263076 0.879845479 -0.15789917 0.448263076 0.879845479 -0.157452846 0.4489086 0.879596311 -0.157452846 0.4489086 0.879596311 -0.157452846 0.4489086 0.879596311 -0.240614481 0.686007985 0.686656913 -0.240614481 0.686007985 0.686656913 -0.240614481 0.686007985 0.686656913 -0.240509636 0.686196541 0.686505224 -0.240509636 0.686196541 0.686505224 -0.240509636 0.686196541 0.686505224 -0.298045024 0.850350398 0.43367426 -0.298045024 0.850350398 0.43367426 -0.298045024 0.850350398 0.43367426 -0.298046682 0.850348079 0.433677669 -0.298046682 0.850348079 0.433677669 -0.298046682 0.850348079 0.433677669 -0.327170035 0.933439046 0.147143858 -0.327170035 0.933439046 0.147143858 -0.327170035 0.933439046 0.147143858 -0.32745474 0.93324601 0.147733809 -0.32745474 0.93324601 0.147733809 -0.32745474 0.93324601 0.147733809 -0.327483229 0.933327202 -0.147156614 -0.327483229 0.933327202 -0.147156614 -0.327483229 0.933327202 -0.147156614 -0.327140104 0.933353652 -0.147750848 -0.327140104 0.933353652 -0.147750848 -0.327140104 0.933353652 -0.147750848 -0.298047187 0.85034952 -0.433674497 -0.298047187 0.85034952 -0.433674497 -0.298047187 0.85034952 -0.433674497 -0.298044431 0.850348705 -0.433677988 -0.298044431 0.850348705 -0.433677988 -0.298044431 0.850348705 -0.433677988 -0.240468816 0.686080078 -0.686635911 -0.240468816 0.686080078 -0.686635911 -0.240468816 0.686080078 -0.686635911 -0.240670716 0.686168315 -0.686476985 -0.240670716 0.686168315 -0.686476985 -0.240670716 0.686168315 -0.686476985 -0.157342435 0.448593811 -0.879776649 -0.157342435 0.448593811 -0.879776649 -0.157342435 0.448593811 -0.879776649 -0.158109747 0.448860887 -0.879502821 -0.158109747 0.448860887 -0.879502821 -0.158109747 0.448860887 -0.879502821 -0.0549918568 0.15611747 -0.986206485 -0.0549918568 0.15611747 -0.986206485 -0.0549918568 0.15611747 -0.986206485 -0.143299583 0.0963948529 0.984973737 -0.143299583 0.0963948529 0.984973737 -0.143299583 0.0963948529 0.984973737 -0.407785456 0.274309375 0.870899184 -0.407785456 0.274309375 0.870899184 -0.407785456 0.274309375 0.870899184 -0.407803475 0.274631885 0.870789098 -0.407803475 0.274631885 0.870789098 -0.407803475 0.274631885 0.870789098 -0.616127886 0.414926241 0.669494318 -0.616127886 0.414926241 0.669494318 -0.616127886 0.414926241 0.669494318 -0.615921261 0.41354058 0.670540968 -0.615921261 0.41354058 0.670540968 -0.615921261 0.41354058 0.670540968 -0.75359515 0.505977298 0.419620453 -0.75359515 0.505977298 0.419620453 -0.75359515 0.505977298 0.419620453 -0.753624721 0.507092744 0.418218518 -0.753624721 0.507092744 0.418218518 -0.753624721 0.507092744 0.418218518 -0.821354939 0.552666491 0.14119424 -0.821354939 0.552666491 0.14119424 -0.821354939 0.552666491 0.14119424 -0.821363178 0.552642734 0.141239297 -0.821363178 0.552642734 0.141239297 -0.821363178 0.552642734 0.141239297 -0.821368406 0.552646251 -0.141195122 -0.821368406 0.552646251 -0.141195122 -0.821368406 0.552646251 -0.141195122 -0.821349444 0.552662794 -0.141240669 -0.821349444 0.552662794 -0.141240669 -0.821349444 0.552662794 -0.141240669 -0.753122461 0.506754788 -0.419530862 -0.753122461 0.506754788 -0.419530862 -0.753122461 0.506754788 -0.419530862 -0.75418607 0.506374052 -0.418077375 -0.75418607 0.506374052 -0.418077375 -0.75418607 0.506374052 -0.418077375 -0.61660488 0.413999574 -0.669628833 -0.61660488 0.413999574 -0.669628833 -0.61660488 0.413999574 -0.669628833 -0.615187391 0.414292872 -0.670750244 -0.615187391 0.414292872 -0.670750244 -0.615187391 0.414292872 -0.670750244 -0.407683795 0.274551288 -0.87087055 -0.407683795 0.274551288 -0.87087055 -0.407683795 0.274551288 -0.87087055 -0.408013267 0.274462619 -0.87074419 -0.408013267 0.274462619 -0.87074419 -0.408013267 0.274462619 -0.87074419 -0.143299583 0.0963948529 -0.984973737 -0.143299583 0.0963948529 -0.984973737 -0.143299583 0.0963948529 -0.984973737 -0.176985618 0 0.984213438 -0.176985618 0 0.984213438 -0.176985618 0 0.984213438 -0.501077843 0 0.865402216 -0.501077843 0 0.865402216 -0.501077843 0 0.865402216 -0.501077843 0 0.865402216 -0.501077843 0 0.865402216 -0.501077843 0 0.865402216 -0.750900967 0 0.660414823 -0.750900967 0 0.660414823 -0.750900967 0 0.660414823 -0.750900967 0 0.660414823 -0.750900967 0 0.660414823 -0.750900967 0 0.660414823 -0.911799638 0 0.410635386 -0.911799638 0 0.410635386 -0.911799638 0 0.410635386 -0.911799638 0 0.410635386 -0.911799638 0 0.410635386 -0.911799638 0 0.410635386 -0.990477772 0 0.137672736 -0.990477772 0 0.137672736 -0.990477772 0 0.137672736 -0.990477772 0 0.137672736 -0.990477772 0 0.137672736 -0.990477772 0 0.137672736 -0.990477772 0 -0.137672736 -0.990477772 0 -0.137672736 -0.990477772 0 -0.137672736 -0.990477772 -0 -0.137672736 -0.990477772 -0 -0.137672736 -0.990477772 -0 -0.137672736 -0.911799638 0 -0.410635386 -0.911799638 0 -0.410635386 -0.911799638 0 -0.410635386 -0.911799638 -0 -0.410635386 -0.911799638 -0 -0.410635386 -0.911799638 -0 -0.410635386 -0.750900967 0 -0.660414823 -0.750900967 0 -0.660414823 -0.750900967 0 -0.660414823 -0.750900967 -0 -0.660414823 -0.750900967 -0 -0.660414823 -0.750900967 -0 -0.660414823 -0.501077843 0 -0.865402216 -0.501077843 0 -0.865402216 -0.501077843 0 -0.865402216 -0.501077843 -0 -0.865402216 -0.501077843 -0 -0.865402216 -0.501077843 -0 -0.865402216 -0.176985618 0 -0.984213438 -0.176985618 0 -0.984213438 -0.176985618 0 -0.984213438 -0.143317536 -0.0963448538 0.984976016 -0.143317536 -0.0963448538 0.984976016 -0.143317536 -0.0963448538 0.984976016 -0.408132737 -0.274366207 0.870718585 -0.408132737 -0.274366207 0.870718585 -0.408132737 -0.274366207 0.870718585 -0.40810884 -0.27437264 0.870727759 -0.40810884 -0.27437264 0.870727759 -0.40810884 -0.27437264 0.870727759 -0.61567716 -0.413921364 0.670530192 -0.61567716 -0.413921364 0.670530192 -0.61567716 -0.413921364 0.670530192 -0.616181588 -0.413817065 0.670131097 -0.616181588 -0.413817065 0.670131097 -0.616181588 -0.413817065 0.670131097 -0.754122331 -0.50645572 0.418093427 -0.754122331 -0.50645572 0.418093427 -0.754122331 -0.50645572 0.418093427 -0.753488244 -0.506682987 0.418960399 -0.753488244 -0.506682987 0.418960399 -0.753488244 -0.506682987 0.418960399 -0.821511878 -0.552425463 0.141224436 -0.821511878 -0.552425463 0.141224436 -0.821511878 -0.552425463 0.141224436 -0.821520086 -0.5524183 0.14120471 -0.821520086 -0.5524183 0.14120471 -0.821520086 -0.5524183 0.14120471 -0.821517821 -0.552416777 -0.141223842 -0.821517821 -0.552416777 -0.141223842 -0.821517821 -0.552416777 -0.141223842 -0.821514258 -0.552427064 -0.141204328 -0.821514258 -0.552427064 -0.141204328 -0.821514258 -0.552427064 -0.141204328 -0.753787626 -0.506884306 -0.418177612 -0.753787626 -0.506884306 -0.418177612 -0.753787626 -0.506884306 -0.418177612 -0.75376998 -0.506219087 -0.419014382 -0.75376998 -0.506219087 -0.419014382 -0.75376998 -0.506219087 -0.419014382 -0.615938176 -0.413653594 -0.670455716 -0.615938176 -0.413653594 -0.670455716 -0.615938176 -0.413653594 -0.670455716 -0.616011799 -0.414146343 -0.670083779 -0.616011799 -0.414146343 -0.670083779 -0.616011799 -0.414146343 -0.670083779 -0.408117528 -0.274378481 -0.870721846 -0.408117528 -0.274378481 -0.870721846 -0.408117528 -0.274378481 -0.870721846 -0.408116192 -0.274355085 -0.870729844 -0.408116192 -0.274355085 -0.870729844 -0.408116192 -0.274355085 -0.870729844 -0.143317536 -0.0963448538 -0.984976016 -0.143317536 -0.0963448538 -0.984976016 -0.143317536 -0.0963448538 -0.984976016 -0.0546750838 -0.156267429 0.986200348 -0.0546750838 -0.156267429 0.986200348 -0.0546750838 -0.156267429 0.986200348 -0.156900857 -0.44843998 0.879933921 -0.156900857 -0.44843998 0.879933921 -0.156900857 -0.44843998 0.879933921 -0.157342435 -0.448593811 0.879776649 -0.157342435 -0.448593811 0.879776649 -0.157342435 -0.448593811 0.879776649 -0.240721692 -0.686313653 0.686313803 -0.240721692 -0.686313653 0.686313803 -0.240721692 -0.686313653 0.686313803 -0.240519755 -0.686225413 0.686472818 -0.240519755 -0.686225413 0.686472818 -0.240519755 -0.686225413 0.686472818 -0.298044469 -0.850348814 0.433677748 -0.298044469 -0.850348814 0.433677748 -0.298044469 -0.850348814 0.433677748 -0.298047047 -0.850349576 0.433674481 -0.298047047 -0.850349576 0.433674481 -0.298047047 -0.850349576 0.433674481 -0.327139933 -0.933353665 0.147751144 -0.327139933 -0.933353665 0.147751144 -0.327139933 -0.933353665 0.147751144 -0.327483229 -0.933327202 0.147156614 -0.327483229 -0.933327202 0.147156614 -0.327483229 -0.933327202 0.147156614 -0.327454726 -0.933245969 -0.147734095 -0.327454726 -0.933245969 -0.147734095 -0.327454726 -0.933245969 -0.147734095 -0.327169879 -0.933439102 -0.147143852 -0.327169879 -0.933439102 -0.147143852 -0.327169879 -0.933439102 -0.147143852 -0.298046575 -0.850348228 -0.433677449 -0.298046575 -0.850348228 -0.433677449 -0.298046575 -0.850348228 -0.433677449 -0.298045024 -0.850350398 -0.43367426 -0.298045024 -0.850350398 -0.43367426 -0.298045024 -0.850350398 -0.43367426 -0.240560583 -0.686341897 -0.686342048 -0.240560583 -0.686341897 -0.686342048 -0.240560583 -0.686341897 -0.686342048 -0.240665447 -0.686153294 -0.686493846 -0.240665447 -0.686153294 -0.686493846 -0.240665447 -0.686153294 -0.686493846 -0.157278903 -0.448412676 -0.879880344 -0.157278903 -0.448412676 -0.879880344 -0.157278903 -0.448412676 -0.879880344 -0.157021375 -0.448784435 -0.879736789 -0.157021375 -0.448784435 -0.879736789 -0.157021375 -0.448784435 -0.879736789 -0.0546750838 -0.156267429 -0.986200348 -0.0546750838 -0.156267429 -0.986200348 -0.0546750838 -0.156267429 -0.986200348</float_array><technique_common><accessor source="#part3-normals-array" count="1080" stride="3"><param name="X" type="float" /><param name="Y" type="float" /><param name="Z" type="float" /></accessor></technique_common></source><vertices id="part3-vertices"><input semantic="POSITION" source="#part3-positions" /></vertices><triangles count="360" material="material"><input semantic="VERTEX" source="#part3-vertices" offset="0" /><input semantic="NORMAL" source="#part3-normals" offset="0" /><p>0 1 2 3 4 5 6 7 8 9 10 11 12 13 14 15 16 17 18 19 20 21 22 23 24 25 26 27 28 29 30 31 32 33 34 35 36 37 38 39 40 41 42 43 44 45 46 47 48 49 50 51 52 53 54 55 56 57 58 59 60 61 62 63 64 65 66 67 68 69 70 71 72 73 74 75 76 77 78 79 80 81 82 83 84 85 86 87 88 89 90 91 92 93 94 95 96 97 98 99 100 101 102 103 104 105 106 107 108 109 110 111 112 113 114 115 116 117 118 119 120 121 122 123 124 125 126 127 128 129 130 131 132 133 134 135 136 137 138 139 140 141 142 143 144 145 146 147 148 149 150 151 152 153 154 155 156 157 158 159 160 161 162 163 164 165 166 167 168 169 170 171 172 173 174 175 176 177 178 179 180 181 182 183 184 185 186 187 188 189 190 191 192 193 194 195 196 197 198 199 200 201 202 203 204 205 206 207 208 209 210 211 212 213 214 215 216 217 218 219 220 221 222 223 224 225 226 227 228 229 230 231 232 233 234 235 236 237 238 239 240 241 242 243 244 245 246 247 248 249 250 251 252 253 254 255 256 257 258 259 260 261 262 263 264 265 266 267 268 269 270 271 272 273 274 275 276 277 278 279 280 281 282 283 284 285 286 287 288 289 290 291 292 293 294 295 296 297 298 299 300 301 302 303 304 305 306 307 308 309 310 311 312 313 314 315 316 317 318 319 320 321 322 323 324 325 326 327 328 329 330 331 332 333 334 335 336 337 338 339 340 341 342 343 344 345 346 347 348 349 350 351 352 353 354 355 356 357 358 359 360 361 362 363 364 365 366 367 368 369 370 371 372 373 374 375 376 377 378 379 380 381 382 383 384 385 386 387 388 389 390 391 392 393 394 395 396 397 398 399 400 401 402 403 404 405 406 407 408 409 410 411 412 413 414 415 416 417 418 419 420 421 422 423 424 425 426 427 428 429 430 431 432 433 434 435 436 437 438 439 440 441 442 443 444 445 446 447 448 449 450 451 452 453 454 455 456 457 458 459 460 461 462 463 464 465 466 467 468 469 470 471 472 473 474 475 476 477 478 479 480 481 482 483 484 485 486 487 488 489 490 491 492 493 494 495 496 497 498 499 500 501 502 503 504 505 506 507 508 509 510 511 512 513 514 515 516 517 518 519 520 521 522 523 524 525 526 527 528 529 530 531 532 533 534 535 536 537 538 539 540 541 542 543 544 545 546 547 548 549 550 551 552 553 554 555 556 557 558 559 560 561 562 563 564 565 566 567 568 569 570 571 572 573 574 575 576 577 578 579 580 581 582 583 584 585 586 587 588 589 590 591 592 593 594 595 596 597 598 599 600 601 602 603 604 605 606 607 608 609 610 611 612 613 614 615 616 617 618 619 620 621 622 623 624 625 626 627 628 629 630 631 632 633 634 635 636 637 638 639 640 641 642 643 644 645 646 647 648 649 650 651 652 653 654 655 656 657 658 659 660 661 662 663 664 665 666 667 668 669 670 671 672 673 674 675 676 677 678 679 680 681 682 683 684 685 686 687 688 689 690 691 692 693 694 695 696 697 698 699 700 701 702 703 704 705 706 707 708 709 710 711 712 713 714 715 716 717 718 719 720 721 722 723 724 725 726 727 728 729 730 731 732 733 734 735 736 737 738 739 740 741 742 743 744 745 746 747 748 749 750 751 752 753 754 755 756 757 758 759 760 761 762 763 764 765 766 767 768 769 770 771 772 773 774 775 776 777 778 779 780 781 782 783 784 785 786 787 788 789 790 791 792 793 794 795 796 797 798 799 800 801 802 803 804 805 806 807 808 809 810 811 812 813 814 815 816 817 818 819 820 821 822 823 824 825 826 827 828 829 830 831 832 833 834 835 836 837 838 839 840 841 842 843 844 845 846 847 848 849 850 851 852 853 854 855 856 857 858 859 860 861 862 863 864 865 866 867 868 869 870 871 872 873 874 875 876 877 878 879 880 881 882 883 884 885 886 887 888 889 890 891 892 893 894 895 896 897 898 899 900 901 902 903 904 905 906 907 908 909 910 911 912 913 914 915 916 917 918 919 920 921 922 923 924 925 926 927 928 929 930 931 932 933 934 935 936 937 938 939 940 941 942 943 944 945 946 947 948 949 950 951 952 953 954 955 956 957 958 959 960 961 962 963 964 965 966 967 968 969 970 971 972 973 974 975 976 977 978 979 980 981 982 983 984 985 986 987 988 989 990 991 992 993 994 995 996 997 998 999 1000 1001 1002 1003 1004 1005 1006 1007 1008 1009 1010 1011 1012 1013 1014 1015 1016 1017 1018 1019 1020 1021 1022 1023 1024 1025 1026 1027 1028 1029 1030 1031 1032 1033 1034 1035 1036 1037 1038 1039 1040 1041 1042 1043 1044 1045 1046 1047 1048 1049 1050 1051 1052 1053 1054 1055 1056 1057 1058 1059 1060 1061 1062 1063 1064 1065 1066 1067 1068 1069 1070 1071 1072 1073 1074 1075 1076 1077 1078 1079</p></triangles></mesh></geometry><geometry id="part4"><mesh><source id="part4-positions"><float_array id="part4-positions-array" count="2484">0.0204168842 0 0.0170476406 0.0382381678 0.00853297558 0.0151982183 0.0204168842 0.00948515311 0.0151982183 0.0204168842 0.00948515311 0.0151982183 0.0382381678 0.00853297558 0.0151982183 0.0543153203 0.0162419519 0.00988799745 0.0204168842 0.00948515311 0.0151982183 0.0543153203 0.0162419519 0.00988799745 0.0204168842 0.0180364404 0.00988799745 0.0204168842 0.0180364404 0.00988799745 0.0543153203 0.0162419519 0.00988799745 0.0670598504 0.0223578604 0.00159306626 0.0204168842 0.0180364404 0.00988799745 0.0670598504 0.0223578604 0.00159306626 0.0204168842 0.0248115497 0.00159306626 0.0204168842 0.0248115497 0.00159306626 0.0670598504 0.0223578604 0.00159306626 0.0752678037 0.0262764382 -0.0088625755 0.0204168842 0.0248115497 0.00159306626 0.0752678037 0.0262764382 -0.0088625755 0.0204168842 0.0291695919 -0.0088625755 0.0204168842 0.0291695919 -0.0088625755 0.0752678037 0.0262764382 -0.0088625755 0.0780877174 0.027631459 -0.0204535053 0.0204168842 0.0291695919 -0.0088625755 0.0780877174 0.027631459 -0.0204535053 0.0204168842 0.0306711038 -0.0204535053 0.0204168842 0.0306711038 -0.0204535053 0.0780877174 0.027631459 -0.0204535053 0.0752678037 0.0262764382 -0.0320261245 0.0204168842 0.0306711038 -0.0204535053 0.0752678037 0.0262764382 -0.0320261245 0.0204168842 0.0291695919 -0.0320261245 0.0204168842 0.0291695919 -0.0320261245 0.0752678037 0.0262764382 -0.0320261245 0.0670598504 0.0223578604 -0.0424863445 0.0204168842 0.0291695919 -0.0320261245 0.0670598504 0.0223578604 -0.0424863445 0.0204168842 0.0248115497 -0.0424863445 0.0204168842 0.0248115497 -0.0424863445 0.0670598504 0.0223578604 -0.0424863445 0.0543153203 0.0162419519 -0.0507812773 0.0204168842 0.0248115497 -0.0424863445 0.0543153203 0.0162419519 -0.0507812773 0.0204168842 0.0180364404 -0.0507812773 0.0204168842 0.0180364404 -0.0507812773 0.0543153203 0.0162419519 -0.0507812773 0.0382381678 0.00853297558 -0.0561098076 0.0204168842 0.0180364404 -0.0507812773 0.0382381678 0.00853297558 -0.0561098076 0.0204168842 0.00948515311 -0.0561098076 0.0204168842 0.00948515311 -0.0561098076 0.0382381678 0.00853297558 -0.0561098076 0.0204168842 0 -0.0579409205 0.0204168842 0 0.0170476406 0.052520833 0.00591448737 0.0151982183 0.0382381678 0.00853297558 0.0151982183 0.0382381678 0.00853297558 0.0151982183 0.052520833 0.00591448737 0.0151982183 0.0814935776 0.0112430193 0.00988799745 0.0382381678 0.00853297558 0.0151982183 0.0814935776 0.0112430193 0.00988799745 0.0543153203 0.0162419519 0.00988799745 0.0543153203 0.0162419519 0.00988799745 0.0814935776 0.0112430193 0.00988799745 0.104492332 0.0154728855 0.00159306626 0.0543153203 0.0162419519 0.00988799745 0.104492332 0.0154728855 0.00159306626 0.0670598504 0.0223578604 0.00159306626 0.0670598504 0.0223578604 0.00159306626 0.104492332 0.0154728855 0.00159306626 0.119255658 0.0181829292 -0.0088625755 0.0670598504 0.0223578604 0.00159306626 0.119255658 0.0181829292 -0.0088625755 0.0752678037 0.0262764382 -0.0088625755 0.0752678037 0.0262764382 -0.0088625755 0.119255658 0.0181829292 -0.0088625755 0.124327831 0.0191167951 -0.0204535053 0.0752678037 0.0262764382 -0.0088625755 0.124327831 0.0191167951 -0.0204535053 0.0780877174 0.027631459 -0.0204535053 0.0780877174 0.027631459 -0.0204535053 0.124327831 0.0191167951 -0.0204535053 0.119255658 0.0181829292 -0.0320261245 0.0780877174 0.027631459 -0.0204535053 0.119255658 0.0181829292 -0.0320261245 0.0752678037 0.0262764382 -0.0320261245 0.0752678037 0.0262764382 -0.0320261245 0.119255658 0.0181829292 -0.0320261245 0.104492332 0.0154728855 -0.0424863445 0.0752678037 0.0262764382 -0.0320261245 0.104492332 0.0154728855 -0.0424863445 0.0670598504 0.0223578604 -0.0424863445 0.0670598504 0.0223578604 -0.0424863445 0.104492332 0.0154728855 -0.0424863445 0.0814935776 0.0112430193 -0.0507812773 0.0670598504 0.0223578604 -0.0424863445 0.0814935776 0.0112430193 -0.0507812773 0.0543153203 0.0162419519 -0.0507812773 0.0543153203 0.0162419519 -0.0507812773 0.0814935776 0.0112430193 -0.0507812773 0.052520833 0.00591448737 -0.0561098076 0.0543153203 0.0162419519 -0.0507812773 0.052520833 0.00591448737 -0.0561098076 0.0382381678 0.00853297558 -0.0561098076 0.0382381678 0.00853297558 -0.0561098076 0.052520833 0.00591448737 -0.0561098076 0.0204168842 0 -0.0579409205 0.0204168842 0 0.0170476406 0.0604495415 0.00210577724 0.0151982183 0.052520833 0.00591448737 0.0151982183 0.052520833 0.00591448737 0.0151982183 0.0604495415 0.00210577724 0.0151982183 0.0965819338 0.0040101323 0.00988799745 0.052520833 0.00591448737 0.0151982183 0.0965819338 0.0040101323 0.00988799745 0.0814935776 0.0112430193 0.00988799745 0.0814935776 0.0112430193 0.00988799745 0.0965819338 0.0040101323 0.00988799745 0.125261705 0.00552995413 0.00159306626 0.0814935776 0.0112430193 0.00988799745 0.125261705 0.00552995413 0.00159306626 0.104492332 0.0154728855 0.00159306626 0.104492332 0.0154728855 0.00159306626 0.125261705 0.00552995413 0.00159306626 0.14366436 0.00648213166 -0.0088625755 0.104492332 0.0154728855 0.00159306626 0.14366436 0.00648213166 -0.0088625755 0.119255658 0.0181829292 -0.0088625755 0.119255658 0.0181829292 -0.0088625755 0.14366436 0.00648213166 -0.0088625755 0.150000006 0.00683004269 -0.0204535053 0.119255658 0.0181829292 -0.0088625755 0.150000006 0.00683004269 -0.0204535053 0.124327831 0.0191167951 -0.0204535053 0.124327831 0.0191167951 -0.0204535053 0.150000006 0.00683004269 -0.0204535053 0.14366436 0.00648213166 -0.0320261245 0.124327831 0.0191167951 -0.0204535053 0.14366436 0.00648213166 -0.0320261245 0.119255658 0.0181829292 -0.0320261245 0.119255658 0.0181829292 -0.0320261245 0.14366436 0.00648213166 -0.0320261245 0.125261705 0.00552995413 -0.0424863445 0.119255658 0.0181829292 -0.0320261245 0.125261705 0.00552995413 -0.0424863445 0.104492332 0.0154728855 -0.0424863445 0.104492332 0.0154728855 -0.0424863445 0.125261705 0.00552995413 -0.0424863445 0.0965819338 0.0040101323 -0.0507812773 0.104492332 0.0154728855 -0.0424863445 0.0965819338 0.0040101323 -0.0507812773 0.0814935776 0.0112430193 -0.0507812773 0.0814935776 0.0112430193 -0.0507812773 0.0965819338 0.0040101323 -0.0507812773 0.0604495415 0.00210577724 -0.0561098076 0.0814935776 0.0112430193 -0.0507812773 0.0604495415 0.00210577724 -0.0561098076 0.052520833 0.00591448737 -0.0561098076 0.052520833 0.00591448737 -0.0561098076 0.0604495415 0.00210577724 -0.0561098076 0.0204168842 0 -0.0579409205 0.0204168842 0 0.0170476406 0.0604495415 -0.00210577724 0.0151982183 0.0604495415 0.00210577724 0.0151982183 0.0604495415 0.00210577724 0.0151982183 0.0604495415 -0.00210577724 0.0151982183 0.0965819338 -0.0040101323 0.00988799745 0.0604495415 0.00210577724 0.0151982183 0.0965819338 -0.0040101323 0.00988799745 0.0965819338 0.0040101323 0.00988799745 0.0965819338 0.0040101323 0.00988799745 0.0965819338 -0.0040101323 0.00988799745 0.125261705 -0.00552995413 0.00159306626 0.0965819338 0.0040101323 0.00988799745 0.125261705 -0.00552995413 0.00159306626 0.125261705 0.00552995413 0.00159306626 0.125261705 0.00552995413 0.00159306626 0.125261705 -0.00552995413 0.00159306626 0.14366436 -0.00648213166 -0.0088625755 0.125261705 0.00552995413 0.00159306626 0.14366436 -0.00648213166 -0.0088625755 0.14366436 0.00648213166 -0.0088625755 0.14366436 0.00648213166 -0.0088625755 0.14366436 -0.00648213166 -0.0088625755 0.150000006 -0.00683004269 -0.0204535053 0.14366436 0.00648213166 -0.0088625755 0.150000006 -0.00683004269 -0.0204535053 0.150000006 0.00683004269 -0.0204535053 0.150000006 0.00683004269 -0.0204535053 0.150000006 -0.00683004269 -0.0204535053 0.14366436 -0.00648213166 -0.0320261245 0.150000006 0.00683004269 -0.0204535053 0.14366436 -0.00648213166 -0.0320261245 0.14366436 0.00648213166 -0.0320261245 0.14366436 0.00648213166 -0.0320261245 0.14366436 -0.00648213166 -0.0320261245 0.125261705 -0.00552995413 -0.0424863445 0.14366436 0.00648213166 -0.0320261245 0.125261705 -0.00552995413 -0.0424863445 0.125261705 0.00552995413 -0.0424863445 0.125261705 0.00552995413 -0.0424863445 0.125261705 -0.00552995413 -0.0424863445 0.0965819338 -0.0040101323 -0.0507812773 0.125261705 0.00552995413 -0.0424863445 0.0965819338 -0.0040101323 -0.0507812773 0.0965819338 0.0040101323 -0.0507812773 0.0965819338 0.0040101323 -0.0507812773 0.0965819338 -0.0040101323 -0.0507812773 0.0604495415 -0.00210577724 -0.0561098076 0.0965819338 0.0040101323 -0.0507812773 0.0604495415 -0.00210577724 -0.0561098076 0.0604495415 0.00210577724 -0.0561098076 0.0604495415 0.00210577724 -0.0561098076 0.0604495415 -0.00210577724 -0.0561098076 0.0204168842 0 -0.0579409205 0.0204168842 0 0.0170476406 0.052520833 -0.00591448737 0.0151982183 0.0604495415 -0.00210577724 0.0151982183 0.0604495415 -0.00210577724 0.0151982183 0.052520833 -0.00591448737 0.0151982183 0.0814935776 -0.0112430193 0.00988799745 0.0604495415 -0.00210577724 0.0151982183 0.0814935776 -0.0112430193 0.00988799745 0.0965819338 -0.0040101323 0.00988799745 0.0965819338 -0.0040101323 0.00988799745 0.0814935776 -0.0112430193 0.00988799745 0.104492332 -0.0154728855 0.00159306626 0.0965819338 -0.0040101323 0.00988799745 0.104492332 -0.0154728855 0.00159306626 0.125261705 -0.00552995413 0.00159306626 0.125261705 -0.00552995413 0.00159306626 0.104492332 -0.0154728855 0.00159306626 0.119255658 -0.0181829292 -0.0088625755 0.125261705 -0.00552995413 0.00159306626 0.119255658 -0.0181829292 -0.0088625755 0.14366436 -0.00648213166 -0.0088625755 0.14366436 -0.00648213166 -0.0088625755 0.119255658 -0.0181829292 -0.0088625755 0.124327831 -0.0191167951 -0.0204535053 0.14366436 -0.00648213166 -0.0088625755 0.124327831 -0.0191167951 -0.0204535053 0.150000006 -0.00683004269 -0.0204535053 0.150000006 -0.00683004269 -0.0204535053 0.124327831 -0.0191167951 -0.0204535053 0.119255658 -0.0181829292 -0.0320261245 0.150000006 -0.00683004269 -0.0204535053 0.119255658 -0.0181829292 -0.0320261245 0.14366436 -0.00648213166 -0.0320261245 0.14366436 -0.00648213166 -0.0320261245 0.119255658 -0.0181829292 -0.0320261245 0.104492332 -0.0154728855 -0.0424863445 0.14366436 -0.00648213166 -0.0320261245 0.104492332 -0.0154728855 -0.0424863445 0.125261705 -0.00552995413 -0.0424863445 0.125261705 -0.00552995413 -0.0424863445 0.104492332 -0.0154728855 -0.0424863445 0.0814935776 -0.0112430193 -0.0507812773 0.125261705 -0.00552995413 -0.0424863445 0.0814935776 -0.0112430193 -0.0507812773 0.0965819338 -0.0040101323 -0.0507812773 0.0965819338 -0.0040101323 -0.0507812773 0.0814935776 -0.0112430193 -0.0507812773 0.052520833 -0.00591448737 -0.0561098076 0.0965819338 -0.0040101323 -0.0507812773 0.052520833 -0.00591448737 -0.0561098076 0.0604495415 -0.00210577724 -0.0561098076 0.0604495415 -0.00210577724 -0.0561098076 0.052520833 -0.00591448737 -0.0561098076 0.0204168842 0 -0.0579409205 0.0204168842 0 0.0170476406 0.0382381678 -0.00853297558 0.0151982183 0.052520833 -0.00591448737 0.0151982183 0.052520833 -0.00591448737 0.0151982183 0.0382381678 -0.00853297558 0.0151982183 0.0543153203 -0.0162419519 0.00988799745 0.052520833 -0.00591448737 0.0151982183 0.0543153203 -0.0162419519 0.00988799745 0.0814935776 -0.0112430193 0.00988799745 0.0814935776 -0.0112430193 0.00988799745 0.0543153203 -0.0162419519 0.00988799745 0.0670598504 -0.0223578604 0.00159306626 0.0814935776 -0.0112430193 0.00988799745 0.0670598504 -0.0223578604 0.00159306626 0.104492332 -0.0154728855 0.00159306626 0.104492332 -0.0154728855 0.00159306626 0.0670598504 -0.0223578604 0.00159306626 0.0752678037 -0.0262764382 -0.0088625755 0.104492332 -0.0154728855 0.00159306626 0.0752678037 -0.0262764382 -0.0088625755 0.119255658 -0.0181829292 -0.0088625755 0.119255658 -0.0181829292 -0.0088625755 0.0752678037 -0.0262764382 -0.0088625755 0.0780877174 -0.027631459 -0.0204535053 0.119255658 -0.0181829292 -0.0088625755 0.0780877174 -0.027631459 -0.0204535053 0.124327831 -0.0191167951 -0.0204535053 0.124327831 -0.0191167951 -0.0204535053 0.0780877174 -0.027631459 -0.0204535053 0.0752678037 -0.0262764382 -0.0320261245 0.124327831 -0.0191167951 -0.0204535053 0.0752678037 -0.0262764382 -0.0320261245 0.119255658 -0.0181829292 -0.0320261245 0.119255658 -0.0181829292 -0.0320261245 0.0752678037 -0.0262764382 -0.0320261245 0.0670598504 -0.0223578604 -0.0424863445 0.119255658 -0.0181829292 -0.0320261245 0.0670598504 -0.0223578604 -0.0424863445 0.104492332 -0.0154728855 -0.0424863445 0.104492332 -0.0154728855 -0.0424863445 0.0670598504 -0.0223578604 -0.0424863445 0.0543153203 -0.0162419519 -0.0507812773 0.104492332 -0.0154728855 -0.0424863445 0.0543153203 -0.0162419519 -0.0507812773 0.0814935776 -0.0112430193 -0.0507812773 0.0814935776 -0.0112430193 -0.0507812773 0.0543153203 -0.0162419519 -0.0507812773 0.0382381678 -0.00853297558 -0.0561098076 0.0814935776 -0.0112430193 -0.0507812773 0.0382381678 -0.00853297558 -0.0561098076 0.052520833 -0.00591448737 -0.0561098076 0.052520833 -0.00591448737 -0.0561098076 0.0382381678 -0.00853297558 -0.0561098076 0.0204168842 0 -0.0579409205 0.0204168842 0 0.0170476406 0.0204168842 -0.00948515311 0.0151982183 0.0382381678 -0.00853297558 0.0151982183 0.0382381678 -0.00853297558 0.0151982183 0.0204168842 -0.00948515311 0.0151982183 0.0204168842 -0.0180364404 0.00988799745 0.0382381678 -0.00853297558 0.0151982183 0.0204168842 -0.0180364404 0.00988799745 0.0543153203 -0.0162419519 0.00988799745 0.0543153203 -0.0162419519 0.00988799745 0.0204168842 -0.0180364404 0.00988799745 0.0204168842 -0.0248115497 0.00159306626 0.0543153203 -0.0162419519 0.00988799745 0.0204168842 -0.0248115497 0.00159306626 0.0670598504 -0.0223578604 0.00159306626 0.0670598504 -0.0223578604 0.00159306626 0.0204168842 -0.0248115497 0.00159306626 0.0204168842 -0.0291695919 -0.0088625755 0.0670598504 -0.0223578604 0.00159306626 0.0204168842 -0.0291695919 -0.0088625755 0.0752678037 -0.0262764382 -0.0088625755 0.0752678037 -0.0262764382 -0.0088625755 0.0204168842 -0.0291695919 -0.0088625755 0.0204168842 -0.0306711038 -0.0204535053 0.0752678037 -0.0262764382 -0.0088625755 0.0204168842 -0.0306711038 -0.0204535053 0.0780877174 -0.027631459 -0.0204535053 0.0780877174 -0.027631459 -0.0204535053 0.0204168842 -0.0306711038 -0.0204535053 0.0204168842 -0.0291695919 -0.0320261245 0.0780877174 -0.027631459 -0.0204535053 0.0204168842 -0.0291695919 -0.0320261245 0.0752678037 -0.0262764382 -0.0320261245 0.0752678037 -0.0262764382 -0.0320261245 0.0204168842 -0.0291695919 -0.0320261245 0.0204168842 -0.0248115497 -0.0424863445 0.0752678037 -0.0262764382 -0.0320261245 0.0204168842 -0.0248115497 -0.0424863445 0.0670598504 -0.0223578604 -0.0424863445 0.0670598504 -0.0223578604 -0.0424863445 0.0204168842 -0.0248115497 -0.0424863445 0.0204168842 -0.0180364404 -0.0507812773 0.0670598504 -0.0223578604 -0.0424863445 0.0204168842 -0.0180364404 -0.0507812773 0.0543153203 -0.0162419519 -0.0507812773 0.0543153203 -0.0162419519 -0.0507812773 0.0204168842 -0.0180364404 -0.0507812773 0.0204168842 -0.00948515311 -0.0561098076 0.0543153203 -0.0162419519 -0.0507812773 0.0204168842 -0.00948515311 -0.0561098076 0.0382381678 -0.00853297558 -0.0561098076 0.0382381678 -0.00853297558 -0.0561098076 0.0204168842 -0.00948515311 -0.0561098076 0.0204168842 0 -0.0579409205 0.0204168842 0 0.0170476406 0.002581866 -0.00853297558 0.0151982183 0.0204168842 -0.00948515311 0.0151982183 0.0204168842 -0.00948515311 0.0151982183 0.002581866 -0.00853297558 0.0151982183 -0.0134769743 -0.0162419519 0.00988799745 0.0204168842 -0.00948515311 0.0151982183 -0.0134769743 -0.0162419519 0.00988799745 0.0204168842 -0.0180364404 0.00988799745 0.0204168842 -0.0180364404 0.00988799745 -0.0134769743 -0.0162419519 0.00988799745 -0.0262398149 -0.0223578604 0.00159306626 0.0204168842 -0.0180364404 0.00988799745 -0.0262398149 -0.0223578604 0.00159306626 0.0204168842 -0.0248115497 0.00159306626 0.0204168842 -0.0248115497 0.00159306626 -0.0262398149 -0.0223578604 0.00159306626 -0.0344431906 -0.0262764382 -0.0088625755 0.0204168842 -0.0248115497 0.00159306626 -0.0344431906 -0.0262764382 -0.0088625755 0.0204168842 -0.0291695919 -0.0088625755 0.0204168842 -0.0291695919 -0.0088625755 -0.0344431906 -0.0262764382 -0.0088625755 -0.0372631021 -0.027631459 -0.0204535053 0.0204168842 -0.0291695919 -0.0088625755 -0.0372631021 -0.027631459 -0.0204535053 0.0204168842 -0.0306711038 -0.0204535053 0.0204168842 -0.0306711038 -0.0204535053 -0.0372631021 -0.027631459 -0.0204535053 -0.0344431906 -0.0262764382 -0.0320261245 0.0204168842 -0.0306711038 -0.0204535053 -0.0344431906 -0.0262764382 -0.0320261245 0.0204168842 -0.0291695919 -0.0320261245 0.0204168842 -0.0291695919 -0.0320261245 -0.0344431906 -0.0262764382 -0.0320261245 -0.0262398149 -0.0223578604 -0.0424863445 0.0204168842 -0.0291695919 -0.0320261245 -0.0262398149 -0.0223578604 -0.0424863445 0.0204168842 -0.0248115497 -0.0424863445 0.0204168842 -0.0248115497 -0.0424863445 -0.0262398149 -0.0223578604 -0.0424863445 -0.0134769743 -0.0162419519 -0.0507812773 0.0204168842 -0.0248115497 -0.0424863445 -0.0134769743 -0.0162419519 -0.0507812773 0.0204168842 -0.0180364404 -0.0507812773 0.0204168842 -0.0180364404 -0.0507812773 -0.0134769743 -0.0162419519 -0.0507812773 0.002581866 -0.00853297558 -0.0561098076 0.0204168842 -0.0180364404 -0.0507812773 0.002581866 -0.00853297558 -0.0561098076 0.0204168842 -0.00948515311 -0.0561098076 0.0204168842 -0.00948515311 -0.0561098076 0.002581866 -0.00853297558 -0.0561098076 0.0204168842 0 -0.0579409205 0.0204168842 0 0.0170476406 -0.0117007975 -0.00591448737 0.0151982183 0.002581866 -0.00853297558 0.0151982183 0.002581866 -0.00853297558 0.0151982183 -0.0117007975 -0.00591448737 0.0151982183 -0.0406735466 -0.0112430193 0.00988799745 0.002581866 -0.00853297558 0.0151982183 -0.0406735466 -0.0112430193 0.00988799745 -0.0134769743 -0.0162419519 0.00988799745 -0.0134769743 -0.0162419519 0.00988799745 -0.0406735466 -0.0112430193 0.00988799745 -0.0636539857 -0.0154728855 0.00159306626 -0.0134769743 -0.0162419519 0.00988799745 -0.0636539857 -0.0154728855 0.00159306626 -0.0262398149 -0.0223578604 0.00159306626 -0.0262398149 -0.0223578604 0.00159306626 -0.0636539857 -0.0154728855 0.00159306626 -0.0784173162 -0.0181829292 -0.0088625755 -0.0262398149 -0.0223578604 0.00159306626 -0.0784173162 -0.0181829292 -0.0088625755 -0.0344431906 -0.0262764382 -0.0088625755 -0.0344431906 -0.0262764382 -0.0088625755 -0.0784173162 -0.0181829292 -0.0088625755 -0.0835078004 -0.0191167951 -0.0204535053 -0.0344431906 -0.0262764382 -0.0088625755 -0.0835078004 -0.0191167951 -0.0204535053 -0.0372631021 -0.027631459 -0.0204535053 -0.0372631021 -0.027631459 -0.0204535053 -0.0835078004 -0.0191167951 -0.0204535053 -0.0784173162 -0.0181829292 -0.0320261245 -0.0372631021 -0.027631459 -0.0204535053 -0.0784173162 -0.0181829292 -0.0320261245 -0.0344431906 -0.0262764382 -0.0320261245 -0.0344431906 -0.0262764382 -0.0320261245 -0.0784173162 -0.0181829292 -0.0320261245 -0.0636539857 -0.0154728855 -0.0424863445 -0.0344431906 -0.0262764382 -0.0320261245 -0.0636539857 -0.0154728855 -0.0424863445 -0.0262398149 -0.0223578604 -0.0424863445 -0.0262398149 -0.0223578604 -0.0424863445 -0.0636539857 -0.0154728855 -0.0424863445 -0.0406735466 -0.0112430193 -0.0507812773 -0.0262398149 -0.0223578604 -0.0424863445 -0.0406735466 -0.0112430193 -0.0507812773 -0.0134769743 -0.0162419519 -0.0507812773 -0.0134769743 -0.0162419519 -0.0507812773 -0.0406735466 -0.0112430193 -0.0507812773 -0.0117007975 -0.00591448737 -0.0561098076 -0.0134769743 -0.0162419519 -0.0507812773 -0.0117007975 -0.00591448737 -0.0561098076 0.002581866 -0.00853297558 -0.0561098076 0.002581866 -0.00853297558 -0.0561098076 -0.0117007975 -0.00591448737 -0.0561098076 0.0204168842 0 -0.0579409205 0.0204168842 0 0.0170476406 -0.0196295061 -0.00210577724 0.0151982183 -0.0117007975 -0.00591448737 0.0151982183 -0.0117007975 -0.00591448737 0.0151982183 -0.0196295061 -0.00210577724 0.0151982183 -0.0557618983 -0.0040101323 0.00988799745 -0.0117007975 -0.00591448737 0.0151982183 -0.0557618983 -0.0040101323 0.00988799745 -0.0406735466 -0.0112430193 0.00988799745 -0.0406735466 -0.0112430193 0.00988799745 -0.0557618983 -0.0040101323 0.00988799745 -0.0844233546 -0.00552995413 0.00159306626 -0.0406735466 -0.0112430193 0.00988799745 -0.0844233546 -0.00552995413 0.00159306626 -0.0636539857 -0.0154728855 0.00159306626 -0.0636539857 -0.0154728855 0.00159306626 -0.0844233546 -0.00552995413 0.00159306626 -0.102826018 -0.00648213166 -0.0088625755 -0.0636539857 -0.0154728855 0.00159306626 -0.102826018 -0.00648213166 -0.0088625755 -0.0784173162 -0.0181829292 -0.0088625755 -0.0784173162 -0.0181829292 -0.0088625755 -0.102826018 -0.00648213166 -0.0088625755 -0.109179975 -0.00683004269 -0.0204535053 -0.0784173162 -0.0181829292 -0.0088625755 -0.109179975 -0.00683004269 -0.0204535053 -0.0835078004 -0.0191167951 -0.0204535053 -0.0835078004 -0.0191167951 -0.0204535053 -0.109179975 -0.00683004269 -0.0204535053 -0.102826018 -0.00648213166 -0.0320261245 -0.0835078004 -0.0191167951 -0.0204535053 -0.102826018 -0.00648213166 -0.0320261245 -0.0784173162 -0.0181829292 -0.0320261245 -0.0784173162 -0.0181829292 -0.0320261245 -0.102826018 -0.00648213166 -0.0320261245 -0.0844233546 -0.00552995413 -0.0424863445 -0.0784173162 -0.0181829292 -0.0320261245 -0.0844233546 -0.00552995413 -0.0424863445 -0.0636539857 -0.0154728855 -0.0424863445 -0.0636539857 -0.0154728855 -0.0424863445 -0.0844233546 -0.00552995413 -0.0424863445 -0.0557618983 -0.0040101323 -0.0507812773 -0.0636539857 -0.0154728855 -0.0424863445 -0.0557618983 -0.0040101323 -0.0507812773 -0.0406735466 -0.0112430193 -0.0507812773 -0.0406735466 -0.0112430193 -0.0507812773 -0.0557618983 -0.0040101323 -0.0507812773 -0.0196295061 -0.00210577724 -0.0561098076 -0.0406735466 -0.0112430193 -0.0507812773 -0.0196295061 -0.00210577724 -0.0561098076 -0.0117007975 -0.00591448737 -0.0561098076 -0.0117007975 -0.00591448737 -0.0561098076 -0.0196295061 -0.00210577724 -0.0561098076 0.0204168842 0 -0.0579409205 0.0204168842 0 0.0170476406 -0.0196295061 0.00210577724 0.0151982183 -0.0196295061 -0.00210577724 0.0151982183 -0.0196295061 -0.00210577724 0.0151982183 -0.0196295061 0.00210577724 0.0151982183 -0.0557618983 0.0040101323 0.00988799745 -0.0196295061 -0.00210577724 0.0151982183 -0.0557618983 0.0040101323 0.00988799745 -0.0557618983 -0.0040101323 0.00988799745 -0.0557618983 -0.0040101323 0.00988799745 -0.0557618983 0.0040101323 0.00988799745 -0.0844233546 0.00552995413 0.00159306626 -0.0557618983 -0.0040101323 0.00988799745 -0.0844233546 0.00552995413 0.00159306626 -0.0844233546 -0.00552995413 0.00159306626 -0.0844233546 -0.00552995413 0.00159306626 -0.0844233546 0.00552995413 0.00159306626 -0.102826018 0.00648213166 -0.0088625755 -0.0844233546 -0.00552995413 0.00159306626 -0.102826018 0.00648213166 -0.0088625755 -0.102826018 -0.00648213166 -0.0088625755 -0.102826018 -0.00648213166 -0.0088625755 -0.102826018 0.00648213166 -0.0088625755 -0.109179975 0.00683004269 -0.0204535053 -0.102826018 -0.00648213166 -0.0088625755 -0.109179975 0.00683004269 -0.0204535053 -0.109179975 -0.00683004269 -0.0204535053 -0.109179975 -0.00683004269 -0.0204535053 -0.109179975 0.00683004269 -0.0204535053 -0.102826018 0.00648213166 -0.0320261245 -0.109179975 -0.00683004269 -0.0204535053 -0.102826018 0.00648213166 -0.0320261245 -0.102826018 -0.00648213166 -0.0320261245 -0.102826018 -0.00648213166 -0.0320261245 -0.102826018 0.00648213166 -0.0320261245 -0.0844233546 0.00552995413 -0.0424863445 -0.102826018 -0.00648213166 -0.0320261245 -0.0844233546 0.00552995413 -0.0424863445 -0.0844233546 -0.00552995413 -0.0424863445 -0.0844233546 -0.00552995413 -0.0424863445 -0.0844233546 0.00552995413 -0.0424863445 -0.0557618983 0.0040101323 -0.0507812773 -0.0844233546 -0.00552995413 -0.0424863445 -0.0557618983 0.0040101323 -0.0507812773 -0.0557618983 -0.0040101323 -0.0507812773 -0.0557618983 -0.0040101323 -0.0507812773 -0.0557618983 0.0040101323 -0.0507812773 -0.0196295061 0.00210577724 -0.0561098076 -0.0557618983 -0.0040101323 -0.0507812773 -0.0196295061 0.00210577724 -0.0561098076 -0.0196295061 -0.00210577724 -0.0561098076 -0.0196295061 -0.00210577724 -0.0561098076 -0.0196295061 0.00210577724 -0.0561098076 0.0204168842 0 -0.0579409205 0.0204168842 0 0.0170476406 -0.0117007975 0.00591448737 0.0151982183 -0.0196295061 0.00210577724 0.0151982183 -0.0196295061 0.00210577724 0.0151982183 -0.0117007975 0.00591448737 0.0151982183 -0.0406735466 0.0112430193 0.00988799745 -0.0196295061 0.00210577724 0.0151982183 -0.0406735466 0.0112430193 0.00988799745 -0.0557618983 0.0040101323 0.00988799745 -0.0557618983 0.0040101323 0.00988799745 -0.0406735466 0.0112430193 0.00988799745 -0.0636539857 0.0154728855 0.00159306626 -0.0557618983 0.0040101323 0.00988799745 -0.0636539857 0.0154728855 0.00159306626 -0.0844233546 0.00552995413 0.00159306626 -0.0844233546 0.00552995413 0.00159306626 -0.0636539857 0.0154728855 0.00159306626 -0.0784173162 0.0181829292 -0.0088625755 -0.0844233546 0.00552995413 0.00159306626 -0.0784173162 0.0181829292 -0.0088625755 -0.102826018 0.00648213166 -0.0088625755 -0.102826018 0.00648213166 -0.0088625755 -0.0784173162 0.0181829292 -0.0088625755 -0.0835078004 0.0191167951 -0.0204535053 -0.102826018 0.00648213166 -0.0088625755 -0.0835078004 0.0191167951 -0.0204535053 -0.109179975 0.00683004269 -0.0204535053 -0.109179975 0.00683004269 -0.0204535053 -0.0835078004 0.0191167951 -0.0204535053 -0.0784173162 0.0181829292 -0.0320261245 -0.109179975 0.00683004269 -0.0204535053 -0.0784173162 0.0181829292 -0.0320261245 -0.102826018 0.00648213166 -0.0320261245 -0.102826018 0.00648213166 -0.0320261245 -0.0784173162 0.0181829292 -0.0320261245 -0.0636539857 0.0154728855 -0.0424863445 -0.102826018 0.00648213166 -0.0320261245 -0.0636539857 0.0154728855 -0.0424863445 -0.0844233546 0.00552995413 -0.0424863445 -0.0844233546 0.00552995413 -0.0424863445 -0.0636539857 0.0154728855 -0.0424863445 -0.0406735466 0.0112430193 -0.0507812773 -0.0844233546 0.00552995413 -0.0424863445 -0.0406735466 0.0112430193 -0.0507812773 -0.0557618983 0.0040101323 -0.0507812773 -0.0557618983 0.0040101323 -0.0507812773 -0.0406735466 0.0112430193 -0.0507812773 -0.0117007975 0.00591448737 -0.0561098076 -0.0557618983 0.0040101323 -0.0507812773 -0.0117007975 0.00591448737 -0.0561098076 -0.0196295061 0.00210577724 -0.0561098076 -0.0196295061 0.00210577724 -0.0561098076 -0.0117007975 0.00591448737 -0.0561098076 0.0204168842 0 -0.0579409205 0.0204168842 0 0.0170476406 0.002581866 0.00853297558 0.0151982183 -0.0117007975 0.00591448737 0.0151982183 -0.0117007975 0.00591448737 0.0151982183 0.002581866 0.00853297558 0.0151982183 -0.0134769743 0.0162419519 0.00988799745 -0.0117007975 0.00591448737 0.0151982183 -0.0134769743 0.0162419519 0.00988799745 -0.0406735466 0.0112430193 0.00988799745 -0.0406735466 0.0112430193 0.00988799745 -0.0134769743 0.0162419519 0.00988799745 -0.0262398149 0.0223578604 0.00159306626 -0.0406735466 0.0112430193 0.00988799745 -0.0262398149 0.0223578604 0.00159306626 -0.0636539857 0.0154728855 0.00159306626 -0.0636539857 0.0154728855 0.00159306626 -0.0262398149 0.0223578604 0.00159306626 -0.0344431906 0.0262764382 -0.0088625755 -0.0636539857 0.0154728855 0.00159306626 -0.0344431906 0.0262764382 -0.0088625755 -0.0784173162 0.0181829292 -0.0088625755 -0.0784173162 0.0181829292 -0.0088625755 -0.0344431906 0.0262764382 -0.0088625755 -0.0372631021 0.027631459 -0.0204535053 -0.0784173162 0.0181829292 -0.0088625755 -0.0372631021 0.027631459 -0.0204535053 -0.0835078004 0.0191167951 -0.0204535053 -0.0835078004 0.0191167951 -0.0204535053 -0.0372631021 0.027631459 -0.0204535053 -0.0344431906 0.0262764382 -0.0320261245 -0.0835078004 0.0191167951 -0.0204535053 -0.0344431906 0.0262764382 -0.0320261245 -0.0784173162 0.0181829292 -0.0320261245 -0.0784173162 0.0181829292 -0.0320261245 -0.0344431906 0.0262764382 -0.0320261245 -0.0262398149 0.0223578604 -0.0424863445 -0.0784173162 0.0181829292 -0.0320261245 -0.0262398149 0.0223578604 -0.0424863445 -0.0636539857 0.0154728855 -0.0424863445 -0.0636539857 0.0154728855 -0.0424863445 -0.0262398149 0.0223578604 -0.0424863445 -0.0134769743 0.0162419519 -0.0507812773 -0.0636539857 0.0154728855 -0.0424863445 -0.0134769743 0.0162419519 -0.0507812773 -0.0406735466 0.0112430193 -0.0507812773 -0.0406735466 0.0112430193 -0.0507812773 -0.0134769743 0.0162419519 -0.0507812773 0.002581866 0.00853297558 -0.0561098076 -0.0406735466 0.0112430193 -0.0507812773 0.002581866 0.00853297558 -0.0561098076 -0.0117007975 0.00591448737 -0.0561098076 -0.0117007975 0.00591448737 -0.0561098076 0.002581866 0.00853297558 -0.0561098076 0.0204168842 0 -0.0579409205 0.0204168842 0 0.0170476406 0.0204168842 0.00948515311 0.0151982183 0.002581866 0.00853297558 0.0151982183 0.002581866 0.00853297558 0.0151982183 0.0204168842 0.00948515311 0.0151982183 0.0204168842 0.0180364404 0.00988799745 0.002581866 0.00853297558 0.0151982183 0.0204168842 0.0180364404 0.00988799745 -0.0134769743 0.0162419519 0.00988799745 -0.0134769743 0.0162419519 0.00988799745 0.0204168842 0.0180364404 0.00988799745 0.0204168842 0.0248115497 0.00159306626 -0.0134769743 0.0162419519 0.00988799745 0.0204168842 0.0248115497 0.00159306626 -0.0262398149 0.0223578604 0.00159306626 -0.0262398149 0.0223578604 0.00159306626 0.0204168842 0.0248115497 0.00159306626 0.0204168842 0.0291695919 -0.0088625755 -0.0262398149 0.0223578604 0.00159306626 0.0204168842 0.0291695919 -0.0088625755 -0.0344431906 0.0262764382 -0.0088625755 -0.0344431906 0.0262764382 -0.0088625755 0.0204168842 0.0291695919 -0.0088625755 0.0204168842 0.0306711038 -0.0204535053 -0.0344431906 0.0262764382 -0.0088625755 0.0204168842 0.0306711038 -0.0204535053 -0.0372631021 0.027631459 -0.0204535053 -0.0372631021 0.027631459 -0.0204535053 0.0204168842 0.0306711038 -0.0204535053 0.0204168842 0.0291695919 -0.0320261245 -0.0372631021 0.027631459 -0.0204535053 0.0204168842 0.0291695919 -0.0320261245 -0.0344431906 0.0262764382 -0.0320261245 -0.0344431906 0.0262764382 -0.0320261245 0.0204168842 0.0291695919 -0.0320261245 0.0204168842 0.0248115497 -0.0424863445 -0.0344431906 0.0262764382 -0.0320261245 0.0204168842 0.0248115497 -0.0424863445 -0.0262398149 0.0223578604 -0.0424863445 -0.0262398149 0.0223578604 -0.0424863445 0.0204168842 0.0248115497 -0.0424863445 0.0204168842 0.0180364404 -0.0507812773 -0.0262398149 0.0223578604 -0.0424863445 0.0204168842 0.0180364404 -0.0507812773 -0.0134769743 0.0162419519 -0.0507812773 -0.0134769743 0.0162419519 -0.0507812773 0.0204168842 0.0180364404 -0.0507812773 0.0204168842 0.00948515311 -0.0561098076 -0.0134769743 0.0162419519 -0.0507812773 0.0204168842 0.00948515311 -0.0561098076 0.002581866 0.00853297558 -0.0561098076 0.002581866 0.00853297558 -0.0561098076 0.0204168842 0.00948515311 -0.0561098076 0.0204168842 0 -0.0579409205 -0.0182195514 0.00340586579 0.0352122582 0.0306344804 0.00340586579 0.00681173158 -0.0341135918 0.00340586579 0.0920224644 -0.0182195514 -0.00340586579 0.0352122582 -0.0341135918 -0.00340586579 0.0920224644 0.0306344804 -0.00340586579 0.00681173158 -0.0182195514 0.00340586579 0.0352122582 -0.0341135918 0.00340586579 0.0920224644 -0.0511658078 0.00340586579 0.00681173158 -0.0182195514 -0.00340586579 0.0352122582 -0.0511658078 -0.00340586579 0.00681173158 -0.0341135918 -0.00340586579 0.0920224644 -0.0182195514 0.00340586579 0.0352122582 -0.0511658078 0.00340586579 0.00681173158 0.0306344804 0.00340586579 0.00681173158 -0.0182195514 -0.00340586579 0.0352122582 0.0306344804 -0.00340586579 0.00681173158 -0.0511658078 -0.00340586579 0.00681173158 0.0306344804 -0.00340586579 0.00681173158 -0.0341135918 0.00340586579 0.0920224644 0.0306344804 0.00340586579 0.00681173158 0.0306344804 -0.00340586579 0.00681173158 -0.0341135918 -0.00340586579 0.0920224644 -0.0341135918 0.00340586579 0.0920224644 -0.0341135918 -0.00340586579 0.0920224644 -0.0511658078 0.00340586579 0.00681173158 -0.0341135918 0.00340586579 0.0920224644 -0.0341135918 -0.00340586579 0.0920224644 -0.0511658078 -0.00340586579 0.00681173158 -0.0511658078 0.00340586579 0.00681173158 -0.0511658078 -0.00340586579 0.00681173158 0.0306344804 0.00340586579 0.00681173158 -0.0511658078 0.00340586579 0.00681173158 -0.0511658078 -0.00340586579 0.00681173158 0.0306344804 -0.00340586579 0.00681173158 0.0306344804 0.00340586579 0.00681173158 -0.134087657 0.00307626587 -0.0204535053 -0.109106724 0.00307626587 -0.0238593722 -0.150000006 0.00307626587 0.0545350514 -0.134087657 -0.00307626587 -0.0204535053 -0.150000006 -0.00307626587 0.0545350514 -0.109106724 -0.00307626587 -0.0238593722 -0.134087657 0.00307626587 -0.0204535053 -0.150000006 0.00307626587 0.0545350514 -0.143188277 0.00307626587 -0.0920224644 -0.134087657 -0.00307626587 -0.0204535053 -0.143188277 -0.00307626587 -0.0920224644 -0.150000006 -0.00307626587 0.0545350514 -0.134087657 0.00307626587 -0.0204535053 -0.143188277 0.00307626587 -0.0920224644 -0.109106724 0.00307626587 -0.0238593722 -0.134087657 -0.00307626587 -0.0204535053 -0.109106724 -0.00307626587 -0.0238593722 -0.143188277 -0.00307626587 -0.0920224644 -0.109106724 -0.00307626587 -0.0238593722 -0.150000006 0.00307626587 0.0545350514 -0.109106724 0.00307626587 -0.0238593722 -0.109106724 -0.00307626587 -0.0238593722 -0.150000006 -0.00307626587 0.0545350514 -0.150000006 0.00307626587 0.0545350514 -0.150000006 -0.00307626587 0.0545350514 -0.143188277 0.00307626587 -0.0920224644 -0.150000006 0.00307626587 0.0545350514 -0.150000006 -0.00307626587 0.0545350514 -0.143188277 -0.00307626587 -0.0920224644 -0.143188277 0.00307626587 -0.0920224644 -0.143188277 -0.00307626587 -0.0920224644 -0.109106724 0.00307626587 -0.0238593722 -0.143188277 0.00307626587 -0.0920224644 -0.143188277 -0.00307626587 -0.0920224644 -0.109106724 -0.00307626587 -0.0238593722 -0.109106724 0.00307626587 -0.0238593722</float_array><technique_common><accessor source="#part4-positions-array" count="828" stride="3"><param name="X" type="float" /><param name="Y" type="float" /><param name="Z" type="float" /></accessor></technique_common></source><source id="part4-normals"><float_array id="part4-normals-array" count="2484">0.0102245842 0.191366849 0.981465326 0.0102245842 0.191366849 0.981465326 0.0102245842 0.191366849 0.981465326 0.0281354954 0.52659365 0.849651412 0.0281354954 0.52659365 0.849651412 0.0281354954 0.52659365 0.849651412 0.0279158183 0.52733836 0.849196656 0.0279158183 0.52733836 0.849196656 0.0279158183 0.52733836 0.849196656 0.0409276004 0.77313491 0.632919697 0.0409276004 0.77313491 0.632919697 0.0409276004 0.77313491 0.632919697 0.0407088858 0.773848232 0.632061469 0.0407088858 0.773848232 0.632061469 0.0407088858 0.773848232 0.632061469 0.0485121336 0.922182666 0.383700018 0.0485121336 0.922182666 0.383700018 0.0485121336 0.922182666 0.383700018 0.048628279 0.921937131 0.384274923 0.048628279 0.921937131 0.384274923 0.048628279 0.921937131 0.384274923 0.0522359867 0.990335186 0.128481989 0.0522359867 0.990335186 0.128481989 0.0522359867 0.990335186 0.128481989 0.0521987856 0.990361597 0.128293389 0.0521987856 0.990361597 0.128293389 0.0521987856 0.990361597 0.128293389 0.0521961975 0.990312494 -0.128672924 0.0521961975 0.990312494 -0.128672924 0.0521961975 0.990312494 -0.128672924 0.0522359131 0.990333791 -0.128492771 0.0522359131 0.990333791 -0.128492771 0.0522359131 0.990333791 -0.128492771 0.0486421685 0.92220046 -0.383640784 0.0486421685 0.92220046 -0.383640784 0.0486421685 0.92220046 -0.383640784 0.0485026553 0.922002489 -0.384133965 0.0485026553 0.922002489 -0.384133965 0.0485026553 0.922002489 -0.384133965 0.0406819247 0.77333572 -0.632690165 0.0406819247 0.77333572 -0.632690165 0.0406819247 0.77333572 -0.632690165 0.0409649359 0.773840189 -0.632054773 0.0409649359 0.773840189 -0.632054773 0.0409649359 0.773840189 -0.632054773 0.0279644875 0.528257736 -0.848623445 0.0279644875 0.528257736 -0.848623445 0.0279644875 0.528257736 -0.848623445 0.0282450334 0.528643802 -0.848373708 0.0282450334 0.528643802 -0.848373708 0.0282450334 0.528643802 -0.848373708 0.0101270245 0.189540888 -0.981820602 0.0101270245 0.189540888 -0.981820602 0.0101270245 0.189540888 -0.981820602 0.0283754872 0.154775409 0.987542103 0.0283754872 0.154775409 0.987542103 0.0283754872 0.154775409 0.987542103 0.0815942968 0.44505987 0.891775803 0.0815942968 0.44505987 0.891775803 0.0815942968 0.44505987 0.891775803 0.0817006782 0.444191236 0.89219905 0.0817006782 0.444191236 0.89219905 0.0817006782 0.444191236 0.89219905 0.127716508 0.694370656 0.708193395 0.127716508 0.694370656 0.708193395 0.127716508 0.694370656 0.708193395 0.12771626 0.694372397 0.708191733 0.12771626 0.694372397 0.708191733 0.12771626 0.694372397 0.708191733 0.161126257 0.876017079 0.454568374 0.161126257 0.876017079 0.454568374 0.161126257 0.876017079 0.454568374 0.161160187 0.875898298 0.454785187 0.161160187 0.875898298 0.454785187 0.161160187 0.875898298 0.454785187 0.178727637 0.971376592 0.156473475 0.178727637 0.971376592 0.156473475 0.178727637 0.971376592 0.156473475 0.178848113 0.971260548 0.157055084 0.178848113 0.971260548 0.157055084 0.178848113 0.971260548 0.157055084 0.178856269 0.971304838 -0.15677164 0.178856269 0.971304838 -0.15677164 0.178856269 0.971304838 -0.15677164 0.178704808 0.971252519 -0.157267722 0.178704808 0.971252519 -0.157267722 0.178704808 0.971252519 -0.157267722 0.1611894 0.876057073 -0.454468901 0.1611894 0.876057073 -0.454468901 0.1611894 0.876057073 -0.454468901 0.161123646 0.876002888 -0.454596646 0.161123646 0.876002888 -0.454596646 0.161123646 0.876002888 -0.454596646 0.127716104 0.694371552 -0.70819259 0.127716104 0.694371552 -0.70819259 0.127716104 0.694371552 -0.70819259 0.127716753 0.694371988 -0.708192046 0.127716753 0.694371988 -0.708192046 0.127716753 0.694371988 -0.708192046 0.0819768581 0.445692774 -0.89142456 0.0819768581 0.445692774 -0.89142456 0.0819768581 0.445692774 -0.89142456 0.0817186504 0.445738163 -0.891425573 0.0817186504 0.445738163 -0.891425573 0.0817186504 0.445738163 -0.891425573 0.0281014229 0.153280513 -0.987783071 0.0281014229 0.153280513 -0.987783071 0.0281014229 0.153280513 -0.987783071 0.0414471592 0.0862818206 0.995408248 0.0414471592 0.0862818206 0.995408248 0.0414471592 0.0862818206 0.995408248 0.126644059 0.263638816 0.956271853 0.126644059 0.263638816 0.956271853 0.126644059 0.263638816 0.956271853 0.126649565 0.264200691 0.95611604 0.126649565 0.264200691 0.95611604 0.126649565 0.264200691 0.95611604 0.223076582 0.465354831 0.856552229 0.223076582 0.465354831 0.856552229 0.223076582 0.465354831 0.856552229 0.223093766 0.466011238 0.856190807 0.223093766 0.466011238 0.856190807 0.223093766 0.466011238 0.856190807 0.330283282 0.689914934 0.644150865 0.330283282 0.689914934 0.644150865 0.330283282 0.689914934 0.644150865 0.330324391 0.689080347 0.645022537 0.330324391 0.689080347 0.645022537 0.330324391 0.689080347 0.645022537 0.41801715 0.872013725 0.254663948 0.41801715 0.872013725 0.254663948 0.41801715 0.872013725 0.254663948 0.417652666 0.872651437 0.253072558 0.417652666 0.872651437 0.253072558 0.417652666 0.872651437 0.253072558 0.417460383 0.872249678 -0.254769166 0.417460383 0.872249678 -0.254769166 0.417460383 0.872249678 -0.254769166 0.418132208 0.872253744 -0.253651064 0.418132208 0.872253744 -0.253651064 0.418132208 0.872253744 -0.253651064 0.330571017 0.689594826 -0.644346008 0.330571017 0.689594826 -0.644346008 0.330571017 0.689594826 -0.644346008 0.330124258 0.689582756 -0.644587927 0.330124258 0.689582756 -0.644587927 0.330124258 0.689582756 -0.644587927 0.222990482 0.465795491 -0.856335101 0.222990482 0.465795491 -0.856335101 0.222990482 0.465795491 -0.856335101 0.223218811 0.46565153 -0.856353907 0.223218811 0.46565153 -0.856353907 0.223218811 0.46565153 -0.856353907 0.127000676 0.264933133 -0.95586676 0.127000676 0.264933133 -0.95586676 0.127000676 0.264933133 -0.95586676 0.127134276 0.264659315 -0.955924852 0.127134276 0.264659315 -0.955924852 0.127134276 0.264659315 -0.955924852 0.0410405335 0.0854353353 -0.995498106 0.0410405335 0.0854353353 -0.995498106 0.0410405335 0.0854353353 -0.995498106 0.0461486203 -0 0.998934585 0.0461486203 -0 0.998934585 0.0461486203 -0 0.998934585 0.145403767 0 0.989372399 0.145403767 0 0.989372399 0.145403767 0 0.989372399 0.145403767 -0 0.989372399 0.145403767 -0 0.989372399 0.145403767 -0 0.989372399 0.277838398 0 0.960627828 0.277838398 0 0.960627828 0.277838398 0 0.960627828 0.277838398 -0 0.960627828 0.277838398 -0 0.960627828 0.277838398 -0 0.960627828 0.493994691 0 0.869464919 0.493994691 0 0.869464919 0.493994691 0 0.869464919 0.493994691 -0 0.869464919 0.493994691 -0 0.869464919 0.493994691 -0 0.869464919 0.877471303 0 0.479629141 0.877471303 0 0.479629141 0.877471303 0 0.479629141 0.877471303 -0 0.479629141 0.877471303 -0 0.479629141 0.877471303 -0 0.479629141 0.87715184 0 -0.480213129 0.87715184 0 -0.480213129 0.87715184 0 -0.480213129 0.87715184 0 -0.480213129 0.87715184 0 -0.480213129 0.87715184 0 -0.480213129 0.494158185 0 -0.869372008 0.494158185 0 -0.869372008 0.494158185 0 -0.869372008 0.494158185 0 -0.869372008 0.494158185 0 -0.869372008 0.494158185 0 -0.869372008 0.27783845 0 -0.960627813 0.27783845 0 -0.960627813 0.27783845 0 -0.960627813 0.27783845 0 -0.960627813 0.27783845 0 -0.960627813 0.27783845 0 -0.960627813 0.14589446 0 -0.98930016 0.14589446 0 -0.98930016 0.14589446 0 -0.98930016 0.14589446 0 -0.98930016 0.14589446 0 -0.98930016 0.14589446 0 -0.98930016 0.0456927039 0 -0.998955543 0.0456927039 0 -0.998955543 0.0456927039 0 -0.998955543 0.0414471592 -0.0862818206 0.995408248 0.0414471592 -0.0862818206 0.995408248 0.0414471592 -0.0862818206 0.995408248 0.126734911 -0.263827944 0.956207654 0.126734911 -0.263827944 0.956207654 0.126734911 -0.263827944 0.956207654 0.126601778 -0.264101003 0.95614991 0.126601778 -0.264101003 0.95614991 0.126601778 -0.264101003 0.95614991 0.223218778 -0.465651461 0.856353954 0.223218778 -0.465651461 0.856353954 0.223218778 -0.465651461 0.856353954 0.222990449 -0.465795422 0.856335148 0.222990449 -0.465795422 0.856335148 0.222990449 -0.465795422 0.856335148 0.330064202 -0.689457306 0.644752856 0.330064202 -0.689457306 0.644752856 0.330064202 -0.689457306 0.644752856 0.330510924 -0.689469468 0.644510963 0.330510924 -0.689469468 0.644510963 0.330510924 -0.689469468 0.644510963 0.418174679 -0.872342342 0.253276087 0.418174679 -0.872342342 0.253276087 0.418174679 -0.872342342 0.253276087 0.417503161 -0.872339058 0.254392765 0.417503161 -0.872339058 0.254392765 0.417503161 -0.872339058 0.254392765 0.417610316 -0.872562951 -0.253447275 0.417610316 -0.872562951 -0.253447275 0.417610316 -0.872562951 -0.253447275 0.417974228 -0.871924187 -0.255040695 0.417974228 -0.871924187 -0.255040695 0.417974228 -0.871924187 -0.255040695 0.330384545 -0.689205833 -0.644857637 0.330384545 -0.689205833 -0.644857637 0.330384545 -0.689205833 -0.644857637 0.330343267 -0.690040233 -0.643985872 0.330343267 -0.690040233 -0.643985872 0.330343267 -0.690040233 -0.643985872 0.2230938 -0.466011307 -0.85619076 0.2230938 -0.466011307 -0.85619076 0.2230938 -0.466011307 -0.85619076 0.223076615 -0.4653549 -0.856552182 0.223076615 -0.4653549 -0.856552182 0.223076615 -0.4653549 -0.856552182 0.127048585 -0.265033076 -0.955832687 0.127048585 -0.265033076 -0.955832687 0.127048585 -0.265033076 -0.955832687 0.127043192 -0.264469703 -0.955989437 0.127043192 -0.264469703 -0.955989437 0.127043192 -0.264469703 -0.955989437 0.0410405335 -0.0854353353 -0.995498106 0.0410405335 -0.0854353353 -0.995498106 0.0410405335 -0.0854353353 -0.995498106 0.0283754872 -0.154775409 0.987542103 0.0283754872 -0.154775409 0.987542103 0.0283754872 -0.154775409 0.987542103 0.0814952838 -0.444519799 0.892054184 0.0814952838 -0.444519799 0.892054184 0.0814952838 -0.444519799 0.892054184 0.0817527862 -0.444474538 0.892053175 0.0817527862 -0.444474538 0.892053175 0.0817527862 -0.444474538 0.892053175 0.12771674 -0.694371917 0.708192117 0.12771674 -0.694371917 0.708192117 0.12771674 -0.694371917 0.708192117 0.127716092 -0.694371482 0.708192661 0.127716092 -0.694371482 0.708192661 0.127716092 -0.694371482 0.708192661 0.161109065 -0.875923613 0.454754543 0.161109065 -0.875923613 0.454754543 0.161109065 -0.875923613 0.454754543 0.161174822 -0.875977837 0.454626776 0.161174822 -0.875977837 0.454626776 0.161174822 -0.875977837 0.454626776 0.178711785 -0.971290439 0.157025412 0.178711785 -0.971290439 0.157025412 0.178711785 -0.971290439 0.157025412 0.178863208 -0.971342522 0.156530055 0.178863208 -0.971342522 0.156530055 0.178863208 -0.971342522 0.156530055 0.178841128 -0.971222615 -0.157297438 0.178841128 -0.971222615 -0.157297438 0.178841128 -0.971222615 -0.157297438 0.178720708 -0.971338934 -0.156714976 0.178720708 -0.971338934 -0.156714976 0.178720708 -0.971338934 -0.156714976 0.161174775 -0.875977581 -0.454627286 0.161174775 -0.875977581 -0.454627286 0.161174775 -0.875977581 -0.454627286 0.161140827 -0.876096298 -0.454410509 0.161140827 -0.876096298 -0.454410509 0.161140827 -0.876096298 -0.454410509 0.127716273 -0.694372468 -0.708191662 0.127716273 -0.694372468 -0.708191662 0.127716273 -0.694372468 -0.708191662 0.127716521 -0.694370727 -0.708193324 0.127716521 -0.694370727 -0.708193324 0.127716521 -0.694370727 -0.708193324 0.0819246808 -0.445409096 -0.891571132 0.0819246808 -0.445409096 -0.891571132 0.0819246808 -0.445409096 -0.891571132 0.0818177946 -0.44627895 -0.891145862 0.0818177946 -0.44627895 -0.891145862 0.0818177946 -0.44627895 -0.891145862 0.0281014229 -0.153280513 -0.987783071 0.0281014229 -0.153280513 -0.987783071 0.0281014229 -0.153280513 -0.987783071 0.0102245842 -0.191366849 0.981465326 0.0102245842 -0.191366849 0.981465326 0.0102245842 -0.191366849 0.981465326 0.0281750796 -0.527334523 0.849190477 0.0281750796 -0.527334523 0.849190477 0.0281750796 -0.527334523 0.849190477 0.0278951879 -0.526948646 0.849439217 0.0278951879 -0.526948646 0.849439217 0.0278951879 -0.526948646 0.849439217 0.0409649326 -0.773840127 0.63205485 0.0409649326 -0.773840127 0.63205485 0.0409649326 -0.773840127 0.63205485 0.0406819214 -0.773335657 0.632690242 0.0406819214 -0.773335657 0.632690242 0.0406819214 -0.773335657 0.632690242 0.0484995211 -0.92194291 0.384277331 0.0484995211 -0.92194291 0.384277331 0.0484995211 -0.92194291 0.384277331 0.0486390333 -0.922141021 0.38378403 0.0486390333 -0.922141021 0.38378403 0.0486390333 -0.922141021 0.38378403 0.0522372745 -0.990359601 0.128293131 0.0522372745 -0.990359601 0.128293131 0.0522372745 -0.990359601 0.128293131 0.0521975617 -0.990338376 0.128473013 0.0521975617 -0.990338376 0.128473013 0.0521975617 -0.990338376 0.128473013 0.0521974252 -0.990335787 -0.12849303 0.0521974252 -0.990335787 -0.12849303 0.0521974252 -0.990335787 -0.12849303 0.0522346213 -0.9903093 -0.128681913 0.0522346213 -0.9903093 -0.128681913 0.0522346213 -0.9903093 -0.128681913 0.0486314215 -0.921996709 -0.384131557 0.0486314215 -0.921996709 -0.384131557 0.0486314215 -0.921996709 -0.384131557 0.0485152592 -0.922242081 -0.383556792 0.0485152592 -0.922242081 -0.383556792 0.0485152592 -0.922242081 -0.383556792 0.0407088891 -0.773848294 -0.632061393 0.0407088891 -0.773848294 -0.632061393 0.0407088891 -0.773848294 -0.632061393 0.0409276037 -0.773134973 -0.63291962 0.0409276037 -0.773134973 -0.63291962 0.0409276037 -0.773134973 -0.63291962 0.0279851294 -0.528647668 -0.848379913 0.0279851294 -0.528647668 -0.848379913 0.0279851294 -0.528647668 -0.848379913 0.028205427 -0.527902514 -0.848836491 0.028205427 -0.527902514 -0.848836491 0.028205427 -0.527902514 -0.848836491 0.0101270245 -0.189540888 -0.981820602 0.0101270245 -0.189540888 -0.981820602 0.0101270245 -0.189540888 -0.981820602 -0.0102167111 -0.191366865 0.981465405 -0.0102167111 -0.191366865 0.981465405 -0.0102167111 -0.191366865 0.981465405 -0.0281177288 -0.526666707 0.849606717 -0.0281177288 -0.526666707 0.849606717 -0.0281177288 -0.526666707 0.849606717 -0.0279195856 -0.527338305 0.849196567 -0.0279195856 -0.527338305 0.849196567 -0.0279195856 -0.527338305 0.849196567 -0.0409305578 -0.773086365 0.6329788 -0.0409305578 -0.773086365 0.6329788 -0.0409305578 -0.773086365 0.6329788 -0.0406969234 -0.773848609 0.632061778 -0.0406969234 -0.773848609 0.632061778 -0.0406969234 -0.773848609 0.632061778 -0.0484984919 -0.922194784 0.383672617 -0.0484984919 -0.922194784 0.383672617 -0.0484984919 -0.922194784 0.383672617 -0.0486201829 -0.921937495 0.384275075 -0.0486201829 -0.921937495 0.384275075 -0.0486201829 -0.921937495 0.384275075 -0.0522273074 -0.990335908 0.128479951 -0.0522273074 -0.990335908 0.128479951 -0.0522273074 -0.990335908 0.128479951 -0.0521905249 -0.990362025 0.128293445 -0.0521905249 -0.990362025 0.128293445 -0.0521905249 -0.990362025 0.128293445 -0.0521879509 -0.99031318 -0.128670985 -0.0521879509 -0.99031318 -0.128670985 -0.0521879509 -0.99031318 -0.128670985 -0.0522272195 -0.990334242 -0.12849283 -0.0522272195 -0.990334242 -0.12849283 -0.0522272195 -0.990334242 -0.12849283 -0.048634586 -0.922210608 -0.383617352 -0.048634586 -0.922210608 -0.383617352 -0.048634586 -0.922210608 -0.383617352 -0.0484884126 -0.922003127 -0.384134231 -0.0484884126 -0.922003127 -0.384134231 -0.0484884126 -0.922003127 -0.384134231 -0.0406681336 -0.773301173 -0.632733277 -0.0406681336 -0.773301173 -0.632733277 -0.0406681336 -0.773301173 -0.632733277 -0.0409704593 -0.773840014 -0.63205463 -0.0409704593 -0.773840014 -0.63205463 -0.0409704593 -0.773840014 -0.63205463 -0.0279702723 -0.528295663 -0.848599645 -0.0279702723 -0.528295663 -0.848599645 -0.0279702723 -0.528295663 -0.848599645 -0.0282232995 -0.528644126 -0.848374229 -0.0282232995 -0.528644126 -0.848374229 -0.0282232995 -0.528644126 -0.848374229 -0.0101192265 -0.189540903 -0.98182068 -0.0101192265 -0.189540903 -0.98182068 -0.0101192265 -0.189540903 -0.98182068 -0.0283695858 -0.154743202 0.987547319 -0.0283695858 -0.154743202 0.987547319 -0.0283695858 -0.154743202 0.987547319 -0.0815942975 -0.445059822 0.891775827 -0.0815942975 -0.445059822 0.891775827 -0.0815942975 -0.445059822 0.891775827 -0.0816786809 -0.444370894 0.892111597 -0.0816786809 -0.444370894 0.892111597 -0.0816786809 -0.444370894 0.892111597 -0.127678938 -0.694634181 0.707941695 -0.127678938 -0.694634181 0.707941695 -0.127678938 -0.694634181 0.707941695 -0.127743535 -0.694180953 0.708374472 -0.127743535 -0.694180953 0.708374472 -0.127743535 -0.694180953 0.708374472 -0.161194899 -0.87596158 0.45465098 -0.161194899 -0.87596158 0.45465098 -0.161194899 -0.87596158 0.45465098 -0.161211471 -0.875903576 0.454756844 -0.161211471 -0.875903576 0.454756844 -0.161211471 -0.875903576 0.454756844 -0.17877306 -0.971320223 0.156771223 -0.17877306 -0.971320223 0.156771223 -0.17877306 -0.971320223 0.156771223 -0.178831073 -0.971264291 0.157051342 -0.178831073 -0.971264291 0.157051342 -0.178831073 -0.971264291 0.157051342 -0.178831383 -0.971265979 -0.157040549 -0.178831383 -0.971265979 -0.157040549 -0.178831383 -0.971265979 -0.157040549 -0.178758435 -0.971240763 -0.157279378 -0.178758435 -0.971240763 -0.157279378 -0.178758435 -0.971240763 -0.157279378 -0.161233205 -0.876021661 -0.45452162 -0.161233205 -0.876021661 -0.45452162 -0.161233205 -0.876021661 -0.45452162 -0.161201087 -0.875995208 -0.454583991 -0.161201087 -0.875995208 -0.454583991 -0.161201087 -0.875995208 -0.454583991 -0.127787437 -0.694419526 -0.70813268 -0.127787437 -0.694419526 -0.70813268 -0.127787437 -0.694419526 -0.70813268 -0.127618625 -0.694306053 -0.708274376 -0.127618625 -0.694306053 -0.708274376 -0.127618625 -0.694306053 -0.708274376 -0.0819439438 -0.44581405 -0.89136694 -0.0819439438 -0.44581405 -0.89136694 -0.0819439438 -0.44581405 -0.89136694 -0.0817391202 -0.445849764 -0.891367884 -0.0817391202 -0.445849764 -0.891367884 -0.0817391202 -0.445849764 -0.891367884 -0.0280955757 -0.153248601 -0.987788188 -0.0280955757 -0.153248601 -0.987788188 -0.0280955757 -0.153248601 -0.987788188 -0.0414344656 -0.0862553959 0.995411067 -0.0414344656 -0.0862553959 0.995411067 -0.0414344656 -0.0862553959 0.995411067 -0.126644059 -0.263638816 0.956271853 -0.126644059 -0.263638816 0.956271853 -0.126644059 -0.263638816 0.956271853 -0.126649565 -0.264200611 0.956116063 -0.126649565 -0.264200611 0.956116063 -0.126649565 -0.264200611 0.956116063 -0.223170748 -0.46555113 0.856421019 -0.223170748 -0.46555113 0.856421019 -0.223170748 -0.46555113 0.856421019 -0.223187908 -0.466207787 0.85605926 -0.223187908 -0.466207787 0.85605926 -0.223187908 -0.466207787 0.85605926 -0.330283259 -0.689914737 0.644151089 -0.330283259 -0.689914737 0.644151089 -0.330283259 -0.689914737 0.644151089 -0.330324361 -0.689080284 0.645022619 -0.330324361 -0.689080284 0.645022619 -0.330324361 -0.689080284 0.645022619 -0.417946779 -0.871866927 0.25528132 -0.417946779 -0.871866927 0.25528132 -0.417946779 -0.871866927 0.25528132 -0.417582856 -0.872505576 0.253689926 -0.417582856 -0.872505576 0.253689926 -0.417582856 -0.872505576 0.253689926 -0.41739006 -0.872102743 -0.255386656 -0.41739006 -0.872102743 -0.255386656 -0.41739006 -0.872102743 -0.255386656 -0.418061967 -0.872107217 -0.254269924 -0.418061967 -0.872107217 -0.254269924 -0.418061967 -0.872107217 -0.254269924 -0.330570957 -0.689594701 -0.644346173 -0.330570957 -0.689594701 -0.644346173 -0.330570957 -0.689594701 -0.644346173 -0.33012427 -0.689582633 -0.644588053 -0.33012427 -0.689582633 -0.644588053 -0.33012427 -0.689582633 -0.644588053 -0.223084546 -0.465991877 -0.856203747 -0.223084546 -0.465991877 -0.856203747 -0.223084546 -0.465991877 -0.856203747 -0.223313084 -0.465848053 -0.856222435 -0.223313084 -0.465848053 -0.856222435 -0.223313084 -0.465848053 -0.856222435 -0.127000682 -0.264933068 -0.955866778 -0.127000682 -0.264933068 -0.955866778 -0.127000682 -0.264933068 -0.955866778 -0.127134263 -0.264659288 -0.955924861 -0.127134263 -0.264659288 -0.955924861 -0.127134263 -0.264659288 -0.955924861 -0.0410279621 -0.0854091652 -0.995500869 -0.0410279621 -0.0854091652 -0.995500869 -0.0410279621 -0.0854091652 -0.995500869 -0.0461328284 0 0.998935314 -0.0461328284 0 0.998935314 -0.0461328284 0 0.998935314 -0.145403767 0 0.989372399 -0.145403767 0 0.989372399 -0.145403767 0 0.989372399 -0.145403767 0 0.989372399 -0.145403767 0 0.989372399 -0.145403767 0 0.989372399 -0.278002223 0 0.960580431 -0.278002223 0 0.960580431 -0.278002223 0 0.960580431 -0.278002223 0 0.960580431 -0.278002223 0 0.960580431 -0.278002223 0 0.960580431 -0.49399451 0 0.869465022 -0.49399451 0 0.869465022 -0.49399451 0 0.869465022 -0.49399451 0 0.869465022 -0.49399451 0 0.869465022 -0.49399451 0 0.869465022 -0.876887659 0 0.480695365 -0.876887659 0 0.480695365 -0.876887659 0 0.480695365 -0.876887659 0 0.480695365 -0.876887659 0 0.480695365 -0.876887659 0 0.480695365 -0.876566989 0 -0.481279871 -0.876566989 0 -0.481279871 -0.876566989 0 -0.481279871 -0.876566989 -0 -0.481279871 -0.876566989 -0 -0.481279871 -0.876566989 -0 -0.481279871 -0.494158003 0 -0.869372111 -0.494158003 0 -0.869372111 -0.494158003 0 -0.869372111 -0.494158003 -0 -0.869372111 -0.494158003 -0 -0.869372111 -0.494158003 -0 -0.869372111 -0.278002275 0 -0.960580416 -0.278002275 0 -0.960580416 -0.278002275 0 -0.960580416 -0.278002275 -0 -0.960580416 -0.278002275 -0 -0.960580416 -0.278002275 -0 -0.960580416 -0.14589446 0 -0.98930016 -0.14589446 0 -0.98930016 -0.14589446 0 -0.98930016 -0.14589446 -0 -0.98930016 -0.14589446 -0 -0.98930016 -0.14589446 -0 -0.98930016 -0.0456770674 0 -0.998956258 -0.0456770674 0 -0.998956258 -0.0456770674 0 -0.998956258 -0.0414344656 0.0862553959 0.995411067 -0.0414344656 0.0862553959 0.995411067 -0.0414344656 0.0862553959 0.995411067 -0.126734898 0.263827917 0.956207664 -0.126734898 0.263827917 0.956207664 -0.126734898 0.263827917 0.956207664 -0.126601784 0.264100937 0.956149927 -0.126601784 0.264100937 0.956149927 -0.126601784 0.264100937 0.956149927 -0.223313051 0.465847984 0.856222481 -0.223313051 0.465847984 0.856222481 -0.223313051 0.465847984 0.856222481 -0.223084513 0.465991808 0.856203793 -0.223084513 0.465991808 0.856203793 -0.223084513 0.465991808 0.856203793 -0.330064214 0.689457183 0.644752982 -0.330064214 0.689457183 0.644752982 -0.330064214 0.689457183 0.644752982 -0.330510864 0.689469343 0.644511128 -0.330510864 0.689469343 0.644511128 -0.330510864 0.689469343 0.644511128 -0.418104638 0.872196232 0.253894158 -0.418104638 0.872196232 0.253894158 -0.418104638 0.872196232 0.253894158 -0.417433038 0.872192542 0.255009469 -0.417433038 0.872192542 0.255009469 -0.417433038 0.872192542 0.255009469 -0.417540307 0.872416672 -0.254065431 -0.417540307 0.872416672 -0.254065431 -0.417540307 0.872416672 -0.254065431 -0.417903656 0.87177697 -0.255658853 -0.417903656 0.87177697 -0.255658853 -0.417903656 0.87177697 -0.255658853 -0.330384515 0.68920577 -0.644857719 -0.330384515 0.68920577 -0.644857719 -0.330384515 0.68920577 -0.644857719 -0.330343243 0.690040036 -0.643986095 -0.330343243 0.690040036 -0.643986095 -0.330343243 0.690040036 -0.643986095 -0.223187941 0.466207856 -0.856059214 -0.223187941 0.466207856 -0.856059214 -0.223187941 0.466207856 -0.856059214 -0.223170781 0.465551199 -0.856420973 -0.223170781 0.465551199 -0.856420973 -0.223170781 0.465551199 -0.856420973 -0.127048584 0.265032996 -0.955832709 -0.127048584 0.265032996 -0.955832709 -0.127048584 0.265032996 -0.955832709 -0.127043192 0.264469703 -0.955989437 -0.127043192 0.264469703 -0.955989437 -0.127043192 0.264469703 -0.955989437 -0.0410279621 0.0854091652 -0.995500869 -0.0410279621 0.0854091652 -0.995500869 -0.0410279621 0.0854091652 -0.995500869 -0.0283695858 0.154743202 0.987547319 -0.0283695858 0.154743202 0.987547319 -0.0283695858 0.154743202 0.987547319 -0.0815157264 0.444631253 0.891996769 -0.0815157264 0.444631253 0.891996769 -0.0815157264 0.444631253 0.891996769 -0.0817199907 0.444595639 0.89199583 -0.0817199907 0.444595639 0.89199583 -0.0817199907 0.444595639 0.89199583 -0.127618612 0.694305983 0.708274447 -0.127618612 0.694305983 0.708274447 -0.127618612 0.694305983 0.708274447 -0.127787424 0.694419455 0.708132752 -0.127787424 0.694419455 0.708132752 -0.127787424 0.694419455 0.708132752 -0.1611865 0.875915938 0.454741885 -0.1611865 0.875915938 0.454741885 -0.1611865 0.875915938 0.454741885 -0.161218619 0.87594241 0.454679504 -0.161218619 0.87594241 0.454679504 -0.161218619 0.87594241 0.454679504 -0.178765415 0.971278689 0.157037051 -0.178765415 0.971278689 0.157037051 -0.178765415 0.971278689 0.157037051 -0.178838345 0.971303791 0.156798571 -0.178838345 0.971303791 0.156798571 -0.178838345 0.971303791 0.156798571 -0.178824089 0.971226359 -0.15729369 -0.178824089 0.971226359 -0.15729369 -0.178824089 0.971226359 -0.15729369 -0.178766103 0.971282424 -0.157013161 -0.178766103 0.971282424 -0.157013161 -0.178766103 0.971282424 -0.157013161 -0.161226062 0.87598285 -0.454598948 -0.161226062 0.87598285 -0.454598948 -0.161226062 0.87598285 -0.454598948 -0.161209481 0.876040823 -0.454493102 -0.161209481 0.876040823 -0.454493102 -0.161209481 0.876040823 -0.454493102 -0.127743548 0.694181024 -0.708374401 -0.127743548 0.694181024 -0.708374401 -0.127743548 0.694181024 -0.708374401 -0.12767895 0.694634252 -0.707941623 -0.12767895 0.694634252 -0.707941623 -0.12767895 0.694634252 -0.707941623 -0.0819025791 0.445589007 -0.891483261 -0.0819025791 0.445589007 -0.891483261 -0.0819025791 0.445589007 -0.891483261 -0.0818177954 0.446278901 -0.891145886 -0.0818177954 0.446278901 -0.891145886 -0.0818177954 0.446278901 -0.891145886 -0.0280955757 0.153248601 -0.987788188 -0.0280955757 0.153248601 -0.987788188 -0.0280955757 0.153248601 -0.987788188 -0.0102167111 0.191366865 0.981465405 -0.0102167111 0.191366865 0.981465405 -0.0102167111 0.191366865 0.981465405 -0.0281533995 0.527334845 0.849190996 -0.0281533995 0.527334845 0.849190996 -0.0281533995 0.527334845 0.849190996 -0.0279009623 0.526986552 0.849415511 -0.0279009623 0.526986552 0.849415511 -0.0279009623 0.526986552 0.849415511 -0.040970456 0.773839951 0.632054706 -0.040970456 0.773839951 0.632054706 -0.040970456 0.773839951 0.632054706 -0.0406681303 0.77330111 0.632733353 -0.0406681303 0.77330111 0.632733353 -0.0406681303 0.77330111 0.632733353 -0.0484852793 0.921943548 0.384277597 -0.0484852793 0.921943548 0.384277597 -0.0484852793 0.921943548 0.384277597 -0.0486314517 0.922151175 0.383760592 -0.0486314517 0.922151175 0.383760592 -0.0486314517 0.922151175 0.383760592 -0.0522285807 0.990360052 0.128293189 -0.0522285807 0.990360052 0.128293189 -0.0522285807 0.990360052 0.128293189 -0.0521893148 0.990339062 0.128471077 -0.0521893148 0.990339062 0.128471077 -0.0521893148 0.990339062 0.128471077 -0.0521891647 0.990336215 -0.128493086 -0.0521891647 0.990336215 -0.128493086 -0.0521891647 0.990336215 -0.128493086 -0.0522259423 0.990310023 -0.128679873 -0.0522259423 0.990310023 -0.128679873 -0.0522259423 0.990310023 -0.128679873 -0.0486233249 0.921997073 -0.384131708 -0.0486233249 0.921997073 -0.384131708 -0.0486233249 0.921997073 -0.384131708 -0.0485016162 0.922254192 -0.383529398 -0.0485016162 0.922254192 -0.383529398 -0.0485016162 0.922254192 -0.383529398 -0.0406969267 0.773848671 -0.632061701 -0.0406969267 0.773848671 -0.632061701 -0.0406969267 0.773848671 -0.632061701 -0.0409305611 0.773086428 -0.632978723 -0.0409305611 0.773086428 -0.632978723 -0.0409305611 0.773086428 -0.632978723 -0.027988906 0.528647612 -0.848379823 -0.027988906 0.528647612 -0.848379823 -0.027988906 0.528647612 -0.848379823 -0.0281876089 0.527975615 -0.848791617 -0.0281876089 0.527975615 -0.848791617 -0.0281876089 0.527975615 -0.848791617 -0.0101192265 0.189540903 -0.98182068 -0.0101192265 0.189540903 -0.98182068 -0.0101192265 0.189540903 -0.98182068 0 -1 0 0 -1 0 0 -1 0 -0 1 -0 -0 1 -0 -0 1 -0 -0 -1 0 -0 -1 0 -0 -1 0 0 1 -0 0 1 -0 0 1 -0 0 -1 -0 0 -1 -0 0 -1 -0 0 1 0 0 1 0 0 1 0 -0.79621659 0 -0.605011688 -0.79621659 0 -0.605011688 -0.79621659 0 -0.605011688 -0.79621659 0 -0.605011688 -0.79621659 0 -0.605011688 -0.79621659 0 -0.605011688 0.980558386 0 -0.196227551 0.980558386 0 -0.196227551 0.980558386 0 -0.196227551 0.980558386 0 -0.196227551 0.980558386 0 -0.196227551 0.980558386 0 -0.196227551 0 -0 1 0 -0 1 0 -0 1 0 0 1 0 0 1 0 0 1 0 -1 0 0 -1 0 0 -1 0 -0 1 -0 -0 1 -0 -0 1 -0 -0 -1 -0 -0 -1 -0 -0 -1 -0 0 1 0 0 1 0 0 1 0 0 -1 -0 0 -1 -0 0 -1 -0 0 1 0 0 1 0 0 1 0 -0.886622673 0 -0.462493497 -0.886622673 0 -0.462493497 -0.886622673 0 -0.462493497 -0.886622673 0 -0.462493497 -0.886622673 0 -0.462493497 -0.886622673 0 -0.462493497 0.998921635 0 0.0464280783 0.998921635 0 0.0464280783 0.998921635 0 0.0464280783 0.998921635 -0 0.0464280783 0.998921635 -0 0.0464280783 0.998921635 -0 0.0464280783 -0.894427156 0 0.447213666 -0.894427156 0 0.447213666 -0.894427156 0 0.447213666 -0.894427156 0 0.447213666 -0.894427156 0 0.447213666 -0.894427156 0 0.447213666</float_array><technique_common><accessor source="#part4-normals-array" count="828" stride="3"><param name="X" type="float" /><param name="Y" type="float" /><param name="Z" type="float" /></accessor></technique_common></source><vertices id="part4-vertices"><input semantic="POSITION" source="#part4-positions" /></vertices><triangles count="276" material="material"><input semantic="VERTEX" source="#part4-vertices" offset="0" /><input semantic="NORMAL" source="#part4-normals" offset="0" /><p>0 1 2 3 4 5 6 7 8 9 10 11 12 13 14 15 16 17 18 19 20 21 22 23 24 25 26 27 28 29 30 31 32 33 34 35 36 37 38 39 40 41 42 43 44 45 46 47 48 49 50 51 52 53 54 55 56 57 58 59 60 61 62 63 64 65 66 67 68 69 70 71 72 73 74 75 76 77 78 79 80 81 82 83 84 85 86 87 88 89 90 91 92 93 94 95 96 97 98 99 100 101 102 103 104 105 106 107 108 109 110 111 112 113 114 115 116 117 118 119 120 121 122 123 124 125 126 127 128 129 130 131 132 133 134 135 136 137 138 139 140 141 142 143 144 145 146 147 148 149 150 151 152 153 154 155 156 157 158 159 160 161 162 163 164 165 166 167 168 169 170 171 172 173 174 175 176 177 178 179 180 181 182 183 184 185 186 187 188 189 190 191 192 193 194 195 196 197 198 199 200 201 202 203 204 205 206 207 208 209 210 211 212 213 214 215 216 217 218 219 220 221 222 223 224 225 226 227 228 229 230 231 232 233 234 235 236 237 238 239 240 241 242 243 244 245 246 247 248 249 250 251 252 253 254 255 256 257 258 259 260 261 262 263 264 265 266 267 268 269 270 271 272 273 274 275 276 277 278 279 280 281 282 283 284 285 286 287 288 289 290 291 292 293 294 295 296 297 298 299 300 301 302 303 304 305 306 307 308 309 310 311 312 313 314 315 316 317 318 319 320 321 322 323 324 325 326 327 328 329 330 331 332 333 334 335 336 337 338 339 340 341 342 343 344 345 346 347 348 349 350 351 352 353 354 355 356 357 358 359 360 361 362 363 364 365 366 367 368 369 370 371 372 373 374 375 376 377 378 379 380 381 382 383 384 385 386 387 388 389 390 391 392 393 394 395 396 397 398 399 400 401 402 403 404 405 406 407 408 409 410 411 412 413 414 415 416 417 418 419 420 421 422 423 424 425 426 427 428 429 430 431 432 433 434 435 436 437 438 439 440 441 442 443 444 445 446 447 448 449 450 451 452 453 454 455 456 457 458 459 460 461 462 463 464 465 466 467 468 469 470 471 472 473 474 475 476 477 478 479 480 481 482 483 484 485 486 487 488 489 490 491 492 493 494 495 496 497 498 499 500 501 502 503 504 505 506 507 508 509 510 511 512 513 514 515 516 517 518 519 520 521 522 523 524 525 526 527 528 529 530 531 532 533 534 535 536 537 538 539 540 541 542 543 544 545 546 547 548 549 550 551 552 553 554 555 556 557 558 559 560 561 562 563 564 565 566 567 568 569 570 571 572 573 574 575 576 577 578 579 580 581 582 583 584 585 586 587 588 589 590 591 592 593 594 595 596 597 598 599 600 601 602 603 604 605 606 607 608 609 610 611 612 613 614 615 616 617 618 619 620 621 622 623 624 625 626 627 628 629 630 631 632 633 634 635 636 637 638 639 640 641 642 643 644 645 646 647 648 649 650 651 652 653 654 655 656 657 658 659 660 661 662 663 664 665 666 667 668 669 670 671 672 673 674 675 676 677 678 679 680 681 682 683 684 685 686 687 688 689 690 691 692 693 694 695 696 697 698 699 700 701 702 703 704 705 706 707 708 709 710 711 712 713 714 715 716 717 718 719 720 721 722 723 724 725 726 727 728 729 730 731 732 733 734 735 736 737 738 739 740 741 742 743 744 745 746 747 748 749 750 751 752 753 754 755 756 757 758 759 760 761 762 763 764 765 766 767 768 769 770 771 772 773 774 775 776 777 778 779 780 781 782 783 784 785 786 787 788 789 790 791 792 793 794 795 796 797 798 799 800 801 802 803 804 805 806 807 808 809 810 811 812 813 814 815 816 817 818 819 820 821 822 823 824 825 826 827</p></triangles></mesh></geometry></library_geometries><library_visual_scenes><visual_scene id="scene"><node id="part0-node"><instance_geometry url="#part0"><bind_material><technique_common><instance_material symbol="material" target="#part0-material" /></technique_common></bind_material></instance_geometry></node><node id="part1-node"><instance_geometry url="#part1"><bind_material><technique_common><instance_material symbol="material" target="#part1-material" /></technique_common></bind_material></instance_geometry></node><node id="part2-node"><instance_geometry url="#part2"><bind_material><technique_common><instance_material symbol="material" target="#part2-material" /></technique_common></bind_material></instance_geometry></node><node id="part3-node"><instance_geometry url="#part3"><bind_material><technique_common><instance_material symbol="material" target="#part3-material" /></technique_common></bind_material></instance_geometry></node><node id="part4-node"><instance_geometry url="#part4"><bind_material><technique_common><instance_material symbol="material" target="#part4-material" /></technique_common></bind_material></instance_geometry></node></visual_scene></library_visual_scenes><scene><instance_visual_scene url="#scene" /></scene></COLLADA>