{
  "use_coupled_dynamics": false,
  "vehicle": {
    "m_x_du": 37.2028553,
    "m_y_dv": 22.1828075,
    "m_z_dw": 66.1734807,
    "mz_g_x_dq": 3.38909801,
    "mz_g_y_dp": 0.641362046,
    "mz_g_k_dv": 0.641362034,
    "mz_g_m_du": 3.389098,
    "i_x_k_dp": 1.39646394,
    "i_y_m_dq": 0.498032205,
    "i_z_n_dr": 2.53118738,
    "weight": 105.0,
    "buoyancy": 97.8296453,
    "x_g_weight_minus_x_b_buoyancy": 0.827479545,
    "y_g_weight_minus_y_b_buoyancy": 0.136822559,
    "z_g_weight_minus_z_b_buoyancy": 4.25841171,
    "x_u": -73.6416666,
    "y_v": -33.6082112,
    "z_w": -89.4055107,
    "k_p": -2.98736214,
    "m_q": -1.57921531,
    "n_r": -3.39766499,
    "x_uu": -0.000147912104,
    "y_vv": -0.00051637303,
    "z_ww": -98.5522538,
    "k_pp": -0.0305907788,
    "m_qq": -0.127877517,
    "n_rr": -1.63514832,
    "current_velocity": [
      0.0,
      0.0,
      0.0,
      0.0,
      0.0,
      0.0
    ],
    "thrust_configuration_matrix": [
      [0.707, 0.707, -0.707, -0.707, 0, 0, 0, 0],
      [-0.707, 0.707, -0.707, 0.707, 0, 0, 0, 0],
      [0, 0, 0, 0, -1, 1, 1, -1],
      [0.06, -0.06, 0.06, -0.06, -0.218, -0.218, 0.218, 0.218],
      [0.06, 0.06, -0.06, -0.06, 0.12, -0.12, 0.12, -0.12],
      [-0.1888, 0.1888, 0.1888, -0.1888, 0, 0, 0, 0]
    ]
  },
  "manipulator": {
    "link_masses": [
      0.194,
      0.429,
      0.114999999,
      0.332999998
    ],
    "link_first_moments": [
      -0.0,
      -0.0,
      -0.0,
      -0.0429000003,
      0.0196649101,
      0.0429000003,
      0.00288077923,
      0.00723516749,
      0.00916434754,
      0.00216416476,
      -0.00119076924,
      0.00807346553
    ],
    "link_inertias": [
      0.710109586,
      0.710109586,
      1.99576149e-06,
      -0.0,
      -0.0,
      -0.0,
      0.110178508,
      0.183331277,
      0.104292121,
      -0.0332240937,
      -0.0830350362,
      -0.0383631263,
      0.118956416,
      0.122363853,
      0.00434411664,
      -0.000396112974,
      -0.0213904668,
      -0.00177228242,
      0.0192510932,
      0.025654846,
      0.00717220917,
      0.00148789886,
      0.000453687373,
      -0.00109861913
    ],
    "viscous_friction": [
      2.39569756,
      2.23596482,
      0.819671021,
      0.357249665
    ],
    "coulomb_friction": [
      0.0,
      0.0,
      0.0,
      0.0
    ],
    "static_friction": [
      -0.0,
      -0.0,
      -0.0,
      -0.0
    ],
    "stribeck_velocity": [
      0.0,
      0.0,
      0.0,
      0.0
    ],
    "gravity_vector": [
      0.0,
      0.0,
      9.81
    ],
    "payload_com": [
      0.0,
      0.0,
      0.0
    ],
    "payload_mass": 0.76,
    "payload_inertia": [
      0.0,
      0.0,
      0.0
    ],
    "base_pose": [
      0.19,
      0.0,
      -0.12,
      3.14159,
      0.0,
      0.0
    ],
    "world_pose": [
      0.0,
      0.0,
      0.0,
      0.0,
      0.0,
      0.0
    ],
    "tip_offset_pose": [
      0.0,
      0.0,
      0.04,
      0.0,
      0.0,
      0.0
    ],
    "joint_lock_on_deadband": 0.05,
    "joint_lock_off_deadband": 0.1,
    "baumgarte_alpha": 200.0,
    "endeffector_mass": 300.0,
    "endeffector_damping": 400.0,
    "endeffector_stiffness": 0.0
  }
}
